type,ops_count,total_latency,avg_latency_per_op,total_gas,avg_gas_per_op
DAS,20,267.3432562351227,13.367162811756135,1296172,64808.6
2PC,20,725.2115359306335,36.26057679653168,4215400,210770.0
Single,20,229.64765191078186,11.482382595539093,1201160,60058.0
