type,ops_count,total_latency,avg_latency_per_op,total_gas,avg_gas_per_op
DAS,20,274.51568818092346,13.725784409046174,1296172,64808.6
2PC,20,724.956442117691,36.24782210588455,4215256,210762.8
Single,20,237.9812159538269,11.899060797691345,1201160,60058.0
