type,ops_count,total_latency,avg_latency_per_op,total_gas,avg_gas_per_op
DAS,5,87.2568850517273,17.45137701034546,395302,79060.4
2PC,5,183.74205565452576,36.748411130905154,1053850,210770.0
Single,5,49.17494082450867,9.834988164901734,300290,60058.0
