timestamp,journey_id,worker_id,tx_type,latency_s,gas_used,block_number,status
1771540387.9896257,0_0,0,das_work,1.979562759399414,48258,8,1
1771540388.0351288,1_0,1,das_work,8.735606908798218,48258,8,1
1771540400.028043,0_0,0,das_work,7.399158716201782,48258,9,1
1771540400.0674827,1_0,1,das_work,3.413113594055176,48258,9,1
1771540411.9986951,1_0,1,das_work,6.18094539642334,48258,10,1
1771540412.055934,0_0,0,das_work,6.976531267166138,48258,10,1
1771540424.010755,0_0,0,das_work,4.755068302154541,48258,11,1
1771540424.0255938,1_0,1,das_work,6.061235189437866,48258,11,1
1771540436.0210347,0_0,0,das_work,5.768706798553467,48258,12,1
1771540436.0736463,1_0,1,das_work,2.7986433506011963,48258,12,1
1771540448.016116,0_0,0,das_work,0.246096134185791,48258,13,1
1771540448.0694635,1_0,1,das_work,2.2775018215179443,48258,13,1
1771540460.0510423,0_0,0,das_work,5.770889043807983,48258,14,1
1771540460.0521755,1_0,1,das_work,6.081858396530151,48258,14,1
1771540472.03343,0_0,0,das_work,5.3608012199401855,48258,15,1
1771540472.0412495,1_0,1,das_work,5.4830381870269775,48258,15,1
1771540484.0392694,1_0,1,das_work,2.8440186977386475,48258,16,1
1771540484.04585,0_0,0,das_work,9.152403354644775,48258,16,1
1771540496.0480225,0_0,0,das_work,1.9838781356811523,48258,17,1
1771540496.0504222,1_0,1,das_work,3.504930019378662,48258,17,1
1771540508.0506644,0_0,0,das_work,7.3832926750183105,48258,18,1
1771540508.076687,1_0,1,das_work,1.8772633075714111,48258,18,1
1771540520.0338104,1_0,1,das_work,3.5115623474121094,48258,19,1
1771540520.0402646,0_0,0,das_work,1.67392897605896,48258,19,1
1771540532.0511632,0_0,0,das_work,9.336299657821655,48258,20,1
1771540532.0566957,1_0,1,das_work,5.066916942596436,48258,20,1
1771540544.0474796,1_0,1,das_work,7.317233085632324,48258,21,1
1771540544.048038,0_0,0,das_work,9.056386947631836,48258,21,1
1771540556.0315878,0_0,0,das_work,7.721734285354614,48258,22,1
1771540556.040847,1_0,1,das_work,2.5422980785369877,48258,22,1
1771540568.02848,1_1,1,das_work,3.861612558364868,48258,23,1
1771540568.0464666,0_1,0,das_work,2.40331506729126,48258,23,1
1771540580.0423985,0_1,0,das_work,8.23479700088501,48258,24,1
1771540580.0429444,1_1,1,das_work,6.288625955581665,48258,24,1
1771540592.0308416,1_1,1,das_work,9.564657926559448,48258,25,1
1771540592.0465288,0_1,0,das_work,4.53313422203064,48258,25,1
1771540604.0579586,0_1,0,das_work,8.82289171218872,48258,26,1
1771540604.0595553,1_1,1,das_work,7.995774269104004,48258,26,1
1771540616.0336702,0_1,0,das_work,2.011641263961792,48258,27,1
1771540616.0445185,1_1,1,das_work,4.69078803062439,48258,27,1
1771540628.0356543,1_1,1,das_work,6.648760318756104,48258,28,1
1771540628.0362544,0_1,0,das_work,5.212929964065552,48258,28,1
1771540640.0242696,0_1,0,das_work,7.550563097000122,48258,29,1
1771540640.0390964,1_1,1,das_work,2.425819635391236,48258,29,1
1771540652.023055,1_1,1,das_work,5.858407258987427,48258,30,1
1771540652.048247,0_1,0,das_work,8.404145956039429,48258,30,1
1771540664.0217214,0_1,0,das_work,6.320119619369507,48258,31,1
1771540664.041563,1_1,1,das_work,5.709666013717651,48258,31,1
1771540676.0338566,1_1,1,das_work,8.185076236724854,48258,32,1
1771540676.0354643,0_1,0,das_work,8.89693307876587,48258,32,1
1771540688.0196729,0_1,0,das_work,0.6546134948730469,48258,33,1
1771540688.0374722,1_1,1,das_work,6.480507135391235,48258,33,1
1771540700.0446367,0_1,0,das_work,5.588988304138184,48258,34,1
1771540700.0596566,1_1,1,das_work,6.673507928848267,48258,34,1
1771540712.019531,1_1,1,das_work,5.088821887969971,48258,35,1
1771540712.034147,0_1,0,das_work,2.7337565422058105,48258,35,1
1771540724.0287206,0_1,0,das_work,3.4403741359710693,48258,36,1
1771540724.03257,1_1,1,das_work,7.230794191360474,48258,36,1
1771540736.0216455,0_1,0,das_work,3.925842523574829,48258,37,1
1771540736.0256107,1_1,1,das_work,4.159734487533569,48258,37,1
1771540748.0147984,0_2,0,das_work,6.673727989196777,48258,38,1
1771540748.037879,1_2,1,das_work,8.303061246871948,48258,38,1
1771540760.026985,0_2,0,das_work,7.964973449707031,48258,39,1
1771540760.0295324,1_2,1,das_work,7.739051103591919,48258,39,1
1771540772.0174477,0_2,0,das_work,1.199191331863403,48258,40,1
1771540772.0327857,1_2,1,das_work,5.9757773876190186,48258,40,1
1771540784.0332572,1_2,1,das_work,4.540747880935669,48258,41,1
1771540784.0482814,0_2,0,das_work,3.923647403717041,48258,41,1
1771540796.013224,1_2,1,das_work,3.2682011127471924,48258,42,1
1771540796.0147116,0_2,0,das_work,8.686939477920532,48258,42,1
1771540808.015613,0_2,0,das_work,9.507702350616457,48258,43,1
1771540808.0200424,1_2,1,das_work,8.76160454750061,48258,43,1
1771540820.0203846,1_2,1,das_work,7.303953170776367,48258,44,1
1771540820.0209827,0_2,0,das_work,7.51944899559021,48258,44,1
1771540832.0182023,0_2,0,das_work,4.0577497482299805,48258,45,1
1771540832.0474198,1_2,1,das_work,6.682633876800537,48258,45,1
1771540844.0158038,1_2,1,das_work,4.248557567596436,48258,46,1
1771540844.0292735,0_2,0,das_work,4.026816129684448,48258,46,1
1771540856.022085,0_2,0,das_work,3.845511913299561,48258,47,1
1771540856.02442,1_2,1,das_work,2.0960140228271484,48258,47,1
1771540868.000734,0_2,0,das_work,1.9116663932800293,48258,48,1
1771540868.0177398,1_2,1,das_work,3.3163673877716064,48258,48,1
1771540880.011934,0_2,0,das_work,8.77462387084961,48258,49,1
1771540880.0197823,1_2,1,das_work,4.584615707397461,48258,49,1
1771540892.0026178,1_2,1,das_work,9.982394933700562,48258,50,1
1771540892.0368354,0_2,0,das_work,5.768289089202881,48258,50,1
1771540904.023056,1_2,1,das_work,4.422883033752441,48258,51,1
1771540904.034602,0_2,0,das_work,7.0804502964019775,48258,51,1
1771540916.0194292,0_2,0,das_work,8.306730031967163,48258,52,1
1771540916.0215,1_2,1,das_work,7.307512998580933,48258,52,1
1771540928.009026,1_3,1,das_work,6.308787107467651,48258,53,1
1771540928.015134,0_3,0,das_work,8.334469318389893,48258,53,1
1771540940.0123944,1_3,1,das_work,4.347016096115112,48258,54,1
1771540940.026626,0_3,0,das_work,0.8577847480773926,48258,54,1
1771540952.0023468,0_3,0,das_work,3.1307005882263184,48258,55,1
1771540952.008057,1_3,1,das_work,9.362658977508543,48258,55,1
1771540964.0045457,1_3,1,das_work,8.780035972595215,48258,56,1
1771540964.0276384,0_3,0,das_work,9.318082809448242,48258,56,1
1771540976.011526,0_3,0,das_work,1.2602684497833252,48258,57,1
1771540976.0312865,1_3,1,das_work,9.002762794494629,48258,57,1
1771540988.0076046,0_3,0,das_work,8.658860683441162,48258,58,1
1771540988.0123734,1_3,1,das_work,5.773903608322144,48258,58,1
1771541000.014965,1_3,1,das_work,3.337176322937012,48258,59,1
1771541000.0160942,0_3,0,das_work,3.0551323890686035,48258,59,1
1771541012.0079,1_3,1,das_work,4.573320865631104,48258,60,1
1771541012.0165927,0_3,0,das_work,5.937340497970581,48258,60,1
1771541023.9962423,0_3,0,das_work,6.804088115692139,48258,61,1
1771541024.012566,1_3,1,das_work,1.2651515007019043,48258,61,1
1771541036.00507,0_3,0,das_work,1.0823044776916504,48258,62,1
1771541036.032666,1_3,1,das_work,2.686077833175659,48258,62,1
1771541047.9914265,0_3,0,das_work,2.2006092071533203,48258,63,1
1771541048.0109775,1_3,1,das_work,1.493363618850708,48258,63,1
1771541059.9944282,0_3,0,das_work,2.905904054641724,48258,64,1
1771541060.0085251,1_3,1,das_work,5.87065052986145,48258,64,1
1771541071.999306,1_3,1,das_work,5.974296808242798,48258,65,1
1771541072.003374,0_3,0,das_work,3.68603515625,48258,65,1
1771541084.0070589,0_3,0,das_work,8.764854431152344,48258,66,1
1771541084.0140076,1_3,1,das_work,6.628537654876709,48258,66,1
1771541095.9957476,0_3,0,das_work,8.872872829437256,48258,67,1
1771541096.002123,1_3,1,das_work,9.020612955093384,48258,67,1
1771541108.008672,0_4,0,das_work,5.256664991378784,48258,68,1
1771541108.019337,1_4,1,das_work,10.033530712127686,48258,68,1
1771541120.0090852,0_4,0,das_work,6.186388731002808,48258,69,1
1771541120.021216,1_4,1,das_work,5.24760627746582,48258,69,1
1771541131.9907262,0_4,0,das_work,7.632676362991333,48258,70,1
1771541132.0192275,1_4,1,das_work,1.8751721382141116,48258,70,1
1771541143.9887755,1_4,1,das_work,1.6869168281555176,48258,71,1
1771541144.0071957,0_4,0,das_work,9.32184386253357,48258,71,1
1771541155.9960458,0_4,0,das_work,1.9107251167297363,48258,72,1
1771541155.999537,1_4,1,das_work,9.173978090286257,48258,72,1
1771541167.9870074,0_4,0,das_work,5.262517690658569,48258,73,1
1771541167.9945908,1_4,1,das_work,3.139555692672729,48258,73,1
1771541179.985854,1_4,1,das_work,1.9217171669006348,48258,74,1
1771541180.0039575,0_4,0,das_work,1.5692508220672607,48258,74,1
1771541191.979123,1_4,1,das_work,9.377777814865112,48258,75,1
1771541191.996621,0_4,0,das_work,8.813169002532959,48258,75,1
1771541203.992977,1_4,1,das_work,4.534477233886719,48258,76,1
1771541204.0037627,0_4,0,das_work,2.281825065612793,48258,76,1
1771541215.9762712,1_4,1,das_work,9.224190950393677,48258,77,1
1771541216.000686,0_4,0,das_work,5.237815380096436,48258,77,1
1771541228.0222375,0_4,0,das_work,6.248121976852417,48258,78,1
1771541228.022925,1_4,1,das_work,6.920929193496704,48258,78,1
1771541240.0027008,0_4,0,das_work,1.0601558685302734,48258,79,1
1771541240.0069995,1_4,1,das_work,9.832233667373655,48258,79,1
1771541252.005714,1_4,1,das_work,5.452287912368774,48258,80,1
1771541252.018443,0_4,0,das_work,3.7182657718658447,48258,80,1
1771541263.9797895,0_4,0,das_work,1.8206911087036133,48258,81,1
1771541263.9831674,1_4,1,das_work,3.401995182037353,48258,81,1
1771541275.9839315,1_4,1,das_work,8.113751411437988,48258,82,1
1771541276.0124075,0_4,0,das_work,3.2000885009765625,48258,82,1
1771540400.02816,20_0,20,das_work,8.620347261428833,48258,9,1
1771540411.9974926,21_0,21,das_work,3.3183083534240723,48258,10,1
1771540412.054886,20_0,20,das_work,4.125114917755127,48258,10,1
1771540424.0605462,21_0,21,das_work,8.402525186538696,48258,11,1
1771540424.0663369,20_0,20,das_work,6.255080461502075,48258,11,1
1771540436.020644,20_0,20,das_work,6.181694984436035,48258,12,1
1771540436.0635357,21_0,21,das_work,0.7498524188995361,48258,12,1
1771540448.016732,20_0,20,das_work,6.882339715957642,48258,13,1
1771540448.0792706,21_0,21,das_work,8.216635465621948,48258,13,1
1771540460.071548,20_0,20,das_work,7.079976558685303,48258,14,1
1771540460.0792513,21_0,21,das_work,1.7748701572418213,48258,14,1
1771540472.040774,21_0,21,das_work,8.845527648925781,48258,15,1
1771540472.0755284,20_0,20,das_work,4.926350116729736,48258,15,1
1771540484.0456555,20_0,20,das_work,4.251136541366577,48258,16,1
1771540484.0540018,21_0,21,das_work,2.6990716457366943,48258,16,1
1771540496.0478196,20_0,20,das_work,6.378096342086792,48258,17,1
1771540496.0566354,21_0,21,das_work,2.6398375034332275,48258,17,1
1771540508.0389671,20_0,20,das_work,5.2880473136901855,48258,18,1
1771540508.0755966,21_0,21,das_work,4.121075868606567,48258,18,1
1771540520.0393584,21_0,21,das_work,7.743099689483643,48258,19,1
1771540520.0652883,20_0,20,das_work,2.381948232650757,48258,19,1
1771540532.0515957,20_0,20,das_work,4.645572662353516,48258,20,1
1771540532.0646486,21_0,21,das_work,2.769483804702759,48258,20,1
1771540544.0512018,21_0,21,das_work,8.809543371200562,48258,21,1
1771540556.0474322,21_0,21,das_work,2.705044984817505,48258,22,1
1771540556.0503166,20_0,20,das_work,12.111504554748535,48258,22,1
1771540568.026585,21_0,21,das_work,3.656797409057617,48258,23,1
1771540568.0481613,20_0,20,das_work,5.056540489196777,48258,23,1
1771540580.0291252,20_0,20,das_work,8.955142974853516,48258,24,1
1771540580.0683613,21_0,21,das_work,4.82579779624939,48258,24,1
1771540592.0370002,20_1,20,das_work,4.549533128738403,48258,25,1
1771540592.062114,21_1,21,das_work,6.869776964187622,48258,25,1
1771540604.0332751,21_1,21,das_work,6.504516124725342,48258,26,1
1771540604.0687847,20_1,20,das_work,3.6103241443634033,48258,26,1
1771540616.0409138,21_1,21,das_work,5.097314596176148,48258,27,1
1771540616.0672345,20_1,20,das_work,9.316619396209717,48258,27,1
1771540628.034939,20_1,20,das_work,4.987272262573242,48258,28,1
1771540628.03869,21_1,21,das_work,5.352503776550293,48258,28,1
1771540640.0331376,21_1,21,das_work,7.32413649559021,48258,29,1
1771540640.0406165,20_1,20,das_work,4.529246330261231,48258,29,1
1771540652.0415688,21_1,21,das_work,7.288068532943726,48258,30,1
1771540652.0572095,20_1,20,das_work,9.01213812828064,48258,30,1
1771540664.0296884,21_1,21,das_work,4.457509994506836,48258,31,1
1771540664.0455582,20_1,20,das_work,7.701745510101318,48258,31,1
1771540676.026512,21_1,21,das_work,3.4698972702026367,48258,32,1
1771540676.0279765,20_1,20,das_work,7.949753761291504,48258,32,1
1771540688.036765,21_1,21,das_work,3.2798166275024414,48258,33,1
1771540688.0376482,20_1,20,das_work,8.709720611572266,48258,33,1
1771540700.0429063,21_1,21,das_work,8.517594575881958,48258,34,1
1771540700.0643332,20_1,20,das_work,5.755290269851685,48258,34,1
1771540712.0372355,21_1,21,das_work,8.965813875198364,48258,35,1
1771540712.041539,20_1,20,das_work,7.299147129058838,48258,35,1
1771540724.0390768,21_1,21,das_work,8.540188312530518,48258,36,1
1771540724.0612257,20_1,20,das_work,7.07993221282959,48258,36,1
1771540736.034755,21_1,21,das_work,1.9280743598937988,48258,37,1
1771540736.0354807,20_1,20,das_work,1.778507947921753,48258,37,1
1771540748.0355425,20_1,20,das_work,2.4909324645996094,48258,38,1
1771540748.0589678,21_1,21,das_work,2.592482566833496,48258,38,1
1771540760.0337777,20_1,20,das_work,2.398514986038208,48258,39,1
1771540760.0344615,21_1,21,das_work,8.25346326828003,48258,39,1
1771540772.0206294,21_2,21,das_work,2.8410837650299072,48258,40,1
1771540772.0344098,20_2,20,das_work,8.831554651260376,48258,40,1
1771540784.017094,21_2,21,das_work,2.199932813644409,48258,41,1
1771540784.0219154,20_2,20,das_work,8.020532369613647,48258,41,1
1771540796.0136876,21_2,21,das_work,7.707125902175903,48258,42,1
1771540796.0509486,20_2,20,das_work,3.0089550018310547,48258,42,1
1771540808.0513225,20_2,20,das_work,3.527038335800171,48258,43,1
1771540808.051883,21_2,21,das_work,3.9438884258270255,48258,43,1
1771540820.0306404,20_2,20,das_work,7.070484638214111,48258,44,1
1771540820.0313933,21_2,21,das_work,8.787475824356079,48258,44,1
1771540832.025113,20_2,20,das_work,7.080805063247681,48258,45,1
1771540832.030172,21_2,21,das_work,7.398720979690552,48258,45,1
1771540844.035565,21_2,21,das_work,4.839913606643677,48258,46,1
1771540844.0363631,20_2,20,das_work,5.230929136276245,48258,46,1
1771540856.0084822,20_2,20,das_work,5.286656141281128,48258,47,1
1771540856.0127218,21_2,21,das_work,6.709912538528442,48258,47,1
1771540868.0004122,20_2,20,das_work,5.249297380447388,48258,48,1
1771540868.006315,21_2,21,das_work,3.234675407409668,48258,48,1
1771540880.0164106,20_2,20,das_work,7.230759620666504,48258,49,1
1771540880.0206227,21_2,21,das_work,0.6798064708709717,48258,49,1
1771540892.0315766,21_2,21,das_work,4.6435089111328125,48258,50,1
1771540892.0344028,20_2,20,das_work,10.246551513671877,48258,50,1
1771540904.0118215,20_2,20,das_work,7.20174241065979,48258,51,1
1771540904.0124652,21_2,21,das_work,3.6426053047180176,48258,51,1
1771540916.0121658,21_2,21,das_work,7.546473741531372,48258,52,1
1771540916.018612,20_2,20,das_work,3.0239298343658447,48258,52,1
1771540928.0104327,21_2,21,das_work,3.5235724449157715,48258,53,1
1771540928.0435295,20_2,20,das_work,5.843202590942383,48258,53,1
1771540940.015556,20_2,20,das_work,9.17512059211731,48258,54,1
1771540940.021228,21_2,21,das_work,6.68488621711731,48258,54,1
1771540952.0270658,21_3,21,das_work,7.69051456451416,48258,55,1
1771540952.0339873,20_3,20,das_work,1.972289085388184,48258,55,1
1771540964.0247042,20_3,20,das_work,4.2779762744903564,48258,56,1
1771540964.0289042,21_3,21,das_work,2.286875009536743,48258,56,1
1771540975.996843,21_3,21,das_work,4.744779586791992,48258,57,1
1771540976.0315654,20_3,20,das_work,3.822669267654419,48258,57,1
1771540988.0161707,20_3,20,das_work,7.840355634689331,48258,58,1
1771540988.0167031,21_3,21,das_work,8.965897560119629,48258,58,1
1771541000.01903,20_3,20,das_work,9.078600645065308,48258,59,1
1771541000.01997,21_3,21,das_work,9.764633417129517,48258,59,1
1771541012.0159156,21_3,21,das_work,7.880566358566284,48258,60,1
1771541012.0208402,20_3,20,das_work,7.194109916687012,48258,60,1
1771541023.998714,21_3,21,das_work,7.197289228439331,48258,61,1
1771541024.0084069,20_3,20,das_work,8.308685064315796,48258,61,1
1771541036.005576,21_3,21,das_work,5.2644877433776855,48258,62,1
1771541036.0073647,20_3,20,das_work,8.055903196334839,48258,62,1
1771541048.0109053,20_3,20,das_work,5.677223920822144,48258,63,1
1771541048.0114238,21_3,21,das_work,5.489043951034546,48258,63,1
1771541059.997349,21_3,21,das_work,7.907641887664795,48258,64,1
1771541059.9980218,20_3,20,das_work,3.347092628479004,48258,64,1
1771541071.991804,21_3,21,das_work,5.923142194747925,48258,65,1
1771541072.0017416,20_3,20,das_work,8.90891695022583,48258,65,1
1771541083.9932454,21_3,21,das_work,7.452501535415649,48258,66,1
1771541084.021056,20_3,20,das_work,0.7533440589904785,48258,66,1
1771541095.9945295,20_3,20,das_work,6.902712345123291,48258,67,1
1771541096.0021782,21_3,21,das_work,2.8044819831848145,48258,67,1
1771541107.993155,21_3,21,das_work,8.318507432937622,48258,68,1
1771541108.0028973,20_3,20,das_work,1.5167567729949951,48258,68,1
1771541119.9916322,20_3,20,das_work,7.243392705917358,48258,69,1
1771541119.9936285,21_3,21,das_work,5.751006603240967,48258,69,1
1771541132.001697,20_4,20,das_work,2.5392682552337646,48258,70,1
1771541132.0053582,21_4,21,das_work,3.6150503158569336,48258,70,1
1771541143.9826767,21_4,21,das_work,8.014380693435669,48258,71,1
1771541143.9921668,20_4,20,das_work,8.458048343658447,48258,71,1
1771541155.98917,21_4,21,das_work,1.9720985889434812,48258,72,1
1771541155.998189,20_4,20,das_work,2.502371072769165,48258,72,1
1771541167.9903128,21_4,21,das_work,1.2852778434753418,48258,73,1
1771541168.0143375,20_4,20,das_work,1.880558729171753,48258,73,1
1771541179.9963956,21_4,21,das_work,6.934607982635498,48258,74,1
1771541180.0128992,20_4,20,das_work,6.57838249206543,48258,74,1
1771541191.9798098,21_4,21,das_work,5.664520740509033,48258,75,1
1771541191.9930327,20_4,20,das_work,6.991523504257202,48258,75,1
1771541203.9866805,21_4,21,das_work,6.301121473312378,48258,76,1
1771541204.0030885,20_4,20,das_work,7.397777795791626,48258,76,1
1771541215.9876275,20_4,20,das_work,4.181537389755249,48258,77,1
1771541215.9930573,21_4,21,das_work,5.759681940078735,48258,77,1
1771541228.0309925,20_4,20,das_work,8.041874885559082,48258,78,1
1771541228.0320692,21_4,21,das_work,9.92667818069458,48258,78,1
1771541239.9845111,21_4,21,das_work,8.866865396499634,48258,79,1
1771541239.9929187,20_4,20,das_work,4.658658266067505,48258,79,1
1771541251.976735,21_4,21,das_work,0.9694488048553468,48258,80,1
1771541251.9807923,20_4,20,das_work,7.39747142791748,48258,80,1
1771541264.0038035,21_4,21,das_work,9.342151165008543,48258,81,1
1771541264.0042913,20_4,20,das_work,7.825936555862427,48258,81,1
1771541275.9753268,20_4,20,das_work,1.411102533340454,48258,82,1
1771541275.9797966,21_4,21,das_work,7.601032018661499,48258,82,1
1771541288.002245,20_4,20,das_work,8.151679277420044,48258,83,1
1771541288.0252967,21_4,21,das_work,2.0822620391845703,48258,83,1
1771541299.98549,21_4,21,das_work,4.648031234741211,48258,84,1
1771541299.985981,20_4,20,das_work,7.822753190994263,48258,84,1
1771540412.0114784,22_0,22,das_work,11.590986728668211,48258,10,1
1771540412.0121598,23_0,23,das_work,11.584889650344849,48258,10,1
1771540424.0270505,23_0,23,das_work,7.183463335037232,48258,11,1
1771540424.061443,22_0,22,das_work,7.381110429763794,48258,11,1
1771540436.0193577,22_0,22,das_work,4.734944820404053,48258,12,1
1771540436.034487,23_0,23,das_work,0.7500061988830566,48258,12,1
1771540448.0153425,22_0,22,das_work,2.3116586208343506,48258,13,1
1771540448.0510046,23_0,23,das_work,8.111825704574585,48258,13,1
1771540460.0352926,23_0,23,das_work,3.960416555404663,48258,14,1
1771540460.0540864,22_0,22,das_work,6.057144165039063,48258,14,1
1771540472.0422246,23_0,23,das_work,1.488753318786621,48258,15,1
1771540472.0681925,22_0,22,das_work,5.450289964675903,48258,15,1
1771540484.055266,23_0,23,das_work,9.544182777404783,48258,16,1
1771540484.064404,22_0,22,das_work,9.92854905128479,48258,16,1
1771540496.0531492,23_0,23,das_work,5.9194183349609375,48258,17,1
1771540496.0670698,22_0,22,das_work,7.80426812171936,48258,17,1
1771540508.0454152,23_0,23,das_work,6.05596399307251,48258,18,1
1771540508.059513,22_0,22,das_work,6.764982461929321,48258,18,1
1771540520.0383372,22_0,22,das_work,2.494274377822876,48258,19,1
1771540520.0410695,23_0,23,das_work,1.1970577239990234,48258,19,1
1771540532.0668445,23_0,23,das_work,4.180158376693726,48258,20,1
1771540532.0686562,22_0,22,das_work,3.209704637527466,48258,20,1
1771540544.0412164,22_0,22,das_work,0.5083227157592773,48258,21,1
1771540544.04906,23_0,23,das_work,7.282266616821289,48258,21,1
1771540556.04907,22_0,22,das_work,1.887178421020508,48258,22,1
1771540556.0667455,23_0,23,das_work,3.299004316329956,48258,22,1
1771540568.0328286,23_0,23,das_work,3.9533867835998535,48258,23,1
1771540568.058035,22_0,22,das_work,3.103994131088257,48258,23,1
1771540580.0463138,22_0,22,das_work,1.2946460247039795,48258,24,1
1771540580.067663,23_0,23,das_work,5.55116868019104,48258,24,1
1771540592.0404382,23_1,23,das_work,6.1135618686676025,48258,25,1
1771540592.067289,22_1,22,das_work,5.641382455825806,48258,25,1
1771540604.0394342,23_1,23,das_work,9.02920150756836,48258,26,1
1771540604.057794,22_1,22,das_work,9.033260345458984,48258,26,1
1771540616.03247,22_1,22,das_work,2.5094540119171143,48258,27,1
1771540616.0477552,23_1,23,das_work,8.050658226013184,48258,27,1
1771540628.0338316,22_1,22,das_work,1.607501745223999,48258,28,1
1771540628.049482,23_1,23,das_work,8.915483951568604,48258,28,1
1771540640.0311875,22_1,22,das_work,8.035696983337402,48258,29,1
1771540640.0679166,23_1,23,das_work,1.6728041172027588,48258,29,1
1771540652.026132,23_1,23,das_work,6.478912115097046,48258,30,1
1771540652.051491,22_1,22,das_work,2.688206911087036,48258,30,1
1771540664.028303,23_1,23,das_work,1.1661570072174072,48258,31,1
1771540664.0292294,22_1,22,das_work,8.348140716552734,48258,31,1
1771540676.0209236,22_1,22,das_work,5.293693542480469,48258,32,1
1771540676.0378704,23_1,23,das_work,8.032428979873657,48258,32,1
1771540688.0263698,23_1,23,das_work,3.522261142730713,48258,33,1
1771540688.03611,22_1,22,das_work,9.809664249420166,48258,33,1
1771540700.0326288,23_1,23,das_work,4.79758095741272,48258,34,1
1771540700.0530667,22_1,22,das_work,4.750669956207275,48258,34,1
1771540712.0413,22_1,22,das_work,4.638627529144287,48258,35,1
1771540712.0613222,23_1,23,das_work,5.141176700592041,48258,35,1
1771540724.0259683,22_1,22,das_work,6.448686599731445,48258,36,1
1771540724.0271082,23_1,23,das_work,5.848532676696777,48258,36,1
1771540736.0336154,23_1,23,das_work,9.539586782455444,48258,37,1
1771540736.051552,22_1,22,das_work,2.68694281578064,48258,37,1
1771540748.0143793,22_1,22,das_work,1.7715635299682615,48258,38,1
1771540748.0170238,23_1,23,das_work,9.467290878295898,48258,38,1
1771540760.0170946,22_1,22,das_work,3.349137783050537,48258,39,1
1771540760.051213,23_1,23,das_work,8.723888874053955,48258,39,1
1771540772.0160372,23_2,23,das_work,8.1118745803833,48258,40,1
1771540772.0179014,22_2,22,das_work,7.352414131164551,48258,40,1
1771540784.0239463,22_2,22,das_work,5.460830211639404,48258,41,1
1771540784.0305035,23_2,23,das_work,9.73084592819214,48258,41,1
1771540796.0138938,22_2,22,das_work,2.1248762607574463,48258,42,1
1771540796.0285835,23_2,23,das_work,1.9966888427734373,48258,42,1
1771540808.0131998,22_2,22,das_work,9.157469987869264,48258,43,1
1771540808.019184,23_2,23,das_work,1.911858320236206,48258,43,1
1771540820.028362,23_2,23,das_work,5.627964735031128,48258,44,1
1771540820.029497,22_2,22,das_work,8.274905681610107,48258,44,1
1771540832.022405,22_2,22,das_work,2.8358726501464844,48258,45,1
1771540832.0322604,23_2,23,das_work,8.210367441177368,48258,45,1
1771540844.0488844,22_2,22,das_work,3.63205361366272,48258,46,1
1771540844.0494962,23_2,23,das_work,6.587405681610107,48258,46,1
1771540856.0094042,23_2,23,das_work,9.277767419815063,48258,47,1
1771540856.0297337,22_2,22,das_work,8.425048828125,48258,47,1
1771540868.005977,22_2,22,das_work,1.608177661895752,48258,48,1
1771540868.0096614,23_2,23,das_work,3.2593023777008057,48258,48,1
1771540880.0113466,23_2,23,das_work,7.12309455871582,48258,49,1
1771540880.0130503,22_2,22,das_work,2.9107909202575684,48258,49,1
1771540892.003811,23_2,23,das_work,7.947244644165039,48258,50,1
1771540892.008885,22_2,22,das_work,7.911670684814453,48258,50,1
1771540904.0301747,23_2,23,das_work,0.5486328601837158,48258,51,1
1771540904.044695,22_2,22,das_work,3.0986857414245605,48258,51,1
1771540916.0025206,23_2,23,das_work,3.3606152534484863,48258,52,1
1771540916.0256736,22_2,22,das_work,2.5836374759674072,48258,52,1
1771540928.0229917,22_2,22,das_work,9.23835563659668,48258,53,1
1771540928.024892,23_2,23,das_work,5.548957347869873,48258,53,1
1771540940.008031,23_2,23,das_work,9.850452661514282,48258,54,1
1771540940.0458882,22_2,22,das_work,1.264880895614624,48258,54,1
1771540952.0139654,23_3,23,das_work,8.551525354385376,48258,55,1
1771540952.0169015,22_3,22,das_work,8.230929136276245,48258,55,1
1771540964.0153186,23_3,23,das_work,6.6224987506866455,48258,56,1
1771540964.0282755,22_3,22,das_work,6.575680494308472,48258,56,1
1771540975.9986012,22_3,22,das_work,1.99932074546814,48258,57,1
1771540976.037435,23_3,23,das_work,2.7933502197265625,48258,57,1
1771540988.000032,22_3,22,das_work,7.711283922195435,48258,58,1
1771540988.015966,23_3,23,das_work,3.855111360549927,48258,58,1
1771541000.0131526,22_3,22,das_work,0.97536039352417,48258,59,1
1771541000.017761,23_3,23,das_work,8.4619140625,48258,59,1
1771541012.0184765,23_3,23,das_work,3.7244467735290527,48258,60,1
1771541012.028898,22_3,22,das_work,4.01701545715332,48258,60,1
1771541024.0014567,23_3,23,das_work,8.931524276733398,48258,61,1
1771541024.0123136,22_3,22,das_work,2.7066009044647217,48258,61,1
1771541036.0042036,23_3,23,das_work,2.348304510116577,48258,62,1
1771541036.0328562,22_3,22,das_work,9.415294408798218,48258,62,1
1771541048.0064824,23_3,23,das_work,3.6819465160369873,48258,63,1
1771541048.0088823,22_3,22,das_work,5.453270673751831,48258,63,1
1771541059.99037,23_3,23,das_work,8.011414766311646,48258,64,1
1771541060.0081315,22_3,22,das_work,9.422420978546144,48258,64,1
1771541072.007618,23_3,23,das_work,4.438597679138184,48258,65,1
1771541072.0082166,22_3,22,das_work,0.2565457820892334,48258,65,1
1771541083.993966,23_3,23,das_work,2.8291492462158203,48258,66,1
1771541084.0112135,22_3,22,das_work,5.557717800140381,48258,66,1
1771541095.9941478,22_3,22,das_work,0.9001853466033936,48258,67,1
1771541095.9995422,23_3,23,das_work,5.292185783386231,48258,67,1
1771541107.991778,23_3,23,das_work,2.6045243740081787,48258,68,1
1771541108.007455,22_3,22,das_work,10.244226455688477,48258,68,1
1771541120.0227115,22_3,22,das_work,3.2054569721221924,48258,69,1
1771541120.0242414,23_3,23,das_work,7.91486644744873,48258,69,1
1771541131.984023,22_4,22,das_work,6.974493026733398,48258,70,1
1771541131.9935052,23_4,23,das_work,5.818589687347412,48258,70,1
1771541143.990162,23_4,23,das_work,5.272893667221069,48258,71,1
1771541144.0004797,22_4,22,das_work,1.6771612167358398,48258,71,1
1771541156.0056148,22_4,22,das_work,4.6323418617248535,48258,72,1
1771541156.0061452,23_4,23,das_work,1.4079525470733645,48258,72,1
1771541167.98961,23_4,23,das_work,7.0137200355529785,48258,73,1
1771541167.990379,22_4,22,das_work,1.8292880058288572,48258,73,1
1771541179.9977632,22_4,22,das_work,5.705033540725708,48258,74,1
1771541180.0034266,23_4,23,das_work,5.134662389755249,48258,74,1
1771541191.978963,23_4,23,das_work,3.878141164779663,48258,75,1
1771541191.990388,22_4,22,das_work,4.597817659378052,48258,75,1
1771541203.9854674,23_4,23,das_work,4.864657878875732,48258,76,1
1771541203.993136,22_4,22,das_work,2.908548355102539,48258,76,1
1771541215.9869795,23_4,23,das_work,4.177390575408936,48258,77,1
1771541216.021064,22_4,22,das_work,1.7745554447174072,48258,77,1
1771541228.033791,23_4,23,das_work,6.753022193908691,48258,78,1
1771541228.034519,22_4,22,das_work,7.457273721694946,48258,78,1
1771541239.9894514,23_4,23,das_work,2.4544146060943604,48258,79,1
1771541240.0066252,22_4,22,das_work,9.739137411117554,48258,79,1
1771541251.9901254,23_4,23,das_work,1.2078301906585691,48258,80,1
1771541252.004564,22_4,22,das_work,5.159595727920532,48258,80,1
1771541263.9795127,22_4,22,das_work,0.9703049659729004,48258,81,1
1771541263.995858,23_4,23,das_work,3.707584381103516,48258,81,1
1771541275.9743445,22_4,22,das_work,8.29543924331665,48258,82,1
1771541275.976664,23_4,23,das_work,7.724165201187134,48258,82,1
1771541287.9978018,22_4,22,das_work,7.111374378204346,48258,83,1
1771541288.0078506,23_4,23,das_work,6.738937377929688,48258,83,1
1771541299.965969,23_4,23,das_work,5.704047203063965,48258,84,1
1771541299.984825,22_4,22,das_work,7.486721038818359,48258,84,1
1771540412.080619,25_0,25,das_work,1.5765697956085205,48258,10,1
1771540424.0103755,25_0,25,das_work,8.24085521697998,48258,11,1
1771540424.0119493,24_0,24,das_work,10.46396827697754,48258,11,1
1771540436.0200045,25_0,25,das_work,6.875116348266602,48258,12,1
1771540436.0462997,24_0,24,das_work,2.991585731506348,48258,12,1
1771540448.0548687,25_0,25,das_work,4.649746894836426,48258,13,1
1771540448.0554123,24_0,24,das_work,1.375317096710205,48258,13,1
1771540460.0341473,25_0,25,das_work,9.921791315078735,48258,14,1
1771540460.0397685,24_0,24,das_work,6.763278484344482,48258,14,1
1771540472.042451,24_0,24,das_work,6.316514492034912,48258,15,1
1771540472.0437305,25_0,25,das_work,9.285151720046995,48258,15,1
1771540484.0337908,25_0,25,das_work,4.071677684783936,48258,16,1
1771540484.0343926,24_0,24,das_work,9.06592059135437,48258,16,1
1771540496.051063,25_0,25,das_work,3.4441304206848145,48258,17,1
1771540496.0605073,24_0,24,das_work,2.9000515937805176,48258,17,1
1771540508.0361593,25_0,25,das_work,3.649881839752197,48258,18,1
1771540508.0502975,24_0,24,das_work,8.817004442214966,48258,18,1
1771540520.0332804,25_0,25,das_work,9.76190185546875,48258,19,1
1771540520.0508668,24_0,24,das_work,3.2079403400421143,48258,19,1
1771540532.052825,25_0,25,das_work,3.065490961074829,48258,20,1
1771540532.0596476,24_0,24,das_work,6.628533124923706,48258,20,1
1771540544.050907,25_0,25,das_work,6.784534692764282,48258,21,1
1771540544.0579307,24_0,24,das_work,5.644267559051514,48258,21,1
1771540556.0425696,25_0,25,das_work,2.0235049724578857,48258,22,1
1771540556.0474863,24_0,24,das_work,2.4857892990112305,48258,22,1
1771540568.0412729,24_0,24,das_work,1.9916954040527344,48258,23,1
1771540568.067434,25_0,25,das_work,9.116069316864014,48258,23,1
1771540580.02993,25_0,25,das_work,9.563279390335085,48258,24,1
1771540580.0387907,24_0,24,das_work,2.198721408843994,48258,24,1
1771540592.0468106,24_0,24,das_work,6.402156352996826,48258,25,1
1771540592.0629065,25_1,25,das_work,9.322321891784668,48258,25,1
1771540604.0294564,24_1,24,das_work,2.0183768272399902,48258,26,1
1771540604.0546305,25_1,25,das_work,4.840520858764648,48258,26,1
1771540616.0652275,24_1,24,das_work,3.4107277393341064,48258,27,1
1771540616.0657718,25_1,25,das_work,4.115365505218506,48258,27,1
1771540628.0343466,25_1,25,das_work,3.037470817565918,48258,28,1
1771540628.0482297,24_1,24,das_work,1.626283884048462,48258,28,1
1771540640.0355868,24_1,24,das_work,5.804688930511475,48258,29,1
1771540640.0703113,25_1,25,das_work,6.578253269195557,48258,29,1
1771540652.0337763,25_1,25,das_work,2.1011929512023926,48258,30,1
1771540652.039745,24_1,24,das_work,7.172446012496948,48258,30,1
1771540664.048745,25_1,25,das_work,7.314835786819458,48258,31,1
1771540664.0493128,24_1,24,das_work,5.483337879180908,48258,31,1
1771540676.0536015,24_1,24,das_work,7.909989595413208,48258,32,1
1771540676.0541816,25_1,25,das_work,3.821132183074951,48258,32,1
1771540688.026605,24_1,24,das_work,8.45552945137024,48258,33,1
1771540688.058529,25_1,25,das_work,7.596728563308716,48258,33,1
1771540700.031602,25_1,25,das_work,4.458432197570801,48258,34,1
1771540700.050158,24_1,24,das_work,3.7324001789093018,48258,34,1
1771540712.0183556,24_1,24,das_work,4.96779203414917,48258,35,1
1771540712.03115,25_1,25,das_work,2.133095026016236,48258,35,1
1771540724.038166,24_1,24,das_work,0.973482608795166,48258,36,1
1771540724.0477955,25_1,25,das_work,6.3607707023620605,48258,36,1
1771540736.0262322,25_1,25,das_work,4.552614688873291,48258,37,1
1771540736.050487,24_1,24,das_work,8.609787940979004,48258,37,1
1771540748.0240507,25_1,25,das_work,5.681886911392212,48258,38,1
1771540748.0280747,24_1,24,das_work,4.249810218811035,48258,38,1
1771540760.026393,25_1,25,das_work,6.213620185852051,48258,39,1
1771540760.030433,24_1,24,das_work,0.2927873134613037,48258,39,1
1771540772.019829,24_1,24,das_work,1.1788129806518557,48258,40,1
1771540772.0526674,25_2,25,das_work,4.119896173477173,48258,40,1
1771540784.0321815,25_2,25,das_work,6.297698020935059,48258,41,1
1771540784.0334446,24_2,24,das_work,8.346868991851807,48258,41,1
1771540796.0215836,25_2,25,das_work,7.308682918548584,48258,42,1
1771540796.0254416,24_2,24,das_work,5.600160360336304,48258,42,1
1771540808.0120325,24_2,24,das_work,0.7554726600646973,48258,43,1
1771540808.0548952,25_2,25,das_work,9.62536096572876,48258,43,1
1771540820.0156293,25_2,25,das_work,7.902209281921387,48258,44,1
1771540820.0225215,24_2,24,das_work,4.422638893127441,48258,44,1
1771540832.026502,24_2,24,das_work,7.199620485305786,48258,45,1
1771540832.0271792,25_2,25,das_work,0.8767237663269043,48258,45,1
1771540844.0167956,25_2,25,das_work,1.909332513809204,48258,46,1
1771540844.0403476,24_2,24,das_work,1.7681281566619873,48258,46,1
1771540856.020285,25_2,25,das_work,2.033034324645996,48258,47,1
1771540856.0468817,24_2,24,das_work,5.441520929336548,48258,47,1
1771540868.0367522,25_2,25,das_work,2.6054680347442627,48258,48,1
1771540868.0438983,24_2,24,das_work,5.0320885181427,48258,48,1
1771540880.0058298,24_2,24,das_work,1.1719374656677246,48258,49,1
1771540880.012306,25_2,25,das_work,1.0914645195007324,48258,49,1
1771540892.038885,24_2,24,das_work,4.636809587478638,48258,50,1
1771540892.047428,25_2,25,das_work,1.0612821578979492,48258,50,1
1771540904.0124855,24_2,24,das_work,8.652636766433716,48258,51,1
1771540904.0361345,25_2,25,das_work,6.862609148025513,48258,51,1
1771540916.0054018,25_2,25,das_work,6.721796989440918,48258,52,1
1771540916.0178404,24_2,24,das_work,6.4988274574279785,48258,52,1
1771540928.0370245,24_2,24,das_work,1.2737836837768557,48258,53,1
1771540928.0421734,25_2,25,das_work,7.268561840057373,48258,53,1
1771540940.0083635,25_2,25,das_work,1.1039667129516602,48258,54,1
1771540940.0244231,24_2,24,das_work,5.460493087768555,48258,54,1
1771540952.0041032,24_2,24,das_work,5.464753150939941,48258,55,1
1771540952.0334055,25_3,25,das_work,2.38287615776062,48258,55,1
1771540964.009996,24_3,24,das_work,7.408796072006226,48258,56,1
1771540964.0212858,25_3,25,das_work,9.281418085098268,48258,56,1
1771540976.0070744,25_3,25,das_work,4.654484748840332,48258,57,1
1771540976.037588,24_3,24,das_work,1.3673639297485352,48258,57,1
1771540988.001218,25_3,25,das_work,7.521122217178345,48258,58,1
1771540988.0017383,24_3,24,das_work,2.954763174057007,48258,58,1
1771541000.0051012,25_3,25,das_work,3.341681957244873,48258,59,1
1771541000.010816,24_3,24,das_work,8.16303277015686,48258,59,1
1771541012.0120811,24_3,24,das_work,3.73935341835022,48258,60,1
1771541012.013077,25_3,25,das_work,4.186752557754517,48258,60,1
1771541024.0016625,25_3,25,das_work,7.522616863250732,48258,61,1
1771541024.008124,24_3,24,das_work,0.3484978675842285,48258,61,1
1771541036.0014837,25_3,25,das_work,2.950889587402344,48258,62,1
1771541036.0083044,24_3,24,das_work,9.966234922409058,48258,62,1
1771541047.9933455,25_3,25,das_work,10.070810317993164,48258,63,1
1771541048.0018263,24_3,24,das_work,2.85353946685791,48258,63,1
1771541059.992122,25_3,25,das_work,9.647557258605955,48258,64,1
1771541060.0100489,24_3,24,das_work,7.0988476276397705,48258,64,1
1771541072.0116532,24_3,24,das_work,4.250399351119995,48258,65,1
1771541072.0318165,25_3,25,das_work,9.009353876113892,48258,65,1
1771541083.9937642,24_3,24,das_work,7.915610551834106,48258,66,1
1771541084.0050712,25_3,25,das_work,6.925602912902832,48258,66,1
1771541095.993207,24_3,24,das_work,4.666282176971436,48258,67,1
1771541096.002612,25_3,25,das_work,3.7227535247802734,48258,67,1
1771541108.0012207,24_3,24,das_work,1.3922834396362305,48258,68,1
1771541108.008747,25_3,25,das_work,6.272628307342529,48258,68,1
1771541120.003316,25_3,25,das_work,2.7704110145568848,48258,69,1
1771541120.0163834,24_3,24,das_work,3.727739334106445,48258,69,1
1771541131.996097,25_4,25,das_work,3.9364500045776367,48258,70,1
1771541131.9977689,24_3,24,das_work,0.5118839740753174,48258,70,1
1771541143.9829783,24_4,24,das_work,1.9058735370635984,48258,71,1
1771541143.9891355,25_4,25,das_work,6.9255876541137695,48258,71,1
1771541156.0026898,25_4,25,das_work,6.678879737854004,48258,72,1
1771541156.003805,24_4,24,das_work,6.87795877456665,48258,72,1
1771541168.0029235,25_4,25,das_work,7.14599084854126,48258,73,1
1771541168.007257,24_4,24,das_work,8.164648294448853,48258,73,1
1771541179.993935,25_4,25,das_work,6.996286392211914,48258,74,1
1771541179.9970412,24_4,24,das_work,8.374513626098633,48258,74,1
1771541191.9781454,24_4,24,das_work,2.508080005645752,48258,75,1
1771541191.9979613,25_4,25,das_work,2.9961860179901123,48258,75,1
1771541203.9790857,25_4,25,das_work,1.0692596435546875,48258,76,1
1771541204.0193644,24_4,24,das_work,9.838813066482544,48258,76,1
1771541215.976339,25_4,25,das_work,4.450630187988281,48258,77,1
1771541215.980519,24_4,24,das_work,7.718518018722534,48258,77,1
1771541228.0209928,25_4,25,das_work,5.454202651977539,48258,78,1
1771541228.0319877,24_4,24,das_work,7.549320220947266,48258,78,1
1771541239.9915292,25_4,25,das_work,7.323182344436645,48258,79,1
1771541239.99957,24_4,24,das_work,2.73829984664917,48258,79,1
1771541251.9779077,24_4,24,das_work,2.9226112365722656,48258,80,1
1771541252.0055785,25_4,25,das_work,7.997534275054932,48258,80,1
1771541263.9736617,25_4,25,das_work,3.770848035812378,48258,81,1
1771541263.9892962,24_4,24,das_work,9.022443294525146,48258,81,1
1771541275.9906485,25_4,25,das_work,9.231297492980955,48258,82,1
1771541275.997666,24_4,24,das_work,1.3686795234680176,48258,82,1
1771541288.0012877,24_4,24,das_work,10.082918643951416,48258,83,1
1771541288.0135465,25_4,25,das_work,6.972448110580444,48258,83,1
1771541299.9661126,24_4,24,das_work,7.812466382980347,48258,84,1
1771541299.9787436,25_4,25,das_work,5.073718070983887,48258,84,1
1771541311.9509597,24_4,24,das_work,0.9558670520782472,48258,85,1
1771540424.026297,27_0,27,das_work,11.484315872192385,48258,11,1
1771540424.0482335,26_0,26,das_work,9.95446801185608,48258,11,1
1771540436.02325,26_0,26,das_work,7.88870096206665,48258,12,1
1771540436.044384,27_0,27,das_work,5.136639356613159,48258,12,1
1771540448.0163395,27_0,27,das_work,1.266801834106445,48258,13,1
1771540448.0491843,26_0,26,das_work,6.691478490829468,48258,13,1
1771540460.027907,26_0,26,das_work,8.337625741958618,48258,14,1
1771540460.0527782,27_0,27,das_work,3.092002868652344,48258,14,1
1771540472.047389,27_0,27,das_work,2.0019984245300293,48258,15,1
1771540472.048118,26_0,26,das_work,1.67919921875,48258,15,1
1771540484.0430732,27_0,27,das_work,9.839813947677612,48258,16,1
1771540484.073567,26_0,26,das_work,8.70400595664978,48258,16,1
1771540496.044186,27_0,27,das_work,5.3523266315460205,48258,17,1
1771540496.0668445,26_0,26,das_work,6.36623477935791,48258,17,1
1771540508.0329666,26_0,26,das_work,6.216293811798096,48258,18,1
1771540508.040298,27_0,27,das_work,0.8900671005249023,48258,18,1
1771540520.0428507,26_0,26,das_work,6.310269355773926,48258,19,1
1771540520.0483932,27_0,27,das_work,0.4438426494598388,48258,19,1
1771540532.045569,27_0,27,das_work,8.234832286834717,48258,20,1
1771540532.047395,26_0,26,das_work,3.838687419891357,48258,20,1
1771540544.0317855,27_0,27,das_work,5.602212905883789,48258,21,1
1771540544.046002,26_0,26,das_work,9.362823963165283,48258,21,1
1771540556.0414937,27_0,27,das_work,7.446004152297974,48258,22,1
1771540556.0471268,26_0,26,das_work,4.43332576751709,48258,22,1
1771540568.0426376,27_0,27,das_work,1.385312795639038,48258,23,1
1771540568.07553,26_0,26,das_work,7.0753254890441895,48258,23,1
1771540580.0374472,27_0,27,das_work,4.473588228225708,48258,24,1
1771540580.045478,26_0,26,das_work,3.110297679901123,48258,24,1
1771540592.067511,26_0,26,das_work,6.810879468917847,48258,25,1
1771540592.0680468,27_0,27,das_work,7.924067974090576,48258,25,1
1771540604.032948,26_1,26,das_work,3.963456392288208,48258,26,1
1771540604.0470371,27_1,27,das_work,2.793354034423828,48258,26,1
1771540616.0476089,26_1,26,das_work,1.914255142211914,48258,27,1
1771540616.0681062,27_1,27,das_work,1.054607391357422,48258,27,1
1771540628.0330143,26_1,26,das_work,6.82728910446167,48258,28,1
1771540628.0601687,27_1,27,das_work,7.692236661911011,48258,28,1
1771540640.0244195,27_1,27,das_work,3.646055221557617,48258,29,1
1771540640.0460856,26_1,26,das_work,0.1402881145477295,48258,29,1
1771540652.039488,27_1,27,das_work,8.209227085113525,48258,30,1
1771540652.050099,26_1,26,das_work,8.915262222290039,48258,30,1
1771540664.0230126,27_1,27,das_work,2.83243179321289,48258,31,1
1771540664.026754,26_1,26,das_work,4.782944440841675,48258,31,1
1771540676.0295615,27_1,27,das_work,6.131093740463257,48258,32,1
1771540676.0392437,26_1,26,das_work,5.575129985809326,48258,32,1
1771540688.048951,27_1,27,das_work,6.6784515380859375,48258,33,1
1771540688.0494585,26_1,26,das_work,2.802290678024292,48258,33,1
1771540700.0523417,26_1,26,das_work,8.730458974838257,48258,34,1
1771540700.062555,27_1,27,das_work,4.840161561965942,48258,34,1
1771540712.0186806,26_1,26,das_work,1.086986064910889,48258,35,1
1771540712.037264,27_1,27,das_work,6.787579298019409,48258,35,1
1771540724.032203,27_1,27,das_work,10.203197956085203,48258,36,1
1771540724.0379264,26_1,26,das_work,1.510200262069702,48258,36,1
1771540736.043057,27_1,27,das_work,4.225384712219238,48258,37,1
1771540736.0463026,26_1,26,das_work,4.719966888427734,48258,37,1
1771540748.0395586,27_1,27,das_work,5.986067056655884,48258,38,1
1771540748.0402377,26_1,26,das_work,6.588341951370239,48258,38,1
1771540760.02754,27_1,27,das_work,6.474140882492065,48258,39,1
1771540760.029942,26_1,26,das_work,7.253840208053589,48258,39,1
1771540772.0227132,27_1,27,das_work,5.10309624671936,48258,40,1
1771540772.038376,26_1,26,das_work,4.5372467041015625,48258,40,1
1771540784.024984,26_2,26,das_work,2.810368537902832,48258,41,1
1771540784.041071,27_2,27,das_work,1.362396240234375,48258,41,1
1771540796.0232496,27_2,27,das_work,5.260756254196167,48258,42,1
1771540796.0274413,26_2,26,das_work,2.181202173233032,48258,42,1
1771540808.0232587,27_2,27,das_work,2.103799819946289,48258,43,1
1771540808.0257342,26_2,26,das_work,2.9556422233581543,48258,43,1
1771540820.0162196,26_2,26,das_work,4.248681306838989,48258,44,1
1771540820.024365,27_2,27,das_work,9.180790424346924,48258,44,1
1771540832.011838,27_2,27,das_work,1.3242719173431396,48258,45,1
1771540832.0160518,26_2,26,das_work,3.522505760192871,48258,45,1
1771540844.0152533,27_2,27,das_work,4.381380796432495,48258,46,1
1771540844.0227897,26_2,26,das_work,3.4055426120758057,48258,46,1
1771540856.0179136,26_2,26,das_work,5.383342266082764,48258,47,1
1771540856.0228567,27_2,27,das_work,6.3936145305633545,48258,47,1
1771540867.9997225,27_2,27,das_work,2.1212103366851807,48258,48,1
1771540868.0085871,26_2,26,das_work,2.4129509925842285,48258,48,1
1771540880.0143275,27_2,27,das_work,6.207182884216309,48258,49,1
1771540880.021646,26_2,26,das_work,4.053113698959351,48258,49,1
1771540892.0060625,27_2,27,das_work,8.82164716720581,48258,50,1
1771540892.0445569,26_2,26,das_work,8.921297550201416,48258,50,1
1771540904.0135496,26_2,26,das_work,9.04992389678955,48258,51,1
1771540904.0238054,27_2,27,das_work,8.707625150680542,48258,51,1
1771540916.0143888,27_2,27,das_work,4.25398325920105,48258,52,1
1771540916.022231,26_2,26,das_work,9.629200458526611,48258,52,1
1771540928.0111742,26_2,26,das_work,4.366904258728027,48258,53,1
1771540928.0122828,27_2,27,das_work,3.9941539764404297,48258,53,1
1771540940.0095074,26_2,26,das_work,5.793124437332153,48258,54,1
1771540940.0438402,27_2,27,das_work,7.599317073822021,48258,54,1
1771540952.0124674,26_2,26,das_work,1.832561731338501,48258,55,1
1771540952.0183637,27_2,27,das_work,5.064582109451294,48258,55,1
1771540964.0235312,27_3,27,das_work,8.16115951538086,48258,56,1
1771540964.0244489,26_3,26,das_work,1.946373462677002,48258,56,1
1771540975.9958758,26_3,26,das_work,4.338165998458862,48258,57,1
1771540976.0014868,27_3,27,das_work,2.316220760345459,48258,57,1
1771540988.0164547,27_3,27,das_work,1.5767531394958496,48258,58,1
1771540988.0352058,26_3,26,das_work,3.707431316375733,48258,58,1
1771541000.0226,26_3,26,das_work,1.4941198825836182,48258,59,1
1771541000.0234654,27_3,27,das_work,3.4291415214538574,48258,59,1
1771541012.0155869,26_3,26,das_work,2.671742677688598,48258,60,1
1771541012.0164638,27_3,27,das_work,5.924339294433594,48258,60,1
1771541024.005756,26_3,26,das_work,0.9925708770751952,48258,61,1
1771541024.0145955,27_3,27,das_work,1.4689133167266846,48258,61,1
1771541035.9969895,26_3,26,das_work,8.33754563331604,48258,62,1
1771541035.997816,27_3,27,das_work,8.266193628311157,48258,62,1
1771541048.0112448,27_3,27,das_work,5.987585544586182,48258,63,1
1771541048.01175,26_3,26,das_work,3.1325480937957764,48258,63,1
1771541060.006672,26_3,26,das_work,7.299518823623657,48258,64,1
1771541060.025385,27_3,27,das_work,0.651578426361084,48258,64,1
1771541072.0065722,27_3,27,das_work,1.987957239151001,48258,65,1
1771541072.0108895,26_3,26,das_work,4.730637073516846,48258,65,1
1771541084.0013354,27_3,27,das_work,9.239455461502075,48258,66,1
1771541084.0081754,26_3,26,das_work,3.569427490234375,48258,66,1
1771541095.9962137,27_3,27,das_work,8.527984142303467,48258,67,1
1771541096.0041149,26_3,26,das_work,9.327991485595703,48258,67,1
1771541107.995448,26_3,26,das_work,4.97230076789856,48258,68,1
1771541107.996925,27_3,27,das_work,1.946521520614624,48258,68,1
1771541119.9966464,26_3,26,das_work,3.676857948303223,48258,69,1
1771541120.01887,27_3,27,das_work,9.128143548965454,48258,69,1
1771541131.9971917,26_3,26,das_work,9.73516082763672,48258,70,1
1771541132.0007646,27_3,27,das_work,1.689810276031494,48258,70,1
1771541143.9898658,26_4,26,das_work,8.046833753585815,48258,71,1
1771541144.015542,27_4,27,das_work,5.944125413894653,48258,71,1
1771541156.00256,26_4,26,das_work,2.3558268547058105,48258,72,1
1771541156.0030994,27_4,27,das_work,6.803301095962524,48258,72,1
1771541167.997012,26_4,26,das_work,8.32684326171875,48258,73,1
1771541168.009653,27_4,27,das_work,4.9340009689331055,48258,73,1
1771541179.9848428,27_4,27,das_work,3.866455316543579,48258,74,1
1771541179.9892771,26_4,26,das_work,8.136267185211182,48258,74,1
1771541191.9799888,27_4,27,das_work,6.394603490829468,48258,75,1
1771541191.985245,26_4,26,das_work,1.283839464187622,48258,75,1
1771541203.980426,27_4,27,das_work,7.706532001495361,48258,76,1
1771541203.9922,26_4,26,das_work,4.954680681228638,48258,76,1
1771541215.9788573,27_4,27,das_work,4.170387506484985,48258,77,1
1771541216.0008562,26_4,26,das_work,4.116854906082153,48258,77,1
1771541228.0193355,26_4,26,das_work,8.890669822692871,48258,78,1
1771541228.0314562,27_4,27,das_work,1.1508033275604248,48258,78,1
1771541240.004084,26_4,26,das_work,7.697494268417358,48258,79,1
1771541240.0157478,27_4,27,das_work,2.288860321044922,48258,79,1
1771541251.9811451,26_4,26,das_work,7.086681365966797,48258,80,1
1771541252.0027435,27_4,27,das_work,8.20449423789978,48258,80,1
1771541263.9841807,26_4,26,das_work,2.2450129985809326,48258,81,1
1771541263.9899917,27_4,27,das_work,2.3316006660461426,48258,81,1
1771541275.981753,27_4,27,das_work,5.597596168518066,48258,82,1
1771541275.9981449,26_4,26,das_work,6.2488932609558105,48258,82,1
1771541288.013709,26_4,26,das_work,3.759772539138794,48258,83,1
1771541288.0216396,27_4,27,das_work,8.101507425308228,48258,83,1
1771541299.9721208,27_4,27,das_work,1.277690887451172,48258,84,1
1771541299.9739113,26_4,26,das_work,8.36916208267212,48258,84,1
1771541311.9571166,27_4,27,das_work,0.983734369277954,48258,85,1
1771541312.0075183,26_4,26,das_work,5.23875880241394,48258,85,1
1771540412.0554936,28_0,28,das_work,9.142266035079956,48258,10,1
1771540424.0091486,28_0,28,das_work,5.6811182498931885,48258,11,1
1771540424.011839,29_0,29,das_work,9.43057942390442,48258,11,1
1771540436.046755,28_0,28,das_work,7.369999170303345,48258,12,1
1771540436.047277,29_0,29,das_work,4.634328365325928,48258,12,1
1771540448.0619843,29_0,29,das_work,3.809821605682373,48258,13,1
1771540448.0681064,28_0,28,das_work,1.5694308280944824,48258,13,1
1771540460.0296297,28_0,28,das_work,2.20815372467041,48258,14,1
1771540460.0746424,29_0,29,das_work,7.472807884216309,48258,14,1
1771540472.0459964,28_0,28,das_work,2.206530809402466,48258,15,1
1771540472.06402,29_0,29,das_work,9.417850255966188,48258,15,1
1771540484.0574715,28_0,28,das_work,9.727341651916504,48258,16,1
1771540484.0607972,29_0,29,das_work,7.579325437545776,48258,16,1
1771540496.057475,28_0,28,das_work,6.02822732925415,48258,17,1
1771540496.0653057,29_0,29,das_work,5.447910785675049,48258,17,1
1771540508.0364738,29_0,29,das_work,6.409515142440796,48258,18,1
1771540508.0397842,28_0,28,das_work,4.568521738052368,48258,18,1
1771540520.0559902,28_0,28,das_work,1.9730019569396973,48258,19,1
1771540520.07487,29_0,29,das_work,6.864812612533569,48258,19,1
1771540532.059736,28_0,28,das_work,1.9017210006713867,48258,20,1
1771540532.0673838,29_0,29,das_work,4.739435434341431,48258,20,1
1771540544.0358489,29_0,29,das_work,6.713048458099365,48258,21,1
1771540544.0418715,28_0,28,das_work,2.806647539138794,48258,21,1
1771540556.0331173,28_0,28,das_work,9.367009401321411,48258,22,1
1771540556.0405807,29_0,29,das_work,2.732945680618286,48258,22,1
1771540568.028923,28_0,28,das_work,8.046343088150024,48258,23,1
1771540568.0410943,29_0,29,das_work,1.2006802558898926,48258,23,1
1771540580.0318685,29_0,29,das_work,1.697866439819336,48258,24,1
1771540580.041349,28_0,28,das_work,6.892182588577271,48258,24,1
1771540592.0421607,28_1,28,das_work,9.436142206192017,48258,25,1
1771540592.0544991,29_0,29,das_work,8.517369747161865,48258,25,1
1771540604.0300548,29_1,29,das_work,7.332278728485107,48258,26,1
1771540604.0439482,28_1,28,das_work,5.145793914794922,48258,26,1
1771540616.0370908,29_1,29,das_work,8.734780311584473,48258,27,1
1771540616.0571203,28_1,28,das_work,5.9588704109191895,48258,27,1
1771540628.0395374,29_1,29,das_work,1.111705303192139,48258,28,1
1771540628.050265,28_1,28,das_work,5.048473596572876,48258,28,1
1771540640.0322936,29_1,29,das_work,5.286375999450684,48258,29,1
1771540640.0690672,28_1,28,das_work,4.728050470352173,48258,29,1
1771540652.0253174,29_1,29,das_work,7.658405780792236,48258,30,1
1771540652.045611,28_1,28,das_work,3.7198903560638423,48258,30,1
1771540664.0441756,28_1,28,das_work,7.933660745620727,48258,31,1
1771540664.046724,29_1,29,das_work,4.280907154083252,48258,31,1
1771540676.0385373,29_1,29,das_work,7.517679929733276,48258,32,1
1771540676.046805,28_1,28,das_work,4.130348205566406,48258,32,1
1771540688.023377,28_1,28,das_work,3.8667497634887695,48258,33,1
1771540688.0238855,29_1,29,das_work,7.3466479778289795,48258,33,1
1771540700.0299177,29_1,29,das_work,3.6384663581848153,48258,34,1
1771540700.0358586,28_1,28,das_work,7.716229915618896,48258,34,1
1771540712.02458,29_1,29,das_work,4.661414623260498,48258,35,1
1771540712.0365732,28_1,28,das_work,5.766676425933838,48258,35,1
1771540724.0408182,29_1,29,das_work,7.910531997680664,48258,36,1
1771540724.0488048,28_1,28,das_work,2.7979211807250977,48258,36,1
1771540736.0179777,28_1,28,das_work,7.096635103225708,48258,37,1
1771540736.0447786,29_1,29,das_work,5.455264568328857,48258,37,1
1771540748.0213668,29_1,29,das_work,5.245671510696411,48258,38,1
1771540748.0425498,28_1,28,das_work,7.275187015533447,48258,38,1
1771540760.0349104,28_1,28,das_work,6.375242471694946,48258,39,1
1771540760.0516906,29_1,29,das_work,8.703867435455322,48258,39,1
1771540772.0165105,28_2,28,das_work,3.5395045280456543,48258,40,1
1771540772.0223196,29_1,29,das_work,7.727249145507812,48258,40,1
1771540784.0169077,28_2,28,das_work,8.145792722702026,48258,41,1
1771540784.032869,29_2,29,das_work,6.058953523635864,48258,41,1
1771540796.0345287,29_2,29,das_work,6.25449013710022,48258,42,1
1771540796.0512612,28_2,28,das_work,8.703744888305664,48258,42,1
1771540808.0201464,29_2,29,das_work,5.771216154098511,48258,43,1
1771540808.023504,28_2,28,das_work,8.76120901107788,48258,43,1
1771540820.0347722,28_2,28,das_work,3.9125657081604,48258,44,1
1771540820.0517614,29_2,29,das_work,9.528693914413452,48258,44,1
1771540832.0186098,28_2,28,das_work,7.17817234992981,48258,45,1
1771540832.0466237,29_2,29,das_work,3.009314775466919,48258,45,1
1771540844.0100522,29_2,29,das_work,3.2107033729553223,48258,46,1
1771540844.0169156,28_2,28,das_work,3.736505031585693,48258,46,1
1771540856.0206704,28_2,28,das_work,5.184420108795166,48258,47,1
1771540856.0285046,29_2,29,das_work,3.741901397705078,48258,47,1
1771540868.0015843,28_2,28,das_work,8.529446840286255,48258,48,1
1771540868.044675,29_2,29,das_work,1.0598046779632568,48258,48,1
1771540880.0286963,29_2,29,das_work,7.785576343536377,48258,49,1
1771540880.046991,28_2,28,das_work,2.7914223670959477,48258,49,1
1771540892.0042949,29_2,29,das_work,2.6296777725219727,48258,50,1
1771540892.006536,28_2,28,das_work,8.010560989379883,48258,50,1
1771540904.0146115,28_2,28,das_work,1.474287509918213,48258,51,1
1771540904.015109,29_2,29,das_work,9.047439336776732,48258,51,1
1771540916.016441,28_2,28,das_work,10.262635707855225,48258,52,1
1771540916.019181,29_2,29,das_work,3.2269577980041504,48258,52,1
1771540928.002202,28_2,28,das_work,6.207479238510132,48258,53,1
1771540928.0139146,29_2,29,das_work,7.093911409378052,48258,53,1
1771540940.017337,28_2,28,das_work,5.487830400466919,48258,54,1
1771540940.025521,29_2,29,das_work,6.687351942062378,48258,54,1
1771540952.009739,28_3,28,das_work,4.3921287059783936,48258,55,1
1771540952.03099,29_2,29,das_work,8.421064376831055,48258,55,1
1771540964.0106845,29_3,29,das_work,7.305989742279053,48258,56,1
1771540964.0130408,28_3,28,das_work,2.106120109558105,48258,56,1
1771540975.997236,29_3,29,das_work,4.854019641876221,48258,57,1
1771540976.0026186,28_3,28,das_work,10.287111282348633,48258,57,1
1771540988.0014536,28_3,28,das_work,4.2819695472717285,48258,58,1
1771540988.0212786,29_3,29,das_work,2.698190450668335,48258,58,1
1771541000.0151043,29_3,29,das_work,8.731274366378784,48258,59,1
1771541000.0248508,28_3,28,das_work,4.031260967254639,48258,59,1
1771541011.9963684,28_3,28,das_work,1.2734549045562744,48258,60,1
1771541011.996987,29_3,29,das_work,3.233738422393799,48258,60,1
1771541023.9994898,28_3,28,das_work,7.021490812301636,48258,61,1
1771541024.0010583,29_3,29,das_work,7.916393518447876,48258,61,1
1771541035.998757,29_3,29,das_work,1.8295271396636963,48258,62,1
1771541036.0118413,28_3,28,das_work,5.770690679550171,48258,62,1
1771541047.9990892,28_3,28,das_work,5.763924837112427,48258,63,1
1771541048.0176497,29_3,29,das_work,9.932201147079468,48258,63,1
1771541060.0211532,28_3,28,das_work,0.8627903461456299,48258,64,1
1771541060.021305,29_3,29,das_work,8.909600734710693,48258,64,1
1771541071.9934382,29_3,29,das_work,3.0211167335510254,48258,65,1
1771541072.009751,28_3,28,das_work,1.6837196350097656,48258,65,1
1771541084.0033755,29_3,29,das_work,6.20416784286499,48258,66,1
1771541084.0159457,28_3,28,das_work,8.922674894332886,48258,66,1
1771541095.9907262,28_3,28,das_work,4.75322413444519,48258,67,1
1771541096.0054317,29_3,29,das_work,8.935851335525513,48258,67,1
1771541108.0018516,28_3,28,das_work,7.305469274520874,48258,68,1
1771541108.0197077,29_3,29,das_work,1.9834630489349363,48258,68,1
1771541120.0088332,29_3,29,das_work,8.430865049362183,48258,69,1
1771541120.023944,28_3,28,das_work,9.110153675079346,48258,69,1
1771541131.9952886,29_3,29,das_work,0.9027416706085204,48258,70,1
1771541132.0061314,28_4,28,das_work,1.9819459915161133,48258,70,1
1771541143.9889252,29_4,29,das_work,6.924093961715698,48258,71,1
1771541144.0048556,28_4,28,das_work,5.953399658203125,48258,71,1
1771541156.0016682,29_4,29,das_work,7.08672308921814,48258,72,1
1771541156.0043674,28_4,28,das_work,4.571672201156616,48258,72,1
1771541167.9906683,29_4,29,das_work,6.819727659225464,48258,73,1
1771541168.026116,28_4,28,das_work,4.93947696685791,48258,73,1
1771541179.9881885,29_4,29,das_work,4.547358512878418,48258,74,1
1771541180.013591,28_4,28,das_work,8.101104736328125,48258,74,1
1771541191.9802806,28_4,28,das_work,7.926757097244263,48258,75,1
1771541192.018296,29_4,29,das_work,9.734569072723389,48258,75,1
1771541203.998835,29_4,29,das_work,7.282853841781616,48258,76,1
1771541204.0140586,28_4,28,das_work,7.083756923675537,48258,76,1
1771541215.9935832,29_4,29,das_work,8.517250776290894,48258,77,1
1771541215.9944365,28_4,28,das_work,4.839270830154419,48258,77,1
1771541228.0286644,28_4,28,das_work,3.96373462677002,48258,78,1
1771541228.0328145,29_4,29,das_work,1.7568540573120115,48258,78,1
1771541239.9962535,28_4,28,das_work,7.521111249923706,48258,79,1
1771541240.0095837,29_4,29,das_work,5.757787704467773,48258,79,1
1771541251.9914656,28_4,28,das_work,4.8632402420043945,48258,80,1
1771541252.001752,29_4,29,das_work,6.771874904632568,48258,80,1
1771541263.980205,28_4,28,das_work,2.641466856002808,48258,81,1
1771541263.9910705,29_4,29,das_work,1.173743724822998,48258,81,1
1771541275.9984567,29_4,29,das_work,2.284757614135742,48258,82,1
1771541276.001906,28_4,28,das_work,1.8689255714416504,48258,82,1
1771541288.0061214,29_4,29,das_work,1.0332651138305664,48258,83,1
1771541288.0185146,28_4,28,das_work,7.18620491027832,48258,83,1
1771541299.9678895,29_4,29,das_work,8.344111919403076,48258,84,1
1771541299.983843,28_4,28,das_work,9.752211332321169,48258,84,1
1771541311.9808729,29_4,29,das_work,7.587616682052612,48258,85,1
1771540412.0217004,30_0,30,das_work,3.510709047317505,48258,10,1
1771540412.0236504,31_0,31,das_work,5.962004899978638,48258,10,1
1771540424.0271535,30_0,30,das_work,2.7847230434417725,48258,11,1
1771540424.077016,31_0,31,das_work,2.787022590637207,48258,11,1
1771540436.0198252,30_0,30,das_work,3.9410574436187744,48258,12,1
1771540436.0473905,31_0,31,das_work,4.637067556381226,48258,12,1
1771540448.016223,30_0,30,das_work,1.482377052307129,48258,13,1
1771540448.0204778,31_0,31,das_work,2.180708885192871,48258,13,1
1771540460.037391,31_0,31,das_work,4.350780487060547,48258,14,1
1771540460.0411985,30_0,30,das_work,8.308196067810059,48258,14,1
1771540472.0306118,30_0,30,das_work,3.340189218521118,48258,15,1
1771540472.0485954,31_0,31,das_work,6.566705703735352,48258,15,1
1771540484.0350122,30_0,30,das_work,7.112394571304321,48258,16,1
1771540484.0556717,31_0,31,das_work,4.159856081008911,48258,16,1
1771540496.0710385,30_0,30,das_work,4.643234491348267,48258,17,1
1771540496.071685,31_0,31,das_work,2.1059138774871826,48258,17,1
1771540508.03469,30_0,30,das_work,7.542328834533691,48258,18,1
1771540508.0454528,31_0,31,das_work,4.143661737442017,48258,18,1
1771540520.0372417,31_0,31,das_work,2.621328353881836,48258,19,1
1771540520.0668628,30_0,30,das_work,8.397210121154785,48258,19,1
1771540532.047212,31_0,31,das_work,5.169975280761719,48258,20,1
1771540532.059001,30_0,30,das_work,4.025707960128784,48258,20,1
1771540544.0373266,30_0,30,das_work,7.215562343597412,48258,21,1
1771540544.0433588,31_0,31,das_work,2.706559419631958,48258,21,1
1771540556.0325017,30_0,30,das_work,7.927138805389404,48258,22,1
1771540556.0409544,31_0,31,das_work,2.0174365043640137,48258,22,1
1771540568.045805,30_0,30,das_work,7.607706785202026,48258,23,1
1771540568.0697522,31_0,31,das_work,8.20263147354126,48258,23,1
1771540580.0432858,31_0,31,das_work,2.7188425064086914,48258,24,1
1771540580.0673077,30_0,30,das_work,5.959840297698975,48258,24,1
1771540592.0372314,30_1,30,das_work,9.55220103263855,48258,25,1
1771540592.0556805,31_1,31,das_work,6.667747974395752,48258,25,1
1771540604.029821,31_1,31,das_work,4.52562427520752,48258,26,1
1771540604.060675,30_1,30,das_work,7.375710964202881,48258,26,1
1771540616.0320442,30_1,30,das_work,7.650826692581177,48258,27,1
1771540616.0338924,31_1,31,das_work,6.263373374938965,48258,27,1
1771540628.0500424,30_1,30,das_work,5.04630184173584,48258,28,1
1771540628.0555818,31_1,31,das_work,6.25009036064148,48258,28,1
1771540640.040198,31_1,31,das_work,3.6141324043273926,48258,29,1
1771540640.0675907,30_1,30,das_work,8.609687805175781,48258,29,1
1771540652.03257,30_1,30,das_work,5.920568943023682,48258,30,1
1771540652.0449667,31_1,31,das_work,4.339233875274658,48258,30,1
1771540664.0297923,30_1,30,das_work,4.685478687286377,48258,31,1
1771540664.0503333,31_1,31,das_work,5.570744037628174,48258,31,1
1771540676.0332685,30_1,30,das_work,6.620640277862549,48258,32,1
1771540676.036298,31_1,31,das_work,7.527127027511597,48258,32,1
1771540688.036338,30_1,30,das_work,6.717092752456665,48258,33,1
1771540688.0426276,31_1,31,das_work,7.296334028244018,48258,33,1
1771540700.0266757,31_1,31,das_work,8.408948183059692,48258,34,1
1771540700.0657086,30_1,30,das_work,8.101306915283203,48258,34,1
1771540712.0376513,30_1,30,das_work,4.153130292892456,48258,35,1
1771540712.040038,31_1,31,das_work,9.498395681381226,48258,35,1
1771540724.0400057,31_1,31,das_work,7.112793445587158,48258,36,1
1771540724.0591145,30_1,30,das_work,5.543591260910034,48258,36,1
1771540736.0283463,30_1,30,das_work,7.34206748008728,48258,37,1
1771540736.0592926,31_1,31,das_work,2.6912474632263184,48258,37,1
1771540748.0441773,30_1,30,das_work,4.215897560119629,48258,38,1
1771540748.0590303,31_1,31,das_work,0.4499630928039551,48258,38,1
1771540760.0191848,30_1,30,das_work,2.184567213058472,48258,39,1
1771540760.021714,31_1,31,das_work,7.01007342338562,48258,39,1
1771540772.0140803,30_2,30,das_work,8.862596988677979,48258,40,1
1771540772.019475,31_2,31,das_work,8.119999885559082,48258,40,1
1771540784.0105252,30_2,30,das_work,2.5996768474578857,48258,41,1
1771540784.0216513,31_2,31,das_work,2.6337852478027344,48258,41,1
1771540796.016184,31_2,31,das_work,3.1497387886047363,48258,42,1
1771540796.018114,30_2,30,das_work,4.585566282272339,48258,42,1
1771540808.021912,31_2,31,das_work,1.3005003929138184,48258,43,1
1771540808.0495355,30_2,30,das_work,7.27877140045166,48258,43,1
1771540820.0207126,31_2,31,das_work,8.24690294265747,48258,44,1
1771540820.021226,30_2,30,das_work,5.668580532073975,48258,44,1
1771540832.023661,30_2,30,das_work,8.877215385437012,48258,45,1
1771540832.0520663,31_2,31,das_work,7.39361047744751,48258,45,1
1771540844.023636,30_2,30,das_work,4.563148498535156,48258,46,1
1771540844.0308442,31_2,31,das_work,2.596907138824463,48258,46,1
1771540856.0165691,30_2,30,das_work,0.3963251113891601,48258,47,1
1771540856.0263531,31_2,31,das_work,7.905221223831177,48258,47,1
1771540868.0011928,30_2,30,das_work,1.6801273822784424,48258,48,1
1771540868.040863,31_2,31,das_work,7.189809083938599,48258,48,1
1771540880.0216472,31_2,31,das_work,8.648869037628174,48258,49,1
1771540880.023429,30_2,30,das_work,6.099344968795776,48258,49,1
1771540892.010845,31_2,31,das_work,3.580985307693481,48258,50,1
1771540892.034191,30_2,30,das_work,6.274467706680298,48258,50,1
1771540904.0137224,30_2,30,das_work,8.312157392501831,48258,51,1
1771540904.017038,31_2,31,das_work,6.382752895355225,48258,51,1
1771540916.0079346,30_2,30,das_work,10.190940141677856,48258,52,1
1771540916.0235813,31_2,31,das_work,2.380277395248413,48258,52,1
1771540928.0086706,31_2,31,das_work,2.532397508621216,48258,53,1
1771540928.0202422,30_2,30,das_work,6.69187593460083,48258,53,1
1771540940.005498,30_2,30,das_work,2.088644027709961,48258,54,1
1771540940.017557,31_2,31,das_work,6.516474962234497,48258,54,1
1771540952.0100443,31_3,31,das_work,7.238947629928589,48258,55,1
1771540952.012985,30_3,30,das_work,1.2776508331298828,48258,55,1
1771540964.0157127,30_3,30,das_work,8.169811487197876,48258,56,1
1771540964.0180202,31_3,31,das_work,3.569631576538086,48258,56,1
1771540976.0049796,31_3,31,das_work,4.775378704071045,48258,57,1
1771540976.03993,30_3,30,das_work,7.269689559936523,48258,57,1
1771540988.0020125,30_3,30,das_work,4.977477788925171,48258,58,1
1771540988.0103798,31_3,31,das_work,5.280284881591797,48258,58,1
1771541000.0041058,31_3,31,das_work,5.135943174362183,48258,59,1
1771541000.0070405,30_3,30,das_work,7.475128173828125,48258,59,1
1771541012.005,31_3,31,das_work,9.072816610336304,48258,60,1
1771541012.019781,30_3,30,das_work,2.398805618286133,48258,60,1
1771541024.0098088,31_3,31,das_work,6.580825805664063,48258,61,1
1771541024.0345037,30_3,30,das_work,6.975157260894775,48258,61,1
1771541035.997248,30_3,30,das_work,3.9378957748413086,48258,62,1
1771541036.0019372,31_3,31,das_work,7.903498411178589,48258,62,1
1771541048.0045698,31_3,31,das_work,4.733922719955444,48258,63,1
1771541048.0166397,30_3,30,das_work,5.44542670249939,48258,63,1
1771541060.0064754,30_3,30,das_work,3.5363452434539795,48258,64,1
1771541060.0190804,31_3,31,das_work,4.92217230796814,48258,64,1
1771541071.9932368,30_3,30,das_work,8.515099287033081,48258,65,1
1771541072.0106368,31_3,31,das_work,2.282919883728028,48258,65,1
1771541083.9969013,30_3,30,das_work,7.631282091140747,48258,66,1
1771541084.032014,31_3,31,das_work,1.2694344520568848,48258,66,1
1771541096.000869,30_3,30,das_work,6.08726978302002,48258,67,1
1771541096.0309024,31_3,31,das_work,6.568731307983398,48258,67,1
1771541107.991314,30_3,30,das_work,7.021487951278687,48258,68,1
1771541108.0031548,31_3,31,das_work,8.277804374694824,48258,68,1
1771541120.012818,31_3,31,das_work,6.506179332733154,48258,69,1
1771541120.020444,30_3,30,das_work,6.809986114501953,48258,69,1
1771541131.9883194,30_4,30,das_work,5.381760358810425,48258,70,1
1771541131.998717,31_4,31,das_work,3.652831077575684,48258,70,1
1771541143.9830253,30_4,30,das_work,5.10692572593689,48258,71,1
1771541143.9832497,31_4,31,das_work,6.539205074310303,48258,71,1
1771541155.9955702,30_4,30,das_work,0.9113929271697998,48258,72,1
1771541156.0065222,31_4,31,das_work,9.42617154121399,48258,72,1
1771541167.9962776,31_4,31,das_work,7.137617349624634,48258,73,1
1771541168.0083964,30_4,30,das_work,3.5125186443328857,48258,73,1
1771541179.9971404,30_4,30,das_work,8.82525897026062,48258,74,1
1771541180.0034344,31_4,31,das_work,5.238043785095215,48258,74,1
1771541191.992927,30_4,30,das_work,8.014431238174438,48258,75,1
1771541192.0221076,31_4,31,das_work,6.58373498916626,48258,75,1
1771541203.9831877,30_4,30,das_work,6.041586399078369,48258,76,1
1771541203.983711,31_4,31,das_work,9.530011653900146,48258,76,1
1771541215.990954,30_4,30,das_work,4.328951120376587,48258,77,1
1771541215.991886,31_4,31,das_work,5.186130046844482,48258,77,1
1771541228.025691,31_4,31,das_work,8.901585102081299,48258,78,1
1771541228.0350232,30_4,30,das_work,4.580026388168335,48258,78,1
1771541239.989827,30_4,30,das_work,4.819612503051758,48258,79,1
1771541239.9948895,31_4,31,das_work,3.9091885089874263,48258,79,1
1771541251.9780524,31_4,31,das_work,3.5624561309814453,48258,80,1
1771541251.9995043,30_4,30,das_work,1.6805109977722168,48258,80,1
1771541263.9857156,31_4,31,das_work,9.371933460235596,48258,81,1
1771541263.9884627,30_4,30,das_work,4.336291313171387,48258,81,1
1771541276.0176902,31_4,31,das_work,7.600847482681274,48258,82,1
1771541276.0182064,30_4,30,das_work,6.689043045043945,48258,82,1
1771541288.0018263,30_4,30,das_work,2.551722526550293,48258,83,1
1771541288.018005,31_4,31,das_work,5.401357889175415,48258,83,1
1771541299.9715216,30_4,30,das_work,3.1553053855896,48258,84,1
1771541299.97244,31_4,31,das_work,2.2075388431549072,48258,84,1
1771540412.0595863,33_0,33,das_work,4.01803469657898,48258,10,1
1771540424.0479958,33_0,33,das_work,8.522231101989746,48258,11,1
1771540424.0615304,32_0,32,das_work,1.0586674213409424,48258,11,1
1771540436.020113,32_0,32,das_work,4.83775782585144,48258,12,1
1771540436.0215058,33_0,33,das_work,3.838865280151367,48258,12,1
1771540448.0203676,33_0,33,das_work,2.792884349822998,48258,13,1
1771540448.052827,32_0,32,das_work,4.219076633453369,48258,13,1
1771540460.032796,33_0,33,das_work,3.4552509784698486,48258,14,1
1771540460.071742,32_0,32,das_work,2.79618763923645,48258,14,1
1771540472.0332315,32_0,32,das_work,6.302229642868042,48258,15,1
1771540472.0447342,33_0,33,das_work,3.510223627090454,48258,15,1
1771540484.051469,32_0,32,das_work,1.1758809089660645,48258,16,1
1771540484.062246,33_0,33,das_work,6.664421796798706,48258,16,1
1771540496.071124,33_0,33,das_work,1.0603344440460205,48258,17,1
1771540496.0730977,32_0,32,das_work,3.304776906967163,48258,17,1
1771540508.0520265,32_0,32,das_work,7.1186203956604,48258,18,1
1771540508.052557,33_0,33,das_work,7.414765357971191,48258,18,1
1771540520.0662818,32_0,32,das_work,5.58052134513855,48258,19,1
1771540520.0668285,33_0,33,das_work,8.837308883666992,48258,19,1
1771540532.0434215,33_0,33,das_work,7.529030323028564,48258,20,1
1771540532.0758488,32_0,32,das_work,7.292280435562134,48258,20,1
1771540544.0564847,32_0,32,das_work,4.845592021942139,48258,21,1
1771540544.0569775,33_0,33,das_work,9.147825717926024,48258,21,1
1771540556.034842,33_0,33,das_work,9.151397228240969,48258,22,1
1771540556.049405,32_0,32,das_work,6.461130857467651,48258,22,1
1771540568.0428326,33_0,33,das_work,2.512110710144043,48258,23,1
1771540568.0672083,32_0,32,das_work,9.029406309127808,48258,23,1
1771540580.0377598,32_0,32,das_work,2.400489330291748,48258,24,1
1771540580.0467649,33_0,33,das_work,4.739456415176392,48258,24,1
1771540592.040659,32_0,32,das_work,9.682653427124023,48258,25,1
1771540592.0473318,33_1,33,das_work,2.803129196166992,48258,25,1
1771540604.0426576,32_1,32,das_work,1.6954388618469238,48258,26,1
1771540604.043243,33_1,33,das_work,3.135170221328736,48258,26,1
1771540616.0550616,33_1,33,das_work,6.976102828979492,48258,27,1
1771540616.0711164,32_1,32,das_work,1.8765060901641848,48258,27,1
1771540628.0458574,32_1,32,das_work,2.086954355239868,48258,28,1
1771540628.0488913,33_1,33,das_work,7.911494970321655,48258,28,1
1771540640.0246892,33_1,33,das_work,9.42891263961792,48258,29,1
1771540640.0474918,32_1,32,das_work,2.298068046569824,48258,29,1
1771540652.042791,32_1,32,das_work,8.309160232543945,48258,30,1
1771540652.0533109,33_1,33,das_work,4.929609298706055,48258,30,1
1771540664.0289292,33_1,33,das_work,6.686068534851074,48258,31,1
1771540664.0438795,32_1,32,das_work,7.083663702011108,48258,31,1
1771540676.0328867,33_1,33,das_work,0.8909821510314941,48258,32,1
1771540676.0366187,32_1,32,das_work,9.666229963302612,48258,32,1
1771540688.031525,33_1,33,das_work,4.988627433776856,48258,33,1
1771540688.0468776,32_1,32,das_work,1.768831491470337,48258,33,1
1771540700.039715,32_1,32,das_work,3.021089792251587,48258,34,1
1771540700.0597496,33_1,33,das_work,1.3649704456329346,48258,34,1
1771540712.0203197,32_1,32,das_work,2.4023971557617188,48258,35,1
1771540712.044422,33_1,33,das_work,4.324193477630615,48258,35,1
1771540724.0252888,33_1,33,das_work,8.91060209274292,48258,36,1
1771540724.029207,32_1,32,das_work,6.768002033233643,48258,36,1
1771540736.0290112,32_1,32,das_work,5.92392635345459,48258,37,1
1771540736.0322337,33_1,33,das_work,3.857370615005493,48258,37,1
1771540748.019642,33_1,33,das_work,2.6098453998565674,48258,38,1
1771540748.055321,32_1,32,das_work,1.9836151599884035,48258,38,1
1771540760.030207,32_1,32,das_work,4.961640357971191,48258,39,1
1771540760.0334404,33_1,33,das_work,6.270929336547852,48258,39,1
1771540772.01355,33_2,33,das_work,9.070887327194214,48258,40,1
1771540772.0299454,32_1,32,das_work,1.059650182723999,48258,40,1
1771540784.0119052,32_2,32,das_work,1.898698329925537,48258,41,1
1771540784.0220375,33_2,33,das_work,1.3164548873901367,48258,41,1
1771540796.015265,32_2,32,das_work,3.7650742530822754,48258,42,1
1771540796.0515423,33_2,33,das_work,3.5163583755493164,48258,42,1
1771540808.0331604,32_2,32,das_work,4.153598308563232,48258,43,1
1771540808.03327,33_2,33,das_work,2.1075165271759038,48258,43,1
1771540820.0312965,32_2,32,das_work,3.1090986728668213,48258,44,1
1771540820.0509212,33_2,33,das_work,7.485919952392578,48258,44,1
1771540832.0291853,32_2,32,das_work,2.6499128341674805,48258,45,1
1771540832.0347457,33_2,33,das_work,6.262423038482666,48258,45,1
1771540844.019796,33_2,33,das_work,1.423996925354004,48258,46,1
1771540844.0383475,32_2,32,das_work,8.291898250579834,48258,46,1
1771540856.0200615,32_2,32,das_work,3.723467350006104,48258,47,1
1771540856.0252538,33_2,33,das_work,7.733908414840698,48258,47,1
1771540868.0494742,33_2,33,das_work,8.349707126617432,48258,48,1
1771540868.049991,32_2,32,das_work,7.015275955200195,48258,48,1
1771540880.0075693,33_2,33,das_work,0.2516815662384033,48258,49,1
1771540880.0082693,32_2,32,das_work,7.444019556045532,48258,49,1
1771540892.0138135,32_2,32,das_work,6.50762677192688,48258,50,1
1771540892.0384245,33_2,33,das_work,8.93026328086853,48258,50,1
1771540904.0070543,32_2,32,das_work,2.505864143371582,48258,51,1
1771540904.02362,33_2,33,das_work,3.811330795288086,48258,51,1
1771540916.023043,32_2,32,das_work,5.552973985671997,48258,52,1
1771540916.0343115,33_2,33,das_work,1.4669649600982666,48258,52,1
1771540928.0033915,32_2,32,das_work,6.993846416473389,48258,53,1
1771540928.003503,33_2,33,das_work,5.898333787918091,48258,53,1
1771540940.018339,33_2,33,das_work,7.423534393310547,48258,54,1
1771540940.0242069,32_2,32,das_work,5.14871072769165,48258,54,1
1771540952.0021982,33_3,33,das_work,4.180670261383057,48258,55,1
1771540952.0152814,32_2,32,das_work,8.21332335472107,48258,55,1
1771540964.01377,33_3,33,das_work,3.938173294067383,48258,56,1
1771540964.0225294,32_3,32,das_work,6.115670919418335,48258,56,1
1771540976.0069735,33_3,33,das_work,1.0732076168060305,48258,57,1
1771540976.019358,32_3,32,das_work,7.681463956832886,48258,57,1
1771540988.0179255,32_3,32,das_work,0.4471867084503174,48258,58,1
1771540988.0288246,33_3,33,das_work,4.934993505477905,48258,58,1
1771541000.0112813,32_3,32,das_work,1.912545919418335,48258,59,1
1771541000.0247965,33_3,33,das_work,3.814895868301392,48258,59,1
1771541011.9963284,32_3,32,das_work,8.123860836029053,48258,60,1
1771541012.020238,33_3,33,das_work,5.969605684280396,48258,60,1
1771541023.9947588,33_3,33,das_work,5.370204448699951,48258,61,1
1771541024.0343082,32_3,32,das_work,8.505091190338135,48258,61,1
1771541035.993387,32_3,32,das_work,4.892318248748779,48258,62,1
1771541036.0018282,33_3,33,das_work,7.767622232437134,48258,62,1
1771541047.9923077,33_3,33,das_work,4.263671636581421,48258,63,1
1771541047.9989157,32_3,32,das_work,3.661302089691162,48258,63,1
1771541059.9961283,32_3,32,das_work,1.5203871726989746,48258,64,1
1771541060.0155747,33_3,33,das_work,6.154784202575684,48258,64,1
1771541071.9978068,32_3,32,das_work,3.125290870666504,48258,65,1
1771541072.0014367,33_3,33,das_work,7.9990575313568115,48258,65,1
1771541083.9946373,33_3,33,das_work,2.235514640808105,48258,66,1
1771541084.0093746,32_3,32,das_work,3.8295702934265137,48258,66,1
1771541096.0052023,33_3,33,das_work,8.861127138137817,48258,67,1
1771541096.0299332,32_3,32,das_work,7.486932992935181,48258,67,1
1771541107.9933896,33_3,33,das_work,8.756642580032349,48258,68,1
1771541108.0010717,32_3,32,das_work,0.5930666923522949,48258,68,1
1771541120.0053892,32_3,32,das_work,2.5243020057678223,48258,69,1
1771541120.0147774,33_3,33,das_work,3.0160229206085205,48258,69,1
1771541131.9845855,32_3,32,das_work,8.919536590576172,48258,70,1
1771541132.0295131,33_4,33,das_work,4.330073118209839,48258,70,1
1771541143.9835863,32_4,32,das_work,6.263817310333252,48258,71,1
1771541144.0149603,33_4,33,das_work,4.215924739837647,48258,71,1
1771541155.9964783,32_4,32,das_work,1.702519416809082,48258,72,1
1771541156.0052118,33_4,33,das_work,3.2610976696014404,48258,72,1
1771541168.0055592,32_4,32,das_work,6.886028051376343,48258,73,1
1771541168.0068564,33_4,33,das_work,2.412114381790161,48258,73,1
1771541179.9932964,33_4,33,das_work,1.2036004066467283,48258,74,1
1771541179.9947264,32_4,32,das_work,8.639933586120605,48258,74,1
1771541191.9832714,33_4,33,das_work,8.334985971450806,48258,75,1
1771541192.0236266,32_4,32,das_work,8.113866090774536,48258,75,1
1771541204.0088422,32_4,32,das_work,1.6706931591033936,48258,76,1
1771541204.0104232,33_4,33,das_work,4.625450372695923,48258,76,1
1771541215.9877386,33_4,33,das_work,1.178225040435791,48258,77,1
1771541216.0125017,32_4,32,das_work,3.29790472984314,48258,77,1
1771541228.022136,32_4,32,das_work,3.802631378173828,48258,78,1
1771541228.042138,33_4,33,das_work,4.347970008850098,48258,78,1
1771541239.9917724,33_4,33,das_work,8.915188789367676,48258,79,1
1771541239.999726,32_4,32,das_work,8.723796844482422,48258,79,1
1771541252.0096436,32_4,32,das_work,8.875208616256714,48258,80,1
1771541252.0101397,33_4,33,das_work,9.28246545791626,48258,80,1
1771541263.9831626,32_4,32,das_work,9.558899164199827,48258,81,1
1771541263.9842286,33_4,33,das_work,7.028259038925171,48258,81,1
1771541275.9827244,32_4,32,das_work,5.998371362686157,48258,82,1
1771541276.014663,33_4,33,das_work,2.381373167037964,48258,82,1
1771541288.008139,32_4,32,das_work,2.635566234588623,48258,83,1
1771541288.0229206,33_4,33,das_work,7.389320373535156,48258,83,1
1771541299.967141,33_4,33,das_work,3.4653332233428955,48258,84,1
1771541299.9877305,32_4,32,das_work,1.160456895828247,48258,84,1
1771541312.0043526,32_4,32,das_work,8.308607339859009,48258,85,1
1771540424.08511,34_0,34,das_work,10.153728723526,48258,11,1
1771540436.019469,34_0,34,das_work,9.464301109313965,48258,12,1
1771540436.0212212,35_0,35,das_work,11.418207168579102,48258,12,1
1771540448.0496366,34_0,34,das_work,5.148321151733398,48258,13,1
1771540448.0548468,35_0,35,das_work,4.931128978729248,48258,13,1
1771540460.0330694,34_0,34,das_work,5.360140562057495,48258,14,1
1771540460.0384629,35_0,35,das_work,2.022683620452881,48258,14,1
1771540472.0456407,34_0,34,das_work,6.977436542510986,48258,15,1
1771540472.046342,35_0,35,das_work,6.800645112991333,48258,15,1
1771540484.0467474,35_0,35,das_work,3.4427826404571533,48258,16,1
1771540484.048067,34_0,34,das_work,5.263942718505859,48258,16,1
1771540496.0514054,34_0,34,das_work,8.768956184387207,48258,17,1
1771540496.0541887,35_0,35,das_work,4.90361762046814,48258,17,1
1771540508.0359292,35_0,35,das_work,5.488709449768066,48258,18,1
1771540508.04731,34_0,34,das_work,7.705271005630493,48258,18,1
1771540520.055684,34_0,34,das_work,7.090057134628296,48258,19,1
1771540520.0570712,35_0,35,das_work,5.14555287361145,48258,19,1
1771540532.0587564,35_0,35,das_work,2.2072014808654785,48258,20,1
1771540532.076193,34_0,34,das_work,9.010308742523192,48258,20,1
1771540544.046317,35_0,35,das_work,9.21652364730835,48258,21,1
1771540544.0491416,34_0,34,das_work,10.251399517059326,48258,21,1
1771540556.060062,34_0,34,das_work,6.787243366241455,48258,22,1
1771540556.0607078,35_0,35,das_work,4.040028095245361,48258,22,1
1771540568.0374942,35_0,35,das_work,4.063473701477051,48258,23,1
1771540568.0461228,34_0,34,das_work,4.332328796386719,48258,23,1
1771540580.0330777,34_0,34,das_work,0.3794219493865967,48258,24,1
1771540580.066258,35_0,35,das_work,4.937747955322266,48258,24,1
1771540592.066782,34_0,34,das_work,9.047392129898071,48258,25,1
1771540592.0673206,35_0,35,das_work,4.455957174301148,48258,25,1
1771540604.066765,35_0,35,das_work,1.8904898166656492,48258,26,1
1771540604.067332,34_1,34,das_work,6.392163038253784,48258,26,1
1771540616.043008,34_1,34,das_work,5.511704683303833,48258,27,1
1771540616.061755,35_1,35,das_work,8.819777965545654,48258,27,1
1771540628.0444784,35_1,35,das_work,4.852349519729614,48258,28,1
1771540628.0486062,34_1,34,das_work,2.204495906829834,48258,28,1
1771540640.0325105,34_1,34,das_work,1.7141151428222656,48258,29,1
1771540640.0541685,35_1,35,das_work,7.691287994384766,48258,29,1
1771540652.0282345,35_1,35,das_work,1.390960454940796,48258,30,1
1771540652.0441368,34_1,34,das_work,6.773420810699463,48258,30,1
1771540664.0541172,34_1,34,das_work,7.378496170043945,48258,31,1
1771540664.0660098,35_1,35,das_work,2.8981850147247314,48258,31,1
1771540676.0347738,35_1,35,das_work,7.414907932281494,48258,32,1
1771540676.057716,34_1,34,das_work,2.181675434112549,48258,32,1
1771540688.0321126,34_1,34,das_work,8.24244213104248,48258,33,1
1771540688.0446868,35_1,35,das_work,6.061808109283447,48258,33,1
1771540700.0361822,35_1,35,das_work,2.823138952255249,48258,34,1
1771540700.0588298,34_1,34,das_work,5.446205377578735,48258,34,1
1771540712.026409,35_1,35,das_work,4.140113830566406,48258,35,1
1771540712.0560734,34_1,34,das_work,4.426503896713257,48258,35,1
1771540724.045419,34_1,34,das_work,8.433534622192383,48258,36,1
1771540724.045966,35_1,35,das_work,4.460758924484253,48258,36,1
1771540736.0274136,35_1,35,das_work,4.947952508926392,48258,37,1
1771540736.0598695,34_1,34,das_work,2.99451231956482,48258,37,1
1771540748.0205064,34_1,34,das_work,8.715430974960327,48258,38,1
1771540748.0295906,35_1,35,das_work,3.2719368934631348,48258,38,1
1771540760.0265346,34_1,34,das_work,0.7012054920196533,48258,39,1
1771540760.032793,35_1,35,das_work,7.706717252731323,48258,39,1
1771540772.0423627,35_1,35,das_work,7.492750406265259,48258,40,1
1771540772.053658,34_1,34,das_work,8.399721622467041,48258,40,1
1771540784.011151,35_1,35,das_work,6.385017156600952,48258,41,1
1771540784.015906,34_2,34,das_work,6.8821985721588135,48258,41,1
1771540796.0320458,34_2,34,das_work,6.165119886398315,48258,42,1
1771540796.0575445,35_2,35,das_work,3.097965955734253,48258,42,1
1771540808.0191717,34_2,34,das_work,7.461504697799683,48258,43,1
1771540808.0281231,35_2,35,das_work,6.481441497802734,48258,43,1
1771540820.0217097,35_2,35,das_work,3.542459011077881,48258,44,1
1771540820.0222442,34_2,34,das_work,7.722869634628296,48258,44,1
1771540832.032547,34_2,34,das_work,7.901611089706421,48258,45,1
1771540832.050372,35_2,35,das_work,6.361854314804077,48258,45,1
1771540844.0254607,35_2,35,das_work,9.02226972579956,48258,46,1
1771540844.0302055,34_2,34,das_work,3.830995798110962,48258,46,1
1771540856.0137234,34_2,34,das_work,1.6046013832092283,48258,47,1
1771540856.0472727,35_2,35,das_work,1.3671596050262451,48258,47,1
1771540868.0154586,35_2,35,das_work,7.000404596328735,48258,48,1
1771540868.0399742,34_2,34,das_work,8.224209547042847,48258,48,1
1771540880.010866,34_2,34,das_work,2.3209304809570312,48258,49,1
1771540880.0224433,35_2,35,das_work,8.204518556594849,48258,49,1
1771540892.0033858,35_2,35,das_work,7.015116691589356,48258,50,1
1771540892.0442789,34_2,34,das_work,2.0845954418182373,48258,50,1
1771540904.0225933,35_2,35,das_work,5.742697477340698,48258,51,1
1771540904.0227444,34_2,34,das_work,6.383612155914307,48258,51,1
1771540916.0123403,35_2,35,das_work,4.629122257232666,48258,52,1
1771540916.026578,34_2,34,das_work,1.6641318798065186,48258,52,1
1771540928.008276,34_2,34,das_work,7.639876365661621,48258,53,1
1771540928.0168138,35_2,35,das_work,3.715423583984375,48258,53,1
1771540940.009804,34_2,34,das_work,9.44251585006714,48258,54,1
1771540940.0164502,35_2,35,das_work,7.752198219299316,48258,54,1
1771540952.0013263,34_2,34,das_work,7.857589721679687,48258,55,1
1771540952.00209,35_2,35,das_work,3.4855451583862305,48258,55,1
1771540964.0136228,35_2,35,das_work,1.7982540130615234,48258,56,1
1771540964.0259235,34_3,34,das_work,9.414883375167848,48258,56,1
1771540976.0021238,34_3,34,das_work,5.69260835647583,48258,57,1
1771540976.0059178,35_3,35,das_work,2.5364415645599365,48258,57,1
1771540988.0074816,34_3,34,das_work,9.775282859802246,48258,58,1
1771540988.0095646,35_3,35,das_work,6.621413707733154,48258,58,1
1771541000.0010664,34_3,34,das_work,4.785491228103638,48258,59,1
1771541000.009341,35_3,35,das_work,2.6345393657684326,48258,59,1
1771541012.012146,35_3,35,das_work,5.6918017864227295,48258,60,1
1771541012.0145729,34_3,34,das_work,9.15369749069214,48258,60,1
1771541024.00848,34_3,34,das_work,3.9380404949188232,48258,61,1
1771541024.0347197,35_3,35,das_work,9.009654760360718,48258,61,1
1771541035.994296,34_3,34,das_work,5.190865516662598,48258,62,1
1771541035.9976244,35_3,35,das_work,9.082740783691406,48258,62,1
1771541048.0230944,35_3,35,das_work,5.680757999420166,48258,63,1
1771541048.023574,34_3,34,das_work,7.61475682258606,48258,63,1
1771541059.9951987,34_3,34,das_work,8.485716581344604,48258,64,1
1771541060.008925,35_3,35,das_work,4.513026714324951,48258,64,1
1771541071.9953,34_3,34,das_work,7.711904764175415,48258,65,1
1771541072.011236,35_3,35,das_work,4.732041597366333,48258,65,1
1771541083.992448,34_3,34,das_work,1.580482006072998,48258,66,1
1771541083.9964013,35_3,35,das_work,9.251065731048584,48258,66,1
1771541096.0067654,35_3,35,das_work,1.2107305526733398,48258,67,1
1771541096.0207293,34_3,34,das_work,1.881119966506958,48258,67,1
1771541108.002046,35_3,35,das_work,4.902338266372681,48258,68,1
1771541108.0163193,34_3,34,das_work,6.278555154800415,48258,68,1
1771541120.0004888,35_3,35,das_work,7.257495164871216,48258,69,1
1771541120.0082402,34_3,34,das_work,4.66462779045105,48258,69,1
1771541131.9908998,35_3,35,das_work,6.061575412750244,48258,70,1
1771541131.9974298,34_3,34,das_work,2.2368009090423584,48258,70,1
1771541143.9838605,35_3,35,das_work,1.9117300510406492,48258,71,1
1771541143.9925883,34_4,34,das_work,8.1446692943573,48258,71,1
1771541155.9889982,34_4,34,das_work,3.981109142303467,48258,72,1
1771541156.0001495,35_4,35,das_work,8.223617315292358,48258,72,1
1771541167.9891374,35_4,35,das_work,4.064598798751831,48258,73,1
1771541167.9955378,34_4,34,das_work,6.608046293258667,48258,73,1
1771541180.0030355,34_4,34,das_work,2.6073617935180664,48258,74,1
1771541180.0224714,35_4,35,das_work,6.871139526367188,48258,74,1
1771541191.9908607,35_4,35,das_work,9.17453408241272,48258,75,1
1771541191.995438,34_4,34,das_work,3.827906847000122,48258,75,1
1771541203.9874954,35_4,35,das_work,1.7038605213165283,48258,76,1
1771541204.0128248,34_4,34,das_work,6.372624158859253,48258,76,1
1771541215.989193,35_4,35,das_work,8.634907007217407,48258,77,1
1771541216.012272,34_4,34,das_work,2.391998291015625,48258,77,1
1771541228.0225194,34_4,34,das_work,7.907602548599243,48258,78,1
1771541228.0294278,35_4,35,das_work,8.784945487976074,48258,78,1
1771541239.9912145,34_4,34,das_work,1.221296310424805,48258,79,1
1771541240.0151815,35_4,35,das_work,8.709179401397705,48258,79,1
1771541251.974554,35_4,35,das_work,6.314340829849243,48258,80,1
1771541251.9786167,34_4,34,das_work,8.568592309951782,48258,80,1
1771541263.9750285,35_4,35,das_work,6.699814558029175,48258,81,1
1771541263.978343,34_4,34,das_work,2.195204019546509,48258,81,1
1771541275.983086,34_4,34,das_work,4.369579553604126,48258,82,1
1771541275.995849,35_4,35,das_work,4.549153804779053,48258,82,1
1771541287.9957094,34_4,34,das_work,9.070844411849976,48258,83,1
1771541288.025522,35_4,35,das_work,4.830166339874268,48258,83,1
1771541299.9720688,35_4,35,das_work,2.020639657974243,48258,84,1
1771541299.9725876,34_4,34,das_work,1.935917377471924,48258,84,1
1771541311.9545114,34_4,34,das_work,4.861684799194336,48258,85,1
1771541311.981714,35_4,35,das_work,9.427132368087769,48258,85,1
1771541323.9693215,35_4,35,das_work,8.809711456298828,48258,86,1
1771540411.9979856,37_0,37,das_work,0.5728864669799805,48258,10,1
1771540424.0110407,37_0,37,das_work,7.307755708694458,48258,11,1
1771540424.029636,36_0,36,das_work,1.561774969100952,48258,11,1
1771540436.0229309,36_0,36,das_work,5.442973852157593,48258,12,1
1771540436.047007,37_0,37,das_work,6.248396873474121,48258,12,1
1771540448.020072,36_0,36,das_work,9.226387977600098,48258,13,1
1771540448.080588,37_0,37,das_work,8.013968706130981,48258,13,1
1771540460.031761,36_0,36,das_work,3.032679319381714,48258,14,1
1771540460.071973,37_0,37,das_work,5.33786416053772,48258,14,1
1771540472.0398848,36_0,36,das_work,3.450901508331299,48258,15,1
1771540472.0689712,37_0,37,das_work,6.966744422912598,48258,15,1
1771540484.0386295,37_0,37,das_work,6.593307018280029,48258,16,1
1771540484.0550308,36_0,36,das_work,2.894556760787964,48258,16,1
1771540496.0474432,37_0,37,das_work,6.547086477279663,48258,17,1
1771540496.051161,36_0,36,das_work,2.161466598510742,48258,17,1
1771540508.051345,37_0,37,das_work,4.842076063156128,48258,18,1
1771540508.0612843,36_0,36,das_work,5.24806547164917,48258,18,1
1771540520.0387208,37_0,37,das_work,2.396547555923462,48258,19,1
1771540520.067054,36_0,36,das_work,4.43013596534729,48258,19,1
1771540532.0609436,36_0,36,das_work,5.8203208446502686,48258,20,1
1771540532.0622168,37_0,37,das_work,2.895420789718628,48258,20,1
1771540544.0385036,37_0,37,das_work,2.244654655456543,48258,21,1
1771540544.042688,36_0,36,das_work,7.340903997421265,48258,21,1
1771540556.0484214,36_0,36,das_work,8.964548110961914,48258,22,1
1771540556.0511253,37_0,37,das_work,5.144216060638428,48258,22,1
1771540568.0383215,37_0,37,das_work,3.657165288925171,48258,23,1
1771540568.0413935,36_0,36,das_work,8.344407558441162,48258,23,1
1771540580.0323124,36_0,36,das_work,6.572929620742798,48258,24,1
1771540580.0678184,37_0,37,das_work,8.930444717407227,48258,24,1
1771540592.0299668,37_1,37,das_work,9.252960443496704,48258,25,1
1771540592.032493,36_0,36,das_work,6.596122741699219,48258,25,1
1771540604.030444,37_1,37,das_work,3.7146520614624015,48258,26,1
1771540604.047037,36_1,36,das_work,5.7893054485321045,48258,26,1
1771540616.0326877,36_1,36,das_work,9.854166030883787,48258,27,1
1771540616.0382328,37_1,37,das_work,8.14663290977478,48258,27,1
1771540628.038165,36_1,36,das_work,5.6626458168029785,48258,28,1
1771540628.042541,37_1,37,das_work,1.5008947849273682,48258,28,1
1771540640.0267563,37_1,37,das_work,2.896305561065674,48258,29,1
1771540640.038242,36_1,36,das_work,3.670362710952759,48258,29,1
1771540652.0301356,36_1,36,das_work,8.024709939956665,48258,30,1
1771540652.050743,37_1,37,das_work,3.5144739151000977,48258,30,1
1771540664.0222504,36_1,36,das_work,7.104846954345703,48258,31,1
1771540664.0436451,37_1,37,das_work,3.522040367126465,48258,31,1
1771540676.0308907,36_1,36,das_work,9.13179349899292,48258,32,1
1771540676.044925,37_1,37,das_work,4.748882055282593,48258,32,1
1771540688.03517,37_1,37,das_work,3.440906047821045,48258,33,1
1771540688.040614,36_1,36,das_work,7.507467269897461,48258,33,1
1771540700.026147,37_1,37,das_work,2.956508159637451,48258,34,1
1771540700.048395,36_1,36,das_work,8.915011405944824,48258,34,1
1771540712.0298169,36_1,36,das_work,3.954090595245361,48258,35,1
1771540712.030789,37_1,37,das_work,2.8346993923187256,48258,35,1
1771540724.025643,37_1,37,das_work,4.886875629425049,48258,36,1
1771540724.062293,36_1,36,das_work,3.505685567855835,48258,36,1
1771540736.0264635,37_1,37,das_work,6.881179332733154,48258,37,1
1771540736.035446,36_1,36,das_work,4.43295693397522,48258,37,1
1771540748.0149477,36_1,36,das_work,8.17024850845337,48258,38,1
1771540748.028896,37_1,37,das_work,2.866539239883423,48258,38,1
1771540760.0251863,37_1,37,das_work,1.4281563758850098,48258,39,1
1771540760.0307362,36_1,36,das_work,2.8962647914886475,48258,39,1
1771540772.0143728,36_1,36,das_work,4.261519432067871,48258,40,1
1771540772.0157049,37_2,37,das_work,4.895298480987549,48258,40,1
1771540784.0268097,37_2,37,das_work,3.3747928142547607,48258,41,1
1771540784.0321453,36_2,36,das_work,9.230624198913574,48258,41,1
1771540796.0347795,37_2,37,das_work,4.72803258895874,48258,42,1
1771540796.057427,36_2,36,das_work,2.1882846355438232,48258,42,1
1771540808.0145736,37_2,37,das_work,2.7428207397460938,48258,43,1
1771540808.0534542,36_2,36,das_work,9.748840570449827,48258,43,1
1771540820.0210378,37_2,37,das_work,2.68878436088562,48258,44,1
1771540820.0238984,36_2,36,das_work,5.6088151931762695,48258,44,1
1771540832.031345,37_2,37,das_work,8.872227430343628,48258,45,1
1771540832.0469368,36_2,36,das_work,6.062985420227051,48258,45,1
1771540844.0103629,36_2,36,das_work,3.034980773925781,48258,46,1
1771540844.0369172,37_2,37,das_work,4.31670355796814,48258,46,1
1771540856.0099742,37_2,37,das_work,3.940958023071289,48258,47,1
1771540856.0247498,36_2,36,das_work,7.487317562103271,48258,47,1
1771540867.9991417,37_2,37,das_work,4.087743043899536,48258,48,1
1771540868.009223,36_2,36,das_work,8.57865834236145,48258,48,1
1771540880.008239,37_2,37,das_work,4.687418460845947,48258,49,1
1771540880.0084598,36_2,36,das_work,5.471061706542969,48258,49,1
1771540892.0168488,36_2,36,das_work,5.153967618942261,48258,50,1
1771540892.017532,37_2,37,das_work,1.792680740356445,48258,50,1
1771540904.020598,36_2,36,das_work,5.460178375244141,48258,51,1
1771540904.030018,37_2,37,das_work,6.054109811782837,48258,51,1
1771540916.0050292,36_2,36,das_work,7.781092643737793,48258,52,1
1771540916.0117464,37_2,37,das_work,9.114922761917114,48258,52,1
1771540928.0044456,36_2,36,das_work,1.293201923370361,48258,53,1
1771540928.0045826,37_2,37,das_work,1.712311029434204,48258,53,1
1771540940.014715,37_2,37,das_work,3.8480613231658936,48258,54,1
1771540940.015953,36_2,36,das_work,6.210679054260254,48258,54,1
1771540952.006927,37_3,37,das_work,1.3274223804473877,48258,55,1
1771540952.0195036,36_2,36,das_work,3.728012561798096,48258,55,1
1771540964.019945,36_3,36,das_work,7.121561765670776,48258,56,1
1771540964.0280106,37_3,37,das_work,3.8161001205444336,48258,56,1
1771540976.0112858,36_3,36,das_work,3.2955830097198486,48258,57,1
1771540976.0369022,37_3,37,das_work,6.456028938293457,48258,57,1
1771540988.0202878,36_3,36,das_work,5.855737447738648,48258,58,1
1771540988.027542,37_3,37,das_work,7.478909969329834,48258,58,1
1771541000.005901,36_3,36,das_work,6.474909782409668,48258,59,1
1771541000.0113497,37_3,37,das_work,3.871271371841431,48258,59,1
1771541012.0002372,37_3,37,das_work,5.248464584350586,48258,60,1
1771541012.0273564,36_3,36,das_work,1.2673401832580566,48258,60,1
1771541023.9953716,37_3,37,das_work,4.7650697231292725,48258,61,1
1771541024.0035791,36_3,36,das_work,5.5954015254974365,48258,61,1
1771541035.993348,37_3,37,das_work,9.586487531661987,48258,62,1
1771541036.002139,36_3,36,das_work,9.056212902069092,48258,62,1
1771541047.9948702,36_3,36,das_work,5.467786073684692,48258,63,1
1771541048.016024,37_3,37,das_work,7.793318510055542,48258,63,1
1771541060.0039313,37_3,37,das_work,10.398627996444702,48258,64,1
1771541060.0209875,36_3,36,das_work,1.5657875537872314,48258,64,1
1771541071.9919047,36_3,36,das_work,4.54485011100769,48258,65,1
1771541072.0012422,37_3,37,das_work,1.4202778339385986,48258,65,1
1771541083.9969418,36_3,36,das_work,3.926240921020508,48258,66,1
1771541084.0137875,37_3,37,das_work,5.343078851699829,48258,66,1
1771541096.003481,36_3,36,das_work,6.894045114517212,48258,67,1
1771541096.0157423,37_3,37,das_work,8.606452226638794,48258,67,1
1771541107.991603,37_3,37,das_work,2.33225154876709,48258,68,1
1771541107.9998467,36_3,36,das_work,5.471882581710815,48258,68,1
1771541120.015108,37_3,37,das_work,3.019573211669922,48258,69,1
1771541120.0234554,36_3,36,das_work,3.101181745529175,48258,69,1
1771541131.9830394,36_3,36,das_work,8.451317071914673,48258,70,1
1771541131.98683,37_4,37,das_work,5.097520351409912,48258,70,1
1771541144.0112383,36_4,36,das_work,3.2015247344970703,48258,71,1
1771541144.0211024,37_4,37,das_work,8.599773406982422,48258,71,1
1771541156.0221736,37_4,37,das_work,1.262603759765625,48258,72,1
1771541156.0226345,36_4,36,das_work,7.583776235580444,48258,72,1
1771541168.0114374,37_4,37,das_work,1.063549280166626,48258,73,1
1771541168.030689,36_4,36,das_work,4.2156126499176025,48258,73,1
1771541179.9988558,37_4,37,das_work,2.43550968170166,48258,74,1
1771541180.0005531,36_4,36,das_work,5.450594663619995,48258,74,1
1771541191.9779203,36_4,36,das_work,8.947679281234741,48258,75,1
1771541192.0205913,37_4,37,das_work,6.664551973342896,48258,75,1
1771541203.9877312,37_4,37,das_work,5.3932507038116455,48258,76,1
1771541204.0192063,36_4,36,das_work,7.075757741928101,48258,76,1
1771541215.9883358,37_4,37,das_work,5.989639520645142,48258,77,1
1771541215.9916632,36_4,36,das_work,6.927982568740845,48258,77,1
1771541228.0196729,36_4,36,das_work,6.146413326263428,48258,78,1
1771541228.0379508,37_4,37,das_work,7.16539192199707,48258,78,1
1771541239.9959092,36_4,36,das_work,4.356425285339356,48258,79,1
1771541240.000761,37_4,37,das_work,7.727925300598144,48258,79,1
1771541251.9772673,37_4,37,das_work,1.0707182884216309,48258,80,1
1771541252.0019765,36_4,36,das_work,5.154745817184448,48258,80,1
1771541263.9762282,36_4,36,das_work,0.9882879257202148,48258,81,1
1771541263.9960566,37_4,37,das_work,2.4897384643554688,48258,81,1
1771541275.9734404,37_4,37,das_work,3.0696322917938232,48258,82,1
1771541276.0034192,36_4,36,das_work,3.1121630668640137,48258,82,1
1771541287.9979167,36_4,36,das_work,0.7903079986572266,48258,83,1
1771541287.9992146,37_4,37,das_work,3.730198621749878,48258,83,1
1771541299.9851775,37_4,37,das_work,7.479640245437622,48258,84,1
1771541299.9856994,36_4,36,das_work,5.357940673828125,48258,84,1
1771541311.951537,36_4,36,das_work,6.380370378494263,48258,85,1
1771540424.04819,39_0,39,das_work,8.815314292907715,48258,11,1
1771540436.0204196,39_0,39,das_work,6.470927476882935,48258,12,1
1771540436.080824,38_0,38,das_work,10.443219661712646,48258,12,1
1771540448.0514605,38_0,38,das_work,7.278706312179565,48258,13,1
1771540448.0694697,39_0,39,das_work,2.8948123455047607,48258,13,1
1771540460.041489,38_0,38,das_work,6.16441011428833,48258,14,1
1771540460.0676928,39_0,39,das_work,9.014726877212524,48258,14,1
1771540472.0472038,39_0,39,das_work,2.391519546508789,48258,15,1
1771540472.051882,38_0,38,das_work,2.991299152374268,48258,15,1
1771540484.046419,39_0,39,das_work,7.132481336593628,48258,16,1
1771540484.0474775,38_0,38,das_work,7.147232055664063,48258,16,1
1771540496.047475,39_0,39,das_work,6.222346782684326,48258,17,1
1771540496.0587518,38_0,38,das_work,6.746670722961426,48258,17,1
1771540508.03221,39_0,39,das_work,3.257171392440796,48258,18,1
1771540508.0755615,38_0,38,das_work,6.058475732803345,48258,18,1
1771540520.0345037,38_0,38,das_work,9.326625108718872,48258,19,1
1771540520.0742614,39_0,39,das_work,1.1585805416107178,48258,19,1
1771540532.0536635,39_0,39,das_work,3.15877366065979,48258,20,1
1771540532.0620756,38_0,38,das_work,3.5305335521698,48258,20,1
1771540544.0511043,39_0,39,das_work,9.725128889083862,48258,21,1
1771540544.056818,38_0,38,das_work,5.136126518249512,48258,21,1
1771540556.037139,38_0,38,das_work,5.961293935775757,48258,22,1
1771540556.0597289,39_0,39,das_work,2.0776596069335938,48258,22,1
1771540568.038721,39_0,39,das_work,0.6940686702728271,48258,23,1
1771540568.0687406,38_0,38,das_work,9.94337248802185,48258,23,1
1771540580.0317996,38_0,38,das_work,1.1899056434631348,48258,24,1
1771540580.058709,39_0,39,das_work,7.280184030532837,48258,24,1
1771540592.032797,38_0,38,das_work,6.294236183166504,48258,25,1
1771540592.0393026,39_0,39,das_work,8.06332516670227,48258,25,1
1771540604.0451548,38_0,38,das_work,3.5376336574554443,48258,26,1
1771540604.0458045,39_1,39,das_work,5.279783248901367,48258,26,1
1771540616.0458388,39_1,39,das_work,2.1364848613739014,48258,27,1
1771540616.0665605,38_1,38,das_work,3.711656332015991,48258,27,1
1771540628.0409672,39_1,39,das_work,0.8995447158813477,48258,28,1
1771540628.054381,38_1,38,das_work,8.000253677368164,48258,28,1
1771540640.0240688,38_1,38,das_work,0.5170061588287354,48258,29,1
1771540640.0419936,39_1,39,das_work,0.5158126354217529,48258,29,1
1771540652.0267427,39_1,39,das_work,3.930351972579956,48258,30,1
1771540652.0462718,38_1,38,das_work,6.663477897644043,48258,30,1
1771540664.02704,38_1,38,das_work,1.0066320896148682,48258,31,1
1771540664.0333755,39_1,39,das_work,1.591407299041748,48258,31,1
1771540676.029796,38_1,38,das_work,6.478296756744385,48258,32,1
1771540676.0637765,39_1,39,das_work,5.444306373596191,48258,32,1
1771540688.0370293,39_1,39,das_work,2.658334255218506,48258,33,1
1771540688.0382369,38_1,38,das_work,4.749134540557861,48258,33,1
1771540700.05357,39_1,39,das_work,2.6968812942504883,48258,34,1
1771540700.0542684,38_1,38,das_work,6.991574764251709,48258,34,1
1771540712.029568,39_1,39,das_work,7.516175746917725,48258,35,1
1771540712.0376132,38_1,38,das_work,2.4922122955322266,48258,35,1
1771540724.0288455,39_1,39,das_work,5.597449541091919,48258,36,1
1771540724.045976,38_1,38,das_work,3.740821838378906,48258,36,1
1771540736.0258694,39_1,39,das_work,3.743682861328125,48258,37,1
1771540736.0316813,38_1,38,das_work,5.256214618682861,48258,37,1
1771540748.0363977,39_1,39,das_work,4.755634784698486,48258,38,1
1771540748.036692,38_1,38,das_work,3.027674674987793,48258,38,1
1771540760.028018,38_1,38,das_work,1.487121820449829,48258,39,1
1771540760.0413606,39_1,39,das_work,3.7205967903137207,48258,39,1
1771540772.0247583,39_1,39,das_work,6.829698324203491,48258,40,1
1771540772.034717,38_1,38,das_work,3.4159414768218994,48258,40,1
1771540784.0172756,38_1,38,das_work,1.486388921737671,48258,41,1
1771540784.0352464,39_2,39,das_work,6.472947120666504,48258,41,1
1771540796.018648,39_2,39,das_work,6.905486583709717,48258,42,1
1771540796.0262227,38_2,38,das_work,5.567807674407959,48258,42,1
1771540808.018869,38_2,38,das_work,1.191809892654419,48258,43,1
1771540808.020242,39_2,39,das_work,3.1229827404022217,48258,43,1
1771540820.0167625,38_2,38,das_work,4.795989990234375,48258,44,1
1771540820.0229611,39_2,39,das_work,2.559847116470337,48258,44,1
1771540832.013205,39_2,39,das_work,3.2111804485321045,48258,45,1
1771540832.0244627,38_2,38,das_work,1.929168939590454,48258,45,1
1771540844.0216477,39_2,39,das_work,5.588137149810791,48258,46,1
1771540844.034511,38_2,38,das_work,4.217525482177734,48258,46,1
1771540856.019279,39_2,39,das_work,2.6206939220428467,48258,47,1
1771540856.0342588,38_2,38,das_work,1.8726911544799805,48258,47,1
1771540868.0002098,39_2,39,das_work,2.3955135345458984,48258,48,1
1771540868.0012498,38_2,38,das_work,8.7660813331604,48258,48,1
1771540880.0146542,39_2,39,das_work,10.082431316375732,48258,49,1
1771540880.0478196,38_2,38,das_work,8.503023624420166,48258,49,1
1771540892.0043924,38_2,38,das_work,7.100198268890381,48258,50,1
1771540892.0106575,39_2,39,das_work,5.868017911911011,48258,50,1
1771540904.0064566,38_2,38,das_work,6.438414096832275,48258,51,1
1771540904.0076897,39_2,39,das_work,8.374381303787231,48258,51,1
1771540916.0202537,38_2,38,das_work,4.672828435897827,48258,52,1
1771540916.0207698,39_2,39,das_work,8.613409280776978,48258,52,1
1771540928.0080683,39_2,39,das_work,6.286207437515259,48258,53,1
1771540928.0086052,38_2,38,das_work,4.785744428634644,48258,53,1
1771540940.0268495,38_2,38,das_work,7.101036548614502,48258,54,1
1771540940.0274355,39_2,39,das_work,7.196713924407959,48258,54,1
1771540952.0032098,38_2,38,das_work,8.01123332977295,48258,55,1
1771540952.0320835,39_2,39,das_work,9.722293376922607,48258,55,1
1771540964.006552,39_3,39,das_work,8.207893133163452,48258,56,1
1771540964.0210962,38_2,38,das_work,5.499980688095093,48258,56,1
1771540975.995654,39_3,39,das_work,2.60718035697937,48258,57,1
1771540976.0320232,38_3,38,das_work,8.511425495147705,48258,57,1
1771540988.006667,39_3,39,das_work,8.96700668334961,48258,58,1
1771540988.0088725,38_3,38,das_work,3.925127029418945,48258,58,1
1771541000.012619,38_3,38,das_work,5.656624794006348,48258,59,1
1771541000.0311873,39_3,39,das_work,5.95336127281189,48258,59,1
1771541012.0058186,38_3,38,das_work,8.549761533737183,48258,60,1
1771541012.019317,39_3,39,das_work,5.460826873779297,48258,60,1
1771541024.0081751,38_3,38,das_work,7.83331823348999,48258,61,1
1771541024.0166757,39_3,39,das_work,4.325041770935059,48258,61,1
1771541036.003477,39_3,39,das_work,4.34036922454834,48258,62,1
1771541036.0260892,38_3,38,das_work,4.616426229476929,48258,62,1
1771541047.996262,38_3,38,das_work,1.692263126373291,48258,63,1
1771541048.0032785,39_3,39,das_work,1.9247498512268064,48258,63,1
1771541059.9971418,39_3,39,das_work,4.033106088638306,48258,64,1
1771541060.0320113,38_3,38,das_work,9.82465672492981,48258,64,1
1771541071.9929037,38_3,38,das_work,5.164233207702637,48258,65,1
1771541072.0340946,39_3,39,das_work,10.046120643615724,48258,65,1
1771541083.9989903,39_3,39,das_work,0.768775224685669,48258,66,1
1771541084.031305,38_3,38,das_work,3.7246267795562735,48258,66,1
1771541095.992492,38_3,38,das_work,7.198829889297485,48258,67,1
1771541096.0250964,39_3,39,das_work,8.807483196258545,48258,67,1
1771541108.007437,38_3,38,das_work,3.5544025897979736,48258,68,1
1771541108.016883,39_3,39,das_work,4.731892347335815,48258,68,1
1771541120.0207088,39_3,39,das_work,9.176430940628052,48258,69,1
1771541120.024093,38_3,38,das_work,8.974375486373901,48258,69,1
1771541131.9904912,38_3,38,das_work,7.753488063812256,48258,70,1
1771541131.9915292,39_3,39,das_work,8.310876607894897,48258,70,1
1771541143.990417,38_3,38,das_work,3.270570993423462,48258,71,1
1771541144.0103838,39_4,39,das_work,8.807835102081299,48258,71,1
1771541155.989942,38_4,38,das_work,3.765758752822876,48258,72,1
1771541155.9962645,39_4,39,das_work,7.007746934890747,48258,72,1
1771541168.0004754,39_4,39,das_work,8.854127645492554,48258,73,1
1771541168.0024471,38_4,38,das_work,2.295927047729492,48258,73,1
1771541179.9834478,38_4,38,das_work,7.093543767929077,48258,74,1
1771541179.9911685,39_4,39,das_work,2.338566541671753,48258,74,1
1771541191.994012,39_4,39,das_work,8.930262565612793,48258,75,1
1771541192.0172994,38_4,38,das_work,6.276698589324951,48258,75,1
1771541203.983962,39_4,39,das_work,1.6289010047912598,48258,76,1
1771541203.993471,38_4,38,das_work,4.031185626983643,48258,76,1
1771541215.986798,39_4,39,das_work,2.9292938709259038,48258,77,1
1771541215.9983866,38_4,38,das_work,10.244207382202148,48258,77,1
1771541228.018076,39_4,39,das_work,5.632546424865723,48258,78,1
1771541228.032668,38_4,38,das_work,3.1438374519348145,48258,78,1
1771541239.9984288,39_4,39,das_work,4.862441778182983,48258,79,1
1771541240.0011845,38_4,38,das_work,7.046624660491943,48258,79,1
1771541252.0174196,39_4,39,das_work,5.554883003234863,48258,80,1
1771541252.0175502,38_4,38,das_work,9.23969292640686,48258,80,1
1771541263.984933,38_4,38,das_work,4.248882293701172,48258,81,1
1771541263.9940116,39_4,39,das_work,8.29531478881836,48258,81,1
1771541275.9735396,39_4,39,das_work,7.3254783153533936,48258,82,1
1771541275.9814937,38_4,38,das_work,8.324370861053467,48258,82,1
1771541288.0157456,39_4,39,das_work,4.827075958251953,48258,83,1
1771541288.0168073,38_4,38,das_work,3.803506374359131,48258,83,1
1771541299.9767714,39_4,39,das_work,9.373077154159546,48258,84,1
1771541300.0076334,38_4,38,das_work,7.394832372665405,48258,84,1
1771541311.9499736,39_4,39,das_work,0.6902327537536621,48258,85,1
1771541311.9583108,38_4,38,das_work,9.628210306167604,48258,85,1
1771541323.9479349,38_4,38,das_work,2.483734130859375,48258,86,1
1771540388.045353,2_0,2,das_work,3.643762588500977,48258,8,1
1771540388.0460217,3_0,3,das_work,8.468036413192749,48258,8,1
1771540400.0445752,3_0,3,das_work,7.284657478332519,48258,9,1
1771540400.0751295,2_0,2,das_work,5.038193225860596,48258,9,1
1771540412.0655117,3_0,3,das_work,5.460545063018799,48258,10,1
1771540412.0660002,2_0,2,das_work,8.816890716552734,48258,10,1
1771540424.0252612,2_0,2,das_work,3.920668840408325,48258,11,1
1771540424.0620377,3_0,3,das_work,8.842026948928833,48258,11,1
1771540436.0175052,3_0,3,das_work,9.872050523757936,48258,12,1
1771540436.046178,2_0,2,das_work,5.839831352233887,48258,12,1
1771540448.0184205,2_0,2,das_work,8.219693899154663,48258,13,1
1771540448.0470085,3_0,3,das_work,2.180914163589477,48258,13,1
1771540460.0506802,3_0,3,das_work,2.079246759414673,48258,14,1
1771540460.0788865,2_0,2,das_work,8.603729248046875,48258,14,1
1771540472.0663264,3_0,3,das_work,7.612473487854004,48258,15,1
1771540472.0687134,2_0,2,das_work,6.811258554458618,48258,15,1
1771540484.0376048,2_0,2,das_work,1.5846641063690186,48258,16,1
1771540484.03899,3_0,3,das_work,5.392694473266602,48258,16,1
1771540496.0711672,3_0,3,das_work,3.2142674922943115,48258,17,1
1771540496.0718212,2_0,2,das_work,7.2863969802856445,48258,17,1
1771540508.0460632,2_0,2,das_work,0.4674084186553955,48258,18,1
1771540508.076207,3_0,3,das_work,6.978643417358398,48258,18,1
1771540520.0473902,3_0,3,das_work,7.6951024532318115,48258,19,1
1771540520.0528202,2_0,2,das_work,0.7539863586425781,48258,19,1
1771540532.041771,3_0,3,das_work,7.188487768173218,48258,20,1
1771540532.0424497,2_0,2,das_work,4.556477308273315,48258,20,1
1771540544.0449195,2_0,2,das_work,4.16107177734375,48258,21,1
1771540544.0485256,3_0,3,das_work,6.468636751174927,48258,21,1
1771540556.048511,2_0,2,das_work,2.198675632476806,48258,22,1
1771540556.0513072,3_0,3,das_work,6.683826923370361,48258,22,1
1771540568.0366597,3_1,3,das_work,8.558520078659058,48258,23,1
1771540568.038164,2_1,2,das_work,7.622851610183716,48258,23,1
1771540580.0361836,2_1,2,das_work,4.4377970695495605,48258,24,1
1771540580.0592663,3_1,3,das_work,9.029785633087158,48258,24,1
1771540592.0328617,3_1,3,das_work,3.027850389480591,48258,25,1
1771540592.0353286,2_1,2,das_work,0.7957100868225098,48258,25,1
1771540604.0308926,3_1,3,das_work,0.6548094749450684,48258,26,1
1771540604.0410886,2_1,2,das_work,2.3235902786254883,48258,26,1
1771540616.0376642,3_1,3,das_work,0.7768747806549072,48258,27,1
1771540616.038862,2_1,2,das_work,3.5106847286224365,48258,27,1
1771540628.0450735,3_1,3,das_work,6.403160572052002,48258,28,1
1771540628.056709,2_1,2,das_work,6.053718566894531,48258,28,1
1771540640.035586,2_1,2,das_work,0.9832370281219482,48258,29,1
1771540640.0369613,3_1,3,das_work,1.0145387649536133,48258,29,1
1771540652.0444992,2_1,2,das_work,5.653526067733765,48258,30,1
1771540652.0463648,3_1,3,das_work,3.613811492919922,48258,30,1
1771540664.0285912,2_1,2,das_work,10.150183200836182,48258,31,1
1771540664.044936,3_1,3,das_work,4.040399312973023,48258,31,1
1771540676.030758,3_1,3,das_work,3.1279520988464355,48258,32,1
1771540676.0319252,2_1,2,das_work,6.445008993148804,48258,32,1
1771540688.0274367,3_1,3,das_work,1.713636875152588,48258,33,1
1771540688.0424287,2_1,2,das_work,5.569038152694702,48258,33,1
1771540700.0450244,2_1,2,das_work,1.7175769805908203,48258,34,1
1771540700.0489063,3_1,3,das_work,7.598854303359985,48258,34,1
1771540712.0337453,3_1,3,das_work,5.598577260971069,48258,35,1
1771540712.0344417,2_1,2,das_work,5.601804256439209,48258,35,1
1771540724.027017,2_1,2,das_work,6.095869541168213,48258,36,1
1771540724.0446908,3_1,3,das_work,4.357435703277588,48258,36,1
1771540736.0218463,3_1,3,das_work,8.136337995529175,48258,37,1
1771540736.048916,2_1,2,das_work,7.176783323287964,48258,37,1
1771540748.0182023,3_2,3,das_work,1.7109248638153076,48258,38,1
1771540748.0257378,2_2,2,das_work,8.646756172180176,48258,38,1
1771540760.024397,3_2,3,das_work,8.973885774612427,48258,39,1
1771540760.033147,2_2,2,das_work,6.688740253448486,48258,39,1
1771540772.0235596,2_2,2,das_work,5.17924165725708,48258,40,1
1771540772.0318096,3_2,3,das_work,3.068445444107056,48258,40,1
1771540784.0137773,3_2,3,das_work,1.4158821105957031,48258,41,1
1771540784.0166888,2_2,2,das_work,1.8155436515808103,48258,41,1
1771540796.0193744,3_2,3,das_work,1.7910616397857666,48258,42,1
1771540796.0211208,2_2,2,das_work,6.67546272277832,48258,42,1
1771540808.0315225,3_2,3,das_work,3.506762742996216,48258,43,1
1771540808.0539787,2_2,2,das_work,4.940736293792725,48258,43,1
1771540820.0174909,3_2,3,das_work,7.9966559410095215,48258,44,1
1771540820.0334637,2_2,2,das_work,4.23217248916626,48258,44,1
1771540832.0279045,3_2,3,das_work,3.235257148742676,48258,45,1
1771540832.030197,2_2,2,das_work,6.59475302696228,48258,45,1
1771540844.0213192,3_2,3,das_work,7.431551218032837,48258,46,1
1771540844.0329752,2_2,2,das_work,3.616720914840698,48258,46,1
1771540856.0239177,2_2,2,das_work,4.881795644760132,48258,47,1
1771540856.033059,3_2,3,das_work,1.9740214347839355,48258,47,1
1771540868.009053,3_2,3,das_work,8.360300302505493,48258,48,1
1771540868.016181,2_2,2,das_work,5.45173978805542,48258,48,1
1771540880.0088303,2_2,2,das_work,6.00896430015564,48258,49,1
1771540880.0306988,3_2,3,das_work,7.482242584228516,48258,49,1
1771540892.0031176,2_2,2,das_work,4.673742055892944,48258,50,1
1771540892.0274024,3_2,3,das_work,9.03820013999939,48258,50,1
1771540904.0068128,3_2,3,das_work,2.8472213745117188,48258,51,1
1771540904.0339897,2_2,2,das_work,9.423367261886597,48258,51,1
1771540916.001101,2_2,2,das_work,2.6929361820220947,48258,52,1
1771540916.0167806,3_2,3,das_work,7.421107292175293,48258,52,1
1771540928.0011458,2_3,2,das_work,6.21725058555603,48258,53,1
1771540928.034819,3_3,3,das_work,7.806386470794678,48258,53,1
1771540940.0140967,3_3,3,das_work,2.3502867221832275,48258,54,1
1771540940.037999,2_3,2,das_work,7.1947784423828125,48258,54,1
1771540952.0027702,3_3,3,das_work,5.479632377624512,48258,55,1
1771540952.0165627,2_3,2,das_work,0.9850754737854004,48258,55,1
1771540964.0076408,3_3,3,das_work,8.625980854034424,48258,56,1
1771540964.027603,2_3,2,das_work,2.4886462688446045,48258,56,1
1771540975.996035,2_3,2,das_work,6.343419790267944,48258,57,1
1771540975.9961832,3_3,3,das_work,9.583695411682127,48258,57,1
1771540987.998535,3_3,3,das_work,8.961520433425903,48258,58,1
1771540988.0169237,2_3,2,das_work,3.8570809364318848,48258,58,1
1771541000.0134015,3_3,3,das_work,1.912184238433838,48258,59,1
1771541000.027069,2_3,2,das_work,5.549117565155029,48258,59,1
1771541012.0007784,2_3,2,das_work,4.761144876480103,48258,60,1
1771541012.023278,3_3,3,das_work,9.222954034805298,48258,60,1
1771541024.0298278,3_3,3,das_work,2.2776215076446533,48258,61,1
1771541024.034106,2_3,2,das_work,1.9706614017486568,48258,61,1
1771541035.9991643,3_3,3,das_work,4.579480409622192,48258,62,1
1771541036.028683,2_3,2,das_work,4.313465356826782,48258,62,1
1771541047.992756,3_3,3,das_work,5.998059988021851,48258,63,1
1771541047.997408,2_3,2,das_work,8.02181339263916,48258,63,1
1771541059.9988632,3_3,3,das_work,5.843116044998169,48258,64,1
1771541060.003503,2_3,2,das_work,7.167879581451416,48258,64,1
1771541072.0084662,2_3,2,das_work,1.0675654411315918,48258,65,1
1771541072.026221,3_3,3,das_work,3.5060465335845947,48258,65,1
1771541083.9894335,2_3,2,das_work,5.413283824920654,48258,66,1
1771541083.9985294,3_3,3,das_work,2.528763771057129,48258,66,1
1771541096.0019212,3_3,3,das_work,9.075497388839722,48258,67,1
1771541096.0132606,2_3,2,das_work,1.5689027309417725,48258,67,1
1771541108.0078704,3_4,3,das_work,9.65416955947876,48258,68,1
1771541108.010439,2_4,2,das_work,7.200346946716309,48258,68,1
1771541119.993243,2_4,2,das_work,8.46329402923584,48258,69,1
1771541120.0092354,3_4,3,das_work,2.2429075241088867,48258,69,1
1771541131.9921968,3_4,3,das_work,4.651825189590454,48258,70,1
1771541132.0187469,2_4,2,das_work,2.583517074584961,48258,70,1
1771541144.010059,3_4,3,das_work,4.636582136154175,48258,71,1
1771541144.0212228,2_4,2,das_work,3.2011821269989014,48258,71,1
1771541156.012565,3_4,3,das_work,3.1261744499206543,48258,72,1
1771541156.0127249,2_4,2,das_work,4.040401220321655,48258,72,1
1771541167.99615,2_4,2,das_work,2.3031790256500244,48258,73,1
1771541168.0026524,3_4,3,das_work,9.02445125579834,48258,73,1
1771541179.989673,2_4,2,das_work,6.594404935836792,48258,74,1
1771541180.014039,3_4,3,das_work,8.92716121673584,48258,74,1
1771541191.9832938,2_4,2,das_work,5.278148174285889,48258,75,1
1771541192.0221655,3_4,3,das_work,5.045943021774292,48258,75,1
1771541203.983746,2_4,2,das_work,1.625425100326538,48258,76,1
1771541203.989047,3_4,3,das_work,4.075944185256958,48258,76,1
1771541215.9907596,2_4,2,das_work,9.058128356933594,48258,77,1
1771541215.9937096,3_4,3,das_work,9.840693950653076,48258,77,1
1771541228.029311,3_4,3,das_work,3.0448532104492188,48258,78,1
1771541228.0431716,2_4,2,das_work,10.060500621795654,48258,78,1
1771541239.985104,2_4,2,das_work,8.713042736053467,48258,79,1
1771541239.9878917,3_4,3,das_work,7.389302492141724,48258,79,1
1771541251.9814346,3_4,3,das_work,4.339832782745361,48258,80,1
1771541252.004248,2_4,2,das_work,4.734919786453247,48258,80,1
1771541263.9765675,2_4,2,das_work,2.4172017574310303,48258,81,1
1771541263.9803956,3_4,3,das_work,5.278587341308594,48258,81,1
1771541275.9802198,3_4,3,das_work,6.180069208145142,48258,82,1
1771541276.0126038,2_4,2,das_work,1.6762375831604004,48258,82,1
1771540424.012023,40_0,40,das_work,2.695632219314575,48258,11,1
1771540424.0610995,41_0,41,das_work,4.123262166976929,48258,11,1
1771540436.0639017,40_0,40,das_work,3.703883409500122,48258,12,1
1771540436.073147,41_0,41,das_work,6.5666444301605225,48258,12,1
1771540448.0209043,41_0,41,das_work,6.366614818572998,48258,13,1
1771540448.0473766,40_0,40,das_work,9.54218578338623,48258,13,1
1771540460.03313,40_0,40,das_work,8.720619916915894,48258,14,1
1771540460.0669646,41_0,41,das_work,1.7704017162322998,48258,14,1
1771540472.0452232,41_0,41,das_work,4.759242057800293,48258,15,1
1771540472.0666792,40_0,40,das_work,5.9540674686431885,48258,15,1
1771540484.0455062,40_0,40,das_work,8.236186504364014,48258,16,1
1771540484.049903,41_0,41,das_work,3.623010635375977,48258,16,1
1771540496.055303,40_0,40,das_work,5.579592943191528,48258,17,1
1771540496.0661583,41_0,41,das_work,7.383878707885742,48258,17,1
1771540508.0345807,40_0,40,das_work,1.8163793087005613,48258,18,1
1771540508.0381207,41_0,41,das_work,3.854702234268189,48258,18,1
1771540520.035097,41_0,41,das_work,8.008187770843506,48258,19,1
1771540520.0397098,40_0,40,das_work,1.5855162143707275,48258,19,1
1771540532.050894,41_0,41,das_work,6.01172661781311,48258,20,1
1771540532.0740433,40_0,40,das_work,8.29630708694458,48258,20,1
1771540544.040668,41_0,41,das_work,1.724233627319336,48258,21,1
1771540544.055985,40_0,40,das_work,5.545126438140869,48258,21,1
1771540556.043075,40_0,40,das_work,4.229660511016846,48258,22,1
1771540556.048175,41_0,41,das_work,2.0784828662872314,48258,22,1
1771540568.0448873,40_0,40,das_work,5.959736108779907,48258,23,1
1771540568.0486014,41_0,41,das_work,9.257454872131348,48258,23,1
1771540580.03722,40_0,40,das_work,8.249878406524658,48258,24,1
1771540580.0391636,41_0,41,das_work,3.517148494720459,48258,24,1
1771540592.030574,40_0,40,das_work,8.058001041412354,48258,25,1
1771540592.0333457,41_0,41,das_work,8.028669357299805,48258,25,1
1771540604.035316,41_1,41,das_work,9.380430221557615,48258,26,1
1771540604.0423267,40_1,40,das_work,5.2719550132751465,48258,26,1
1771540616.0650263,40_1,40,das_work,6.581795692443848,48258,27,1
1771540616.0663054,41_1,41,das_work,3.420435905456543,48258,27,1
1771540628.0640788,41_1,41,das_work,7.533491373062134,48258,28,1
1771540628.0646486,40_1,40,das_work,7.223862648010254,48258,28,1
1771540640.0338693,40_1,40,das_work,6.003711700439453,48258,29,1
1771540640.0386443,41_1,41,das_work,7.529256343841553,48258,29,1
1771540652.0274813,40_1,40,das_work,2.6428110599517822,48258,30,1
1771540652.040022,41_1,41,das_work,1.4730069637298584,48258,30,1
1771540664.0451283,40_1,40,das_work,5.567914724349976,48258,31,1
1771540664.0471609,41_1,41,das_work,2.801206111907959,48258,31,1
1771540676.0336847,41_1,41,das_work,2.143422365188598,48258,32,1
1771540676.0480618,40_1,40,das_work,3.199831008911133,48258,32,1
1771540688.0269833,40_1,40,das_work,3.623538017272949,48258,33,1
1771540688.040989,41_1,41,das_work,1.5701770782470703,48258,33,1
1771540700.030564,40_1,40,das_work,8.430343389511108,48258,34,1
1771540700.0417302,41_1,41,das_work,0.6811482906341553,48258,34,1
1771540712.022566,40_1,40,das_work,8.63882827758789,48258,35,1
1771540712.031947,41_1,41,das_work,3.020069122314453,48258,35,1
1771540724.0268087,41_1,41,das_work,1.715219497680664,48258,36,1
1771540724.0404725,40_1,40,das_work,9.453710794448853,48258,36,1
1771540736.030081,41_1,41,das_work,2.614874124526977,48258,37,1
1771540736.0349102,40_1,40,das_work,1.0744709968566897,48258,37,1
1771540748.0192106,41_1,41,das_work,6.2970871925354,48258,38,1
1771540748.0339804,40_1,40,das_work,1.8818750381469729,48258,38,1
1771540760.0203643,41_1,41,das_work,4.682397365570068,48258,39,1
1771540760.0322568,40_1,40,das_work,5.06007719039917,48258,39,1
1771540772.019304,41_1,41,das_work,6.683294773101807,48258,40,1
1771540772.0318966,40_1,40,das_work,3.370227575302124,48258,40,1
1771540784.0150664,40_2,40,das_work,7.541136980056763,48258,41,1
1771540784.0156322,41_2,41,das_work,2.236259698867798,48258,41,1
1771540796.0315998,40_2,40,das_work,8.918325424194336,48258,42,1
1771540796.0337949,41_2,41,das_work,6.7865307331085205,48258,42,1
1771540808.0220234,41_2,41,das_work,9.697978973388672,48258,43,1
1771540808.0254266,40_2,40,das_work,10.101358890533447,48258,43,1
1771540820.016209,41_2,41,das_work,9.076550245285034,48258,44,1
1771540820.0168004,40_2,40,das_work,6.63055944442749,48258,44,1
1771540832.0295095,41_2,41,das_work,5.099340438842773,48258,45,1
1771540832.0516958,40_2,40,das_work,3.2010738849639893,48258,45,1
1771540844.02284,40_2,40,das_work,7.839931488037109,48258,46,1
1771540844.0234022,41_2,41,das_work,5.393810749053955,48258,46,1
1771540856.008307,40_2,40,das_work,2.029557228088379,48258,47,1
1771540856.0216491,41_2,41,das_work,4.98622727394104,48258,47,1
1771540868.0034986,40_2,40,das_work,5.072031259536743,48258,48,1
1771540868.019304,41_2,41,das_work,3.8220973014831534,48258,48,1
1771540880.0047195,41_2,41,das_work,7.6543192863464355,48258,49,1
1771540880.0053446,40_2,40,das_work,5.724240303039551,48258,49,1
1771540892.013722,40_2,40,das_work,8.820692300796509,48258,50,1
1771540892.0179205,41_2,41,das_work,5.25669002532959,48258,50,1
1771540904.0121574,40_2,40,das_work,9.143160820007324,48258,51,1
1771540904.019308,41_2,41,das_work,5.804782152175903,48258,51,1
1771540916.0364273,40_2,40,das_work,3.5230371952056885,48258,52,1
1771540916.036973,41_2,41,das_work,9.344660997390749,48258,52,1
1771540928.037676,41_2,41,das_work,7.483664751052856,48258,53,1
1771540928.0385792,40_2,40,das_work,5.562998056411743,48258,53,1
1771540940.0045676,41_2,41,das_work,1.980452060699463,48258,54,1
1771540940.0054224,40_2,40,das_work,7.92135763168335,48258,54,1
1771540952.0056274,40_2,40,das_work,2.006654977798462,48258,55,1
1771540952.0199442,41_2,41,das_work,7.397956848144531,48258,55,1
1771540964.009305,40_3,40,das_work,5.594882726669312,48258,56,1
1771540964.012488,41_3,41,das_work,8.242062091827393,48258,56,1
1771540976.0383751,41_3,41,das_work,1.1717181205749512,48258,57,1
1771540976.0412989,40_3,40,das_work,1.9730949401855469,48258,57,1
1771540987.9970894,41_3,41,das_work,2.2344634532928467,48258,58,1
1771540988.00413,40_3,40,das_work,3.727004289627075,48258,58,1
1771541000.0173266,40_3,40,das_work,5.385823011398315,48258,59,1
1771541000.0380352,41_3,41,das_work,1.6699488162994385,48258,59,1
1771541012.0105767,40_3,40,das_work,8.568092107772827,48258,60,1
1771541012.015406,41_3,41,das_work,7.548777341842651,48258,60,1
1771541024.0195184,41_3,41,das_work,8.612419128417969,48258,61,1
1771541024.0202277,40_3,40,das_work,1.9896280765533447,48258,61,1
1771541036.0305405,40_3,40,das_work,4.5391809940338135,48258,62,1
1771541036.0311651,41_3,41,das_work,2.19824767112732,48258,62,1
1771541048.000459,41_3,41,das_work,9.41357421875,48258,63,1
1771541048.002962,40_3,40,das_work,5.845307111740112,48258,63,1
1771541059.9981704,40_3,40,das_work,1.508392333984375,48258,64,1
1771541060.001566,41_3,41,das_work,1.3715548515319824,48258,64,1
1771541071.987579,40_3,40,das_work,2.8302700519561768,48258,65,1
1771541071.9915469,41_3,41,das_work,1.292985200881958,48258,65,1
1771541083.9995172,41_3,41,das_work,0.985100507736206,48258,66,1
1771541084.006772,40_3,40,das_work,4.832031726837158,48258,66,1
1771541096.004002,41_3,41,das_work,7.147774457931519,48258,67,1
1771541096.0094352,40_3,40,das_work,7.713182687759399,48258,67,1
1771541107.9943,40_3,40,das_work,5.190948009490967,48258,68,1
1771541108.018401,41_3,41,das_work,9.420601844787598,48258,68,1
1771541119.9913647,41_3,41,das_work,8.900730609893799,48258,69,1
1771541119.9915292,40_3,40,das_work,5.324829816818237,48258,69,1
1771541131.9833894,41_3,41,das_work,5.672143220901489,48258,70,1
1771541132.0017,40_3,40,das_work,2.638946533203125,48258,70,1
1771541143.985247,40_4,40,das_work,2.621733903884888,48258,71,1
1771541143.9945047,41_4,41,das_work,6.594831228256226,48258,71,1
1771541155.9928129,41_4,41,das_work,3.0677616596221924,48258,72,1
1771541155.997437,40_4,40,das_work,6.850919961929321,48258,72,1
1771541167.988556,41_4,41,das_work,4.560420989990234,48258,73,1
1771541168.000249,40_4,40,das_work,4.252464532852173,48258,73,1
1771541179.9863625,41_4,41,das_work,3.954203128814697,48258,74,1
1771541179.9935386,40_4,40,das_work,8.01602578163147,48258,74,1
1771541191.9977665,40_4,40,das_work,5.7536585330963135,48258,75,1
1771541192.0245855,41_4,41,das_work,7.593944549560547,48258,75,1
1771541203.9829934,41_4,41,das_work,4.956912040710449,48258,76,1
1771541204.0002034,40_4,40,das_work,6.368746519088745,48258,76,1
1771541215.9873512,40_4,40,das_work,6.7012903690338135,48258,77,1
1771541215.9878953,41_4,41,das_work,0.8156454563140869,48258,77,1
1771541228.0228162,41_4,41,das_work,1.0107688903808594,48258,78,1
1771541228.0264163,40_4,40,das_work,4.3075268268585205,48258,78,1
1771541239.996902,41_4,41,das_work,4.569337844848633,48258,79,1
1771541240.0049732,40_4,40,das_work,5.694078207015991,48258,79,1
1771541251.975699,40_4,40,das_work,8.111504793167114,48258,80,1
1771541251.9777718,41_4,41,das_work,4.939979791641235,48258,80,1
1771541263.981128,41_4,41,das_work,2.0717341899871826,48258,81,1
1771541264.0082958,40_4,40,das_work,7.278540134429932,48258,81,1
1771541275.9835596,41_4,41,das_work,7.276729822158813,48258,82,1
1771541275.9979303,40_4,40,das_work,2.688206195831299,48258,82,1
1771541288.0045178,41_4,41,das_work,4.269532203674316,48258,83,1
1771541288.0197976,40_4,40,das_work,5.7674665451049805,48258,83,1
1771541299.9752324,40_4,40,das_work,1.9078483581542969,48258,84,1
1771541299.978166,41_4,41,das_work,1.4829871654510498,48258,84,1
1771541311.954221,41_4,41,das_work,5.645361423492432,48258,85,1
1771541312.0000062,40_4,40,das_work,4.837011337280273,48258,85,1
1771540424.0103452,42_0,42,das_work,1.266960859298706,48258,11,1
1771540424.048499,43_0,43,das_work,3.617275714874268,48258,11,1
1771540436.0459783,43_0,43,das_work,7.887533903121948,48258,12,1
1771540436.0627248,42_0,42,das_work,5.441912412643433,48258,12,1
1771540448.020739,43_0,43,das_work,8.522811651229858,48258,13,1
1771540448.0784004,42_0,42,das_work,5.557719945907593,48258,13,1
1771540460.029346,43_0,43,das_work,7.717859983444214,48258,14,1
1771540460.080921,42_0,42,das_work,2.9018499851226807,48258,14,1
1771540472.0412967,43_0,43,das_work,1.7032501697540283,48258,15,1
1771540484.0559063,43_0,43,das_work,6.9170098304748535,48258,16,1
1771540484.0583725,42_0,42,das_work,12.07353901863098,48258,16,1
1771540496.0433192,42_0,42,das_work,5.472587823867798,48258,17,1
1771540496.0664923,43_0,43,das_work,7.593198776245117,48258,17,1
1771540508.0329945,43_0,43,das_work,8.535831928253174,48258,18,1
1771540508.0764182,42_0,42,das_work,1.7849891185760498,48258,18,1
1771540520.030646,42_0,42,das_work,0.4465746879577636,48258,19,1
1771540520.0408409,43_0,43,das_work,9.360808849334717,48258,19,1
1771540532.054251,42_0,42,das_work,2.9417319297790527,48258,20,1
1771540532.0547614,43_0,43,das_work,7.439296722412109,48258,20,1
1771540544.06329,43_0,43,das_work,5.566816329956055,48258,21,1
1771540544.063794,42_0,42,das_work,7.105577707290649,48258,21,1
1771540556.0433812,42_0,42,das_work,8.197470664978027,48258,22,1
1771540556.0505638,43_0,43,das_work,3.934826612472534,48258,22,1
1771540568.0277376,42_0,42,das_work,3.2011349201202397,48258,23,1
1771540568.031083,43_0,43,das_work,3.266892433166504,48258,23,1
1771540580.0416873,42_0,42,das_work,5.657327651977539,48258,24,1
1771540580.0680485,43_0,43,das_work,4.430369377136231,48258,24,1
1771540592.0334284,42_0,42,das_work,7.624521970748901,48258,25,1
1771540592.0542505,43_0,43,das_work,3.608576059341431,48258,25,1
1771540604.0330107,43_1,43,das_work,1.4208645820617676,48258,26,1
1771540604.041582,42_0,42,das_work,7.544788599014282,48258,26,1
1771540616.045395,42_1,42,das_work,4.700995206832886,48258,27,1
1771540616.0483458,43_1,43,das_work,7.590527772903442,48258,27,1
1771540628.0657527,42_1,42,das_work,7.309154510498047,48258,28,1
1771540628.0664809,43_1,43,das_work,7.694540023803711,48258,28,1
1771540640.034085,43_1,43,das_work,1.2028608322143557,48258,29,1
1771540640.0487003,42_1,42,das_work,9.02793312072754,48258,29,1
1771540652.0284865,42_1,42,das_work,3.137169361114502,48258,30,1
1771540652.0314193,43_1,43,das_work,6.524727582931519,48258,30,1
1771540664.0359452,43_1,43,das_work,6.404493808746338,48258,31,1
1771540664.0373027,42_1,42,das_work,5.376292943954468,48258,31,1
1771540676.0416665,42_1,42,das_work,6.071424007415772,48258,32,1
1771540676.0647328,43_1,43,das_work,9.94419264793396,48258,32,1
1771540688.0354416,42_1,42,das_work,7.47100567817688,48258,33,1
1771540688.0359745,43_1,43,das_work,2.966679096221924,48258,33,1
1771540700.0350063,43_1,43,das_work,4.6743762493133545,48258,34,1
1771540700.052047,42_1,42,das_work,4.22802996635437,48258,34,1
1771540712.0330122,42_1,42,das_work,3.330730438232422,48258,35,1
1771540712.039482,43_1,43,das_work,9.084805250167848,48258,35,1
1771540724.0300856,42_1,42,das_work,1.7184853553771973,48258,36,1
1771540724.0626569,43_1,43,das_work,5.849269390106201,48258,36,1
1771540736.0262554,42_1,42,das_work,6.414951324462891,48258,37,1
1771540736.0466409,43_1,43,das_work,9.52502179145813,48258,37,1
1771540748.016968,43_1,43,das_work,4.018856525421143,48258,38,1
1771540748.0404646,42_1,42,das_work,8.30342173576355,48258,38,1
1771540760.0235076,43_1,43,das_work,2.7257609367370605,48258,39,1
1771540760.0259647,42_1,42,das_work,4.857568502426148,48258,39,1
1771540772.0378158,42_1,42,das_work,4.544678211212158,48258,40,1
1771540772.0538783,43_1,43,das_work,5.451842308044434,48258,40,1
1771540784.021413,43_2,43,das_work,1.1198687553405762,48258,41,1
1771540784.049123,42_1,42,das_work,8.004064083099365,48258,41,1
1771540796.01976,43_2,43,das_work,9.432147979736328,48258,42,1
1771540796.0570774,42_2,42,das_work,7.689847469329834,48258,42,1
1771540808.0156736,42_2,42,das_work,1.530972242355347,48258,43,1
1771540808.0274308,43_2,43,das_work,3.013935804367065,48258,43,1
1771540820.019907,43_2,43,das_work,4.438043117523193,48258,44,1
1771540820.0298076,42_2,42,das_work,1.9442710876464844,48258,44,1
1771540832.012164,42_2,42,das_work,3.911209344863892,48258,45,1
1771540832.0319588,43_2,43,das_work,3.440628290176392,48258,45,1
1771540844.0280805,42_2,42,das_work,3.620656490325928,48258,46,1
1771540844.0323946,43_2,43,das_work,9.741661548614502,48258,46,1
1771540856.0147233,43_2,43,das_work,4.4920196533203125,48258,47,1
1771540856.0333354,42_2,42,das_work,5.747242212295532,48258,47,1
1771540868.0009744,42_2,42,das_work,9.951480388641356,48258,48,1
1771540868.0148685,43_2,43,das_work,7.714586734771728,48258,48,1
1771540880.006346,42_2,42,das_work,6.972041130065918,48258,49,1
1771540880.0092964,43_2,43,das_work,1.792011022567749,48258,49,1
1771540892.0177488,42_2,42,das_work,2.898585081100464,48258,50,1
1771540892.036368,43_2,43,das_work,5.243620872497559,48258,50,1
1771540904.0189793,42_2,42,das_work,2.7227816581726074,48258,51,1
1771540904.0329294,43_2,43,das_work,8.916760921478271,48258,51,1
1771540916.0037773,42_2,42,das_work,9.573790073394775,48258,52,1
1771540916.0123107,43_2,43,das_work,7.095736980438232,48258,52,1
1771540928.012517,43_2,43,das_work,9.886730194091797,48258,53,1
1771540928.0375793,42_2,42,das_work,2.5933403968811035,48258,53,1
1771540940.0245588,43_2,43,das_work,5.791755199432373,48258,54,1
1771540940.025124,42_2,42,das_work,7.491032123565674,48258,54,1
1771540952.002391,43_2,43,das_work,6.518899917602539,48258,55,1
1771540952.023586,42_2,42,das_work,4.336155652999878,48258,55,1
1771540964.014107,42_2,42,das_work,9.282466650009155,48258,56,1
1771540964.0300672,43_3,43,das_work,3.516406297683716,48258,56,1
1771540975.9952023,43_3,43,das_work,0.4996216297149658,48258,57,1
1771540976.0323656,42_3,42,das_work,5.761634588241577,48258,57,1
1771540987.9971416,43_3,43,das_work,1.1021742820739746,48258,58,1
1771540988.028448,42_3,42,das_work,8.501830101013184,48258,58,1
1771541000.039315,42_3,42,das_work,5.349363565444946,48258,59,1
1771541000.039866,43_3,43,das_work,3.833552598953247,48258,59,1
1771541011.9971037,42_3,42,das_work,5.255377769470215,48258,60,1
1771541024.0090806,43_3,43,das_work,12.053633213043211,48258,61,1
1771541024.0349064,42_3,42,das_work,9.10690712928772,48258,61,1
1771541036.013098,43_3,43,das_work,8.007214069366455,48258,62,1
1771541036.0251844,42_3,42,das_work,2.6889004707336426,48258,62,1
1771541047.9925444,42_3,42,das_work,7.104845285415649,48258,63,1
1771541048.0092852,43_3,43,das_work,8.107534170150757,48258,63,1
1771541060.0010314,42_3,42,das_work,1.8884906768798828,48258,64,1
1771541060.004963,43_3,43,das_work,7.315920114517212,48258,64,1
1771541071.9980693,42_3,42,das_work,5.663978815078735,48258,65,1
1771541072.0304427,43_3,43,das_work,8.507083892822266,48258,65,1
1771541083.9957888,43_3,43,das_work,8.521746158599854,48258,66,1
1771541084.0141983,42_3,42,das_work,3.432513236999512,48258,66,1
1771541096.019181,42_3,42,das_work,2.584444046020508,48258,67,1
1771541096.0305824,43_3,43,das_work,6.360697984695435,48258,67,1
1771541108.0035331,43_3,43,das_work,0.9786577224731444,48258,68,1
1771541108.0266688,42_3,42,das_work,4.732015132904053,48258,68,1
1771541119.9941716,43_3,43,das_work,8.873165607452393,48258,69,1
1771541120.0230274,42_3,42,das_work,2.5999879837036133,48258,69,1
1771541131.9825156,43_3,43,das_work,6.118560075759888,48258,70,1
1771541132.0020905,42_3,42,das_work,1.060070514678955,48258,70,1
1771541143.9863267,43_3,43,das_work,8.013340473175049,48258,71,1
1771541143.994728,42_3,42,das_work,0.48345947265625,48258,71,1
1771541155.9968607,43_4,43,das_work,5.148441553115845,48258,72,1
1771541156.011299,42_4,42,das_work,8.299030542373657,48258,72,1
1771541168.0134728,42_4,42,das_work,3.9402976036071777,48258,73,1
1771541168.0142927,43_4,43,das_work,9.142224311828612,48258,73,1
1771541179.9982038,43_4,43,das_work,8.873313903808594,48258,74,1
1771541180.0114837,42_4,42,das_work,4.020369291305542,48258,74,1
1771541191.98728,42_4,42,das_work,9.867344856262209,48258,75,1
1771541192.0164454,43_4,43,das_work,9.128342628479004,48258,75,1
1771541204.0017717,42_4,42,das_work,8.730197429656982,48258,76,1
1771541204.0176132,43_4,43,das_work,7.580400228500366,48258,76,1
1771541215.9791603,42_4,42,das_work,5.109409332275391,48258,77,1
1771541215.9798465,43_4,43,das_work,4.295144319534302,48258,77,1
1771541228.020402,42_4,42,das_work,8.065102338790894,48258,78,1
1771541228.0384817,43_4,43,das_work,2.8850276470184326,48258,78,1
1771541240.003011,43_4,43,das_work,1.880281686782837,48258,79,1
1771541240.008987,42_4,42,das_work,5.354917049407959,48258,79,1
1771541251.9870648,43_4,43,das_work,4.482208490371704,48258,80,1
1771541251.9987714,42_4,42,das_work,5.754372596740723,48258,80,1
1771541263.9814231,43_4,43,das_work,2.0013983249664307,48258,81,1
1771541263.994588,42_4,42,das_work,2.488471984863281,48258,81,1
1771541275.978501,43_4,43,das_work,7.798207759857178,48258,82,1
1771541276.0005138,42_4,42,das_work,1.263469696044922,48258,82,1
1771541288.0118806,43_4,43,das_work,1.9564721584320068,48258,83,1
1771541288.0202336,42_4,42,das_work,3.0034101009368896,48258,83,1
1771541299.976136,43_4,43,das_work,3.434147596359253,48258,84,1
1771541300.00681,42_4,42,das_work,8.302062749862671,48258,84,1
1771541311.9539344,43_4,43,das_work,8.942673921585083,48258,85,1
1771541311.9988823,42_4,42,das_work,4.737024307250977,48258,85,1
1771541323.9484727,43_4,43,das_work,2.1937131881713867,48258,86,1
1771541323.9489844,42_4,42,das_work,8.52329707145691,48258,86,1
1771540424.010314,44_0,44,das_work,3.846352815628052,48258,11,1
1771540436.032555,45_0,45,das_work,3.203214168548584,48258,12,1
1771540436.0441036,44_0,44,das_work,6.157615900039673,48258,12,1
1771540448.0686023,44_0,44,das_work,3.297161340713501,48258,13,1
1771540448.074697,45_0,45,das_work,8.412800550460815,48258,13,1
1771540460.042238,44_0,44,das_work,8.150811672210693,48258,14,1
1771540460.042741,45_0,45,das_work,9.370303630828856,48258,14,1
1771540472.0381336,44_0,44,das_work,4.377226114273071,48258,15,1
1771540472.0443604,45_0,45,das_work,4.659884452819824,48258,15,1
1771540484.0383651,45_0,45,das_work,9.765442609786987,48258,16,1
1771540484.0422912,44_0,44,das_work,8.922685861587524,48258,16,1
1771540496.0606678,44_0,44,das_work,4.025463104248047,48258,17,1
1771540496.0707886,45_0,45,das_work,6.771232128143311,48258,17,1
1771540508.0338776,45_0,45,das_work,7.021908521652222,48258,18,1
1771540508.059073,44_0,44,das_work,5.3367063999176025,48258,18,1
1771540520.0482976,44_0,44,das_work,7.8907470703125,48258,19,1
1771540520.0746608,45_0,45,das_work,1.5644562244415283,48258,19,1
1771540532.0507052,44_0,44,das_work,6.011537075042725,48258,20,1
1771540532.0537891,45_0,45,das_work,8.777248620986938,48258,20,1
1771540544.0360625,44_0,44,das_work,6.300894975662232,48258,21,1
1771540544.0397,45_0,45,das_work,7.46101188659668,48258,21,1
1771540556.0338955,44_0,44,das_work,5.808014631271362,48258,22,1
1771540556.0392418,45_0,45,das_work,2.1908745765686035,48258,22,1
1771540568.0277562,44_0,44,das_work,1.401893138885498,48258,23,1
1771540568.0459847,45_0,45,das_work,3.412374496459961,48258,23,1
1771540580.0321474,45_0,45,das_work,1.6903693675994873,48258,24,1
1771540580.0461106,44_0,44,das_work,7.795696496963501,48258,24,1
1771540592.0302038,44_0,44,das_work,9.67849826812744,48258,25,1
1771540592.068125,45_0,45,das_work,3.600170373916626,48258,25,1
1771540604.0314631,45_0,45,das_work,4.5840253829956055,48258,26,1
1771540604.0538714,44_1,44,das_work,5.752500534057617,48258,26,1
1771540616.043517,45_1,45,das_work,4.579576730728149,48258,27,1
1771540616.072564,44_1,44,das_work,2.487721920013428,48258,27,1
1771540628.0302608,45_1,45,das_work,0.7696878910064697,48258,28,1
1771540628.0556805,44_1,44,das_work,2.389986753463745,48258,28,1
1771540640.0281615,45_1,45,das_work,3.1544971466064453,48258,29,1
1771540640.0529346,44_1,44,das_work,7.993044853210449,48258,29,1
1771540652.0269625,44_1,44,das_work,4.866510391235352,48258,30,1
1771540652.042987,45_1,45,das_work,6.681628465652466,48258,30,1
1771540664.0448325,44_1,44,das_work,3.62822937965393,48258,31,1
1771540664.048066,45_1,45,das_work,3.00225567817688,48258,31,1
1771540676.025783,44_1,44,das_work,7.140930414199829,48258,32,1
1771540676.039184,45_1,45,das_work,5.223095655441284,48258,32,1
1771540688.0294683,45_1,45,das_work,8.73725152015686,48258,33,1
1771540688.0342743,44_1,44,das_work,3.2652065753936768,48258,33,1
1771540700.0378227,44_1,44,das_work,6.576567649841309,48258,34,1
1771540700.0654433,45_1,45,das_work,1.568681001663208,48258,34,1
1771540712.027324,44_1,44,das_work,2.816169261932373,48258,35,1
1771540712.038382,45_1,45,das_work,9.147988080978394,48258,35,1
1771540724.0331328,44_1,44,das_work,2.3322436809539795,48258,36,1
1771540724.04062,45_1,45,das_work,7.646266222000122,48258,36,1
1771540736.0167787,44_1,44,das_work,4.378901481628418,48258,37,1
1771540736.0187228,45_1,45,das_work,5.7795586585998535,48258,37,1
1771540748.0187285,45_1,45,das_work,4.218218564987183,48258,38,1
1771540748.058544,44_1,44,das_work,8.11152720451355,48258,38,1
1771540760.0235536,45_1,45,das_work,1.314845323562622,48258,39,1
1771540760.023764,44_1,44,das_work,7.307271718978882,48258,39,1
1771540772.0303786,45_1,45,das_work,5.982015609741211,48258,40,1
1771540772.036207,44_1,44,das_work,5.063149690628052,48258,40,1
1771540784.0339544,45_1,45,das_work,8.032633781433105,48258,41,1
1771540784.034521,44_2,44,das_work,4.3597571849823,48258,41,1
1771540796.0282772,45_2,45,das_work,5.659628868103027,48258,42,1
1771540796.0546918,44_2,44,das_work,5.455785274505615,48258,42,1
1771540808.012931,44_2,44,das_work,8.622498512268066,48258,43,1
1771540808.0153558,45_2,45,das_work,8.48175597190857,48258,43,1
1771540820.0260704,44_2,44,das_work,4.430418014526367,48258,44,1
1771540820.03397,45_2,45,das_work,8.813674211502075,48258,44,1
1771540832.0246892,44_2,44,das_work,5.4115142822265625,48258,45,1
1771540832.0270877,45_2,45,das_work,5.303653240203857,48258,45,1
1771540844.0241787,45_2,45,das_work,8.776980876922607,48258,46,1
1771540844.035715,44_2,44,das_work,1.4619174003601074,48258,46,1
1771540856.009771,45_2,45,das_work,8.461521863937378,48258,47,1
1771540856.0331953,44_2,44,das_work,9.320870399475098,48258,47,1
1771540868.0103128,44_2,44,das_work,6.704966306686401,48258,48,1
1771540868.0332131,45_2,45,das_work,7.280278444290161,48258,48,1
1771540880.0098274,45_2,45,das_work,0.2808253765106201,48258,49,1
1771540880.030954,44_2,44,das_work,6.560116291046143,48258,49,1
1771540892.0051196,45_2,45,das_work,7.598062515258789,48258,50,1
1771540892.0082316,44_2,44,das_work,0.794511079788208,48258,50,1
1771540904.0139148,45_2,45,das_work,5.358255624771118,48258,51,1
1771540904.0450373,44_2,44,das_work,6.268718481063843,48258,51,1
1771540916.0237982,44_2,44,das_work,3.3129723072052,48258,52,1
1771540916.0283866,45_2,45,das_work,6.46085262298584,48258,52,1
1771540928.0131664,45_2,45,das_work,5.264714241027832,48258,53,1
1771540928.037117,44_2,44,das_work,1.4697716236114502,48258,53,1
1771540940.0122726,45_2,45,das_work,2.849838972091675,48258,54,1
1771540940.013156,44_2,44,das_work,8.611146926879883,48258,54,1
1771540952.0047002,44_2,44,das_work,6.304234027862549,48258,55,1
1771540952.013528,45_2,45,das_work,6.366135835647583,48258,55,1
1771540964.0071125,45_2,45,das_work,7.66309928894043,48258,56,1
1771540964.008833,44_3,44,das_work,9.192869424819946,48258,56,1
1771540975.9963777,44_3,44,das_work,5.275196075439453,48258,57,1
1771540976.001268,45_3,45,das_work,2.623863458633423,48258,57,1
1771540988.0029554,44_3,44,das_work,1.996119260787964,48258,58,1
1771540988.0080988,45_3,45,das_work,4.255743026733398,48258,58,1
1771541000.0068457,44_3,44,das_work,8.50637936592102,48258,59,1
1771541000.0183306,45_3,45,das_work,4.065214157104492,48258,59,1
1771541012.0032566,44_3,44,das_work,3.935274839401245,48258,60,1
1771541012.0038457,45_3,45,das_work,5.103211402893066,48258,60,1
1771541023.999605,45_3,45,das_work,7.772951602935791,48258,61,1
1771541024.0014708,44_3,44,das_work,10.32609248161316,48258,61,1
1771541035.9991689,45_3,45,das_work,7.991147994995117,48258,62,1
1771541036.006303,44_3,44,das_work,8.545672178268433,48258,62,1
1771541048.002056,44_3,44,das_work,4.746223449707031,48258,63,1
1771541048.0084574,45_3,45,das_work,8.399423599243164,48258,63,1
1771541059.9904387,44_3,44,das_work,2.913930892944336,48258,64,1
1771541059.993137,45_3,45,das_work,5.70401668548584,48258,64,1
1771541072.0038729,45_3,45,das_work,2.9092772006988525,48258,65,1
1771541072.0089242,44_3,44,das_work,4.9599456787109375,48258,65,1
1771541083.9922233,44_3,44,das_work,5.661585330963135,48258,66,1
1771541084.013341,45_3,45,das_work,1.9998159408569336,48258,66,1
1771541095.99714,44_3,44,das_work,6.186162233352661,48258,67,1
1771541095.997361,45_3,45,das_work,3.968384504318237,48258,67,1
1771541107.9972878,45_3,45,das_work,9.18071150779724,48258,68,1
1771541108.0050728,44_3,44,das_work,1.090892314910889,48258,68,1
1771541120.003579,45_3,45,das_work,3.753952026367188,48258,69,1
1771541120.022894,44_3,44,das_work,6.368093490600586,48258,69,1
1771541131.9999666,44_3,44,das_work,6.751325607299805,48258,70,1
1771541132.0013895,45_3,45,das_work,9.383897304534912,48258,70,1
1771541143.9831638,45_3,45,das_work,5.231057643890381,48258,71,1
1771541143.984445,44_4,44,das_work,6.781038522720337,48258,71,1
1771541155.9919205,44_4,44,das_work,5.724140644073486,48258,72,1
1771541156.0058055,45_4,45,das_work,2.612744092941284,48258,72,1
1771541167.987582,44_4,44,das_work,4.334123373031616,48258,73,1
1771541168.011603,45_4,45,das_work,2.8947789669036865,48258,73,1
1771541179.994647,44_4,44,das_work,1.1121561527252195,48258,74,1
1771541180.000079,45_4,45,das_work,1.2800538539886477,48258,74,1
1771541191.985631,45_4,45,das_work,1.7166643142700195,48258,75,1
1771541191.9879708,44_4,44,das_work,6.287992715835571,48258,75,1
1771541203.9947522,44_4,44,das_work,10.149596929550173,48258,76,1
1771541204.0189242,45_4,45,das_work,7.176248788833618,48258,76,1
1771541215.9757388,45_4,45,das_work,2.083901882171631,48258,77,1
1771541215.9995909,44_4,44,das_work,5.139475584030151,48258,77,1
1771541228.020789,45_4,45,das_work,3.869225263595581,48258,78,1
1771541228.0262709,44_4,44,das_work,1.739210844039917,48258,78,1
1771541239.9971435,45_4,45,das_work,8.437066555023193,48258,79,1
1771541240.000852,44_4,44,das_work,6.822882175445557,48258,79,1
1771541251.982401,44_4,44,das_work,3.4395248889923096,48258,80,1
1771541252.0029426,45_4,45,das_work,1.575009822845459,48258,80,1
1771541263.9993217,45_4,45,das_work,2.077129602432251,48258,81,1
1771541264.0122097,44_4,44,das_work,1.4678401947021484,48258,81,1
1771541275.9821427,45_4,45,das_work,4.552430868148804,48258,82,1
1771541275.9950714,44_4,44,das_work,5.036604642868042,48258,82,1
1771541288.0009036,44_4,44,das_work,6.889301061630249,48258,83,1
1771541288.0207925,45_4,45,das_work,5.766025304794312,48258,83,1
1771541299.9686005,45_4,45,das_work,8.451461553573608,48258,84,1
1771541299.969336,44_4,44,das_work,7.206892251968384,48258,84,1
1771541311.958094,44_4,44,das_work,4.428434610366821,48258,85,1
1771541312.0057073,45_4,45,das_work,9.11587405204773,48258,85,1
1771541323.9449337,45_4,45,das_work,5.770433902740479,48258,86,1
1771540436.0341787,47_0,47,das_work,5.5558061599731445,48258,12,1
1771540436.0454433,46_0,46,das_work,4.112034559249878,48258,12,1
1771540448.0214784,47_0,47,das_work,2.889314651489258,48258,13,1
1771540448.0800254,46_0,46,das_work,10.265722036361694,48258,13,1
1771540460.0337143,47_0,47,das_work,3.725374221801758,48258,14,1
1771540460.0422802,46_0,46,das_work,6.361730337142944,48258,14,1
1771540472.0314822,46_0,46,das_work,7.622273921966553,48258,15,1
1771540472.067117,47_0,47,das_work,6.563265562057495,48258,15,1
1771540484.0459454,47_0,47,das_work,6.897849798202515,48258,16,1
1771540484.0535538,46_0,46,das_work,6.996623992919922,48258,16,1
1771540496.0441144,47_0,47,das_work,4.746225595474243,48258,17,1
1771540496.068097,46_0,46,das_work,5.562931060791016,48258,17,1
1771540508.0483067,46_0,46,das_work,5.4751136302948,48258,18,1
1771540508.0496745,47_0,47,das_work,7.481799840927124,48258,18,1
1771540520.0316954,46_0,46,das_work,3.126049518585205,48258,19,1
1771540520.0447018,47_0,47,das_work,0.4480996131896972,48258,19,1
1771540532.045759,46_0,46,das_work,8.257159233093262,48258,20,1
1771540532.049663,47_0,47,das_work,6.123823404312134,48258,20,1
1771540544.035296,47_0,47,das_work,6.637202501296997,48258,21,1
1771540544.037686,46_0,46,das_work,3.727898359298706,48258,21,1
1771540556.0303528,46_0,46,das_work,6.533864498138428,48258,22,1
1771540556.030907,47_0,47,das_work,1.3226988315582275,48258,22,1
1771540568.0399091,47_0,47,das_work,5.380637168884277,48258,23,1
1771540568.0453067,46_0,46,das_work,6.996442079544067,48258,23,1
1771540580.0375686,47_0,47,das_work,9.990602254867554,48258,24,1
1771540580.065789,46_0,46,das_work,2.9027538299560547,48258,24,1
1771540592.028141,47_0,47,das_work,8.517163276672363,48258,25,1
1771540592.0339763,46_0,46,das_work,6.124350786209106,48258,25,1
1771540604.0357797,46_0,46,das_work,1.8372907638549805,48258,26,1
1771540604.04343,47_0,47,das_work,3.942634344100952,48258,26,1
1771540616.036359,47_1,47,das_work,0.7842488288879395,48258,27,1
1771540616.0656488,46_1,46,das_work,2.4903275966644287,48258,27,1
1771540628.0505865,46_1,46,das_work,2.0779173374176025,48258,28,1
1771540628.0563347,47_1,47,das_work,6.061774969100952,48258,28,1
1771540640.0295854,47_1,47,das_work,8.95746660232544,48258,29,1
1771540640.0372317,46_1,46,das_work,0.9604294300079346,48258,29,1
1771540652.0245938,47_1,47,das_work,4.259499788284302,48258,30,1
1771540652.0438073,46_1,46,das_work,6.469871997833252,48258,30,1
1771540664.022905,47_1,47,das_work,3.544508457183838,48258,31,1
1771540664.0506651,46_1,46,das_work,1.1666343212127686,48258,31,1
1771540676.0227113,46_1,46,das_work,8.327499866485596,48258,32,1
1771540676.0473063,47_1,47,das_work,7.697084903717041,48258,32,1
1771540688.029359,46_1,46,das_work,6.990100860595703,48258,33,1
1771540688.0331705,47_1,47,das_work,1.486781358718872,48258,33,1
1771540700.049156,46_1,46,das_work,9.112588167190552,48258,34,1
1771540700.057963,47_1,47,das_work,6.050631761550903,48258,34,1
1771540712.0567956,46_1,46,das_work,1.773193597793579,48258,35,1
1771540712.0605907,47_1,47,das_work,6.561919927597046,48258,35,1
1771540724.0255685,46_1,46,das_work,5.484701156616211,48258,36,1
1771540724.0399337,47_1,47,das_work,8.112295150756836,48258,36,1
1771540736.0208526,47_1,47,das_work,4.858478784561157,48258,37,1
1771540736.0303817,46_1,46,das_work,8.062838315963745,48258,37,1
1771540748.0306394,47_1,47,das_work,7.386917591094971,48258,38,1
1771540748.042354,46_1,46,das_work,6.263028621673584,48258,38,1
1771540760.0183325,46_1,46,das_work,0.3829538822174072,48258,39,1
1771540760.032353,47_1,47,das_work,1.2011597156524658,48258,39,1
1771540772.025443,46_1,46,das_work,7.626930952072143,48258,40,1
1771540772.0412078,47_1,47,das_work,2.6956822872161865,48258,40,1
1771540784.0411923,46_1,46,das_work,1.874178409576416,48258,41,1
1771540784.0489385,47_1,47,das_work,1.7654049396514893,48258,41,1
1771540796.0190592,47_2,47,das_work,4.346941232681274,48258,42,1
1771540796.054117,46_2,46,das_work,4.432222604751587,48258,42,1
1771540808.013456,46_2,46,das_work,7.907404184341431,48258,43,1
1771540808.017617,47_2,47,das_work,2.9437813758850098,48258,43,1
1771540820.0434043,47_2,47,das_work,5.685211181640625,48258,44,1
1771540820.0444183,46_2,46,das_work,6.707625150680542,48258,44,1
1771540832.01805,47_2,47,das_work,4.864624261856079,48258,45,1
1771540832.04557,46_2,46,das_work,2.299867868423462,48258,45,1
1771540844.0129905,47_2,47,das_work,1.609210729598999,48258,46,1
1771540844.0312362,46_2,46,das_work,5.041666507720947,48258,46,1
1771540856.0164666,47_2,47,das_work,3.2366490364074707,48258,47,1
1771540856.0262802,46_2,46,das_work,4.522262811660767,48258,47,1
1771540868.015729,47_2,47,das_work,3.2169246673583984,48258,48,1
1771540868.0288377,46_2,46,das_work,2.905439138412476,48258,48,1
1771540880.006042,47_2,47,das_work,5.884604454040527,48258,49,1
1771540880.0099604,46_2,46,das_work,7.926691293716431,48258,49,1
1771540892.0166118,47_2,47,das_work,5.763982057571411,48258,50,1
1771540892.0458012,46_2,46,das_work,9.51483678817749,48258,50,1
1771540904.0031352,47_2,47,das_work,1.7732205390930176,48258,51,1
1771540904.023219,46_2,46,das_work,4.213862180709839,48258,51,1
1771540916.001879,47_2,47,das_work,1.9183080196380613,48258,52,1
1771540916.0231762,46_2,46,das_work,9.211602687835692,48258,52,1
1771540928.007235,46_2,46,das_work,8.96067476272583,48258,53,1
1771540928.023294,47_2,47,das_work,0.6652922630310059,48258,53,1
1771540940.0085585,46_2,46,das_work,3.99019718170166,48258,54,1
1771540940.0128388,47_2,47,das_work,5.840985059738159,48258,54,1
1771540952.0071273,46_2,46,das_work,9.759545803070068,48258,55,1
1771540952.0221074,47_2,47,das_work,0.4477729797363281,48258,55,1
1771540964.0298066,46_2,46,das_work,9.422370195388794,48258,56,1
1771540964.033224,47_2,47,das_work,2.375675678253174,48258,56,1
1771540975.997299,46_3,46,das_work,7.284673690795898,48258,57,1
1771540976.0378342,47_3,47,das_work,6.173263311386108,48258,57,1
1771540988.0082824,47_3,47,das_work,6.256116151809692,48258,58,1
1771540988.0098176,46_3,46,das_work,8.883696794509888,48258,58,1
1771541000.0030365,47_3,47,das_work,7.415358781814575,48258,59,1
1771541000.023012,46_3,46,das_work,7.0012078285217285,48258,59,1
1771541012.01124,47_3,47,das_work,5.503643751144409,48258,60,1
1771541012.016264,46_3,46,das_work,7.5803141593933105,48258,60,1
1771541024.0000482,46_3,46,das_work,4.172154664993286,48258,61,1
1771541024.0027473,47_3,47,das_work,2.723167181015014,48258,61,1
1771541035.993654,47_3,47,das_work,4.553199529647827,48258,62,1
1771541036.0136833,46_3,46,das_work,4.218650341033936,48258,62,1
1771541048.0012944,46_3,46,das_work,7.446367025375366,48258,63,1
1771541048.0074823,47_3,47,das_work,2.6464602947235107,48258,63,1
1771541059.9995058,47_3,47,das_work,1.823648691177368,48258,64,1
1771541060.0201154,46_3,46,das_work,6.763037919998169,48258,64,1
1771541072.002745,47_3,47,das_work,9.990500688552856,48258,65,1
1771541072.0080433,46_3,46,das_work,3.819001913070679,48258,65,1
1771541083.9927354,47_3,47,das_work,2.756382465362549,48258,66,1
1771541084.009233,46_3,46,das_work,2.912811279296875,48258,66,1
1771541096.012075,47_3,47,das_work,3.615572214126587,48258,67,1
1771541096.0280669,46_3,46,das_work,3.915572166442871,48258,67,1
1771541107.9947312,47_3,47,das_work,7.386290550231934,48258,68,1
1771541108.003893,46_3,46,das_work,10.200684070587158,48258,68,1
1771541119.9941876,46_3,46,das_work,1.9955904483795168,48258,69,1
1771541120.0236588,47_3,47,das_work,9.209795951843262,48258,69,1
1771541131.9899993,47_3,47,das_work,6.984384536743164,48258,70,1
1771541131.9976008,46_3,46,das_work,9.914249181747437,48258,70,1
1771541144.004469,46_3,46,das_work,5.86861252784729,48258,71,1
1771541144.0096536,47_3,47,das_work,3.81483006477356,48258,71,1
1771541156.0065827,46_4,46,das_work,4.117464065551758,48258,72,1
1771541156.0088253,47_4,47,das_work,5.905321836471558,48258,72,1
1771541167.996382,46_4,46,das_work,3.010289669036865,48258,73,1
1771541168.0077136,47_4,47,das_work,5.449859857559204,48258,73,1
1771541179.985917,47_4,47,das_work,5.76049280166626,48258,74,1
1771541179.9990711,46_4,46,das_work,8.64587688446045,48258,74,1
1771541191.994666,47_4,47,das_work,9.750603199005129,48258,75,1
1771541191.9955056,46_4,46,das_work,4.421994924545288,48258,75,1
1771541204.0100498,47_4,47,das_work,2.7939982414245605,48258,76,1
1771541204.0105662,46_4,46,das_work,7.809253215789795,48258,76,1
1771541215.9853702,47_4,47,das_work,5.907748460769653,48258,77,1
1771541216.0118897,46_4,46,das_work,4.831042766571045,48258,77,1
1771541228.0189178,46_4,46,das_work,4.059952735900879,48258,78,1
1771541228.038261,47_4,47,das_work,8.863142728805542,48258,78,1
1771541239.9990544,47_4,47,das_work,6.061936855316162,48258,79,1
1771541239.9999871,46_4,46,das_work,3.828548192977905,48258,79,1
1771541251.9811115,46_4,46,das_work,6.482957601547241,48258,80,1
1771541252.0061853,47_4,47,das_work,2.486169815063477,48258,80,1
1771541263.982172,46_4,46,das_work,6.194049596786499,48258,81,1
1771541263.9881222,47_4,47,das_work,9.274178504943848,48258,81,1
1771541275.9952126,47_4,47,das_work,5.457204818725586,48258,82,1
1771541276.0165324,46_4,46,das_work,3.4975318908691406,48258,82,1
1771541288.0145323,47_4,47,das_work,1.3307363986968994,48258,83,1
1771541288.01703,46_4,46,das_work,9.335533142089844,48258,83,1
1771541299.9761703,47_4,47,das_work,8.757523536682129,48258,84,1
1771541299.97937,46_4,46,das_work,8.017969369888306,48258,84,1
1771541311.9526343,46_4,46,das_work,3.82501220703125,48258,85,1
1771541311.9957535,47_4,47,das_work,3.502089023590088,48258,85,1
1771541323.9852855,47_4,47,das_work,5.544931411743164,48258,86,1
1771541323.999772,46_4,46,das_work,1.8802237510681152,48258,86,1
1771540436.0180357,48_0,48,das_work,1.1947662830352783,48258,12,1
1771540448.0175898,48_0,48,das_work,5.774250984191895,48258,13,1
1771540448.020316,49_0,49,das_work,7.686441898345947,48258,13,1
1771540460.0290542,49_0,49,das_work,9.25773286819458,48258,14,1
1771540460.079625,48_0,48,das_work,2.8076887130737305,48258,14,1
1771540472.0681584,48_0,48,das_work,7.735842227935791,48258,15,1
1771540472.0686767,49_0,49,das_work,8.855149745941162,48258,15,1
1771540484.0409198,49_0,49,das_work,1.0044832229614258,48258,16,1
1771540484.0736723,48_0,48,das_work,3.402784585952759,48258,16,1
1771540496.0430827,48_0,48,das_work,3.821978330612183,48258,17,1
1771540496.0481482,49_0,49,das_work,5.883840084075928,48258,17,1
1771540508.046207,48_0,48,das_work,2.293445348739624,48258,18,1
1771540508.0515091,49_0,49,das_work,8.649940013885498,48258,18,1
1771540520.050671,49_0,49,das_work,4.532582998275757,48258,19,1
1771540520.0544608,48_0,48,das_work,8.920651197433472,48258,19,1
1771540532.053291,49_0,49,das_work,4.241964101791382,48258,20,1
1771540532.0760102,48_0,48,das_work,9.428422927856444,48258,20,1
1771540544.038134,48_0,48,das_work,1.209761142730713,48258,21,1
1771540544.0453968,49_0,49,das_work,2.3053982257843018,48258,21,1
1771540556.0374787,48_0,48,das_work,7.93968939781189,48258,22,1
1771540556.0427165,49_0,49,das_work,9.646799087524414,48258,22,1
1771540568.0380678,48_0,48,das_work,1.8022127151489256,48258,23,1
1771540568.0568285,49_0,49,das_work,4.119515657424927,48258,23,1
1771540580.0746367,49_0,49,das_work,8.967507600784302,48258,24,1
1771540580.0752969,48_0,48,das_work,7.635282516479492,48258,24,1
1771540592.0263548,49_0,49,das_work,3.0459835529327397,48258,25,1
1771540592.0475986,48_0,48,das_work,3.112154245376587,48258,25,1
1771540604.028081,48_0,48,das_work,7.690470457077026,48258,26,1
1771540604.0629957,49_0,49,das_work,4.115925550460815,48258,26,1
1771540616.0384524,49_0,49,das_work,6.2930684089660645,48258,27,1
1771540616.0502074,48_1,48,das_work,0.7589490413665771,48258,27,1
1771540628.0435126,49_1,49,das_work,3.3701541423797607,48258,28,1
1771540628.0451736,48_1,48,das_work,8.014261484146118,48258,28,1
1771540640.0356252,49_1,49,das_work,9.173332214355469,48258,29,1
1771540640.057154,48_1,48,das_work,1.0604054927825928,48258,29,1
1771540652.0262623,49_1,49,das_work,3.9369823932647705,48258,30,1
1771540652.027671,48_1,48,das_work,6.011219263076782,48258,30,1
1771540664.0345898,48_1,48,das_work,7.043036699295044,48258,31,1
1771540664.0432143,49_1,49,das_work,1.788891315460205,48258,31,1
1771540676.0312002,49_1,49,das_work,6.511037349700928,48258,32,1
1771540676.038962,48_1,48,das_work,8.938676595687866,48258,32,1
1771540688.0376642,49_1,49,das_work,3.3214240074157715,48258,33,1
1771540688.0389445,48_1,48,das_work,3.012295246124268,48258,33,1
1771540700.0453005,48_1,48,das_work,3.216609001159668,48258,34,1
1771540700.053656,49_1,49,das_work,7.682361364364624,48258,34,1
1771540712.0196564,49_1,49,das_work,8.332265377044678,48258,35,1
1771540712.0347457,48_1,48,das_work,6.538970947265625,48258,35,1
1771540724.0264158,49_1,49,das_work,5.181730508804321,48258,36,1
1771540724.045215,48_1,48,das_work,4.256895542144775,48258,36,1
1771540736.0206072,48_1,48,das_work,5.386489152908325,48258,37,1
1771540736.027357,49_1,49,das_work,9.879130363464355,48258,37,1
1771540748.0311396,49_1,49,das_work,3.835013866424561,48258,38,1
1771540748.032478,48_1,48,das_work,5.978452682495117,48258,38,1
1771540760.0242376,48_1,48,das_work,5.587903499603272,48258,39,1
1771540760.0330763,49_1,49,das_work,4.267489433288574,48258,39,1
1771540772.01856,49_1,49,das_work,4.142279863357544,48258,40,1
1771540772.019189,48_1,48,das_work,8.63725733757019,48258,40,1
1771540784.026579,49_1,49,das_work,1.6331145763397217,48258,41,1
1771540784.030865,48_1,48,das_work,6.0577545166015625,48258,41,1
1771540796.017949,49_1,49,das_work,5.985201835632324,48258,42,1
1771540796.0528884,48_2,48,das_work,3.217436552047729,48258,42,1
1771540808.022364,48_2,48,das_work,7.510835647583008,48258,43,1
1771540808.024913,49_2,49,das_work,4.784078121185303,48258,43,1
1771540820.018414,48_2,48,das_work,5.889483451843262,48258,44,1
1771540820.0343142,49_2,49,das_work,8.101346969604492,48258,44,1
1771540832.014744,48_2,48,das_work,7.293738842010498,48258,45,1
1771540832.0494072,49_2,49,das_work,1.7751281261444092,48258,45,1
1771540844.0296426,48_2,48,das_work,8.318588018417358,48258,46,1
1771540844.0302324,49_2,49,das_work,6.893567562103272,48258,46,1
1771540856.0416794,48_2,48,das_work,5.755789041519165,48258,47,1
1771540856.046464,49_2,49,das_work,2.296358585357666,48258,47,1
1771540868.0016336,49_2,49,das_work,1.0087273120880127,48258,48,1
1771540868.0325854,48_2,48,das_work,8.625042915344238,48258,48,1
1771540880.0055857,49_2,49,das_work,2.5914628505706787,48258,49,1
1771540880.0150075,48_2,48,das_work,4.2489964962005615,48258,49,1
1771540892.017003,48_2,48,das_work,1.4736976623535156,48258,50,1
1771540892.0466335,49_2,49,das_work,5.654177665710449,48258,50,1
1771540904.0064423,48_2,48,das_work,7.624958515167236,48258,51,1
1771540904.0321162,49_2,49,das_work,5.337621212005615,48258,51,1
1771540916.0021243,48_2,48,das_work,2.6393415927886963,48258,52,1
1771540916.0068555,49_2,49,das_work,7.545905590057373,48258,52,1
1771540928.0183964,49_2,49,das_work,4.95829176902771,48258,53,1
1771540928.040312,48_2,48,das_work,5.756016969680786,48258,53,1
1771540940.0248635,48_2,48,das_work,1.6834993362426758,48258,54,1
1771540940.0435164,49_2,49,das_work,4.741510629653931,48258,54,1
1771540952.0104604,48_2,48,das_work,8.788399696350098,48258,55,1
1771540952.0128305,49_2,49,das_work,8.182188272476196,48258,55,1
1771540964.009806,49_2,49,das_work,8.006205320358276,48258,56,1
1771540964.0347474,48_2,48,das_work,2.176447868347168,48258,56,1
1771540976.0321329,49_2,49,das_work,9.524561405181885,48258,57,1
1771540976.0386224,48_3,48,das_work,1.8750391006469729,48258,57,1
1771540988.013451,49_3,49,das_work,3.920464277267456,48258,58,1
1771540988.0290446,48_3,48,das_work,8.199854135513306,48258,58,1
1771541000.027803,48_3,48,das_work,7.191335916519165,48258,59,1
1771541000.0296087,49_3,49,das_work,1.891122817993164,48258,59,1
1771541012.00061,49_3,49,das_work,7.931963920593262,48258,60,1
1771541012.020769,48_3,48,das_work,4.129326343536377,48258,60,1
1771541024.0040238,48_3,48,das_work,2.0244994163513184,48258,61,1
1771541024.006903,49_3,49,das_work,9.734747648239136,48258,61,1
1771541036.0065055,49_3,49,das_work,2.2132818698883057,48258,62,1
1771541036.0264325,48_3,48,das_work,3.393452405929565,48258,62,1
1771541047.9906268,48_3,48,das_work,5.9792091846466064,48258,63,1
1771541048.008734,49_3,49,das_work,7.219763994216919,48258,63,1
1771541060.0025866,49_3,49,das_work,6.113631963729858,48258,64,1
1771541060.0033357,48_3,48,das_work,3.1752593517303467,48258,64,1
1771541071.9893956,49_3,49,das_work,5.011678695678711,48258,65,1
1771541071.9913268,48_3,48,das_work,4.103438854217529,48258,65,1
1771541084.0016437,48_3,48,das_work,1.549738883972168,48258,66,1
1771541084.011028,49_3,49,das_work,4.027122735977173,48258,66,1
1771541095.9955077,49_3,49,das_work,5.409532308578491,48258,67,1
1771541096.001758,48_3,48,das_work,5.307537317276001,48258,67,1
1771541107.989782,48_3,48,das_work,3.1008141040802,48258,68,1
1771541107.9983644,49_3,49,das_work,3.888314962387085,48258,68,1
1771541120.0013454,48_3,48,das_work,5.986325263977051,48258,69,1
1771541120.0126612,49_3,49,das_work,3.613703966140747,48258,69,1
1771541131.9940567,48_3,48,das_work,5.802459955215454,48258,70,1
1771541131.9968617,49_3,49,das_work,6.741303205490112,48258,70,1
1771541143.9895337,48_3,48,das_work,3.745172262191773,48258,71,1
1771541144.01329,49_3,49,das_work,7.271739959716797,48258,71,1
1771541155.9957676,49_3,49,das_work,2.428029775619507,48258,72,1
1771541155.9994612,48_4,48,das_work,9.082621574401855,48258,72,1
1771541168.0021076,48_4,48,das_work,5.053434610366821,48258,73,1
1771541168.0266857,49_4,49,das_work,7.18189001083374,48258,73,1
1771541180.0143209,48_4,48,das_work,1.665525197982788,48258,74,1
1771541180.0232754,49_4,49,das_work,2.687895536422729,48258,74,1
1771541191.9770002,49_4,49,das_work,8.208472490310669,48258,75,1
1771541192.0180895,48_4,48,das_work,9.62973952293396,48258,75,1
1771541203.9833865,49_4,49,das_work,2.4386770725250244,48258,76,1
1771541204.0131402,48_4,48,das_work,6.262994289398193,48258,76,1
1771541215.9926631,49_4,49,das_work,3.611989974975586,48258,77,1
1771541216.0004387,48_4,48,das_work,6.477564096450806,48258,77,1
1771541228.038893,49_4,49,das_work,8.375419616699219,48258,78,1
1771541228.042619,48_4,48,das_work,3.216576099395752,48258,78,1
1771541240.0073678,49_4,49,das_work,4.943820953369141,48258,79,1
1771541240.0179126,48_4,48,das_work,5.446559906005859,48258,79,1
1771541251.9797127,48_4,48,das_work,7.201660394668579,48258,80,1
1771541251.9843583,49_4,49,das_work,2.9324135780334477,48258,80,1
1771541263.9748616,49_4,49,das_work,8.37296986579895,48258,81,1
1771541263.9816215,48_4,48,das_work,8.271833896636963,48258,81,1
1771541275.9737575,48_4,48,das_work,9.49974775314331,48258,82,1
1771541275.9819317,49_4,49,das_work,8.177884578704834,48258,82,1
1771541288.0138924,48_4,48,das_work,6.394254922866821,48258,83,1
1771541288.0227623,49_4,49,das_work,6.782565116882324,48258,83,1
1771541299.9674735,48_4,48,das_work,2.289557456970215,48258,84,1
1771541300.0055718,49_4,49,das_work,4.013237476348877,48258,84,1
1771541311.9565814,48_4,48,das_work,4.964736700057983,48258,85,1
1771541311.995518,49_4,49,das_work,1.9783828258514404,48258,85,1
1771541323.944202,48_4,48,das_work,9.236791133880615,48258,86,1
1771541323.9463413,49_4,49,das_work,5.546239376068115,48258,86,1
1771541335.937365,49_4,49,das_work,3.812162399291992,48258,87,1
1771540436.0213366,50_0,50,das_work,8.934176445007324,48258,12,1
1771540448.0157173,50_0,50,das_work,1.568626880645752,48258,13,1
1771540448.049425,51_0,51,das_work,4.6217474937438965,48258,13,1
1771540460.0290143,50_0,50,das_work,8.66767406463623,48258,14,1
1771540460.036933,51_0,51,das_work,10.210422277450562,48258,14,1
1771540472.0694947,51_0,51,das_work,6.282140254974365,48258,15,1
1771540472.0700507,50_0,50,das_work,8.932109594345093,48258,15,1
1771540484.0422096,50_0,50,das_work,9.065013647079468,48258,16,1
1771540484.0595746,51_0,51,das_work,7.782551288604736,48258,16,1
1771540496.0448132,50_0,50,das_work,8.872545957565308,48258,17,1
1771540496.048203,51_0,51,das_work,4.082521200180054,48258,17,1
1771540508.075296,51_0,51,das_work,1.1726462841033936,48258,18,1
1771540508.0767214,50_0,50,das_work,2.075811624526977,48258,18,1
1771540520.0340962,51_0,51,das_work,3.053279399871826,48258,19,1
1771540520.0446074,50_0,50,das_work,3.065650701522827,48258,19,1
1771540532.0419388,50_0,50,das_work,8.632636308670044,48258,20,1
1771540532.0598085,51_0,51,das_work,3.021024227142334,48258,20,1
1771540544.0439026,51_0,51,das_work,4.03892183303833,48258,21,1
1771540544.0483298,50_0,50,das_work,5.366676330566406,48258,21,1
1771540556.0304253,50_0,50,das_work,6.00511360168457,48258,22,1
1771540556.0501502,51_0,51,das_work,3.2005581855773926,48258,22,1
1771540568.0351927,50_0,50,das_work,6.71239185333252,48258,23,1
1771540568.0525424,51_0,51,das_work,1.2670071125030518,48258,23,1
1771540580.0402856,50_0,50,das_work,1.3862662315368652,48258,24,1
1771540580.064379,51_0,51,das_work,5.652596950531006,48258,24,1
1771540592.0451584,50_0,50,das_work,5.753395318984985,48258,25,1
1771540592.0649276,51_0,51,das_work,1.7675788402557373,48258,25,1
1771540604.0366902,50_0,50,das_work,4.147470474243164,48258,26,1
1771540604.0695384,51_0,51,das_work,2.895972728729248,48258,26,1
1771540616.038701,50_1,50,das_work,6.822511672973633,48258,27,1
1771540616.057472,51_0,51,das_work,9.21747350692749,48258,27,1
1771540628.0448184,50_1,50,das_work,1.371387004852295,48258,28,1
1771540628.049369,51_1,51,das_work,0.8540000915527344,48258,28,1
1771540640.0269382,50_1,50,das_work,4.626286506652832,48258,29,1
1771540640.0496984,51_1,51,das_work,2.6966042518615723,48258,29,1
1771540652.028937,50_1,50,das_work,7.454729795455933,48258,30,1
1771540652.0376976,51_1,51,das_work,4.15045428276062,48258,30,1
1771540664.034902,50_1,50,das_work,7.017114877700806,48258,31,1
1771540664.0427735,51_1,51,das_work,2.816254138946533,48258,31,1
1771540676.0290763,51_1,51,das_work,6.094169616699219,48258,32,1
1771540676.0321755,50_1,50,das_work,4.864770412445068,48258,32,1
1771540688.0250957,51_1,51,das_work,0.4676742553710937,48258,33,1
1771540688.0588431,50_1,50,das_work,9.528294801712036,48258,33,1
1771540700.0415373,51_1,51,das_work,3.160963296890259,48258,34,1
1771540700.0526185,50_1,50,das_work,6.076090097427368,48258,34,1
1771540712.02071,50_1,50,das_work,8.02552080154419,48258,35,1
1771540712.056481,51_1,51,das_work,8.81673812866211,48258,35,1
1771540724.037068,51_1,51,das_work,1.6957879066467283,48258,36,1
1771540724.0432856,50_1,50,das_work,8.340247631072998,48258,36,1
1771540736.0239332,50_1,50,das_work,4.747071266174316,48258,37,1
1771540736.030653,51_1,51,das_work,1.6333062648773191,48258,37,1
1771540748.0166223,51_1,51,das_work,9.240816831588743,48258,38,1
1771540748.028494,50_1,50,das_work,4.285029649734497,48258,38,1
1771540760.034675,51_1,51,das_work,9.937700271606444,48258,39,1
1771540760.0415328,50_1,50,das_work,2.507522821426392,48258,39,1
1771540772.0178022,51_1,51,das_work,8.635948419570923,48258,40,1
1771540772.0546649,50_1,50,das_work,0.5476994514465332,48258,40,1
1771540784.021091,50_1,50,das_work,6.496981382369995,48258,41,1
1771540784.0262892,51_1,51,das_work,7.301614999771118,48258,41,1
1771540796.0272262,51_1,51,das_work,6.995651721954346,48258,42,1
1771540796.034951,50_2,50,das_work,4.824661493301392,48258,42,1
1771540808.0143442,50_2,50,das_work,6.272478818893433,48258,43,1
1771540808.0263743,51_2,51,das_work,1.7886686325073242,48258,43,1
1771540820.0320525,50_2,50,das_work,1.6211669445037842,48258,44,1
1771540820.0326436,51_2,51,das_work,4.786771297454834,48258,44,1
1771540832.0216594,51_2,51,das_work,1.0141618251800537,48258,45,1
1771540832.046181,50_2,50,das_work,7.482463121414185,48258,45,1
1771540844.0079525,51_2,51,das_work,4.376753568649292,48258,46,1
1771540844.038087,50_2,50,das_work,7.066858530044556,48258,46,1
1771540856.0123055,51_2,51,das_work,8.146308660507202,48258,47,1
1771540856.0474906,50_2,50,das_work,5.343022584915161,48258,47,1
1771540868.009842,50_2,50,das_work,8.46734881401062,48258,48,1
1771540868.0145228,51_2,51,das_work,7.4468162059783936,48258,48,1
1771540880.0067408,51_2,51,das_work,5.276971817016602,48258,49,1
1771540880.0080762,50_2,50,das_work,8.840503931045532,48258,49,1
1771540892.0147965,51_2,51,das_work,2.1971826553344727,48258,50,1
1771540892.0337152,50_2,50,das_work,2.9981069564819336,48258,50,1
1771540904.0358312,50_2,50,das_work,5.335725545883179,48258,51,1
1771540904.0363336,51_2,51,das_work,3.707796096801758,48258,51,1
1771540916.0083938,51_2,51,das_work,0.5984933376312256,48258,52,1
1771540916.0240755,50_2,50,das_work,3.854971647262573,48258,52,1
1771540928.0073304,51_2,51,das_work,8.66579556465149,48258,53,1
1771540928.0433605,50_2,50,das_work,4.632734775543213,48258,53,1
1771540940.0218544,50_2,50,das_work,5.8725526332855225,48258,54,1
1771540940.0272322,51_2,51,das_work,1.2637202739715576,48258,54,1
1771540952.0098648,50_2,50,das_work,6.636900901794434,48258,55,1
1771540952.033712,51_2,51,das_work,3.600484848022461,48258,55,1
1771540964.0169165,51_2,51,das_work,2.33636212348938,48258,56,1
1771540964.0285509,50_2,50,das_work,7.897403478622436,48258,56,1
1771540976.002049,51_2,51,das_work,5.3892905712127686,48258,57,1
1771540976.0043085,50_3,50,das_work,2.716326236724853,48258,57,1
1771540988.0022705,51_3,51,das_work,7.826561450958252,48258,58,1
1771540988.0154042,50_3,50,das_work,1.885396957397461,48258,58,1
1771541000.017581,51_3,51,das_work,2.9282588958740234,48258,59,1
1771541000.0320678,50_3,50,das_work,8.403826713562012,48258,59,1
1771541011.9993515,51_3,51,das_work,5.286690473556519,48258,60,1
1771541012.005226,50_3,50,das_work,4.451984643936157,48258,60,1
1771541024.0019474,50_3,50,das_work,4.276687145233154,48258,61,1
1771541024.0054183,51_3,51,das_work,8.411370277404785,48258,61,1
1771541036.010003,50_3,50,das_work,6.902525901794434,48258,62,1
1771541036.0129445,51_3,51,das_work,8.531246185302734,48258,62,1
1771541048.0103498,51_3,51,das_work,6.172512054443359,48258,63,1
1771541048.0157344,50_3,50,das_work,10.433345079421995,48258,63,1
1771541060.014247,51_3,51,das_work,2.394570589065552,48258,64,1
1771541060.0143666,50_3,50,das_work,5.656644105911255,48258,64,1
1771541072.0037522,50_3,50,das_work,5.715220212936401,48258,65,1
1771541072.0297737,51_3,51,das_work,2.596465826034546,48258,65,1
1771541084.005845,50_3,50,das_work,6.803042650222778,48258,66,1
1771541084.0113757,51_3,51,das_work,2.403640985488892,48258,66,1
1771541096.0102704,50_3,50,das_work,1.2718698978424072,48258,67,1
1771541096.011047,51_3,51,das_work,1.375020980834961,48258,67,1
1771541108.0146194,51_3,51,das_work,1.580331802368164,48258,68,1
1771541108.017184,50_3,50,das_work,5.764341115951538,48258,68,1
1771541119.9907458,51_3,51,das_work,3.0304505825042725,48258,69,1
1771541120.0050962,50_3,50,das_work,8.4247407913208,48258,69,1
1771541131.986541,51_3,51,das_work,6.363917827606201,48258,70,1
1771541132.0199926,50_3,50,das_work,2.891808271408081,48258,70,1
1771541143.987771,51_3,51,das_work,6.690983057022095,48258,71,1
1771541144.0068572,50_3,50,das_work,4.13637638092041,48258,71,1
1771541155.9996417,50_4,50,das_work,4.257857322692871,48258,72,1
1771541156.0047705,51_3,51,das_work,6.910243272781372,48258,72,1
1771541167.9912295,50_4,50,das_work,2.3066670894622803,48258,73,1
1771541168.0094197,51_4,51,das_work,6.461665153503418,48258,73,1
1771541179.9952245,51_4,51,das_work,3.665851354598999,48258,74,1
1771541180.010933,50_4,50,das_work,9.009710788726808,48258,74,1
1771541191.9818995,51_4,51,das_work,2.8187143802642822,48258,75,1
1771541191.9876246,50_4,50,das_work,1.8366429805755613,48258,75,1
1771541204.0008633,51_4,51,das_work,9.051993370056152,48258,76,1
1771541204.0149636,50_4,50,das_work,9.314875364303589,48258,76,1
1771541215.9780796,51_4,51,das_work,0.8928084373474121,48258,77,1
1771541215.9950464,50_4,50,das_work,6.056359767913818,48258,77,1
1771541228.0199149,50_4,50,das_work,4.24834942817688,48258,78,1
1771541228.0280526,51_4,51,das_work,1.5052168369293213,48258,78,1
1771541239.9959197,50_4,50,das_work,7.994552373886108,48258,79,1
1771541239.9966202,51_4,51,das_work,3.737609386444092,48258,79,1
1771541251.9759336,50_4,50,das_work,3.734254360198975,48258,80,1
1771541251.9848182,51_4,51,das_work,6.487631559371948,48258,80,1
1771541263.9753685,51_4,51,das_work,2.197701930999756,48258,81,1
1771541263.983849,50_4,50,das_work,7.953016519546509,48258,81,1
1771541275.9866445,51_4,51,das_work,5.970909595489502,48258,82,1
1771541276.0020823,50_4,50,das_work,3.505981683731079,48258,82,1
1771541287.996908,50_4,50,das_work,8.295915603637695,48258,83,1
1771541287.9987051,51_4,51,das_work,7.993521451950073,48258,83,1
1771541299.9770255,50_4,50,das_work,5.5057761669158936,48258,84,1
1771541299.992974,51_4,51,das_work,4.926061153411865,48258,84,1
1771541312.0068936,51_4,51,das_work,6.3670759201049805,48258,85,1
1771541312.0086195,50_4,50,das_work,1.153602123260498,48258,85,1
1771541323.97562,50_4,50,das_work,6.795410633087158,48258,86,1
1771541323.9762886,51_4,51,das_work,4.145007371902466,48258,86,1
1771541335.9790626,51_4,51,das_work,1.4662494659423828,48258,87,1
1771540436.0488183,53_0,53,das_work,4.729714155197144,48258,12,1
1771540448.017156,53_0,53,das_work,2.9175772666931152,48258,13,1
1771540448.01801,52_0,52,das_work,2.0872929096221924,48258,13,1
1771540460.0411549,53_0,53,das_work,7.832853555679321,48258,14,1
1771540460.0794013,52_0,52,das_work,6.563509464263916,48258,14,1
1771540472.0366282,53_0,53,das_work,9.04093098640442,48258,15,1
1771540472.0430267,52_0,52,das_work,1.6099867820739746,48258,15,1
1771540484.056294,53_0,53,das_work,9.895583391189575,48258,16,1
1771540484.0606663,52_0,52,das_work,8.367829322814941,48258,16,1
1771540496.053095,52_0,52,das_work,2.622307062149048,48258,17,1
1771540496.0536962,53_0,53,das_work,1.413093090057373,48258,17,1
1771540508.035542,52_0,52,das_work,3.833294630050659,48258,18,1
1771540508.0383434,53_0,53,das_work,4.458648681640625,48258,18,1
1771540520.0337322,52_0,52,das_work,8.719969034194946,48258,19,1
1771540520.0413663,53_0,53,das_work,5.694542646408081,48258,19,1
1771540532.0485878,52_0,52,das_work,6.413365840911865,48258,20,1
1771540532.0556374,53_0,53,das_work,7.611178636550903,48258,20,1
1771540544.0383253,52_0,52,das_work,7.402499914169311,48258,21,1
1771540544.0555966,53_0,53,das_work,0.8531789779663086,48258,21,1
1771540556.034622,53_0,53,das_work,5.270097017288208,48258,22,1
1771540556.0488622,52_0,52,das_work,6.265667676925659,48258,22,1
1771540568.0582302,52_0,52,das_work,5.87620735168457,48258,23,1
1771540568.0587566,53_0,53,das_work,10.27108383178711,48258,23,1
1771540580.0456142,52_0,52,das_work,4.014124631881714,48258,24,1
1771540580.0661514,53_0,53,das_work,4.730546236038208,48258,24,1
1771540592.042302,53_0,53,das_work,1.572177171707153,48258,25,1
1771540592.063133,52_0,52,das_work,7.176011085510254,48258,25,1
1771540604.0492318,52_0,52,das_work,8.212207555770874,48258,26,1
1771540604.0499337,53_0,53,das_work,5.369003534317017,48258,26,1
1771540616.0375402,52_0,52,das_work,4.077484130859375,48258,27,1
1771540616.0445898,53_1,53,das_work,1.5170612335205078,48258,27,1
1771540628.0312605,52_1,52,das_work,4.827319860458374,48258,28,1
1771540628.04979,53_1,53,das_work,6.775186777114868,48258,28,1
1771540640.0524733,53_1,53,das_work,8.722578287124634,48258,29,1
1771540640.0700283,52_1,52,das_work,8.724461793899536,48258,29,1
1771540652.042512,52_1,52,das_work,7.389450550079346,48258,30,1
1771540652.0450718,53_1,53,das_work,1.881323337554932,48258,30,1
1771540664.0314026,52_1,52,das_work,4.179009675979614,48258,31,1
1771540664.0342984,53_1,53,das_work,1.931403875350952,48258,31,1
1771540676.022941,52_1,52,das_work,0.3948557376861572,48258,32,1
1771540676.0428357,53_1,53,das_work,8.813748836517334,48258,32,1
1771540688.0204394,52_1,52,das_work,7.492638826370239,48258,33,1
1771540688.0358014,53_1,53,das_work,8.41743540763855,48258,33,1
1771540700.0297458,52_1,52,das_work,1.3810348510742188,48258,34,1
1771540700.0390668,53_1,53,das_work,1.119800329208374,48258,34,1
1771540712.0405698,53_1,53,das_work,2.8723533153533936,48258,35,1
1771540712.0438595,52_1,52,das_work,3.2983551025390625,48258,35,1
1771540724.027933,52_1,52,das_work,3.753593921661377,48258,36,1
1771540724.0450287,53_1,53,das_work,8.550554275512695,48258,36,1
1771540736.022142,52_1,52,das_work,3.3297126293182373,48258,37,1
1771540736.0281725,53_1,53,das_work,5.184184789657593,48258,37,1
1771540748.03776,52_1,52,das_work,6.568948984146118,48258,38,1
1771540748.04393,53_1,53,das_work,2.8899545669555664,48258,38,1
1771540760.031585,52_1,52,das_work,0.7886431217193604,48258,39,1
1771540760.0499032,53_1,53,das_work,0.8520364761352539,48258,39,1
1771540772.0239005,52_1,52,das_work,5.714873313903809,48258,40,1
1771540772.0289717,53_1,53,das_work,2.0903804302215576,48258,40,1
1771540784.0294654,53_1,53,das_work,3.514159679412842,48258,41,1
1771540784.0330591,52_1,52,das_work,7.486813306808472,48258,41,1
1771540796.0294137,52_1,52,das_work,1.466085433959961,48258,42,1
1771540796.0564313,53_2,53,das_work,1.8811511993408203,48258,42,1
1771540808.025265,53_2,53,das_work,8.251752376556396,48258,43,1
1771540808.0264363,52_2,52,das_work,4.747957706451416,48258,43,1
1771540820.0280912,52_2,52,das_work,4.2258923053741455,48258,44,1
1771540820.0506814,53_2,53,das_work,7.276705503463745,48258,44,1
1771540832.018836,52_2,52,das_work,6.443607091903687,48258,45,1
1771540832.0297332,53_2,53,das_work,9.621469497680664,48258,45,1
1771540844.023777,52_2,52,das_work,4.036905765533447,48258,46,1
1771540844.0296795,53_2,53,das_work,4.434162855148315,48258,46,1
1771540856.009104,52_2,52,das_work,8.461254835128784,48258,47,1
1771540856.0170383,53_2,53,das_work,3.518972396850586,48258,47,1
1771540868.0034058,52_2,52,das_work,7.3265368938446045,48258,48,1
1771540868.017497,53_2,53,das_work,3.013490438461304,48258,48,1
1771540880.0070078,53_2,53,das_work,8.948107242584229,48258,49,1
1771540880.0162303,52_2,52,das_work,1.5215046405792236,48258,49,1
1771540892.0087264,53_2,53,das_work,6.277643918991089,48258,50,1
1771540892.016534,52_2,52,das_work,5.859073877334595,48258,50,1
1771540904.0092928,52_2,52,das_work,2.282366752624512,48258,51,1
1771540904.01424,53_2,53,das_work,6.8773274421691895,48258,51,1
1771540916.02248,52_2,52,das_work,1.066476583480835,48258,52,1
1771540916.0241597,53_2,53,das_work,8.536115407943726,48258,52,1
1771540928.0120945,52_2,52,das_work,5.467172384262085,48258,53,1
1771540928.0161843,53_2,53,das_work,6.91256308555603,48258,53,1
1771540940.0184915,53_2,53,das_work,5.295214414596558,48258,54,1
1771540940.022199,52_2,52,das_work,4.254081726074219,48258,54,1
1771540952.0224535,53_2,53,das_work,1.0630290508270264,48258,55,1
1771540952.040554,52_2,52,das_work,6.662366628646851,48258,55,1
1771540964.005118,53_2,53,das_work,7.207948207855225,48258,56,1
1771540964.0154266,52_2,52,das_work,3.882373571395874,48258,56,1
1771540975.9993412,53_3,53,das_work,8.933833360671997,48258,57,1
1771540976.0106544,52_2,52,das_work,2.79430627822876,48258,57,1
1771540988.004542,53_3,53,das_work,5.1902916431427,48258,58,1
1771540988.0120697,52_3,52,das_work,3.3122448921203613,48258,58,1
1771541000.0140698,53_3,53,das_work,4.045693635940552,48258,59,1
1771541000.0430465,52_3,52,das_work,4.830618143081665,48258,59,1
1771541012.010342,53_3,53,das_work,6.910488605499268,48258,60,1
1771541012.0172255,52_3,52,das_work,8.549968481063843,48258,60,1
1771541023.9958413,52_3,52,das_work,9.687371015548706,48258,61,1
1771541024.0122604,53_3,53,das_work,4.541122913360596,48258,61,1
1771541036.0071762,52_3,52,das_work,2.290312528610229,48258,62,1
1771541036.0085158,53_3,53,das_work,8.432109832763672,48258,62,1
1771541047.9946623,53_3,53,das_work,6.904020547866821,48258,63,1
1771541048.0072064,52_3,52,das_work,3.987756729125977,48258,63,1
1771541059.9963264,53_3,53,das_work,9.798846960067747,48258,64,1
1771541060.005319,52_3,52,das_work,4.8408191204071045,48258,64,1
1771541071.9860826,53_3,53,das_work,7.798202037811279,48258,65,1
1771541071.9877205,52_3,52,das_work,8.500086545944214,48258,65,1
1771541083.991402,53_3,53,das_work,1.7903549671173096,48258,66,1
1771541084.0131931,52_3,52,das_work,9.27594828605652,48258,66,1
1771541095.99146,52_3,52,das_work,6.500425815582275,48258,67,1
1771541096.011526,53_3,53,das_work,9.11203908920288,48258,67,1
1771541108.0057397,53_3,53,das_work,7.330973148345947,48258,68,1
1771541108.0170116,52_3,52,das_work,6.683603763580322,48258,68,1
1771541120.0008476,52_3,52,das_work,1.907435417175293,48258,69,1
1771541120.014666,53_3,53,das_work,4.245285272598267,48258,69,1
1771541131.983601,53_3,53,das_work,5.660777568817139,48258,70,1
1771541132.0048172,52_3,52,das_work,1.156511306762695,48258,70,1
1771541143.988433,52_3,52,das_work,3.828591823577881,48258,71,1
1771541144.0244806,53_3,53,das_work,1.7783238887786863,48258,71,1
1771541155.9892576,52_3,52,das_work,8.128413677215576,48258,72,1
1771541156.0111403,53_4,53,das_work,5.959566593170166,48258,72,1
1771541167.988914,52_4,52,das_work,2.032855987548828,48258,73,1
1771541167.9949956,53_4,53,das_work,1.917693853378296,48258,73,1
1771541179.9979703,53_4,53,das_work,3.791933298110962,48258,74,1
1771541180.0025594,52_4,52,das_work,4.743075370788574,48258,74,1
1771541191.991602,52_4,52,das_work,7.394221305847168,48258,75,1
1771541192.023286,53_4,53,das_work,9.141857862472534,48258,75,1
1771541203.9843774,53_4,53,das_work,7.658193588256836,48258,76,1
1771541203.9978957,52_4,52,das_work,7.174929141998291,48258,76,1
1771541215.9865248,52_4,52,das_work,1.07397723197937,48258,77,1
1771541215.9978576,53_4,53,das_work,6.354018688201904,48258,77,1
1771541228.0307488,52_4,52,das_work,8.947386503219604,48258,78,1
1771541228.041049,53_4,53,das_work,4.508293390274048,48258,78,1
1771541239.9862137,52_4,52,das_work,8.228590965270996,48258,79,1
1771541240.018294,53_4,53,das_work,1.4690487384796145,48258,79,1
1771541251.9747615,52_4,52,das_work,3.665541410446167,48258,80,1
1771541251.990771,53_4,53,das_work,4.183903217315674,48258,80,1
1771541263.9762611,53_4,53,das_work,9.37933874130249,48258,81,1
1771541263.989078,52_4,52,das_work,4.484154939651489,48258,81,1
1771541275.9747522,52_4,52,das_work,2.418008804321289,48258,82,1
1771541275.9994955,53_4,53,das_work,2.7913014888763428,48258,82,1
1771541287.9992154,53_4,53,das_work,7.208305835723877,48258,83,1
1771541288.0121644,52_4,52,das_work,1.7036194801330566,48258,83,1
1771541299.9833472,53_4,53,das_work,7.99044394493103,48258,84,1
1771541299.984512,52_4,52,das_work,7.392178058624268,48258,84,1
1771541311.9572492,53_4,53,das_work,8.750101089477539,48258,85,1
1771541311.9827332,52_4,52,das_work,6.164086818695068,48258,85,1
1771541323.942114,53_4,53,das_work,8.84418272972107,48258,86,1
1771541323.950883,52_4,52,das_work,2.6899805068969727,48258,86,1
1771541335.935243,52_4,52,das_work,4.635206937789917,48258,87,1
1771540436.0235307,54_0,54,das_work,5.048267126083374,48258,12,1
1771540448.018384,54_0,54,das_work,7.305399417877197,48258,13,1
1771540448.0807326,55_0,55,das_work,6.874675512313843,48258,13,1
1771540460.0342395,55_0,55,das_work,9.039032697677612,48258,14,1
1771540460.0738552,54_0,54,das_work,4.42213773727417,48258,14,1
1771540472.044181,54_0,54,das_work,7.015815019607544,48258,15,1
1771540472.066697,55_0,55,das_work,3.6147072315216064,48258,15,1
1771540484.0341215,55_0,55,das_work,8.442900657653809,48258,16,1
1771540484.0363426,54_0,54,das_work,3.540822982788086,48258,16,1
1771540496.056989,54_0,54,das_work,2.65134596824646,48258,17,1
1771540496.0726492,55_0,55,das_work,8.309136152267456,48258,17,1
1771540508.0487645,55_0,55,das_work,1.0589942932128906,48258,18,1
1771540508.0546265,54_0,54,das_work,8.095905542373657,48258,18,1
1771540520.0321894,54_0,54,das_work,4.070582866668701,48258,19,1
1771540520.0459266,55_0,55,das_work,2.4943292140960693,48258,19,1
1771540532.0644622,55_0,55,das_work,0.7058506011962891,48258,20,1
1771540532.0680652,54_0,54,das_work,2.2714242935180664,48258,20,1
1771540544.0356214,54_0,54,das_work,1.4178016185760498,48258,21,1
1771540544.0465171,55_0,55,das_work,5.3475563526153564,48258,21,1
1771540556.0337236,55_0,55,das_work,1.5924203395843506,48258,22,1
1771540556.0342534,54_0,54,das_work,4.282334804534912,48258,22,1
1771540568.045522,54_0,54,das_work,4.854731798171997,48258,23,1
1771540568.047202,55_0,55,das_work,1.3633992671966553,48258,23,1
1771540580.0375986,54_0,54,das_work,2.302494764328003,48258,24,1
1771540580.0448513,55_0,55,das_work,6.871639490127564,48258,24,1
1771540592.027758,55_0,55,das_work,7.099596977233887,48258,25,1
1771540592.0508854,54_0,54,das_work,7.486859083175659,48258,25,1
1771540604.0626676,55_0,55,das_work,2.7998366355896,48258,26,1
1771540604.0647054,54_0,54,das_work,3.5031142234802246,48258,26,1
1771540616.0346007,54_1,54,das_work,9.328118085861206,48258,27,1
1771540616.0567513,55_0,55,das_work,5.140650510787964,48258,27,1
1771540628.0383046,55_1,55,das_work,2.2804489135742188,48258,28,1
1771540628.0416496,54_1,54,das_work,3.3575305938720703,48258,28,1
1771540640.0259898,54_1,54,das_work,2.608216524124145,48258,29,1
1771540640.0335078,55_1,55,das_work,2.9496870040893555,48258,29,1
1771540652.0520692,54_1,54,das_work,7.388488292694092,48258,30,1
1771540652.0530243,55_1,55,das_work,3.9332919120788574,48258,30,1
1771540664.0388534,54_1,54,das_work,1.017608880996704,48258,31,1
1771540664.041232,55_1,55,das_work,7.750121355056763,48258,31,1
1771540676.0361278,55_1,55,das_work,9.070929050445557,48258,32,1
1771540676.044475,54_1,54,das_work,5.271826505661011,48258,32,1
1771540688.0322711,54_1,54,das_work,4.656240463256836,48258,33,1
1771540688.0362816,55_1,55,das_work,5.312834739685059,48258,33,1
1771540700.0328634,54_1,54,das_work,6.79123854637146,48258,34,1
1771540700.0541215,55_1,55,das_work,4.730175495147705,48258,34,1
1771540712.0332072,54_1,54,das_work,8.208318710327148,48258,35,1
1771540712.036919,55_1,55,das_work,7.047248363494873,48258,35,1
1771540724.0346642,54_1,54,das_work,5.350899934768677,48258,36,1
1771540724.0605671,55_1,55,das_work,4.53928279876709,48258,36,1
1771540736.0310757,55_1,55,das_work,4.594137191772461,48258,37,1
1771540736.051136,54_1,54,das_work,4.635938405990601,48258,37,1
1771540748.0211637,54_1,54,das_work,0.4760451316833496,48258,38,1
1771540748.0411284,55_1,55,das_work,6.981075286865234,48258,38,1
1771540760.0248148,55_1,55,das_work,8.346214771270752,48258,39,1
1771540760.0537517,54_1,54,das_work,3.396087169647217,48258,39,1
1771540772.0219507,55_1,55,das_work,3.053097486495972,48258,40,1
1771540772.0425882,54_1,54,das_work,8.820253610610962,48258,40,1
1771540784.0248606,54_1,54,das_work,0.8943371772766113,48258,41,1
1771540784.0485356,55_1,55,das_work,8.29360818862915,48258,41,1
1771540796.0291183,55_1,55,das_work,9.56337285041809,48258,42,1
1771540796.054597,54_2,54,das_work,0.8551921844482422,48258,42,1
1771540808.011759,54_2,54,das_work,0.3778119087219238,48258,43,1
1771540808.0244598,55_2,55,das_work,1.523996114730835,48258,43,1
1771540820.016376,54_2,54,das_work,10.278106927871704,48258,44,1
1771540820.0191102,55_2,55,das_work,5.266472101211548,48258,44,1
1771540832.0276582,55_2,55,das_work,9.89875841140747,48258,45,1
1771540832.031606,54_2,54,das_work,6.520747661590576,48258,45,1
1771540844.023916,54_2,54,das_work,3.01748275756836,48258,46,1
1771540844.0349324,55_2,55,das_work,7.990908622741699,48258,46,1
1771540856.0225806,54_2,54,das_work,8.463309526443481,48258,47,1
1771540856.0336554,55_2,55,das_work,3.51820707321167,48258,47,1
1771540868.0045478,54_2,54,das_work,6.50407600402832,48258,48,1
1771540868.0443804,55_2,55,das_work,5.651051759719849,48258,48,1
1771540880.011521,54_2,54,das_work,5.295504570007324,48258,49,1
1771540880.0121229,55_2,55,das_work,0.7644162178039551,48258,49,1
1771540892.0308197,54_2,54,das_work,2.1890511512756348,48258,50,1
1771540892.0386891,55_2,55,das_work,9.32178521156311,48258,50,1
1771540904.0113523,55_2,55,das_work,7.4786272048950195,48258,51,1
1771540904.0218306,54_2,54,das_work,7.590558290481567,48258,51,1
1771540916.002953,55_2,55,das_work,5.184563875198364,48258,52,1
1771540916.0204506,54_2,54,das_work,2.175879001617432,48258,52,1
1771540928.0195506,54_2,54,das_work,9.327520847320557,48258,53,1
1771540928.0267165,55_2,55,das_work,8.409300088882446,48258,53,1
1771540940.0218868,54_2,54,das_work,7.907794952392578,48258,54,1
1771540940.046688,55_2,55,das_work,4.115894079208374,48258,54,1
1771540952.0112522,54_2,54,das_work,4.487855672836304,48258,55,1
1771540952.0159402,55_2,55,das_work,1.588909387588501,48258,55,1
1771540964.0182617,54_2,54,das_work,8.361581802368164,48258,56,1
1771540964.027317,55_2,55,das_work,8.100486755371094,48258,56,1
1771540976.0084565,55_2,55,das_work,7.828671216964722,48258,57,1
1771540976.0089958,54_3,54,das_work,4.569045305252075,48258,57,1
1771540988.0073416,55_3,55,das_work,1.2795963287353516,48258,58,1
1771540988.0207162,54_3,54,das_work,7.984013795852661,48258,58,1
1771541000.0141094,55_3,55,das_work,9.69509506225586,48258,59,1
1771541000.0252671,54_3,54,das_work,2.405477285385132,48258,59,1
1771541012.0082958,54_3,54,das_work,7.972209453582764,48258,60,1
1771541012.0174642,55_3,55,das_work,2.7715539932250977,48258,60,1
1771541024.0112822,55_3,55,das_work,7.803937673568726,48258,61,1
1771541024.012454,54_3,54,das_work,2.898475408554077,48258,61,1
1771541035.9932797,54_3,54,das_work,6.522526741027832,48258,62,1
1771541036.0056531,55_3,55,das_work,2.2214696407318115,48258,62,1
1771541047.9961305,54_3,54,das_work,1.0084092617034912,48258,63,1
1771541047.9970195,55_3,55,das_work,3.4157674312591557,48258,63,1
1771541059.998666,55_3,55,das_work,5.477394104003906,48258,64,1
1771541060.0086136,54_3,54,das_work,8.918812274932861,48258,64,1
1771541071.987474,54_3,54,das_work,2.6895031929016118,48258,65,1
1771541072.031401,55_3,55,das_work,6.678369283676148,48258,65,1
1771541083.9917228,54_3,54,das_work,5.888389587402344,48258,66,1
1771541083.9987905,55_3,55,das_work,0.2627179622650146,48258,66,1
1771541095.999909,55_3,55,das_work,8.231486558914185,48258,67,1
1771541096.019471,54_3,54,das_work,7.178948640823364,48258,67,1
1771541107.9985154,54_3,54,das_work,1.5331480503082275,48258,68,1
1771541108.0021584,55_3,55,das_work,8.671890020370483,48258,68,1
1771541120.0122857,55_3,55,das_work,4.952502012252808,48258,69,1
1771541120.020303,54_3,54,das_work,6.700462102890015,48258,69,1
1771541131.983919,55_3,55,das_work,8.934589862823486,48258,70,1
1771541131.9959133,54_3,54,das_work,8.469530820846558,48258,70,1
1771541143.9885557,55_3,55,das_work,0.369016170501709,48258,71,1
1771541144.0014844,54_3,54,das_work,9.536974668502808,48258,71,1
1771541155.9902823,55_3,55,das_work,7.857593059539795,48258,72,1
1771541156.013422,54_4,54,das_work,1.358947992324829,48258,72,1
1771541167.995195,55_4,55,das_work,2.197054147720337,48258,73,1
1771541168.0081885,54_4,54,das_work,9.218444347381592,48258,73,1
1771541180.0023303,55_4,55,das_work,7.294556617736816,48258,74,1
1771541180.0229433,54_4,54,das_work,4.733692169189453,48258,74,1
1771541191.9918942,54_4,54,das_work,4.143610954284668,48258,75,1
1771541191.9926968,55_4,55,das_work,3.7125046253204346,48258,75,1
1771541203.9862227,55_4,55,das_work,9.056671142578123,48258,76,1
1771541204.0188477,54_4,54,das_work,7.797907114028931,48258,76,1
1771541215.986523,55_4,55,das_work,8.34192705154419,48258,77,1
1771541216.0173848,54_4,54,das_work,2.177009105682373,48258,77,1
1771541228.0336008,55_4,55,das_work,9.47265625,48258,78,1
1771541228.0377722,54_4,54,das_work,5.314591884613037,48258,78,1
1771541239.9921577,54_4,54,das_work,1.3769991397857666,48258,79,1
1771541240.0047138,55_4,55,das_work,5.754832029342651,48258,79,1
1771541251.976221,55_4,55,das_work,2.8044066429138184,48258,80,1
1771541251.9889178,54_4,54,das_work,6.697315216064453,48258,80,1
1771541263.9774835,54_4,54,das_work,5.682123899459839,48258,81,1
1771541263.979076,55_4,55,das_work,1.701732158660889,48258,81,1
1771541275.9740088,55_4,55,das_work,8.531226634979248,48258,82,1
1771541275.9770906,54_4,54,das_work,4.876514911651611,48258,82,1
1771541288.003664,55_4,55,das_work,3.4326512813568115,48258,83,1
1771541288.020981,54_4,54,das_work,0.3611302375793457,48258,83,1
1771541299.96876,54_4,54,das_work,3.25650954246521,48258,84,1
1771541299.983489,55_4,55,das_work,8.824247598648071,48258,84,1
1771541311.9512508,55_4,55,das_work,9.327373027801514,48258,85,1
1771541311.9567573,54_4,54,das_work,7.709880352020264,48258,85,1
1771541323.9477773,55_4,55,das_work,7.893944025039673,48258,86,1
1771541324.0026758,54_4,54,das_work,4.221463203430176,48258,86,1
1771541335.9361415,55_4,55,das_work,10.035517692565918,48258,87,1
1771540448.0179763,57_0,57,das_work,6.767667055130005,48258,13,1
1771540448.0795784,56_0,56,das_work,12.008967399597168,48258,13,1
1771540460.028658,57_0,57,das_work,2.7363643646240234,48258,14,1
1771540460.0292938,56_0,56,das_work,8.339436292648315,48258,14,1
1771540472.0522137,56_0,56,das_work,3.295401096343994,48258,15,1
1771540472.0648162,57_0,57,das_work,9.222375392913818,48258,15,1
1771540484.050174,57_0,57,das_work,7.397214889526367,48258,16,1
1771540484.0582037,56_0,56,das_work,4.125250816345215,48258,16,1
1771540496.0585363,56_0,56,das_work,7.861076354980469,48258,17,1
1771540496.0734684,57_0,57,das_work,3.7067275047302246,48258,17,1
1771540508.0347855,56_0,56,das_work,0.4953510761260986,48258,18,1
1771540508.0751746,57_0,57,das_work,5.337732315063477,48258,18,1
1771540520.031625,57_0,57,das_work,5.079039096832275,48258,19,1
1771540520.0470371,56_0,56,das_work,9.52762770652771,48258,19,1
1771540532.0492976,57_0,57,das_work,4.962444305419922,48258,20,1
1771540532.0576935,56_0,56,das_work,4.408147811889648,48258,20,1
1771540544.0318704,57_0,57,das_work,7.3470165729522705,48258,21,1
1771540544.0435169,56_0,56,das_work,1.3683936595916748,48258,21,1
1771540556.0343037,57_0,57,das_work,4.65230393409729,48258,22,1
1771540556.041291,56_0,56,das_work,4.343505144119263,48258,22,1
1771540568.030481,57_0,57,das_work,4.462615251541138,48258,23,1
1771540568.0379329,56_0,56,das_work,1.2906694412231443,48258,23,1
1771540580.0464911,57_0,57,das_work,3.118269443511963,48258,24,1
1771540580.0746064,56_0,56,das_work,9.411929607391356,48258,24,1
1771540592.054022,56_0,56,das_work,1.9777534008026123,48258,25,1
1771540592.0679529,57_0,57,das_work,1.0555851459503174,48258,25,1
1771540604.0361564,56_0,56,das_work,9.840984106063845,48258,26,1
1771540604.05198,57_0,57,das_work,2.185374021530152,48258,26,1
1771540616.0341697,57_0,57,das_work,3.133631467819214,48258,27,1
1771540616.0397236,56_0,56,das_work,5.417558431625366,48258,27,1
1771540628.0306587,56_1,56,das_work,6.918388366699219,48258,28,1
1771540628.060381,57_1,57,das_work,7.895334482192993,48258,28,1
1771540640.0302298,56_1,56,das_work,0.6790082454681396,48258,29,1
1771540640.0427215,57_1,57,das_work,3.813714027404785,48258,29,1
1771540652.026004,57_1,57,das_work,5.488395929336548,48258,30,1
1771540652.0373545,56_1,56,das_work,9.678685903549194,48258,30,1
1771540664.0287752,57_1,57,das_work,4.639400482177734,48258,31,1
1771540664.031449,56_1,56,das_work,3.256962776184082,48258,31,1
1771540676.0335462,56_1,56,das_work,7.105896711349487,48258,32,1
1771540676.0649922,57_1,57,das_work,8.310915470123291,48258,32,1
1771540688.0346034,57_1,57,das_work,7.533201217651367,48258,33,1
1771540688.0465322,56_1,56,das_work,0.6511714458465576,48258,33,1
1771540700.0291052,57_1,57,das_work,6.080736637115479,48258,34,1
1771540700.0469334,56_1,56,das_work,2.8481948375701904,48258,34,1
1771540712.0225198,56_1,56,das_work,0.5534818172454834,48258,35,1
1771540712.026142,57_1,57,das_work,1.894397497177124,48258,35,1
1771540724.0265589,56_1,56,das_work,7.539174318313599,48258,36,1
1771540724.0478992,57_1,57,das_work,5.653393268585205,48258,36,1
1771540736.030256,57_1,57,das_work,4.3871259689331055,48258,37,1
1771540736.0424955,56_1,56,das_work,9.434203624725342,48258,37,1
1771540748.014074,56_1,56,das_work,6.528113842010498,48258,38,1
1771540748.0338056,57_1,57,das_work,9.73139214515686,48258,38,1
1771540760.0215652,56_1,56,das_work,1.4830994606018066,48258,39,1
1771540760.025619,57_1,57,das_work,5.584079265594482,48258,39,1
1771540772.015416,57_1,57,das_work,5.968838453292847,48258,40,1
1771540772.0245264,56_1,56,das_work,0.9096136093139648,48258,40,1
1771540784.017516,56_1,56,das_work,4.027976036071777,48258,41,1
1771540784.0325816,57_1,57,das_work,8.202806949615479,48258,41,1
1771540796.0158606,56_1,56,das_work,4.7524778842926025,48258,42,1
1771540796.0561714,57_1,57,das_work,6.258228063583374,48258,42,1
1771540808.0163438,56_2,56,das_work,8.735889673233032,48258,43,1
1771540808.029998,57_2,57,das_work,6.5785980224609375,48258,43,1
1771540820.029928,57_2,57,das_work,4.068161487579346,48258,44,1
1771540820.0515504,56_2,56,das_work,6.763625383377075,48258,44,1
1771540832.0123854,56_2,56,das_work,4.93442440032959,48258,45,1
1771540832.0522888,57_2,57,das_work,1.7733728885650637,48258,45,1
1771540844.0109065,56_2,56,das_work,9.479631662368774,48258,46,1
1771540844.0286431,57_2,57,das_work,9.068217277526855,48258,46,1
1771540856.0171638,57_2,57,das_work,8.977956056594849,48258,47,1
1771540856.02989,56_2,56,das_work,1.4689662456512451,48258,47,1
1771540867.9996064,57_2,57,das_work,9.026094913482666,48258,48,1
1771540868.0171862,56_2,56,das_work,7.199349403381348,48258,48,1
1771540880.0161738,57_2,57,das_work,9.700052499771118,48258,49,1
1771540880.0296216,56_2,56,das_work,3.5084147453308105,48258,49,1
1771540892.0073369,56_2,56,das_work,5.612888336181641,48258,50,1
1771540892.0104854,57_2,57,das_work,7.860790491104126,48258,50,1
1771540904.0161471,56_2,56,das_work,5.390720844268799,48258,51,1
1771540904.0291817,57_2,57,das_work,2.074493646621704,48258,51,1
1771540916.0126553,57_2,57,das_work,10.299455642700195,48258,52,1
1771540916.0152812,56_2,56,das_work,8.849269151687622,48258,52,1
1771540928.0135808,56_2,56,das_work,3.1134226322174072,48258,53,1
1771540928.0197284,57_2,57,das_work,9.841336727142334,48258,53,1
1771540940.0130785,56_2,56,das_work,2.8218564987182617,48258,54,1
1771540940.02022,57_2,57,das_work,2.648645639419556,48258,54,1
1771540952.0107918,57_2,57,das_work,2.292107343673706,48258,55,1
1771540952.0357363,56_2,56,das_work,4.314278364181519,48258,55,1
1771540964.0178697,56_2,56,das_work,7.5523154735565186,48258,56,1
1771540964.0228374,57_2,57,das_work,3.8661530017852783,48258,56,1
1771540976.0001416,56_2,56,das_work,8.7310209274292,48258,57,1
1771540976.038331,57_2,57,das_work,6.054511785507202,48258,57,1
1771540988.0195312,56_3,56,das_work,4.325239419937134,48258,58,1
1771540988.0216184,57_3,57,das_work,7.171769142150879,48258,58,1
1771541000.0090892,56_3,56,das_work,4.4935266971588135,48258,59,1
1771541000.0138593,57_3,57,das_work,6.786823511123657,48258,59,1
1771541012.00318,56_3,56,das_work,9.550024509429932,48258,60,1
1771541012.0088272,57_3,57,das_work,3.865952968597412,48258,60,1
1771541024.000327,56_3,56,das_work,4.801999807357788,48258,61,1
1771541024.0329263,57_3,57,das_work,1.7716150283813477,48258,61,1
1771541036.0046644,57_3,57,das_work,6.1010582447052,48258,62,1
1771541036.014056,56_3,56,das_work,3.769907236099243,48258,62,1
1771541047.9920962,56_3,56,das_work,9.869932413101196,48258,63,1
1771541047.9929955,57_3,57,das_work,3.8252649307250977,48258,63,1
1771541059.992737,57_3,57,das_work,9.239657878875732,48258,64,1
1771541060.0211613,56_3,56,das_work,3.2927651405334477,48258,64,1
1771541071.9957654,56_3,56,das_work,9.049944400787354,48258,65,1
1771541072.026592,57_3,57,das_work,2.800859212875366,48258,65,1
1771541084.0116775,56_3,56,das_work,5.354311943054199,48258,66,1
1771541084.0173202,57_3,57,das_work,6.458007097244263,48258,66,1
1771541096.0186863,56_3,56,das_work,6.302807331085205,48258,67,1
1771541096.019205,57_3,57,das_work,8.755147218704224,48258,67,1
1771541108.0003078,56_3,56,das_work,1.1746385097503662,48258,68,1
1771541108.0055273,57_3,57,das_work,2.2975690364837646,48258,68,1
1771541120.0048585,57_3,57,das_work,5.403721332550049,48258,69,1
1771541120.0072353,56_3,56,das_work,2.550566434860229,48258,69,1
1771541132.0002522,56_3,56,das_work,6.806103944778442,48258,70,1
1771541132.0066931,57_3,57,das_work,6.6020121574401855,48258,70,1
1771541143.9920056,57_3,57,das_work,4.559749841690064,48258,71,1
1771541144.0054271,56_3,56,das_work,3.913975715637207,48258,71,1
1771541155.9970794,56_3,56,das_work,3.507500410079956,48258,72,1
1771541156.0033057,57_3,57,das_work,9.770443439483644,48258,72,1
1771541168.011159,57_4,57,das_work,1.9771161079406736,48258,73,1
1771541168.0263958,56_4,56,das_work,3.0981478691101074,48258,73,1
1771541179.9856591,57_4,57,das_work,5.756035327911377,48258,74,1
1771541179.995791,56_4,56,das_work,4.065191268920898,48258,74,1
1771541191.9858887,57_4,57,das_work,3.95699143409729,48258,75,1
1771541191.9894824,56_4,56,das_work,1.4284110069274902,48258,75,1
1771541203.9845023,57_4,57,das_work,3.7620632648468018,48258,76,1
1771541203.9984608,56_4,56,das_work,1.3740220069885254,48258,76,1
1771541215.9784,56_4,56,das_work,2.6417784690856934,48258,77,1
1771541215.978969,57_4,57,das_work,8.66032862663269,48258,77,1
1771541228.040283,57_4,57,das_work,1.008256435394287,48258,78,1
1771541228.041763,56_4,56,das_work,2.608327388763428,48258,78,1
1771541239.9964702,56_4,56,das_work,1.5085184574127195,48258,79,1
1771541240.015252,57_4,57,das_work,2.804774522781372,48258,79,1
1771541251.987465,56_4,56,das_work,8.467916250228882,48258,80,1
1771541252.0050204,57_4,57,das_work,3.610029697418213,48258,80,1
1771541263.9744573,56_4,56,das_work,5.60045313835144,48258,81,1
1771541263.9809904,57_4,57,das_work,0.4670572280883789,48258,81,1
1771541275.9792206,57_4,57,das_work,6.188929319381714,48258,82,1
1771541275.9797204,56_4,56,das_work,1.5953667163848877,48258,82,1
1771541288.0058937,56_4,56,das_work,0.8137552738189697,48258,83,1
1771541288.0130403,57_4,57,das_work,3.961277723312378,48258,83,1
1771541299.9682374,56_4,56,das_work,5.924599885940552,48258,84,1
1771541299.981701,57_4,57,das_work,9.010776996612549,48258,84,1
1771541311.9550598,57_4,57,das_work,5.676360607147217,48258,85,1
1771541312.0078216,56_4,56,das_work,6.9911816120147705,48258,85,1
1771541323.969712,56_4,56,das_work,8.712022304534912,48258,86,1
1771541324.0023477,57_4,57,das_work,2.287719488143921,48258,86,1
1771541335.9519198,57_4,57,das_work,6.972086191177368,48258,87,1
1771541336.003291,56_4,56,das_work,4.5182294845581055,48258,87,1
1771540448.0330849,59_0,59,das_work,5.061683177947998,48258,13,1
1771540448.0337093,58_0,58,das_work,6.489237785339356,48258,13,1
1771540460.036491,58_0,58,das_work,1.7778115272521973,48258,14,1
1771540460.0678792,59_0,59,das_work,3.5075669288635254,48258,14,1
1771540472.0434694,59_0,59,das_work,5.34511923789978,48258,15,1
1771540472.0636933,58_0,58,das_work,1.5715265274047852,48258,15,1
1771540484.037422,59_0,59,das_work,0.4011971950531006,48258,16,1
1771540484.0612411,58_0,58,das_work,7.503631353378296,48258,16,1
1771540496.0484726,58_0,58,das_work,4.773171186447144,48258,17,1
1771540496.0690837,59_0,59,das_work,8.303842544555664,48258,17,1
1771540508.0449796,58_0,58,das_work,1.1900441646575928,48258,18,1
1771540508.0721092,59_0,59,das_work,2.8983256816864014,48258,18,1
1771540520.0337613,59_0,59,das_work,6.703211307525635,48258,19,1
1771540520.0435348,58_0,58,das_work,0.662240743637085,48258,19,1
1771540532.048969,58_0,58,das_work,4.779579639434815,48258,20,1
1771540532.0655863,59_0,59,das_work,5.313833951950073,48258,20,1
1771540544.0322845,58_0,58,das_work,1.193326473236084,48258,21,1
1771540544.044924,59_0,59,das_work,1.889799118041992,48258,21,1
1771540556.0366218,59_0,59,das_work,1.6921021938323977,48258,22,1
1771540556.0544093,58_0,58,das_work,6.248970985412598,48258,22,1
1771540568.031287,58_0,58,das_work,4.3613903522491455,48258,23,1
1771540568.0354657,59_0,59,das_work,6.201480388641357,48258,23,1
1771540580.039442,58_0,58,das_work,4.324436187744141,48258,24,1
1771540580.0469472,59_0,59,das_work,1.6695733070373535,48258,24,1
1771540592.032658,58_0,58,das_work,3.243738889694214,48258,25,1
1771540592.045664,59_0,59,das_work,7.299338579177856,48258,25,1
1771540604.027076,59_0,59,das_work,1.594344139099121,48258,26,1
1771540604.0382638,58_0,58,das_work,3.566757678985596,48258,26,1
1771540616.048213,59_0,59,das_work,1.775282382965088,48258,27,1
1771540616.0667384,58_0,58,das_work,7.993956327438354,48258,27,1
1771540628.033632,58_1,58,das_work,1.6754145622253418,48258,28,1
1771540628.061193,59_1,59,das_work,0.4445574283599853,48258,28,1
1771540640.0300932,59_1,59,das_work,9.306201219558716,48258,29,1
1771540640.039486,58_1,58,das_work,8.290860652923584,48258,29,1
1771540652.03481,59_1,59,das_work,7.131162166595459,48258,30,1
1771540652.0445774,58_1,58,das_work,8.415902376174927,48258,30,1
1771540664.035751,59_1,59,das_work,6.09063196182251,48258,31,1
1771540664.0504165,58_1,58,das_work,5.651306390762329,48258,31,1
1771540676.0256715,58_1,58,das_work,5.992688894271851,48258,32,1
1771540676.039493,59_1,59,das_work,2.9142074584960938,48258,32,1
1771540688.031283,58_1,58,das_work,6.186789751052856,48258,33,1
1771540688.0428915,59_1,59,das_work,2.499242782592773,48258,33,1
1771540700.0449097,59_1,59,das_work,3.138116836547852,48258,34,1
1771540700.0456593,58_1,58,das_work,6.37644362449646,48258,34,1
1771540712.0212765,58_1,58,das_work,7.078201055526733,48258,35,1
1771540712.0390494,59_1,59,das_work,5.054680824279785,48258,35,1
1771540724.035852,58_1,58,das_work,0.4612548351287842,48258,36,1
1771540724.0418437,59_1,59,das_work,4.0431530475616455,48258,36,1
1771540736.0274265,58_1,58,das_work,0.494377851486206,48258,37,1
1771540736.0518084,59_1,59,das_work,3.50823974609375,48258,37,1
1771540748.020689,59_1,59,das_work,3.840606212615967,48258,38,1
1771540748.0366592,58_1,58,das_work,5.960882186889648,48258,38,1
1771540760.045969,59_1,59,das_work,4.121000289916992,48258,39,1
1771540760.0525897,58_1,58,das_work,5.556127309799194,48258,39,1
1771540772.0209832,59_1,59,das_work,9.052437782287598,48258,40,1
1771540772.0292263,58_1,58,das_work,1.4053223133087158,48258,40,1
1771540784.0244994,59_1,59,das_work,6.538720846176148,48258,41,1
1771540784.0277443,58_1,58,das_work,3.5145416259765625,48258,41,1
1771540796.0236938,58_1,58,das_work,1.078498363494873,48258,42,1
1771540796.0292037,59_1,59,das_work,8.915484189987183,48258,42,1
1771540808.014053,58_2,58,das_work,8.844806432723999,48258,43,1
1771540808.0381444,59_2,59,das_work,8.204097032546997,48258,43,1
1771540820.028054,58_2,58,das_work,8.486311435699463,48258,44,1
1771540820.030828,59_2,59,das_work,7.274106025695801,48258,44,1
1771540832.015128,58_2,58,das_work,6.70248818397522,48258,45,1
1771540832.018338,59_2,59,das_work,8.619399785995483,48258,45,1
1771540844.0113072,59_2,59,das_work,7.811052083969116,48258,46,1
1771540844.0321808,58_2,58,das_work,9.637942552566528,48258,46,1
1771540856.0168402,59_2,59,das_work,4.853338479995728,48258,47,1
1771540856.0300417,58_2,58,das_work,7.379780769348144,48258,47,1
1771540868.0049198,59_2,59,das_work,6.500871419906616,48258,48,1
1771540868.0195096,58_2,58,das_work,7.8820881843566895,48258,48,1
1771540880.012888,59_2,59,das_work,9.036176919937134,48258,49,1
1771540880.0455182,58_2,58,das_work,5.8487708568573,48258,49,1
1771540892.0051093,59_2,59,das_work,2.301443338394165,48258,50,1
1771540892.0318098,58_2,58,das_work,8.008746147155762,48258,50,1
1771540904.0090475,59_2,59,das_work,5.804962158203125,48258,51,1
1771540904.0439167,58_2,58,das_work,8.188185691833496,48258,51,1
1771540916.004581,59_2,59,das_work,8.964505434036255,48258,52,1
1771540916.0094914,58_2,58,das_work,4.0484459400177,48258,52,1
1771540928.0110292,59_2,59,das_work,1.7150893211364746,48258,53,1
1771540928.018591,58_2,58,das_work,4.645191192626953,48258,53,1
1771540940.003425,58_2,58,das_work,9.472528219223022,48258,54,1
1771540940.0041602,59_2,59,das_work,6.359571695327759,48258,54,1
1771540952.01608,58_2,58,das_work,8.016712427139282,48258,55,1
1771540952.021084,59_2,59,das_work,6.571689367294312,48258,55,1
1771540964.005473,58_2,58,das_work,2.18792462348938,48258,56,1
1771540964.0095203,59_2,59,das_work,3.964544773101807,48258,56,1
1771540976.03325,58_2,58,das_work,5.855278015136719,48258,57,1
1771540976.0406942,59_2,59,das_work,2.284388542175293,48258,57,1
1771540988.008674,58_3,58,das_work,5.450990438461304,48258,58,1
1771540988.0182626,59_3,59,das_work,0.3525383472442627,48258,58,1
1771541000.0035489,58_3,58,das_work,7.456147909164429,48258,59,1
1771541000.006299,59_3,59,das_work,4.70621395111084,48258,59,1
1771541012.0040364,58_3,58,das_work,6.210367679595947,48258,60,1
1771541012.019562,59_3,59,das_work,6.789721965789795,48258,60,1
1771541024.0064654,58_3,58,das_work,8.756580591201782,48258,61,1
1771541024.0073335,59_3,59,das_work,5.867013692855835,48258,61,1
1771541036.0032406,59_3,59,das_work,8.009419918060303,48258,62,1
1771541036.0120132,58_3,58,das_work,1.4818789958953855,48258,62,1
1771541048.0116873,59_3,59,das_work,6.506224870681763,48258,63,1
1771541048.012218,58_3,58,das_work,6.397517204284668,48258,63,1
1771541060.0300353,58_3,58,das_work,3.432626724243164,48258,64,1
1771541060.0305705,59_3,59,das_work,7.605937480926514,48258,64,1
1771541071.9880593,59_3,59,das_work,7.340193510055542,48258,65,1
1771541071.9942913,58_3,58,das_work,7.320669651031494,48258,65,1
1771541084.0010924,58_3,58,das_work,0.6700243949890137,48258,66,1
1771541084.031504,59_3,59,das_work,1.884672164916992,48258,66,1
1771541095.99524,59_3,59,das_work,5.381006717681885,48258,67,1
1771541096.027742,58_3,58,das_work,2.3861372470855717,48258,67,1
1771541108.0036888,58_3,58,das_work,0.8250401020050049,48258,68,1
1771541108.0083928,59_3,59,das_work,7.291959524154663,48258,68,1
1771541119.9989877,58_3,58,das_work,9.393093347549438,48258,69,1
1771541120.0096476,59_3,59,das_work,2.50230073928833,48258,69,1
1771541131.9846485,59_3,59,das_work,8.091134071350098,48258,70,1
1771541131.9869614,58_3,58,das_work,7.091832876205444,48258,70,1
1771541144.010873,59_3,59,das_work,0.4442722797393799,48258,71,1
1771541144.0136898,58_3,58,das_work,5.9485697746276855,48258,71,1
1771541156.0049582,59_3,59,das_work,7.736303567886352,48258,72,1
1771541156.0135496,58_3,58,das_work,3.1938507556915283,48258,72,1
1771541167.994262,59_4,59,das_work,3.3187832832336426,48258,73,1
1771541167.9955194,58_4,58,das_work,2.331057071685791,48258,73,1
1771541179.9851491,59_4,59,das_work,3.630960464477539,48258,74,1
1771541180.020115,58_4,58,das_work,10.254180431365969,48258,74,1
1771541191.9857624,59_4,59,das_work,1.3933796882629397,48258,75,1
1771541192.023865,58_4,58,das_work,3.097332239151001,48258,75,1
1771541203.9906716,58_4,58,das_work,5.845360517501831,48258,76,1
1771541203.9918518,59_4,59,das_work,5.029358386993408,48258,76,1
1771541215.9750917,59_4,59,das_work,5.096068382263184,48258,77,1
1771541215.9933195,58_4,58,das_work,0.5617446899414062,48258,77,1
1771541228.0228243,58_4,58,das_work,8.895486831665039,48258,78,1
1771541228.0288706,59_4,59,das_work,0.6719372272491455,48258,78,1
1771541239.995644,59_4,59,das_work,5.752630949020386,48258,79,1
1771541240.0091453,58_4,58,das_work,1.9772088527679443,48258,79,1
1771541251.9788284,58_4,58,das_work,6.712715864181519,48258,80,1
1771541252.0112765,59_4,59,das_work,2.995849609375,48258,80,1
1771541263.983409,58_4,58,das_work,7.85422945022583,48258,81,1
1771541263.9941835,59_4,59,das_work,9.62372899055481,48258,81,1
1771541275.997481,58_4,58,das_work,3.727825880050659,48258,82,1
1771541276.0118651,59_4,59,das_work,3.723057985305786,48258,82,1
1771541288.0021286,59_4,59,das_work,8.633975505828857,48258,83,1
1771541288.0067282,58_4,58,das_work,5.181031227111816,48258,83,1
1771541299.9694011,59_4,59,das_work,4.951145887374878,48258,84,1
1771541299.9831166,58_4,58,das_work,6.889838218688965,48258,84,1
1771541311.9533665,58_4,58,das_work,7.893964052200317,48258,85,1
1771541311.958732,59_4,59,das_work,9.733908653259276,48258,85,1
1771541323.9924293,59_4,59,das_work,9.443590641021729,48258,86,1
1771541323.9934912,58_4,58,das_work,7.417121648788452,48258,86,1
1771541336.0028956,58_4,58,das_work,8.901689529418945,48258,87,1
1771541336.0034275,59_4,59,das_work,5.956633567810059,48258,87,1
1771540387.9893522,5_0,5,das_work,1.686598777770996,48258,8,1
1771540400.030954,4_0,4,das_work,6.616220235824585,48258,9,1
1771540400.031417,5_0,5,das_work,7.936686992645264,48258,9,1
1771540412.065188,4_0,4,das_work,7.027456283569336,48258,10,1
1771540412.065719,5_0,5,das_work,7.233870983123779,48258,10,1
1771540424.0110168,4_0,4,das_work,8.707832336425781,48258,11,1
1771540424.0268438,5_0,5,das_work,5.138770341873169,48258,11,1
1771540436.0329323,5_0,5,das_work,5.441871643066406,48258,12,1
1771540436.074091,4_0,4,das_work,2.181846618652344,48258,12,1
1771540448.0528178,5_0,5,das_work,5.341898679733276,48258,13,1
1771540448.073445,4_0,4,das_work,0.6493854522705078,48258,13,1
1771540460.034447,4_0,4,das_work,7.112780332565308,48258,14,1
1771540460.0802512,5_0,5,das_work,8.096433877944946,48258,14,1
1771540472.0312262,5_0,5,das_work,7.323875188827515,48258,15,1
1771540472.0459216,4_0,4,das_work,5.04175877571106,48258,15,1
1771540484.0411088,5_0,5,das_work,2.077098608016968,48258,16,1
1771540484.0436804,4_0,4,das_work,1.7995567321777344,48258,16,1
1771540496.0419436,4_0,4,das_work,10.040699005126951,48258,17,1
1771540496.053406,5_0,5,das_work,4.834497213363648,48258,17,1
1771540508.0343475,4_0,4,das_work,1.9056715965271,48258,18,1
1771540508.040812,5_0,5,das_work,6.7775537967681885,48258,18,1
1771540520.032009,4_0,4,das_work,5.166517496109009,48258,19,1
1771540520.045531,5_0,5,das_work,6.463320255279541,48258,19,1
1771540532.040818,4_0,4,das_work,1.019775390625,48258,20,1
1771540532.064288,5_0,5,das_work,6.084836959838867,48258,20,1
1771540544.032754,5_0,5,das_work,1.8782689571380613,48258,21,1
1771540544.0370588,4_0,4,das_work,0.7935898303985596,48258,21,1
1771540556.0340998,4_0,4,das_work,0.9021377563476562,48258,22,1
1771540556.0515385,5_0,5,das_work,9.123878002166748,48258,22,1
1771540568.0331118,5_1,5,das_work,6.793851137161255,48258,23,1
1771540568.0429108,4_0,4,das_work,7.914445400238037,48258,23,1
1771540580.058698,5_1,5,das_work,0.6501851081848145,48258,24,1
1771540580.064211,4_1,4,das_work,7.089806795120239,48258,24,1
1771540592.0351784,5_1,5,das_work,5.668519020080566,48258,25,1
1771540592.0547943,4_1,4,das_work,8.110227823257446,48258,25,1
1771540604.0461075,4_1,4,das_work,3.916924715042114,48258,26,1
1771540604.0610318,5_1,5,das_work,7.283905029296875,48258,26,1
1771540616.040712,4_1,4,das_work,7.294857025146484,48258,27,1
1771540616.0638883,5_1,5,das_work,4.2276692390441895,48258,27,1
1771540628.0299797,5_1,5,das_work,1.1680901050567627,48258,28,1
1771540628.034604,4_1,4,das_work,4.67566180229187,48258,28,1
1771540640.026566,4_1,4,das_work,3.19827938079834,48258,29,1
1771540640.04037,5_1,5,das_work,8.341995477676392,48258,29,1
1771540652.02337,5_1,5,das_work,4.456329107284546,48258,30,1
1771540652.0318613,4_1,4,das_work,1.6743535995483398,48258,30,1
1771540664.022481,5_1,5,das_work,5.665571689605713,48258,31,1
1771540664.0659535,4_1,4,das_work,8.808311223983765,48258,31,1
1771540676.0232935,4_1,4,das_work,4.277812004089356,48258,32,1
1771540676.0413768,5_1,5,das_work,10.347238063812256,48258,32,1
1771540688.024773,4_1,4,das_work,6.992743730545044,48258,33,1
1771540688.0372531,5_1,5,das_work,8.170897960662842,48258,33,1
1771540700.048428,5_1,5,das_work,2.8926801681518555,48258,34,1
1771540700.0489626,4_1,4,das_work,8.39915680885315,48258,34,1
1771540712.0304923,5_1,5,das_work,7.173482656478882,48258,35,1
1771540712.0356522,4_1,4,das_work,6.972120046615601,48258,35,1
1771540724.0315588,5_1,5,das_work,8.790181398391724,48258,36,1
1771540724.0324318,4_1,4,das_work,9.618308305740356,48258,36,1
1771540736.0275395,4_1,4,das_work,5.240310192108154,48258,37,1
1771540736.031373,5_1,5,das_work,7.050277233123779,48258,37,1
1771540748.0183206,5_2,5,das_work,3.526846170425415,48258,38,1
1771540748.0336015,4_1,4,das_work,6.575392484664917,48258,38,1
1771540760.0228496,5_2,5,das_work,1.8987696170806885,48258,39,1
1771540760.0347588,4_2,4,das_work,6.990557670593262,48258,39,1
1771540772.0147789,5_2,5,das_work,5.3836987018585205,48258,40,1
1771540772.031221,4_2,4,das_work,5.760442495346069,48258,40,1
1771540784.012901,5_2,5,das_work,1.510612964630127,48258,41,1
1771540784.0272975,4_2,4,das_work,3.8838701248168954,48258,41,1
1771540796.0145986,5_2,5,das_work,4.163097381591797,48258,42,1
1771540796.0264952,4_2,4,das_work,1.943493366241455,48258,42,1
1771540808.0184226,4_2,4,das_work,8.24231481552124,48258,43,1
1771540808.0268333,5_2,5,das_work,6.776712894439697,48258,43,1
1771540820.0237122,4_2,4,das_work,2.706951141357422,48258,44,1
1771540820.0491743,5_2,5,das_work,7.182790756225586,48258,44,1
1771540832.0162015,5_2,5,das_work,8.744708061218262,48258,45,1
1771540832.0218303,4_2,4,das_work,9.54718565940857,48258,45,1
1771540844.0171838,4_2,4,das_work,9.465394973754885,48258,46,1
1771540844.0223873,5_2,5,das_work,5.764497041702271,48258,46,1
1771540856.0254328,4_2,4,das_work,7.352235317230225,48258,47,1
1771540856.0279045,5_2,5,das_work,2.292590618133545,48258,47,1
1771540868.0140414,5_2,5,das_work,4.790705442428589,48258,48,1
1771540868.0404644,4_2,4,das_work,4.240110874176025,48258,48,1
1771540880.0210445,4_2,4,das_work,3.06382155418396,48258,49,1
1771540880.0228565,5_2,5,das_work,6.571164846420288,48258,49,1
1771540892.0039432,5_2,5,das_work,3.9584028720855713,48258,50,1
1771540892.0155036,4_2,4,das_work,6.714895009994507,48258,50,1
1771540904.00859,5_2,5,das_work,4.688899993896484,48258,51,1
1771540904.0127797,4_2,4,das_work,4.802618503570557,48258,51,1
1771540916.008899,4_2,4,das_work,7.241122245788574,48258,52,1
1771540916.0217414,5_2,5,das_work,6.285134792327881,48258,52,1
1771540928.0219357,4_2,4,das_work,1.8798110485076904,48258,53,1
1771540928.03395,5_3,5,das_work,9.133755445480348,48258,53,1
1771540940.0197363,5_3,5,das_work,4.872604608535767,48258,54,1
1771540940.024009,4_3,4,das_work,3.931438207626343,48258,54,1
1771540952.008638,4_3,4,das_work,3.562609910964966,48258,55,1
1771540952.016712,5_3,5,das_work,4.6391706466674805,48258,55,1
1771540964.0167458,4_3,4,das_work,5.966140985488892,48258,56,1
1771540964.029421,5_3,5,das_work,4.629213333129883,48258,56,1
1771540976.00419,5_3,5,das_work,8.239486694335938,48258,57,1
1771540976.0055118,4_3,4,das_work,6.51986837387085,48258,57,1
1771540988.0149271,4_3,4,das_work,1.7814273834228516,48258,58,1
1771540988.0185397,5_3,5,das_work,7.380061864852905,48258,58,1
1771541000.0124722,4_3,4,das_work,1.505296230316162,48258,59,1
1771541000.0186286,5_3,5,das_work,8.357762336730957,48258,59,1
1771541011.9992793,5_3,5,das_work,5.464357376098633,48258,60,1
1771541012.0237546,4_3,4,das_work,0.7713665962219238,48258,60,1
1771541024.0137603,5_3,5,das_work,5.052370309829712,48258,61,1
1771541024.0142834,4_3,4,das_work,2.198965787887573,48258,61,1
1771541036.0063553,4_3,4,das_work,6.988221645355225,48258,62,1
1771541036.0133598,5_3,5,das_work,0.9653160572052002,48258,62,1
1771541047.9918537,4_3,4,das_work,8.824517011642456,48258,63,1
1771541048.009725,5_3,5,das_work,4.59110164642334,48258,63,1
1771541060.00159,4_3,4,das_work,5.40906023979187,48258,64,1
1771541060.0239394,5_3,5,das_work,0.248462438583374,48258,64,1
1771541072.0035644,5_3,5,das_work,5.602745294570923,48258,65,1
1771541072.0301704,4_3,4,das_work,4.943553447723389,48258,65,1
1771541084.002198,5_3,5,das_work,7.309350252151489,48258,66,1
1771541084.0175092,4_3,4,das_work,8.604558944702148,48258,66,1
1771541095.9908855,5_3,5,das_work,9.897093296051024,48258,67,1
1771541096.007794,4_3,4,das_work,9.380866050720217,48258,67,1
1771541107.9981508,5_4,5,das_work,3.838085651397705,48258,68,1
1771541108.02929,4_3,4,das_work,7.1846842765808105,48258,68,1
1771541120.0123973,4_4,4,das_work,4.666159152984619,48258,69,1
1771541120.0232947,5_4,5,das_work,5.447160005569458,48258,69,1
1771541131.9917245,4_4,4,das_work,1.173797845840454,48258,70,1
1771541132.0047894,5_4,5,das_work,4.626984357833862,48258,70,1
1771541143.990798,4_4,4,das_work,1.7264256477355957,48258,71,1
1771541144.0059512,5_4,5,das_work,3.207703828811645,48258,71,1
1771541155.9952643,4_4,4,das_work,3.976661205291748,48258,72,1
1771541156.0041394,5_4,5,das_work,3.6533939838409424,48258,72,1
1771541167.9972925,5_4,5,das_work,7.533708333969116,48258,73,1
1771541167.9981017,4_4,4,das_work,0.6088011264801025,48258,73,1
1771541179.99871,4_4,4,das_work,2.235318660736084,48258,74,1
1771541180.0013793,5_4,5,das_work,3.103039264678955,48258,74,1
1771541191.9808056,5_4,5,das_work,8.322815179824829,48258,75,1
1771541191.9907095,4_4,4,das_work,1.6259639263153076,48258,75,1
1771541203.978933,4_4,4,das_work,5.875871658325195,48258,76,1
1771541204.011973,5_4,5,das_work,4.642958164215088,48258,76,1
1771541215.9940493,5_4,5,das_work,3.132368803024292,48258,77,1
1771541215.994631,4_4,4,das_work,5.675974369049072,48258,77,1
1771541228.0252862,4_4,4,das_work,5.291903495788574,48258,78,1
1771541228.0404325,5_4,5,das_work,3.5359950065612797,48258,78,1
1771541239.985366,5_4,5,das_work,7.828752040863037,48258,79,1
1771541240.0091066,4_4,4,das_work,6.567150354385376,48258,79,1
1771541251.9799368,5_4,5,das_work,3.941833734512329,48258,80,1
1771541251.9835403,4_4,4,das_work,6.001762628555298,48258,80,1
1771541263.977642,5_4,5,das_work,6.9999840259552,48258,81,1
1771541263.9790845,4_4,4,das_work,8.116356134414673,48258,81,1
1771541275.9768784,5_4,5,das_work,5.155751943588257,48258,82,1
1771541275.9961247,4_4,4,das_work,4.850795745849609,48258,82,1
1771541288.024557,4_4,4,das_work,5.239106893539429,48258,83,1
1771540448.0190392,60_0,60,das_work,9.56418251991272,48258,13,1
1771540448.0482123,61_0,61,das_work,8.82352614402771,48258,13,1
1771540460.0407193,60_0,60,das_work,1.2921597957611084,48258,14,1
1771540460.041224,61_0,61,das_work,7.231251001358032,48258,14,1
1771540472.0363555,61_0,61,das_work,8.133316993713379,48258,15,1
1771540472.0698109,60_0,60,das_work,6.660662889480591,48258,15,1
1771540484.034462,61_0,61,das_work,9.053211212158203,48258,16,1
1771540484.0513525,60_0,60,das_work,8.811853647232056,48258,16,1
1771540496.051628,60_0,60,das_work,7.916764497756958,48258,17,1
1771540496.0792098,61_0,61,das_work,1.6722209453582764,48258,17,1
1771540508.038597,61_0,61,das_work,4.452093601226807,48258,18,1
1771540508.0413003,60_0,60,das_work,2.538419008255005,48258,18,1
1771540520.0419862,61_0,61,das_work,8.658300161361694,48258,19,1
1771540520.067263,60_0,60,das_work,1.97180438041687,48258,19,1
1771540532.0477188,60_0,60,das_work,6.594626188278198,48258,20,1
1771540532.051402,61_0,61,das_work,4.038394927978516,48258,20,1
1771540544.0354743,61_0,61,das_work,2.602957248687744,48258,21,1
1771540544.0423012,60_0,60,das_work,3.214404582977295,48258,21,1
1771540556.0462382,61_0,61,das_work,3.936634302139282,48258,22,1
1771540556.050804,60_0,60,das_work,8.216841220855713,48258,22,1
1771540568.0464146,61_0,61,das_work,4.643611669540405,48258,23,1
1771540568.0659554,60_0,60,das_work,4.634145021438599,48258,23,1
1771540580.0333362,61_0,61,das_work,4.353533983230591,48258,24,1
1771540580.042349,60_0,60,das_work,6.867886781692505,48258,24,1
1771540592.0431275,61_0,61,das_work,3.923895359039306,48258,25,1
1771540592.0558853,60_0,60,das_work,2.688871383666992,48258,25,1
1771540604.0374107,61_0,61,das_work,6.591471910476685,48258,26,1
1771540604.0549786,60_0,60,das_work,1.0587074756622314,48258,26,1
1771540616.0370386,60_0,60,das_work,6.681864976882935,48258,27,1
1771540616.056926,61_0,61,das_work,2.5946357250213623,48258,27,1
1771540628.032809,61_1,61,das_work,6.214142084121704,48258,28,1
1771540628.0442328,60_1,60,das_work,5.665986776351929,48258,28,1
1771540640.0377903,61_1,61,das_work,5.260500431060791,48258,29,1
1771540640.0681677,60_1,60,das_work,4.124422550201416,48258,29,1
1771540652.0295029,60_1,60,das_work,4.33927845954895,48258,30,1
1771540652.052921,61_1,61,das_work,5.339953422546387,48258,30,1
1771540664.0354424,60_1,60,das_work,5.0613789558410645,48258,31,1
1771540664.050068,61_1,61,das_work,3.409511089324951,48258,31,1
1771540676.0411062,61_1,61,das_work,7.536138772964477,48258,32,1
1771540676.045267,60_1,60,das_work,6.868783235549927,48258,32,1
1771540688.0249124,61_1,61,das_work,8.547744750976562,48258,33,1
1771540688.0449352,60_1,60,das_work,2.991262912750244,48258,33,1
1771540700.043574,61_1,61,das_work,5.8188886642456055,48258,34,1
1771540700.0479314,60_1,60,das_work,5.774292707443237,48258,34,1
1771540712.02312,61_1,61,das_work,9.597830295562744,48258,35,1
1771540712.0433698,60_1,60,das_work,1.3679778575897217,48258,35,1
1771540724.036088,60_1,60,das_work,3.267061471939087,48258,36,1
1771540724.044446,61_1,61,das_work,6.607062339782715,48258,36,1
1771540736.018162,61_1,61,das_work,8.93220591545105,48258,37,1
1771540736.043893,60_1,60,das_work,5.557098627090454,48258,37,1
1771540748.027062,61_1,61,das_work,1.3952524662017822,48258,38,1
1771540748.0399668,60_1,60,das_work,5.542245864868164,48258,38,1
1771540760.030515,61_1,61,das_work,3.640050649642944,48258,39,1
1771540760.0324657,60_1,60,das_work,4.772420644760132,48258,39,1
1771540772.0280793,61_1,61,das_work,2.193733930587769,48258,40,1
1771540772.0306416,60_1,60,das_work,8.221949338912964,48258,40,1
1771540784.015792,61_1,61,das_work,3.620030164718628,48258,41,1
1771540784.0189292,60_1,60,das_work,3.2543206214904785,48258,41,1
1771540796.026764,60_1,60,das_work,1.593996286392212,48258,42,1
1771540796.036963,61_1,61,das_work,8.821380853652954,48258,42,1
1771540808.0215132,60_2,60,das_work,3.4483299255371094,48258,43,1
1771540808.0269332,61_2,61,das_work,5.557955026626587,48258,43,1
1771540820.0171883,60_2,60,das_work,3.8230855464935294,48258,44,1
1771540820.0232692,61_2,61,das_work,5.510447263717651,48258,44,1
1771540832.0227897,60_2,60,das_work,7.292176723480225,48258,45,1
1771540832.0514278,61_2,61,das_work,5.44613528251648,48258,45,1
1771540844.0118763,60_2,60,das_work,3.961287260055542,48258,46,1
1771540844.026309,61_2,61,das_work,6.567882299423218,48258,46,1
1771540856.0086613,61_2,61,das_work,2.990087985992432,48258,47,1
1771540856.0194907,60_2,60,das_work,7.428511142730713,48258,47,1
1771540868.0166168,60_2,60,das_work,9.243005514144896,48258,48,1
1771540868.0217714,61_2,61,das_work,1.2708110809326172,48258,48,1
1771540880.007234,61_2,61,das_work,5.5424981117248535,48258,49,1
1771540880.0482025,60_2,60,das_work,5.651533603668213,48258,49,1
1771540892.0355375,60_2,60,das_work,1.4737052917480469,48258,50,1
1771540892.0365355,61_2,61,das_work,2.913648128509521,48258,50,1
1771540904.009501,60_2,60,das_work,6.584420919418335,48258,51,1
1771540904.044459,61_2,61,das_work,9.315341472625732,48258,51,1
1771540916.0008707,60_2,60,das_work,5.807445287704468,48258,52,1
1771540916.0066948,61_2,61,das_work,5.398476839065552,48258,52,1
1771540928.003867,60_2,60,das_work,7.710397243499756,48258,53,1
1771540928.0178285,61_2,61,das_work,1.075357437133789,48258,53,1
1771540940.0115757,60_2,60,das_work,5.453404903411865,48258,54,1
1771540940.0470583,61_2,61,das_work,1.468364953994751,48258,54,1
1771540952.0216796,61_2,61,das_work,8.09406065940857,48258,55,1
1771540952.0271387,60_2,60,das_work,4.322601556777954,48258,55,1
1771540964.0076811,61_2,61,das_work,8.102478504180908,48258,56,1
1771540964.0255818,60_2,60,das_work,8.363569021224976,48258,56,1
1771540975.9999633,61_2,61,das_work,8.11575436592102,48258,57,1
1771540976.0192025,60_2,60,das_work,8.488109350204468,48258,57,1
1771540988.0080829,60_3,60,das_work,3.52056097984314,48258,58,1
1771541000.007406,61_3,61,das_work,12.104458093643188,48258,59,1
1771541000.0079515,60_3,60,das_work,7.89308762550354,48258,59,1
1771541012.037509,60_3,60,das_work,8.836521625518799,48258,60,1
1771541012.038011,61_3,61,das_work,7.211606979370117,48258,60,1
1771541024.011241,61_3,61,das_work,8.498934268951416,48258,61,1
1771541024.0301812,60_3,60,das_work,2.582087755203247,48258,61,1
1771541036.0098734,61_3,61,das_work,5.466684103012085,48258,62,1
1771541036.010497,60_3,60,das_work,9.041379690170288,48258,62,1
1771541047.9956143,61_3,61,das_work,2.438307762145996,48258,63,1
1771541048.0146594,60_3,60,das_work,7.383091926574707,48258,63,1
1771541060.016994,60_3,60,das_work,8.598525762557983,48258,64,1
1771541060.0329056,61_3,61,das_work,2.491124629974365,48258,64,1
1771541071.985001,60_3,60,das_work,4.880975246429443,48258,65,1
1771541072.0017264,61_3,61,das_work,6.703031063079834,48258,65,1
1771541083.9951954,61_3,61,das_work,8.31958270072937,48258,66,1
1771541083.996049,60_3,60,das_work,8.21890926361084,48258,66,1
1771541095.9939673,60_3,60,das_work,1.284789800643921,48258,67,1
1771541096.0288815,61_3,61,das_work,6.360158205032349,48258,67,1
1771541108.0000305,60_3,60,das_work,6.813769578933716,48258,68,1
1771541108.0007856,61_3,61,das_work,6.03606390953064,48258,68,1
1771541119.9998562,60_3,60,das_work,1.9192919731140137,48258,69,1
1771541120.0040731,61_3,61,das_work,7.123452186584473,48258,69,1
1771541131.9842863,60_3,60,das_work,6.086880445480347,48258,70,1
1771541132.001865,61_3,61,das_work,8.921990156173706,48258,70,1
1771541143.984731,61_3,61,das_work,3.303954124450684,48258,71,1
1771541144.014425,60_3,60,das_work,1.976614236831665,48258,71,1
1771541155.993403,61_3,61,das_work,8.643118381500244,48258,72,1
1771541156.0113444,60_3,60,das_work,2.382389068603516,48258,72,1
1771541167.9887512,60_4,60,das_work,1.613435983657837,48258,73,1
1771541167.9940944,61_3,61,das_work,4.86517333984375,48258,73,1
1771541180.0173724,61_4,61,das_work,8.860560655593872,48258,74,1
1771541180.0178745,60_4,60,das_work,9.159212827682495,48258,74,1
1771541191.9952638,61_4,61,das_work,3.4127960205078125,48258,75,1
1771541192.022637,60_4,60,das_work,9.124250650405884,48258,75,1
1771541203.9892728,61_4,61,das_work,4.795650959014893,48258,76,1
1771541203.9920256,60_4,60,das_work,2.350949048995972,48258,76,1
1771541215.9844022,61_4,61,das_work,0.5944664478302002,48258,77,1
1771541216.002057,60_4,60,das_work,5.340838670730591,48258,77,1
1771541228.0240362,61_4,61,das_work,4.007672786712647,48258,78,1
1771541228.0330207,60_4,60,das_work,3.929597854614258,48258,78,1
1771541240.0105453,61_4,61,das_work,7.486344575881958,48258,79,1
1771541240.0199523,60_4,60,das_work,1.9753193855285645,48258,79,1
1771541251.985868,60_4,60,das_work,5.4753923416137695,48258,80,1
1771541251.9920192,61_4,61,das_work,4.981887102127075,48258,80,1
1771541263.9794838,61_4,61,das_work,4.78761625289917,48258,81,1
1771541263.9932814,60_4,60,das_work,9.73070192337036,48258,81,1
1771541275.9824955,60_4,60,das_work,1.429626703262329,48258,82,1
1771541276.012757,61_4,61,das_work,6.061874866485596,48258,82,1
1771541288.0054946,60_4,60,das_work,9.255370140075684,48258,83,1
1771541288.0086193,61_4,61,das_work,8.382001638412476,48258,83,1
1771541299.9950914,61_4,61,das_work,9.68468737602234,48258,84,1
1771541299.995577,60_4,60,das_work,8.573127746582031,48258,84,1
1771541311.9535265,61_4,61,das_work,5.66954231262207,48258,85,1
1771541311.9992492,60_4,60,das_work,8.29948377609253,48258,85,1
1771541323.9426768,61_4,61,das_work,1.680908441543579,48258,86,1
1771541323.9453664,60_4,60,das_work,1.4810283184051514,48258,86,1
1771541335.9357996,61_4,61,das_work,4.422472715377808,48258,87,1
1771541336.0041714,60_4,60,das_work,3.600804567337036,48258,87,1
1771541348.0048285,61_4,61,das_work,7.8891143798828125,48258,88,1
1771540448.054036,63_0,63,das_work,10.372205972671509,48258,13,1
1771540460.035371,62_0,62,das_work,10.380148649215698,48258,14,1
1771540460.0535042,63_0,63,das_work,7.786276340484619,48258,14,1
1771540472.0415125,63_0,63,das_work,7.306689023971558,48258,15,1
1771540472.0492074,62_0,62,das_work,5.544169425964356,48258,15,1
1771540484.0425532,63_0,63,das_work,1.5889222621917725,48258,16,1
1771540484.044859,62_0,62,das_work,2.7301547527313232,48258,16,1
1771540496.0466406,63_0,63,das_work,3.628307580947876,48258,17,1
1771540496.049165,62_0,62,das_work,3.4675040245056152,48258,17,1
1771540508.0349307,62_0,62,das_work,2.7464656829833984,48258,18,1
1771540508.0476427,63_0,63,das_work,6.6056859493255615,48258,18,1
1771540520.0342808,62_0,62,das_work,7.412618160247803,48258,19,1
1771540520.0396185,63_0,63,das_work,7.810440540313721,48258,19,1
1771540532.0540965,63_0,63,das_work,3.655332803726196,48258,20,1
1771540532.0627346,62_0,62,das_work,7.524672269821167,48258,20,1
1771540544.0351157,63_0,63,das_work,3.531639814376831,48258,21,1
1771540544.0498612,62_0,62,das_work,0.3951842784881592,48258,21,1
1771540556.040096,62_0,62,das_work,2.529066324234009,48258,22,1
1771540556.0599678,63_0,63,das_work,9.316436290740969,48258,22,1
1771540568.0401144,62_0,62,das_work,8.648590564727783,48258,23,1
1771540568.0538402,63_0,63,das_work,6.261496543884277,48258,23,1
1771540580.0404575,62_0,62,das_work,6.696564674377441,48258,24,1
1771540580.0636206,63_0,63,das_work,4.429399013519287,48258,24,1
1771540592.0356257,62_0,62,das_work,2.711578845977783,48258,25,1
1771540592.048304,63_0,63,das_work,1.7746193408966064,48258,25,1
1771540604.046391,63_0,63,das_work,5.549066543579102,48258,26,1
1771540604.0685108,62_0,62,das_work,3.0039687156677246,48258,26,1
1771540616.0496266,63_0,63,das_work,3.71696662902832,48258,27,1
1771540616.0622597,62_0,62,das_work,1.3698320388793943,48258,27,1
1771540628.0352285,63_1,63,das_work,2.527759552001953,48258,28,1
1771540628.037181,62_0,62,das_work,3.776080846786499,48258,28,1
1771540640.029062,62_1,62,das_work,3.200373649597168,48258,29,1
1771540640.038239,63_1,63,das_work,7.99898099899292,48258,29,1
1771540652.0403218,62_1,62,das_work,6.777572393417358,48258,30,1
1771540652.0560012,63_1,63,das_work,8.195799350738525,48258,30,1
1771540664.0253727,62_1,62,das_work,0.8863892555236816,48258,31,1
1771540664.044336,63_1,63,das_work,3.927380084991455,48258,31,1
1771540676.0270212,62_1,62,das_work,6.993736028671265,48258,32,1
1771540676.0359316,63_1,63,das_work,5.56083607673645,48258,32,1
1771540688.0208845,63_1,63,das_work,4.446792602539063,48258,33,1
1771540688.0299015,62_1,62,das_work,6.506084680557251,48258,33,1
1771540700.0296686,62_1,62,das_work,8.612592935562134,48258,34,1
1771540700.0503,63_1,63,das_work,6.479982852935791,48258,34,1
1771540712.0192535,63_1,63,das_work,2.5248281955718994,48258,35,1
1771540712.025185,62_1,62,das_work,9.463483572006226,48258,35,1
1771540724.0297463,63_1,63,das_work,8.03363585472107,48258,36,1
1771540724.035162,62_1,62,das_work,2.719255924224853,48258,36,1
1771540736.019344,63_1,63,das_work,9.761066198349,48258,37,1
1771540736.033405,62_1,62,das_work,5.4117841720581055,48258,37,1
1771540748.0282784,62_1,62,das_work,5.998115301132202,48258,38,1
1771540748.0307794,63_1,63,das_work,4.732749700546265,48258,38,1
1771540760.027145,62_1,62,das_work,2.8278510570526123,48258,39,1
1771540760.0291865,63_1,63,das_work,10.30377960205078,48258,39,1
1771540772.0240972,63_1,63,das_work,5.149591445922852,48258,40,1
1771540772.0251734,62_1,62,das_work,3.660047292709351,48258,40,1
1771540784.0177584,62_1,62,das_work,8.221579790115356,48258,41,1
1771540784.0211842,63_1,63,das_work,3.6542656421661377,48258,41,1
1771540796.0167074,63_1,63,das_work,1.8095407485961916,48258,42,1
1771540796.0354612,62_1,62,das_work,5.450936317443848,48258,42,1
1771540808.028731,62_1,62,das_work,2.611043691635132,48258,43,1
1771540808.038344,63_2,63,das_work,5.545713901519775,48258,43,1
1771540820.025741,63_2,63,das_work,1.4780888557434082,48258,44,1
1771540820.0302382,62_2,62,das_work,3.5083208084106445,48258,44,1
1771540832.0490365,62_2,62,das_work,6.575161457061768,48258,45,1
1771540832.0518188,63_2,63,das_work,7.170806407928467,48258,45,1
1771540844.0174456,62_2,62,das_work,2.0142080783843994,48258,46,1
1771540844.0252264,63_2,63,das_work,1.575122594833374,48258,46,1
1771540856.0247383,63_2,63,das_work,2.5376577377319336,48258,47,1
1771540856.024957,62_2,62,das_work,8.733906269073486,48258,47,1
1771540868.0000334,62_2,62,das_work,2.527451276779175,48258,48,1
1771540868.0178585,63_2,63,das_work,9.238157033920288,48258,48,1
1771540880.0141363,63_2,63,das_work,9.181347370147703,48258,49,1
1771540880.017101,62_2,62,das_work,6.331819772720337,48258,49,1
1771540892.0108635,62_2,62,das_work,2.028954267501831,48258,50,1
1771540892.0151374,63_2,63,das_work,1.5184228420257568,48258,50,1
1771540904.0176384,63_2,63,das_work,1.2862331867218018,48258,51,1
1771540904.0228674,62_2,62,das_work,1.0635359287261963,48258,51,1
1771540916.0098493,62_2,62,das_work,8.026991844177246,48258,52,1
1771540916.0205653,63_2,63,das_work,0.4466190338134765,48258,52,1
1771540928.0037434,62_2,62,das_work,3.450113534927368,48258,53,1
1771540928.0134552,63_2,63,das_work,8.37920594215393,48258,53,1
1771540940.0220544,62_2,62,das_work,6.685904264450073,48258,54,1
1771540940.0446754,63_2,63,das_work,9.431759119033812,48258,54,1
1771540952.025036,63_2,63,das_work,0.5488955974578857,48258,55,1
1771540952.0266335,62_2,62,das_work,3.4048869609832764,48258,55,1
1771540964.008325,62_2,62,das_work,4.94591498374939,48258,56,1
1771540964.0265076,63_2,63,das_work,4.430670976638794,48258,56,1
1771540976.0349135,62_2,62,das_work,3.5065128803253174,48258,57,1
1771540976.0390422,63_2,63,das_work,1.8799831867218015,48258,57,1
1771540988.01121,62_2,62,das_work,4.570653438568115,48258,58,1
1771540988.013697,63_3,63,das_work,2.6967809200286865,48258,58,1
1771541000.0055552,62_3,62,das_work,4.835666179656982,48258,59,1
1771541000.008885,63_3,63,das_work,3.768768072128296,48258,59,1
1771541011.9987564,62_3,62,das_work,2.5991575717926025,48258,60,1
1771541012.0228536,63_3,63,das_work,5.343234539031982,48258,60,1
1771541023.9972043,63_3,63,das_work,4.242700338363648,48258,61,1
1771541024.0229833,62_3,62,das_work,2.4765567779541016,48258,61,1
1771541035.9967892,63_3,63,das_work,3.549865961074829,48258,62,1
1771541036.0044625,62_3,62,das_work,2.626871109008789,48258,62,1
1771541048.00075,62_3,62,das_work,2.0070369243621826,48258,63,1
1771541048.014848,63_3,63,das_work,1.672985315322876,48258,63,1
1771541059.9913237,63_3,63,das_work,2.188738346099853,48258,64,1
1771541059.9983113,62_3,62,das_work,2.1184115409851074,48258,64,1
1771541071.986631,62_3,62,das_work,6.9744203090667725,48258,65,1
1771541071.9935985,63_3,63,das_work,8.340487718582153,48258,65,1
1771541084.0059512,63_3,63,das_work,1.339890480041504,48258,66,1
1771541084.0145335,62_3,62,das_work,9.33179235458374,48258,66,1
1771541095.9902124,63_3,63,das_work,0.808208703994751,48258,67,1
1771541095.998264,62_3,62,das_work,9.431791067123411,48258,67,1
1771541107.9909608,63_3,63,das_work,3.018171787261963,48258,68,1
1771541107.9964523,62_3,62,das_work,5.488279104232788,48258,68,1
1771541119.9939754,63_3,63,das_work,8.75615406036377,48258,69,1
1771541120.005586,62_3,62,das_work,3.653075933456421,48258,69,1
1771541131.987815,62_3,62,das_work,3.833730936050415,48258,70,1
1771541131.9933765,63_3,63,das_work,2.8582427501678467,48258,70,1
1771541143.9911263,62_3,62,das_work,9.344309091567991,48258,71,1
1771541144.0018787,63_3,63,das_work,8.720304489135742,48258,71,1
1771541155.9905374,63_3,63,das_work,3.854760885238648,48258,72,1
1771541156.023275,62_3,62,das_work,0.2385189533233642,48258,72,1
1771541167.995261,63_4,63,das_work,2.94087290763855,48258,73,1
1771541168.0069034,62_3,62,das_work,5.959020137786865,48258,73,1
1771541179.9870794,63_4,63,das_work,4.363101482391357,48258,74,1
1771541180.0008764,62_4,62,das_work,0.7602229118347168,48258,74,1
1771541191.9773118,62_4,62,das_work,7.396261215209961,48258,75,1
1771541191.9902036,63_4,63,das_work,9.383591651916504,48258,75,1
1771541203.9786105,62_4,62,das_work,0.5046689510345459,48258,76,1
1771541204.007084,63_4,63,das_work,2.895286798477173,48258,76,1
1771541215.9850338,63_4,63,das_work,8.053293943405151,48258,77,1
1771541215.999607,62_4,62,das_work,10.244737148284912,48258,77,1
1771541228.0285752,62_4,62,das_work,3.467328786849976,48258,78,1
1771541228.0333903,63_4,63,das_work,1.8271751403808596,48258,78,1
1771541239.9987855,62_4,62,das_work,9.863423347473145,48258,79,1
1771541240.0176032,63_4,63,das_work,1.475222110748291,48258,79,1
1771541251.983802,62_4,62,das_work,4.857268571853638,48258,80,1
1771541251.989066,63_4,63,das_work,2.951200008392334,48258,80,1
1771541263.9759772,62_4,62,das_work,5.382684707641602,48258,81,1
1771541263.987788,63_4,63,das_work,3.35293197631836,48258,81,1
1771541275.9875834,63_4,63,das_work,4.843982934951782,48258,82,1
1771541276.0121806,62_4,62,das_work,1.975639820098877,48258,82,1
1771541287.998639,62_4,62,das_work,1.819125413894653,48258,83,1
1771541288.0164714,63_4,63,das_work,1.1454088687896729,48258,83,1
1771541299.9699612,63_4,63,das_work,4.235619306564331,48258,84,1
1771541300.006616,62_4,62,das_work,6.260403633117676,48258,84,1
1771541311.983719,62_4,62,das_work,4.116008520126343,48258,85,1
1771541312.004501,63_4,63,das_work,7.0898261070251465,48258,85,1
1771541323.9460888,63_4,63,das_work,7.285593509674072,48258,86,1
1771541323.96901,62_4,62,das_work,4.839162588119507,48258,86,1
1771541335.9375954,62_4,62,das_work,1.487548828125,48258,87,1
1771541335.9976895,63_4,63,das_work,6.87055778503418,48258,87,1
1771541347.9715643,62_4,62,das_work,5.660770416259766,48258,88,1
1771540448.0215414,65_0,65,das_work,2.799862861633301,48258,13,1
1771540460.0375164,64_0,64,das_work,9.02239727973938,48258,14,1
1771540460.073088,65_0,65,das_work,3.3110604286193848,48258,14,1
1771540472.0365372,65_0,65,das_work,2.110454797744751,48258,15,1
1771540472.0410032,64_0,64,das_work,4.062579870223999,48258,15,1
1771540484.042097,64_0,64,das_work,2.522446155548096,48258,16,1
1771540484.043911,65_0,65,das_work,8.42181396484375,48258,16,1
1771540496.0414977,65_0,65,das_work,5.944217681884766,48258,17,1
1771540496.0543687,64_0,64,das_work,9.010000467300417,48258,17,1
1771540508.0354,65_0,65,das_work,4.759912014007568,48258,18,1
1771540508.0610342,64_0,64,das_work,6.357027053833008,48258,18,1
1771540520.047364,65_0,65,das_work,9.218583822250366,48258,19,1
1771540520.077087,64_0,64,das_work,7.378009796142578,48258,19,1
1771540532.041032,65_0,65,das_work,5.242432117462158,48258,20,1
1771540532.0499191,64_0,64,das_work,2.7515196800231934,48258,20,1
1771540544.0414004,65_0,65,das_work,9.070374011993408,48258,21,1
1771540544.0587163,64_0,64,das_work,3.8063266277313232,48258,21,1
1771540556.0312605,65_0,65,das_work,4.746600151062012,48258,22,1
1771540556.0480628,64_0,64,das_work,1.4736723899841309,48258,22,1
1771540568.0528488,64_0,64,das_work,5.447245836257935,48258,23,1
1771540568.0660892,65_0,65,das_work,8.30121660232544,48258,23,1
1771540580.0447185,64_0,64,das_work,2.9121334552764893,48258,24,1
1771540580.062633,65_0,65,das_work,6.568064689636231,48258,24,1
1771540592.0425124,65_0,65,das_work,6.536656856536865,48258,25,1
1771540592.063577,64_0,64,das_work,8.906919956207275,48258,25,1
1771540604.02658,64_0,64,das_work,7.123859405517578,48258,26,1
1771540604.0637383,65_0,65,das_work,6.456509113311768,48258,26,1
1771540616.0404932,64_0,64,das_work,6.387708425521851,48258,27,1
1771540616.0474055,65_0,65,das_work,4.264839172363281,48258,27,1
1771540628.0350814,64_0,64,das_work,6.578390121459961,48258,28,1
1771540628.05597,65_1,65,das_work,4.551846742630005,48258,28,1
1771540640.030537,64_1,64,das_work,3.139169454574585,48258,29,1
1771540640.047966,65_1,65,das_work,4.326411008834839,48258,29,1
1771540652.0239513,65_1,65,das_work,3.5208282470703125,48258,30,1
1771540652.0297215,64_1,64,das_work,3.0378129482269287,48258,30,1
1771540664.030742,65_1,65,das_work,0.5597960948944092,48258,31,1
1771540664.0325763,64_1,64,das_work,9.543665409088137,48258,31,1
1771540676.0351589,65_1,65,das_work,7.501121997833252,48258,32,1
1771540676.0473964,64_1,64,das_work,5.148402214050293,48258,32,1
1771540688.0195985,64_1,64,das_work,9.048342943191528,48258,33,1
1771540688.0285058,65_1,65,das_work,6.618058681488037,48258,33,1
1771540700.0390208,65_1,65,das_work,1.021873950958252,48258,34,1
1771540700.0396028,64_1,64,das_work,8.127252578735352,48258,34,1
1771540712.039356,64_1,64,das_work,0.978022575378418,48258,35,1
1771540712.0409532,65_1,65,das_work,2.0102100372314453,48258,35,1
1771540724.024901,64_1,64,das_work,0.5487008094787598,48258,36,1
1771540724.031535,65_1,65,das_work,2.955183506011963,48258,36,1
1771540736.0318348,65_1,65,das_work,0.6637630462646484,48258,37,1
1771540736.0325434,64_1,64,das_work,4.800197124481201,48258,37,1
1771540748.0267465,64_1,64,das_work,1.2995595932006836,48258,38,1
1771540748.0567243,65_1,65,das_work,5.857357501983643,48258,38,1
1771540760.0222075,64_1,64,das_work,1.6905839443206787,48258,39,1
1771540760.0309849,65_1,65,das_work,7.140853404998779,48258,39,1
1771540772.013915,65_1,65,das_work,7.408980846405029,48258,40,1
1771540772.0250306,64_1,64,das_work,6.116655588150024,48258,40,1
1771540784.022278,65_1,65,das_work,7.219735622406006,48258,41,1
1771540784.0296547,64_1,64,das_work,8.91208267211914,48258,41,1
1771540796.0340269,65_1,65,das_work,8.704015731811523,48258,42,1
1771540796.0558012,64_1,64,das_work,4.017412185668945,48258,42,1
1771540808.011521,64_1,64,das_work,4.476824522018433,48258,43,1
1771540808.0365813,65_2,65,das_work,2.487390756607056,48258,43,1
1771540820.013171,65_2,65,das_work,6.946674346923828,48258,44,1
1771540820.0200784,64_2,64,das_work,2.965907573699951,48258,44,1
1771540832.015223,65_2,65,das_work,5.580568313598633,48258,45,1
1771540832.024228,64_2,64,das_work,1.727421760559082,48258,45,1
1771540844.0210588,64_2,64,das_work,0.7112555503845215,48258,46,1
1771540844.035505,65_2,65,das_work,8.610528230667114,48258,46,1
1771540856.0149183,64_2,64,das_work,7.348581552505493,48258,47,1
1771540856.0348065,65_2,65,das_work,9.125653505325316,48258,47,1
1771540868.0197952,65_2,65,das_work,1.4703285694122314,48258,48,1
1771540868.034255,64_2,64,das_work,4.729682207107544,48258,48,1
1771540880.0289087,64_2,64,das_work,7.177646398544312,48258,49,1
1771540880.0448213,65_2,65,das_work,2.077333211898804,48258,49,1
1771540892.003832,65_2,65,das_work,5.610062837600708,48258,50,1
1771540892.0370045,64_2,64,das_work,8.008582353591919,48258,50,1
1771540904.0221689,65_2,65,das_work,6.569534540176392,48258,51,1
1771540904.0316784,64_2,64,das_work,9.93359112739563,48258,51,1
1771540916.001966,65_2,65,das_work,1.920034646987915,48258,52,1
1771540916.0236723,64_2,64,das_work,6.052977561950684,48258,52,1
1771540928.0068696,64_2,64,das_work,1.786549091339111,48258,53,1
1771540928.025185,65_2,65,das_work,6.263211965560913,48258,53,1
1771540940.009322,65_2,65,das_work,4.668208122253418,48258,54,1
1771540940.045065,64_2,64,das_work,7.07377028465271,48258,54,1
1771540952.0035455,65_2,65,das_work,5.142834663391113,48258,55,1
1771540952.013815,64_2,64,das_work,8.24384069442749,48258,55,1
1771540964.0069697,64_2,64,das_work,6.689282417297363,48258,56,1
1771540964.0145378,65_2,65,das_work,2.895089864730835,48258,56,1
1771540976.004496,65_2,65,das_work,3.10001277923584,48258,57,1
1771540976.035695,64_2,64,das_work,0.9637339115142822,48258,57,1
1771540988.0038514,64_2,64,das_work,5.249168157577515,48258,58,1
1771540988.022089,65_3,65,das_work,5.033305406570435,48258,58,1
1771541000.002569,64_3,64,das_work,5.7132408618927,48258,59,1
1771541000.0095427,65_3,65,das_work,1.9395244121551516,48258,59,1
1771541012.0013585,65_3,65,das_work,6.584378480911255,48258,60,1
1771541012.002023,64_3,64,das_work,8.776297569274902,48258,60,1
1771541023.997399,65_3,65,das_work,6.206525087356567,48258,61,1
1771541024.004554,64_3,64,das_work,1.1857855319976809,48258,61,1
1771541035.9981942,64_3,64,das_work,5.191279888153076,48258,62,1
1771541036.002972,65_3,65,das_work,5.570204496383667,48258,62,1
1771541047.9958258,65_3,65,das_work,6.271967649459839,48258,63,1
1771541047.9985354,64_3,64,das_work,8.45494270324707,48258,63,1
1771541060.0059648,65_3,65,das_work,8.334450006484985,48258,64,1
1771541060.0065246,64_3,64,das_work,5.888084650039673,48258,64,1
1771541071.9850028,64_3,64,das_work,5.816289901733398,48258,65,1
1771541071.986769,65_3,65,das_work,0.2576076984405517,48258,65,1
1771541083.9897015,65_3,65,das_work,8.76448917388916,48258,66,1
1771541083.998112,64_3,64,das_work,8.470031261444092,48258,66,1
1771541096.0088549,65_3,65,das_work,3.013202667236328,48258,67,1
1771541096.012252,64_3,64,das_work,8.227192401885986,48258,67,1
1771541108.002589,64_3,64,das_work,3.6207003593444815,48258,68,1
1771541108.0051043,65_3,65,das_work,7.744670152664185,48258,68,1
1771541120.009422,65_3,65,das_work,1.108547925949097,48258,69,1
1771541120.0169303,64_3,64,das_work,7.211228847503662,48258,69,1
1771541132.0189414,64_3,64,das_work,1.5756185054779053,48258,70,1
1771541132.0200758,65_3,65,das_work,6.167034864425659,48258,70,1
1771541143.9840598,65_3,65,das_work,1.275892972946167,48258,71,1
1771541143.9854124,64_3,64,das_work,4.226062059402466,48258,71,1
1771541156.0086153,64_3,64,das_work,2.650114059448242,48258,72,1
1771541156.0103498,65_3,65,das_work,2.2876968383789062,48258,72,1
1771541168.004336,65_4,65,das_work,7.638982534408569,48258,73,1
1771541168.005253,64_3,64,das_work,4.17029881477356,48258,73,1
1771541179.9844358,64_4,64,das_work,8.931588411331177,48258,74,1
1771541179.9890182,65_4,65,das_work,7.533026933670044,48258,74,1
1771541191.9777708,64_4,64,das_work,2.3003592491149902,48258,75,1
1771541191.9873831,65_4,65,das_work,1.511545181274414,48258,75,1
1771541203.9885807,65_4,65,das_work,0.3956320285797119,48258,76,1
1771541204.0216537,64_4,64,das_work,7.78948187828064,48258,76,1
1771541215.9757426,65_4,65,das_work,2.947892904281616,48258,77,1
1771541215.992927,64_4,64,das_work,5.2895121574401855,48258,77,1
1771541228.0251038,64_4,64,das_work,4.484193801879883,48258,78,1
1771541228.025912,65_4,65,das_work,6.476377725601196,48258,78,1
1771541239.991571,64_4,64,das_work,7.9170982837677,48258,79,1
1771541240.0190358,65_4,65,das_work,4.023339033126831,48258,79,1
1771541251.9815297,64_4,64,das_work,9.21961498260498,48258,80,1
1771541251.985651,65_4,65,das_work,1.1996238231658936,48258,80,1
1771541263.9904473,65_4,65,das_work,6.979005336761475,48258,81,1
1771541264.0085034,64_4,64,das_work,5.6539928913116455,48258,81,1
1771541275.9750924,65_4,65,das_work,7.108806371688843,48258,82,1
1771541275.9756436,64_4,64,das_work,6.982088565826416,48258,82,1
1771541288.0002382,65_4,65,das_work,3.9751882553100586,48258,83,1
1771541288.0232108,64_4,64,das_work,4.1275475025177,48258,83,1
1771541299.974509,65_4,65,das_work,2.344827651977539,48258,84,1
1771541299.9790697,64_4,64,das_work,5.605849504470825,48258,84,1
1771541312.0112662,64_4,64,das_work,7.197090864181519,48258,85,1
1771541312.0117445,65_4,65,das_work,1.775526523590088,48258,85,1
1771541323.945631,65_4,65,das_work,3.721381664276123,48258,86,1
1771541323.94762,64_4,64,das_work,4.938783884048462,48258,86,1
1771541335.9354396,65_4,65,das_work,9.525115966796877,48258,87,1
1771541335.9945433,64_4,64,das_work,10.241308450698853,48258,87,1
1771541347.927161,64_4,64,das_work,9.3370521068573,48258,88,1
1771540460.0317676,66_0,66,das_work,6.396527051925659,48258,14,1
1771540460.0430677,67_0,67,das_work,3.712759017944336,48258,14,1
1771540472.0307298,67_0,67,das_work,2.395351886749268,48258,15,1
1771540472.050049,66_0,66,das_work,6.075935125350952,48258,15,1
1771540484.038,66_0,66,das_work,3.2448277473449707,48258,16,1
1771540484.0575438,67_0,67,das_work,5.859397888183594,48258,16,1
1771540496.0468364,67_0,67,das_work,1.0776033401489258,48258,17,1
1771540496.057336,66_0,66,das_work,3.4508843421936035,48258,17,1
1771540508.0470457,67_0,67,das_work,9.011168003082275,48258,18,1
1771540508.074867,66_0,66,das_work,9.8358416557312,48258,18,1
1771540520.037048,67_0,67,das_work,5.7594146728515625,48258,19,1
1771540520.041673,66_0,66,das_work,10.18690586090088,48258,19,1
1771540532.0558555,66_0,66,das_work,5.959244728088379,48258,20,1
1771540532.0752113,67_0,67,das_work,3.5092668533325195,48258,20,1
1771540544.0329945,66_0,66,das_work,3.0141425132751465,48258,21,1
1771540544.041995,67_0,67,das_work,2.7348344326019287,48258,21,1
1771540556.036308,66_0,66,das_work,6.4915406703948975,48258,22,1
1771540556.046246,67_0,67,das_work,3.1116161346435547,48258,22,1
1771540568.040665,66_0,66,das_work,4.992031097412109,48258,23,1
1771540568.0689964,67_0,67,das_work,2.075201988220215,48258,23,1
1771540580.034265,66_0,66,das_work,1.9221704006195068,48258,24,1
1771540580.041968,67_0,67,das_work,8.83323884010315,48258,24,1
1771540592.0272746,67_0,67,das_work,1.7758557796478271,48258,25,1
1771540592.0486443,66_0,66,das_work,2.176013708114624,48258,25,1
1771540604.0320835,66_0,66,das_work,9.348222732543944,48258,26,1
1771540604.035434,67_0,67,das_work,0.9057121276855468,48258,26,1
1771540616.036527,66_0,66,das_work,2.5119471549987797,48258,27,1
1771540616.045416,67_0,67,das_work,1.8255321979522705,48258,27,1
1771540628.0511014,66_0,66,das_work,5.958719968795776,48258,28,1
1771540628.0586789,67_0,67,das_work,5.845500469207764,48258,28,1
1771540640.034539,67_1,67,das_work,1.6135706901550293,48258,29,1
1771540640.057551,66_1,66,das_work,2.4845027923583984,48258,29,1
1771540652.0273442,66_1,66,das_work,1.611104965209961,48258,30,1
1771540652.035937,67_1,67,das_work,7.921344995498657,48258,30,1
1771540664.0323486,67_1,67,das_work,4.174408435821533,48258,31,1
1771540664.037788,66_1,66,das_work,9.141866445541382,48258,31,1
1771540676.0232956,66_1,66,das_work,1.8011581897735596,48258,32,1
1771540676.042408,67_1,67,das_work,5.665891647338867,48258,32,1
1771540688.0267737,66_1,66,das_work,6.0947887897491455,48258,33,1
1771540688.0281858,67_1,67,das_work,1.2030189037322998,48258,33,1
1771540700.0286994,66_1,66,das_work,7.084921360015869,48258,34,1
1771540700.044551,67_1,67,das_work,4.807539701461792,48258,34,1
1771540712.023065,66_1,66,das_work,4.3839428424835205,48258,35,1
1771540712.030785,67_1,67,das_work,7.349443197250366,48258,35,1
1771540724.0283186,67_1,67,das_work,6.710272312164307,48258,36,1
1771540724.0343723,66_1,66,das_work,8.424625396728516,48258,36,1
1771540736.028935,66_1,66,das_work,2.449810266494751,48258,37,1
1771540736.0443,67_1,67,das_work,2.183698892593384,48258,37,1
1771540748.014478,67_1,67,das_work,6.58653736114502,48258,38,1
1771540748.024432,66_1,66,das_work,4.8989691734313965,48258,38,1
1771540760.0168858,67_1,67,das_work,3.330208778381348,48258,39,1
1771540760.0509582,66_1,66,das_work,6.885085821151733,48258,39,1
1771540772.0221791,66_1,66,das_work,5.389261960983276,48258,40,1
1771540772.028049,67_1,67,das_work,0.8123481273651123,48258,40,1
1771540784.0132782,67_1,67,das_work,2.493481397628784,48258,41,1
1771540784.020579,66_1,66,das_work,6.298555135726929,48258,41,1
1771540796.0154345,66_1,66,das_work,2.1334004402160645,48258,42,1
1771540796.027871,67_1,67,das_work,6.697954893112183,48258,42,1
1771540808.0170236,66_1,66,das_work,5.702826261520386,48258,43,1
1771540808.0377276,67_1,67,das_work,3.2120919227600098,48258,43,1
1771540820.0197332,66_2,66,das_work,9.362256050109863,48258,44,1
1771540820.0346014,67_2,67,das_work,7.022486686706543,48258,44,1
1771540832.0234485,66_2,66,das_work,5.879742622375488,48258,45,1
1771540832.025496,67_2,67,das_work,3.9699339866638175,48258,45,1
1771540844.0283458,67_2,67,das_work,9.028855800628662,48258,46,1
1771540844.0367153,66_2,66,das_work,5.638913631439209,48258,46,1
1771540856.0183256,67_2,67,das_work,7.522148132324219,48258,47,1
1771540856.0265908,66_2,66,das_work,1.4736871719360352,48258,47,1
1771540868.0115006,66_2,66,das_work,9.978610754013062,48258,48,1
1771540868.041736,67_2,67,das_work,5.547512054443359,48258,48,1
1771540880.0132737,66_2,66,das_work,6.415877342224121,48258,49,1
1771540880.0423987,67_2,67,das_work,0.6490283012390137,48258,49,1
1771540892.014679,66_2,66,das_work,4.745704174041748,48258,50,1
1771540892.015171,67_2,67,das_work,8.12284517288208,48258,50,1
1771540904.0031247,66_2,66,das_work,4.449162244796753,48258,51,1
1771540904.04345,67_2,67,das_work,2.591235399246216,48258,51,1
1771540916.0210714,66_2,66,das_work,1.4754970073699951,48258,52,1
1771540916.0215764,67_2,67,das_work,5.349719047546387,48258,52,1
1771540928.019101,67_2,67,das_work,4.656479835510254,48258,53,1
1771540928.0198638,66_2,66,das_work,1.0709025859832764,48258,53,1
1771540940.0317323,66_2,66,das_work,8.21562671661377,48258,54,1
1771540940.0326216,67_2,67,das_work,5.058951377868652,48258,54,1
1771540952.0154808,67_2,67,das_work,5.291269063949585,48258,55,1
1771540952.0215364,66_2,66,das_work,6.8790504932403564,48258,55,1
1771540964.0162714,67_2,67,das_work,0.929750680923462,48258,56,1
1771540964.020003,66_2,66,das_work,1.744870901107788,48258,56,1
1771540976.003064,66_2,66,das_work,1.3886165618896484,48258,57,1
1771540976.0036666,67_2,67,das_work,6.181518316268921,48258,57,1
1771540987.9989855,67_2,67,das_work,7.507487535476685,48258,58,1
1771540988.039688,66_2,66,das_work,2.593469619750977,48258,58,1
1771541000.0163586,66_3,66,das_work,0.3650486469268799,48258,59,1
1771541000.034038,67_3,67,das_work,1.675208568572998,48258,59,1
1771541012.009249,66_3,66,das_work,8.757222890853882,48258,60,1
1771541012.0212438,67_3,67,das_work,2.291837215423584,48258,60,1
1771541023.999143,67_3,67,das_work,3.8637502193450928,48258,61,1
1771541023.9996436,66_3,66,das_work,7.515769720077515,48258,61,1
1771541036.001597,66_3,66,das_work,4.049668073654175,48258,62,1
1771541036.0321844,67_3,67,das_work,3.700794219970703,48258,62,1
1771541048.018807,66_3,66,das_work,0.1420423984527588,48258,63,1
1771541048.0193105,67_3,67,das_work,5.1313652992248535,48258,63,1
1771541060.003157,67_3,67,das_work,0.7991540431976318,48258,64,1
1771541060.0214756,66_3,66,das_work,5.126751184463501,48258,64,1
1771541071.9962776,67_3,67,das_work,8.95711064338684,48258,65,1
1771541072.0286598,66_3,66,das_work,4.123356819152832,48258,65,1
1771541084.001936,66_3,66,das_work,5.859125852584839,48258,66,1
1771541084.0148838,67_3,67,das_work,9.02041745185852,48258,66,1
1771541095.9904556,66_3,66,das_work,5.35949182510376,48258,67,1
1771541095.9910922,67_3,67,das_work,5.3645970821380615,48258,67,1
1771541108.001584,67_3,67,das_work,3.1047725677490234,48258,68,1
1771541108.0191174,66_3,66,das_work,9.530689239501951,48258,68,1
1771541120.001093,67_3,67,das_work,3.759442567825317,48258,69,1
1771541120.0161295,66_3,66,das_work,1.7192769050598145,48258,69,1
1771541132.0033584,67_3,67,das_work,0.6231057643890381,48258,70,1
1771541132.0063171,66_3,66,das_work,1.6719138622283936,48258,70,1
1771541143.990949,67_3,67,das_work,4.344502210617065,48258,71,1
1771541144.004614,66_3,66,das_work,6.884578704833984,48258,71,1
1771541155.9898064,66_3,66,das_work,6.217197895050049,48258,72,1
1771541156.0122442,67_3,67,das_work,0.4452967643737793,48258,72,1
1771541167.9874406,67_3,67,das_work,1.694061040878296,48258,73,1
1771541168.0247486,66_3,66,das_work,5.231585741043091,48258,73,1
1771541179.9883146,66_4,66,das_work,2.1382951736450195,48258,74,1
1771541179.9888723,67_4,67,das_work,7.543711423873901,48258,74,1
1771541191.9948652,67_4,67,das_work,7.787760019302368,48258,75,1
1771541191.9974415,66_4,66,das_work,8.108601570129395,48258,75,1
1771541203.992295,67_4,67,das_work,5.877785444259644,48258,76,1
1771541203.9947443,66_4,66,das_work,8.622031688690186,48258,76,1
1771541215.9885228,67_4,67,das_work,2.4047579765319824,48258,77,1
1771541216.0203855,66_4,66,das_work,9.721242904663086,48258,77,1
1771541228.0283737,66_4,66,das_work,6.079620838165283,48258,78,1
1771541228.0372825,67_4,67,das_work,5.24615478515625,48258,78,1
1771541239.9973168,67_4,67,das_work,0.5867013931274414,48258,79,1
1771541240.0207827,66_4,66,das_work,1.3629777431488037,48258,79,1
1771541251.9868524,66_4,66,das_work,7.459873199462891,48258,80,1
1771541251.9917524,67_4,67,das_work,6.756540536880493,48258,80,1
1771541263.976835,67_4,67,das_work,2.121562957763672,48258,81,1
1771541263.9925325,66_4,66,das_work,0.5629153251647949,48258,81,1
1771541275.980008,67_4,67,das_work,3.757051706314087,48258,82,1
1771541275.9893365,66_4,66,das_work,2.4918975830078125,48258,82,1
1771541288.0091543,67_4,67,das_work,3.582940101623535,48258,83,1
1771541288.0142314,66_4,66,das_work,7.831429004669189,48258,83,1
1771541299.9768665,66_4,66,das_work,5.605097770690918,48258,84,1
1771541300.005227,67_4,67,das_work,6.87919282913208,48258,84,1
1771541311.9605827,67_4,67,das_work,8.49904990196228,48258,85,1
1771541311.9612086,66_4,66,das_work,8.083836555480957,48258,85,1
1771541323.9507422,67_4,67,das_work,9.23668122291565,48258,86,1
1771541323.9523606,66_4,66,das_work,2.711613178253174,48258,86,1
1771541335.970527,67_4,67,das_work,3.401807308197021,48258,87,1
1771541335.983971,66_4,66,das_work,9.734938383102415,48258,87,1
1771541347.9877973,66_4,66,das_work,5.262909173965454,48258,88,1
1771541347.9886582,67_4,67,das_work,9.975630283355711,48258,88,1
1771540448.0300646,68_0,68,das_work,1.1674189567565918,48258,13,1
1771540460.0498865,69_0,69,das_work,3.5049874782562256,48258,14,1
1771540460.0671787,68_0,68,das_work,8.706208229064941,48258,14,1
1771540472.0352893,69_0,69,das_work,9.685081958770752,48258,15,1
1771540472.0426767,68_0,68,das_work,2.522400379180908,48258,15,1
1771540484.0406067,69_0,69,das_work,7.896276235580444,48258,16,1
1771540484.0516825,68_0,68,das_work,1.8787684440612795,48258,16,1
1771540496.0491824,68_0,68,das_work,2.812268018722534,48258,17,1
1771540496.057528,69_0,69,das_work,6.178943872451782,48258,17,1
1771540508.0362833,69_0,69,das_work,7.109575271606445,48258,18,1
1771540508.0495422,68_0,68,das_work,2.8959758281707764,48258,18,1
1771540520.0317686,69_0,69,das_work,7.331567287445068,48258,19,1
1771540520.057098,68_0,68,das_work,3.511016607284546,48258,19,1
1771540532.045045,68_0,68,das_work,2.321758508682251,48258,20,1
1771540532.069862,69_0,69,das_work,2.892832040786743,48258,20,1
1771540544.0443785,68_0,68,das_work,2.9058687686920166,48258,21,1
1771540544.0582266,69_0,69,das_work,3.60530424118042,48258,21,1
1771540556.0388846,69_0,69,das_work,4.584941864013672,48258,22,1
1771540556.0416996,68_0,68,das_work,7.312965631484985,48258,22,1
1771540568.0328066,69_0,69,das_work,1.302588939666748,48258,23,1
1771540568.048066,68_0,68,das_work,3.611352682113648,48258,23,1
1771540580.0325232,69_0,69,das_work,9.560336112976074,48258,24,1
1771540580.058159,68_0,68,das_work,1.8799800872802732,48258,24,1
1771540592.034681,68_0,68,das_work,8.359838724136353,48258,25,1
1771540592.051604,69_0,69,das_work,3.0948705673217773,48258,25,1
1771540604.0419288,68_0,68,das_work,9.838605403900146,48258,26,1
1771540604.0548725,69_0,69,das_work,7.38474178314209,48258,26,1
1771540616.041844,68_0,68,das_work,9.268115997314451,48258,27,1
1771540616.07147,69_0,69,das_work,3.4036688804626465,48258,27,1
1771540628.0309842,69_0,69,das_work,2.940765380859375,48258,28,1
1771540628.044037,68_1,68,das_work,3.229669570922852,48258,28,1
1771540640.0409193,68_1,68,das_work,3.1533663272857666,48258,29,1
1771540640.042826,69_1,69,das_work,9.331947088241575,48258,29,1
1771540652.027686,69_1,69,das_work,3.650665044784546,48258,30,1
1771540652.039397,68_1,68,das_work,3.833761215209961,48258,30,1
1771540664.0369606,69_1,69,das_work,9.484629154205322,48258,31,1
1771540664.039088,68_1,68,das_work,7.313431739807129,48258,31,1
1771540676.0220528,69_1,69,das_work,3.230629205703736,48258,32,1
1771540676.0464587,68_1,68,das_work,2.791876792907715,48258,32,1
1771540688.0234604,69_1,69,das_work,7.97710657119751,48258,33,1
1771540688.031752,68_1,68,das_work,7.668484687805176,48258,33,1
1771540700.0311427,68_1,68,das_work,4.778110265731812,48258,34,1
1771540700.064682,69_1,69,das_work,2.8947384357452397,48258,34,1
1771540712.0292523,68_1,68,das_work,1.816554307937622,48258,35,1
1771540712.0298588,69_1,69,das_work,0.2665178775787353,48258,35,1
1771540724.047004,69_1,69,das_work,8.0310640335083,48258,36,1
1771540724.0613954,68_1,68,das_work,6.973415851593018,48258,36,1
1771540736.0168617,68_1,68,das_work,4.773292303085327,48258,37,1
1771540736.059683,69_1,69,das_work,2.790336847305298,48258,37,1
1771540748.0175333,69_1,69,das_work,8.114627122879028,48258,38,1
1771540748.018463,68_1,68,das_work,5.679570913314819,48258,38,1
1771540760.0196898,69_1,69,das_work,1.019577980041504,48258,39,1
1771540760.0233276,68_1,68,das_work,8.955684185028076,48258,39,1
1771540772.0164104,68_1,68,das_work,1.4725711345672607,48258,40,1
1771540772.029571,69_1,69,das_work,3.873405933380127,48258,40,1
1771540784.0154543,68_1,68,das_work,0.2998795509338379,48258,41,1
1771540784.0492628,69_1,69,das_work,2.0732641220092773,48258,41,1
1771540796.0150704,68_1,68,das_work,8.06114387512207,48258,42,1
1771540796.018856,69_1,69,das_work,7.244744777679443,48258,42,1
1771540808.0331454,69_1,69,das_work,2.8268542289733887,48258,43,1
1771540808.0336902,68_2,68,das_work,8.738754272460938,48258,43,1
1771540820.0208786,68_2,68,das_work,7.49437403678894,48258,44,1
1771540820.035467,69_2,69,das_work,3.7189066410064697,48258,44,1
1771540832.017732,69_2,69,das_work,2.635666608810425,48258,45,1
1771540832.0232427,68_2,68,das_work,7.02839207649231,48258,45,1
1771540844.0128367,69_2,69,das_work,7.086472034454346,48258,46,1
1771540844.027013,68_2,68,das_work,5.188679933547974,48258,46,1
1771540856.0118396,69_2,69,das_work,7.732515811920166,48258,47,1
1771540856.0151248,68_2,68,das_work,1.0904579162597656,48258,47,1
1771540868.0078037,69_2,69,das_work,8.27370810508728,48258,48,1
1771540868.0101025,68_2,68,das_work,8.385698556900024,48258,48,1
1771540880.0111008,68_2,68,das_work,3.766535520553589,48258,49,1
1771540880.046376,69_2,69,das_work,6.472637176513672,48258,49,1
1771540892.0048423,68_2,68,das_work,4.262566089630127,48258,50,1
1771540892.047216,69_2,69,das_work,8.29767656326294,48258,50,1
1771540904.0105996,68_2,68,das_work,1.915135145187378,48258,51,1
1771540904.0168035,69_2,69,das_work,2.6930928230285645,48258,51,1
1771540916.0042686,69_2,69,das_work,6.016433000564575,48258,52,1
1771540916.0155065,68_2,68,das_work,0.8996984958648682,48258,52,1
1771540928.0169106,68_2,68,das_work,0.8701446056365967,48258,53,1
1771540928.020424,69_2,69,das_work,4.653805255889893,48258,53,1
1771540940.0186808,68_2,68,das_work,3.338964462280273,48258,54,1
1771540940.026153,69_2,69,das_work,4.52855396270752,48258,54,1
1771540952.0180745,68_2,68,das_work,3.413804054260254,48258,55,1
1771540952.0205023,69_2,69,das_work,8.307764053344727,48258,55,1
1771540964.007248,69_2,69,das_work,7.457742691040039,48258,56,1
1771540964.010442,68_2,68,das_work,8.581058025360107,48258,56,1
1771540976.0039804,68_2,68,das_work,7.022716522216797,48258,57,1
1771540976.0096283,69_2,69,das_work,7.695458173751831,48258,57,1
1771540988.000606,68_3,68,das_work,3.969137668609619,48258,58,1
1771540988.0286477,69_2,69,das_work,6.359224796295166,48258,58,1
1771541000.0211456,69_3,69,das_work,1.5993177890777588,48258,59,1
1771541000.0260415,68_3,68,das_work,7.291062593460083,48258,59,1
1771541011.9958143,68_3,68,das_work,8.560184478759766,48258,60,1
1771541012.003622,69_3,69,das_work,9.55553126335144,48258,60,1
1771541024.0021603,69_3,69,das_work,6.128994941711426,48258,61,1
1771541024.010184,68_3,68,das_work,9.95031476020813,48258,61,1
1771541035.9961286,69_3,69,das_work,5.197679758071899,48258,62,1
1771541035.9994953,68_3,68,das_work,3.332150936126709,48258,62,1
1771541048.0320358,68_3,68,das_work,7.093853950500488,48258,63,1
1771541048.0322552,69_3,69,das_work,5.359686851501465,48258,63,1
1771541059.9917126,68_3,68,das_work,3.2083568572998047,48258,64,1
1771541060.0106945,69_3,69,das_work,1.5675938129425049,48258,64,1
1771541071.9888606,69_3,69,das_work,3.668176889419556,48258,65,1
1771541072.0058386,68_3,68,das_work,5.4970033168792725,48258,65,1
1771541083.9921055,69_3,69,das_work,1.162776231765747,48258,66,1
1771541084.0073023,68_3,68,das_work,8.14370059967041,48258,66,1
1771541095.991141,68_3,68,das_work,8.978160381317139,48258,67,1
1771541095.9925156,69_3,69,das_work,8.273149013519287,48258,67,1
1771541108.0044892,69_3,69,das_work,2.665205717086792,48258,68,1
1771541108.0174582,68_3,68,das_work,5.4658825397491455,48258,68,1
1771541119.9957323,69_3,69,das_work,1.7261168956756592,48258,69,1
1771541119.9998066,68_3,68,das_work,2.9061686992645264,48258,69,1
1771541131.991536,68_3,68,das_work,8.938581228256226,48258,70,1
1771541131.9964604,69_3,69,das_work,2.304934501647949,48258,70,1
1771541143.9866617,68_3,68,das_work,5.702914714813232,48258,71,1
1771541144.022121,69_3,69,das_work,6.262383222579956,48258,71,1
1771541155.9983428,68_3,68,das_work,7.718180418014526,48258,72,1
1771541156.009041,69_3,69,das_work,1.3674743175506592,48258,72,1
1771541167.9860334,68_4,68,das_work,3.14994215965271,48258,73,1
1771541167.9899807,69_3,69,das_work,3.940885543823242,48258,73,1
1771541179.986169,68_4,68,das_work,5.803742170333862,48258,74,1
1771541179.9966009,69_4,69,das_work,8.84812331199646,48258,74,1
1771541191.977576,69_4,69,das_work,3.754674911499024,48258,75,1
1771541191.9961002,68_4,68,das_work,1.888380527496338,48258,75,1
1771541203.9987807,68_4,68,das_work,2.999008655548096,48258,76,1
1771541204.0184946,69_4,69,das_work,8.603904485702515,48258,76,1
1771541215.9783618,69_4,69,das_work,3.2034926414489746,48258,77,1
1771541215.9870317,68_4,68,das_work,7.420059680938721,48258,77,1
1771541228.0242822,68_4,68,das_work,5.284156799316406,48258,78,1
1771541228.0386777,69_4,69,das_work,6.5831708908081055,48258,78,1
1771541240.0026634,69_4,69,das_work,4.435503244400024,48258,79,1
1771541240.0034533,68_4,68,das_work,1.373908519744873,48258,79,1
1771541251.9744346,68_4,68,das_work,7.6960179805755615,48258,80,1
1771541252.0109415,69_4,69,das_work,1.8712694644927976,48258,80,1
1771541263.982,69_4,69,das_work,0.8062036037445068,48258,81,1
1771541263.9912958,68_4,68,das_work,3.924444913864136,48258,81,1
1771541275.978019,69_4,69,das_work,3.647806644439697,48258,82,1
1771541275.9972248,68_4,68,das_work,7.996362209320068,48258,82,1
1771541288.0027878,68_4,68,das_work,9.022112607955933,48258,83,1
1771541288.0088308,69_4,69,das_work,4.158449411392212,48258,83,1
1771541299.9676712,69_4,69,das_work,2.433133602142334,48258,84,1
1771541299.9812062,68_4,68,das_work,5.145819664001465,48258,84,1
1771541311.9940765,69_4,69,das_work,3.110668182373047,48258,85,1
1771541311.9946156,68_4,68,das_work,1.9914536476135252,48258,85,1
1771541323.9471855,69_4,69,das_work,8.717180728912354,48258,86,1
1771541324.003682,68_4,68,das_work,5.649961233139038,48258,86,1
1771541335.9370532,69_4,69,das_work,1.1602699756622314,48258,87,1
1771541335.9509122,68_4,68,das_work,4.723773241043091,48258,87,1
1771541347.991007,69_4,69,das_work,8.40854263305664,48258,88,1
1771540460.0318563,71_0,71,das_work,0.5801699161529541,48258,14,1
1771540460.0726955,70_0,70,das_work,11.885251760482788,48258,14,1
1771540472.0352747,70_0,70,das_work,7.741037845611572,48258,15,1
1771540472.049203,71_0,71,das_work,3.1148006916046143,48258,15,1
1771540484.0464883,70_0,70,das_work,1.48683762550354,48258,16,1
1771540484.047757,71_0,71,das_work,8.621147871017456,48258,16,1
1771540496.0562534,71_0,71,das_work,6.360910892486572,48258,17,1
1771540496.05703,70_0,70,das_work,5.9511778354644775,48258,17,1
1771540508.0407145,71_0,71,das_work,6.911745548248291,48258,18,1
1771540508.059378,70_0,70,das_work,7.585935115814209,48258,18,1
1771540520.036827,71_0,71,das_work,5.9619104862213135,48258,19,1
1771540520.053121,70_0,70,das_work,6.268375396728516,48258,19,1
1771540532.0458744,71_0,71,das_work,3.742067575454712,48258,20,1
1771540532.075153,70_0,70,das_work,5.646537065505981,48258,20,1
1771540544.0405464,70_0,70,das_work,3.4264278411865234,48258,21,1
1771540544.0500393,71_0,71,das_work,9.064790725708008,48258,21,1
1771540556.031819,70_0,70,das_work,0.56138014793396,48258,22,1
1771540556.069304,71_0,71,das_work,2.386573314666748,48258,22,1
1771540568.0657375,71_0,71,das_work,6.467592716217041,48258,23,1
1771540568.069976,70_0,70,das_work,7.672763347625732,48258,23,1
1771540580.04445,70_0,70,das_work,4.436820030212402,48258,24,1
1771540580.0458117,71_0,71,das_work,7.687175273895264,48258,24,1
1771540592.034424,70_0,70,das_work,6.118842601776123,48258,25,1
1771540592.042968,71_0,71,das_work,9.020156621932983,48258,25,1
1771540604.03065,71_0,71,das_work,5.591662883758545,48258,26,1
1771540604.0523016,70_0,70,das_work,1.257779598236084,48258,26,1
1771540616.0322022,71_0,71,das_work,2.585853576660156,48258,27,1
1771540616.063236,70_0,70,das_work,6.672689437866211,48258,27,1
1771540628.0565424,71_0,71,das_work,8.086284875869751,48258,28,1
1771540628.0665357,70_0,70,das_work,3.6022512912750244,48258,28,1
1771540640.02631,70_1,70,das_work,3.12499475479126,48258,29,1
1771540640.0309875,71_1,71,das_work,4.75528621673584,48258,29,1
1771540652.0335765,71_1,71,das_work,2.151315927505493,48258,30,1
1771540652.0466237,70_1,70,das_work,8.092822074890137,48258,30,1
1771540664.02209,70_1,70,das_work,4.435924530029297,48258,31,1
1771540664.052865,71_1,71,das_work,6.767839193344116,48258,31,1
1771540676.0251122,70_1,70,das_work,7.229850053787231,48258,32,1
1771540676.0421546,71_1,71,das_work,2.3926820755004883,48258,32,1
1771540688.019234,71_1,71,das_work,1.3320562839508057,48258,33,1
1771540688.0435717,70_1,70,das_work,5.356835603713989,48258,33,1
1771540700.030831,71_1,71,das_work,9.33358073234558,48258,34,1
1771540700.0498228,70_1,70,das_work,10.112957239151,48258,34,1
1771540712.016886,70_1,70,das_work,4.901087284088135,48258,35,1
1771540712.0190618,71_1,71,das_work,4.881889820098877,48258,35,1
1771540724.0281932,71_1,71,das_work,9.317877292633057,48258,36,1
1771540724.0293229,70_1,70,das_work,5.64366602897644,48258,36,1
1771540736.0354457,70_1,70,das_work,2.2821946144104004,48258,37,1
1771540736.0468645,71_1,71,das_work,7.274331569671631,48258,37,1
1771540748.0341814,71_1,71,das_work,8.004523038864136,48258,38,1
1771540748.0402465,70_1,70,das_work,4.018666505813599,48258,38,1
1771540760.0203016,70_1,70,das_work,8.865174293518066,48258,39,1
1771540760.0351188,71_1,71,das_work,9.539040803909302,48258,39,1
1771540772.0181696,71_1,71,das_work,2.933677673339844,48258,40,1
1771540772.0421774,70_1,70,das_work,2.998990535736084,48258,40,1
1771540784.012393,71_1,71,das_work,4.742414712905884,48258,41,1
1771540784.0187554,70_1,70,das_work,4.073338985443115,48258,41,1
1771540796.018363,71_1,71,das_work,8.761220455169678,48258,42,1
1771540796.056868,70_1,70,das_work,3.097620725631714,48258,42,1
1771540808.0138955,70_1,70,das_work,5.667238235473633,48258,43,1
1771540808.01743,71_1,71,das_work,2.6343765258789062,48258,43,1
1771540820.0171874,71_2,71,das_work,9.781422138214111,48258,44,1
1771540820.0214806,70_2,70,das_work,6.613366365432739,48258,44,1
1771540832.032066,70_2,70,das_work,7.899228811264038,48258,45,1
1771540832.049587,71_2,71,das_work,7.590411424636841,48258,45,1
1771540844.016224,70_2,70,das_work,6.911495923995972,48258,46,1
1771540844.051493,71_2,71,das_work,5.442558765411377,48258,46,1
1771540856.009079,71_2,71,das_work,7.484582901000977,48258,47,1
1771540856.0153255,70_2,70,das_work,1.42266583442688,48258,47,1
1771540868.0180254,70_2,70,das_work,4.138413190841675,48258,48,1
1771540868.0406718,71_2,71,das_work,1.6807334423065186,48258,48,1
1771540880.006515,70_2,70,das_work,4.248102903366089,48258,49,1
1771540880.0230844,71_2,71,das_work,2.997421741485596,48258,49,1
1771540892.011161,70_2,70,das_work,3.5723869800567627,48258,50,1
1771540892.0130928,71_2,71,das_work,3.978523015975952,48258,50,1
1771540904.0139985,71_2,71,das_work,3.3049683570861816,48258,51,1
1771540904.020332,70_2,70,das_work,2.0916616916656494,48258,51,1
1771540916.011718,70_2,70,das_work,4.194040536880493,48258,52,1
1771540916.012872,71_2,71,das_work,7.359261751174927,48258,52,1
1771540928.0012856,71_2,71,das_work,7.545942306518555,48258,53,1
1771540928.0208468,70_2,70,das_work,1.0613722801208496,48258,53,1
1771540940.013732,71_2,71,das_work,2.539568901062012,48258,54,1
1771540940.015843,70_2,70,das_work,9.638916015625,48258,54,1
1771540952.003898,71_2,71,das_work,2.9356799125671387,48258,55,1
1771540952.0148938,70_2,70,das_work,3.666261911392212,48258,55,1
1771540964.0098734,70_2,70,das_work,7.218335151672363,48258,56,1
1771540964.019076,71_2,71,das_work,5.77252721786499,48258,56,1
1771540976.005381,70_2,70,das_work,5.451500177383423,48258,57,1
1771540976.0080135,71_2,71,das_work,1.908290147781372,48258,57,1
1771540988.0071476,71_2,71,das_work,4.6655824184417725,48258,58,1
1771540988.0403805,70_2,70,das_work,2.4863314628601074,48258,58,1
1771541000.0023742,71_3,71,das_work,7.482350349426269,48258,59,1
1771541000.0081053,70_3,70,das_work,1.093400478363037,48258,59,1
1771541012.0022824,71_3,71,das_work,1.366661787033081,48258,60,1
1771541012.0110683,70_3,70,das_work,8.777410984039307,48258,60,1
1771541024.0094516,71_3,71,das_work,6.416626691818237,48258,61,1
1771541024.010017,70_3,70,das_work,9.022000789642334,48258,61,1
1771541036.0054617,70_3,70,das_work,2.414547681808472,48258,62,1
1771541036.0107872,71_3,71,das_work,9.728330373764038,48258,62,1
1771541048.002154,70_3,70,das_work,4.810368537902832,48258,63,1
1771541048.0067406,71_3,71,das_work,9.197919607162476,48258,63,1
1771541059.995707,71_3,71,das_work,4.429673671722412,48258,64,1
1771541060.0216951,70_3,70,das_work,6.65507960319519,48258,64,1
1771541071.9892197,71_3,71,das_work,5.605790138244629,48258,65,1
1771541071.9902172,70_3,70,das_work,2.100803136825561,48258,65,1
1771541083.991145,70_3,70,das_work,6.716497659683228,48258,66,1
1771541083.99421,71_3,71,das_work,2.623991012573242,48258,66,1
1771541096.0202932,70_3,70,das_work,5.771294116973877,48258,67,1
1771541096.021304,71_3,71,das_work,5.486764430999756,48258,67,1
1771541107.9892638,70_3,70,das_work,0.6562831401824951,48258,68,1
1771541108.018795,71_3,71,das_work,5.956653833389282,48258,68,1
1771541119.9955516,71_3,71,das_work,1.818664789199829,48258,69,1
1771541119.9982193,70_3,70,das_work,9.393408298492432,48258,69,1
1771541131.9894795,71_3,71,das_work,5.9752490520477295,48258,70,1
1771541132.005941,70_3,70,das_work,4.732834577560425,48258,70,1
1771541143.9856029,70_3,70,das_work,8.70975375175476,48258,71,1
1771541143.9868608,71_3,71,das_work,9.61825156211853,48258,71,1
1771541156.021801,70_3,70,das_work,3.433734178543091,48258,72,1
1771541156.0223105,71_3,71,das_work,3.6332597732543945,48258,72,1
1771541168.0044165,71_3,71,das_work,7.809109926223755,48258,73,1
1771541168.007918,70_3,70,das_work,3.407280445098877,48258,73,1
1771541179.9961128,70_4,70,das_work,8.558647394180298,48258,74,1
1771541179.9991653,71_4,71,das_work,5.670111417770386,48258,74,1
1771541192.0191112,70_4,70,das_work,3.210858106613159,48258,75,1
1771541192.021708,71_4,71,das_work,8.521140575408936,48258,75,1
1771541203.9862876,70_4,70,das_work,8.543728828430176,48258,76,1
1771541204.015115,71_4,71,das_work,6.8870134353637695,48258,76,1
1771541215.9771411,70_4,70,das_work,8.423617124557495,48258,77,1
1771541215.994113,71_4,71,das_work,6.149734973907471,48258,77,1
1771541228.0351562,70_4,70,das_work,9.41473650932312,48258,78,1
1771541228.040589,71_4,71,das_work,5.347375869750977,48258,78,1
1771541239.9926546,70_4,70,das_work,3.5235788822174072,48258,79,1
1771541240.020948,71_4,71,das_work,8.796658515930176,48258,79,1
1771541251.9765291,71_4,71,das_work,3.10599136352539,48258,80,1
1771541251.9800546,70_4,70,das_work,7.484380722045898,48258,80,1
1771541263.9921446,70_4,70,das_work,6.187382221221924,48258,81,1
1771541263.9928474,71_4,71,das_work,6.376156806945801,48258,81,1
1771541275.9890618,71_4,71,das_work,1.1664061546325684,48258,82,1
1771541275.9896376,70_4,70,das_work,6.88680100440979,48258,82,1
1771541288.0128584,71_4,71,das_work,1.4075748920440674,48258,83,1
1771541288.023465,70_4,70,das_work,1.7776691913604736,48258,83,1
1771541299.9818895,71_4,71,das_work,2.790706157684326,48258,84,1
1771541300.006216,70_4,70,das_work,5.956477880477905,48258,84,1
1771541311.9516938,71_4,71,das_work,2.295943021774292,48258,85,1
1771541311.9830844,70_4,70,das_work,3.2110397815704346,48258,85,1
1771541323.9530542,71_4,71,das_work,3.220455408096313,48258,86,1
1771541323.953555,70_4,70,das_work,8.113514423370361,48258,86,1
1771541335.9355388,71_4,71,das_work,7.695076942443848,48258,87,1
1771541335.9952052,70_4,70,das_work,3.6046180725097656,48258,87,1
1771541347.971717,70_4,70,das_work,9.882320880889893,48258,88,1
1771541347.9725895,71_4,71,das_work,6.311289548873901,48258,88,1
1771540448.0736988,72_0,72,das_work,0.9642763137817384,48258,13,1
1771540460.0429635,72_0,72,das_work,5.745968818664551,48258,14,1
1771540460.0673742,73_0,73,das_work,8.70238709449768,48258,14,1
1771540472.0321612,72_0,72,das_work,9.097880125045776,48258,15,1
1771540472.0419576,73_0,73,das_work,9.006623983383179,48258,15,1
1771540484.048403,72_0,72,das_work,8.422723054885864,48258,16,1
1771540484.055837,73_0,73,das_work,6.715712785720825,48258,16,1
1771540496.0596085,72_0,72,das_work,4.070760011672974,48258,17,1
1771540496.066816,73_0,73,das_work,9.119874000549316,48258,17,1
1771540508.0472572,72_0,72,das_work,9.243610858917236,48258,18,1
1771540508.047415,73_0,73,das_work,1.2892141342163086,48258,18,1
1771540520.0384188,72_0,72,das_work,2.223747730255127,48258,19,1
1771540520.0498743,73_0,73,das_work,7.688959836959839,48258,19,1
1771540532.0458982,72_0,72,das_work,4.447569847106934,48258,20,1
1771540532.0637877,73_0,73,das_work,6.035036087036133,48258,20,1
1771540544.04612,72_0,72,das_work,2.692387819290161,48258,21,1
1771540544.048698,73_0,73,das_work,8.926682472229004,48258,21,1
1771540556.035329,72_0,72,das_work,4.474716663360596,48258,22,1
1771540556.061034,73_0,73,das_work,2.487089872360229,48258,22,1
1771540568.031176,72_0,72,das_work,3.2241828441619877,48258,23,1
1771540568.0746157,73_0,73,das_work,8.192556619644165,48258,23,1
1771540580.0427032,73_0,73,das_work,9.017210960388184,48258,24,1
1771540580.062348,72_0,72,das_work,7.077674627304077,48258,24,1
1771540592.0402253,73_0,73,das_work,4.283296346664429,48258,25,1
1771540592.0471067,72_0,72,das_work,9.536555767059326,48258,25,1
1771540604.031764,72_0,72,das_work,6.132238149642944,48258,26,1
1771540604.0367591,73_0,73,das_work,9.298496723175049,48258,26,1
1771540616.0460515,73_0,73,das_work,7.509418964385986,48258,27,1
1771540616.0652764,72_0,72,das_work,7.378111839294434,48258,27,1
1771540628.0316343,72_1,72,das_work,6.5128092765808105,48258,28,1
1771540628.0399034,73_0,73,das_work,3.826550245285034,48258,28,1
1771540640.0313404,73_1,73,das_work,6.083203077316284,48258,29,1
1771540640.0669205,72_1,72,das_work,2.8964314460754395,48258,29,1
1771540652.0317826,72_1,72,das_work,4.875015258789063,48258,30,1
1771540652.0577796,73_1,73,das_work,7.693976879119873,48258,30,1
1771540664.032495,73_1,73,das_work,0.9072089195251464,48258,31,1
1771540664.0541022,72_1,72,das_work,7.689167499542236,48258,31,1
1771540676.0330195,73_1,73,das_work,2.001131534576416,48258,32,1
1771540676.0475776,72_1,72,das_work,7.390868186950684,48258,32,1
1771540688.0259356,72_1,72,das_work,4.064601898193359,48258,33,1
1771540688.0582871,73_1,73,das_work,1.370980978012085,48258,33,1
1771540700.0266447,73_1,73,das_work,3.0554914474487305,48258,34,1
1771540700.0272346,72_1,72,das_work,7.341165542602539,48258,34,1
1771540712.0416565,72_1,72,das_work,1.8807356357574463,48258,35,1
1771540712.0423996,73_1,73,das_work,9.500584840774536,48258,35,1
1771540724.0588305,72_1,72,das_work,6.156646251678467,48258,36,1
1771540724.0616612,73_1,73,das_work,5.437257289886475,48258,36,1
1771540736.0211835,72_1,72,das_work,2.5387866497039795,48258,37,1
1771540736.0235434,73_1,73,das_work,2.744501829147339,48258,37,1
1771540748.0193973,72_1,72,das_work,6.607008457183838,48258,38,1
1771540748.0413642,73_1,73,das_work,3.613893985748291,48258,38,1
1771540760.0267494,73_1,73,das_work,1.604111671447754,48258,39,1
1771540760.0530913,72_1,72,das_work,5.129377841949463,48258,39,1
1771540772.0203326,72_1,72,das_work,8.568372249603271,48258,40,1
1771540772.0517025,73_1,73,das_work,3.3025143146514893,48258,40,1
1771540784.032386,73_1,73,das_work,7.794083118438721,48258,41,1
1771540784.0341475,72_1,72,das_work,6.272169351577759,48258,41,1
1771540796.014186,73_1,73,das_work,5.181524991989136,48258,42,1
1771540796.0364196,72_1,72,das_work,5.546709060668945,48258,42,1
1771540808.0159316,73_1,73,das_work,2.948570489883423,48258,43,1
1771540808.028327,72_2,72,das_work,1.6814124584197998,48258,43,1
1771540820.018314,72_2,72,das_work,1.8937807083129885,48258,44,1
1771540820.0328908,73_2,73,das_work,4.885590314865112,48258,44,1
1771540832.025308,72_2,72,das_work,7.401432514190674,48258,45,1
1771540832.0461056,73_2,73,das_work,2.4978511333465576,48258,45,1
1771540844.014691,72_2,72,das_work,4.746814012527466,48258,46,1
1771540844.0270853,73_2,73,das_work,9.422804355621338,48258,46,1
1771540856.020446,72_2,72,das_work,9.23454761505127,48258,47,1
1771540856.0343697,73_2,73,das_work,0.9550542831420898,48258,47,1
1771540868.0050542,73_2,73,das_work,3.933054447174072,48258,48,1
1771540868.0414324,72_2,72,das_work,3.919756174087525,48258,48,1
1771540880.0183637,73_2,73,das_work,6.309573650360107,48258,49,1
1771540880.0219724,72_2,72,das_work,8.466593980789185,48258,49,1
1771540892.0028193,73_2,73,das_work,5.653125286102295,48258,50,1
1771540892.0301118,72_2,72,das_work,5.5607383251190186,48258,50,1
1771540904.0039604,72_2,72,das_work,2.839698076248169,48258,51,1
1771540904.0074563,73_2,73,das_work,2.131915330886841,48258,51,1
1771540916.0222137,72_2,72,das_work,1.9879472255706787,48258,52,1
1771540916.0227833,73_2,73,das_work,6.388699769973755,48258,52,1
1771540928.0028386,72_2,72,das_work,2.822784900665283,48258,53,1
1771540928.0215218,73_2,73,das_work,4.849356174468994,48258,53,1
1771540940.0037591,72_2,72,das_work,8.315525770187378,48258,54,1
1771540940.0047235,73_2,73,das_work,5.384079694747925,48258,54,1
1771540952.0157866,73_2,73,das_work,9.442447185516356,48258,55,1
1771540952.020812,72_2,72,das_work,4.025403261184692,48258,55,1
1771540964.0159671,73_2,73,das_work,8.955008268356323,48258,56,1
1771540964.0288792,72_2,72,das_work,8.197693586349487,48258,56,1
1771540976.0079286,73_2,73,das_work,5.6695716381073,48258,57,1
1771540976.0097086,72_2,72,das_work,2.229353904724121,48258,57,1
1771540988.0016797,73_2,73,das_work,5.673478126525879,48258,58,1
1771540988.0346973,72_3,72,das_work,2.5906496047973637,48258,58,1
1771541000.0039034,73_3,73,das_work,4.057070016860962,48258,59,1
1771541000.0099146,72_3,72,das_work,8.418320178985596,48258,59,1
1771541012.0135531,72_3,72,das_work,3.681133508682251,48258,60,1
1771541012.0217774,73_3,73,das_work,8.81397533416748,48258,60,1
1771541023.9944825,73_3,73,das_work,2.7078604698181152,48258,61,1
1771541024.007521,72_3,72,das_work,3.8543779850006095,48258,61,1
1771541036.0058572,73_3,73,das_work,7.699528694152832,48258,62,1
1771541036.0354369,72_3,72,das_work,9.729031085968018,48258,62,1
1771541047.991626,73_3,73,das_work,8.825489521026611,48258,63,1
1771541047.9941237,72_3,72,das_work,10.1838858127594,48258,63,1
1771541059.9920824,72_3,72,das_work,4.224905967712402,48258,64,1
1771541059.9975638,73_3,73,das_work,3.868628025054932,48258,64,1
1771541071.9958644,72_3,72,das_work,6.099644422531128,48258,65,1
1771541072.0006046,73_3,73,das_work,8.819682598114014,48258,65,1
1771541084.0146985,72_3,72,das_work,4.330642461776733,48258,66,1
1771541084.0295353,73_3,73,das_work,6.160504579544067,48258,66,1
1771541096.009971,73_3,73,das_work,8.950021266937256,48258,67,1
1771541096.0131938,72_3,72,das_work,8.933561325073242,48258,67,1
1771541107.9958282,72_3,72,das_work,3.848371982574463,48258,68,1
1771541108.0253663,73_3,73,das_work,6.561932563781738,48258,68,1
1771541119.992049,73_3,73,das_work,6.823318243026733,48258,69,1
1771541120.0013876,72_3,72,das_work,7.304002046585083,48258,69,1
1771541131.9981158,73_3,73,das_work,7.516257524490356,48258,70,1
1771541132.0019813,72_3,72,das_work,4.3505775928497314,48258,70,1
1771541144.0025856,73_3,73,das_work,4.427363395690918,48258,71,1
1771541144.0219347,72_3,72,das_work,1.875938892364502,48258,71,1
1771541155.9911268,73_3,73,das_work,2.50674057006836,48258,72,1
1771541156.012203,72_3,72,das_work,5.028908014297485,48258,72,1
1771541168.003435,72_4,72,das_work,3.816836357116699,48258,73,1
1771541168.005985,73_3,73,das_work,1.076446771621704,48258,73,1
1771541180.0178308,73_4,73,das_work,2.082662343978882,48258,74,1
1771541180.0183578,72_4,72,das_work,4.93276834487915,48258,74,1
1771541191.9966831,72_4,72,das_work,2.8121018409729004,48258,75,1
1771541192.0175188,73_4,73,das_work,3.31109356880188,48258,75,1
1771541203.979369,72_4,72,das_work,8.351134061813354,48258,76,1
1771541204.0138972,73_4,73,das_work,7.089970827102661,48258,76,1
1771541216.0022557,73_4,73,das_work,2.2796332836151123,48258,77,1
1771541216.010014,72_4,72,das_work,2.695808172225952,48258,77,1
1771541228.0254347,72_4,72,das_work,4.53601598739624,48258,78,1
1771541228.037524,73_4,73,das_work,10.030226230621338,48258,78,1
1771541239.9843097,72_4,72,das_work,4.4849936962127686,48258,79,1
1771541240.010399,73_4,73,das_work,5.657193660736084,48258,79,1
1771541251.990576,72_4,72,das_work,8.338268280029297,48258,80,1
1771541251.9938798,73_4,73,das_work,3.667422294616699,48258,80,1
1771541263.9876308,73_4,73,das_work,9.047507286071776,48258,81,1
1771541263.988745,72_4,72,das_work,8.351461172103882,48258,81,1
1771541276.0048363,73_4,73,das_work,7.106459617614746,48258,82,1
1771541276.0053666,72_4,72,das_work,9.767352104187012,48258,82,1
1771541287.9972205,73_4,73,das_work,4.559462785720825,48258,83,1
1771541288.0006554,72_4,72,das_work,4.372486352920532,48258,83,1
1771541299.9683015,72_4,72,das_work,3.556929349899292,48258,84,1
1771541299.9688542,73_4,73,das_work,1.8090646266937256,48258,84,1
1771541311.9599416,73_4,73,das_work,4.117390155792236,48258,85,1
1771541312.0069296,72_4,72,das_work,3.100001573562622,48258,85,1
1771541323.958,73_4,73,das_work,2.2817931175231934,48258,86,1
1771541323.9688418,72_4,72,das_work,5.239588499069214,48258,86,1
1771541335.9841805,73_4,73,das_work,4.833092212677002,48258,87,1
1771541336.0035546,72_4,72,das_work,3.091641902923584,48258,87,1
1771541347.9691644,73_4,73,das_work,5.560438632965088,48258,88,1
1771540460.043027,74_0,74,das_work,3.628767490386963,48258,14,1
1771540460.0649326,75_0,75,das_work,1.6701297760009766,48258,14,1
1771540472.0343716,74_0,74,das_work,2.738027334213257,48258,15,1
1771540472.0397136,75_0,75,das_work,1.0143609046936035,48258,15,1
1771540484.048247,74_0,74,das_work,8.947190284729004,48258,16,1
1771540484.0610557,75_0,75,das_work,7.900141477584839,48258,16,1
1771540496.0493927,74_0,74,das_work,9.593954801559448,48258,17,1
1771540496.0687203,75_0,75,das_work,8.912027359008789,48258,17,1
1771540508.0456777,74_0,74,das_work,6.077924728393555,48258,18,1
1771540508.061437,75_0,75,das_work,3.60877537727356,48258,18,1
1771540520.0323188,75_0,75,das_work,9.16708779335022,48258,19,1
1771540520.0364895,74_0,74,das_work,4.2757728099823,48258,19,1
1771540532.0463614,75_0,75,das_work,1.1870338916778564,48258,20,1
1771540532.048705,74_0,74,das_work,3.850407838821411,48258,20,1
1771540544.0416083,74_0,74,das_work,4.472996711730957,48258,21,1
1771540544.057747,75_0,75,das_work,9.621170282363892,48258,21,1
1771540556.0396433,74_0,74,das_work,5.264653444290161,48258,22,1
1771540556.067535,75_0,75,das_work,1.874244213104248,48258,22,1
1771540568.0422168,74_0,74,das_work,2.2089977264404297,48258,23,1
1771540568.0584805,75_0,75,das_work,2.798569917678833,48258,23,1
1771540580.049013,74_0,74,das_work,0.750873327255249,48258,24,1
1771540580.0639217,75_0,75,das_work,2.495050430297852,48258,24,1
1771540592.0419931,75_0,75,das_work,4.358764410018921,48258,25,1
1771540592.0432396,74_0,74,das_work,9.155312299728394,48258,25,1
1771540604.033239,75_0,75,das_work,2.4866044521331787,48258,26,1
1771540604.045571,74_0,74,das_work,8.242046356201172,48258,26,1
1771540616.0350397,74_0,74,das_work,3.629546880722046,48258,27,1
1771540616.0485122,75_0,75,das_work,9.127267837524414,48258,27,1
1771540628.03355,74_0,74,das_work,5.1390228271484375,48258,28,1
1771540628.036141,75_0,75,das_work,2.3037922382354736,48258,28,1
1771540640.035065,75_1,75,das_work,6.073578119277954,48258,29,1
1771540640.0396426,74_1,74,das_work,6.006109237670898,48258,29,1
1771540652.0226324,74_1,74,das_work,6.625415325164795,48258,30,1
1771540652.050387,75_1,75,das_work,2.998460054397583,48258,30,1
1771540664.037539,74_1,74,das_work,9.237412214279177,48258,31,1
1771540664.0531352,75_1,75,das_work,3.7084999084472656,48258,31,1
1771540676.022526,74_1,74,das_work,3.2281572818756104,48258,32,1
1771540676.0483987,75_1,75,das_work,2.903467893600464,48258,32,1
1771540688.023304,74_1,74,das_work,9.761409759521484,48258,33,1
1771540688.0595298,75_1,75,das_work,4.42883825302124,48258,33,1
1771540700.0265777,74_1,74,das_work,1.779202222824097,48258,34,1
1771540700.0302465,75_1,75,das_work,9.636030197143556,48258,34,1
1771540712.0178237,74_1,74,das_work,3.9282400608062735,48258,35,1
1771540712.043506,75_1,75,das_work,6.8677308559417725,48258,35,1
1771540724.0332685,75_1,75,das_work,5.388445615768433,48258,36,1
1771540724.0368452,74_1,74,das_work,1.0990097522735596,48258,36,1
1771540736.0249746,74_1,74,das_work,5.801810026168823,48258,37,1
1771540736.046301,75_1,75,das_work,9.014706373214722,48258,37,1
1771540748.016448,75_1,75,das_work,6.178558111190796,48258,38,1
1771540748.05875,74_1,74,das_work,7.280077695846558,48258,38,1
1771540760.0264468,75_1,75,das_work,8.145309686660767,48258,39,1
1771540760.0403442,74_1,74,das_work,6.675957679748535,48258,39,1
1771540772.0166502,74_1,74,das_work,9.338581323623655,48258,40,1
1771540772.052159,75_1,75,das_work,9.024231672286987,48258,40,1
1771540784.02027,74_1,74,das_work,5.069020748138428,48258,41,1
1771540784.034982,75_1,75,das_work,8.005084753036499,48258,41,1
1771540796.0256617,74_1,74,das_work,6.18651270866394,48258,42,1
1771540796.027192,75_1,75,das_work,2.305664300918579,48258,42,1
1771540808.021144,74_1,74,das_work,6.30277156829834,48258,43,1
1771540808.031868,75_1,75,das_work,8.200807809829712,48258,43,1
1771540820.0227418,74_2,74,das_work,4.380782842636108,48258,44,1
1771540820.0514314,75_2,75,das_work,7.281799554824829,48258,44,1
1771540832.0214436,75_2,75,das_work,1.523791790008545,48258,45,1
1771540832.022054,74_2,74,das_work,2.333664894104004,48258,45,1
1771540844.01116,75_2,75,das_work,4.936211824417114,48258,46,1
1771540844.0361934,74_2,74,das_work,7.484533071517944,48258,46,1
1771540856.0139716,74_2,74,das_work,3.756585359573364,48258,47,1
1771540856.048018,75_2,75,das_work,2.587496042251587,48258,47,1
1771540868.0152729,75_2,75,das_work,2.3108394145965576,48258,48,1
1771540868.0165172,74_2,74,das_work,1.9913661479949951,48258,48,1
1771540880.0310214,74_2,74,das_work,8.205156087875366,48258,49,1
1771540880.0326157,75_2,75,das_work,4.006442546844482,48258,49,1
1771540892.013471,74_2,74,das_work,6.108151912689209,48258,50,1
1771540892.032186,75_2,75,das_work,7.300958871841431,48258,50,1
1771540904.0217116,75_2,75,das_work,9.073983430862429,48258,51,1
1771540904.0343933,74_2,74,das_work,1.2631161212921145,48258,51,1
1771540916.0035484,74_2,74,das_work,7.542176008224487,48258,52,1
1771540916.028001,75_2,75,das_work,1.765916347503662,48258,52,1
1771540928.0377588,75_2,75,das_work,6.064459562301636,48258,53,1
1771540928.041889,74_2,74,das_work,3.6113593578338623,48258,53,1
1771540940.015694,74_2,74,das_work,2.654386281967163,48258,54,1
1771540940.02085,75_2,75,das_work,8.533280611038208,48258,54,1
1771540952.0082912,75_2,75,das_work,0.9174392223358154,48258,55,1
1771540952.015124,74_2,74,das_work,8.681497812271118,48258,55,1
1771540964.0051365,74_2,74,das_work,8.511167287826538,48258,56,1
1771540964.0301485,75_2,75,das_work,2.7860467433929443,48258,56,1
1771540975.999078,75_2,75,das_work,5.374983787536621,48258,57,1
1771540976.0061045,74_2,74,das_work,5.35623836517334,48258,57,1
1771540987.9999378,74_2,74,das_work,8.83362865447998,48258,58,1
1771540988.0035293,75_2,75,das_work,6.614326238632202,48258,58,1
1771541000.0054042,75_3,75,das_work,0.5826284885406494,48258,59,1
1771541000.0253215,74_3,74,das_work,8.81624698638916,48258,59,1
1771541011.9975896,74_3,74,das_work,6.57120680809021,48258,60,1
1771541012.0027952,75_3,75,das_work,3.64443039894104,48258,60,1
1771541024.008794,74_3,74,das_work,9.226333618164062,48258,61,1
1771541024.018039,75_3,75,das_work,3.509384632110596,48258,61,1
1771541035.994946,74_3,74,das_work,3.856547117233277,48258,62,1
1771541035.997824,75_3,75,das_work,5.451529741287232,48258,62,1
1771541048.001959,75_3,75,das_work,3.959500551223755,48258,63,1
1771541048.0132575,74_3,74,das_work,3.502650499343872,48258,63,1
1771541059.9941697,74_3,74,das_work,8.244745969772339,48258,64,1
1771541060.0110395,75_3,75,das_work,9.433658838272097,48258,64,1
1771541072.0049648,74_3,74,das_work,4.892127275466919,48258,65,1
1771541072.00674,75_3,75,das_work,3.7662525177001953,48258,65,1
1771541084.0055203,75_3,75,das_work,7.911818504333496,48258,66,1
1771541084.0331802,74_3,74,das_work,1.2717108726501465,48258,66,1
1771541096.0244036,75_3,75,das_work,6.165899753570557,48258,67,1
1771541096.0249822,74_3,74,das_work,9.85261583328247,48258,67,1
1771541107.9987967,74_3,74,das_work,7.752367973327637,48258,68,1
1771541107.9994526,75_3,75,das_work,8.768819093704224,48258,68,1
1771541119.999398,74_3,74,das_work,2.1241416931152344,48258,69,1
1771541120.024843,75_3,75,das_work,2.9964301586151123,48258,69,1
1771541131.9895148,75_3,75,das_work,7.0463855266571045,48258,70,1
1771541131.995088,74_3,74,das_work,3.771870374679565,48258,70,1
1771541143.9917822,74_3,74,das_work,7.301360368728638,48258,71,1
1771541144.0022156,75_3,75,das_work,9.120819807052612,48258,71,1
1771541155.997959,74_3,74,das_work,2.30686092376709,48258,72,1
1771541156.002135,75_3,75,das_work,6.280260324478149,48258,72,1
1771541167.9910612,75_3,75,das_work,1.8936083316802976,48258,73,1
1771541168.005816,74_3,74,das_work,2.4958646297454834,48258,73,1
1771541179.9950366,75_4,75,das_work,6.382359743118286,48258,74,1
1771541180.0122612,74_4,74,das_work,5.75147819519043,48258,74,1
1771541191.9788234,75_4,75,das_work,1.596280813217163,48258,75,1
1771541192.018515,74_4,74,das_work,1.7794122695922852,48258,75,1
1771541203.981665,74_4,74,das_work,1.1902170181274414,48258,76,1
1771541203.9968753,75_4,75,das_work,6.876112699508667,48258,76,1
1771541215.9758806,74_4,74,das_work,6.674607038497925,48258,77,1
1771541215.9889886,75_4,75,das_work,9.15737247467041,48258,77,1
1771541228.0259082,75_4,75,das_work,8.08477783203125,48258,78,1
1771541228.0428052,74_4,74,das_work,0.9682831764221193,48258,78,1
1771541239.9940264,75_4,75,das_work,2.6217939853668213,48258,79,1
1771541240.004423,74_4,74,das_work,2.2861533164978027,48258,79,1
1771541251.977463,75_4,75,das_work,4.640289783477783,48258,80,1
1771541251.9826703,74_4,74,das_work,7.6874377727508545,48258,80,1
1771541263.9746416,74_4,74,das_work,3.210402250289917,48258,81,1
1771541263.989534,75_4,75,das_work,5.1346588134765625,48258,81,1
1771541275.9776404,74_4,74,das_work,8.321731090545654,48258,82,1
1771541276.0129771,75_4,75,das_work,5.343838214874268,48258,82,1
1771541288.0133405,74_4,74,das_work,4.040486812591553,48258,83,1
1771541288.0171049,75_4,75,das_work,9.743074417114258,48258,83,1
1771541299.977325,74_4,74,das_work,3.8577723503112793,48258,84,1
1771541299.9821644,75_4,75,das_work,8.50200605392456,48258,84,1
1771541311.9578962,75_4,75,das_work,7.802701711654663,48258,85,1
1771541311.9583943,74_4,74,das_work,6.585190534591675,48258,85,1
1771541323.9428933,74_4,74,das_work,5.966476202011108,48258,86,1
1771541323.9455357,75_4,75,das_work,2.0868239402771,48258,86,1
1771541335.9535222,75_4,75,das_work,5.98253607749939,48258,87,1
1771541335.9540968,74_4,74,das_work,6.579849243164063,48258,87,1
1771541347.938886,75_4,75,das_work,3.1985630989074707,48258,88,1
1771541347.9466977,74_4,74,das_work,2.1737661361694336,48258,88,1
1771540460.0349658,77_0,77,das_work,1.8213598728179927,48258,14,1
1771540460.0806594,76_0,76,das_work,9.036919832229614,48258,14,1
1771540472.0439336,76_0,76,das_work,3.236205816268921,48258,15,1
1771540472.0771518,77_0,77,das_work,2.5823471546173096,48258,15,1
1771540484.0334218,76_0,76,das_work,2.5823986530303955,48258,16,1
1771540484.0505748,77_0,77,das_work,7.895870208740234,48258,16,1
1771540496.0470836,77_0,77,das_work,7.809583187103271,48258,17,1
1771540496.0600643,76_0,76,das_work,2.4284701347351074,48258,17,1
1771540508.038375,76_0,76,das_work,9.023046493530272,48258,18,1
1771540508.0598843,77_0,77,das_work,5.753962278366089,48258,18,1
1771540520.0333931,77_0,77,das_work,7.904314994812012,48258,19,1
1771540520.040451,76_0,76,das_work,2.212522268295288,48258,19,1
1771540532.041998,76_0,76,das_work,9.137909173965454,48258,20,1
1771540532.0754485,77_0,77,das_work,8.094234943389893,48258,20,1
1771540544.0407002,77_0,77,das_work,3.740445375442505,48258,21,1
1771540544.0444837,76_0,76,das_work,5.880366086959839,48258,21,1
1771540556.0499632,76_0,76,das_work,5.560934066772461,48258,22,1
1771540556.0702958,77_0,77,das_work,5.130405426025391,48258,22,1
1771540568.0344794,76_0,76,das_work,2.2048499584198,48258,23,1
1771540568.037379,77_0,77,das_work,5.986510992050171,48258,23,1
1771540580.035137,76_0,76,das_work,2.8402647972106934,48258,24,1
1771540580.045397,77_0,77,das_work,5.555016994476318,48258,24,1
1771540592.035842,76_0,76,das_work,2.993497371673584,48258,25,1
1771540592.0414157,77_0,77,das_work,9.192471981048584,48258,25,1
1771540604.036054,76_0,76,das_work,3.517863273620605,48258,26,1
1771540604.0431242,77_0,77,das_work,4.256103754043579,48258,26,1
1771540616.065483,77_0,77,das_work,3.714243173599243,48258,27,1
1771540616.0659938,76_0,76,das_work,1.6769399642944336,48258,27,1
1771540628.031241,76_0,76,das_work,0.6907799243927002,48258,28,1
1771540628.039125,77_0,77,das_work,1.0934383869171145,48258,28,1
1771540640.0279024,76_1,76,das_work,3.614143133163452,48258,29,1
1771540640.0284398,77_1,77,das_work,1.6875309944152832,48258,29,1
1771540652.0254712,77_1,77,das_work,7.852388381958008,48258,30,1
1771540652.0281188,76_1,76,das_work,8.053341388702393,48258,30,1
1771540664.0386553,76_1,76,das_work,0.3646676540374756,48258,31,1
1771540664.0393736,77_1,77,das_work,6.539352893829346,48258,31,1
1771540676.0219717,77_1,77,das_work,0.6612687110900879,48258,32,1
1771540676.0324378,76_1,76,das_work,4.167325258255005,48258,32,1
1771540688.034544,77_1,77,das_work,2.4300568103790283,48258,33,1
1771540688.043305,76_1,76,das_work,8.11038851737976,48258,33,1
1771540700.0493698,76_1,76,das_work,5.151059150695801,48258,34,1
1771540700.0543294,77_1,77,das_work,6.978513479232788,48258,34,1
1771540712.018103,77_1,77,das_work,9.762448072433472,48258,35,1
1771540712.0314095,76_1,76,das_work,0.147242784500122,48258,35,1
1771540724.0334718,76_1,76,das_work,8.856422185897827,48258,36,1
1771540724.0409546,77_1,77,das_work,6.17771053314209,48258,36,1
1771540736.0256376,76_1,76,das_work,4.850314140319824,48258,37,1
1771540736.0311406,77_1,77,das_work,2.872218370437622,48258,37,1
1771540748.0151849,76_1,76,das_work,2.8301284313201904,48258,38,1
1771540748.0216875,77_1,77,das_work,5.347408056259155,48258,38,1
1771540760.0298996,77_1,77,das_work,2.4549367427825928,48258,39,1
1771540760.052698,76_1,76,das_work,5.947434425354004,48258,39,1
1771540772.0130928,77_1,77,das_work,7.330563068389893,48258,40,1
1771540772.0144005,76_1,76,das_work,3.654186487197876,48258,40,1
1771540784.0294287,76_1,76,das_work,3.207266330718994,48258,41,1
1771540784.0476315,77_1,77,das_work,3.9102509021759033,48258,41,1
1771540796.0201068,76_1,76,das_work,5.957459211349487,48258,42,1
1771540796.0339618,77_1,77,das_work,5.853034257888794,48258,42,1
1771540808.0275316,77_1,77,das_work,2.712958335876465,48258,43,1
1771540808.0505192,76_1,76,das_work,2.588143825531006,48258,43,1
1771540820.019336,77_2,77,das_work,5.152331113815308,48258,44,1
1771540820.04994,76_2,76,das_work,9.003922462463379,48258,44,1
1771540832.0189078,77_2,77,das_work,4.758119106292725,48258,45,1
1771540832.0471995,76_2,76,das_work,2.3906896114349365,48258,45,1
1771540844.0165422,77_2,77,das_work,5.689610719680786,48258,46,1
1771540844.0350544,76_2,76,das_work,5.654531955718994,48258,46,1
1771540856.0161183,76_2,76,das_work,2.9492833614349365,48258,47,1
1771540856.034027,77_2,77,das_work,1.6707682609558103,48258,47,1
1771540867.999536,76_2,76,das_work,7.49477219581604,48258,48,1
1771540868.0186937,77_2,77,das_work,1.0653574466705322,48258,48,1
1771540880.0116222,77_2,77,das_work,6.402582168579102,48258,49,1
1771540880.0168767,76_2,76,das_work,7.193119764328003,48258,49,1
1771540892.0045974,77_2,77,das_work,5.802128553390503,48258,50,1
1771540892.032629,76_2,76,das_work,7.087433815002441,48258,50,1
1771540904.01558,77_2,77,das_work,5.9742748737335205,48258,51,1
1771540904.016284,76_2,76,das_work,7.283557415008545,48258,51,1
1771540916.0128756,77_2,77,das_work,4.064594984054565,48258,52,1
1771540916.0134664,76_2,76,das_work,3.958367347717285,48258,52,1
1771540928.0012057,76_2,76,das_work,2.8965063095092773,48258,53,1
1771540928.0216448,77_2,77,das_work,10.045313596725464,48258,53,1
1771540940.017884,76_2,76,das_work,8.033536672592163,48258,54,1
1771540940.0454197,77_2,77,das_work,9.028157234191896,48258,54,1
1771540952.022287,76_2,76,das_work,3.1210219860076904,48258,55,1
1771540952.032731,77_2,77,das_work,7.99072003364563,48258,55,1
1771540964.0089912,77_2,77,das_work,3.722814321517944,48258,56,1
1771540964.014305,76_2,76,das_work,1.0206305980682373,48258,56,1
1771540976.0065272,76_2,76,das_work,2.694631576538086,48258,57,1
1771540976.033684,77_2,77,das_work,4.551899671554565,48258,57,1
1771540988.0110247,76_2,76,das_work,5.47848105430603,48258,58,1
1771540988.0125473,77_2,77,das_work,3.924552202224731,48258,58,1
1771541000.0134137,77_3,77,das_work,7.850554704666138,48258,59,1
1771541000.025669,76_3,76,das_work,5.452986478805542,48258,59,1
1771541012.0018198,77_3,77,das_work,3.020697116851806,48258,60,1
1771541024.0105803,76_3,76,das_work,12.07112455368042,48258,61,1
1771541024.0174298,77_3,77,das_work,8.910016059875488,48258,61,1
1771541035.9946418,77_3,77,das_work,7.317784070968628,48258,62,1
1771541036.0048869,76_3,76,das_work,7.495650768280029,48258,62,1
1771541047.9929364,77_3,77,das_work,6.880695819854736,48258,63,1
1771541048.0105772,76_3,76,das_work,1.485429763793945,48258,63,1
1771541059.994347,76_3,76,das_work,5.259777307510376,48258,64,1
1771541060.0112386,77_3,77,das_work,3.301774263381958,48258,64,1
1771541071.9872105,76_3,76,das_work,5.34920597076416,48258,65,1
1771541072.0078669,77_3,77,das_work,3.8228745460510254,48258,65,1
1771541083.9978187,77_3,77,das_work,6.634554147720337,48258,66,1
1771541084.0037367,76_3,76,das_work,7.530228614807129,48258,66,1
1771541095.9959967,77_3,77,das_work,1.4098708629608154,48258,67,1
1771541096.031086,76_3,76,das_work,4.731509208679199,48258,67,1
1771541107.9931383,77_3,77,das_work,6.31148099899292,48258,68,1
1771541107.9962437,76_3,76,das_work,7.21822452545166,48258,68,1
1771541120.009922,77_3,77,das_work,2.6993868350982666,48258,69,1
1771541120.016479,76_3,76,das_work,3.2232677936553955,48258,69,1
1771541131.9988902,77_3,77,das_work,3.3049991130828857,48258,70,1
1771541132.0026703,76_3,76,das_work,1.9876806735992432,48258,70,1
1771541143.993695,76_3,76,das_work,7.950337886810303,48258,71,1
1771541144.0100183,77_3,77,das_work,3.914466857910156,48258,71,1
1771541155.9930255,77_3,77,das_work,4.668589353561401,48258,72,1
1771541155.9935985,76_3,76,das_work,7.211032629013061,48258,72,1
1771541168.0000544,77_3,77,das_work,2.720044612884521,48258,73,1
1771541168.0052211,76_3,76,das_work,5.16739559173584,48258,73,1
1771541179.9937963,77_4,77,das_work,4.553991079330444,48258,74,1
1771541180.0216289,76_3,76,das_work,0.7513654232025146,48258,74,1
1771541192.0179005,77_4,77,das_work,2.909670352935791,48258,75,1
1771541192.0208907,76_4,76,das_work,3.513082265853882,48258,75,1
1771541203.991506,76_4,76,das_work,5.1923487186431885,48258,76,1
1771541204.0094607,77_4,77,das_work,0.5512363910675049,48258,76,1
1771541215.9815795,77_4,77,das_work,7.19168758392334,48258,77,1
1771541215.992146,76_4,76,das_work,3.565189838409424,48258,77,1
1771541228.0248723,76_4,76,das_work,8.72835636138916,48258,78,1
1771541228.0325687,77_4,77,das_work,6.207076549530029,48258,78,1
1771541240.0050347,76_4,76,das_work,8.204446792602539,48258,79,1
1771541240.0150716,77_4,77,das_work,4.528509616851807,48258,79,1
1771541251.9771218,76_4,76,das_work,4.93795108795166,48258,80,1
1771541251.9838996,77_4,77,das_work,9.462499141693115,48258,80,1
1771541263.9799688,76_4,76,das_work,8.50437045097351,48258,81,1
1771541263.986059,77_4,77,das_work,7.901187181472778,48258,81,1
1771541276.0038035,77_4,77,das_work,4.347226619720459,48258,82,1
1771541276.004573,76_4,76,das_work,5.787997722625732,48258,82,1
1771541287.999905,76_4,76,das_work,9.173144817352297,48258,83,1
1771541288.024909,77_4,77,das_work,5.352033376693726,48258,83,1
1771541299.9665384,77_4,77,das_work,3.566798686981201,48258,84,1
1771541299.9808123,76_4,76,das_work,9.548098087310793,48258,84,1
1771541311.957481,76_4,76,das_work,8.234219074249268,48258,85,1
1771541312.0006132,77_4,77,das_work,6.469501495361328,48258,85,1
1771541323.9427073,77_4,77,das_work,6.948082685470581,48258,86,1
1771541323.9462144,76_4,76,das_work,8.58513855934143,48258,86,1
1771541335.934891,77_4,77,das_work,4.346757888793945,48258,87,1
1771541335.96641,76_4,76,das_work,7.89298677444458,48258,87,1
1771541347.9327242,77_4,77,das_work,1.884312391281128,48258,88,1
1771541347.9920497,76_4,76,das_work,6.0611572265625,48258,88,1
1771541359.9986908,76_4,76,das_work,4.842156887054443,48258,89,1
1771540472.042068,79_0,79,das_work,8.04051160812378,48258,15,1
1771540472.0430648,78_0,78,das_work,11.21324896812439,48258,15,1
1771540484.0382037,78_0,78,das_work,2.416929006576538,48258,16,1
1771540484.0730348,79_0,79,das_work,6.055248260498047,48258,16,1
1771540496.0519698,78_0,78,das_work,6.019928932189941,48258,17,1
1771540496.055189,79_0,79,das_work,6.727720975875855,48258,17,1
1771540508.0357327,78_0,78,das_work,7.736040115356445,48258,18,1
1771540508.041179,79_0,79,das_work,6.416218042373657,48258,18,1
1771540520.0389988,79_0,79,das_work,1.1903724670410156,48258,19,1
1771540520.045695,78_0,78,das_work,9.521212816238403,48258,19,1
1771540532.0519352,78_0,78,das_work,8.068418264389038,48258,20,1
1771540532.063979,79_0,79,das_work,4.907883882522583,48258,20,1
1771540544.0400202,79_0,79,das_work,6.445345401763916,48258,21,1
1771540544.047894,78_0,78,das_work,8.522948980331421,48258,21,1
1771540556.0312057,78_0,78,das_work,6.501662254333496,48258,22,1
1771540556.035046,79_0,79,das_work,7.703134298324585,48258,22,1
1771540568.0292983,78_0,78,das_work,4.670249938964844,48258,23,1
1771540568.0317366,79_0,79,das_work,6.299797296524048,48258,23,1
1771540580.0293698,79_0,79,das_work,0.5545997619628906,48258,24,1
1771540580.0474586,78_0,78,das_work,2.8107824325561523,48258,24,1
1771540592.027907,78_0,78,das_work,7.593903064727783,48258,25,1
1771540592.0677776,79_0,79,das_work,2.3783955574035645,48258,25,1
1771540604.030269,79_0,79,das_work,3.516603708267212,48258,26,1
1771540604.037151,78_0,78,das_work,6.797410249710083,48258,26,1
1771540616.0351286,79_0,79,das_work,2.188505172729492,48258,27,1
1771540616.0639648,78_0,78,das_work,6.473303556442261,48258,27,1
1771540628.0384884,78_0,78,das_work,6.6197144985198975,48258,28,1
1771540628.0673475,79_0,79,das_work,4.111511707305908,48258,28,1
1771540640.0509515,79_0,79,das_work,6.972966194152832,48258,29,1
1771540640.068532,78_0,78,das_work,1.875767946243286,48258,29,1
1771540652.0286813,78_1,78,das_work,5.6837029457092285,48258,30,1
1771540652.05625,79_1,79,das_work,7.586734533309936,48258,30,1
1771540664.0263135,79_1,79,das_work,1.7130560874938965,48258,31,1
1771540664.0465162,78_1,78,das_work,2.6153557300567627,48258,31,1
1771540676.026044,79_1,79,das_work,8.785906553268433,48258,32,1
1771540676.0481992,78_1,78,das_work,2.799354076385498,48258,32,1
1771540688.0216925,79_1,79,das_work,4.231443881988525,48258,33,1
1771540688.0472217,78_1,78,das_work,2.889021396636963,48258,33,1
1771540700.053046,79_1,79,das_work,10.24117136001587,48258,34,1
1771540700.0615332,78_1,78,das_work,5.442998886108398,48258,34,1
1771540712.0409024,78_1,78,das_work,1.5889019966125488,48258,35,1
1771540712.0450225,79_1,79,das_work,1.6689271926879885,48258,35,1
1771540724.0473273,79_1,79,das_work,6.09297513961792,48258,36,1
1771540724.0485206,78_1,78,das_work,1.3718764781951904,48258,36,1
1771540736.0233736,78_1,78,das_work,9.154490232467651,48258,37,1
1771540736.0427558,79_1,79,das_work,7.890047788619995,48258,37,1
1771540748.0177202,78_1,78,das_work,1.888221025466919,48258,38,1
1771540748.029797,79_1,79,das_work,1.805213928222656,48258,38,1
1771540760.0258543,78_1,78,das_work,7.010527849197388,48258,39,1
1771540760.0534215,79_1,79,das_work,5.54645037651062,48258,39,1
1771540772.015661,79_1,79,das_work,5.403429746627808,48258,40,1
1771540772.024408,78_1,78,das_work,4.281192779541016,48258,40,1
1771540784.030041,78_1,78,das_work,1.3783013820648191,48258,41,1
1771540784.0306864,79_1,79,das_work,2.0870699882507324,48258,41,1
1771540796.032051,78_1,78,das_work,5.240028619766235,48258,42,1
1771540796.0335104,79_1,79,das_work,5.149943828582764,48258,42,1
1771540808.031638,79_1,79,das_work,2.902629375457764,48258,43,1
1771540808.037996,78_1,78,das_work,4.526633739471436,48258,43,1
1771540820.032701,78_1,78,das_work,3.1563644409179688,48258,44,1
1771540820.034014,79_1,79,das_work,8.471896648406982,48258,44,1
1771540832.014928,79_2,79,das_work,4.956664323806763,48258,45,1
1771540832.0507593,78_2,78,das_work,7.075005292892456,48258,45,1
1771540844.0184708,79_2,79,das_work,4.743843078613281,48258,46,1
1771540844.0369415,78_2,78,das_work,3.699925422668457,48258,46,1
1771540856.0158966,78_2,78,das_work,3.1455252170562744,48258,47,1
1771540856.0184505,79_2,79,das_work,4.96616005897522,48258,47,1
1771540868.0079954,78_2,78,das_work,4.163536310195923,48258,48,1
1771540868.01685,79_2,79,das_work,6.599729061126709,48258,48,1
1771540880.0089371,78_2,78,das_work,9.215373039245604,48258,49,1
1771540880.0311673,79_2,79,das_work,3.914585113525391,48258,49,1
1771540892.006256,79_2,79,das_work,9.12559461593628,48258,50,1
1771540892.02657,78_2,78,das_work,8.01095986366272,48258,50,1
1771540904.0157344,78_2,78,das_work,0.9737277030944824,48258,51,1
1771540904.0313623,79_2,79,das_work,9.624830961227415,48258,51,1
1771540916.009612,79_2,79,das_work,7.735255241394043,48258,52,1
1771540916.0157115,78_2,78,das_work,4.874150037765503,48258,52,1
1771540928.0166006,79_2,79,das_work,4.271308183670044,48258,53,1
1771540928.043036,78_2,78,das_work,5.353720664978027,48258,53,1
1771540940.0460165,79_2,79,das_work,9.93738055229187,48258,54,1
1771540940.047109,78_2,78,das_work,2.890869617462158,48258,54,1
1771540952.0106263,78_2,78,das_work,2.231200218200684,48258,55,1
1771540952.0331824,79_2,79,das_work,5.536697864532471,48258,55,1
1771540964.0147984,78_2,78,das_work,9.235825777053831,48258,56,1
1771540964.0203462,79_2,79,das_work,2.7707324028015137,48258,56,1
1771540975.9997556,79_2,79,das_work,9.025413036346436,48258,57,1
1771540976.030329,78_2,78,das_work,8.427101373672485,48258,57,1
1771540988.00915,79_2,79,das_work,4.156795263290405,48258,58,1
1771540988.0199232,78_2,78,das_work,5.544199228286743,48258,58,1
1771541000.0032487,79_2,79,das_work,4.228816509246826,48258,59,1
1771541000.0234563,78_2,78,das_work,6.879757881164551,48258,59,1
1771541012.0025146,78_3,78,das_work,3.633528470993042,48258,60,1
1771541012.021634,79_3,79,das_work,5.015964031219482,48258,60,1
1771541024.0045035,78_3,78,das_work,2.2414348125457764,48258,61,1
1771541024.0163994,79_3,79,das_work,3.0039548873901367,48258,61,1
1771541036.006918,79_3,79,das_work,7.925821781158447,48258,62,1
1771541036.0092125,78_3,78,das_work,1.4807169437408447,48258,62,1
1771541048.0042827,79_3,79,das_work,6.6112024784088135,48258,63,1
1771541048.0048337,78_3,78,das_work,5.555949926376343,48258,63,1
1771541059.989493,78_3,78,das_work,7.19199013710022,48258,64,1
1771541060.0056756,79_3,79,das_work,8.878848791122437,48258,64,1
1771541071.9863043,78_3,78,das_work,2.8263399600982666,48258,65,1
1771541071.9922836,79_3,79,das_work,4.876189947128296,48258,65,1
1771541083.9961858,78_3,78,das_work,4.949765205383301,48258,66,1
1771541084.0119345,79_3,79,das_work,2.692945957183838,48258,66,1
1771541095.9933858,79_3,79,das_work,2.308171033859253,48258,67,1
1771541095.993957,78_3,78,das_work,5.064481735229492,48258,67,1
1771541108.0275593,78_3,78,das_work,3.813113451004028,48258,68,1
1771541108.0288937,79_3,79,das_work,7.287825107574463,48258,68,1
1771541120.0037978,78_3,78,das_work,2.4083352088928223,48258,69,1
1771541120.025026,79_3,79,das_work,7.908416032791138,48258,69,1
1771541131.9857366,78_3,78,das_work,7.210514307022095,48258,70,1
1771541132.005142,79_3,79,das_work,3.9140875339508057,48258,70,1
1771541143.9905703,78_3,78,das_work,2.841446876525879,48258,71,1
1771541144.007099,79_3,79,das_work,4.336289644241333,48258,71,1
1771541155.9916382,78_3,78,das_work,3.038322925567627,48258,72,1
1771541155.9919052,79_3,79,das_work,5.388799667358398,48258,72,1
1771541167.9975476,79_3,79,das_work,2.949657440185547,48258,73,1
1771541168.0023031,78_3,78,das_work,6.483779430389404,48258,73,1
1771541179.9853475,79_3,79,das_work,5.77772855758667,48258,74,1
1771541180.0145102,78_3,78,das_work,5.650909185409546,48258,74,1
1771541191.9912314,79_4,79,das_work,4.781161069869995,48258,75,1
1771541191.9937613,78_4,78,das_work,0.2483692169189453,48258,75,1
1771541203.9944954,78_4,78,das_work,5.275136470794678,48258,76,1
1771541204.0135708,79_4,79,das_work,5.865699052810669,48258,76,1
1771541215.9862392,79_4,79,das_work,6.477358341217041,48258,77,1
1771541216.0024376,78_4,78,das_work,1.5684747695922852,48258,77,1
1771541228.0205956,78_4,78,das_work,6.031195402145386,48258,78,1
1771541228.0245886,79_4,79,das_work,8.759957790374756,48258,78,1
1771541240.0038347,78_4,78,das_work,2.708019971847534,48258,79,1
1771541240.0099745,79_4,79,das_work,1.062572717666626,48258,79,1
1771541252.0009584,79_4,79,das_work,9.527201652526855,48258,80,1
1771541252.011655,78_4,78,das_work,1.8724548816680908,48258,80,1
1771541263.9852035,78_4,78,das_work,3.40378999710083,48258,81,1
1771541263.999036,79_4,79,das_work,2.487778186798096,48258,81,1
1771541275.9789891,78_4,78,das_work,4.130740404129028,48258,82,1
1771541276.0142448,79_4,79,das_work,2.383150815963745,48258,82,1
1771541288.0064905,79_4,79,das_work,1.6966025829315186,48258,83,1
1771541288.020719,78_4,78,das_work,8.633898973464966,48258,83,1
1771541299.9736938,78_4,78,das_work,4.16486930847168,48258,84,1
1771541299.9750128,79_4,79,das_work,9.248260974884031,48258,84,1
1771541311.9585135,78_4,78,das_work,2.3075671195983887,48258,85,1
1771541311.9599617,79_4,79,das_work,9.841883659362791,48258,85,1
1771541323.945135,79_4,79,das_work,1.7726554870605469,48258,86,1
1771541323.957554,78_4,78,das_work,2.180889368057251,48258,86,1
1771541335.9504824,78_4,78,das_work,8.198813676834106,48258,87,1
1771541335.996215,79_4,79,das_work,8.190224647521973,48258,87,1
1771541347.976778,78_4,78,das_work,2.384039163589477,48258,88,1
1771541348.003754,79_4,79,das_work,8.707823991775513,48258,88,1
1771541359.9426992,79_4,79,das_work,4.15976095199585,48258,89,1
1771541359.943233,78_4,78,das_work,7.53595232963562,48258,89,1
1771540399.996645,6_0,6,das_work,6.156522750854492,48258,9,1
1771540400.0442517,7_0,7,das_work,11.38825821876526,48258,9,1
1771540411.9981048,7_0,7,das_work,8.322839260101318,48258,10,1
1771540412.0347233,6_0,6,das_work,7.5837790966033936,48258,10,1
1771540424.0478792,7_0,7,das_work,2.796109199523926,48258,11,1
1771540424.0622294,6_0,6,das_work,2.0771801471710205,48258,11,1
1771540436.0228803,6_0,6,das_work,6.435506582260132,48258,12,1
1771540436.023104,7_0,7,das_work,6.851338148117065,48258,12,1
1771540448.0493846,7_0,7,das_work,2.8051230907440186,48258,13,1
1771540448.080394,6_0,6,das_work,10.24167799949646,48258,13,1
1771540460.031663,6_0,6,das_work,5.662222623825073,48258,14,1
1771540460.0806563,7_0,7,das_work,1.989560604095459,48258,14,1
1771540472.0449438,6_0,6,das_work,9.656461477279665,48258,15,1
1771540472.0691965,7_0,7,das_work,7.170632362365723,48258,15,1
1771540484.0389228,6_0,6,das_work,4.142408847808838,48258,16,1
1771540484.0505354,7_0,7,das_work,5.447982549667358,48258,16,1
1771540496.058937,6_0,6,das_work,4.999115467071533,48258,17,1
1771540496.0778496,7_0,7,das_work,4.122254133224487,48258,17,1
1771540508.047799,6_0,6,das_work,1.3678433895111084,48258,18,1
1771540508.074618,7_0,7,das_work,1.1817386150360107,48258,18,1
1771540520.0351124,6_0,6,das_work,10.188920497894289,48258,19,1
1771540520.0674448,7_0,7,das_work,6.465511322021484,48258,19,1
1771540532.046892,7_0,7,das_work,7.122339248657227,48258,20,1
1771540532.0577123,6_0,6,das_work,4.023320198059082,48258,20,1
1771540544.0703783,7_0,7,das_work,3.327155828475952,48258,21,1
1771540544.0709684,6_0,6,das_work,3.846445083618164,48258,21,1
1771540556.0333729,7_0,7,das_work,4.791189670562744,48258,22,1
1771540556.0604758,6_0,6,das_work,8.806155920028687,48258,22,1
1771540568.0372322,7_0,7,das_work,8.233525514602661,48258,23,1
1771540568.0489902,6_0,6,das_work,2.4999632835388184,48258,23,1
1771540580.036394,6_1,6,das_work,0.670710563659668,48258,24,1
1771540580.0400405,7_1,7,das_work,0.8774564266204834,48258,24,1
1771540592.0318189,7_1,7,das_work,6.688735961914063,48258,25,1
1771540592.0408428,6_1,6,das_work,2.596755027770996,48258,25,1
1771540604.0285506,6_1,6,das_work,2.085972547531128,48258,26,1
1771540604.0369718,7_1,7,das_work,8.655530214309692,48258,26,1
1771540616.0358634,6_1,6,das_work,7.282237768173218,48258,27,1
1771540616.036668,7_1,7,das_work,2.8337738513946533,48258,27,1
1771540628.0370734,6_1,6,das_work,2.438898801803589,48258,28,1
1771540628.0378287,7_1,7,das_work,2.751661539077759,48258,28,1
1771540640.0357573,7_1,7,das_work,8.36184024810791,48258,29,1
1771540640.0375078,6_1,6,das_work,7.444754123687744,48258,29,1
1771540652.0255513,7_1,7,das_work,2.6462385654449463,48258,30,1
1771540652.0577912,6_1,6,das_work,3.515331268310547,48258,30,1
1771540664.023055,7_1,7,das_work,4.440964460372925,48258,31,1
1771540664.0460763,6_1,6,das_work,9.886762380599976,48258,31,1
1771540676.0263364,6_1,6,das_work,5.97742772102356,48258,32,1
1771540676.039821,7_1,7,das_work,6.276657581329346,48258,32,1
1771540688.0198748,6_1,6,das_work,1.0037617683410645,48258,33,1
1771540688.0287614,7_1,7,das_work,8.064969539642334,48258,33,1
1771540700.0363998,6_1,6,das_work,8.742388010025024,48258,34,1
1771540700.0533118,7_1,7,das_work,2.4956111907958984,48258,34,1
1771540712.0240555,7_1,7,das_work,9.34686827659607,48258,35,1
1771540712.0302708,6_1,6,das_work,3.267270088195801,48258,35,1
1771540724.02905,7_1,7,das_work,3.4444732666015625,48258,36,1
1771540724.0329292,6_1,6,das_work,4.761802911758423,48258,36,1
1771540736.0200355,6_1,6,das_work,8.634299993515015,48258,37,1
1771540736.060722,7_1,7,das_work,6.366692304611206,48258,37,1
1771540748.0231185,7_1,7,das_work,0.8046374320983887,48258,38,1
1771540748.0409298,6_1,6,das_work,6.888929605484009,48258,38,1
1771540760.0211337,6_2,6,das_work,6.924097776412964,48258,39,1
1771540760.027392,7_2,7,das_work,7.320049285888672,48258,39,1
1771540772.019991,6_2,6,das_work,4.467076301574707,48258,40,1
1771540772.0340965,7_2,7,das_work,8.920144319534302,48258,40,1
1771540784.010357,7_2,7,das_work,8.460761070251465,48258,41,1
1771540784.02464,6_2,6,das_work,8.75102162361145,48258,41,1
1771540796.0213714,7_2,7,das_work,3.8234105110168457,48258,42,1
1771540796.0343463,6_2,6,das_work,5.849349737167358,48258,42,1
1771540808.0161114,6_2,6,das_work,9.912410259246826,48258,43,1
1771540808.0186343,7_2,7,das_work,4.764127492904663,48258,43,1
1771540820.0232484,6_2,6,das_work,5.76999044418335,48258,44,1
1771540820.0246658,7_2,7,das_work,8.763825178146362,48258,44,1
1771540832.021019,7_2,7,das_work,1.4010696411132812,48258,45,1
1771540832.04673,6_2,6,das_work,1.5841996669769287,48258,45,1
1771540844.017347,7_2,7,das_work,9.143191814422607,48258,46,1
1771540844.039811,6_2,6,das_work,1.9738664627075195,48258,46,1
1771540856.0140646,6_2,6,das_work,2.115188837051392,48258,47,1
1771540856.0471356,7_2,7,das_work,6.152345418930054,48258,47,1
1771540868.01385,7_2,7,das_work,4.44505500793457,48258,48,1
1771540868.0435095,6_2,6,das_work,1.2670700550079346,48258,48,1
1771540880.015251,7_2,7,das_work,10.471153736114502,48258,49,1
1771540880.0192,6_2,6,das_work,0.8696093559265137,48258,49,1
1771540892.0126572,6_2,6,das_work,5.281814813613892,48258,50,1
1771540892.0172815,7_2,7,das_work,7.384715557098389,48258,50,1
1771540904.0104666,7_2,7,das_work,10.283448457717896,48258,51,1
1771540904.0146432,6_2,6,das_work,5.670381307601929,48258,51,1
1771540916.018641,6_2,6,das_work,6.99589204788208,48258,52,1
1771540916.0192995,7_2,7,das_work,4.0512354373931885,48258,52,1
1771540928.0000446,6_2,6,das_work,7.022392988204956,48258,53,1
1771540928.0147853,7_2,7,das_work,9.087542295455933,48258,53,1
1771540940.0118666,7_3,7,das_work,6.72384786605835,48258,54,1
1771540940.0229945,6_3,6,das_work,1.6884970664978027,48258,54,1
1771540952.0233972,7_3,7,das_work,8.301867485046387,48258,55,1
1771540952.0329945,6_3,6,das_work,4.023285150527954,48258,55,1
1771540964.017013,7_3,7,das_work,1.0675954818725586,48258,56,1
1771540964.0296175,6_3,6,das_work,7.173213958740234,48258,56,1
1771540975.9988482,6_3,6,das_work,4.057795763015747,48258,57,1
1771540976.035927,7_3,7,das_work,5.748201608657837,48258,57,1
1771540988.0094187,6_3,6,das_work,0.3665721416473388,48258,58,1
1771540988.010569,7_3,7,das_work,8.419750928878784,48258,58,1
1771541000.0201578,7_3,7,das_work,5.479626417160034,48258,59,1
1771541000.02327,6_3,6,das_work,5.175711393356323,48258,59,1
1771541012.008466,6_3,6,das_work,2.4237608909606934,48258,60,1
1771541012.0122724,7_3,7,das_work,1.005007028579712,48258,60,1
1771541023.9961672,7_3,7,das_work,6.888432502746582,48258,61,1
1771541024.0128336,6_3,6,das_work,3.509448528289795,48258,61,1
1771541036.0088718,7_3,7,das_work,1.5921220779418943,48258,62,1
1771541036.011629,6_3,6,das_work,4.732080698013306,48258,62,1
1771541047.9938512,7_3,7,das_work,9.53599500656128,48258,63,1
1771541047.9993994,6_3,6,das_work,6.001344203948975,48258,63,1
1771541060.0105608,6_3,6,das_work,6.676954030990601,48258,64,1
1771541060.0152483,7_3,7,das_work,7.782948970794678,48258,64,1
1771541072.0060265,7_3,7,das_work,9.294206380844116,48258,65,1
1771541072.01142,6_3,6,das_work,2.589458703994751,48258,65,1
1771541084.0064926,6_3,6,das_work,4.135197877883911,48258,66,1
1771541084.031197,7_3,7,das_work,1.8895013332366943,48258,66,1
1771541096.0221827,7_3,7,das_work,4.151034116744995,48258,67,1
1771541096.0226662,6_3,6,das_work,6.500122547149658,48258,67,1
1771541107.9993577,7_3,7,das_work,9.458106517791748,48258,68,1
1771541108.0049343,6_3,6,das_work,4.686558961868286,48258,68,1
1771541119.9906454,7_4,7,das_work,6.561277866363525,48258,69,1
1771541120.0306058,6_4,6,das_work,8.438703775405884,48258,69,1
1771541131.986676,6_4,6,das_work,9.137878894805908,48258,70,1
1771541132.0068717,7_4,7,das_work,5.652980327606201,48258,70,1
1771541143.9851587,7_4,7,das_work,3.5426273345947266,48258,71,1
1771541144.000234,6_4,6,das_work,2.186517238616944,48258,71,1
1771541156.0012856,7_4,7,das_work,8.891339302062988,48258,72,1
1771541156.0021236,6_4,6,das_work,9.202527284622192,48258,72,1
1771541167.998319,6_4,6,das_work,6.799373149871826,48258,73,1
1771541168.0127954,7_4,7,das_work,2.185473918914795,48258,73,1
1771541179.9867427,7_4,7,das_work,0.6037709712982178,48258,74,1
1771541179.9873164,6_4,6,das_work,10.260327100753784,48258,74,1
1771541191.9870143,7_4,7,das_work,5.411135196685791,48258,75,1
1771541191.9892857,6_4,6,das_work,8.283253908157349,48258,75,1
1771541203.9929645,6_4,6,das_work,6.190645933151245,48258,76,1
1771541204.0146368,7_4,7,das_work,5.039625644683838,48258,76,1
1771541216.008921,6_4,6,das_work,1.6780736446380615,48258,77,1
1771541216.0094016,7_4,7,das_work,1.065065860748291,48258,77,1
1771541228.0392232,6_4,6,das_work,9.514672756195068,48258,78,1
1771541228.0422947,7_4,7,das_work,1.4715657234191897,48258,78,1
1771541239.9924774,6_4,6,das_work,4.972620248794556,48258,79,1
1771541240.006802,7_4,7,das_work,7.703480243682861,48258,79,1
1771541251.978412,6_4,6,das_work,4.278297185897827,48258,80,1
1771541251.980166,7_4,7,das_work,7.498139381408691,48258,80,1
1771541263.9799378,6_4,6,das_work,5.611455202102661,48258,81,1
1771541263.9935884,7_4,7,das_work,4.82622504234314,48258,81,1
1771541275.9734144,6_4,6,das_work,5.611103773117065,48258,82,1
1771541275.9891667,7_4,7,das_work,3.0030434131622314,48258,82,1
1771541288.0099006,7_4,7,das_work,7.909275531768799,48258,83,1
1771541288.0159566,6_4,6,das_work,5.267574071884155,48258,83,1
1771540460.0340166,81_0,81,das_work,7.897459506988525,48258,14,1
1771540460.0740807,80_0,80,das_work,4.528980493545532,48258,14,1
1771540472.032538,81_0,81,das_work,2.526356935501098,48258,15,1
1771540472.039508,80_0,80,das_work,5.361101150512695,48258,15,1
1771540484.0404882,80_0,80,das_work,1.276571273803711,48258,16,1
1771540484.0527737,81_0,81,das_work,9.98666000366211,48258,16,1
1771540496.054556,81_0,81,das_work,4.0783984661102295,48258,17,1
1771540496.05918,80_0,80,das_work,9.995418787002563,48258,17,1
1771540508.0424123,81_0,81,das_work,8.828208923339844,48258,18,1
1771540508.0486617,80_0,80,das_work,9.534282445907593,48258,18,1
1771540520.0356126,80_0,80,das_work,7.417280435562134,48258,19,1
1771540520.0433562,81_0,81,das_work,6.306371688842773,48258,19,1
1771540532.0695589,80_0,80,das_work,1.7801899909973145,48258,20,1
1771540532.0700405,81_0,81,das_work,7.185898780822754,48258,20,1
1771540544.038456,80_0,80,das_work,5.600643873214722,48258,21,1
1771540544.0440884,81_0,81,das_work,2.3117125034332275,48258,21,1
1771540556.032922,81_0,81,das_work,7.197322368621826,48258,22,1
1771540556.036945,80_0,80,das_work,1.5324952602386477,48258,22,1
1771540568.0474932,81_0,81,das_work,9.130352973937988,48258,23,1
1771540568.0554194,80_0,80,das_work,3.6085684299468994,48258,23,1
1771540580.0296478,80_0,80,das_work,1.4935600757598877,48258,24,1
1771540580.0302098,81_0,81,das_work,4.057858467102051,48258,24,1
1771540592.0303738,80_0,80,das_work,4.270927906036377,48258,25,1
1771540592.0387208,81_0,81,das_work,8.128326177597046,48258,25,1
1771540604.0435271,80_0,80,das_work,3.339451551437378,48258,26,1
1771540604.062807,81_0,81,das_work,8.712301015853882,48258,26,1
1771540616.0380354,81_0,81,das_work,3.6742799282073975,48258,27,1
1771540616.050338,80_0,80,das_work,8.627952337265015,48258,27,1
1771540628.029464,80_0,80,das_work,4.964779376983643,48258,28,1
1771540628.056177,81_0,81,das_work,3.8182315826416016,48258,28,1
1771540640.0297737,80_1,80,das_work,1.3625705242156982,48258,29,1
1771540640.0332816,81_1,81,das_work,5.461949586868286,48258,29,1
1771540652.0372715,80_1,80,das_work,3.954801321029663,48258,30,1
1771540652.0433457,81_1,81,das_work,6.883315086364746,48258,30,1
1771540664.0366802,80_1,80,das_work,1.6713042259216309,48258,31,1
1771540664.0549226,81_1,81,das_work,3.0968971252441406,48258,31,1
1771540676.0353105,81_1,81,das_work,6.021640300750732,48258,32,1
1771540676.0438054,80_1,80,das_work,8.32100534439087,48258,32,1
1771540688.021697,80_1,80,das_work,5.356187105178833,48258,33,1
1771540688.0382886,81_1,81,das_work,6.483226537704468,48258,33,1
1771540700.0342212,81_1,81,das_work,3.0258684158325195,48258,34,1
1771540700.0348315,80_1,80,das_work,2.527456283569336,48258,34,1
1771540712.0209615,80_1,80,das_work,4.454375267028809,48258,35,1
1771540712.042391,81_1,81,das_work,9.10492491722107,48258,35,1
1771540724.0313256,80_1,80,das_work,1.502833127975464,48258,36,1
1771540724.033892,81_1,81,das_work,3.846343755722046,48258,36,1
1771540736.022938,81_1,81,das_work,6.422311305999756,48258,37,1
1771540736.0527723,80_1,80,das_work,8.405364990234375,48258,37,1
1771540748.02467,81_1,81,das_work,1.5269217491149902,48258,38,1
1771540748.0258377,80_1,80,das_work,4.653351545333862,48258,38,1
1771540760.016499,80_1,80,das_work,1.519723892211914,48258,39,1
1771540760.028956,81_1,81,das_work,3.155888080596924,48258,39,1
1771540772.033829,80_1,80,das_work,3.008333206176758,48258,40,1
1771540772.039214,81_1,81,das_work,1.265989065170288,48258,40,1
1771540784.019148,81_1,81,das_work,7.542312383651733,48258,41,1
1771540784.025957,80_1,80,das_work,6.375619649887085,48258,41,1
1771540796.0352445,81_1,81,das_work,9.940165758132936,48258,42,1
1771540796.0530255,80_1,80,das_work,3.308113813400269,48258,42,1
1771540808.013709,81_1,81,das_work,7.391537427902222,48258,43,1
1771540808.0277135,80_1,80,das_work,2.4013993740081787,48258,43,1
1771540820.0186026,80_2,80,das_work,8.940133094787598,48258,44,1
1771540820.0337026,81_2,81,das_work,3.8188326358795166,48258,44,1
1771540832.0200336,81_2,81,das_work,1.5127801895141602,48258,45,1
1771540832.0208738,80_2,80,das_work,6.409420967102051,48258,45,1
1771540844.0134914,80_2,80,das_work,8.270495176315308,48258,46,1
1771540844.0196,81_2,81,das_work,8.261237382888794,48258,46,1
1771540856.0223382,81_2,81,das_work,1.2897231578826904,48258,47,1
1771540856.0319357,80_2,80,das_work,6.356632947921753,48258,47,1
1771540868.0150664,80_2,80,das_work,0.157311201095581,48258,48,1
1771540868.0261846,81_2,81,das_work,6.369052171707153,48258,48,1
1771540880.008415,81_2,81,das_work,5.450053691864014,48258,49,1
1771540880.0222957,80_2,80,das_work,7.647525548934936,48258,49,1
1771540892.0271118,81_2,81,das_work,5.563541650772095,48258,50,1
1771540892.0453424,80_2,80,das_work,7.597996234893799,48258,50,1
1771540904.0054502,81_2,81,das_work,1.9062252044677732,48258,51,1
1771540904.011209,80_2,80,das_work,0.5833296775817871,48258,51,1
1771540916.0091994,80_2,80,das_work,7.928928852081299,48258,52,1
1771540916.0259144,81_2,81,das_work,1.1567039489746094,48258,52,1
1771540928.000209,81_2,81,das_work,6.408873558044434,48258,53,1
1771540928.021271,80_2,80,das_work,5.85899829864502,48258,53,1
1771540940.0049222,81_2,81,das_work,2.536865234375,48258,54,1
1771540940.0106735,80_2,80,das_work,6.000315189361572,48258,54,1
1771540952.0028574,81_2,81,das_work,8.834013223648071,48258,55,1
1771540952.021889,80_2,80,das_work,7.281759023666382,48258,55,1
1771540964.019404,80_2,80,das_work,4.389567136764526,48258,56,1
1771540964.0292375,81_2,81,das_work,0.2560896873474121,48258,56,1
1771540976.0051985,81_2,81,das_work,4.24658989906311,48258,57,1
1771540976.033032,80_2,80,das_work,6.373743057250977,48258,57,1
1771540988.0056033,81_2,81,das_work,1.4256229400634766,48258,58,1
1771540988.019689,80_2,80,das_work,6.56172513961792,48258,58,1
1771541000.010579,80_3,80,das_work,9.731552362442017,48258,59,1
1771541000.0213263,81_3,81,das_work,4.868858575820923,48258,59,1
1771541012.0161471,80_3,80,das_work,9.107659339904783,48258,60,1
1771541012.021391,81_3,81,das_work,8.686534404754639,48258,60,1
1771541023.997807,81_3,81,das_work,7.042410373687744,48258,61,1
1771541024.004122,80_3,80,das_work,6.769066333770752,48258,61,1
1771541035.9958649,80_3,80,das_work,4.166037797927856,48258,62,1
1771541036.009356,81_3,81,das_work,7.309406995773315,48258,62,1
1771541048.0232084,80_3,80,das_work,8.724660158157349,48258,63,1
1771541048.0237224,81_3,81,das_work,4.049645662307739,48258,63,1
1771541059.9934049,80_3,80,das_work,1.4061610698699951,48258,64,1
1771541060.005235,81_3,81,das_work,4.495164394378662,48258,64,1
1771541071.9965816,81_3,81,das_work,4.729527711868286,48258,65,1
1771541072.0008526,80_3,80,das_work,3.3718907833099365,48258,65,1
1771541083.9953623,80_3,80,das_work,8.21507453918457,48258,66,1
1771541084.0306852,81_3,81,das_work,8.000838041305542,48258,66,1
1771541095.9971068,80_3,80,das_work,4.170495271682739,48258,67,1
1771541096.02982,81_3,81,das_work,6.463128328323364,48258,67,1
1771541107.9907696,81_3,81,das_work,3.4170329570770264,48258,68,1
1771541108.0069008,80_3,80,das_work,7.444374084472656,48258,68,1
1771541120.014095,81_3,81,das_work,9.540901184082031,48258,69,1
1771541120.0207913,80_3,80,das_work,2.916048765182495,48258,69,1
1771541131.9970016,81_3,81,das_work,8.24571180343628,48258,70,1
1771541132.0034602,80_3,80,das_work,5.446675062179565,48258,70,1
1771541144.0141108,81_3,81,das_work,7.186540603637695,48258,71,1
1771541144.0147507,80_3,80,das_work,9.149502992630005,48258,71,1
1771541156.0027983,81_3,81,das_work,0.5601944923400879,48258,72,1
1771541156.0106473,80_3,80,das_work,9.481769561767578,48258,72,1
1771541167.9854853,81_3,81,das_work,2.132456064224243,48258,73,1
1771541168.0032735,80_3,80,das_work,0.2501852512359619,48258,73,1
1771541179.9851038,81_4,81,das_work,1.6971375942230225,48258,74,1
1771541180.022075,80_4,80,das_work,9.002689123153687,48258,74,1
1771541191.9768038,80_4,80,das_work,2.747309923171997,48258,75,1
1771541191.9816902,81_4,81,das_work,8.833858728408813,48258,75,1
1771541203.9797628,81_4,81,das_work,2.246077299118042,48258,76,1
1771541203.9846156,80_4,80,das_work,1.840463399887085,48258,76,1
1771541215.9777412,81_4,81,das_work,3.136461019515991,48258,77,1
1771541215.9887853,80_4,80,das_work,9.06410551071167,48258,77,1
1771541228.0189793,81_4,81,das_work,4.388491153717041,48258,78,1
1771541228.0201588,80_4,80,das_work,1.754117727279663,48258,78,1
1771541239.9897065,80_4,80,das_work,4.511402368545532,48258,79,1
1771541239.9906385,81_4,81,das_work,9.398943185806274,48258,79,1
1771541251.9841106,80_4,80,das_work,8.319019317626953,48258,80,1
1771541251.9938166,81_4,81,das_work,2.6420047283172607,48258,80,1
1771541263.983597,80_4,80,das_work,5.858883619308472,48258,81,1
1771541263.98946,81_4,81,das_work,1.697335720062256,48258,81,1
1771541275.9773753,80_4,80,das_work,0.994642972946167,48258,82,1
1771541275.980337,81_4,81,das_work,5.456355094909668,48258,82,1
1771541288.0187082,81_4,81,das_work,3.6148681640625,48258,83,1
1771541288.0199294,80_4,80,das_work,8.836917400360107,48258,83,1
1771541299.9672492,81_4,81,das_work,4.695030927658081,48258,84,1
1771541299.9756987,80_4,80,das_work,9.083970785140991,48258,84,1
1771541311.9537337,81_4,81,das_work,5.065232753753662,48258,85,1
1771541312.0003424,80_4,80,das_work,6.780959606170654,48258,85,1
1771541323.944721,81_4,81,das_work,8.32582426071167,48258,86,1
1771541323.9525545,80_4,80,das_work,2.689664363861084,48258,86,1
1771541335.9368167,81_4,81,das_work,7.740164518356323,48258,87,1
1771541335.9375987,80_4,80,das_work,9.579651594161987,48258,87,1
1771541347.95145,81_4,81,das_work,5.266713380813599,48258,88,1
1771541347.9520695,80_4,80,das_work,3.327096462249756,48258,88,1
1771540460.0551853,82_0,82,das_work,0.1517632007598877,48258,14,1
1771540472.0301936,83_0,83,das_work,3.952423095703125,48258,15,1
1771540472.0696058,82_0,82,das_work,5.7517077922821045,48258,15,1
1771540484.0328217,82_0,82,das_work,4.9877235889434814,48258,16,1
1771540484.0585032,83_0,83,das_work,2.888152599334717,48258,16,1
1771540496.052713,82_0,82,das_work,7.227932453155518,48258,17,1
1771540496.060273,83_0,83,das_work,1.1649210453033447,48258,17,1
1771540508.0381808,82_0,82,das_work,0.5673861503601074,48258,18,1
1771540508.0759523,83_0,83,das_work,5.044233083724976,48258,18,1
1771540520.0400238,82_0,82,das_work,8.938746690750122,48258,19,1
1771540520.0430613,83_0,83,das_work,9.380288362503052,48258,19,1
1771540532.0606768,82_0,82,das_work,3.8923568725585938,48258,20,1
1771540532.0685503,83_0,83,das_work,0.4554712772369385,48258,20,1
1771540544.0408535,82_0,82,das_work,8.528992891311646,48258,21,1
1771540544.0476272,83_0,83,das_work,4.0679144859313965,48258,21,1
1771540556.0410297,82_0,82,das_work,7.417494058609009,48258,22,1
1771540556.0464602,83_0,83,das_work,9.167421579360962,48258,22,1
1771540568.0450978,82_0,82,das_work,2.517195224761963,48258,23,1
1771540568.0488057,83_0,83,das_work,4.319349765777588,48258,23,1
1771540580.0430405,83_0,83,das_work,2.9684882164001465,48258,24,1
1771540580.0685024,82_0,82,das_work,3.0103046894073486,48258,24,1
1771540592.0300512,82_0,82,das_work,7.20838475227356,48258,25,1
1771540592.0435607,83_0,83,das_work,6.99174952507019,48258,25,1
1771540604.0327227,82_0,82,das_work,6.084172487258911,48258,26,1
1771540604.044179,83_0,83,das_work,1.5834269523620603,48258,26,1
1771540616.035315,83_0,83,das_work,5.2998528480529785,48258,27,1
1771540616.0500567,82_0,82,das_work,7.3755202293396,48258,27,1
1771540628.0664878,82_0,82,das_work,8.852301597595215,48258,28,1
1771540628.0671248,83_0,83,das_work,5.885894536972046,48258,28,1
1771540640.0260568,82_1,82,das_work,7.397319316864014,48258,29,1
1771540640.027531,83_0,83,das_work,4.932933568954468,48258,29,1
1771540652.038788,82_1,82,das_work,3.864956140518189,48258,30,1
1771540652.044828,83_1,83,das_work,6.408702373504639,48258,30,1
1771540664.0372877,82_1,82,das_work,2.958097457885742,48258,31,1
1771540664.0425026,83_1,83,das_work,1.274315595626831,48258,31,1
1771540676.0357325,82_1,82,das_work,1.2945458889007568,48258,32,1
1771540676.0466602,83_1,83,das_work,4.1389453411102295,48258,32,1
1771540688.021229,83_1,83,das_work,4.134610891342163,48258,33,1
1771540688.0350108,82_1,82,das_work,0.9189777374267578,48258,33,1
1771540700.0365248,82_1,82,das_work,8.448984861373901,48258,34,1
1771540700.051854,83_1,83,das_work,2.7091760635375977,48258,34,1
1771540712.02501,83_1,83,das_work,6.116036415100098,48258,35,1
1771540712.04187,82_1,82,das_work,3.002775192260742,48258,35,1
1771540724.033672,83_1,83,das_work,6.62870979309082,48258,36,1
1771540724.0378056,82_1,82,das_work,2.3927175998687744,48258,36,1
1771540736.028034,83_1,83,das_work,1.418426513671875,48258,37,1
1771540736.03325,82_1,82,das_work,5.406095266342163,48258,37,1
1771540748.0152428,83_1,83,das_work,5.008042335510254,48258,38,1
1771540748.058107,82_1,82,das_work,9.240909337997437,48258,38,1
1771540760.039464,82_1,82,das_work,1.7767882347106934,48258,39,1
1771540760.0493784,83_1,83,das_work,7.288950443267822,48258,39,1
1771540772.021111,83_1,83,das_work,3.364053010940552,48258,40,1
1771540772.027213,82_1,82,das_work,3.717963218688965,48258,40,1
1771540784.0132856,82_1,82,das_work,4.022917747497559,48258,41,1
1771540784.024335,83_1,83,das_work,7.863509654998779,48258,41,1
1771540796.0190427,82_1,82,das_work,7.317438125610352,48258,42,1
1771540796.0216732,83_1,83,das_work,5.9631407260894775,48258,42,1
1771540808.0145,82_1,82,das_work,2.6366987228393555,48258,43,1
1771540808.037487,83_1,83,das_work,7.482825756072998,48258,43,1
1771540820.017535,83_1,83,das_work,7.516620874404907,48258,44,1
1771540820.0181031,82_2,82,das_work,3.553539276123047,48258,44,1
1771540832.016782,83_2,83,das_work,1.2960565090179443,48258,45,1
1771540832.0512676,82_2,82,das_work,2.49618935585022,48258,45,1
1771540844.0104132,83_2,83,das_work,9.643727540969849,48258,46,1
1771540844.0266292,82_2,82,das_work,1.684061050415039,48258,46,1
1771540856.0145564,83_2,83,das_work,2.734233856201172,48258,47,1
1771540856.0337913,82_2,82,das_work,4.530070781707764,48258,47,1
1771540868.0143807,82_2,82,das_work,4.752327919006348,48258,48,1
1771540868.01589,83_2,83,das_work,9.192217588424684,48258,48,1
1771540880.0091507,82_2,82,das_work,3.4327597618103027,48258,49,1
1771540880.0100837,83_2,83,das_work,9.483911991119385,48258,49,1
1771540892.0129068,83_2,83,das_work,7.6317970752716064,48258,50,1
1771540892.0273423,82_2,82,das_work,7.701520919799805,48258,50,1
1771540904.0134375,83_2,83,das_work,5.774267673492432,48258,51,1
1771540904.0233717,82_2,82,das_work,3.813815116882324,48258,51,1
1771540916.001361,82_2,82,das_work,5.991887331008911,48258,52,1
1771540916.0134988,83_2,83,das_work,4.29375696182251,48258,52,1
1771540928.0164518,83_2,83,das_work,1.924622058868408,48258,53,1
1771540928.0231342,82_2,82,das_work,8.815843105316162,48258,53,1
1771540940.007696,83_2,83,das_work,0.8127236366271973,48258,54,1
1771540940.0464947,82_2,82,das_work,8.120918989181519,48258,54,1
1771540952.0066931,83_2,83,das_work,4.685255765914917,48258,55,1
1771540952.0213163,82_2,82,das_work,2.3896238803863525,48258,55,1
1771540964.0364022,83_2,83,das_work,3.2253007888793945,48258,56,1
1771540964.0370424,82_2,82,das_work,2.396188974380493,48258,56,1
1771540976.0327814,82_2,82,das_work,6.583966493606567,48258,57,1
1771540976.040724,83_2,83,das_work,5.752520561218262,48258,57,1
1771540988.0032897,83_2,83,das_work,8.028018236160278,48258,58,1
1771540988.008495,82_2,82,das_work,3.2023861408233643,48258,58,1
1771541000.014548,82_3,82,das_work,2.213442802429199,48258,59,1
1771541000.0198169,83_2,83,das_work,3.4749886989593506,48258,59,1
1771541011.9984488,83_3,83,das_work,6.268595457077026,48258,60,1
1771541012.0115302,82_3,82,das_work,9.510521411895752,48258,60,1
1771541024.0002222,83_3,83,das_work,2.7305667400360107,48258,61,1
1771541024.0176609,82_3,82,das_work,6.5590691566467285,48258,61,1
1771541036.0037265,82_3,82,das_work,5.0584259033203125,48258,62,1
1771541036.0105212,83_3,83,das_work,2.8274264335632324,48258,62,1
1771541047.9939015,82_3,82,das_work,3.717474937438965,48258,63,1
1771541048.0169146,83_3,83,das_work,9.831737279891968,48258,63,1
1771541059.9888356,82_3,82,das_work,7.336112022399902,48258,64,1
1771541060.0062516,83_3,83,das_work,5.553207159042358,48258,64,1
1771541071.9961295,83_3,83,das_work,4.265294075012207,48258,65,1
1771541071.999458,82_3,82,das_work,5.996971368789673,48258,65,1
1771541083.99564,83_3,83,das_work,4.073045969009399,48258,66,1
1771541084.0038376,82_3,82,das_work,8.225597143173218,48258,66,1
1771541096.003772,82_3,82,das_work,3.1614022254943848,48258,67,1
1771541096.0064838,83_3,83,das_work,9.056459426879885,48258,67,1
1771541107.997945,82_3,82,das_work,2.8049585819244385,48258,68,1
1771541108.0070848,83_3,83,das_work,6.673711776733398,48258,68,1
1771541120.0140784,83_3,83,das_work,2.6345276832580566,48258,69,1
1771541120.019799,82_3,82,das_work,2.6440348625183105,48258,69,1
1771541131.9831965,82_3,82,das_work,7.805571556091309,48258,70,1
1771541132.0037763,83_3,83,das_work,1.6704609394073486,48258,70,1
1771541143.9881182,83_3,83,das_work,5.788860559463501,48258,71,1
1771541144.0097654,82_3,82,das_work,7.783944368362427,48258,71,1
1771541156.0070744,83_3,83,das_work,6.389912366867065,48258,72,1
1771541156.0096295,82_3,82,das_work,8.096349954605103,48258,72,1
1771541167.9909005,83_3,83,das_work,1.3913061618804932,48258,73,1
1771541168.0066469,82_3,82,das_work,9.639395475387571,48258,73,1
1771541179.9924517,83_3,83,das_work,5.903829336166382,48258,74,1
1771541179.9956193,82_4,82,das_work,1.5908565521240234,48258,74,1
1771541191.9944222,83_4,83,das_work,2.305537462234497,48258,75,1
1771541191.9954684,82_4,82,das_work,6.082218885421753,48258,75,1
1771541203.989964,82_4,82,das_work,8.52174997329712,48258,76,1
1771541204.018124,83_4,83,das_work,8.306141376495361,48258,76,1
1771541215.991171,82_4,82,das_work,8.559123277664185,48258,77,1
1771541216.0010526,83_4,83,das_work,3.811440944671631,48258,77,1
1771541228.029279,82_4,82,das_work,4.123883247375488,48258,78,1
1771541228.0364125,83_4,83,das_work,6.112540245056152,48258,78,1
1771541239.988547,83_4,83,das_work,2.126021385192871,48258,79,1
1771541240.000463,82_4,82,das_work,1.9837744235992432,48258,79,1
1771541251.9809406,82_4,82,das_work,2.399334669113159,48258,80,1
1771541251.9911578,83_4,83,das_work,6.300199031829834,48258,80,1
1771541263.9866424,82_4,82,das_work,1.6794102191925049,48258,81,1
1771541263.986759,83_4,83,das_work,5.367691993713379,48258,81,1
1771541275.9788332,82_4,82,das_work,9.130598783493042,48258,82,1
1771541276.0168233,83_4,83,das_work,5.029788970947266,48258,82,1
1771541287.9981906,83_4,83,das_work,2.024222612380981,48258,83,1
1771541288.001678,82_4,82,das_work,1.0195438861846924,48258,83,1
1771541299.9716206,83_4,83,das_work,2.609088182449341,48258,84,1
1771541299.9808435,82_4,82,das_work,4.028339624404907,48258,84,1
1771541311.96092,83_4,83,das_work,2.9925498962402344,48258,85,1
1771541311.981963,82_4,82,das_work,5.546811103820801,48258,85,1
1771541323.9422588,82_4,82,das_work,8.723588705062866,48258,86,1
1771541324.0033638,83_4,83,das_work,3.3006813526153564,48258,86,1
1771541335.9786694,82_4,82,das_work,7.487285614013672,48258,87,1
1771541335.9831655,83_4,83,das_work,8.70838212966919,48258,87,1
1771541347.9317763,83_4,83,das_work,0.2388443946838379,48258,88,1
1771541347.9722016,82_4,82,das_work,6.46849250793457,48258,88,1
1771541359.9194243,83_4,83,das_work,1.4680840969085691,48258,89,1
1771540472.0373838,85_0,85,das_work,3.7554757595062256,48258,15,1
1771540472.0462537,84_0,84,das_work,8.325038433074951,48258,15,1
1771540484.0352793,84_0,84,das_work,2.6328229904174805,48258,16,1
1771540484.0363846,85_0,85,das_work,7.742055177688599,48258,16,1
1771540496.041924,85_0,85,das_work,5.948497772216797,48258,17,1
1771540496.0503042,84_0,84,das_work,8.053807973861694,48258,17,1
1771540508.0403996,85_0,85,das_work,2.4292995929718018,48258,18,1
1771540508.051734,84_0,84,das_work,7.331512928009033,48258,18,1
1771540520.030759,84_0,84,das_work,5.982590198516846,48258,19,1
1771540520.0626342,85_0,85,das_work,9.00406002998352,48258,19,1
1771540532.042994,85_0,85,das_work,6.688975095748901,48258,20,1
1771540532.0501163,84_0,84,das_work,4.975058317184448,48258,20,1
1771540544.0344665,84_0,84,das_work,9.898501873016356,48258,21,1
1771540544.0452793,85_0,85,das_work,5.72287392616272,48258,21,1
1771540556.0404255,84_0,84,das_work,0.9011447429656982,48258,22,1
1771540556.0671997,85_0,85,das_work,8.18986463546753,48258,22,1
1771540568.054924,85_0,85,das_work,2.820718765258789,48258,23,1
1771540568.055514,84_0,84,das_work,5.369554281234741,48258,23,1
1771540580.0303223,84_0,84,das_work,9.545113801956177,48258,24,1
1771540580.0664845,85_0,85,das_work,2.490391969680786,48258,24,1
1771540592.0349448,84_0,84,das_work,4.478966474533081,48258,25,1
1771540592.0468936,85_0,85,das_work,2.0872104167938232,48258,25,1
1771540604.030605,85_0,85,das_work,1.006176233291626,48258,26,1
1771540604.0335965,84_0,84,das_work,8.431524991989136,48258,26,1
1771540616.0557888,84_0,84,das_work,4.9521448612213135,48258,27,1
1771540616.0564492,85_0,85,das_work,1.978722333908081,48258,27,1
1771540628.0295355,85_0,85,das_work,5.7470526695251465,48258,28,1
1771540628.0446928,84_0,84,das_work,5.390652418136597,48258,28,1
1771540640.0368674,84_0,84,das_work,7.288163185119629,48258,29,1
1771540640.0384452,85_0,85,das_work,7.011723756790161,48258,29,1
1771540652.0511515,84_1,84,das_work,3.1163151264190674,48258,30,1
1771540652.051925,85_1,85,das_work,2.708670139312744,48258,30,1
1771540664.0395207,84_1,84,das_work,5.795024871826172,48258,31,1
1771540664.0461566,85_1,85,das_work,1.872929334640503,48258,31,1
1771540676.025105,85_1,85,das_work,1.5246500968933103,48258,32,1
1771540676.0350432,84_1,84,das_work,8.715453386306763,48258,32,1
1771540688.0238714,85_1,85,das_work,6.016912937164307,48258,33,1
1771540688.0476353,84_1,84,das_work,4.114885568618774,48258,33,1
1771540700.0405,85_1,85,das_work,4.754946231842041,48258,34,1
1771540700.042074,84_1,84,das_work,4.461226224899292,48258,34,1
1771540712.0205872,84_1,84,das_work,2.39481258392334,48258,35,1
1771540712.044073,85_1,85,das_work,3.414069175720215,48258,35,1
1771540724.0307825,84_1,84,das_work,8.235050916671753,48258,36,1
1771540724.0433614,85_1,85,das_work,8.812193632125854,48258,36,1
1771540736.0227046,85_1,85,das_work,4.850272178649902,48258,37,1
1771540736.0251486,84_1,84,das_work,9.89030909538269,48258,37,1
1771540748.0219033,85_1,85,das_work,4.579322099685669,48258,38,1
1771540748.0286849,84_1,84,das_work,4.298044681549072,48258,38,1
1771540760.031882,85_1,85,das_work,5.36116886138916,48258,39,1
1771540760.038454,84_1,84,das_work,4.945546627044678,48258,39,1
1771540772.037443,84_1,84,das_work,7.297042369842529,48258,40,1
1771540772.052373,85_1,85,das_work,6.260929346084595,48258,40,1
1771540784.020382,84_1,84,das_work,1.089240789413452,48258,41,1
1771540784.022332,85_1,85,das_work,5.894647359848023,48258,41,1
1771540796.0143187,84_1,84,das_work,3.331317186355591,48258,42,1
1771540796.054152,85_1,85,das_work,6.162581920623779,48258,42,1
1771540808.0289378,84_1,84,das_work,5.360510110855103,48258,43,1
1771540808.0498989,85_1,85,das_work,2.5947396755218506,48258,43,1
1771540820.0150423,85_1,85,das_work,9.160958766937256,48258,44,1
1771540820.0325785,84_1,84,das_work,2.8575985431671143,48258,44,1
1771540832.0130377,84_2,84,das_work,4.151878118515015,48258,45,1
1771540832.0475874,85_2,85,das_work,6.667690277099609,48258,45,1
1771540844.021931,85_2,85,das_work,5.3899476528167725,48258,46,1
1771540844.0304554,84_2,84,das_work,8.509759664535522,48258,46,1
1771540856.0233195,84_2,84,das_work,2.131878137588501,48258,47,1
1771540856.0286438,85_2,85,das_work,7.461646795272827,48258,47,1
1771540868.011195,85_2,85,das_work,8.038081169128418,48258,48,1
1771540868.0130043,84_2,84,das_work,5.2579333782196045,48258,48,1
1771540880.0095131,84_2,84,das_work,4.271202564239502,48258,49,1
1771540880.0226548,85_2,85,das_work,1.675218105316162,48258,49,1
1771540892.0100868,84_2,84,das_work,9.143376111984251,48258,50,1
1771540892.0108073,85_2,85,das_work,5.669802904129028,48258,50,1
1771540904.0060265,85_2,85,das_work,3.24499773979187,48258,51,1
1771540904.044294,84_2,84,das_work,8.300475597381592,48258,51,1
1771540916.0016377,84_2,84,das_work,5.094813108444214,48258,52,1
1771540916.0293243,85_2,85,das_work,6.6623170375823975,48258,52,1
1771540928.0076263,84_2,84,das_work,2.8546302318573,48258,53,1
1771540928.0220685,85_2,85,das_work,3.72463583946228,48258,53,1
1771540940.0261369,85_2,85,das_work,3.9199299812316895,48258,54,1
1771540940.0266302,84_2,84,das_work,3.0969576835632324,48258,54,1
1771540952.0048354,84_2,84,das_work,2.324094295501709,48258,55,1
1771540952.013324,85_2,85,das_work,4.277025938034058,48258,55,1
1771540964.0109522,85_2,85,das_work,5.455585479736328,48258,56,1
1771540964.0123577,84_2,84,das_work,4.457838535308838,48258,56,1
1771540976.0354502,85_2,85,das_work,9.5492103099823,48258,57,1
1771540976.0409434,84_2,84,das_work,3.809597969055176,48258,57,1
1771540987.998779,85_2,85,das_work,7.524439334869385,48258,58,1
1771540988.0027697,84_2,84,das_work,9.67621636390686,48258,58,1
1771541000.0153718,85_2,85,das_work,7.452751398086548,48258,59,1
1771541000.0288727,84_2,84,das_work,3.3083300590515137,48258,59,1
1771541012.0170946,85_3,85,das_work,3.812249183654785,48258,60,1
1771541012.018131,84_3,84,das_work,6.346216678619385,48258,60,1
1771541024.0109224,85_3,85,das_work,7.197724103927612,48258,61,1
1771541024.0225637,84_3,84,das_work,3.1939499378204346,48258,61,1
1771541035.9947734,84_3,84,das_work,1.1900849342346191,48258,62,1
1771541036.0012195,85_3,85,das_work,8.602675676345825,48258,62,1
1771541048.0091033,85_3,85,das_work,3.001354217529297,48258,63,1
1771541048.0135353,84_3,84,das_work,4.596707105636597,48258,63,1
1771541059.991504,84_3,84,das_work,2.60870361328125,48258,64,1
1771541060.033389,85_3,85,das_work,1.5682389736175537,48258,64,1
1771541071.9858716,85_3,85,das_work,3.3299760818481445,48258,65,1
1771541071.999715,84_3,84,das_work,1.4141108989715576,48258,65,1
1771541083.991325,85_3,85,das_work,2.7995290756225586,48258,66,1
1771541083.9992807,84_3,84,das_work,1.2801432609558103,48258,66,1
1771541095.998557,85_3,85,das_work,7.010509252548218,48258,67,1
1771541096.0097058,84_3,84,das_work,1.9928178787231443,48258,67,1
1771541107.9968617,85_3,85,das_work,2.619873285293579,48258,68,1
1771541107.9974525,84_3,84,das_work,5.658129453659058,48258,68,1
1771541119.9932594,84_3,84,das_work,8.852624893188477,48258,69,1
1771541120.000075,85_3,85,das_work,2.3042120933532715,48258,69,1
1771541131.9825945,85_3,85,das_work,9.07478165626526,48258,70,1
1771541132.0058377,84_3,84,das_work,8.718335151672363,48258,70,1
1771541143.989755,85_3,85,das_work,9.684703588485718,48258,71,1
1771541144.0029695,84_3,84,das_work,6.064435958862305,48258,71,1
1771541156.0053496,84_3,84,das_work,8.857662439346313,48258,72,1
1771541156.0082178,85_3,85,das_work,3.043741464614868,48258,72,1
1771541168.0092757,85_3,85,das_work,5.45457935333252,48258,73,1
1771541168.0131464,84_3,84,das_work,3.809896469116211,48258,73,1
1771541179.9827485,85_3,85,das_work,1.5749623775482178,48258,74,1
1771541179.9835043,84_3,84,das_work,0.7820641994476318,48258,74,1
1771541191.9796004,84_4,84,das_work,6.908227205276489,48258,75,1
1771541191.988669,85_4,85,das_work,7.7212255001068115,48258,75,1
1771541203.99256,84_4,84,das_work,6.179574966430664,48258,76,1
1771541204.0021038,85_4,85,das_work,5.958520174026489,48258,76,1
1771541215.9842036,84_4,84,das_work,3.5586071014404297,48258,77,1
1771541216.020843,85_4,85,das_work,5.759186029434204,48258,77,1
1771541228.027067,84_4,84,das_work,5.678878307342529,48258,78,1
1771541228.033656,85_4,85,das_work,2.5436458587646484,48258,78,1
1771541239.9870045,85_4,85,das_work,2.6341168880462646,48258,79,1
1771541239.990169,84_4,84,das_work,3.365477561950684,48258,79,1
1771541251.984578,85_4,85,das_work,5.757764577865601,48258,80,1
1771541252.0115764,84_4,84,das_work,3.2996842861175537,48258,80,1
1771541263.990252,85_4,85,das_work,5.916657447814941,48258,81,1
1771541264.008113,84_4,84,das_work,3.712710380554199,48258,81,1
1771541275.984892,84_4,84,das_work,6.67795467376709,48258,82,1
1771541275.9969857,85_4,85,das_work,6.462710618972778,48258,82,1
1771541288.0000048,85_4,85,das_work,3.158578634262085,48258,83,1
1771541288.0258656,84_4,84,das_work,7.0883965492248535,48258,83,1
1771541299.971253,84_4,84,das_work,9.794130563735962,48258,84,1
1771541299.9788249,85_4,85,das_work,4.423806190490723,48258,84,1
1771541311.9833846,85_4,85,das_work,2.078577756881714,48258,85,1
1771541312.0059783,84_4,84,das_work,7.097311496734619,48258,85,1
1771541324.0028086,84_4,84,das_work,7.995413780212402,48258,86,1
1771541324.0129628,85_4,85,das_work,2.994903802871704,48258,86,1
1771541335.936683,85_4,85,das_work,8.736617803573608,48258,87,1
1771541335.9378324,84_4,84,das_work,6.078174114227295,48258,87,1
1771541347.9271934,84_4,84,das_work,7.49284815788269,48258,88,1
1771541347.946496,85_4,85,das_work,2.790208578109741,48258,88,1
1771541359.9260616,84_4,84,das_work,0.9579336643218994,48258,89,1
1771541359.9282782,85_4,85,das_work,1.7678101062774658,48258,89,1
1771540472.0358238,86_0,86,das_work,6.515392780303955,48258,15,1
1771540472.0486608,87_0,87,das_work,6.48495626449585,48258,15,1
1771540484.0589583,87_0,87,das_work,5.450817346572876,48258,16,1
1771540484.0603838,86_0,86,das_work,1.7690911293029783,48258,16,1
1771540496.0457168,86_0,86,das_work,8.859660863876343,48258,17,1
1771540496.0463595,87_0,87,das_work,8.728154182434082,48258,17,1
1771540508.043299,86_0,86,das_work,1.996556520462036,48258,18,1
1771540508.0732963,87_0,87,das_work,4.639377593994141,48258,18,1
1771540520.039137,86_0,86,das_work,8.324217557907104,48258,19,1
1771540520.0552456,87_0,87,das_work,6.256890058517456,48258,19,1
1771540532.0570414,86_0,86,das_work,5.966149806976318,48258,20,1
1771540532.0690277,87_0,87,das_work,4.636105537414551,48258,20,1
1771540544.0424905,87_0,87,das_work,4.481390953063965,48258,21,1
1771540544.0507286,86_0,86,das_work,4.532102584838867,48258,21,1
1771540556.0614786,87_0,87,das_work,9.430565118789673,48258,22,1
1771540556.0619965,86_0,86,das_work,5.5770697593688965,48258,22,1
1771540568.0419326,87_0,87,das_work,2.2068142890930176,48258,23,1
1771540568.043861,86_0,86,das_work,8.328405141830444,48258,23,1
1771540580.0348418,87_0,87,das_work,5.65124773979187,48258,24,1
1771540580.0681732,86_0,86,das_work,5.2340967655181885,48258,24,1
1771540592.040259,86_0,86,das_work,6.627294301986694,48258,25,1
1771540592.0441954,87_0,87,das_work,6.98161506652832,48258,25,1
1771540604.0282507,87_0,87,das_work,5.565172433853149,48258,26,1
1771540604.058781,86_0,86,das_work,7.174478530883789,48258,26,1
1771540616.0363855,86_0,86,das_work,3.6093153953552246,48258,27,1
1771540616.0639863,87_0,87,das_work,7.271680116653442,48258,27,1
1771540628.0326388,87_0,87,das_work,4.4808189868927,48258,28,1
1771540628.045535,86_0,86,das_work,5.965166568756104,48258,28,1
1771540640.0418084,87_0,87,das_work,4.835153102874756,48258,29,1
1771540640.069734,86_0,86,das_work,5.757671594619751,48258,29,1
1771540652.0458465,86_1,86,das_work,8.526090621948242,48258,30,1
1771540652.050014,87_1,87,das_work,5.551965236663818,48258,30,1
1771540664.0459402,87_1,87,das_work,6.833164215087891,48258,31,1
1771540664.053785,86_1,86,das_work,7.888607740402222,48258,31,1
1771540676.0423198,86_1,86,das_work,8.648171663284302,48258,32,1
1771540676.0428824,87_1,87,das_work,2.5192010402679443,48258,32,1
1771540688.0451372,87_1,87,das_work,2.381191730499268,48258,33,1
1771540688.0587952,86_1,86,das_work,6.6834704875946045,48258,33,1
1771540700.0349803,87_1,87,das_work,0.6916062831878662,48258,34,1
1771540700.042257,86_1,86,das_work,1.4134531021118164,48258,34,1
1771540712.0379171,87_1,87,das_work,2.0819640159606934,48258,35,1
1771540712.0403678,86_1,86,das_work,1.5870764255523682,48258,35,1
1771540724.0481465,87_1,87,das_work,9.114205360412598,48258,36,1
1771540724.0606644,86_1,86,das_work,4.018667459487915,48258,36,1
1771540736.0486026,87_1,87,das_work,5.074033260345459,48258,37,1
1771540736.0491805,86_1,86,das_work,6.3973424434661865,48258,37,1
1771540748.02926,86_1,86,das_work,3.863405227661133,48258,38,1
1771540748.0298176,87_1,87,das_work,2.6258833408355717,48258,38,1
1771540760.0398655,86_1,86,das_work,4.741336822509766,48258,39,1
1771540760.0529592,87_1,87,das_work,3.39997935295105,48258,39,1
1771540772.0150185,87_1,87,das_work,7.51248574256897,48258,40,1
1771540772.0167892,86_1,86,das_work,1.423600435256958,48258,40,1
1771540784.0207827,86_1,86,das_work,0.8065445423126221,48258,41,1
1771540784.0344276,87_1,87,das_work,4.1200056076049805,48258,41,1
1771540796.0305817,86_1,86,das_work,2.084655284881592,48258,42,1
1771540796.0549622,87_1,87,das_work,2.5992164611816406,48258,42,1
1771540808.0122037,87_1,87,das_work,0.2686126232147217,48258,43,1
1771540808.0363705,86_1,86,das_work,4.124417066574097,48258,43,1
1771540820.0133462,87_1,87,das_work,2.4924910068511963,48258,44,1
1771540820.0261464,86_1,86,das_work,5.048051595687866,48258,44,1
1771540832.0240798,86_2,86,das_work,1.4034836292266846,48258,45,1
1771540832.0510745,87_2,87,das_work,2.4934511184692383,48258,45,1
1771540844.0200412,86_2,86,das_work,8.872380018234253,48258,46,1
1771540844.0423312,87_2,87,das_work,1.156898021697998,48258,46,1
1771540856.0105994,87_2,87,das_work,7.6371142864227295,48258,47,1
1771540856.02946,86_2,86,das_work,6.682141780853272,48258,47,1
1771540868.0075092,87_2,87,das_work,3.341651678085327,48258,48,1
1771540868.0390651,86_2,86,das_work,3.920985698699951,48258,48,1
1771540880.0127249,86_2,86,das_work,8.86190414428711,48258,49,1
1771540880.0298414,87_2,87,das_work,1.873906373977661,48258,49,1
1771540892.0270586,87_2,87,das_work,5.263324022293091,48258,50,1
1771540892.027738,86_2,86,das_work,9.545238971710203,48258,50,1
1771540904.0071516,87_2,87,das_work,4.464196681976318,48258,51,1
1771540904.0101712,86_2,86,das_work,6.907825469970703,48258,51,1
1771540916.0030537,86_2,86,das_work,6.6155078411102295,48258,52,1
1771540916.016581,87_2,87,das_work,5.798184633255005,48258,52,1
1771540928.0007565,87_2,87,das_work,4.969430923461914,48258,53,1
1771540928.020711,86_2,86,das_work,4.4339635372161865,48258,53,1
1771540940.0125988,86_2,86,das_work,8.423094749450684,48258,54,1
1771540940.0153277,87_2,87,das_work,5.888030767440796,48258,54,1
1771540952.0126505,86_2,86,das_work,1.723701238632202,48258,55,1
1771540952.0227244,87_2,87,das_work,2.1849660873413086,48258,55,1
1771540964.010214,86_2,86,das_work,3.844099521636963,48258,56,1
1771540964.0141947,87_2,87,das_work,8.768531799316406,48258,56,1
1771540976.0033307,86_2,86,das_work,1.8925819396972656,48258,57,1
1771540976.0336418,87_2,87,das_work,4.551475763320923,48258,57,1
1771540987.9968348,87_2,87,das_work,7.487763404846191,48258,58,1
1771540988.012605,86_2,86,das_work,0.675199031829834,48258,58,1
1771541000.0158863,86_2,86,das_work,9.285504341125488,48258,59,1
1771541000.0338256,87_2,87,das_work,2.889910697937012,48258,59,1
1771541011.9967055,87_3,87,das_work,10.074541568756104,48258,60,1
1771541012.013335,86_3,86,das_work,8.79706597328186,48258,60,1
1771541024.0076013,86_3,86,das_work,3.330401659011841,48258,61,1
1771541024.0103729,87_3,87,das_work,7.191994667053223,48258,61,1
1771541035.995829,87_3,87,das_work,4.997972726821899,48258,62,1
1771541036.010976,86_3,86,das_work,5.730614423751831,48258,62,1
1771541048.0035782,87_3,87,das_work,3.762861251831055,48258,63,1
1771541048.0040903,86_3,86,das_work,9.287886142730711,48258,63,1
1771541059.9991455,86_3,86,das_work,8.4652578830719,48258,64,1
1771541059.9997315,87_3,87,das_work,1.6197247505187988,48258,64,1
1771541071.9954736,87_3,87,das_work,3.968526124954224,48258,65,1
1771541072.0063298,86_3,86,das_work,5.851308822631836,48258,65,1
1771541084.015129,86_3,86,das_work,1.9048824310302732,48258,66,1
1771541084.033627,87_3,87,das_work,1.9869844913482664,48258,66,1
1771541096.0043497,87_3,87,das_work,3.856961250305176,48258,67,1
1771541096.0167096,86_3,86,das_work,4.2201988697052,48258,67,1
1771541107.9990666,86_3,86,das_work,3.720405817031861,48258,68,1
1771541108.0294712,87_3,87,das_work,9.006157636642456,48258,68,1
1771541120.0018885,87_3,87,das_work,8.443371534347534,48258,69,1
1771541120.022296,86_3,86,das_work,3.513658046722412,48258,69,1
1771541131.991981,86_3,86,das_work,9.087185144424438,48258,70,1
1771541131.9954844,87_3,87,das_work,1.110926628112793,48258,70,1
1771541143.9849472,86_3,86,das_work,2.7203171253204346,48258,71,1
1771541144.020701,87_3,87,das_work,8.705862283706665,48258,71,1
1771541155.9976904,87_3,87,das_work,8.886654615402222,48258,72,1
1771541155.9999433,86_3,86,das_work,3.2143921852111816,48258,72,1
1771541167.9978795,86_3,86,das_work,1.177706241607666,48258,73,1
1771541168.0266323,87_3,87,das_work,7.182770729064941,48258,73,1
1771541179.9825385,86_3,86,das_work,3.259877443313598,48258,74,1
1771541180.0005076,87_3,87,das_work,9.031996488571169,48258,74,1
1771541191.9807577,87_4,87,das_work,9.5968177318573,48258,75,1
1771541191.9890263,86_4,86,das_work,2.366550922393799,48258,75,1
1771541203.9795463,87_4,87,das_work,4.262092590332031,48258,76,1
1771541203.9990652,86_4,86,das_work,5.988061904907227,48258,76,1
1771541215.9780028,87_4,87,das_work,4.862781047821045,48258,77,1
1771541215.9847152,86_4,86,das_work,4.531559705734253,48258,77,1
1771541228.0183132,87_4,87,das_work,2.3919599056243896,48258,78,1
1771541228.040885,86_4,86,das_work,4.158735752105713,48258,78,1
1771541239.9888215,87_4,87,das_work,5.266294240951538,48258,79,1
1771541240.0037706,86_4,86,das_work,2.9092421531677246,48258,79,1
1771541251.983272,86_4,86,das_work,9.152950286865234,48258,80,1
1771541251.9911964,87_4,87,das_work,1.6812546253204346,48258,80,1
1771541263.981049,87_4,87,das_work,8.025280952453613,48258,81,1
1771541263.9949102,86_4,86,das_work,4.215431213378906,48258,81,1
1771541275.9732718,86_4,86,das_work,2.848184585571289,48258,82,1
1771541275.9847603,87_4,87,das_work,8.498774290084839,48258,82,1
1771541288.0115948,86_4,86,das_work,9.90279769897461,48258,83,1
1771541288.0181894,87_4,87,das_work,1.4965567588806152,48258,83,1
1771541299.969695,86_4,86,das_work,4.66982889175415,48258,84,1
1771541300.0077658,87_4,87,das_work,2.493436336517334,48258,84,1
1771541311.953048,87_4,87,das_work,3.0422370433807373,48258,85,1
1771541311.9539473,86_4,86,das_work,4.791395425796509,48258,85,1
1771541323.951251,87_4,87,das_work,5.237022399902344,48258,86,1
1771541323.9861083,86_4,86,das_work,0.6502261161804199,48258,86,1
1771541335.9413683,86_4,86,das_work,8.205165386199951,48258,87,1
1771541335.941897,87_4,87,das_work,4.730759859085083,48258,87,1
1771541347.9329245,86_4,86,das_work,1.9795377254486084,48258,88,1
1771541347.9766262,87_4,87,das_work,8.304247856140137,48258,88,1
1771541359.938342,87_4,87,das_work,2.2855093479156494,48258,89,1
1771541359.9389944,86_4,86,das_work,8.009408235549927,48258,89,1
1771540472.031247,88_0,88,das_work,8.147952795028687,48258,15,1
1771540484.0500972,88_0,88,das_work,8.23087453842163,48258,16,1
1771540484.0510256,89_0,89,das_work,9.057922840118408,48258,16,1
1771540496.0449672,88_0,88,das_work,6.590942621231079,48258,17,1
1771540496.0458112,89_0,89,das_work,1.0135548114776611,48258,17,1
1771540508.0622532,88_0,88,das_work,6.383993148803711,48258,18,1
1771540508.0627682,89_0,89,das_work,9.029167890548706,48258,18,1
1771540520.0331311,89_0,89,das_work,9.263433933258057,48258,19,1
1771540520.061936,88_0,88,das_work,6.972545862197876,48258,19,1
1771540532.0559156,89_0,89,das_work,5.368120431900024,48258,20,1
1771540532.0622728,88_0,88,das_work,8.26542329788208,48258,20,1
1771540544.0632696,88_0,88,das_work,7.601149797439575,48258,21,1
1771540544.0638225,89_0,89,das_work,8.327895641326904,48258,21,1
1771540556.039869,89_0,89,das_work,5.0614941120147705,48258,22,1
1771540556.0496633,88_0,88,das_work,1.3756675720214844,48258,22,1
1771540568.030172,88_0,88,das_work,5.762653589248657,48258,23,1
1771540568.0311987,89_0,89,das_work,1.8261752128601076,48258,23,1
1771540580.031399,88_0,88,das_work,8.317596197128296,48258,24,1
1771540580.0388734,89_0,89,das_work,7.683938503265381,48258,24,1
1771540592.0342648,88_0,88,das_work,6.122496366500855,48258,25,1
1771540592.0454495,89_0,89,das_work,9.02810549736023,48258,25,1
1771540604.0438066,88_0,88,das_work,1.5734071731567385,48258,26,1
1771540604.0691795,89_0,89,das_work,8.300579071044922,48258,26,1
1771540616.0391915,88_0,88,das_work,4.277922868728638,48258,27,1
1771540616.0464416,89_0,89,das_work,5.925019025802612,48258,27,1
1771540628.0466175,88_0,88,das_work,1.9304537773132324,48258,28,1
1771540628.0501158,89_0,89,das_work,0.4514732360839844,48258,28,1
1771540640.024767,88_0,88,das_work,4.335273265838623,48258,29,1
1771540640.0293863,89_0,89,das_work,7.620782375335693,48258,29,1
1771540652.0264063,89_0,89,das_work,7.70386266708374,48258,30,1
1771540652.0390365,88_1,88,das_work,5.9200358390808105,48258,30,1
1771540664.033871,89_1,89,das_work,1.696955919265747,48258,31,1
1771540664.0536458,88_1,88,das_work,7.588643312454224,48258,31,1
1771540676.022402,88_1,88,das_work,7.187338590621948,48258,32,1
1771540676.0628977,89_1,89,das_work,9.322321653366089,48258,32,1
1771540688.043605,88_1,88,das_work,5.97224760055542,48258,33,1
1771540688.0465195,89_1,89,das_work,2.489237070083618,48258,33,1
1771540700.0309565,88_1,88,das_work,6.710888624191284,48258,34,1
1771540700.042685,89_1,89,das_work,1.8224799633026123,48258,34,1
1771540712.034597,88_1,88,das_work,3.8731298446655273,48258,35,1
1771540712.0430355,89_1,89,das_work,2.0921616554260254,48258,35,1
1771540724.0274737,89_1,89,das_work,5.694717645645142,48258,36,1
1771540724.0483463,88_1,88,das_work,7.5852744579315186,48258,36,1
1771540736.044968,88_1,88,das_work,9.127291440963743,48258,37,1
1771540736.046058,89_1,89,das_work,1.0593979358673096,48258,37,1
1771540748.0214858,89_1,89,das_work,7.772020101547241,48258,38,1
1771540748.027954,88_1,88,das_work,10.239717721939089,48258,38,1
1771540760.0226371,88_1,88,das_work,5.252196311950684,48258,39,1
1771540760.0401163,89_1,89,das_work,10.13897442817688,48258,39,1
1771540772.028459,88_1,88,das_work,5.786403894424439,48258,40,1
1771540772.0414958,89_1,89,das_work,8.610970735549927,48258,40,1
1771540784.0193183,89_1,89,das_work,9.49468231201172,48258,41,1
1771540784.0237696,88_1,88,das_work,2.616615056991577,48258,41,1
1771540796.0156603,88_1,88,das_work,1.5931589603424072,48258,42,1
1771540796.0268888,89_1,89,das_work,6.16826319694519,48258,42,1
1771540808.019735,88_1,88,das_work,9.26633358001709,48258,43,1
1771540808.0202844,89_1,89,das_work,3.257420539855957,48258,43,1
1771540820.015591,88_1,88,das_work,5.273459196090698,48258,44,1
1771540820.0335655,89_1,89,das_work,7.435458660125732,48258,44,1
1771540832.0305183,88_2,88,das_work,1.58147931098938,48258,45,1
1771540832.0450256,89_1,89,das_work,2.7021937370300293,48258,45,1
1771540844.0121624,89_2,89,das_work,6.3020853996276855,48258,46,1
1771540844.0249991,88_2,88,das_work,5.752726316452026,48258,46,1
1771540856.016206,89_2,89,das_work,9.960647344589232,48258,47,1
1771540856.047831,88_2,88,das_work,3.0927734375,48258,47,1
1771540868.0107875,89_2,89,das_work,8.446125984191895,48258,48,1
1771540868.0126524,88_2,88,das_work,1.291309118270874,48258,48,1
1771540880.0104887,88_2,88,das_work,7.725112438201904,48258,49,1
1771540880.0206518,89_2,89,das_work,1.8032121658325195,48258,49,1
1771540892.0382464,89_2,89,das_work,4.227276563644409,48258,50,1
1771540892.0467691,88_2,88,das_work,9.113400936126707,48258,50,1
1771540904.0088491,88_2,88,das_work,6.602430582046509,48258,51,1
1771540904.0129695,89_2,89,das_work,8.405485153198242,48258,51,1
1771540916.0062826,89_2,89,das_work,5.313067197799683,48258,52,1
1771540916.010679,88_2,88,das_work,4.1601243019104,48258,52,1
1771540928.0053682,89_2,89,das_work,9.453403234481812,48258,53,1
1771540928.0373476,88_2,88,das_work,8.416410207748413,48258,53,1
1771540940.002153,89_2,89,das_work,4.8914830684661865,48258,54,1
1771540940.015187,88_2,88,das_work,7.950393438339233,48258,54,1
1771540952.0109692,89_2,89,das_work,6.398891925811768,48258,55,1
1771540952.022936,88_2,88,das_work,3.513016700744629,48258,55,1
1771540964.005337,88_2,88,das_work,6.86804723739624,48258,56,1
1771540964.0093029,89_2,89,das_work,7.289976596832275,48258,56,1
1771540976.0031767,89_2,89,das_work,1.9802286624908447,48258,57,1
1771540976.032555,88_2,88,das_work,5.9533796310424805,48258,57,1
1771540987.998968,89_2,89,das_work,3.41837215423584,48258,58,1
1771540988.012747,88_2,88,das_work,9.524531841278076,48258,58,1
1771541000.0326042,88_2,88,das_work,8.923496961593628,48258,59,1
1771541000.0377247,89_2,89,das_work,4.725494384765625,48258,59,1
1771541012.0060291,89_2,89,das_work,3.860535144805908,48258,60,1
1771541012.006863,88_3,88,das_work,6.19397234916687,48258,60,1
1771541023.998571,88_3,88,das_work,4.567894458770752,48258,61,1
1771541024.0027268,89_3,89,das_work,4.186696529388428,48258,61,1
1771541035.9939053,88_3,88,das_work,7.2246551513671875,48258,62,1
1771541036.0266788,89_3,89,das_work,3.922176837921143,48258,62,1
1771541047.994382,88_3,88,das_work,3.787330150604248,48258,63,1
1771541048.0069582,89_3,89,das_work,9.409149408340454,48258,63,1
1771541059.9923313,89_3,89,das_work,4.941073894500732,48258,64,1
1771541060.016137,88_3,88,das_work,8.500743627548218,48258,64,1
1771541071.9978263,88_3,88,das_work,7.311018466949463,48258,65,1
1771541072.0084176,89_3,89,das_work,3.3102447986602783,48258,65,1
1771541084.0062892,88_3,88,das_work,6.0879807472229,48258,66,1
1771541084.0318367,89_3,89,das_work,5.550825595855713,48258,66,1
1771541095.9982717,89_3,89,das_work,4.179809331893921,48258,67,1
1771541096.0002637,88_3,88,das_work,2.2017312049865723,48258,67,1
1771541108.0167627,88_3,88,das_work,8.72869062423706,48258,68,1
1771541108.025171,89_3,89,das_work,8.505263090133667,48258,68,1
1771541119.9960206,89_3,89,das_work,8.256193161010742,48258,69,1
1771541120.0178628,88_3,88,das_work,3.102242946624756,48258,69,1
1771541131.993902,89_3,89,das_work,7.836797475814819,48258,70,1
1771541131.9986594,88_3,88,das_work,2.4526889324188232,48258,70,1
1771541143.9879725,88_3,88,das_work,4.334829807281494,48258,71,1
1771541143.991323,89_3,89,das_work,6.916269540786743,48258,71,1
1771541155.994928,88_3,88,das_work,4.589399099349976,48258,72,1
1771541156.001861,89_3,89,das_work,4.84020733833313,48258,72,1
1771541168.000994,89_3,89,das_work,4.373952150344849,48258,73,1
1771541168.01286,88_3,88,das_work,2.794928550720215,48258,73,1
1771541179.9954894,89_3,89,das_work,2.9973137378692627,48258,74,1
1771541179.9983826,88_3,88,das_work,6.298439979553223,48258,74,1
1771541191.991407,88_4,88,das_work,9.556846618652344,48258,75,1
1771541191.9997084,89_3,89,das_work,0.7538278102874756,48258,75,1
1771541203.980007,88_4,88,das_work,1.17741060256958,48258,76,1
1771541204.0022912,89_4,89,das_work,8.20007610321045,48258,76,1
1771541215.9773316,89_4,89,das_work,7.616327524185181,48258,77,1
1771541215.9802494,88_4,88,das_work,8.730467796325684,48258,77,1
1771541228.023889,88_4,88,das_work,7.812312364578247,48258,78,1
1771541228.043859,89_4,89,das_work,9.140539169311523,48258,78,1
1771541239.985881,89_4,89,das_work,8.953788757324219,48258,79,1
1771541240.0085096,88_4,88,das_work,7.494297027587891,48258,79,1
1771541251.976353,88_4,88,das_work,8.922375917434692,48258,80,1
1771541251.9928904,89_4,89,das_work,2.63022780418396,48258,80,1
1771541263.9853995,89_4,89,das_work,8.02666974067688,48258,81,1
1771541263.9930713,88_4,88,das_work,8.102324962615967,48258,81,1
1771541275.977846,88_4,88,das_work,5.248560905456543,48258,82,1
1771541275.981167,89_4,89,das_work,8.198939800262451,48258,82,1
1771541287.9958348,89_4,89,das_work,7.297776937484741,48258,83,1
1771541288.0029154,88_4,88,das_work,5.46010684967041,48258,83,1
1771541299.966918,88_4,88,das_work,4.77767014503479,48258,84,1
1771541299.9717553,89_4,89,das_work,4.489416122436523,48258,84,1
1771541311.9546938,88_4,88,das_work,6.058746337890625,48258,85,1
1771541311.9557872,89_4,89,das_work,2.411600112915039,48258,85,1
1771541323.948071,88_4,88,das_work,5.472714424133301,48258,86,1
1771541323.9486108,89_4,89,das_work,7.891720533370972,48258,86,1
1771541335.994208,89_4,89,das_work,2.6913087368011475,48258,87,1
1771541335.9973612,88_4,88,das_work,7.889334678649902,48258,87,1
1771541347.969555,89_4,89,das_work,1.365852117538452,48258,88,1
1771541347.9917648,88_4,88,das_work,5.245806932449341,48258,88,1
1771541359.9509118,88_4,88,das_work,3.5117557048797607,48258,89,1
1771541359.9994414,89_4,89,das_work,4.637719631195068,48258,89,1
1771541371.9745476,89_4,89,das_work,8.622370481491089,48258,90,1
1771540472.0421534,91_0,91,das_work,8.857202768325806,48258,15,1
1771540484.0428936,90_0,90,das_work,10.655358791351318,48258,16,1
1771540484.0580354,91_0,91,das_work,8.005400657653809,48258,16,1
1771540496.0518663,91_0,91,das_work,5.317470073699951,48258,17,1
1771540496.0524752,90_0,90,das_work,9.170891523361206,48258,17,1
1771540508.0500395,91_0,91,das_work,2.6242516040802,48258,18,1
1771540508.0760424,90_0,90,das_work,4.751361846923828,48258,18,1
1771540520.0325036,91_0,91,das_work,6.0325026512146,48258,19,1
1771540520.0365255,90_0,90,das_work,5.530143976211548,48258,19,1
1771540532.0503392,91_0,91,das_work,4.236052989959717,48258,20,1
1771540532.0672593,90_0,90,das_work,9.601414442062378,48258,20,1
1771540544.03187,90_0,90,das_work,5.498427629470825,48258,21,1
1771540544.061392,91_0,91,das_work,1.9737820625305176,48258,21,1
1771540556.0569968,91_0,91,das_work,1.3598313331604004,48258,22,1
1771540556.0594008,90_0,90,das_work,8.596491575241089,48258,22,1
1771540568.0478013,91_0,91,das_work,10.17869257926941,48258,23,1
1771540568.065281,90_0,90,das_work,1.9771745204925537,48258,23,1
1771540580.0385969,91_0,91,das_work,2.140032768249512,48258,24,1
1771540580.0471306,90_0,90,das_work,7.386991024017334,48258,24,1
1771540592.0480556,90_0,90,das_work,7.104013442993164,48258,25,1
1771540592.048595,91_0,91,das_work,5.4794111251831055,48258,25,1
1771540604.040609,91_0,91,das_work,9.13605809211731,48258,26,1
1771540604.0635085,90_0,90,das_work,5.444476366043091,48258,26,1
1771540616.0492358,90_0,90,das_work,6.064668416976929,48258,27,1
1771540616.064904,91_0,91,das_work,7.088059425354004,48258,27,1
1771540628.03979,91_0,91,das_work,3.877548694610596,48258,28,1
1771540628.059796,90_0,90,das_work,8.907066345214844,48258,28,1
1771540640.0307498,91_0,91,das_work,6.984938383102417,48258,29,1
1771540640.0337317,90_0,90,das_work,8.756362915039062,48258,29,1
1771540652.052567,90_0,90,das_work,6.301173210144043,48258,30,1
1771540652.0531106,91_1,91,das_work,4.465855121612549,48258,30,1
1771540664.0311155,90_1,90,das_work,1.3910973072052002,48258,31,1
1771540664.049034,91_1,91,das_work,6.779444932937622,48258,31,1
1771540676.0208478,90_1,90,das_work,1.3176774978637695,48258,32,1
1771540676.048559,91_1,91,das_work,0.8529622554779053,48258,32,1
1771540688.0219305,91_1,91,das_work,1.5772223472595217,48258,33,1
1771540688.0469048,90_1,90,das_work,7.785227060317993,48258,33,1
1771540700.0331,91_1,91,das_work,6.279706954956055,48258,34,1
1771540700.034424,90_1,90,das_work,7.929907083511352,48258,34,1
1771540712.0321336,91_1,91,das_work,5.948699474334717,48258,35,1
1771540712.033317,90_1,90,das_work,5.048069477081299,48258,35,1
1771540724.035435,90_1,90,das_work,3.3166511058807373,48258,36,1
1771540724.036615,91_1,91,das_work,2.7298641204833984,48258,36,1
1771540736.0247734,91_1,91,das_work,3.4526662826538086,48258,37,1
1771540736.034865,90_1,90,das_work,6.3727874755859375,48258,37,1
1771540748.035382,91_1,91,das_work,4.025889158248901,48258,38,1
1771540748.0553086,90_1,90,das_work,9.439879179000854,48258,38,1
1771540760.0246878,90_1,90,das_work,3.770127773284912,48258,39,1
1771540760.0476425,91_1,91,das_work,2.6953461170196533,48258,39,1
1771540772.0119352,91_1,91,das_work,4.68103814125061,48258,40,1
1771540772.0534418,90_1,90,das_work,5.147300004959106,48258,40,1
1771540784.013549,90_1,90,das_work,4.024521350860596,48258,41,1
1771540784.0336788,91_1,91,das_work,1.482203722000122,48258,41,1
1771540796.013509,91_1,91,das_work,3.6674399375915527,48258,42,1
1771540796.0280688,90_1,90,das_work,2.393484354019165,48258,42,1
1771540808.0320168,91_1,91,das_work,6.573390960693359,48258,43,1
1771540808.0509007,90_1,90,das_work,2.17945408821106,48258,43,1
1771540820.018881,90_1,90,das_work,3.5218169689178467,48258,44,1
1771540820.033136,91_1,91,das_work,6.739147663116455,48258,44,1
1771540832.0274546,90_1,90,das_work,3.1478796005249023,48258,45,1
1771540832.0331593,91_2,91,das_work,8.945918560028076,48258,45,1
1771540844.008204,91_2,91,das_work,6.195843696594238,48258,46,1
1771540844.0221074,90_2,90,das_work,5.996101379394531,48258,46,1
1771540856.0108542,91_2,91,das_work,5.554495334625244,48258,47,1
1771540856.0142682,90_2,90,das_work,1.8232605457305908,48258,47,1
1771540868.0112205,91_2,91,das_work,2.1384546756744385,48258,48,1
1771540868.0404158,90_2,90,das_work,1.9896252155303955,48258,48,1
1771540880.031426,90_2,90,das_work,5.336923599243164,48258,49,1
1771540880.0469885,91_2,91,das_work,2.8952603340148926,48258,49,1
1771540892.008466,91_2,91,das_work,8.138792276382446,48258,50,1
1771540892.0261743,90_2,90,das_work,3.211376905441284,48258,50,1
1771540904.0033314,90_2,90,das_work,0.8909604549407959,48258,51,1
1771540904.0338032,91_2,91,das_work,1.6698992252349854,48258,51,1
1771540916.0023594,90_2,90,das_work,1.5219924449920654,48258,52,1
1771540916.0093117,91_2,91,das_work,5.993676662445068,48258,52,1
1771540928.0032222,91_2,91,das_work,3.966134786605835,48258,53,1
1771540928.021047,90_2,90,das_work,6.571421384811401,48258,53,1
1771540940.0139132,91_2,91,das_work,6.729443788528442,48258,54,1
1771540940.0457182,90_2,90,das_work,5.448502779006958,48258,54,1
1771540952.02433,90_2,90,das_work,8.427682399749756,48258,55,1
1771540952.024902,91_2,91,das_work,5.485476732254028,48258,55,1
1771540964.0120823,90_2,90,das_work,3.0259835720062256,48258,56,1
1771540964.0215774,91_2,91,das_work,4.740229845046997,48258,56,1
1771540975.9995522,90_2,90,das_work,1.605370044708252,48258,57,1
1771540976.0036068,91_2,91,das_work,2.828546524047852,48258,57,1
1771540987.99673,91_2,91,das_work,5.709478139877319,48258,58,1
1771540988.0003402,90_2,90,das_work,3.754793882369995,48258,58,1
1771541000.037971,90_2,90,das_work,8.440362453460693,48258,59,1
1771541000.0394409,91_2,91,das_work,5.796143293380737,48258,59,1
1771541011.9969358,91_3,91,das_work,7.405932903289795,48258,60,1
1771541012.0094535,90_2,90,das_work,8.6897714138031,48258,60,1
1771541023.997657,91_3,91,das_work,4.257035493850708,48258,61,1
1771541024.0221684,90_3,90,das_work,3.3985042572021484,48258,61,1
1771541036.0007143,90_3,90,das_work,4.968716859817505,48258,62,1
1771541036.0038154,91_3,91,das_work,8.640555620193481,48258,62,1
1771541047.9951468,91_3,91,das_work,2.0316476821899414,48258,63,1
1771541048.0015392,90_3,90,das_work,8.727022171020508,48258,63,1
1771541060.0098755,90_3,90,das_work,9.770835876464844,48258,64,1
1771541060.0149748,91_3,91,das_work,9.67249631881714,48258,64,1
1771541072.001006,90_3,90,das_work,0.9884672164916992,48258,65,1
1771541072.030556,91_3,91,das_work,4.432429313659668,48258,65,1
1771541083.9967885,91_3,91,das_work,8.109000444412231,48258,66,1
1771541083.9980948,90_3,90,das_work,4.053852796554565,48258,66,1
1771541096.0032008,90_3,90,das_work,0.7298614978790283,48258,67,1
1771541096.0037885,91_3,91,das_work,7.358000040054321,48258,67,1
1771541108.0023634,90_3,90,das_work,9.579619646072388,48258,68,1
1771541108.026831,91_3,91,das_work,7.997310400009155,48258,68,1
1771541120.0016818,91_3,91,das_work,3.939998865127564,48258,69,1
1771541120.0224748,90_3,90,das_work,4.326066970825195,48258,69,1
1771541131.98919,90_3,90,das_work,4.8620781898498535,48258,70,1
1771541131.99497,91_3,91,das_work,5.955515861511231,48258,70,1
1771541143.991571,91_3,91,das_work,5.678471565246582,48258,71,1
1771541144.0107267,90_3,90,das_work,5.334011316299439,48258,71,1
1771541155.990769,90_3,90,das_work,6.7369372844696045,48258,72,1
1771541156.0108528,91_3,91,das_work,4.055589437484741,48258,72,1
1771541167.9988372,91_3,91,das_work,3.650400876998901,48258,73,1
1771541168.0030746,90_3,90,das_work,0.7125000953674316,48258,73,1
1771541179.98307,91_3,91,das_work,7.0076892375946045,48258,74,1
1771541179.9944537,90_3,90,das_work,4.697366952896118,48258,74,1
1771541191.9804406,90_3,90,das_work,8.940012693405151,48258,75,1
1771541191.9962268,91_4,91,das_work,0.7594513893127441,48258,75,1
1771541203.9904463,90_4,90,das_work,5.291983127593994,48258,76,1
1771541204.0003707,91_4,91,das_work,1.1642427444458008,48258,76,1
1771541215.99026,90_4,90,das_work,2.4486865997314453,48258,77,1
1771541216.0133803,91_4,91,das_work,8.405101537704468,48258,77,1
1771541228.027244,90_4,90,das_work,1.4706449508666992,48258,78,1
1771541228.0314093,91_4,91,das_work,5.788439035415649,48258,78,1
1771541239.989206,90_4,90,das_work,1.6842536926269531,48258,79,1
1771541239.9953444,91_4,91,das_work,6.832279443740845,48258,79,1
1771541251.9829185,91_4,91,das_work,6.296739816665649,48258,80,1
1771541252.0063784,90_4,90,das_work,4.733516216278076,48258,80,1
1771541263.978094,90_4,90,das_work,10.05510640144348,48258,81,1
1771541264.007081,91_4,91,das_work,4.021186113357544,48258,81,1
1771541275.9808924,90_4,90,das_work,5.97564172744751,48258,82,1
1771541276.0016303,91_4,91,das_work,1.8762109279632568,48258,82,1
1771541288.008637,91_4,91,das_work,2.105262517929077,48258,83,1
1771541288.01889,90_4,90,das_work,3.9313645362854,48258,83,1
1771541299.9666228,91_4,91,das_work,4.862452983856201,48258,84,1
1771541299.9746797,90_4,90,das_work,8.409965515136719,48258,84,1
1771541311.9562185,90_4,90,das_work,5.067776203155518,48258,85,1
1771541312.0070236,91_4,91,das_work,2.7930808067321777,48258,85,1
1771541323.947386,91_4,91,das_work,9.043370723724363,48258,86,1
1771541323.9578114,90_4,90,das_work,2.485264301300049,48258,86,1
1771541335.9364846,90_4,90,das_work,2.823007822036743,48258,87,1
1771541335.9370265,91_4,91,das_work,5.471283435821533,48258,87,1
1771541347.9860373,91_4,91,das_work,1.566206693649292,48258,88,1
1771541348.004517,90_4,90,das_work,9.125464677810667,48258,88,1
1771541359.92903,90_4,90,das_work,6.877559185028076,48258,89,1
1771541359.9983711,91_4,91,das_work,6.685060977935791,48258,89,1
1771541371.9919355,90_4,90,das_work,1.2609469890594482,48258,90,1
1771540484.0404797,92_0,92,das_work,7.44542384147644,48258,16,1
1771540484.0536995,93_0,93,das_work,5.145459890365601,48258,16,1
1771540496.046415,92_0,92,das_work,1.371711492538452,48258,17,1
1771540496.0662816,93_0,93,das_work,7.88879919052124,48258,17,1
1771540508.042972,92_0,92,das_work,2.4885098934173584,48258,18,1
1771540508.0509424,93_0,93,das_work,5.958509683609009,48258,18,1
1771540520.0533028,93_0,93,das_work,3.818293809890747,48258,19,1
1771540520.075552,92_0,92,das_work,4.315715551376343,48258,19,1
1771540532.0446727,93_0,93,das_work,8.853867292404175,48258,20,1
1771540532.0591004,92_0,92,das_work,6.697488307952881,48258,20,1
1771540544.0429838,93_0,93,das_work,6.7180256843566895,48258,21,1
1771540544.0585115,92_0,92,das_work,4.726161241531372,48258,21,1
1771540556.036044,92_0,92,das_work,7.939134836196899,48258,22,1
1771540556.043749,93_0,93,das_work,3.551621913909912,48258,22,1
1771540568.044335,92_0,92,das_work,8.518230676651001,48258,23,1
1771540568.057627,93_0,93,das_work,3.4110026359558105,48258,23,1
1771540580.0326543,93_0,93,das_work,3.23282241821289,48258,24,1
1771540580.0656643,92_0,92,das_work,1.7765238285064695,48258,24,1
1771540592.029566,92_0,92,das_work,1.0735886096954346,48258,25,1
1771540592.042766,93_0,93,das_work,3.643010854721069,48258,25,1
1771540604.0424066,92_0,92,das_work,5.1682538986206055,48258,26,1
1771540604.0431414,93_0,93,das_work,2.895411968231201,48258,26,1
1771540616.0496948,93_0,93,das_work,9.52606725692749,48258,27,1
1771540616.064437,92_0,92,das_work,6.463334083557129,48258,27,1
1771540628.032511,92_0,92,das_work,5.894991636276245,48258,28,1
1771540628.046025,93_0,93,das_work,2.392011404037476,48258,28,1
1771540640.0360632,93_0,93,das_work,7.815255880355835,48258,29,1
1771540640.0521562,92_0,92,das_work,8.703550577163696,48258,29,1
1771540652.0290546,92_0,92,das_work,8.32886528968811,48258,30,1
1771540652.0350816,93_0,93,das_work,5.151933431625366,48258,30,1
1771540664.029245,93_1,93,das_work,5.58737325668335,48258,31,1
1771540664.031675,92_1,92,das_work,9.08522081375122,48258,31,1
1771540676.0268774,93_1,93,das_work,9.245523691177368,48258,32,1
1771540676.038246,92_1,92,das_work,3.140676975250244,48258,32,1
1771540688.0591984,92_1,92,das_work,3.333472728729248,48258,33,1
1771540688.0598,93_1,93,das_work,2.6260666847229004,48258,33,1
1771540700.027557,93_1,93,das_work,4.809333562850952,48258,34,1
1771540700.0432792,92_1,92,das_work,9.72913122177124,48258,34,1
1771540712.0184543,93_1,93,das_work,2.8417296409606934,48258,35,1
1771540712.0382054,92_1,92,das_work,5.775349378585815,48258,35,1
1771540724.0363183,93_1,93,das_work,5.780022382736206,48258,36,1
1771540724.0594292,92_1,92,das_work,6.971705913543701,48258,36,1
1771540736.03232,93_1,93,das_work,6.203681945800781,48258,37,1
1771540736.051028,92_1,92,das_work,8.098352909088135,48258,37,1
1771540748.0155015,92_1,92,das_work,1.6775190830230713,48258,38,1
1771540748.0344183,93_1,93,das_work,7.596144914627075,48258,38,1
1771540760.034116,93_1,93,das_work,3.30781364440918,48258,39,1
1771540760.0485966,92_1,92,das_work,5.648105621337891,48258,39,1
1771540772.013728,93_1,93,das_work,6.4116692543029785,48258,40,1
1771540772.0201693,92_1,92,das_work,9.579840421676636,48258,40,1
1771540784.0443242,92_1,92,das_work,2.3922834396362305,48258,41,1
1771540784.0448976,93_1,93,das_work,4.037152290344238,48258,41,1
1771540796.0168629,93_1,93,das_work,3.746026277542114,48258,42,1
1771540796.0194688,92_1,92,das_work,1.4762821197509766,48258,42,1
1771540808.0148375,92_1,92,das_work,7.628883600234985,48258,43,1
1771540808.0312407,93_1,93,das_work,1.7751526832580566,48258,43,1
1771540820.0157506,93_1,93,das_work,4.1488964557647705,48258,44,1
1771540820.0194888,92_1,92,das_work,4.883622884750366,48258,44,1
1771540832.020573,92_1,92,das_work,1.914926290512085,48258,45,1
1771540832.0272696,93_1,93,das_work,2.745519161224365,48258,45,1
1771540844.0161242,93_2,93,das_work,7.002586364746094,48258,46,1
1771540844.0166323,92_2,92,das_work,3.53995943069458,48258,46,1
1771540856.0126553,93_2,93,das_work,6.61308741569519,48258,47,1
1771540856.0198886,92_2,92,das_work,2.447632074356079,48258,47,1
1771540868.0083606,92_2,92,das_work,4.469235181808472,48258,48,1
1771540868.008968,93_2,93,das_work,1.5155673027038574,48258,48,1
1771540880.0337253,92_2,92,das_work,6.820902824401856,48258,49,1
1771540880.03433,93_2,93,das_work,9.263896703720093,48258,49,1
1771540892.046978,93_2,93,das_work,5.082397222518921,48258,50,1
1771540892.047596,92_2,92,das_work,9.362138032913208,48258,50,1
1771540904.007591,92_2,92,das_work,7.397350788116455,48258,51,1
1771540904.0159996,93_2,93,das_work,2.7942769527435303,48258,51,1
1771540916.004864,92_2,92,das_work,5.578412055969238,48258,52,1
1771540916.0196972,93_2,93,das_work,4.463349103927612,48258,52,1
1771540928.0024245,92_2,92,das_work,9.069682359695436,48258,53,1
1771540928.035767,93_2,93,das_work,5.554504871368408,48258,53,1
1771540940.005754,93_2,93,das_work,10.355568408966064,48258,54,1
1771540940.0257392,92_2,92,das_work,4.530883073806763,48258,54,1
1771540952.0088637,93_2,93,das_work,9.063145875930786,48258,55,1
1771540952.0231595,92_2,92,das_work,1.674536943435669,48258,55,1
1771540964.0079596,93_2,93,das_work,6.275021314620972,48258,56,1
1771540964.0234704,92_2,92,das_work,3.98278546333313,48258,56,1
1771540976.0046957,92_2,92,das_work,1.065791368484497,48258,57,1
1771540976.0093455,93_2,93,das_work,3.8714752197265625,48258,57,1
1771540988.0072763,93_2,93,das_work,8.939289093017578,48258,58,1
1771540988.013344,92_2,92,das_work,4.120806455612183,48258,58,1
1771541000.0067785,93_2,93,das_work,1.3005092144012451,48258,59,1
1771541000.0112526,92_2,92,das_work,0.9874758720397948,48258,59,1
1771541012.001073,92_2,92,das_work,5.377115964889526,48258,60,1
1771541012.0202413,93_2,93,das_work,9.960494995117188,48258,60,1
1771541023.9948454,92_3,92,das_work,2.431013345718384,48258,61,1
1771541024.0030053,93_3,93,das_work,2.297853946685791,48258,61,1
1771541035.997144,93_3,93,das_work,1.9781901836395264,48258,62,1
1771541036.024613,92_3,92,das_work,7.187102556228638,48258,62,1
1771541047.9953198,93_3,93,das_work,1.084721565246582,48258,63,1
1771541047.9995005,92_3,92,das_work,10.09886908531189,48258,63,1
1771541059.989694,92_3,92,das_work,3.557679891586304,48258,64,1
1771541060.00713,93_3,93,das_work,4.329730272293091,48258,64,1
1771541071.992462,93_3,93,das_work,5.967153549194336,48258,65,1
1771541072.0071244,92_3,92,das_work,5.590860843658447,48258,65,1
1771541084.0097382,92_3,92,das_work,3.6271023750305176,48258,66,1
1771541084.012209,93_3,93,das_work,5.812086820602417,48258,66,1
1771541096.000178,92_3,92,das_work,7.83605432510376,48258,67,1
1771541096.0074823,93_3,93,das_work,0.596677303314209,48258,67,1
1771541107.9892347,92_3,92,das_work,9.271014213562012,48258,68,1
1771541108.0154805,93_3,93,das_work,7.902435064315796,48258,68,1
1771541120.0024278,92_3,92,das_work,9.966385841369627,48258,69,1
1771541120.006992,93_3,93,das_work,2.01237154006958,48258,69,1
1771541132.0026195,93_3,93,das_work,9.494707822799684,48258,70,1
1771541132.0033078,92_3,92,das_work,9.794968128204346,48258,70,1
1771541143.9937837,92_3,92,das_work,6.200422286987305,48258,71,1
1771541144.0057569,93_3,93,das_work,9.718843936920166,48258,71,1
1771541155.9940026,92_3,92,das_work,7.563158750534058,48258,72,1
1771541156.00362,93_3,93,das_work,4.077442169189453,48258,72,1
1771541167.9896305,93_3,93,das_work,4.969818592071533,48258,73,1
1771541168.010929,92_3,92,das_work,5.037084341049194,48258,73,1
1771541179.9845252,92_3,92,das_work,8.423064947128296,48258,74,1
1771541179.99324,93_3,93,das_work,5.272446632385254,48258,74,1
1771541191.9840963,93_3,93,das_work,9.106481313705444,48258,75,1
1771541191.986077,92_3,92,das_work,8.911749124526978,48258,75,1
1771541203.9826803,93_4,93,das_work,5.478254556655884,48258,76,1
1771541204.0005093,92_4,92,das_work,8.106796503067017,48258,76,1
1771541215.983202,93_4,93,das_work,9.747824668884276,48258,77,1
1771541215.988102,92_4,92,das_work,8.15470004081726,48258,77,1
1771541228.0355284,93_4,93,das_work,4.25254225730896,48258,78,1
1771541228.0394723,92_4,92,das_work,6.910242080688477,48258,78,1
1771541239.984841,93_4,93,das_work,2.694199562072754,48258,79,1
1771541239.9868464,92_4,92,das_work,8.835835218429565,48258,79,1
1771541251.974522,92_4,92,das_work,5.138046026229858,48258,80,1
1771541252.0048015,93_4,93,das_work,4.437188386917114,48258,80,1
1771541263.9938612,92_4,92,das_work,6.575406789779663,48258,81,1
1771541264.007373,93_4,93,das_work,4.63315749168396,48258,81,1
1771541275.981015,93_4,93,das_work,3.6336636543273926,48258,82,1
1771541276.0140152,92_4,92,das_work,5.23436975479126,48258,82,1
1771541287.9962058,92_4,92,das_work,6.923245906829834,48258,83,1
1771541288.0216446,93_4,93,das_work,4.068367958068848,48258,83,1
1771541299.979461,93_4,93,das_work,8.721116065979004,48258,84,1
1771541300.007209,92_4,92,das_work,5.648872137069702,48258,84,1
1771541311.955054,93_4,93,das_work,8.92361831665039,48258,85,1
1771541311.9569168,92_4,92,das_work,5.994865655899048,48258,85,1
1771541323.953951,93_4,93,das_work,0.9564964771270752,48258,86,1
1771541323.9848013,92_4,92,das_work,5.138500213623047,48258,86,1
1771541335.951606,92_4,92,das_work,2.377380132675171,48258,87,1
1771541335.997078,93_4,93,das_work,6.667811870574951,48258,87,1
1771541347.97193,92_4,92,das_work,8.937353134155273,48258,88,1
1771541347.9919174,93_4,93,das_work,5.758623838424683,48258,88,1
1771541359.919228,92_4,92,das_work,1.9860236644744875,48258,89,1
1771541359.9512792,93_4,93,das_work,9.541362762451172,48258,89,1
1771541371.9952471,92_4,92,das_work,9.27926540374756,48258,90,1
1771541371.9960308,93_4,93,das_work,3.954148292541504,48258,90,1
1771540484.0501044,94_0,94,das_work,3.2063746452331543,48258,16,1
1771540484.0733964,95_0,95,das_work,7.899471044540405,48258,16,1
1771540496.0511682,95_0,95,das_work,9.759312868118286,48258,17,1
1771540496.073732,94_0,94,das_work,1.3661715984344482,48258,17,1
1771540508.0431006,94_0,94,das_work,9.368208408355711,48258,18,1
1771540508.052335,95_0,95,das_work,2.485926866531372,48258,18,1
1771540520.035508,94_0,94,das_work,5.673469543457031,48258,19,1
1771540520.0643964,95_0,95,das_work,3.713413000106812,48258,19,1
1771540532.051773,94_0,94,das_work,3.928069591522217,48258,20,1
1771540532.070024,95_0,95,das_work,2.9971237182617188,48258,20,1
1771540544.0493622,94_0,94,das_work,5.765509605407715,48258,21,1
1771540544.051384,95_0,95,das_work,6.054435253143311,48258,21,1
1771540556.0446131,94_0,94,das_work,5.085776329040527,48258,22,1
1771540556.050974,95_0,95,das_work,9.24582862854004,48258,22,1
1771540568.038932,94_0,94,das_work,7.30560302734375,48258,23,1
1771540568.0411832,95_0,95,das_work,4.225095748901367,48258,23,1
1771540580.0373578,94_0,94,das_work,1.5835351943969729,48258,24,1
1771540580.0397549,95_0,95,das_work,3.7598373889923096,48258,24,1
1771540592.0336423,95_0,95,das_work,3.1464884281158447,48258,25,1
1771540592.03916,94_0,94,das_work,4.957422018051148,48258,25,1
1771540604.0391312,95_0,95,das_work,1.885380268096924,48258,26,1
1771540604.063211,94_0,94,das_work,8.802940845489502,48258,26,1
1771540616.036059,95_0,95,das_work,4.427890539169312,48258,27,1
1771540616.0410476,94_0,94,das_work,3.744739294052124,48258,27,1
1771540628.0293057,94_0,94,das_work,2.0368523597717285,48258,28,1
1771540628.0408282,95_0,95,das_work,3.7773280143737793,48258,28,1
1771540640.0520942,95_0,95,das_work,2.9969570636749268,48258,29,1
1771540640.069563,94_0,94,das_work,4.73188853263855,48258,29,1
1771540652.038566,94_0,94,das_work,4.868340253829956,48258,30,1
1771540652.045442,95_0,95,das_work,4.4322686195373535,48258,30,1
1771540664.0417342,95_1,95,das_work,4.589648008346558,48258,31,1
1771540664.053445,94_1,94,das_work,7.587458610534668,48258,31,1
1771540676.0243795,95_1,95,das_work,7.837684154510498,48258,32,1
1771540676.044605,94_1,94,das_work,7.899767160415649,48258,32,1
1771540688.0367525,94_1,94,das_work,3.266251802444458,48258,33,1
1771540688.049311,95_1,95,das_work,0.1389846801757812,48258,33,1
1771540700.0329683,95_1,95,das_work,8.23401403427124,48258,34,1
1771540700.0506754,94_1,94,das_work,1.6830673217773438,48258,34,1
1771540712.0300243,94_1,94,das_work,1.7098381519317627,48258,35,1
1771540712.0427654,95_1,95,das_work,7.901380777359009,48258,35,1
1771540724.0245576,94_1,94,das_work,2.03278923034668,48258,36,1
1771540724.0394115,95_1,95,das_work,2.1140170097351074,48258,36,1
1771540736.0183043,94_1,94,das_work,0.2463381290435791,48258,37,1
1771540736.0414867,95_1,95,das_work,6.776554346084595,48258,37,1
1771540748.020943,95_1,95,das_work,8.819595336914062,48258,38,1
1771540748.0538409,94_1,94,das_work,1.6715683937072754,48258,38,1
1771540760.0277703,95_1,95,das_work,1.2291507720947266,48258,39,1
1771540760.049518,94_1,94,das_work,1.9732043743133545,48258,39,1
1771540772.0192547,95_1,95,das_work,3.932894945144653,48258,40,1
1771540772.0265872,94_1,94,das_work,8.922183513641357,48258,40,1
1771540784.0123825,94_1,94,das_work,7.726038932800293,48258,41,1
1771540784.0408444,95_1,95,das_work,2.178665399551392,48258,41,1
1771540796.024363,95_1,95,das_work,7.114873647689819,48258,42,1
1771540796.0572264,94_1,94,das_work,4.83086895942688,48258,42,1
1771540808.0168364,95_1,95,das_work,0.356281042098999,48258,43,1
1771540808.030217,94_1,94,das_work,6.669556379318237,48258,43,1
1771540820.015053,95_1,95,das_work,6.09099817276001,48258,44,1
1771540820.022156,94_1,94,das_work,6.711899995803833,48258,44,1
1771540832.022091,94_1,94,das_work,1.3227126598358154,48258,45,1
1771540832.032755,95_1,95,das_work,7.802639722824097,48258,45,1
1771540844.022481,94_2,94,das_work,5.07763934135437,48258,46,1
1771540844.030604,95_2,95,das_work,2.5993528366088867,48258,46,1
1771540856.0187385,95_2,95,das_work,7.030322074890137,48258,47,1
1771540856.018853,94_2,94,das_work,2.444774627685547,48258,47,1
1771540868.0193803,94_2,94,das_work,2.084728956222534,48258,48,1
1771540868.028483,95_2,95,das_work,4.934321165084839,48258,48,1
1771540880.0439596,95_2,95,das_work,2.178285360336304,48258,49,1
1771540880.045642,94_2,94,das_work,9.827229261398315,48258,49,1
1771540892.0116026,95_2,95,das_work,2.449286937713623,48258,50,1
1771540892.0162296,94_2,94,das_work,7.965439796447754,48258,50,1
1771540904.003589,95_2,95,das_work,8.740147113800049,48258,51,1
1771540904.005088,94_2,94,das_work,3.2174949645996094,48258,51,1
1771540916.00651,94_2,94,das_work,3.967206954956055,48258,52,1
1771540916.0199687,95_2,95,das_work,5.884723424911499,48258,52,1
1771540928.005124,94_2,94,das_work,9.237789869308472,48258,53,1
1771540928.0139508,95_2,95,das_work,0.9662280082702636,48258,53,1
1771540940.0080426,95_2,95,das_work,5.210333585739136,48258,54,1
1771540940.0145235,94_2,94,das_work,1.445905685424805,48258,54,1
1771540952.006566,95_2,95,das_work,8.150404691696167,48258,55,1
1771540952.032869,94_2,94,das_work,4.439678192138672,48258,55,1
1771540964.015141,95_2,95,das_work,1.8089046478271484,48258,56,1
1771540964.0264544,94_2,94,das_work,6.880635976791382,48258,56,1
1771540976.006743,95_2,95,das_work,6.878570079803467,48258,57,1
1771540976.041115,94_2,94,das_work,2.5819923877716064,48258,57,1
1771540987.9981563,94_2,94,das_work,8.56589126586914,48258,58,1
1771540988.00474,95_2,95,das_work,5.995341062545776,48258,58,1
1771541000.0273893,95_2,95,das_work,3.224940776824951,48258,59,1
1771541000.027991,94_2,94,das_work,2.920740842819214,48258,59,1
1771541011.9989045,95_2,95,das_work,7.431283235549927,48258,60,1
1771541012.001356,94_2,94,das_work,2.0327837467193604,48258,60,1
1771541024.0034008,94_3,94,das_work,5.056204080581665,48258,61,1
1771541024.0133429,95_3,95,das_work,9.620741844177246,48258,61,1
1771541036.0071273,95_3,95,das_work,6.967340707778931,48258,62,1
1771541036.023449,94_3,94,das_work,4.73148250579834,48258,62,1
1771541047.9905756,95_3,95,das_work,8.840170860290527,48258,63,1
1771541047.9954913,94_3,94,das_work,7.383129119873047,48258,63,1
1771541059.9959738,94_3,94,das_work,5.040031671524048,48258,64,1
1771541060.006848,95_3,95,das_work,7.276750564575195,48258,64,1
1771541071.9964173,94_3,94,das_work,4.275801420211792,48258,65,1
1771541072.0118127,95_3,95,das_work,2.5885298252105717,48258,65,1
1771541084.001639,94_3,94,das_work,6.724039077758789,48258,66,1
1771541084.009859,95_3,95,das_work,3.2165300846099854,48258,66,1
1771541095.9943588,94_3,94,das_work,6.80353593826294,48258,67,1
1771541095.996891,95_3,95,das_work,8.155563116073608,48258,67,1
1771541108.000595,95_3,95,das_work,0.7271010875701904,48258,68,1
1771541108.0278995,94_3,94,das_work,5.25129508972168,48258,68,1
1771541119.9978096,95_3,95,das_work,2.04044771194458,48258,69,1
1771541120.000496,94_3,94,das_work,8.938707113265991,48258,69,1
1771541131.9828403,95_3,95,das_work,1.3650078773498535,48258,70,1
1771541131.985533,94_3,94,das_work,8.880069971084595,48258,70,1
1771541143.9835715,94_3,94,das_work,9.742862701416016,48258,71,1
1771541144.005565,95_3,95,das_work,4.635783433914185,48258,71,1
1771541155.9931846,94_3,94,das_work,0.9105961322784424,48258,72,1
1771541156.007228,95_3,95,das_work,9.065818071365356,48258,72,1
1771541167.9904478,94_3,94,das_work,3.73605751991272,48258,73,1
1771541167.9970343,95_3,95,das_work,6.912568807601929,48258,73,1
1771541180.0028317,94_3,94,das_work,9.647304773330688,48258,74,1
1771541180.003945,95_3,95,das_work,1.160534381866455,48258,74,1
1771541191.9945948,94_3,94,das_work,4.9530322551727295,48258,75,1
1771541191.9957464,95_3,95,das_work,8.096053838729858,48258,75,1
1771541203.980579,94_4,94,das_work,8.010307550430298,48258,76,1
1771541204.013691,95_4,95,das_work,7.194973945617676,48258,76,1
1771541215.9807093,94_4,94,das_work,3.452333688735962,48258,77,1
1771541216.0115285,95_4,95,das_work,1.4669189453125,48258,77,1
1771541228.0268686,95_4,95,das_work,1.3491010665893557,48258,78,1
1771541228.0277455,94_4,94,das_work,6.438483715057373,48258,78,1
1771541240.0022688,94_4,94,das_work,2.218202352523804,48258,79,1
1771541240.0097032,95_4,95,das_work,8.10207462310791,48258,79,1
1771541251.974187,94_4,94,das_work,9.077932119369509,48258,80,1
1771541251.978414,95_4,95,das_work,3.9424335956573486,48258,80,1
1771541263.9818096,94_4,94,das_work,5.195905447006226,48258,81,1
1771541263.9898772,95_4,95,das_work,6.540632486343384,48258,81,1
1771541275.9733276,95_4,95,das_work,1.5210685729980469,48258,82,1
1771541275.9993014,94_4,94,das_work,7.1737143993377686,48258,82,1
1771541287.9964695,94_4,94,das_work,4.245808362960815,48258,83,1
1771541288.025169,95_4,95,das_work,2.4927327632904053,48258,83,1
1771541299.9708896,95_4,95,das_work,5.583370685577393,48258,84,1
1771541299.9768994,94_4,94,das_work,7.751420497894287,48258,84,1
1771541311.9835718,94_4,94,das_work,8.60975456237793,48258,85,1
1771541311.9968874,95_4,95,das_work,3.301608085632324,48258,85,1
1771541323.943181,94_4,94,das_work,1.793940782546997,48258,86,1
1771541323.9695222,95_4,95,das_work,5.757506847381592,48258,86,1
1771541335.9792123,95_4,95,das_work,5.954140901565552,48258,87,1
1771541335.997895,94_4,94,das_work,7.27810525894165,48258,87,1
1771541347.9700978,95_4,95,das_work,8.103034019470215,48258,88,1
1771541347.991554,94_4,94,das_work,4.624958276748657,48258,88,1
1771541359.943487,94_4,94,das_work,4.731827020645142,48258,89,1
1771541359.953932,95_4,95,das_work,4.014519691467285,48258,89,1
1771541371.965867,94_4,94,das_work,2.3991124629974365,48258,90,1
1771541371.9766946,95_4,95,das_work,2.3884763717651367,48258,90,1
1771540484.0597806,97_0,97,das_work,0.7568647861480713,48258,16,1
1771540484.0638945,96_0,96,das_work,11.982364416122437,48258,16,1
1771540496.0523736,97_0,97,das_work,8.831159353256226,48258,17,1
1771540496.059413,96_0,96,das_work,5.514488220214844,48258,17,1
1771540508.037388,97_0,97,das_work,0.1500570774078369,48258,18,1
1771540508.0447576,96_0,96,das_work,6.48575234413147,48258,18,1
1771540520.0436745,97_0,97,das_work,8.8410484790802,48258,19,1
1771540520.046347,96_0,96,das_work,4.2297728061676025,48258,19,1
1771540532.0450268,97_0,97,das_work,6.820527791976929,48258,20,1
1771540532.0692835,96_0,96,das_work,6.981067895889282,48258,20,1
1771540544.0320184,96_0,96,das_work,10.098724603652954,48258,21,1
1771540544.034222,97_0,97,das_work,0.8993158340454102,48258,21,1
1771540556.0367022,96_0,96,das_work,5.461628198623657,48258,22,1
1771540556.047881,97_0,97,das_work,3.604501962661743,48258,22,1
1771540568.036319,96_0,96,das_work,6.721287727355957,48258,23,1
1771540568.0374205,97_0,97,das_work,1.2052416801452637,48258,23,1
1771540580.0344322,96_0,96,das_work,5.286443710327148,48258,24,1
1771540580.0748012,97_0,97,das_work,6.252772092819214,48258,24,1
1771540592.0493803,96_0,96,das_work,8.198952436447144,48258,25,1
1771540592.0633466,97_0,97,das_work,4.729649543762207,48258,25,1
1771540604.0363364,97_0,97,das_work,2.0332956314086914,48258,26,1
1771540604.045686,96_0,96,das_work,4.93955135345459,48258,26,1
1771540616.0554726,97_0,97,das_work,4.950236082077026,48258,27,1
1771540616.0678113,96_0,96,das_work,1.977708101272583,48258,27,1
1771540628.0340488,96_0,96,das_work,5.558704376220703,48258,28,1
1771540628.0465343,97_0,97,das_work,2.043602466583252,48258,28,1
1771540640.0287597,97_0,97,das_work,8.035305500030518,48258,29,1
1771540640.0422366,96_0,96,das_work,8.50345253944397,48258,29,1
1771540652.0309832,97_0,97,das_work,0.7921102046966553,48258,30,1
1771540652.03242,96_0,96,das_work,3.2249646186828613,48258,30,1
1771540664.0217187,96_1,96,das_work,4.275087833404541,48258,31,1
1771540664.035087,97_1,97,das_work,8.35766887664795,48258,31,1
1771540676.03868,96_1,96,das_work,3.038569688796997,48258,32,1
1771540676.0439615,97_1,97,das_work,6.680670738220215,48258,32,1
1771540688.031168,96_1,96,das_work,2.125398874282837,48258,33,1
1771540688.0432372,97_1,97,das_work,7.603259086608887,48258,33,1
1771540700.0396218,96_1,96,das_work,4.794450283050537,48258,34,1
1771540700.0486262,97_1,97,das_work,6.569322347640991,48258,34,1
1771540712.0447114,96_1,96,das_work,2.593179941177368,48258,35,1
1771540712.0567317,97_1,97,das_work,4.317396402359009,48258,35,1
1771540724.0262349,96_1,96,das_work,9.159342765808104,48258,36,1
1771540724.034725,97_1,97,das_work,8.517564535140991,48258,36,1
1771540736.0191882,97_1,97,das_work,2.0179474353790283,48258,37,1
1771540736.0213923,96_1,96,das_work,9.66744065284729,48258,37,1
1771540748.042964,96_1,96,das_work,2.1856064796447754,48258,38,1
1771540748.058222,97_1,97,das_work,6.170922517776489,48258,38,1
1771540760.020613,97_1,97,das_work,7.622715950012207,48258,39,1
1771540760.039773,96_1,96,das_work,9.731805324554443,48258,39,1
1771540772.0129085,96_1,96,das_work,7.085420370101929,48258,40,1
1771540772.0188837,97_1,97,das_work,2.905478000640869,48258,40,1
1771540784.0140388,97_1,97,das_work,7.043694972991943,48258,41,1
1771540784.016235,96_1,96,das_work,5.3092310428619385,48258,41,1
1771540796.0164642,97_1,97,das_work,2.14856505393982,48258,42,1
1771540796.0170202,96_1,96,das_work,5.195121049880981,48258,42,1
1771540808.0215032,96_1,96,das_work,4.881130456924439,48258,43,1
1771540808.0284688,97_1,97,das_work,5.245463848114014,48258,43,1
1771540820.0179863,96_1,96,das_work,1.6018283367156982,48258,44,1
1771540820.0234537,97_1,97,das_work,1.193469762802124,48258,44,1
1771540832.013574,97_1,97,das_work,5.464779853820801,48258,45,1
1771540832.0248666,96_1,96,das_work,6.786565780639648,48258,45,1
1771540844.019367,96_2,96,das_work,9.686600923538208,48258,46,1
1771540844.0234082,97_2,97,das_work,1.3257689476013184,48258,46,1
1771540856.02195,97_2,97,das_work,5.877079248428345,48258,47,1
1771540856.0282457,96_2,96,das_work,1.072618007659912,48258,47,1
1771540868.0189097,97_2,97,das_work,9.121665239334106,48258,48,1
1771540868.0323887,96_2,96,das_work,4.52835488319397,48258,48,1
1771540880.0105746,97_2,97,das_work,10.179665088653564,48258,49,1
1771540880.021368,96_2,96,das_work,9.647184133529665,48258,49,1
1771540892.007834,97_2,97,das_work,6.906648397445679,48258,50,1
1771540892.0099633,96_2,96,das_work,1.6988365650177002,48258,50,1
1771540904.0109766,96_2,96,das_work,4.361467361450195,48258,51,1
1771540904.0226707,97_2,97,das_work,2.5908989906311035,48258,51,1
1771540916.0086963,96_2,96,das_work,4.304353952407837,48258,52,1
1771540916.0169606,97_2,97,das_work,4.819825410842896,48258,52,1
1771540928.0007985,96_2,96,das_work,3.356927394866944,48258,53,1
1771540928.0193982,97_2,97,das_work,1.9938523769378664,48258,53,1
1771540940.0250528,97_2,97,das_work,1.485398769378662,48258,54,1
1771540940.0430453,96_2,96,das_work,5.553386211395264,48258,54,1
1771540952.0027866,97_2,97,das_work,1.724196195602417,48258,55,1
1771540952.02372,96_2,96,das_work,7.288165807723999,48258,55,1
1771540964.0188303,96_2,96,das_work,9.019210577011108,48258,56,1
1771540964.02039,97_2,97,das_work,1.8394675254821775,48258,56,1
1771540975.9967685,97_2,97,das_work,5.859417200088501,48258,57,1
1771540976.0089686,96_2,96,das_work,8.316142320632935,48258,57,1
1771540988.0101864,97_2,97,das_work,3.23640775680542,48258,58,1
1771540988.027147,96_2,96,das_work,9.230269432067873,48258,58,1
1771541000.0038328,97_2,97,das_work,2.2148451805114746,48258,59,1
1771541000.0155969,96_2,96,das_work,5.175650596618652,48258,59,1
1771541012.0016105,96_2,96,das_work,7.393008470535278,48258,60,1
1771541012.0108402,97_2,97,das_work,9.180389165878296,48258,60,1
1771541024.003731,97_3,97,das_work,1.0973656177520752,48258,61,1
1771541024.0143042,96_3,96,das_work,1.675431251525879,48258,61,1
1771541035.9963312,97_3,97,das_work,4.456806182861328,48258,62,1
1771541036.025637,96_3,96,das_work,4.318199872970581,48258,62,1
1771541048.010004,96_3,96,das_work,7.697872161865234,48258,63,1
1771541048.0144742,97_3,97,das_work,8.495614767074585,48258,63,1
1771541059.9901311,96_3,96,das_work,9.060431241989136,48258,64,1
1771541060.0102034,97_3,97,das_work,2.89217209815979,48258,64,1
1771541072.0265205,96_3,96,das_work,6.919286727905273,48258,65,1
1771541072.0271387,97_3,97,das_work,8.463562250137329,48258,65,1
1771541084.011856,97_3,97,das_work,5.963346719741821,48258,66,1
1771541084.0334842,96_3,96,das_work,2.9076499938964844,48258,66,1
1771541096.0050297,96_3,96,das_work,1.622941493988037,48258,67,1
1771541096.0119224,97_3,97,das_work,8.220415115356445,48258,67,1
1771541108.0065565,96_3,96,das_work,2.5519282817840576,48258,68,1
1771541108.0194812,97_3,97,das_work,1.884934663772583,48258,68,1
1771541119.996133,97_3,97,das_work,7.359910488128662,48258,69,1
1771541120.004578,96_3,96,das_work,9.668262243270874,48258,69,1
1771541131.9943254,96_3,96,das_work,1.9152727127075195,48258,70,1
1771541131.9967234,97_3,97,das_work,0.3956084251403808,48258,70,1
1771541143.9927394,96_3,96,das_work,3.7696568965911865,48258,71,1
1771541144.00517,97_3,97,das_work,1.0619206428527832,48258,71,1
1771541155.9894233,96_3,96,das_work,5.148724317550659,48258,72,1
1771541155.9966917,97_3,97,das_work,7.43543815612793,48258,72,1
1771541167.9857955,97_3,97,das_work,8.385872602462769,48258,73,1
1771541167.995722,96_3,96,das_work,8.41387128829956,48258,73,1
1771541179.9886498,96_3,96,das_work,8.1186203956604,48258,74,1
1771541179.9908748,97_3,97,das_work,6.609749794006348,48258,74,1
1771541191.992319,96_3,96,das_work,7.801467418670654,48258,75,1
1771541191.9972832,97_3,97,das_work,3.2018187046051025,48258,75,1
1771541203.9827628,96_4,96,das_work,2.827809810638428,48258,76,1
1771541204.00834,97_4,97,das_work,2.38454270362854,48258,76,1
1771541215.9890127,96_4,96,das_work,2.2960691452026367,48258,77,1
1771541215.9924948,97_4,97,das_work,8.013692855834961,48258,77,1
1771541228.0316212,96_4,96,das_work,6.965890884399414,48258,78,1
1771541228.043964,97_4,97,das_work,1.6782941818237305,48258,78,1
1771541239.9864757,97_4,97,das_work,2.4389631748199463,48258,79,1
1771541239.997578,96_4,96,das_work,4.450763702392578,48258,79,1
1771541252.0032732,96_4,96,das_work,6.990189790725708,48258,80,1
1771541252.004738,97_4,97,das_work,7.378579378128052,48258,80,1
1771541263.984691,96_4,96,das_work,2.344987154006958,48258,81,1
1771541263.999544,97_4,97,das_work,2.277174949645996,48258,81,1
1771541276.002613,96_4,96,das_work,1.3684465885162354,48258,82,1
1771541276.003533,97_4,97,das_work,4.332648754119873,48258,82,1
1771541288.012406,96_4,96,das_work,7.978519916534424,48258,83,1
1771541288.0167365,97_4,97,das_work,4.09303092956543,48258,83,1
1771541299.9746065,97_4,97,das_work,8.243202686309814,48258,84,1
1771541300.005534,96_4,96,das_work,7.893912553787231,48258,84,1
1771541311.98868,97_4,97,das_work,2.705925703048706,48258,85,1
1771541311.9894474,96_4,96,das_work,2.80290150642395,48258,85,1
1771541323.952058,97_4,97,das_work,6.559872388839722,48258,86,1
1771541324.0030303,96_4,96,das_work,6.365606784820557,48258,86,1
1771541335.9511676,96_4,96,das_work,5.952317953109741,48258,87,1
1771541335.9947789,97_4,97,das_work,8.399327516555786,48258,87,1
1771541347.9325483,97_4,97,das_work,7.590561389923096,48258,88,1
1771541348.0001,96_4,96,das_work,4.015219211578369,48258,88,1
1771541359.9191952,97_4,97,das_work,1.268272876739502,48258,89,1
1771541359.928832,96_4,96,das_work,7.382207632064819,48258,89,1
1771541371.9499233,96_4,96,das_work,4.8462090492248535,48258,90,1
1771541371.9843707,97_4,97,das_work,1.9779012203216555,48258,90,1
1771540484.05309,98_0,98,das_work,10.259511947631836,48258,16,1
1771540496.042035,99_0,99,das_work,5.160474538803101,48258,17,1
1771540496.0539703,98_0,98,das_work,6.201387166976929,48258,17,1
1771540508.0440464,98_0,98,das_work,2.19429874420166,48258,18,1
1771540508.0510635,99_0,99,das_work,3.712419271469116,48258,18,1
1771540520.0468462,99_0,99,das_work,5.136703014373779,48258,19,1
1771540520.0666442,98_0,98,das_work,2.7233729362487797,48258,19,1
1771540532.049838,98_0,98,das_work,3.361919641494751,48258,20,1
1771540532.0666573,99_0,99,das_work,7.162588357925415,48258,20,1
1771540544.0521994,98_0,98,das_work,3.2997734546661377,48258,21,1
1771540544.058063,99_0,99,das_work,2.483148097991944,48258,21,1
1771540556.035883,99_0,99,das_work,6.390335321426392,48258,22,1
1771540556.045864,98_0,98,das_work,2.6318705081939697,48258,22,1
1771540568.0333655,99_0,99,das_work,3.36553955078125,48258,23,1
1771540568.0348246,98_0,98,das_work,3.681267976760864,48258,23,1
1771540580.0296645,98_0,98,das_work,6.819153308868408,48258,24,1
1771540580.036771,99_0,99,das_work,5.407447099685669,48258,24,1
1771540592.041763,98_0,98,das_work,8.432214736938477,48258,25,1
1771540592.055341,99_0,99,das_work,6.875654697418213,48258,25,1
1771540604.0418017,98_0,98,das_work,3.9471354484558105,48258,26,1
1771540604.0465865,99_0,99,das_work,9.476043701171877,48258,26,1
1771540616.0400677,99_0,99,das_work,5.108001947402954,48258,27,1
1771540616.0432515,98_0,98,das_work,2.545719146728516,48258,27,1
1771540628.0297744,98_0,98,das_work,3.4571871757507324,48258,28,1
1771540628.060603,99_0,99,das_work,9.92778205871582,48258,28,1
1771540640.033707,98_0,98,das_work,2.338068962097168,48258,29,1
1771540640.039944,99_0,99,das_work,9.016593933105469,48258,29,1
1771540652.0265758,98_0,98,das_work,0.9925596714019777,48258,30,1
1771540652.029933,99_0,99,das_work,2.8393478393554688,48258,30,1
1771540664.041121,99_0,99,das_work,2.756295680999756,48258,31,1
1771540664.046888,98_1,98,das_work,2.4921157360076904,48258,31,1
1771540676.0413237,98_1,98,das_work,4.797899484634399,48258,32,1
1771540676.0648515,99_1,99,das_work,9.845826864242554,48258,32,1
1771540688.022688,98_1,98,das_work,7.088176012039185,48258,33,1
1771540688.0411248,99_1,99,das_work,7.912782192230225,48258,33,1
1771540700.0304346,98_1,98,das_work,3.4486122131347656,48258,34,1
1771540700.0593588,99_1,99,das_work,1.979164123535156,48258,34,1
1771540712.02049,98_1,98,das_work,0.6751234531402588,48258,35,1
1771540712.043213,99_1,99,das_work,1.973196029663086,48258,35,1
1771540724.0344095,99_1,99,das_work,5.577390670776367,48258,36,1
1771540724.0454152,98_1,98,das_work,0.5914855003356934,48258,36,1
1771540736.0269492,98_1,98,das_work,6.525638818740845,48258,37,1
1771540736.0324788,99_1,99,das_work,9.418183088302612,48258,37,1
1771540748.0409298,99_1,99,das_work,0.9597406387329102,48258,38,1
1771540748.0410564,98_1,98,das_work,3.509242296218872,48258,38,1
1771540760.0172348,98_1,98,das_work,9.675370454788208,48258,39,1
1771540760.035288,99_1,99,das_work,3.7219326496124263,48258,39,1
1771540772.0263443,98_1,98,das_work,7.346640348434448,48258,40,1
1771540772.028622,99_1,99,das_work,6.568614959716797,48258,40,1
1771540784.0109186,99_1,99,das_work,8.749179124832153,48258,41,1
1771540784.0354033,98_1,98,das_work,4.024972677230835,48258,41,1
1771540796.0259988,99_1,99,das_work,5.037237167358398,48258,42,1
1771540796.0525937,98_1,98,das_work,3.928203821182251,48258,42,1
1771540808.024713,99_1,99,das_work,7.516181707382202,48258,43,1
1771540808.0257585,98_1,98,das_work,2.1289608478546143,48258,43,1
1771540820.024846,99_1,99,das_work,5.491032838821411,48258,44,1
1771540820.030479,98_1,98,das_work,7.737640619277954,48258,44,1
1771540832.02082,99_1,99,das_work,0.2820124626159668,48258,45,1
1771540832.0267456,98_1,98,das_work,3.2178423404693604,48258,45,1
1771540844.012862,98_2,98,das_work,0.5812680721282959,48258,46,1
1771540844.0288365,99_1,99,das_work,8.913203716278076,48258,46,1
1771540856.018874,99_2,99,das_work,5.471331834793091,48258,47,1
1771540856.0223815,98_2,98,das_work,1.5223994255065918,48258,47,1
1771540868.0136015,98_2,98,das_work,5.762700080871582,48258,48,1
1771540868.0410717,99_2,99,das_work,7.28099250793457,48258,48,1
1771540880.03174,99_2,99,das_work,5.94911789894104,48258,49,1
1771540880.0480187,98_2,98,das_work,6.162070274353027,48258,49,1
1771540892.0059211,99_2,99,das_work,9.270669937133787,48258,50,1
1771540892.0074296,98_2,98,das_work,3.229281425476074,48258,50,1
1771540904.0026803,99_2,99,das_work,5.287981986999512,48258,51,1
1771540904.044103,98_2,98,das_work,4.630133390426636,48258,51,1
1771540916.004435,98_2,98,das_work,6.309385061264038,48258,52,1
1771540916.008161,99_2,99,das_work,8.633679628372192,48258,52,1
1771540928.0185966,99_2,99,das_work,5.461166143417358,48258,53,1
1771540928.0197935,98_2,98,das_work,9.115106105804443,48258,53,1
1771540940.016602,99_2,99,das_work,2.6029512882232666,48258,54,1
1771540940.0435383,98_2,98,das_work,5.96293830871582,48258,54,1
1771540952.0185373,99_2,99,das_work,6.567913770675659,48258,55,1
1771540952.0196114,98_2,98,das_work,9.458714723587036,48258,55,1
1771540964.0132987,99_2,99,das_work,3.742107629776001,48258,56,1
1771540964.0230134,98_2,98,das_work,9.101533889770508,48258,56,1
1771540975.995789,98_2,98,das_work,5.55482816696167,48258,57,1
1771540976.0401924,99_2,99,das_work,4.624619007110596,48258,57,1
1771540988.0177383,99_2,99,das_work,5.5436530113220215,48258,58,1
1771540988.0351453,98_2,98,das_work,2.383833646774292,48258,58,1
1771541000.0009265,98_2,98,das_work,7.853194236755371,48258,59,1
1771541000.0027232,99_2,99,das_work,9.033468961715698,48258,59,1
1771541012.0226288,98_2,98,das_work,1.2809133529663086,48258,60,1
1771541012.0233796,99_2,99,das_work,9.223614931106567,48258,60,1
1771541023.995465,99_2,99,das_work,4.351408004760742,48258,61,1
1771541024.0330503,98_3,98,das_work,3.50158166885376,48258,61,1
1771541035.997424,99_3,99,das_work,6.627083778381348,48258,62,1
1771541036.009684,98_3,98,das_work,7.95899486541748,48258,62,1
1771541048.0053487,99_3,99,das_work,2.5581860542297363,48258,63,1
1771541048.009402,98_3,98,das_work,5.662167549133301,48258,63,1
1771541059.9930131,98_3,98,das_work,3.562415361404419,48258,64,1
1771541060.0013456,99_3,99,das_work,4.278476476669312,48258,64,1
1771541071.9887142,98_3,98,das_work,3.828185796737671,48258,65,1
1771541071.9990654,99_3,99,das_work,8.352388858795166,48258,65,1
1771541083.993419,98_3,98,das_work,0.9528024196624756,48258,66,1
1771541084.0168643,99_3,99,das_work,10.140926361083984,48258,66,1
1771541096.00817,98_3,98,das_work,7.097888469696045,48258,67,1
1771541096.0115907,99_3,99,das_work,6.467702865600586,48258,67,1
1771541107.9960656,98_3,98,das_work,2.612889051437378,48258,68,1
1771541108.0185578,99_3,99,das_work,8.516985654830933,48258,68,1
1771541119.9981046,99_3,99,das_work,2.7627201080322266,48258,69,1
1771541120.002592,98_3,98,das_work,6.987349033355713,48258,69,1
1771541131.9902055,99_3,99,das_work,8.093713521957397,48258,70,1
1771541131.99626,98_3,98,das_work,9.16885495185852,48258,70,1
1771541143.9942107,99_3,99,das_work,7.918007135391235,48258,71,1
1771541144.0241082,98_3,98,das_work,1.473700761795044,48258,71,1
1771541156.006802,98_3,98,das_work,6.492957830429077,48258,72,1
1771541156.0100956,99_3,99,das_work,7.689420700073242,48258,72,1
1771541167.9872303,98_3,98,das_work,3.8227427005767822,48258,73,1
1771541168.0256846,99_3,99,das_work,9.834861755371094,48258,73,1
1771541179.9841187,98_3,98,das_work,5.676637649536133,48258,74,1
1771541180.001186,99_3,99,das_work,5.0397889614105225,48258,74,1
1771541191.9828024,98_3,98,das_work,8.12048602104187,48258,75,1
1771541191.9969227,99_3,99,das_work,5.244865417480469,48258,75,1
1771541203.9983518,99_3,99,das_work,10.087947845458984,48258,76,1
1771541204.0026648,98_4,98,das_work,1.1611809730529783,48258,76,1
1771541215.99199,98_4,98,das_work,5.556010246276856,48258,77,1
1771541215.9951048,99_4,99,das_work,7.988407850265503,48258,77,1
1771541228.0232277,98_4,98,das_work,8.595726490020752,48258,78,1
1771541228.0266936,99_4,99,das_work,5.050930500030518,48258,78,1
1771541240.0188334,98_4,98,das_work,0.6501882076263428,48258,79,1
1771541240.020461,99_4,99,das_work,3.0937366485595703,48258,79,1
1771541251.98926,98_4,98,das_work,1.3742055892944336,48258,80,1
1771541251.9901974,99_4,99,das_work,1.5955865383148191,48258,80,1
1771541263.9923372,98_4,98,das_work,1.1636650562286377,48258,81,1
1771541263.9944031,99_4,99,das_work,8.503409147262573,48258,81,1
1771541275.9781284,98_4,98,das_work,1.6978261470794678,48258,82,1
1771541275.984224,99_4,99,das_work,7.782958984375,48258,82,1
1771541288.0046897,98_4,98,das_work,3.5347015857696533,48258,83,1
1771541288.0112596,99_4,99,das_work,6.897706747055054,48258,83,1
1771541299.9743063,98_4,98,das_work,4.455528736114502,48258,84,1
1771541299.991841,99_4,99,das_work,2.787189483642578,48258,84,1
1771541311.952823,99_4,99,das_work,6.160593986511231,48258,85,1
1771541312.0074053,98_4,98,das_work,6.166399717330933,48258,85,1
1771541323.9419131,99_4,99,das_work,8.127950429916382,48258,86,1
1771541324.0037436,98_4,98,das_work,2.281022548675537,48258,86,1
1771541335.9983594,98_4,98,das_work,5.747866868972778,48258,87,1
1771541336.0087235,99_4,99,das_work,0.3516538143157959,48258,87,1
1771541348.008123,98_4,98,das_work,5.159472465515137,48258,88,1
1771541348.0090516,99_4,99,das_work,8.739762544631958,48258,88,1
1771541359.9504125,98_4,98,das_work,6.103831768035889,48258,89,1
1771541359.950952,99_4,99,das_work,6.911168575286865,48258,89,1
1771541371.9324524,98_4,98,das_work,7.947776794433594,48258,90,1
1771541371.9329534,99_4,99,das_work,5.190771579742432,48258,90,1
1771541383.941002,99_4,99,das_work,8.025143146514893,48258,91,1
1771540387.9896247,9_0,9,das_work,3.3114376068115234,48258,8,1
1771540388.0636482,8_0,8,das_work,3.6257882118225098,48258,8,1
1771540399.9937484,8_0,8,das_work,8.409234285354614,48258,9,1
1771540400.0678728,9_0,9,das_work,6.067590236663818,48258,9,1
1771540411.9984343,8_0,8,das_work,7.184717655181885,48258,10,1
1771540412.0348728,9_0,9,das_work,4.934877872467041,48258,10,1
1771540424.0094151,8_0,8,das_work,6.176614999771118,48258,11,1
1771540424.0121126,9_0,9,das_work,6.15947413444519,48258,11,1
1771540436.033922,9_0,9,das_work,8.608824253082275,48258,12,1
1771540436.0480175,8_0,8,das_work,8.084715843200684,48258,12,1
1771540448.051341,9_0,9,das_work,9.757976293563845,48258,13,1
1771540448.054315,8_0,8,das_work,4.213668823242188,48258,13,1
1771540460.035582,9_0,9,das_work,2.323814392089844,48258,14,1
1771540460.0537038,8_0,8,das_work,5.955422401428223,48258,14,1
1771540472.04805,8_0,8,das_work,4.964562177658081,48258,15,1
1771540472.0488465,9_0,9,das_work,5.753731966018677,48258,15,1
1771540484.0531943,9_0,9,das_work,9.457364320755005,48258,16,1
1771540484.0591283,8_0,8,das_work,2.087746381759644,48258,16,1
1771540496.0428648,9_0,9,das_work,1.8977982997894287,48258,17,1
1771540496.045231,8_0,8,das_work,5.675671577453613,48258,17,1
1771540508.0351765,8_0,8,das_work,8.037043809890747,48258,18,1
1771540508.0733175,9_0,9,das_work,0.8625156879425049,48258,18,1
1771540520.0381105,8_0,8,das_work,2.615085363388061,48258,19,1
1771540520.041922,9_0,9,das_work,9.68384575843811,48258,19,1
1771540532.0446303,9_0,9,das_work,7.618863105773926,48258,20,1
1771540532.068349,8_0,8,das_work,9.945971250534058,48258,20,1
1771540544.033384,8_0,8,das_work,5.684452533721924,48258,21,1
1771540544.043197,9_0,9,das_work,8.462069988250732,48258,21,1
1771540556.043405,8_0,8,das_work,7.833564758300781,48258,22,1
1771540556.0607116,9_0,9,das_work,9.725738048553469,48258,22,1
1771540568.040455,9_1,9,das_work,9.566351890563965,48258,23,1
1771540568.0664122,8_1,8,das_work,6.060620307922363,48258,23,1
1771540580.0291257,9_1,9,das_work,7.641406536102295,48258,24,1
1771540580.035015,8_1,8,das_work,2.2174885272979736,48258,24,1
1771540592.041041,8_1,8,das_work,3.614860773086548,48258,25,1
1771540592.051917,9_1,9,das_work,6.052143812179565,48258,25,1
1771540604.028982,8_1,8,das_work,8.779930353164673,48258,26,1
1771540604.0350728,9_1,9,das_work,7.049918174743652,48258,26,1
1771540616.0403783,9_1,9,das_work,8.97001051902771,48258,27,1
1771540616.0641518,8_1,8,das_work,7.7935144901275635,48258,27,1
1771540628.043831,9_1,9,das_work,7.107901096343994,48258,28,1
1771540628.0522468,8_1,8,das_work,7.098697900772095,48258,28,1
1771540640.0533223,8_1,8,das_work,3.813987493515015,48258,29,1
1771540640.0680993,9_1,9,das_work,6.061212062835693,48258,29,1
1771540652.0232556,8_1,8,das_work,5.184847116470337,48258,30,1
1771540652.0395968,9_1,9,das_work,7.792487859725952,48258,30,1
1771540664.0233264,9_1,9,das_work,8.019186973571777,48258,31,1
1771540664.0355248,8_1,8,das_work,0.8230166435241699,48258,31,1
1771540676.0313628,9_1,9,das_work,8.54578685760498,48258,32,1
1771540676.0375965,8_1,8,das_work,3.249973058700561,48258,32,1
1771540688.0207634,8_1,8,das_work,6.577431678771973,48258,33,1
1771540688.040402,9_1,9,das_work,0.9025073051452636,48258,33,1
1771540700.0317025,9_1,9,das_work,2.4226105213165283,48258,34,1
1771540700.045494,8_1,8,das_work,3.2253901958465576,48258,34,1
1771540712.0199523,9_1,9,das_work,3.969533681869507,48258,35,1
1771540712.0244086,8_1,8,das_work,3.98044228553772,48258,35,1
1771540724.028029,9_1,9,das_work,2.2174251079559326,48258,36,1
1771540724.03521,8_1,8,das_work,5.499317407608032,48258,36,1
1771540736.020249,8_1,8,das_work,1.394707441329956,48258,37,1
1771540736.044788,9_1,9,das_work,8.003889560699463,48258,37,1
1771540748.0313382,9_2,9,das_work,8.943676233291626,48258,38,1
1771540748.0326834,8_2,8,das_work,3.223301887512207,48258,38,1
1771540760.0224288,8_2,8,das_work,6.001082420349121,48258,39,1
1771540760.0379794,9_2,9,das_work,5.4538962841033936,48258,39,1
1771540772.0175588,8_2,8,das_work,8.147058963775635,48258,40,1
1771540772.033498,9_2,9,das_work,8.83048963546753,48258,40,1
1771540784.0350957,8_2,8,das_work,2.9079840183258057,48258,41,1
1771540784.0451689,9_2,9,das_work,1.161060810089111,48258,41,1
1771540796.0199442,9_2,9,das_work,6.505418062210083,48258,42,1
1771540796.0207436,8_2,8,das_work,8.465964794158936,48258,42,1
1771540808.0166523,8_2,8,das_work,0.6817333698272705,48258,43,1
1771540808.0180447,9_2,9,das_work,3.5478296279907227,48258,43,1
1771540820.0311291,8_2,8,das_work,2.7462916374206543,48258,44,1
1771540820.0519636,9_2,9,das_work,8.818642854690552,48258,44,1
1771540832.02385,9_2,9,das_work,4.877344131469727,48258,45,1
1771540832.0462985,8_2,8,das_work,9.637038707733154,48258,45,1
1771540844.0367997,9_2,9,das_work,4.436827898025513,48258,46,1
1771540844.037362,8_2,8,das_work,4.212757110595703,48258,46,1
1771540856.009553,9_2,9,das_work,9.237723350524902,48258,47,1
1771540856.013615,8_2,8,das_work,4.971848011016846,48258,47,1
1771540868.009648,9_2,9,das_work,4.558198690414429,48258,48,1
1771540868.0145986,8_2,8,das_work,3.002217054367065,48258,48,1
1771540880.0165002,8_2,8,das_work,2.0010571479797363,48258,49,1
1771540880.0232823,9_2,9,das_work,4.226398229598999,48258,49,1
1771540892.039416,8_2,8,das_work,4.940936326980591,48258,50,1
1771540892.0399194,9_2,9,das_work,2.9108712673187256,48258,50,1
1771540904.006652,8_2,8,das_work,2.0191776752471924,48258,51,1
1771540904.0179317,9_2,9,das_work,7.390828847885132,48258,51,1
1771540916.0034173,9_2,9,das_work,6.11376166343689,48258,52,1
1771540916.008747,8_2,8,das_work,9.791098356246948,48258,52,1
1771540928.0008292,8_3,8,das_work,4.25473690032959,48258,53,1
1771540928.0106518,9_3,9,das_work,7.021564960479736,48258,53,1
1771540940.0188844,9_3,9,das_work,5.245718240737915,48258,54,1
1771540940.0462475,8_3,8,das_work,7.284459590911865,48258,54,1
1771540952.0212388,9_3,9,das_work,2.1282742023468018,48258,55,1
1771540952.023845,8_3,8,das_work,8.20489501953125,48258,55,1
1771540964.020991,9_3,9,das_work,6.383397340774536,48258,56,1
1771540964.0258293,8_3,8,das_work,9.597316026687622,48258,56,1
1771540975.998526,9_3,9,das_work,1.387714385986328,48258,57,1
1771540976.0037813,8_3,8,das_work,1.6972732543945312,48258,57,1
1771540988.0111532,8_3,8,das_work,2.4865705966949463,48258,58,1
1771540988.0156474,9_3,9,das_work,3.33140230178833,48258,58,1
1771541000.006318,8_3,8,das_work,5.276158332824707,48258,59,1
1771541000.0075855,9_3,9,das_work,6.484176635742188,48258,59,1
1771541012.00058,9_3,9,das_work,1.0737643241882324,48258,60,1
1771541012.016626,8_3,8,das_work,4.930125951766968,48258,60,1
1771541024.0073483,9_3,9,das_work,4.370482683181763,48258,61,1
1771541024.0179431,8_3,8,das_work,4.433337450027466,48258,61,1
1771541035.998592,8_3,8,das_work,5.3912107944488525,48258,62,1
1771541035.9992363,9_3,9,das_work,5.604197978973389,48258,62,1
1771541047.9914784,9_3,9,das_work,9.137076377868652,48258,63,1
1771541048.0136647,8_3,8,das_work,5.953264951705933,48258,63,1
1771541059.9899318,8_3,8,das_work,3.1378819942474365,48258,64,1
1771541059.9996638,9_3,9,das_work,6.414744853973389,48258,64,1
1771541072.0155077,8_3,8,das_work,3.2210500240325928,48258,65,1
1771541072.0161777,9_3,9,das_work,4.851197719573975,48258,65,1
1771541083.9928808,9_3,9,das_work,1.8448073863983157,48258,66,1
1771541084.0014267,8_3,8,das_work,4.305199861526489,48258,66,1
1771541096.002622,9_3,9,das_work,4.671971082687378,48258,67,1
1771541096.0293283,8_3,8,das_work,1.6681292057037354,48258,67,1
1771541107.9928198,9_4,9,das_work,4.123157262802124,48258,68,1
1771541108.0089805,8_4,8,das_work,6.0575220584869385,48258,68,1
1771541120.0018811,8_4,8,das_work,1.424370050430298,48258,69,1
1771541132.0012643,8_4,8,das_work,7.257433891296387,48258,70,1
1771541132.003597,9_4,9,das_work,12.04470944404602,48258,70,1
1771541143.9893894,9_4,9,das_work,1.6206550598144531,48258,71,1
1771541144.0006895,8_4,8,das_work,9.431864023208618,48258,71,1
1771541155.990317,9_4,9,das_work,4.149302005767822,48258,72,1
1771541155.9952576,8_4,8,das_work,2.3544511795043945,48258,72,1
1771541168.013939,8_4,8,das_work,6.079317808151245,48258,73,1
1771541168.0245135,9_4,9,das_work,6.813747406005859,48258,73,1
1771541179.98322,8_4,8,das_work,5.800874710083008,48258,74,1
1771541180.004295,9_4,9,das_work,2.4931845664978027,48258,74,1
1771541191.9786842,8_4,8,das_work,10.267295360565186,48258,75,1
1771541191.9936817,9_4,9,das_work,6.070509433746338,48258,75,1
1771541203.9901588,9_4,9,das_work,3.747700691223145,48258,76,1
1771541203.9956071,8_4,8,das_work,9.456519603729248,48258,76,1
1771541215.979382,8_4,8,das_work,2.80214524269104,48258,77,1
1771541215.982927,9_4,9,das_work,4.248906373977661,48258,77,1
1771541228.0335343,8_4,8,das_work,2.7552976608276367,48258,78,1
1771541228.039832,9_4,9,das_work,8.011374235153198,48258,78,1
1771541239.9860098,8_4,8,das_work,4.328528165817261,48258,79,1
1771541239.9906518,9_4,9,das_work,9.451334714889526,48258,79,1
1771541251.9741726,9_4,9,das_work,7.641641139984131,48258,80,1
1771541251.9883509,8_4,8,das_work,2.899458169937134,48258,80,1
1771541263.9741528,8_4,8,das_work,5.37520170211792,48258,81,1
1771541263.984197,9_4,9,das_work,6.631047487258911,48258,81,1
1771541275.9758005,8_4,8,das_work,2.091327428817749,48258,82,1
1771541275.9844496,9_4,9,das_work,6.981093883514404,48258,82,1
1771541287.9955542,9_4,9,das_work,6.37557578086853,48258,83,1
1771540388.0120971,10_0,10,das_work,2.3954010009765625,48258,8,1
1771540400.001176,11_0,11,das_work,9.26160740852356,48258,9,1
1771540400.0016758,10_0,10,das_work,4.261043071746826,48258,9,1
1771540411.9987938,10_0,10,das_work,1.8925817012786863,48258,10,1
1771540412.0556417,11_0,11,das_work,5.340056896209717,48258,10,1
1771540424.0600762,11_0,11,das_work,5.440566778182983,48258,11,1
1771540424.076556,10_0,10,das_work,1.669003963470459,48258,11,1
1771540436.022148,11_0,11,das_work,3.7377309799194336,48258,12,1
1771540436.063974,10_0,10,das_work,2.2800405025482178,48258,12,1
1771540448.018012,11_0,11,das_work,9.243719100952148,48258,13,1
1771540448.0787406,10_0,10,das_work,9.343252658843994,48258,13,1
1771540460.033368,10_0,10,das_work,6.885996103286743,48258,14,1
1771540460.0385776,11_0,11,das_work,10.255224704742432,48258,14,1
1771540472.0445757,11_0,11,das_work,4.161376476287842,48258,15,1
1771540472.0466642,10_0,10,das_work,4.52774977684021,48258,15,1
1771540484.055447,11_0,11,das_work,0.7666101455688477,48258,16,1
1771540484.0576336,10_0,10,das_work,1.0679023265838623,48258,16,1
1771540496.053549,10_0,10,das_work,8.977608442306519,48258,17,1
1771540496.054696,11_0,11,das_work,6.3153157234191895,48258,17,1
1771540508.0341868,10_0,10,das_work,5.084456920623779,48258,18,1
1771540508.048009,11_0,11,das_work,6.668161153793335,48258,18,1
1771540520.0462968,10_0,10,das_work,6.771081924438477,48258,19,1
1771540520.0524645,11_0,11,das_work,1.3634579181671145,48258,19,1
1771540532.0547357,11_0,11,das_work,5.709174871444702,48258,20,1
1771540532.075648,10_0,10,das_work,7.69576096534729,48258,20,1
1771540544.0325084,10_0,10,das_work,2.006957054138184,48258,21,1
1771540544.0387006,11_0,11,das_work,1.910387754440308,48258,21,1
1771540556.056239,11_0,11,das_work,0.4491701126098633,48258,22,1
1771540556.0696938,10_0,10,das_work,3.401345729827881,48258,22,1
1771540568.028626,10_1,10,das_work,4.289022922515869,48258,23,1
1771540568.0351603,11_0,11,das_work,8.874778985977173,48258,23,1
1771540580.032915,11_1,11,das_work,4.7548675537109375,48258,24,1
1771540580.0640929,10_1,10,das_work,7.187969446182251,48258,24,1
1771540592.0309503,10_1,10,das_work,5.259168148040772,48258,25,1
1771540592.0416682,11_1,11,das_work,5.179278373718262,48258,25,1
1771540604.031339,11_1,11,das_work,6.770684242248535,48258,26,1
1771540604.0320194,10_1,10,das_work,7.889179229736328,48258,26,1
1771540616.0449493,11_1,11,das_work,4.888273000717163,48258,27,1
1771540616.0670109,10_1,10,das_work,2.895402669906616,48258,27,1
1771540628.0465925,10_1,10,das_work,1.6397926807403564,48258,28,1
1771540628.0490394,11_1,11,das_work,3.651519536972046,48258,28,1
1771540640.0397432,11_1,11,das_work,5.44284200668335,48258,29,1
1771540640.0525885,10_1,10,das_work,2.4865849018096924,48258,29,1
1771540652.031172,10_1,10,das_work,1.5831577777862549,48258,30,1
1771540652.046075,11_1,11,das_work,3.2063653469085693,48258,30,1
1771540664.0242703,10_1,10,das_work,4.346714496612549,48258,31,1
1771540664.0321136,11_1,11,das_work,4.785992622375488,48258,31,1
1771540676.0450115,10_1,10,das_work,6.3852386474609375,48258,32,1
1771540676.0478091,11_1,11,das_work,8.310393571853638,48258,32,1
1771540688.029688,10_1,10,das_work,6.421064138412476,48258,33,1
1771540688.0405607,11_1,11,das_work,5.253309726715088,48258,33,1
1771540700.031371,10_1,10,das_work,9.472160816192629,48258,34,1
1771540700.0427685,11_1,11,das_work,8.92816686630249,48258,34,1
1771540712.0282304,11_1,11,das_work,1.1947922706604004,48258,35,1
1771540712.0446277,10_1,10,das_work,1.0691580772399902,48258,35,1
1771540724.053763,11_1,11,das_work,2.710026502609253,48258,36,1
1771540724.0543327,10_1,10,das_work,4.8571295738220215,48258,36,1
1771540736.018971,10_1,10,das_work,7.814230680465698,48258,37,1
1771540736.0197415,11_1,11,das_work,5.040595293045044,48258,37,1
1771540748.0229428,10_2,10,das_work,3.360055446624756,48258,38,1
1771540748.059201,11_1,11,das_work,6.669034481048584,48258,38,1
1771540760.018097,10_2,10,das_work,2.7302074432373047,48258,39,1
1771540760.0514483,11_2,11,das_work,9.844459295272827,48258,39,1
1771540772.0172195,10_2,10,das_work,3.834481239318848,48258,40,1
1771540772.0265388,11_2,11,das_work,5.716630697250366,48258,40,1
1771540784.0110123,10_2,10,das_work,1.067086935043335,48258,41,1
1771540784.0126448,11_2,11,das_work,4.362897634506226,48258,41,1
1771540796.0288265,10_2,10,das_work,3.318545341491699,48258,42,1
1771540796.0567174,11_2,11,das_work,5.451972961425781,48258,42,1
1771540808.015405,11_2,11,das_work,8.42746090888977,48258,43,1
1771540808.0304506,10_2,10,das_work,8.009297847747803,48258,43,1
1771540820.014578,10_2,10,das_work,0.7692489624023438,48258,44,1
1771540820.0511606,11_2,11,das_work,10.4638569355011,48258,44,1
1771540832.0542247,11_2,11,das_work,2.5041186809539795,48258,45,1
1771540832.0548155,10_2,10,das_work,6.970252752304077,48258,45,1
1771540844.0272858,11_2,11,das_work,8.610849380493164,48258,46,1
1771540844.0288882,10_2,10,das_work,8.215814590454102,48258,46,1
1771540856.0196362,10_2,10,das_work,5.890734434127808,48258,47,1
1771540856.0235057,11_2,11,das_work,7.322691202163696,48258,47,1
1771540868.022562,11_2,11,das_work,6.602774143218994,48258,48,1
1771540868.0231793,10_2,10,das_work,4.447546482086182,48258,48,1
1771540880.0124934,11_2,11,das_work,6.179285049438477,48258,49,1
1771540880.015034,10_2,10,das_work,8.000643968582153,48258,49,1
1771540892.037965,10_2,10,das_work,0.7647876739501953,48258,50,1
1771540892.0389454,11_2,11,das_work,8.43218445777893,48258,50,1
1771540904.0067534,10_2,10,das_work,7.426530361175537,48258,51,1
1771540904.0201876,11_2,11,das_work,5.146316289901733,48258,51,1
1771540916.0040796,11_2,11,das_work,7.871038913726807,48258,52,1
1771540916.007015,10_2,10,das_work,5.336140394210815,48258,52,1
1771540928.0076082,11_2,11,das_work,8.83449411392212,48258,53,1
1771540928.0101316,10_3,10,das_work,0.594292402267456,48258,53,1
1771540940.002392,11_3,11,das_work,6.419614315032959,48258,54,1
1771540940.0134706,10_3,10,das_work,7.922733783721924,48258,54,1
1771540952.0021107,11_3,11,das_work,6.889149904251099,48258,55,1
1771540952.031354,10_3,10,das_work,7.787169456481934,48258,55,1
1771540964.0155902,10_3,10,das_work,3.626067638397217,48258,56,1
1771540964.03082,11_3,11,das_work,1.1590840816497805,48258,56,1
1771540975.996262,10_3,10,das_work,9.234113931655884,48258,57,1
1771540976.0061853,11_3,11,das_work,3.1974904537200928,48258,57,1
1771540988.002573,11_3,11,das_work,5.988369941711426,48258,58,1
1771540988.0217888,10_3,10,das_work,7.175518035888672,48258,58,1
1771541000.0008693,10_3,10,das_work,5.00450325012207,48258,59,1
1771541000.018541,11_3,11,das_work,2.4532151222229004,48258,59,1
1771541011.99727,11_3,11,das_work,6.29874324798584,48258,60,1
1771541012.0281649,10_3,10,das_work,4.6258533000946045,48258,60,1
1771541024.0363915,11_3,11,das_work,7.094643831253052,48258,61,1
1771541024.0369124,10_3,10,das_work,8.529089212417603,48258,61,1
1771541035.9997685,11_3,11,das_work,8.147739887237549,48258,62,1
1771541036.0114331,10_3,10,das_work,6.255472898483276,48258,62,1
1771541048.0156806,10_3,10,das_work,8.22631549835205,48258,63,1
1771541048.017066,11_3,11,das_work,8.523901462554932,48258,63,1
1771541059.9892428,11_3,11,das_work,7.759462833404541,48258,64,1
1771541059.9925144,10_3,10,das_work,8.786441802978516,48258,64,1
1771541071.9913175,10_3,10,das_work,9.156765699386597,48258,65,1
1771541071.9998753,11_3,11,das_work,9.6334810256958,48258,65,1
1771541083.9999094,10_3,10,das_work,7.294078826904297,48258,66,1
1771541084.0171802,11_3,11,das_work,1.686903476715088,48258,66,1
1771541096.005057,10_3,10,das_work,8.860021114349365,48258,67,1
1771541096.0090356,11_3,11,das_work,9.030120849609377,48258,67,1
1771541107.9992373,11_3,11,das_work,8.139150381088257,48258,68,1
1771541108.0077076,10_4,10,das_work,2.703211784362793,48258,68,1
1771541120.0071592,10_4,10,das_work,5.178469896316528,48258,69,1
1771541120.010207,11_4,11,das_work,2.4353456497192383,48258,69,1
1771541131.986117,11_4,11,das_work,1.98996901512146,48258,70,1
1771541131.9985025,10_4,10,das_work,7.045593738555908,48258,70,1
1771541143.9843366,11_4,11,das_work,2.178918838500977,48258,71,1
1771541144.01465,10_4,10,das_work,7.166800260543823,48258,71,1
1771541155.991381,11_4,11,das_work,1.5919468402862549,48258,72,1
1771541156.0010786,10_4,10,das_work,2.539303779602051,48258,72,1
1771541168.0266006,10_4,10,das_work,2.090733766555786,48258,73,1
1771541180.0028458,11_4,11,das_work,12.061639785766602,48258,74,1
1771541180.0034084,10_4,10,das_work,2.2802069187164307,48258,74,1
1771541191.9980836,10_4,10,das_work,0.6514992713928223,48258,75,1
1771541192.0229428,11_4,11,das_work,3.101994037628174,48258,75,1
1771541204.004906,11_4,11,das_work,4.444146633148193,48258,76,1
1771541204.0055163,10_4,10,das_work,8.95355772972107,48258,76,1
1771541215.9819076,11_4,11,das_work,6.784542083740234,48258,77,1
1771541216.0012496,10_4,10,das_work,8.218547105789185,48258,77,1
1771541228.018617,11_4,11,das_work,8.572932481765747,48258,78,1
1771541228.043414,10_4,10,das_work,2.598552227020264,48258,78,1
1771541239.9850664,10_4,10,das_work,5.807761907577515,48258,79,1
1771541239.992462,11_4,11,das_work,3.5801117420196533,48258,79,1
1771541251.9830792,11_4,11,das_work,6.077300786972046,48258,80,1
1771541251.993294,10_4,10,das_work,5.816372394561768,48258,80,1
1771541263.9913585,10_4,10,das_work,6.1651930809021,48258,81,1
1771541263.9914758,11_4,11,das_work,6.624078273773193,48258,81,1
1771541275.9738898,10_4,10,das_work,7.302927017211914,48258,82,1
1771541275.97972,11_4,11,das_work,7.586838006973267,48258,82,1
1771541288.0089116,11_4,11,das_work,9.161995887756348,48258,83,1
1771541299.9691863,11_4,11,das_work,7.823704719543457,48258,84,1
1771540399.996297,12_0,12,das_work,1.563718318939209,48258,9,1
1771540400.0447533,13_0,13,das_work,9.329984426498411,48258,9,1
1771540412.0351648,12_0,12,das_work,1.4667177200317385,48258,10,1
1771540412.0537453,13_0,13,das_work,2.7931442260742188,48258,10,1
1771540424.0660596,13_0,13,das_work,5.03072190284729,48258,11,1
1771540424.0770016,12_0,12,das_work,1.6666600704193115,48258,11,1
1771540436.0218902,13_0,13,das_work,8.844316005706787,48258,12,1
1771540436.0341263,12_0,12,das_work,6.257909059524536,48258,12,1
1771540448.0268998,13_0,13,das_work,5.456503629684448,48258,13,1
1771540448.0274537,12_0,12,das_work,4.446367979049683,48258,13,1
1771540460.0350528,12_0,12,das_work,6.699032545089722,48258,14,1
1771540460.039292,13_0,13,das_work,7.796255826950073,48258,14,1
1771540472.0474887,13_0,13,das_work,2.704277992248535,48258,15,1
1771540472.0757308,12_0,12,das_work,0.8569386005401611,48258,15,1
1771540484.0378056,13_0,13,das_work,1.3103411197662354,48258,16,1
1771540484.045314,12_0,12,das_work,4.238198757171631,48258,16,1
1771540496.0448492,13_0,13,das_work,5.862685918807983,48258,17,1
1771540496.0718694,12_0,12,das_work,7.180950164794922,48258,17,1
1771540508.0325463,13_0,13,das_work,1.8748550415039065,48258,18,1
1771540508.0504377,12_0,12,das_work,3.713385343551636,48258,18,1
1771540520.0302022,12_0,12,das_work,1.7197072505950928,48258,19,1
1771540520.061728,13_0,13,das_work,7.683730125427246,48258,19,1
1771540532.0415847,13_0,13,das_work,7.302011728286743,48258,20,1
1771540532.0636675,12_0,12,das_work,8.876213550567627,48258,20,1
1771540544.0395665,13_0,13,das_work,6.491846084594727,48258,21,1
1771540544.0600576,12_0,12,das_work,2.181457996368408,48258,21,1
1771540556.0392032,13_0,13,das_work,6.000695705413818,48258,22,1
1771540556.0417843,12_0,12,das_work,5.994333267211914,48258,22,1
1771540568.0385122,12_0,12,das_work,5.981918096542358,48258,23,1
1771540568.041629,13_0,13,das_work,6.514212608337402,48258,23,1
1771540580.0741055,13_1,13,das_work,3.2185046672821045,48258,24,1
1771540580.0747104,12_1,12,das_work,7.397613286972046,48258,24,1
1771540592.0293388,13_1,13,das_work,6.185420036315918,48258,25,1
1771540592.0440314,12_1,12,das_work,9.47792100906372,48258,25,1
1771540604.029042,13_1,13,das_work,0.2917876243591308,48258,26,1
1771540604.0623298,12_1,12,das_work,10.447884798049929,48258,26,1
1771540616.0327525,13_1,13,das_work,0.4657235145568847,48258,27,1
1771540616.0379844,12_1,12,das_work,5.295368671417236,48258,27,1
1771540628.0394032,12_1,12,das_work,7.797522783279419,48258,28,1
1771540628.053909,13_1,13,das_work,2.690598726272583,48258,28,1
1771540640.0292723,12_1,12,das_work,7.436072111129761,48258,29,1
1771540640.042569,13_1,13,das_work,5.444736957550049,48258,29,1
1771540652.0292506,13_1,13,das_work,0.5051183700561523,48258,30,1
1771540652.057991,12_1,12,das_work,5.639828681945801,48258,30,1
1771540664.025621,12_1,12,das_work,4.382113695144653,48258,31,1
1771540664.0457218,13_1,13,das_work,4.416564464569092,48258,31,1
1771540676.0271325,12_1,12,das_work,9.62251615524292,48258,32,1
1771540676.0291607,13_1,13,das_work,7.556811332702637,48258,32,1
1771540688.0272155,13_1,13,das_work,7.27644944190979,48258,33,1
1771540688.0350006,12_1,12,das_work,9.332180738449097,48258,33,1
1771540700.0458128,13_1,13,das_work,1.78078031539917,48258,34,1
1771540700.0508966,12_1,12,das_work,1.4915502071380615,48258,34,1
1771540712.0403562,13_1,13,das_work,8.482933044433594,48258,35,1
1771540712.040521,12_1,12,das_work,5.72014856338501,48258,35,1
1771540724.03202,12_1,12,das_work,2.638740301132202,48258,36,1
1771540724.040195,13_1,13,das_work,6.981257915496826,48258,36,1
1771540736.0236862,13_1,13,das_work,2.8026833534240723,48258,37,1
1771540736.0308151,12_1,12,das_work,8.000735998153687,48258,37,1
1771540748.0271957,13_1,13,das_work,3.1141140460968018,48258,38,1
1771540748.056435,12_1,12,das_work,8.414832592010498,48258,38,1
1771540760.0294795,13_2,13,das_work,2.72652268409729,48258,39,1
1771540760.0412202,12_2,12,das_work,7.592416763305664,48258,39,1
1771540772.0298402,13_2,13,das_work,5.932603597640991,48258,40,1
1771540772.0303862,12_2,12,das_work,8.830773115158081,48258,40,1
1771540784.0164993,12_2,12,das_work,4.542382955551148,48258,41,1
1771540784.0270152,13_2,13,das_work,5.46309232711792,48258,41,1
1771540796.0259025,12_2,12,das_work,5.058364152908325,48258,42,1
1771540796.0562527,13_2,13,das_work,7.084957838058472,48258,42,1
1771540808.017267,12_2,12,das_work,2.4355647563934326,48258,43,1
1771540808.0359056,13_2,13,das_work,1.0598185062408447,48258,43,1
1771540820.0136082,12_2,12,das_work,3.2370755672454834,48258,44,1
1771540820.0287127,13_2,13,das_work,1.7817339897155762,48258,44,1
1771540832.0225956,12_2,12,das_work,9.283271312713625,48258,45,1
1771540832.0336616,13_2,13,das_work,2.5935444831848145,48258,45,1
1771540844.0214396,13_2,13,das_work,2.9904937744140625,48258,46,1
1771540844.0231683,12_2,12,das_work,10.174413919448853,48258,46,1
1771540856.0216131,13_2,13,das_work,6.730404376983643,48258,47,1
1771540856.0293543,12_2,12,das_work,6.175586223602295,48258,47,1
1771540868.013274,12_2,12,das_work,4.940331935882568,48258,48,1
1771540868.0138197,13_2,13,das_work,7.205670833587647,48258,48,1
1771540880.0180967,13_2,13,das_work,2.917108058929444,48258,49,1
1771540880.0186193,12_2,12,das_work,7.616342544555664,48258,49,1
1771540892.0056531,12_2,12,das_work,2.94246768951416,48258,50,1
1771540892.0113728,13_2,13,das_work,8.733919382095337,48258,50,1
1771540904.0041893,12_2,12,das_work,5.901236057281494,48258,51,1
1771540904.0448515,13_2,13,das_work,7.685266256332397,48258,51,1
1771540916.0077078,13_2,13,das_work,6.69311785697937,48258,52,1
1771540916.0286546,12_2,12,das_work,5.654916286468506,48258,52,1
1771540928.004259,13_2,13,das_work,4.643359661102295,48258,53,1
1771540928.0187323,12_2,12,das_work,8.003897428512573,48258,53,1
1771540940.002316,12_3,12,das_work,5.739980697631836,48258,54,1
1771540940.045984,13_3,13,das_work,4.358556985855103,48258,54,1
1771540952.0012777,12_3,12,das_work,6.7396650314331055,48258,55,1
1771540952.0021064,13_3,13,das_work,8.768935441970825,48258,55,1
1771540964.0085225,13_3,13,das_work,4.5596301555633545,48258,56,1
1771540964.0323615,12_3,12,das_work,1.156827449798584,48258,56,1
1771540976.0105257,12_3,12,das_work,5.906061172485352,48258,57,1
1771540976.011627,13_3,13,das_work,1.7717616558074951,48258,57,1
1771540988.0207171,12_3,12,das_work,3.5127146244049072,48258,58,1
1771540988.0321898,13_3,13,das_work,1.2620980739593506,48258,58,1
1771541000.0149524,13_3,13,das_work,2.247442960739136,48258,59,1
1771541000.0188792,12_3,12,das_work,6.50403904914856,48258,59,1
1771541012.0226855,12_3,12,das_work,3.6249749660491934,48258,60,1
1771541012.0287197,13_3,13,das_work,5.75147271156311,48258,60,1
1771541023.9942567,12_3,12,das_work,2.640208959579468,48258,61,1
1771541024.0101488,13_3,13,das_work,8.59198260307312,48258,61,1
1771541035.9940698,13_3,13,das_work,4.654055595397949,48258,62,1
1771541036.0189073,12_3,12,das_work,2.891552686691284,48258,62,1
1771541048.0037255,12_3,12,das_work,4.640543460845947,48258,63,1
1771541048.0101178,13_3,13,das_work,4.935190916061401,48258,63,1
1771541060.016651,12_3,12,das_work,2.1775498390197754,48258,64,1
1771541060.033087,13_3,13,das_work,9.724542140960692,48258,64,1
1771541072.0087028,13_3,13,das_work,8.20293116569519,48258,65,1
1771541072.0264845,12_3,12,das_work,8.406294822692871,48258,65,1
1771541083.9997215,12_3,12,das_work,5.193382978439331,48258,66,1
1771541084.0066578,13_3,13,das_work,1.629265308380127,48258,66,1
1771541095.995889,13_3,13,das_work,1.4163620471954346,48258,67,1
1771541096.0073397,12_3,12,das_work,7.233884572982788,48258,67,1
1771541107.9946046,13_3,13,das_work,3.6373331546783447,48258,68,1
1771541108.0321107,12_3,12,das_work,7.485350847244263,48258,68,1
1771541120.002167,13_4,13,das_work,4.855407953262329,48258,69,1
1771541120.0121462,12_4,12,das_work,8.625585794448853,48258,69,1
1771541131.9884398,12_4,12,das_work,6.195119380950928,48258,70,1
1771541132.004517,13_4,13,das_work,3.400961637496948,48258,70,1
1771541144.0042732,12_4,12,das_work,9.134994268417358,48258,71,1
1771541144.0222633,13_4,13,das_work,9.113401174545288,48258,71,1
1771541156.0060334,12_4,12,das_work,8.420270204544067,48258,72,1
1771541156.009879,13_4,13,das_work,4.220053195953369,48258,72,1
1771541168.0063505,12_4,12,das_work,0.868903398513794,48258,73,1
1771541168.0073178,13_4,13,das_work,4.124588251113892,48258,73,1
1771541179.9915853,13_4,13,das_work,3.23023009300232,48258,74,1
1771541180.0002785,12_4,12,das_work,2.7989230155944824,48258,74,1
1771541191.984048,12_4,12,das_work,3.3199455738067627,48258,75,1
1771541191.997584,13_4,13,das_work,5.446321964263916,48258,75,1
1771541203.9873233,12_4,12,das_work,2.9265360832214355,48258,76,1
1771541203.9967704,13_4,13,das_work,8.211334466934204,48258,76,1
1771541215.975042,13_4,13,das_work,8.966848611831665,48258,77,1
1771541215.985124,12_4,12,das_work,4.440738201141357,48258,77,1
1771541228.019508,12_4,12,das_work,4.19845461845398,48258,78,1
1771541228.0396445,13_4,13,das_work,1.691725492477417,48258,78,1
1771541239.9855816,13_4,13,das_work,5.635898113250732,48258,79,1
1771541239.9885132,12_4,12,das_work,2.9761850833892822,48258,79,1
1771541251.9916236,13_4,13,das_work,0.8591740131378174,48258,80,1
1771541252.0059245,12_4,12,das_work,4.4239888191223145,48258,80,1
1771541263.9805849,12_4,12,das_work,5.698627710342407,48258,81,1
1771541263.995533,13_4,13,das_work,3.7083957195281982,48258,81,1
1771541275.9747725,12_4,12,das_work,0.5572147369384766,48258,82,1
1771541275.9806073,13_4,13,das_work,2.6322836875915527,48258,82,1
1771541287.9995236,13_4,13,das_work,2.641629219055176,48258,83,1
1771541288.0025542,12_4,12,das_work,7.613083124160767,48258,83,1
1771540399.9939356,15_0,15,das_work,0.343395471572876,48258,9,1
1771540400.0281208,14_0,14,das_work,9.95751428604126,48258,9,1
1771540411.9989734,15_0,15,das_work,7.088669776916504,48258,10,1
1771540412.0239346,14_0,14,das_work,4.626858711242676,48258,10,1
1771540424.0089257,14_0,14,das_work,9.56286883354187,48258,11,1
1771540424.0597663,15_0,15,das_work,7.195356369018555,48258,11,1
1771540436.019177,14_0,14,das_work,6.570077896118164,48258,12,1
1771540436.046527,15_0,15,das_work,2.2869818210601807,48258,12,1
1771540448.052436,14_0,14,das_work,6.17621660232544,48258,13,1
1771540448.0801454,15_0,15,das_work,9.444427728652954,48258,13,1
1771540460.0283484,15_0,15,das_work,4.641331911087036,48258,14,1
1771540460.0524414,14_0,14,das_work,5.137956857681274,48258,14,1
1771540472.043369,15_0,15,das_work,4.873957633972168,48258,15,1
1771540472.0489583,14_0,14,das_work,9.54328155517578,48258,15,1
1771540484.0335538,15_0,15,das_work,0.5897760391235352,48258,16,1
1771540484.04923,14_0,14,das_work,5.794215679168701,48258,16,1
1771540496.0506215,15_0,15,das_work,4.896207809448242,48258,17,1
1771540496.0734656,14_0,14,das_work,8.094182252883911,48258,17,1
1771540508.0389693,15_0,15,das_work,7.595419406890869,48258,18,1
1771540508.044484,14_0,14,das_work,1.1755638122558594,48258,18,1
1771540520.0312085,15_0,15,das_work,7.501233577728271,48258,19,1
1771540520.066327,14_0,14,das_work,5.752293348312378,48258,19,1
1771540532.052955,14_0,14,das_work,9.044532299041748,48258,20,1
1771540532.0669675,15_0,15,das_work,9.037373781204224,48258,20,1
1771540544.0347843,14_0,14,das_work,7.759458303451538,48258,21,1
1771540544.056677,15_0,15,das_work,7.992949485778809,48258,21,1
1771540556.049245,14_0,14,das_work,9.125763654708862,48258,22,1
1771540556.0547163,15_0,15,das_work,1.2595293521881104,48258,22,1
1771540568.0483994,14_0,14,das_work,6.260422945022583,48258,23,1
1771540568.053645,15_0,15,das_work,4.116019487380981,48258,23,1
1771540580.0392256,15_1,15,das_work,2.631901502609253,48258,24,1
1771540580.058413,14_1,14,das_work,7.802464485168457,48258,24,1
1771540592.0290315,14_1,14,das_work,6.089587450027466,48258,25,1
1771540592.0437944,15_1,15,das_work,1.523850917816162,48258,25,1
1771540604.0325346,15_1,15,das_work,2.733842372894287,48258,26,1
1771540604.058638,14_1,14,das_work,9.735827445983888,48258,26,1
1771540616.0398924,15_1,15,das_work,7.655782222747803,48258,27,1
1771540616.0462132,14_1,14,das_work,10.37731409072876,48258,27,1
1771540628.04703,14_1,14,das_work,4.580510139465332,48258,28,1
1771540628.0552566,15_1,15,das_work,8.109065532684326,48258,28,1
1771540640.0283852,14_1,14,das_work,4.129086971282959,48258,29,1
1771540640.0518548,15_1,15,das_work,1.2773921489715576,48258,29,1
1771540652.0353136,15_1,15,das_work,4.448985815048218,48258,30,1
1771540652.057531,14_1,14,das_work,2.5903303623199463,48258,30,1
1771540664.0244462,15_1,15,das_work,4.985918760299683,48258,31,1
1771540664.026419,14_1,14,das_work,7.927763223648071,48258,31,1
1771540676.0473084,15_1,15,das_work,1.571767807006836,48258,32,1
1771540676.0580475,14_1,14,das_work,9.11629033088684,48258,32,1
1771540688.020096,15_1,15,das_work,4.555921316146851,48258,33,1
1771540688.0227425,14_1,14,das_work,3.1249806880950928,48258,33,1
1771540700.0442123,15_1,15,das_work,3.7728657722473145,48258,34,1
1771540700.0471177,14_1,14,das_work,0.7652509212493896,48258,34,1
1771540712.0421898,15_1,15,das_work,6.373846054077148,48258,35,1
1771540712.0604477,14_1,14,das_work,3.9238107204437256,48258,35,1
1771540724.0364883,14_1,14,das_work,3.3187856674194336,48258,36,1
1771540724.0475905,15_1,15,das_work,9.023869514465332,48258,36,1
1771540736.0187016,14_1,14,das_work,8.019181251525879,48258,37,1
1771540736.0425758,15_1,15,das_work,6.258480548858643,48258,37,1
1771540748.0242302,14_1,14,das_work,4.938664197921753,48258,38,1
1771540748.0366628,15_1,15,das_work,9.43480634689331,48258,38,1
1771540760.021263,15_2,15,das_work,9.33547854423523,48258,39,1
1771540760.0312188,14_2,14,das_work,2.7556941509246826,48258,39,1
1771540772.023769,14_2,14,das_work,8.53017258644104,48258,40,1
1771540772.038043,15_2,15,das_work,2.8078415393829346,48258,40,1
1771540784.0141544,15_2,15,das_work,6.20780348777771,48258,41,1
1771540784.0348277,14_2,14,das_work,4.625854730606079,48258,41,1
1771540796.0177426,14_2,14,das_work,4.861390113830566,48258,42,1
1771540796.0276558,15_2,15,das_work,8.51296329498291,48258,42,1
1771540808.0223193,14_2,14,das_work,4.065242052078247,48258,43,1
1771540808.0492303,15_2,15,das_work,6.561657190322876,48258,43,1
1771540820.0264876,15_2,15,das_work,5.603563070297241,48258,44,1
1771540820.0317612,14_2,14,das_work,6.819539546966553,48258,44,1
1771540832.0164104,14_2,14,das_work,1.614431381225586,48258,45,1
1771540832.0330205,15_2,15,das_work,7.295905351638794,48258,45,1
1771540844.0089943,14_2,14,das_work,2.9045512676239014,48258,46,1
1771540844.0109084,15_2,15,das_work,7.298259496688843,48258,46,1
1771540856.0154948,14_2,14,das_work,2.106532573699951,48258,47,1
1771540856.0249002,15_2,15,das_work,7.319705486297607,48258,47,1
1771540868.003325,15_2,15,das_work,9.145053386688232,48258,48,1
1771540868.027528,14_2,14,das_work,8.011376142501831,48258,48,1
1771540880.02006,14_2,14,das_work,4.868545770645142,48258,49,1
1771540880.0205965,15_2,15,das_work,6.288217067718506,48258,49,1
1771540892.0057075,14_2,14,das_work,10.152592658996582,48258,50,1
1771540892.0078666,15_2,15,das_work,7.534115076065063,48258,50,1
1771540904.0188134,15_2,15,das_work,5.770317792892456,48258,51,1
1771540904.034171,14_2,14,das_work,5.754454612731934,48258,51,1
1771540916.018919,14_2,14,das_work,6.805527210235596,48258,52,1
1771540916.021351,15_2,15,das_work,2.401251554489136,48258,52,1
1771540928.010735,14_2,14,das_work,8.117012977600098,48258,53,1
1771540928.035927,15_2,15,das_work,8.513643026351929,48258,53,1
1771540940.0099726,15_3,15,das_work,4.8682615756988525,48258,54,1
1771540940.0181427,14_3,14,das_work,8.761374473571777,48258,54,1
1771540952.000997,14_3,14,das_work,6.633416652679443,48258,55,1
1771540952.0015996,15_3,15,das_work,3.5663578510284424,48258,55,1
1771540964.0120735,15_3,15,das_work,1.9174234867095947,48258,56,1
1771540964.019625,14_3,14,das_work,5.400045871734619,48258,56,1
1771540976.0018406,14_3,14,das_work,0.5859894752502441,48258,57,1
1771540976.0341246,15_3,15,das_work,7.89670729637146,48258,57,1
1771540988.0033698,14_3,14,das_work,9.35407781600952,48258,58,1
1771540988.0167315,15_3,15,das_work,3.3032431602478027,48258,58,1
1771541000.0079803,14_3,14,das_work,5.5763466358184814,48258,59,1
1771541000.033541,15_3,15,das_work,2.3175439834594727,48258,59,1
1771541012.022327,14_3,14,das_work,1.2739806175231934,48258,60,1
1771541012.0229335,15_3,15,das_work,5.253916025161743,48258,60,1
1771541024.002436,14_3,14,das_work,8.547300815582275,48258,61,1
1771541024.0068371,15_3,15,das_work,7.132415771484375,48258,61,1
1771541036.013839,15_3,15,das_work,7.19671630859375,48258,62,1
1771541036.026892,14_3,14,das_work,3.699506282806397,48258,62,1
1771541048.000664,15_3,15,das_work,9.105069398880005,48258,63,1
1771541048.0062191,14_3,14,das_work,6.15688681602478,48258,63,1
1771541059.9937625,15_3,15,das_work,5.650770902633667,48258,64,1
1771541059.994383,14_3,14,das_work,5.986295223236084,48258,64,1
1771541071.98939,15_3,15,das_work,8.56418776512146,48258,65,1
1771541072.0030837,14_3,14,das_work,1.9242925643920896,48258,65,1
1771541083.9931428,15_3,15,das_work,2.4419262409210205,48258,66,1
1771541084.0055816,14_3,14,das_work,5.395668983459473,48258,66,1
1771541095.9980023,14_3,14,das_work,9.279680013656616,48258,67,1
1771541096.0099218,15_3,15,das_work,2.702556848526001,48258,67,1
1771541107.997733,14_3,14,das_work,6.291088819503784,48258,68,1
1771541108.0301938,15_3,15,das_work,5.950601100921631,48258,68,1
1771541120.0145173,14_4,14,das_work,5.163000345230103,48258,69,1
1771541120.0220916,15_4,15,das_work,6.678918361663818,48258,69,1
1771541131.991144,14_4,14,das_work,8.824951887130737,48258,70,1
1771541132.021737,15_4,15,das_work,0.9519860744476318,48258,70,1
1771541143.987079,14_4,14,das_work,4.592305421829224,48258,71,1
1771541143.9923346,15_4,15,das_work,3.1514763832092285,48258,71,1
1771541156.0048077,14_4,14,das_work,4.844740390777588,48258,72,1
1771541156.012802,15_4,15,das_work,4.31389045715332,48258,72,1
1771541167.99878,15_4,15,das_work,5.991919755935669,48258,73,1
1771541168.0269332,14_4,14,das_work,4.940979957580566,48258,73,1
1771541179.992731,14_4,14,das_work,9.06324291229248,48258,74,1
1771541180.0231304,15_4,15,das_work,7.26960301399231,48258,74,1
1771541191.9783647,15_4,15,das_work,7.414154052734375,48258,75,1
1771541192.017661,14_4,14,das_work,6.059155225753784,48258,75,1
1771541203.9886966,14_4,14,das_work,0.5818626880645752,48258,76,1
1771541203.996451,15_4,15,das_work,2.4900457859039307,48258,76,1
1771541215.9893985,15_4,15,das_work,3.105287551879883,48258,77,1
1771541215.9947245,14_4,14,das_work,6.874873638153076,48258,77,1
1771541228.0276842,15_4,15,das_work,2.739400863647461,48258,78,1
1771541228.0399776,14_4,14,das_work,1.1832258701324463,48258,78,1
1771541239.9888785,15_4,15,das_work,8.131751537322998,48258,79,1
1771541239.993862,14_4,14,das_work,2.9385361671447754,48258,79,1
1771541251.986661,14_4,14,das_work,5.764372110366821,48258,80,1
1771541251.993137,15_4,15,das_work,8.10314416885376,48258,80,1
1771541263.9787197,14_4,14,das_work,4.76769495010376,48258,81,1
1771541263.9883313,15_4,15,das_work,3.0920968055725098,48258,81,1
1771541275.9756763,15_4,15,das_work,3.1099603176116943,48258,82,1
1771541275.9941914,14_4,14,das_work,6.160693168640137,48258,82,1
1771541287.9973643,14_4,14,das_work,4.1603288650512695,48258,83,1
1771541288.012558,15_4,15,das_work,7.209848165512085,48258,83,1
1771540400.0675008,16_0,16,das_work,10.971933841705322,48258,9,1
1771540412.0540817,16_0,16,das_work,9.026968240737917,48258,10,1
1771540412.0589726,17_0,17,das_work,3.8085741996765137,48258,10,1
1771540424.0610294,17_0,17,das_work,8.616088628768921,48258,11,1
1771540424.0658383,16_0,16,das_work,5.231885671615601,48258,11,1
1771540436.0228202,16_0,16,das_work,1.1809630393981934,48258,12,1
1771540436.0343215,17_0,17,das_work,7.6896421909332275,48258,12,1
1771540448.0211608,16_0,16,das_work,2.388848066329956,48258,13,1
1771540448.049967,17_0,17,das_work,8.100709199905396,48258,13,1
1771540460.039479,17_0,17,das_work,8.632643461227417,48258,14,1
1771540460.0525742,16_0,16,das_work,7.786351680755615,48258,14,1
1771540472.0395827,16_0,16,das_work,5.902508020401001,48258,15,1
1771540472.0454607,17_0,17,das_work,2.287322998046875,48258,15,1
1771540484.0372064,16_0,16,das_work,5.395115613937378,48258,16,1
1771540484.064115,17_0,17,das_work,8.605377912521362,48258,16,1
1771540496.0470264,16_0,16,das_work,7.931317567825317,48258,17,1
1771540496.0583715,17_0,17,das_work,4.071950674057007,48258,17,1
1771540508.0476017,16_0,16,das_work,4.763182878494263,48258,18,1
1771540508.061581,17_0,17,das_work,2.7929160594940186,48258,18,1
1771540520.0406425,16_0,16,das_work,8.019848346710205,48258,19,1
1771540520.0561771,17_0,17,das_work,6.45955491065979,48258,19,1
1771540532.0441692,16_0,16,das_work,10.167730808258057,48258,20,1
1771540532.054778,17_0,17,das_work,0.7681055068969727,48258,20,1
1771540544.0523765,17_0,17,das_work,1.673022985458374,48258,21,1
1771540544.059012,16_0,16,das_work,4.721472263336182,48258,21,1
1771540556.0332532,17_0,17,das_work,1.5896553993225098,48258,22,1
1771540556.0477755,16_0,16,das_work,8.403939723968506,48258,22,1
1771540568.0429528,17_0,17,das_work,4.0407874584198,48258,23,1
1771540568.0445552,16_0,16,das_work,5.748841762542725,48258,23,1
1771540580.042492,17_0,17,das_work,3.506474256515503,48258,24,1
1771540580.0597289,16_1,16,das_work,1.3688788414001465,48258,24,1
1771540592.032033,16_1,16,das_work,4.43444561958313,48258,25,1
1771540592.0376558,17_1,17,das_work,4.769862413406372,48258,25,1
1771540604.0589705,16_1,16,das_work,8.708279132843018,48258,26,1
1771540604.068944,17_1,17,das_work,5.744839429855347,48258,26,1
1771540616.0456493,16_1,16,das_work,2.05232572555542,48258,27,1
1771540616.0478764,17_1,17,das_work,2.4578874111175537,48258,27,1
1771540628.0316951,16_1,16,das_work,7.950793743133545,48258,28,1
1771540628.0359554,17_1,17,das_work,2.004344701766968,48258,28,1
1771540640.0257723,17_1,17,das_work,2.3972361087799072,48258,29,1
1771540640.039291,16_1,16,das_work,2.8574914932250977,48258,29,1
1771540652.02552,16_1,16,das_work,9.743558168411257,48258,30,1
1771540652.0256631,17_1,17,das_work,5.080854177474976,48258,30,1
1771540664.0431955,16_1,16,das_work,6.008509874343872,48258,31,1
1771540664.0439217,17_1,17,das_work,8.327486515045166,48258,31,1
1771540676.0253396,16_1,16,das_work,4.883828639984131,48258,32,1
1771540676.0652697,17_1,17,das_work,4.128477334976196,48258,32,1
1771540688.0389411,17_1,17,das_work,6.17694878578186,48258,33,1
1771540688.058164,16_1,16,das_work,3.618098020553589,48258,33,1
1771540700.0378718,17_1,17,das_work,2.3415701389312744,48258,34,1
1771540700.049638,16_1,16,das_work,6.472662925720215,48258,34,1
1771540712.0247965,16_1,16,das_work,5.596277952194214,48258,35,1
1771540712.046045,17_1,17,das_work,0.3426821231842041,48258,35,1
1771540724.037527,17_1,17,das_work,4.035975217819214,48258,36,1
1771540724.060952,16_1,16,das_work,2.3845736980438232,48258,36,1
1771540736.0234008,16_1,16,das_work,6.371936559677124,48258,37,1
1771540736.0330875,17_1,17,das_work,6.724808692932129,48258,37,1
1771540748.0171905,16_1,16,das_work,8.231839895248413,48258,38,1
1771540748.019323,17_1,17,das_work,4.668104410171509,48258,38,1
1771540760.0219052,17_1,17,das_work,2.20234751701355,48258,39,1
1771540760.049063,16_2,16,das_work,2.181352138519287,48258,39,1
1771540772.0207534,16_2,16,das_work,6.807927370071411,48258,40,1
1771540772.0428104,17_2,17,das_work,3.010138750076294,48258,40,1
1771540784.030413,16_2,16,das_work,4.841155767440796,48258,41,1
1771540784.0484736,17_2,17,das_work,4.018484592437744,48258,41,1
1771540796.0133104,16_2,16,das_work,1.6674306392669678,48258,42,1
1771540796.03564,17_2,17,das_work,9.014195919036863,48258,42,1
1771540808.0150888,16_2,16,das_work,8.478073358535767,48258,43,1
1771540808.0372226,17_2,17,das_work,8.621839761734009,48258,43,1
1771540820.0240889,16_2,16,das_work,6.896869421005249,48258,44,1
1771540820.030234,17_2,17,das_work,7.7442097663879395,48258,44,1
1771540832.0230925,16_2,16,das_work,2.5105321407318115,48258,45,1
1771540832.0334997,17_2,17,das_work,2.304008960723877,48258,45,1
1771540844.0155802,17_2,17,das_work,7.496933221817017,48258,46,1
1771540844.0202308,16_2,16,das_work,3.253673553466797,48258,46,1
1771540856.0191045,16_2,16,das_work,9.56506371498108,48258,47,1
1771540856.034629,17_2,17,das_work,2.583768606185913,48258,47,1
1771540868.0083003,16_2,16,das_work,2.6516270637512207,48258,48,1
1771540868.028585,17_2,17,das_work,2.8087193965911865,48258,48,1
1771540880.008256,17_2,17,das_work,5.953984022140503,48258,49,1
1771540880.010879,16_2,16,das_work,8.146545171737671,48258,49,1
1771540892.0160189,16_2,16,das_work,7.608354330062866,48258,50,1
1771540892.0284345,17_2,17,das_work,6.8885650634765625,48258,50,1
1771540904.0175817,16_2,16,das_work,10.298312187194824,48258,51,1
1771540904.0181255,17_2,17,das_work,4.787738561630249,48258,51,1
1771540916.0118496,17_2,17,das_work,7.302185773849487,48258,52,1
1771540916.0184464,16_2,16,das_work,7.717157363891602,48258,52,1
1771540927.9997537,16_2,16,das_work,1.2126407623291016,48258,53,1
1771540928.0081077,17_2,17,das_work,6.299987316131592,48258,53,1
1771540940.0041077,17_2,17,das_work,2.302372455596924,48258,54,1
1771540940.014258,16_3,16,das_work,5.599692106246948,48258,54,1
1771540952.0043788,17_3,17,das_work,1.0999181270599363,48258,55,1
1771540952.01026,16_3,16,das_work,6.504798173904419,48258,55,1
1771540964.0111055,16_3,16,das_work,6.735707521438599,48258,56,1
1771540964.012718,17_3,17,das_work,1.787222146987915,48258,56,1
1771540976.0087302,16_3,16,das_work,4.270752191543579,48258,57,1
1771540976.038026,17_3,17,das_work,4.338880300521851,48258,57,1
1771540988.0005422,17_3,17,das_work,8.007126331329346,48258,58,1
1771540988.0130422,16_3,16,das_work,1.4049789905548096,48258,58,1
1771541000.035936,16_3,16,das_work,1.4825851917266846,48258,59,1
1771541000.0365682,17_3,17,das_work,2.8165128231048584,48258,59,1
1771541012.0086095,16_3,16,das_work,0.6029758453369141,48258,60,1
1771541012.022221,17_3,17,das_work,7.384978771209717,48258,60,1
1771541023.997048,16_3,16,das_work,2.003453016281128,48258,61,1
1771541024.0337818,17_3,17,das_work,3.906627893447876,48258,61,1
1771541035.9983275,17_3,17,das_work,5.186325788497925,48258,62,1
1771541036.0185025,16_3,16,das_work,2.0814123153686523,48258,62,1
1771541047.9897673,16_3,16,das_work,1.222757339477539,48258,63,1
1771541047.9989624,17_3,17,das_work,10.13871717453003,48258,63,1
1771541060.0032036,17_3,17,das_work,8.353240489959717,48258,64,1
1771541060.0109067,16_3,16,das_work,5.860066652297974,48258,64,1
1771541071.9864464,17_3,17,das_work,2.605958938598633,48258,65,1
1771541072.0077305,16_3,16,das_work,8.412653923034668,48258,65,1
1771541083.9923258,16_3,16,das_work,9.322283029556274,48258,66,1
1771541084.0041974,17_3,17,das_work,3.633702039718628,48258,66,1
1771541096.0029514,17_3,17,das_work,6.730653285980225,48258,67,1
1771541096.0159862,16_3,16,das_work,8.216489553451538,48258,67,1
1771541108.0055273,16_3,16,das_work,7.199117422103882,48258,68,1
1771541108.008258,17_3,17,das_work,8.616332292556763,48258,68,1
1771541119.9918828,17_3,17,das_work,7.236240386962891,48258,69,1
1771541120.020894,16_4,16,das_work,6.275272607803345,48258,69,1
1771541131.9945712,16_4,16,das_work,7.665074110031128,48258,70,1
1771541131.9957378,17_4,17,das_work,8.966502666473389,48258,70,1
1771541143.99499,17_4,17,das_work,6.0951738357543945,48258,71,1
1771541144.0027585,16_4,16,das_work,7.499128818511963,48258,71,1
1771541156.0014565,16_4,16,das_work,10.087228059768677,48258,72,1
1771541156.0036263,17_4,17,das_work,9.455914497375488,48258,72,1
1771541168.0006597,16_4,16,das_work,8.353157758712769,48258,73,1
1771541168.0270944,17_4,17,das_work,7.282794713973999,48258,73,1
1771541179.983973,16_4,16,das_work,5.980463027954102,48258,74,1
1771541179.991845,17_4,17,das_work,8.040337800979614,48258,74,1
1771541191.979328,16_4,16,das_work,5.4053122997283936,48258,75,1
1771541191.983887,17_4,17,das_work,6.943836688995361,48258,75,1
1771541203.9980688,16_4,16,das_work,7.416020154953003,48258,76,1
1771541204.0028703,17_4,17,das_work,6.173489570617676,48258,76,1
1771541215.992357,16_4,16,das_work,5.407225131988525,48258,77,1
1771541216.0130427,17_4,17,das_work,1.263740062713623,48258,77,1
1771541228.024906,16_4,16,das_work,2.233550548553467,48258,78,1
1771541228.0303278,17_4,17,das_work,2.1495440006256104,48258,78,1
1771541239.996397,17_4,17,das_work,1.8113298416137693,48258,79,1
1771541240.0173478,16_4,16,das_work,9.324615001678469,48258,79,1
1771541251.988605,17_4,17,das_work,3.41186785697937,48258,80,1
1771541252.0180433,16_4,16,das_work,4.729637622833252,48258,80,1
1771541263.9756548,16_4,16,das_work,1.2978432178497314,48258,81,1
1771541263.977786,17_4,17,das_work,5.29893684387207,48258,81,1
1771541275.9731743,16_4,16,das_work,2.031160831451416,48258,82,1
1771541275.9828746,17_4,17,das_work,7.530940055847168,48258,82,1
1771541288.017799,16_4,16,das_work,6.919941425323486,48258,83,1
1771541288.0213928,17_4,17,das_work,3.5296521186828613,48258,83,1
1771541299.9814343,17_4,17,das_work,3.3097715377807617,48258,84,1
1771540411.998324,18_0,18,das_work,11.792888402938845,48258,10,1
1771540412.055384,19_0,19,das_work,4.427398920059204,48258,10,1
1771540424.0125427,18_0,18,das_work,1.8690760135650637,48258,11,1
1771540424.0608006,19_0,19,das_work,4.530348777770996,48258,11,1
1771540436.0487096,19_0,19,das_work,4.418241500854492,48258,12,1
1771540436.0811875,18_0,18,das_work,5.553979396820068,48258,12,1
1771540448.0532086,19_0,19,das_work,4.832785367965698,48258,13,1
1771540448.0537424,18_0,18,das_work,8.123451709747314,48258,13,1
1771540460.0280666,18_0,18,das_work,5.773869514465332,48258,14,1
1771540460.0366552,19_0,19,das_work,2.739145517349243,48258,14,1
1771540472.034808,19_0,19,das_work,4.87662935256958,48258,15,1
1771540472.0763228,18_0,18,das_work,1.8681080341339111,48258,15,1
1771540484.0353255,18_0,18,das_work,2.8361012935638428,48258,16,1
1771540484.0656168,19_0,19,das_work,1.5619258880615234,48258,16,1
1771540496.0459712,19_0,19,das_work,6.649425029754639,48258,17,1
1771540496.0600169,18_0,18,das_work,6.162887573242188,48258,17,1
1771540508.042878,19_0,19,das_work,7.5962958335876465,48258,18,1
1771540508.0525465,18_0,18,das_work,4.632408142089844,48258,18,1
1771540520.034744,18_0,18,das_work,3.244663953781128,48258,19,1
1771540520.0556,19_0,19,das_work,5.1538920402526855,48258,19,1
1771540532.0506032,19_0,19,das_work,2.1363914012908936,48258,20,1
1771540532.0572617,18_0,18,das_work,3.383872985839844,48258,20,1
1771540544.0332308,18_0,18,das_work,4.363345623016357,48258,21,1
1771540544.036937,19_0,19,das_work,9.073702573776243,48258,21,1
1771540556.0356894,18_0,18,das_work,8.965647220611572,48258,22,1
1771540556.038478,19_0,19,das_work,1.9407391548156736,48258,22,1
1771540568.0280056,18_0,18,das_work,4.276595592498779,48258,23,1
1771540568.0285969,19_0,19,das_work,8.95699143409729,48258,23,1
1771540580.0451083,19_0,19,das_work,2.71016263961792,48258,24,1
1771540580.0473015,18_0,18,das_work,1.5682990550994873,48258,24,1
1771540592.0276449,19_1,19,das_work,7.716476917266846,48258,25,1
1771540592.0662262,18_1,18,das_work,1.3638319969177246,48258,25,1
1771540604.0288143,19_1,19,das_work,1.21002459526062,48258,26,1
1771540604.040747,18_1,18,das_work,0.6605114936828613,48258,26,1
1771540616.0343866,19_1,19,das_work,1.69626784324646,48258,27,1
1771540616.0394063,18_1,18,das_work,8.015805006027222,48258,27,1
1771540628.0322204,19_1,19,das_work,3.441805362701416,48258,28,1
1771540628.0675917,18_1,18,das_work,3.399493932723999,48258,28,1
1771540640.0329273,19_1,19,das_work,8.315392255783081,48258,29,1
1771540640.0698297,18_1,18,das_work,10.14318037033081,48258,29,1
1771540652.0438774,19_1,19,das_work,3.208630084991455,48258,30,1
1771540652.048874,18_1,18,das_work,3.5133373737335205,48258,30,1
1771540664.0306566,19_1,19,das_work,8.431963205337524,48258,31,1
1771540664.0485008,18_1,18,das_work,4.738411903381348,48258,31,1
1771540676.02488,18_1,18,das_work,1.9380197525024412,48258,32,1
1771540676.0299,19_1,19,das_work,8.143605470657349,48258,32,1
1771540688.0210433,19_1,19,das_work,4.536130905151367,48258,33,1
1771540688.0321548,18_1,18,das_work,8.050639867782593,48258,33,1
1771540700.0293765,19_1,19,das_work,5.561972379684448,48258,34,1
1771540700.0467663,18_1,18,das_work,4.550661563873291,48258,34,1
1771540712.0313587,18_1,18,das_work,9.233684062957764,48258,35,1
1771540712.0386226,19_1,19,das_work,5.862915515899658,48258,35,1
1771540724.032246,18_1,18,das_work,3.4345953464508057,48258,36,1
1771540724.0373044,19_1,19,das_work,7.951470851898193,48258,36,1
1771540736.0285344,19_1,19,das_work,7.628213167190552,48258,37,1
1771540736.0529828,18_1,18,das_work,9.01829481124878,48258,37,1
1771540748.0179615,19_1,19,das_work,8.952934741973877,48258,38,1
1771540748.0391383,18_1,18,das_work,7.798682928085327,48258,38,1
1771540760.034311,18_1,18,das_work,8.101581573486328,48258,39,1
1771540760.038668,19_1,19,das_work,1.1654376983642578,48258,39,1
1771540772.0163248,19_2,19,das_work,3.625434637069702,48258,40,1
1771540772.0314777,18_2,18,das_work,6.993357658386231,48258,40,1
1771540784.016142,18_2,18,das_work,2.742079973220825,48258,41,1
1771540784.01749,19_2,19,das_work,4.77743124961853,48258,41,1
1771540796.0234013,19_2,19,das_work,7.494622230529785,48258,42,1
1771540796.030375,18_2,18,das_work,9.6275794506073,48258,42,1
1771540808.017912,18_2,18,das_work,5.282117128372192,48258,43,1
1771540808.029132,19_2,19,das_work,5.248235702514648,48258,43,1
1771540820.0219147,19_2,19,das_work,4.541507959365845,48258,44,1
1771540820.0362997,18_2,18,das_work,3.9216692447662354,48258,44,1
1771540832.0291147,19_2,19,das_work,8.113584041595459,48258,45,1
1771540832.034541,18_2,18,das_work,3.004447221755981,48258,45,1
1771540844.026729,18_2,18,das_work,5.779562473297119,48258,46,1
1771540844.0332482,19_2,19,das_work,2.59092116355896,48258,46,1
1771540856.0121932,18_2,18,das_work,5.495617151260376,48258,47,1
1771540856.023147,19_2,19,das_work,1.7356038093566897,48258,47,1
1771540868.0128732,19_2,19,das_work,5.0895092487335205,48258,48,1
1771540868.0452075,18_2,18,das_work,1.8745155334472656,48258,48,1
1771540880.0195577,18_2,18,das_work,8.372974395751953,48258,49,1
1771540880.023809,19_2,19,das_work,5.004689931869507,48258,49,1
1771540892.0064814,18_2,18,das_work,7.746657609939575,48258,50,1
1771540892.037836,19_2,19,das_work,9.840330839157104,48258,50,1
1771540904.015189,18_2,18,das_work,8.618902206420898,48258,51,1
1771540904.0157623,19_2,19,das_work,1.4973397254943848,48258,51,1
1771540916.0368216,19_2,19,das_work,8.371843814849854,48258,52,1
1771540916.0372896,18_2,18,das_work,8.37570071220398,48258,52,1
1771540928.0181496,18_2,18,das_work,7.081712961196899,48258,53,1
1771540928.0360813,19_2,19,das_work,4.125197649002075,48258,53,1
1771540940.016461,18_2,18,das_work,2.6037604808807373,48258,54,1
1771540940.0203524,19_2,19,das_work,5.451223373413086,48258,54,1
1771540952.001964,18_3,18,das_work,5.389568328857422,48258,55,1
1771540952.011413,19_3,19,das_work,4.148391485214233,48258,55,1
1771540964.0081437,18_3,18,das_work,1.6974167823791504,48258,56,1
1771540964.0164146,19_3,19,das_work,5.816665887832642,48258,56,1
1771540975.998172,19_3,19,das_work,4.732702732086182,48258,57,1
1771540976.0004413,18_3,18,das_work,6.48786735534668,48258,57,1
1771540988.0008223,18_3,18,das_work,6.705582618713379,48258,58,1
1771540988.01515,19_3,19,das_work,5.076494693756104,48258,58,1
1771541000.0101469,19_3,19,das_work,6.382734537124634,48258,59,1
1771541000.0328088,18_3,18,das_work,0.9600462913513184,48258,59,1
1771541012.0151072,18_3,18,das_work,8.87916111946106,48258,60,1
1771541012.0270574,19_3,19,das_work,1.5689074993133545,48258,60,1
1771541023.9950657,18_3,18,das_work,1.8038747310638428,48258,61,1
1771541024.0086951,19_3,19,das_work,3.724355459213257,48258,61,1
1771541036.0008934,18_3,18,das_work,8.120088338851929,48258,62,1
1771541036.011188,19_3,19,das_work,1.5068812370300293,48258,62,1
1771541047.9914553,19_3,19,das_work,8.412789821624756,48258,63,1
1771541047.9935803,18_3,18,das_work,1.5005741119384766,48258,63,1
1771541059.995377,19_3,19,das_work,1.8187079429626465,48258,64,1
1771541059.998184,18_3,18,das_work,5.151956081390381,48258,64,1
1771541072.001921,18_3,18,das_work,5.644284009933472,48258,65,1
1771541072.0293238,19_3,19,das_work,4.262720108032227,48258,65,1
1771541084.0033052,19_3,19,das_work,9.652645826339722,48258,66,1
1771541084.0134757,18_3,18,das_work,4.653977870941162,48258,66,1
1771541096.0047688,18_3,18,das_work,2.548362493515014,48258,67,1
1771541096.0100634,19_3,19,das_work,3.5206995010375977,48258,67,1
1771541107.989729,18_3,18,das_work,4.965612888336182,48258,68,1
1771541107.99095,19_3,19,das_work,1.503263235092163,48258,68,1
1771541119.9986885,18_3,18,das_work,9.382134914398192,48258,69,1
1771541119.9993176,19_3,19,das_work,5.807920217514038,48258,69,1
1771541131.989805,18_4,18,das_work,2.333778381347656,48258,70,1
1771541132.0055535,19_4,19,das_work,1.5705125331878662,48258,70,1
1771541143.9824932,18_4,18,das_work,8.04561161994934,48258,71,1
1771541143.9940588,19_4,19,das_work,7.617249250411987,48258,71,1
1771541155.997278,19_4,19,das_work,1.4956672191619873,48258,72,1
1771541156.0086155,18_4,18,das_work,8.556171894073486,48258,72,1
1771541168.0047538,19_4,19,das_work,3.020630121231079,48258,73,1
1771541168.005288,18_4,18,das_work,8.634657144546509,48258,73,1
1771541179.9928837,19_4,19,das_work,2.3425426483154297,48258,74,1
1771541179.994147,18_4,18,das_work,6.86447286605835,48258,74,1
1771541191.987795,19_4,19,das_work,9.645733833312988,48258,75,1
1771541191.9920824,18_4,18,das_work,4.44075345993042,48258,75,1
1771541203.9801564,18_4,18,das_work,1.8790783882141116,48258,76,1
1771541203.999272,19_4,19,das_work,9.336840629577637,48258,76,1
1771541215.9821048,18_4,18,das_work,4.478048324584961,48258,77,1
1771541215.9844809,19_4,19,das_work,3.11063814163208,48258,77,1
1771541228.0226758,18_4,18,das_work,5.460526943206787,48258,78,1
1771541228.043599,19_4,19,das_work,1.7913315296173096,48258,78,1
1771541239.9903076,19_4,19,das_work,0.2639014720916748,48258,79,1
1771541240.0003366,18_4,18,das_work,0.4590475559234619,48258,79,1
1771541251.9935305,18_4,18,das_work,1.1952660083770752,48258,80,1
1771541252.0105286,19_4,19,das_work,3.0982844829559326,48258,80,1
1771541263.9740534,18_4,18,das_work,7.345453977584839,48258,81,1
1771541263.9752378,19_4,19,das_work,7.137202978134155,48258,81,1
1771541275.979279,19_4,19,das_work,8.644705533981323,48258,82,1
1771541276.0145168,18_4,18,das_work,4.426241159439087,48258,82,1
1771541287.9951954,18_4,18,das_work,0.3188290596008301,48258,83,1
1771541288.0015078,19_4,19,das_work,0.5727462768554688,48258,83,1
1771541299.9896307,19_4,19,das_work,2.887927532196045,48258,84,1
1771541300.004656,18_4,18,das_work,6.771160125732422,48258,84,1
