timestamp,journey_id,worker_id,tx_type,latency_s,gas_used,block_number,status
1771462875.5819893,3_0,3,das_work,5.164886236190796,48258,7,1
1771462887.5700736,1_0,1,das_work,6.498688459396362,48258,8,1
1771462887.5708003,3_0,3,das_work,8.240678310394287,48258,8,1
1771462887.604607,2_0,2,das_work,8.008843660354614,48258,8,1
1771462887.6300836,0_0,0,das_work,0.9580352306365968,48258,8,1
1771462899.5839777,2_0,2,das_work,8.630489826202393,48258,9,1
1771462899.5887797,0_0,0,das_work,8.807616949081421,48258,9,1
1771462899.6076195,1_0,1,das_work,8.096253395080566,48258,9,1
1771462899.656461,3_0,3,das_work,0.749342679977417,48258,9,1
1771462911.627222,1_0,1,das_work,7.076800584793091,48258,10,1
1771462911.627571,3_0,3,das_work,7.989372491836548,48258,10,1
1771462911.62768,0_0,0,das_work,7.790393114089966,48258,10,1
1771462911.6278362,2_0,2,das_work,6.345964670181274,48258,10,1
1771462923.6269996,1_0,1,das_work,5.705530405044556,48258,11,1
1771462923.630663,2_0,2,das_work,5.052160024642944,48258,11,1
1771462923.631393,0_0,0,das_work,3.209033727645874,48258,11,1
1771462923.6360676,3_0,3,das_work,5.660151243209839,48258,11,1
1771462935.625224,0_0,0,das_work,1.2979843616485596,48258,12,1
1771462935.6384704,1_0,1,das_work,7.214317798614502,48258,12,1
1771462935.6445262,2_0,2,das_work,8.843006372451782,48258,12,1
1771462935.6589348,3_0,3,das_work,7.280619144439697,48258,12,1
1771462947.642867,1_0,1,das_work,2.510328531265259,48258,13,1
1771462947.643621,3_0,3,das_work,1.3962771892547607,48258,13,1
1771462947.6709423,2_0,2,das_work,6.0932371616363525,48258,13,1
1771462947.6716738,0_0,0,das_work,5.790005922317505,48258,13,1
1771462959.6711297,3_0,3,das_work,2.510026216506958,48258,14,1
1771462959.6825778,2_0,2,das_work,8.9606614112854,48258,14,1
1771462959.6853445,1_0,1,das_work,1.5358617305755615,48258,14,1
1771462959.6858675,0_0,0,das_work,3.588257312774658,48258,14,1
1771462971.6860976,3_0,3,das_work,5.883278131484985,48258,15,1
1771462971.6866157,0_0,0,das_work,4.996992349624634,48258,15,1
1771462971.689637,1_0,1,das_work,6.138147592544556,48258,15,1
1771462971.716379,2_0,2,das_work,6.652961492538452,48258,15,1
1771462983.6945062,2_0,2,das_work,6.070097208023071,48258,16,1
1771462983.696845,1_0,1,das_work,3.3838956356048584,48258,16,1
1771462983.703072,3_0,3,das_work,8.126919746398926,48258,16,1
1771462983.7207592,0_0,0,das_work,5.0863871574401855,48258,16,1
1771462995.697712,0_0,0,das_work,7.462886810302734,48258,17,1
1771462995.7035758,2_0,2,das_work,8.513491868972778,48258,17,1
1771462995.732116,3_1,3,das_work,1.4135732650756836,48258,17,1
1771462995.7334,1_0,1,das_work,9.288739204406738,48258,17,1
1771463007.6907809,1_1,1,das_work,8.173013687133789,48258,18,1
1771463007.7089765,0_1,0,das_work,8.365015506744385,48258,18,1
1771463007.710361,2_1,2,das_work,4.116698980331421,48258,18,1
1771463007.7151706,3_1,3,das_work,6.900483131408691,48258,18,1
1771463019.687874,2_1,2,das_work,4.71841287612915,48258,19,1
1771463019.6944275,3_1,3,das_work,1.5594244003295898,48258,19,1
1771463019.7039847,1_1,1,das_work,3.6066434383392334,48258,19,1
1771463019.7234204,0_1,0,das_work,4.9897620677948,48258,19,1
1771463031.690323,0_1,0,das_work,9.344414710998535,48258,20,1
1771463031.7022834,1_1,1,das_work,3.868579149246216,48258,20,1
1771463031.7068243,2_1,2,das_work,4.204394102096558,48258,20,1
1771463031.7164278,3_1,3,das_work,6.2626049518585205,48258,20,1
1771463043.686432,0_1,0,das_work,2.0474438667297363,48258,21,1
1771463043.6973102,3_1,3,das_work,3.63773512840271,48258,21,1
1771463043.7222798,1_1,1,das_work,9.346092700958252,48258,21,1
1771463043.7285278,2_1,2,das_work,9.200433015823364,48258,21,1
1771463055.6903567,2_1,2,das_work,0.6184771060943604,48258,22,1
1771463055.7003353,1_1,1,das_work,7.490385055541992,48258,22,1
1771463055.7164395,0_1,0,das_work,3.293631076812744,48258,22,1
1771463055.7307136,3_1,3,das_work,5.81147837638855,48258,22,1
1771463067.6783905,2_1,2,das_work,10.068800926208496,48258,23,1
1771463067.7038956,0_1,0,das_work,8.601271152496338,48258,23,1
1771463067.711775,1_1,1,das_work,7.276556968688965,48258,23,1
1771463067.7194812,3_1,3,das_work,7.040070056915283,48258,23,1
1771463079.7034504,3_1,3,das_work,7.514537334442139,48258,24,1
1771463079.7074113,1_1,1,das_work,2.890970230102539,48258,24,1
1771463079.712123,0_1,0,das_work,5.93956995010376,48258,24,1
1771463079.7169344,2_1,2,das_work,2.5533835887908936,48258,24,1
1771463091.698309,2_1,2,das_work,0.9810943603515624,48258,25,1
1771463091.7186964,3_1,3,das_work,3.258985757827759,48258,25,1
1771463091.721223,0_1,0,das_work,3.661803722381592,48258,25,1
1771463091.7331874,1_1,1,das_work,7.340934991836548,48258,25,1
1771463103.6781223,3_1,3,das_work,4.996743440628052,48258,26,1
1771463103.679925,2_1,2,das_work,8.807797908782959,48258,26,1
1771463103.6828191,1_1,1,das_work,5.108211994171143,48258,26,1
1771463103.6975925,0_1,0,das_work,7.816694974899292,48258,26,1
1771463115.6903455,1_1,1,das_work,4.68192720413208,48258,27,1
1771463115.704091,0_1,0,das_work,6.913382530212402,48258,27,1
1771463115.707768,3_2,3,das_work,8.842860221862793,48258,27,1
1771463115.7273612,2_1,2,das_work,4.0836710929870605,48258,27,1
1771463127.6891248,1_2,1,das_work,2.101048469543457,48258,28,1
1771463127.7103596,0_2,0,das_work,7.787536382675171,48258,28,1
1771463127.7109537,3_2,3,das_work,2.718251943588257,48258,28,1
1771463127.728655,2_2,2,das_work,8.051524639129639,48258,28,1
1771463139.6772077,2_2,2,das_work,1.8683531284332275,48258,29,1
1771463139.685848,3_2,3,das_work,3.392507791519165,48258,29,1
1771463139.692726,1_2,1,das_work,2.766863822937012,48258,29,1
1771463139.7029707,0_2,0,das_work,7.369462966918945,48258,29,1
1771463151.682735,3_2,3,das_work,6.320862054824829,48258,30,1
1771463151.6886492,1_2,1,das_work,4.081425905227661,48258,30,1
1771463151.704107,0_2,0,das_work,2.232899904251098,48258,30,1
1771463151.7257876,2_2,2,das_work,3.794771671295166,48258,30,1
1771463163.683172,1_2,1,das_work,1.161834955215454,48258,31,1
1771463163.7017407,3_2,3,das_work,2.76907730102539,48258,31,1
1771463163.7104928,2_2,2,das_work,2.260777950286865,48258,31,1
1771463163.71516,0_2,0,das_work,4.727976083755493,48258,31,1
1771463175.6794796,3_2,3,das_work,0.4587485790252685,48258,32,1
1771463175.6914184,1_2,1,das_work,8.722239255905151,48258,32,1
1771463175.708194,2_2,2,das_work,6.513279676437378,48258,32,1
1771463175.7221713,0_2,0,das_work,7.044295787811279,48258,32,1
1771463187.687399,0_2,0,das_work,8.768084049224854,48258,33,1
1771463187.697106,2_2,2,das_work,1.6769979000091553,48258,33,1
1771463187.7085931,3_2,3,das_work,0.5672080516815186,48258,33,1
1771463187.7116263,1_2,1,das_work,3.726621627807617,48258,33,1
1771463199.6877773,1_2,1,das_work,8.144893169403076,48258,34,1
1771463199.6989484,3_2,3,das_work,8.822707176208496,48258,34,1
1771463199.7107658,2_2,2,das_work,5.001344919204712,48258,34,1
1771463199.7272506,0_2,0,das_work,9.051978349685667,48258,34,1
1771463211.6833174,1_2,1,das_work,5.28580641746521,48258,35,1
1771463211.6929276,2_2,2,das_work,5.689000606536865,48258,35,1
1771463211.7191455,0_2,0,das_work,7.986446142196655,48258,35,1
1771463211.7294366,3_2,3,das_work,8.721267223358154,48258,35,1
1771463223.6772716,1_2,1,das_work,2.9039735794067383,48258,36,1
1771463223.6833837,0_2,0,das_work,1.95900297164917,48258,36,1
1771463223.6901844,3_2,3,das_work,3.571425676345825,48258,36,1
1771463223.7043953,2_2,2,das_work,7.118761301040649,48258,36,1
1771463235.6741714,0_2,0,das_work,7.294625282287598,48258,37,1
1771463235.6893058,3_3,3,das_work,8.03638243675232,48258,37,1
1771463235.6983764,1_2,1,das_work,4.086087942123413,48258,37,1
1771463235.7241294,2_2,2,das_work,6.250236511230469,48258,37,1
1771463247.668126,1_3,1,das_work,3.839523077011109,48258,38,1
1771463247.669254,2_3,2,das_work,4.449479341506958,48258,38,1
1771463247.6735723,3_3,3,das_work,7.841508150100708,48258,38,1
1771463247.6776018,0_3,0,das_work,8.153187990188599,48258,38,1
1771463259.6762457,0_3,0,das_work,3.046034812927246,48258,39,1
1771463259.6896806,2_3,2,das_work,0.8267271518707275,48258,39,1
1771463259.7128816,3_3,3,das_work,2.657104015350342,48258,39,1
1771463259.7142217,1_3,1,das_work,4.628198146820068,48258,39,1
1771463271.664626,0_3,0,das_work,1.360133409500122,48258,40,1
1771463271.6654234,3_3,3,das_work,1.0061354637145996,48258,40,1
1771463271.6883397,2_3,2,das_work,6.760897636413574,48258,40,1
1771463271.7049522,1_3,1,das_work,7.845571041107178,48258,40,1
1771463283.680237,1_3,1,das_work,4.925312280654907,48258,41,1
1771463283.6872094,2_3,2,das_work,3.346022129058838,48258,41,1
1771463283.691353,0_3,0,das_work,2.229271411895752,48258,41,1
1771463283.70725,3_3,3,das_work,1.733982801437378,48258,41,1
1771463295.6640117,1_3,1,das_work,3.0668933391571045,48258,42,1
1771463295.6899831,3_3,3,das_work,7.394939661026001,48258,42,1
1771463295.6935694,2_3,2,das_work,8.365172147750854,48258,42,1
1771463295.705513,0_3,0,das_work,7.527817964553833,48258,42,1
1771463307.6615503,0_3,0,das_work,1.6658670902252195,48258,43,1
1771463307.6651144,2_3,2,das_work,3.738093614578247,48258,43,1
1771463307.683221,3_3,3,das_work,7.911818742752075,48258,43,1
1771463307.705839,1_3,1,das_work,9.416177988052368,48258,43,1
1771463319.6649723,2_3,2,das_work,8.247884511947632,48258,44,1
1771463319.686834,1_3,1,das_work,6.418219327926636,48258,44,1
1771463319.695536,0_3,0,das_work,7.240264177322388,48258,44,1
1771463319.709477,3_3,3,das_work,8.992065668106079,48258,44,1
1771463331.6774747,0_3,0,das_work,3.973078727722168,48258,45,1
1771463331.6870914,3_3,3,das_work,8.382737398147583,48258,45,1
1771463331.7054174,1_3,1,das_work,9.127137660980225,48258,45,1
1771463331.7147734,2_3,2,das_work,2.347084045410156,48258,45,1
1771463343.680233,1_3,1,das_work,6.037120819091797,48258,46,1
1771463343.693,0_3,0,das_work,1.0788893699645996,48258,46,1
1771463343.704038,3_3,3,das_work,3.485245704650879,48258,46,1
1771463343.713707,2_3,2,das_work,8.205704927444458,48258,46,1
1771463355.6814888,2_3,2,das_work,7.223959445953369,48258,47,1
1771463355.6972878,3_4,3,das_work,7.1075119972229,48258,47,1
1771463355.6978085,1_3,1,das_work,6.06839919090271,48258,47,1
1771463355.7092004,0_3,0,das_work,7.883546829223633,48258,47,1
1771463367.6827023,0_4,0,das_work,1.1287884712219238,48258,48,1
1771463367.683221,3_4,3,das_work,2.059950351715088,48258,48,1
1771463367.7092204,1_4,1,das_work,4.352118968963623,48258,48,1
1771463367.7326488,2_4,2,das_work,6.016300439834595,48258,48,1
1771463379.6812792,3_4,3,das_work,6.506878614425659,48258,49,1
1771463379.6871,1_4,1,das_work,5.572046041488648,48258,49,1
1771463379.6960995,2_4,2,das_work,5.004881858825684,48258,49,1
1771463379.7077694,0_4,0,das_work,1.3566319942474363,48258,49,1
1771463391.6752186,3_4,3,das_work,4.821961879730225,48258,50,1
1771463391.693564,2_4,2,das_work,2.654396772384644,48258,50,1
1771463391.6959713,1_4,1,das_work,8.668251991271973,48258,50,1
1771463391.6970854,0_4,0,das_work,7.563661575317383,48258,50,1
1771463403.674404,3_4,3,das_work,10.280032634735107,48258,51,1
1771463403.6810389,0_4,0,das_work,8.18146824836731,48258,51,1
1771463403.6825247,2_4,2,das_work,4.525216102600098,48258,51,1
1771463403.6982274,1_4,1,das_work,6.489687204360962,48258,51,1
1771463415.6789954,3_4,3,das_work,3.831398487091065,48258,52,1
1771463415.6795154,0_4,0,das_work,10.19074845314026,48258,52,1
1771463415.6894531,1_4,1,das_work,6.40821385383606,48258,52,1
1771463415.7138767,2_4,2,das_work,5.572229623794556,48258,52,1
1771463427.6752172,1_4,1,das_work,0.6526527404785156,48258,53,1
1771463427.6960702,3_4,3,das_work,7.798780202865601,48258,53,1
1771463427.7087617,2_4,2,das_work,8.91765832901001,48258,53,1
1771463427.7173872,0_4,0,das_work,2.771660327911377,48258,53,1
1771463439.6642745,3_4,3,das_work,2.7615206241607666,48258,54,1
1771463439.674952,2_4,2,das_work,5.097362518310547,48258,54,1
1771463439.6826746,1_4,1,das_work,7.857082366943359,48258,54,1
1771463439.695883,0_4,0,das_work,6.87976336479187,48258,54,1
1771463451.6879635,0_4,0,das_work,7.264255285263061,48258,55,1
1771463451.6947944,2_4,2,das_work,8.264079570770264,48258,55,1
1771463451.7088442,1_4,1,das_work,1.449608325958252,48258,55,1
1771463451.7132468,3_4,3,das_work,8.555959224700928,48258,55,1
1771463463.6811898,3_4,3,das_work,2.49950909614563,48258,56,1
1771463463.6950133,2_4,2,das_work,5.817919731140137,48258,56,1
1771463463.7008731,1_4,1,das_work,1.3587045669555664,48258,56,1
1771463463.714572,0_4,0,das_work,6.071058988571167,48258,56,1
1771463475.6739154,2_4,2,das_work,4.869394302368164,48258,57,1
1771463475.688009,0_4,0,das_work,9.427915334701538,48258,57,1
1771463475.7005725,1_4,1,das_work,5.239234209060669,48258,57,1
1771462899.6325855,42_0,42,das_work,1.6687846183776855,48258,9,1
1771462899.6406295,43_0,43,das_work,5.446439266204834,48258,9,1
1771462911.5981078,41_0,41,das_work,10.569602966308594,48258,10,1
1771462911.6390338,42_0,42,das_work,3.818528890609741,48258,10,1
1771462911.6489005,43_0,43,das_work,1.0582256317138672,48258,10,1
1771462911.6674657,40_0,40,das_work,3.2040398120880127,48258,10,1
1771462923.6171072,43_0,43,das_work,7.4906325340271,48258,11,1
1771462923.6242082,42_0,42,das_work,3.862416982650757,48258,11,1
1771462923.6274445,40_0,40,das_work,7.826496362686157,48258,11,1
1771462923.651589,41_0,41,das_work,4.328044891357422,48258,11,1
1771462935.6211896,42_0,42,das_work,3.049795150756836,48258,12,1
1771462935.6231022,43_0,43,das_work,6.4297425746917725,48258,12,1
1771462935.624317,41_0,41,das_work,2.656741142272949,48258,12,1
1771462935.6381493,40_0,40,das_work,6.008119821548462,48258,12,1
1771462947.6554725,43_0,43,das_work,4.535109281539917,48258,13,1
1771462947.660882,42_0,42,das_work,7.24036169052124,48258,13,1
1771462947.6620684,41_0,41,das_work,5.789416313171387,48258,13,1
1771462947.665116,40_0,40,das_work,7.39833927154541,48258,13,1
1771462959.6605527,42_0,42,das_work,5.455341339111328,48258,14,1
1771462959.67208,40_0,40,das_work,1.8777732849121092,48258,14,1
1771462959.693475,43_0,43,das_work,4.862269878387451,48258,14,1
1771462959.6939833,41_0,41,das_work,8.16970944404602,48258,14,1
1771462971.6779675,41_0,41,das_work,2.3556668758392334,48258,15,1
1771462971.7134354,43_0,43,das_work,4.444942474365234,48258,15,1
1771462971.7260642,40_0,40,das_work,4.6774115562438965,48258,15,1
1771462971.726719,42_0,42,das_work,6.047399282455444,48258,15,1
1771462983.682419,41_0,41,das_work,6.334208250045776,48258,16,1
1771462983.6959393,42_0,42,das_work,4.90265965461731,48258,16,1
1771462983.71868,40_0,40,das_work,3.7939069271087646,48258,16,1
1771462983.7215486,43_0,43,das_work,6.532409191131592,48258,16,1
1771462995.7156756,42_0,42,das_work,2.310821056365967,48258,17,1
1771462995.7194092,43_0,43,das_work,1.7883610725402832,48258,17,1
1771462995.7196355,41_0,41,das_work,5.807569742202759,48258,17,1
1771462995.7395484,40_0,40,das_work,3.098963022232056,48258,17,1
1771463007.6903763,41_0,41,das_work,8.428267002105713,48258,18,1
1771463007.6924324,40_0,40,das_work,4.427956819534302,48258,18,1
1771463007.6937532,42_0,42,das_work,4.561874628067017,48258,18,1
1771463007.7098727,43_0,43,das_work,5.997856616973877,48258,18,1
1771463019.6864562,42_1,42,das_work,7.881960391998291,48258,19,1
1771463019.696593,41_0,41,das_work,4.327636003494263,48258,19,1
1771463019.7193718,40_0,40,das_work,8.968174457550049,48258,19,1
1771463019.7243872,43_1,43,das_work,1.1567673683166504,48258,19,1
1771463031.6999466,41_1,41,das_work,2.0792717933654785,48258,20,1
1771463031.7079017,40_1,40,das_work,3.138171434402466,48258,20,1
1771463031.7085052,43_1,43,das_work,7.410189628601074,48258,20,1
1771463031.720567,42_1,42,das_work,1.4168190956115725,48258,20,1
1771463043.6853828,42_1,42,das_work,6.624387979507446,48258,21,1
1771463043.6975358,41_1,41,das_work,4.478756427764893,48258,21,1
1771463043.7021616,40_1,40,das_work,7.408526182174683,48258,21,1
1771463043.7209308,43_1,43,das_work,8.185582876205444,48258,21,1
1771463055.6983726,42_1,42,das_work,5.078867673873901,48258,22,1
1771463055.71601,43_1,43,das_work,5.643350839614868,48258,22,1
1771463055.7217104,40_1,40,das_work,0.9536044597625732,48258,22,1
1771463055.7223382,41_1,41,das_work,3.255226850509644,48258,22,1
1771463067.7095382,43_1,43,das_work,6.942437648773193,48258,23,1
1771463067.7102485,42_1,42,das_work,3.713379859924317,48258,23,1
1771463067.7138455,41_1,41,das_work,6.360336065292358,48258,23,1
1771463067.7181835,40_1,40,das_work,9.028074979782104,48258,23,1
1771463079.683074,43_1,43,das_work,5.906468152999878,48258,24,1
1771463079.6946585,42_1,42,das_work,7.92483377456665,48258,24,1
1771463079.7065246,40_1,40,das_work,9.51199746131897,48258,24,1
1771463079.707161,41_1,41,das_work,7.893182039260864,48258,24,1
1771463091.6985223,41_1,41,das_work,5.277757406234741,48258,25,1
1771463091.7104883,43_1,43,das_work,1.9751355648040767,48258,25,1
1771463091.745849,40_1,40,das_work,7.725366353988647,48258,25,1
1771463091.7471595,42_1,42,das_work,9.208568572998049,48258,25,1
1771463103.6784785,40_1,40,das_work,2.6005661487579346,48258,26,1
1771463103.690902,42_1,42,das_work,1.8077468872070312,48258,26,1
1771463103.7228856,43_1,43,das_work,9.151374578475952,48258,26,1
1771463103.7259426,41_1,41,das_work,3.7441189289093018,48258,26,1
1771463115.687164,43_1,43,das_work,6.937354326248169,48258,27,1
1771463115.7010832,41_1,41,das_work,9.20390510559082,48258,27,1
1771463115.7207465,40_1,40,das_work,1.5310773849487305,48258,27,1
1771463115.7271645,42_1,42,das_work,8.423555135726929,48258,27,1
1771463127.7131453,41_1,41,das_work,0.7749919891357422,48258,28,1
1771463127.7188137,40_1,40,das_work,3.857926845550537,48258,28,1
1771463127.7193587,43_1,43,das_work,8.560230016708374,48258,28,1
1771463127.7223933,42_1,42,das_work,5.81258749961853,48258,28,1
1771463139.6783123,42_2,42,das_work,6.636682510375977,48258,29,1
1771463139.6846588,41_1,41,das_work,2.620011568069458,48258,29,1
1771463139.6889713,40_1,40,das_work,1.552140235900879,48258,29,1
1771463139.690774,43_2,43,das_work,1.553066968917847,48258,29,1
1771463151.6935444,40_2,40,das_work,1.7778058052062988,48258,30,1
1771463151.7109182,42_2,42,das_work,2.2681634426116943,48258,30,1
1771463151.7156672,41_2,41,das_work,5.1122894287109375,48258,30,1
1771463151.721063,43_2,43,das_work,9.074021100997925,48258,30,1
1771463163.7022414,40_2,40,das_work,8.99213719367981,48258,31,1
1771463163.7117546,41_2,41,das_work,3.787486076354981,48258,31,1
1771463163.7264934,43_2,43,das_work,9.203272342681885,48258,31,1
1771463163.729291,42_2,42,das_work,2.915789604187012,48258,31,1
1771463175.6960225,43_2,43,das_work,5.834272861480713,48258,32,1
1771463175.7035024,42_2,42,das_work,6.62844705581665,48258,32,1
1771463175.7049718,41_2,41,das_work,7.845357894897461,48258,32,1
1771463175.707268,40_2,40,das_work,6.228814601898193,48258,32,1
1771463187.673659,40_2,40,das_work,6.713518381118774,48258,33,1
1771463187.6813352,41_2,41,das_work,6.841021776199341,48258,33,1
1771463187.6882076,42_2,42,das_work,2.4615955352783203,48258,33,1
1771463187.6994529,43_2,43,das_work,1.966670036315918,48258,33,1
1771463199.685573,42_2,42,das_work,2.828276872634888,48258,34,1
1771463199.694322,41_2,41,das_work,2.6170904636383057,48258,34,1
1771463199.7006185,40_2,40,das_work,2.029181718826294,48258,34,1
1771463199.73287,43_2,43,das_work,3.9349191188812256,48258,34,1
1771463211.699879,42_2,42,das_work,4.791268348693848,48258,35,1
1771463211.7042315,40_2,40,das_work,9.171729326248167,48258,35,1
1771463211.7244108,43_2,43,das_work,7.423088073730469,48258,35,1
1771463211.72492,41_2,41,das_work,7.197413444519043,48258,35,1
1771463223.667362,41_2,41,das_work,3.17104172706604,48258,36,1
1771463223.67536,42_2,42,das_work,6.676194190979004,48258,36,1
1771463223.7066145,40_2,40,das_work,2.051896810531616,48258,36,1
1771463223.70954,43_2,43,das_work,7.105138540267944,48258,36,1
1771463235.6796372,41_2,41,das_work,6.779519557952881,48258,37,1
1771463235.6839306,43_2,43,das_work,9.056060314178469,48258,37,1
1771463235.706222,40_2,40,das_work,8.024407148361206,48258,37,1
1771463235.7247794,42_2,42,das_work,8.15487790107727,48258,37,1
1771463247.668465,40_2,40,das_work,2.5739376544952397,48258,38,1
1771463247.6726563,42_2,42,das_work,4.842367172241211,48258,38,1
1771463247.7048688,41_2,41,das_work,7.594597578048706,48258,38,1
1771463247.719836,43_2,43,das_work,6.232819557189941,48258,38,1
1771463259.678304,42_3,42,das_work,4.371811866760254,48258,39,1
1771463259.696617,41_2,41,das_work,6.529901504516602,48258,39,1
1771463259.7035255,43_3,43,das_work,8.464336156845093,48258,39,1
1771463259.7151077,40_2,40,das_work,9.478851795196531,48258,39,1
1771463271.6663756,43_3,43,das_work,7.797665596008301,48258,40,1
1771463271.6723332,40_3,40,das_work,6.785191535949707,48258,40,1
1771463271.6816282,41_3,41,das_work,2.992387533187866,48258,40,1
1771463271.6948383,42_3,42,das_work,2.6813554763793945,48258,40,1
1771463283.6713834,40_3,40,das_work,1.5736229419708252,48258,41,1
1771463283.7020211,42_3,42,das_work,3.063629388809204,48258,41,1
1771463283.7037897,41_3,41,das_work,9.396409511566162,48258,41,1
1771463283.7086556,43_3,43,das_work,8.153387546539307,48258,41,1
1771463295.6893978,40_3,40,das_work,9.905681371688845,48258,42,1
1771463295.689948,43_3,43,das_work,1.1520979404449463,48258,42,1
1771463295.6944118,42_3,42,das_work,3.8380069732666016,48258,42,1
1771463295.7064135,41_3,41,das_work,6.0256876945495605,48258,42,1
1771463307.6601477,43_3,43,das_work,2.465578317642212,48258,43,1
1771463307.681387,41_3,41,das_work,9.432225704193115,48258,43,1
1771463307.6976802,40_3,40,das_work,2.807762861251831,48258,43,1
1771463307.7006073,42_3,42,das_work,1.1991784572601318,48258,43,1
1771463319.6625657,43_3,43,das_work,9.05395531654358,48258,44,1
1771463319.678584,42_3,42,das_work,8.347028255462646,48258,44,1
1771463319.6974175,40_3,40,das_work,1.290644884109497,48258,44,1
1771463319.709292,41_3,41,das_work,3.894075870513916,48258,44,1
1771463331.6779609,43_3,43,das_work,3.1076393127441406,48258,45,1
1771463331.6835172,42_3,42,das_work,1.7809116840362549,48258,45,1
1771463331.708407,40_3,40,das_work,7.606687068939209,48258,45,1
1771463331.709181,41_3,41,das_work,3.5810587406158447,48258,45,1
1771463343.6827922,41_3,41,das_work,6.403276205062866,48258,46,1
1771463343.6995296,42_3,42,das_work,3.31581711769104,48258,46,1
1771463343.7002633,40_3,40,das_work,7.159603595733643,48258,46,1
1771463343.710289,43_3,43,das_work,6.0030670166015625,48258,46,1
1771463355.678882,40_3,40,das_work,8.430065631866455,48258,47,1
1771463355.693825,43_3,43,das_work,7.218987703323364,48258,47,1
1771463355.696287,41_3,41,das_work,4.5267863273620605,48258,47,1
1771463355.7097416,42_3,42,das_work,2.679079532623291,48258,47,1
1771463367.6934476,42_3,42,das_work,9.571345090866089,48258,48,1
1771463367.7133088,40_3,40,das_work,4.123765707015991,48258,48,1
1771463367.7201395,43_3,43,das_work,2.111816883087158,48258,48,1
1771463367.7227092,41_3,41,das_work,7.099130630493164,48258,48,1
1771463379.6804178,40_3,40,das_work,5.065868377685547,48258,49,1
1771463379.6909292,41_3,41,das_work,3.1669957637786865,48258,49,1
1771463379.6932435,42_4,42,das_work,4.241936922073364,48258,49,1
1771463379.7021322,43_4,43,das_work,6.68562126159668,48258,49,1
1771463391.6565416,41_4,41,das_work,2.737167835235596,48258,50,1
1771463391.6699924,43_4,43,das_work,1.6787822246551514,48258,50,1
1771463391.676196,42_4,42,das_work,1.4058525562286377,48258,50,1
1771463391.6882782,40_4,40,das_work,5.245171308517456,48258,50,1
1771463403.6720831,41_4,41,das_work,3.328284978866577,48258,51,1
1771463403.698688,43_4,43,das_work,5.569299221038818,48258,51,1
1771463403.7111006,40_4,40,das_work,5.092832565307617,48258,51,1
1771463403.7126422,42_4,42,das_work,5.648184061050415,48258,51,1
1771463415.7004614,43_4,43,das_work,8.032840013504028,48258,52,1
1771463415.7043953,40_4,40,das_work,4.621170282363892,48258,52,1
1771463415.7057705,41_4,41,das_work,2.512040853500366,48258,52,1
1771463415.7177725,42_4,42,das_work,1.5933353900909424,48258,52,1
1771463427.6710026,40_4,40,das_work,2.4386048316955566,48258,53,1
1771463427.6851354,42_4,42,das_work,3.9868650436401367,48258,53,1
1771463427.710884,41_4,41,das_work,4.9640953540802,48258,53,1
1771463427.712467,43_4,43,das_work,8.17760157585144,48258,53,1
1771463439.6686952,42_4,42,das_work,8.621053695678711,48258,54,1
1771463439.7006931,43_4,43,das_work,0.8143966197967529,48258,54,1
1771463439.70543,40_4,40,das_work,3.278950452804565,48258,54,1
1771463439.7106953,41_4,41,das_work,5.535948991775513,48258,54,1
1771463451.6769135,42_4,42,das_work,6.506047248840332,48258,55,1
1771463451.69501,41_4,41,das_work,4.272904396057129,48258,55,1
1771463451.707991,43_4,43,das_work,1.2702796459197998,48258,55,1
1771463451.718236,40_4,40,das_work,6.224684715270996,48258,55,1
1771463463.675256,42_4,42,das_work,9.433997869491575,48258,56,1
1771463463.681033,41_4,41,das_work,3.271725416183472,48258,56,1
1771463463.6894186,40_4,40,das_work,1.9963319301605225,48258,56,1
1771463463.709683,43_4,43,das_work,9.193275928497314,48258,56,1
1771463475.6821165,40_4,40,das_work,1.0519440174102783,48258,57,1
1771463475.7018526,43_4,43,das_work,1.0430691242218018,48258,57,1
1771463475.7073417,42_4,42,das_work,5.987239360809326,48258,57,1
1771463475.7155905,41_4,41,das_work,4.886268854141235,48258,57,1
1771463487.6572497,41_4,41,das_work,2.744621515274048,48258,58,1
1771463487.6641166,43_4,43,das_work,9.292222738265991,48258,58,1
1771463487.6843705,40_4,40,das_work,6.804771184921265,48258,58,1
1771463487.6856992,42_4,42,das_work,8.01493525505066,48258,58,1
1771463499.6440148,41_4,41,das_work,8.410332918167114,48258,59,1
1771463499.6536565,40_4,40,das_work,2.851890087127685,48258,59,1
1771462911.6040983,47_0,47,das_work,9.317250967025757,48258,10,1
1771462911.6045952,46_0,46,das_work,11.800771236419678,48258,10,1
1771462911.6343093,45_0,45,das_work,8.204645156860352,48258,10,1
1771462911.6678658,44_0,44,das_work,11.47482943534851,48258,10,1
1771462923.6483772,44_0,44,das_work,4.889959573745728,48258,11,1
1771462923.654094,47_0,47,das_work,8.262943744659424,48258,11,1
1771462923.654806,45_0,45,das_work,6.878998756408691,48258,11,1
1771462923.6553736,46_0,46,das_work,8.003902435302734,48258,11,1
1771462935.627161,47_0,47,das_work,5.866697549819946,48258,12,1
1771462935.6277428,46_0,46,das_work,6.671852827072144,48258,12,1
1771462935.6426668,45_0,45,das_work,6.876922369003296,48258,12,1
1771462935.6585195,44_0,44,das_work,6.059363126754761,48258,12,1
1771462947.643355,44_0,44,das_work,3.4136807918548584,48258,13,1
1771462947.6485732,47_0,47,das_work,4.802145004272461,48258,13,1
1771462947.6634512,45_0,45,das_work,3.525495767593384,48258,13,1
1771462947.668305,46_0,46,das_work,2.6048038005828857,48258,13,1
1771462959.6838262,46_0,46,das_work,5.415597200393677,48258,14,1
1771462959.6844373,44_0,44,das_work,3.548957586288452,48258,14,1
1771462959.6880004,47_0,47,das_work,9.394638538360596,48258,14,1
1771462959.6973023,45_0,45,das_work,2.075711965560913,48258,14,1
1771462971.6784518,45_0,45,das_work,1.2042925357818604,48258,15,1
1771462971.7032864,44_0,44,das_work,2.1154026985168457,48258,15,1
1771462971.7110355,47_0,47,das_work,8.8219313621521,48258,15,1
1771462971.7192852,46_0,46,das_work,5.920758008956909,48258,15,1
1771462983.6928785,44_0,44,das_work,1.2297728061676023,48258,16,1
1771462983.717847,46_0,46,das_work,4.297091722488403,48258,16,1
1771462983.718612,45_0,45,das_work,6.952359437942505,48258,16,1
1771462983.7222035,47_0,47,das_work,5.612986087799072,48258,16,1
1771462995.6964338,46_0,46,das_work,6.375409841537476,48258,17,1
1771462995.697008,44_0,44,das_work,1.1555211544036863,48258,17,1
1771462995.7066822,45_0,45,das_work,9.627495288848875,48258,17,1
1771462995.7332768,47_0,47,das_work,3.521559715270996,48258,17,1
1771463007.7107303,47_0,47,das_work,1.6272196769714355,48258,18,1
1771463007.7140627,44_0,44,das_work,6.837307453155518,48258,18,1
1771463007.7338042,46_0,46,das_work,5.258629322052002,48258,18,1
1771463007.7347596,45_0,45,das_work,4.987010717391968,48258,18,1
1771463019.6994183,46_0,46,das_work,4.986192941665649,48258,19,1
1771463019.7117562,44_0,44,das_work,8.599264860153198,48258,19,1
1771463019.7169516,45_0,45,das_work,5.077414035797119,48258,19,1
1771463019.7219892,47_0,47,das_work,9.189814805984495,48258,19,1
1771463031.6931434,46_1,46,das_work,7.776551008224487,48258,20,1
1771463031.698157,44_1,44,das_work,7.0134923458099365,48258,20,1
1771463031.699474,45_1,45,das_work,1.310496807098389,48258,20,1
1771463031.7157297,47_1,47,das_work,5.504544973373413,48258,20,1
1771463043.6823792,45_1,45,das_work,6.688568115234375,48258,21,1
1771463043.6861317,44_1,44,das_work,2.820338010787964,48258,21,1
1771463043.7104404,47_1,47,das_work,9.43714475631714,48258,21,1
1771463043.7297304,46_1,46,das_work,6.071771144866943,48258,21,1
1771463055.7029824,45_1,45,das_work,8.383930683135986,48258,22,1
1771463055.7035472,47_1,47,das_work,2.9804527759552,48258,22,1
1771463055.7144113,46_1,46,das_work,4.78455376625061,48258,22,1
1771463055.7242007,44_1,44,das_work,7.803583860397339,48258,22,1
1771463067.678953,47_1,47,das_work,6.706101894378662,48258,23,1
1771463067.6799028,44_1,44,das_work,2.7281885147094727,48258,23,1
1771463067.6981966,45_1,45,das_work,5.826250553131104,48258,23,1
1771463067.7233615,46_1,46,das_work,7.702728748321533,48258,23,1
1771463079.6799116,46_1,46,das_work,2.0551745891571045,48258,24,1
1771463079.6999388,44_1,44,das_work,5.179155349731445,48258,24,1
1771463079.7006185,47_1,47,das_work,8.215890645980835,48258,24,1
1771463079.7249303,45_1,45,das_work,6.284590721130371,48258,24,1
1771463091.7019618,45_1,45,das_work,6.070971012115479,48258,25,1
1771463091.707055,46_1,46,das_work,7.619658231735229,48258,25,1
1771463091.711559,44_1,44,das_work,0.9854779243469238,48258,25,1
1771463091.7340212,47_1,47,das_work,9.312170267105104,48258,25,1
1771463103.7090793,46_1,46,das_work,4.231696128845215,48258,26,1
1771463103.7178712,45_1,45,das_work,4.583561897277832,48258,26,1
1771463103.7189274,44_1,44,das_work,3.823997020721436,48258,26,1
1771463103.725736,47_1,47,das_work,0.8373229503631592,48258,26,1
1771463115.7063515,47_1,47,das_work,2.4137020111083984,48258,27,1
1771463115.7159898,46_1,46,das_work,9.595864534378052,48258,27,1
1771463115.7187448,44_1,44,das_work,9.19470739364624,48258,27,1
1771463115.729069,45_1,45,das_work,1.5064704418182373,48258,27,1
1771463127.687303,44_1,44,das_work,8.131884098052979,48258,28,1
1771463127.7083025,47_1,47,das_work,4.193753480911255,48258,28,1
1771463127.7149107,45_1,45,das_work,6.28676438331604,48258,28,1
1771463127.7156816,46_1,46,das_work,5.337300539016724,48258,28,1
1771463139.684523,45_1,45,das_work,2.750670909881592,48258,29,1
1771463139.7119226,44_1,44,das_work,8.580592155456543,48258,29,1
1771463139.712497,46_1,46,das_work,6.828883171081543,48258,29,1
1771463139.721514,47_1,47,das_work,8.077504873275757,48258,29,1
1771463151.6854136,44_2,44,das_work,3.335493326187134,48258,30,1
1771463151.6880095,46_2,46,das_work,8.972743511199951,48258,30,1
1771463151.7170005,45_2,45,das_work,9.971528768539429,48258,30,1
1771463151.7216992,47_2,47,das_work,10.119625568389893,48258,30,1
1771463163.6812131,45_2,45,das_work,8.46297574043274,48258,31,1
1771463163.6957278,47_2,47,das_work,5.988833427429199,48258,31,1
1771463163.7259834,44_2,44,das_work,10.303584814071655,48258,31,1
1771463163.7275465,46_2,46,das_work,8.235568046569824,48258,31,1
1771463175.6816258,45_2,45,das_work,9.70172882080078,48258,32,1
1771463175.7043407,46_2,46,das_work,1.7654168605804443,48258,32,1
1771463175.7237148,47_2,47,das_work,3.4549448490142822,48258,32,1
1771463175.7295756,44_2,44,das_work,0.8258984088897705,48258,32,1
1771463187.6679368,45_2,45,das_work,9.944559574127195,48258,33,1
1771463187.6762023,46_2,46,das_work,9.111653327941896,48258,33,1
1771463187.681594,44_2,44,das_work,8.758571863174438,48258,33,1
1771463187.7120185,47_2,47,das_work,6.805095672607422,48258,33,1
1771463199.6960871,46_2,46,das_work,7.4301917552948,48258,34,1
1771463199.696756,47_2,47,das_work,6.919551372528076,48258,34,1
1771463199.6986463,45_2,45,das_work,6.571295976638794,48258,34,1
1771463199.7172008,44_2,44,das_work,3.762706756591797,48258,34,1
1771463211.6776645,45_2,45,das_work,6.583338260650635,48258,35,1
1771463211.706266,47_2,47,das_work,2.601649522781372,48258,35,1
1771463211.7149153,46_2,46,das_work,2.231325387954712,48258,35,1
1771463211.7263763,44_2,44,das_work,7.307717561721802,48258,35,1
1771463223.6728735,47_2,47,das_work,4.008383989334106,48258,36,1
1771463223.6942232,45_2,45,das_work,1.1558263301849363,48258,36,1
1771463223.6960876,46_2,46,das_work,0.7363951206207275,48258,36,1
1771463223.6966174,44_2,44,das_work,5.048344850540161,48258,36,1
1771463235.6723602,47_2,47,das_work,4.358764171600342,48258,37,1
1771463235.6799746,44_2,44,das_work,2.419980049133301,48258,37,1
1771463235.6957693,45_2,45,das_work,7.936033964157104,48258,37,1
1771463235.7028928,46_2,46,das_work,8.033409357070923,48258,37,1
1771463247.6690035,46_2,46,das_work,6.040637969970703,48258,38,1
1771463247.6833358,47_2,47,das_work,1.5627615451812744,48258,38,1
1771463247.71935,44_2,44,das_work,4.660523891448975,48258,38,1
1771463247.7200618,45_2,45,das_work,8.461125612258911,48258,38,1
1771463259.668799,45_2,45,das_work,8.295100212097168,48258,39,1
1771463259.6974158,47_2,47,das_work,7.259294748306274,48258,39,1
1771463259.7017648,46_2,46,das_work,1.5059025287628174,48258,39,1
1771463259.7054367,44_2,44,das_work,7.155229091644287,48258,39,1
1771463271.683108,44_3,44,das_work,5.331828832626343,48258,40,1
1771463271.6932354,47_3,47,das_work,0.9461932182312012,48258,40,1
1771463271.710163,45_3,45,das_work,8.573146104812622,48258,40,1
1771463271.7123902,46_3,46,das_work,2.615271806716919,48258,40,1
1771463283.6729932,47_3,47,das_work,6.216684103012085,48258,41,1
1771463283.6845715,44_3,44,das_work,4.68293571472168,48258,41,1
1771463283.6893673,45_3,45,das_work,5.456736087799072,48258,41,1
1771463283.6996582,46_3,46,das_work,8.661825180053711,48258,41,1
1771463295.6809645,47_3,47,das_work,9.264647960662842,48258,42,1
1771463295.6963494,46_3,46,das_work,3.555720567703247,48258,42,1
1771463295.706813,45_3,45,das_work,2.723149061203003,48258,42,1
1771463295.7076929,44_3,44,das_work,4.111513614654541,48258,42,1
1771463307.665362,47_3,47,das_work,5.987374305725098,48258,43,1
1771463307.672319,44_3,44,das_work,7.177562236785889,48258,43,1
1771463307.6819446,46_3,46,das_work,1.7749459743499756,48258,43,1
1771463307.682761,45_3,45,das_work,1.70058274269104,48258,43,1
1771463319.6663036,45_3,45,das_work,1.976467847824097,48258,44,1
1771463319.669246,47_3,47,das_work,3.257254123687744,48258,44,1
1771463319.6809874,46_3,46,das_work,6.250904083251953,48258,44,1
1771463319.6898344,44_3,44,das_work,5.738706350326538,48258,44,1
1771463331.6766336,47_3,47,das_work,4.262479305267334,48258,45,1
1771463331.6792955,45_3,45,das_work,2.9856486320495605,48258,45,1
1771463331.7049055,46_3,46,das_work,9.41210126876831,48258,45,1
1771463331.7191978,44_3,44,das_work,3.863982677459717,48258,45,1
1771463343.6868443,44_3,44,das_work,0.4510176181793213,48258,46,1
1771463343.7032754,45_3,45,das_work,6.191413402557373,48258,46,1
1771463343.7039275,46_3,46,das_work,3.6311123371124263,48258,46,1
1771463343.717564,47_3,47,das_work,0.7779757976531982,48258,46,1
1771463355.6681545,47_3,47,das_work,3.043720960617065,48258,47,1
1771463355.6974423,44_3,44,das_work,2.9233193397521973,48258,47,1
1771463355.6979687,46_3,46,das_work,6.307739496231079,48258,47,1
1771463355.70827,45_3,45,das_work,4.805030345916748,48258,47,1
1771463367.6931715,45_3,45,das_work,1.9260473251342771,48258,48,1
1771463367.7129457,44_3,44,das_work,9.815649271011353,48258,48,1
1771463367.713426,46_3,46,das_work,3.972503423690796,48258,48,1
1771463367.7269988,47_3,47,das_work,8.394750356674194,48258,48,1
1771463379.676498,45_3,45,das_work,4.162367343902588,48258,49,1
1771463379.683581,46_3,46,das_work,5.050426006317139,48258,49,1
1771463379.6878278,44_3,44,das_work,4.27256178855896,48258,49,1
1771463379.7147174,47_3,47,das_work,6.79545259475708,48258,49,1
1771463391.6652515,44_4,44,das_work,3.3645167350769043,48258,50,1
1771463391.6669836,47_4,47,das_work,2.884596109390259,48258,50,1
1771463391.6909618,45_4,45,das_work,3.893862724304199,48258,50,1
1771463391.6949923,46_4,46,das_work,9.11471962928772,48258,50,1
1771463403.668631,47_4,47,das_work,4.6744794845581055,48258,51,1
1771463403.6693552,46_4,46,das_work,3.144075870513916,48258,51,1
1771463403.6713293,44_4,44,das_work,2.12126088142395,48258,51,1
1771463403.688405,45_4,45,das_work,9.171390771865845,48258,51,1
1771463415.6801236,47_4,47,das_work,6.516065835952759,48258,52,1
1771463415.6848032,45_4,45,das_work,5.727596998214722,48258,52,1
1771463415.71228,46_4,46,das_work,3.64043641090393,48258,52,1
1771463415.715051,44_4,44,das_work,1.68135666847229,48258,52,1
1771463427.6754513,45_4,45,das_work,0.9481306076049804,48258,53,1
1771463427.6848936,47_4,47,das_work,1.6361732482910156,48258,53,1
1771463427.685366,44_4,44,das_work,8.677380561828613,48258,53,1
1771463427.718037,46_4,46,das_work,3.5797667503356934,48258,53,1
1771463439.6731875,45_4,45,das_work,2.097468852996826,48258,54,1
1771463439.6954155,46_4,46,das_work,6.602808237075806,48258,54,1
1771463439.6992204,44_4,44,das_work,3.6140151023864746,48258,54,1
1771463439.6999118,47_4,47,das_work,7.53517484664917,48258,54,1
1771463451.6786287,47_4,47,das_work,4.4302897453308105,48258,55,1
1771463451.679161,46_4,46,das_work,6.845827341079712,48258,55,1
1771463451.7131908,44_4,44,das_work,2.3499979972839355,48258,55,1
1771463451.7161152,45_4,45,das_work,6.921194314956665,48258,55,1
1771463463.6750748,47_4,47,das_work,2.8123672008514404,48258,56,1
1771463463.676794,45_4,45,das_work,8.832042455673218,48258,56,1
1771463463.693226,46_4,46,das_work,6.746995449066162,48258,56,1
1771463463.6961496,44_4,44,das_work,3.1512606143951416,48258,56,1
1771463475.675409,45_4,45,das_work,10.135251998901367,48258,57,1
1771463475.6978624,47_4,47,das_work,3.69333553314209,48258,57,1
1771463475.6992414,46_4,46,das_work,10.3999183177948,48258,57,1
1771463475.7174983,44_4,44,das_work,2.5053012371063232,48258,57,1
1771463487.6487772,46_4,46,das_work,5.568774700164795,48258,58,1
1771463487.6598814,45_4,45,das_work,2.554600954055786,48258,58,1
1771463487.6617002,47_4,47,das_work,6.580898761749268,48258,58,1
1771463487.6702435,44_4,44,das_work,6.287067174911499,48258,58,1
1771463499.638541,46_4,46,das_work,3.037517547607422,48258,59,1
1771463499.6609907,45_4,45,das_work,5.567968845367432,48258,59,1
1771463499.665278,47_4,47,das_work,3.0505270957946777,48258,59,1
1771463499.6658168,44_4,44,das_work,0.4309191703796386,48258,59,1
1771462899.656429,49_0,49,das_work,2.188680410385132,48258,9,1
1771462911.6037142,50_0,50,das_work,7.986793756484985,48258,10,1
1771462911.636238,48_0,48,das_work,5.243858814239502,48258,10,1
1771462911.6676152,49_0,49,das_work,3.7152774333953857,48258,10,1
1771462923.6210666,50_0,50,das_work,5.39672064781189,48258,11,1
1771462923.6224525,51_0,51,das_work,8.735436201095581,48258,11,1
1771462923.6349697,49_0,49,das_work,5.766263723373413,48258,11,1
1771462923.636543,48_0,48,das_work,0.9718565940856934,48258,11,1
1771462935.6202905,49_0,49,das_work,1.5167467594146729,48258,12,1
1771462935.6399004,48_0,48,das_work,2.9608852863311768,48258,12,1
1771462935.6400802,50_0,50,das_work,9.37402367591858,48258,12,1
1771462935.6443985,51_0,51,das_work,8.607641458511353,48258,12,1
1771462947.6422396,48_0,48,das_work,6.545311450958252,48258,13,1
1771462947.645692,49_0,49,das_work,2.575533151626587,48258,13,1
1771462947.6462016,51_0,51,das_work,1.7513880729675293,48258,13,1
1771462947.650631,50_0,50,das_work,8.680768013000488,48258,13,1
1771462959.6723487,48_0,48,das_work,5.546474933624268,48258,14,1
1771462959.6734495,49_0,49,das_work,6.4793922901153564,48258,14,1
1771462959.677535,50_0,50,das_work,7.403191328048706,48258,14,1
1771462959.6910772,51_0,51,das_work,2.358009099960327,48258,14,1
1771462971.683655,49_0,49,das_work,4.671392202377319,48258,15,1
1771462971.6950705,51_0,51,das_work,2.830027341842652,48258,15,1
1771462971.6990793,48_0,48,das_work,8.632081985473633,48258,15,1
1771462971.7253752,50_0,50,das_work,8.753455400466919,48258,15,1
1771462983.7162964,51_0,51,das_work,9.168923377990724,48258,16,1
1771462983.7196374,49_0,49,das_work,8.10198974609375,48258,16,1
1771462983.7246006,50_0,50,das_work,6.6724467277526855,48258,16,1
1771462983.7260714,48_0,48,das_work,10.31841206550598,48258,16,1
1771462995.6946435,51_0,51,das_work,6.712167501449585,48258,17,1
1771462995.69638,49_0,49,das_work,8.625170946121216,48258,17,1
1771462995.738039,50_0,50,das_work,7.095759153366089,48258,17,1
1771462995.73868,48_0,48,das_work,6.271778345108032,48258,17,1
1771463007.6965375,51_0,51,das_work,6.956367254257202,48258,18,1
1771463007.7131662,50_0,50,das_work,1.6884174346923828,48258,18,1
1771463007.7266686,48_0,48,das_work,2.8486287593841557,48258,18,1
1771463007.72796,49_0,49,das_work,5.2961485385894775,48258,18,1
1771463019.6879432,48_0,48,das_work,1.723353385925293,48258,19,1
1771463019.6975036,49_1,49,das_work,8.89777946472168,48258,19,1
1771463019.7194383,50_0,50,das_work,5.70989727973938,48258,19,1
1771463019.7254505,51_0,51,das_work,9.181711435317991,48258,19,1
1771463031.6899505,50_1,50,das_work,7.813843250274658,48258,20,1
1771463031.716559,49_1,49,das_work,1.327735185623169,48258,20,1
1771463031.723721,51_0,51,das_work,0.8573899269104004,48258,20,1
1771463031.7306678,48_1,48,das_work,6.164094686508179,48258,20,1
1771463043.6928277,51_1,51,das_work,2.9905452728271484,48258,21,1
1771463043.703146,48_1,48,das_work,5.043554306030273,48258,21,1
1771463043.7100563,50_1,50,das_work,3.0366039276123047,48258,21,1
1771463043.7218492,49_1,49,das_work,6.707483530044556,48258,21,1
1771463055.6837635,50_1,50,das_work,2.293831586837769,48258,22,1
1771463055.6968892,49_1,49,das_work,1.9333596229553225,48258,22,1
1771463055.7039158,51_1,51,das_work,4.462331056594849,48258,22,1
1771463055.7077549,48_1,48,das_work,4.449375152587891,48258,22,1
1771463067.6840868,51_1,51,das_work,0.888169527053833,48258,23,1
1771463067.6880803,48_1,48,das_work,1.238537073135376,48258,23,1
1771463067.694158,49_1,49,das_work,9.00576114654541,48258,23,1
1771463067.7095697,50_1,50,das_work,4.903615474700928,48258,23,1
1771463079.6886826,50_1,50,das_work,1.5160319805145264,48258,24,1
1771463079.6915257,48_1,48,das_work,9.042025327682495,48258,24,1
1771463079.698064,51_1,51,das_work,3.320230007171631,48258,24,1
1771463079.7008295,49_1,49,das_work,9.191361665725708,48258,24,1
1771463091.6981375,51_1,51,das_work,3.713757991790772,48258,25,1
1771463091.702968,49_1,49,das_work,4.810550689697266,48258,25,1
1771463091.732788,50_1,50,das_work,8.70780634880066,48258,25,1
1771463091.7492838,48_1,48,das_work,3.5221009254455566,48258,25,1
1771463103.6783197,49_1,49,das_work,6.954998016357422,48258,26,1
1771463103.6928642,48_1,48,das_work,4.720000267028809,48258,26,1
1771463103.7013693,50_1,50,das_work,7.326283693313599,48258,26,1
1771463103.7155752,51_1,51,das_work,7.0227415561676025,48258,26,1
1771463115.6855562,50_1,50,das_work,2.912051200866699,48258,27,1
1771463115.686805,48_1,48,das_work,5.307942867279053,48258,27,1
1771463115.696867,51_1,51,das_work,9.391189813613892,48258,27,1
1771463115.719489,49_1,49,das_work,9.071106910705566,48258,27,1
1771463127.6902492,50_1,50,das_work,1.1850712299346924,48258,28,1
1771463127.699833,48_1,48,das_work,5.877836227416992,48258,28,1
1771463127.720418,51_1,51,das_work,2.95590615272522,48258,28,1
1771463127.724174,49_1,49,das_work,6.956033229827881,48258,28,1
1771463139.689433,49_2,49,das_work,0.4803175926208496,48258,29,1
1771463139.6958888,48_1,48,das_work,6.456329345703125,48258,29,1
1771463139.697178,50_1,50,das_work,2.238330364227295,48258,29,1
1771463139.7074585,51_1,51,das_work,5.247034072875977,48258,29,1
1771463151.69131,49_2,49,das_work,6.590268611907959,48258,30,1
1771463151.695295,50_2,50,das_work,6.677148580551148,48258,30,1
1771463151.7161322,48_2,48,das_work,6.181874513626099,48258,30,1
1771463151.7245028,51_1,51,das_work,6.609674692153931,48258,30,1
1771463163.6776905,49_2,49,das_work,1.8172931671142576,48258,31,1
1771463163.695866,48_2,48,das_work,1.894640684127808,48258,31,1
1771463163.706956,51_2,51,das_work,4.41669511795044,48258,31,1
1771463163.7238812,50_2,50,das_work,8.602869272232056,48258,31,1
1771463175.683915,51_2,51,das_work,7.058700799942017,48258,32,1
1771463175.6844068,50_2,50,das_work,6.826034307479858,48258,32,1
1771463175.7048123,49_2,49,das_work,3.8208179473876953,48258,32,1
1771463175.7206893,48_2,48,das_work,1.5372848510742188,48258,32,1
1771463187.673404,48_2,48,das_work,8.848536252975464,48258,33,1
1771463187.6892903,49_2,49,das_work,6.883099317550659,48258,33,1
1771463187.6990137,51_2,51,das_work,9.19379949569702,48258,33,1
1771463187.7069347,50_2,50,das_work,1.6728758811950684,48258,33,1
1771463199.6984315,50_2,50,das_work,2.4365386962890625,48258,34,1
1771463199.7049778,48_2,48,das_work,8.566104650497437,48258,34,1
1771463199.7072856,49_2,49,das_work,4.6054298877716064,48258,34,1
1771463199.721474,51_2,51,das_work,5.968022346496582,48258,34,1
1771463211.6808252,51_2,51,das_work,4.644812107086182,48258,35,1
1771463211.6843488,49_2,49,das_work,9.629328489303589,48258,35,1
1771463211.6848862,50_2,50,das_work,9.533225059509276,48258,35,1
1771463211.7123034,48_2,48,das_work,7.645906448364258,48258,35,1
1771463223.6724825,49_2,49,das_work,8.924207925796509,48258,36,1
1771463223.6869268,51_2,51,das_work,8.921781539916992,48258,36,1
1771463223.695122,48_2,48,das_work,3.680477619171143,48258,36,1
1771463223.6957986,50_2,50,das_work,6.172993898391724,48258,36,1
1771463235.676337,49_2,49,das_work,3.8594565391540527,48258,37,1
1771463235.6787713,48_2,48,das_work,2.542412519454956,48258,37,1
1771463235.6827204,51_2,51,das_work,3.2772092819213867,48258,37,1
1771463235.6927085,50_2,50,das_work,6.512563228607178,48258,37,1
1771463247.687138,48_2,48,das_work,3.658541202545166,48258,38,1
1771463247.6899283,49_2,49,das_work,5.997299909591675,48258,38,1
1771463247.6999533,51_2,51,das_work,3.7636148929595943,48258,38,1
1771463247.7189198,50_2,50,das_work,9.994414806365969,48258,38,1
1771463259.6639006,48_2,48,das_work,2.174048900604248,48258,39,1
1771463259.6683917,51_2,51,das_work,0.716465950012207,48258,39,1
1771463259.6812773,49_3,49,das_work,3.252243757247925,48258,39,1
1771463259.7134671,50_2,50,das_work,7.154317617416382,48258,39,1
1771463271.675367,51_2,51,das_work,4.7368223667144775,48258,40,1
1771463271.6794343,49_3,49,das_work,4.786798715591431,48258,40,1
1771463271.6980307,48_3,48,das_work,5.636380910873413,48258,40,1
1771463271.6994572,50_3,50,das_work,5.610270977020264,48258,40,1
1771463283.660252,51_3,51,das_work,5.6147894859313965,48258,41,1
1771463283.661282,48_3,48,das_work,5.616348743438721,48258,41,1
1771463283.6895645,50_3,50,das_work,9.874799489974976,48258,41,1
1771463283.6973617,49_3,49,das_work,4.892326593399048,48258,41,1
1771463295.6741023,51_3,51,das_work,9.869401931762695,48258,42,1
1771463295.6810162,49_3,49,das_work,5.308075666427612,48258,42,1
1771463295.7052164,48_3,48,das_work,2.981028318405152,48258,42,1
1771463295.708826,50_3,50,das_work,6.546141147613525,48258,42,1
1771463307.6890066,48_3,48,das_work,7.307441234588623,48258,43,1
1771463307.69075,50_3,50,das_work,6.50035285949707,48258,43,1
1771463307.6965802,49_3,49,das_work,8.685373544692993,48258,43,1
1771463307.6971145,51_3,51,das_work,4.932598352432251,48258,43,1
1771463319.6619885,49_3,49,das_work,4.413937568664551,48258,44,1
1771463319.6639278,50_3,50,das_work,8.515891551971436,48258,44,1
1771463319.6960115,51_3,51,das_work,4.491074085235596,48258,44,1
1771463319.6985457,48_3,48,das_work,9.263521194458008,48258,44,1
1771463331.686476,50_3,50,das_work,7.379605770111084,48258,45,1
1771463331.696426,51_3,51,das_work,5.823760509490967,48258,45,1
1771463331.7137556,49_3,49,das_work,7.190840482711792,48258,45,1
1771463331.718519,48_3,48,das_work,9.645393133163452,48258,45,1
1771463343.688646,50_3,50,das_work,2.359488010406494,48258,46,1
1771463343.704757,49_3,49,das_work,7.555565118789673,48258,46,1
1771463343.706109,48_3,48,das_work,4.397140979766846,48258,46,1
1771463343.7234974,51_3,51,das_work,4.538734197616577,48258,46,1
1771463355.6794796,48_3,48,das_work,3.786628246307373,48258,47,1
1771463355.704961,49_3,49,das_work,8.426488399505615,48258,47,1
1771463355.7080424,50_3,50,das_work,9.123823404312134,48258,47,1
1771463355.711405,51_3,51,das_work,3.8160791397094727,48258,47,1
1771463367.6833985,48_3,48,das_work,3.9866702556610103,48258,48,1
1771463367.6958644,50_3,50,das_work,5.952036380767822,48258,48,1
1771463367.7152789,51_3,51,das_work,8.91858172416687,48258,48,1
1771463367.7338312,49_3,49,das_work,7.972864389419556,48258,48,1
1771463379.681857,51_3,51,das_work,1.1878080368041992,48258,49,1
1771463379.7013164,48_3,48,das_work,5.5231006145477295,48258,49,1
1771463379.7053082,49_4,49,das_work,8.190725564956665,48258,49,1
1771463379.7124386,50_3,50,das_work,10.370426893234251,48258,49,1
1771463391.674018,51_3,51,das_work,3.4410979747772217,48258,50,1
1771463391.6937895,48_4,48,das_work,6.925591707229614,48258,50,1
1771463391.6944416,49_4,49,das_work,1.606323003768921,48258,50,1
1771463391.700255,50_4,50,das_work,4.387837886810303,48258,50,1
1771463403.6801748,51_4,51,das_work,5.298529148101807,48258,51,1
1771463403.6840434,49_4,49,das_work,4.902939081192017,48258,51,1
1771463403.6851664,48_4,48,das_work,1.2913837432861328,48258,51,1
1771463403.6922278,50_4,50,das_work,8.544618129730225,48258,51,1
1771463415.6725657,51_4,51,das_work,6.00283670425415,48258,52,1
1771463415.678513,48_4,48,das_work,6.898805618286133,48258,52,1
1771463415.712595,49_4,49,das_work,1.7226922512054443,48258,52,1
1771463415.720633,50_4,50,das_work,6.174231052398682,48258,52,1
1771463427.6728544,51_4,51,das_work,7.819260120391846,48258,53,1
1771463427.681407,48_4,48,das_work,3.5416979789733887,48258,53,1
1771463427.6858406,50_4,50,das_work,5.840016603469849,48258,53,1
1771463427.7134557,49_4,49,das_work,5.299194097518921,48258,53,1
1771463439.6604128,51_4,51,das_work,4.980197906494141,48258,54,1
1771463439.6609168,50_4,50,das_work,4.24445915222168,48258,54,1
1771463439.668079,49_4,49,das_work,2.77066421508789,48258,54,1
1771463439.676072,48_4,48,das_work,7.756057262420654,48258,54,1
1771463451.674976,49_4,49,das_work,1.6106114387512207,48258,55,1
1771463451.67562,51_4,51,das_work,5.166824102401733,48258,55,1
1771463451.6860662,48_4,48,das_work,6.284794330596924,48258,55,1
1771463451.6954088,50_4,50,das_work,9.725884437561035,48258,55,1
1771463463.6691568,50_4,50,das_work,4.637629508972168,48258,56,1
1771463463.686661,51_4,51,das_work,1.1900827884674072,48258,56,1
1771463463.692696,49_4,49,das_work,1.9790074825286863,48258,56,1
1771463463.6947598,48_4,48,das_work,7.278961896896362,48258,56,1
1771463475.67223,50_4,50,das_work,7.076607942581177,48258,57,1
1771463475.697512,51_4,51,das_work,3.064438343048096,48258,57,1
1771463475.6984017,49_4,49,das_work,6.2789483070373535,48258,57,1
1771463475.723918,48_4,48,das_work,9.137538194656372,48258,57,1
1771463487.667446,50_4,50,das_work,2.4700710773468018,48258,58,1
1771463487.672152,48_4,48,das_work,5.740395545959473,48258,58,1
1771463487.6767514,51_4,51,das_work,3.80736255645752,48258,58,1
1771463487.687868,49_4,49,das_work,4.458514213562012,48258,58,1
1771463499.6458735,50_4,50,das_work,8.379818677902222,48258,59,1
1771463499.6496997,51_4,51,das_work,4.293940544128418,48258,59,1
1771463499.6670215,48_4,48,das_work,8.43806791305542,48258,59,1
1771463511.6254354,51_4,51,das_work,2.8340275287628174,48258,60,1
1771462911.5961823,54_0,54,das_work,1.1919808387756348,48258,10,1
1771462911.6337209,52_0,52,das_work,5.863681077957153,48258,10,1
1771462911.66807,53_0,53,das_work,8.625876426696777,48258,10,1
1771462923.6216078,53_0,53,das_work,2.236288785934448,48258,11,1
1771462923.6269724,52_0,52,das_work,0.984177589416504,48258,11,1
1771462923.634604,55_0,55,das_work,9.44147777557373,48258,11,1
1771462923.6541142,54_0,54,das_work,1.3627796173095703,48258,11,1
1771462935.6206188,55_0,55,das_work,9.467134237289429,48258,12,1
1771462935.629495,52_0,52,das_work,2.613331794738769,48258,12,1
1771462935.6433046,54_0,54,das_work,7.10102915763855,48258,12,1
1771462935.6460426,53_0,53,das_work,5.042500972747803,48258,12,1
1771462947.650248,53_0,53,das_work,4.9190332889556885,48258,13,1
1771462947.651765,55_0,55,das_work,2.889070749282837,48258,13,1
1771462947.658245,54_0,54,das_work,8.690272092819214,48258,13,1
1771462947.6763446,52_0,52,das_work,7.372201442718506,48258,13,1
1771462959.6599815,54_0,54,das_work,7.216749429702759,48258,14,1
1771462959.669165,55_0,55,das_work,3.179954767227173,48258,14,1
1771462959.6718488,53_0,53,das_work,6.108015537261963,48258,14,1
1771462959.687035,52_0,52,das_work,5.410377025604248,48258,14,1
1771462971.7042563,54_0,54,das_work,6.61237359046936,48258,15,1
1771462971.708033,52_0,52,das_work,4.98844838142395,48258,15,1
1771462971.7142134,55_0,55,das_work,9.850208044052124,48258,15,1
1771462971.7148533,53_0,53,das_work,4.590807914733887,48258,15,1
1771462983.6799302,54_0,54,das_work,0.5232791900634766,48258,16,1
1771462983.6993062,52_0,52,das_work,7.268510580062866,48258,16,1
1771462983.7148025,53_0,53,das_work,8.872792482376099,48258,16,1
1771462983.7212174,55_0,55,das_work,4.369626522064209,48258,16,1
1771462995.7004762,53_0,53,das_work,3.54754376411438,48258,17,1
1771462995.7027435,54_0,54,das_work,1.1394445896148682,48258,17,1
1771462995.7058847,52_0,52,das_work,2.2875118255615234,48258,17,1
1771462995.7301984,55_0,55,das_work,4.498214244842529,48258,17,1
1771463007.7000592,55_0,55,das_work,8.919285774230957,48258,18,1
1771463007.7005813,53_0,53,das_work,4.626878023147583,48258,18,1
1771463007.724641,52_0,52,das_work,5.9227917194366455,48258,18,1
1771463007.7352638,54_0,54,das_work,4.389310359954834,48258,18,1
1771463019.689268,54_0,54,das_work,2.6077089309692383,48258,19,1
1771463019.6912796,55_0,55,das_work,5.180841684341431,48258,19,1
1771463019.7001083,53_0,53,das_work,2.1061267852783203,48258,19,1
1771463019.7174816,52_0,52,das_work,2.0188536643981934,48258,19,1
1771463031.6840885,55_0,55,das_work,3.702463150024414,48258,20,1
1771463031.713896,52_1,52,das_work,6.220708131790161,48258,20,1
1771463031.7220716,54_1,54,das_work,3.238151788711548,48258,20,1
1771463031.7312348,53_1,53,das_work,7.4146833419799805,48258,20,1
1771463043.7081246,55_1,55,das_work,6.588006973266602,48258,21,1
1771463043.7166443,52_1,52,das_work,9.117644786834717,48258,21,1
1771463043.7221391,54_1,54,das_work,9.006821870803833,48258,21,1
1771463043.7316642,53_1,53,das_work,1.2380430698394775,48258,21,1
1771463055.6966054,55_1,55,das_work,1.375495433807373,48258,22,1
1771463055.711836,52_1,52,das_work,4.636655330657959,48258,22,1
1771463055.71674,53_1,53,das_work,3.1061806678771973,48258,22,1
1771463055.724372,54_1,54,das_work,5.024180889129639,48258,22,1
1771463067.6826916,52_1,52,das_work,8.746668338775635,48258,23,1
1771463067.697456,55_1,55,das_work,5.3659827709198,48258,23,1
1771463067.7072885,53_1,53,das_work,1.4470694065093994,48258,23,1
1771463067.7151115,54_1,54,das_work,6.714176654815674,48258,23,1
1771463079.6829178,53_1,53,das_work,5.206816673278809,48258,24,1
1771463079.691911,54_1,54,das_work,3.487425804138184,48258,24,1
1771463079.7129505,55_1,55,das_work,7.899850130081177,48258,24,1
1771463079.7147007,52_1,52,das_work,7.527301549911499,48258,24,1
1771463091.7032886,53_1,53,das_work,4.6260316371917725,48258,25,1
1771463091.7161143,54_1,54,das_work,6.885300636291504,48258,25,1
1771463091.7278416,55_1,55,das_work,7.359163522720337,48258,25,1
1771463091.729315,52_1,52,das_work,8.85010576248169,48258,25,1
1771463103.69119,54_1,54,das_work,2.920018434524536,48258,26,1
1771463103.6933715,52_1,52,das_work,8.449553966522217,48258,26,1
1771463103.7010524,53_1,53,das_work,6.500549077987671,48258,26,1
1771463103.720529,55_1,55,das_work,7.228856325149536,48258,26,1
1771463115.6845388,54_1,54,das_work,0.9287402629852296,48258,27,1
1771463115.687677,55_1,55,das_work,10.017069339752195,48258,27,1
1771463115.6881857,52_1,52,das_work,9.615810871124268,48258,27,1
1771463115.7162373,53_1,53,das_work,3.052262783050537,48258,27,1
1771463127.6888905,53_1,53,das_work,3.132067441940308,48258,28,1
1771463127.7153492,52_1,52,das_work,0.9294567108154296,48258,28,1
1771463127.72545,55_1,55,das_work,3.1297051906585693,48258,28,1
1771463127.7265477,54_1,54,das_work,1.881620168685913,48258,28,1
1771463139.6782756,52_1,52,das_work,2.2415883541107178,48258,29,1
1771463139.6793065,53_1,53,das_work,7.319453477859497,48258,29,1
1771463139.721331,54_1,54,das_work,1.918277740478516,48258,29,1
1771463139.7247238,55_1,55,das_work,9.313410758972168,48258,29,1
1771463151.687495,52_2,52,das_work,1.44823956489563,48258,30,1
1771463151.7089386,55_1,55,das_work,4.947391986846924,48258,30,1
1771463151.7230484,54_2,54,das_work,3.0148730278015137,48258,30,1
1771463151.7262068,53_2,53,das_work,4.742989778518677,48258,30,1
1771463163.6889884,53_2,53,das_work,8.772681951522827,48258,31,1
1771463163.6917768,52_2,52,das_work,2.920667886734009,48258,31,1
1771463163.7254474,55_2,55,das_work,1.5549373626708984,48258,31,1
1771463163.728546,54_2,54,das_work,2.82352614402771,48258,31,1
1771463175.6908872,54_2,54,das_work,7.375882863998413,48258,32,1
1771463175.7037654,52_2,52,das_work,8.362080812454224,48258,32,1
1771463175.711086,53_2,53,das_work,7.303260564804077,48258,32,1
1771463175.7304432,55_2,55,das_work,8.183758974075317,48258,32,1
1771463187.6925058,54_2,54,das_work,8.879304885864258,48258,33,1
1771463187.7045834,55_2,55,das_work,6.170370817184448,48258,33,1
1771463187.7053075,52_2,52,das_work,4.4411468505859375,48258,33,1
1771463187.713291,53_2,53,das_work,6.720839977264404,48258,33,1
1771463199.692916,54_2,54,das_work,9.057429313659668,48258,34,1
1771463199.704744,52_2,52,das_work,0.3379576206207275,48258,34,1
1771463199.7093408,55_2,55,das_work,6.984025001525879,48258,34,1
1771463199.7308187,53_2,53,das_work,8.6759352684021,48258,34,1
1771463211.7084107,53_2,53,das_work,8.085213899612427,48258,35,1
1771463211.7089343,52_2,52,das_work,5.85111927986145,48258,35,1
1771463211.7232423,55_2,55,das_work,9.085451602935793,48258,35,1
1771463211.7240849,54_2,54,das_work,5.442824602127075,48258,35,1
1771463223.6701102,53_2,53,das_work,8.608064413070679,48258,36,1
1771463223.679453,54_2,54,das_work,4.099334001541138,48258,36,1
1771463223.6855636,52_2,52,das_work,5.242765665054321,48258,36,1
1771463223.7086697,55_2,55,das_work,1.3911199569702148,48258,36,1
1771463235.6765032,54_2,54,das_work,1.1941587924957275,48258,37,1
1771463235.6952448,53_2,53,das_work,6.337600231170654,48258,37,1
1771463235.7111726,52_2,52,das_work,3.7273685932159424,48258,37,1
1771463235.7262056,55_2,55,das_work,8.08851933479309,48258,37,1
1771463247.6681285,53_2,53,das_work,1.5021922588348389,48258,38,1
1771463247.6761043,54_2,54,das_work,6.803052186965942,48258,38,1
1771463247.699336,55_2,55,das_work,9.441895246505736,48258,38,1
1771463247.7118163,52_2,52,das_work,0.954681634902954,48258,38,1
1771463259.6723385,55_2,55,das_work,5.2461466789245605,48258,39,1
1771463259.681061,52_2,52,das_work,2.6574699878692627,48258,39,1
1771463259.687563,53_2,53,das_work,1.728412389755249,48258,39,1
1771463259.705483,54_2,54,das_work,3.006675243377685,48258,39,1
1771463271.6691625,54_3,54,das_work,6.6431849002838135,48258,40,1
1771463271.7036748,55_2,55,das_work,1.857475996017456,48258,40,1
1771463271.7110758,53_3,53,das_work,6.260789632797241,48258,40,1
1771463271.7155185,52_3,52,das_work,2.989296197891236,48258,40,1
1771463283.6672668,53_3,53,das_work,5.59349250793457,48258,41,1
1771463283.6737933,55_3,55,das_work,7.995030879974365,48258,41,1
1771463283.6765676,54_3,54,das_work,3.176781415939331,48258,41,1
1771463283.6775982,52_3,52,das_work,5.267667293548584,48258,41,1
1771463295.6731455,55_3,55,das_work,4.907510995864868,48258,42,1
1771463295.6855085,52_3,52,das_work,8.507705211639404,48258,42,1
1771463295.6940212,54_3,54,das_work,3.3667609691619877,48258,42,1
1771463295.707749,53_3,53,das_work,4.580334424972534,48258,42,1
1771463307.6657913,54_3,54,das_work,7.034379482269287,48258,43,1
1771463307.686398,52_3,52,das_work,5.244297027587891,48258,43,1
1771463307.6948004,55_3,55,das_work,9.035206317901611,48258,43,1
1771463307.704431,53_3,53,das_work,6.883608818054199,48258,43,1
1771463319.6694324,55_3,55,das_work,9.413885831832886,48258,44,1
1771463319.6708574,52_3,52,das_work,3.355423927307129,48258,44,1
1771463319.682625,54_3,54,das_work,8.15360689163208,48258,44,1
1771463319.6931145,53_3,53,das_work,5.487988233566284,48258,44,1
1771463331.677313,52_3,52,das_work,7.872286319732666,48258,45,1
1771463331.682205,55_3,55,das_work,4.758946180343628,48258,45,1
1771463331.689562,53_3,53,das_work,7.273490905761719,48258,45,1
1771463331.7226238,54_3,54,das_work,8.682448863983154,48258,45,1
1771463343.691017,52_3,52,das_work,8.021761417388916,48258,46,1
1771463343.7078846,53_3,53,das_work,1.9002723693847656,48258,46,1
1771463343.7132883,54_3,54,das_work,7.045677900314331,48258,46,1
1771463343.7234032,55_3,55,das_work,7.20089602470398,48258,46,1
1771463355.6786711,54_3,54,das_work,3.4269139766693115,48258,47,1
1771463355.6920538,52_3,52,das_work,8.373236656188965,48258,47,1
1771463355.707304,55_3,55,das_work,0.6322982311248779,48258,47,1
1771463355.7107563,53_3,53,das_work,5.54119610786438,48258,47,1
1771463367.682789,54_3,54,das_work,8.967470645904541,48258,48,1
1771463367.6853366,52_3,52,das_work,9.696839094161987,48258,48,1
1771463367.718304,53_3,53,das_work,6.022027254104614,48258,48,1
1771463367.7290168,55_3,55,das_work,2.8386807441711426,48258,48,1
1771463379.666765,52_3,52,das_work,3.9691953659057617,48258,49,1
1771463379.691736,54_3,54,das_work,4.708231925964356,48258,49,1
1771463379.6937263,55_3,55,das_work,3.432358980178833,48258,49,1
1771463379.7042491,53_3,53,das_work,6.414852142333984,48258,49,1
1771463391.658461,54_4,54,das_work,8.865910053253174,48258,50,1
1771463391.6733525,52_4,52,das_work,4.797179460525513,48258,50,1
1771463391.67719,55_3,55,das_work,3.954277276992798,48258,50,1
1771463391.680941,53_4,53,das_work,6.787466764450073,48258,50,1
1771463403.691751,55_4,55,das_work,8.28018593788147,48258,51,1
1771463403.705885,54_4,54,das_work,1.2999048233032229,48258,51,1
1771463403.7062342,53_4,53,das_work,0.4685027599334717,48258,51,1
1771463403.706378,52_4,52,das_work,3.0863823890686035,48258,51,1
1771463415.69229,55_4,55,das_work,4.376269340515137,48258,52,1
1771463415.692873,52_4,52,das_work,5.375344038009644,48258,52,1
1771463415.695428,54_4,54,das_work,6.742427110671997,48258,52,1
1771463415.714645,53_4,53,das_work,8.097856760025024,48258,52,1
1771463427.6780956,54_4,54,das_work,5.262269496917725,48258,53,1
1771463427.7048044,55_4,55,das_work,3.596369504928589,48258,53,1
1771463427.7106628,52_4,52,das_work,4.93882155418396,48258,53,1
1771463427.7114582,53_4,53,das_work,6.603274583816528,48258,53,1
1771463439.6706977,52_4,52,das_work,8.302655696868896,48258,54,1
1771463439.679741,55_4,55,das_work,1.044828176498413,48258,54,1
1771463439.6867096,54_4,54,das_work,6.246015310287476,48258,54,1
1771463439.710051,53_4,53,das_work,4.579256772994995,48258,54,1
1771463451.695773,53_4,53,das_work,0.5413765907287598,48258,55,1
1771463451.7000074,52_4,52,das_work,1.6604275703430176,48258,55,1
1771463451.709692,55_4,55,das_work,2.867279052734375,48258,55,1
1771463451.7191925,54_4,54,das_work,9.886126518249512,48258,55,1
1771463463.675697,52_4,52,das_work,2.495150566101074,48258,56,1
1771463463.6836352,53_4,53,das_work,0.7448933124542236,48258,56,1
1771463463.689306,54_4,54,das_work,5.560925245285034,48258,56,1
1771463463.7038896,55_4,55,das_work,1.114473819732666,48258,56,1
1771463475.6794128,54_4,54,das_work,5.284093141555786,48258,57,1
1771463475.6799774,53_4,53,das_work,9.06531023979187,48258,57,1
1771463475.6822207,52_4,52,das_work,2.957799434661865,48258,57,1
1771463475.687625,55_4,55,das_work,8.130151748657227,48258,57,1
1771463487.660307,54_4,54,das_work,5.214337587356567,48258,58,1
1771463487.6609547,52_4,52,das_work,8.351097583770752,48258,58,1
1771463487.6635847,55_4,55,das_work,6.547855615615845,48258,58,1
1771463487.6768258,53_4,53,das_work,7.096654891967773,48258,58,1
1771463499.6506836,54_4,54,das_work,4.794841051101685,48258,59,1
1771463499.6512437,55_4,55,das_work,3.6902670860290527,48258,59,1
1771463499.67548,52_4,52,das_work,4.781038045883179,48258,59,1
1771463499.6775396,53_4,53,das_work,1.58359694480896,48258,59,1
1771463511.6489224,55_4,55,das_work,2.105809450149536,48258,60,1
1771462911.6029575,56_0,56,das_work,9.124886274337769,48258,10,1
1771462911.607623,58_0,58,das_work,2.7913944721221924,48258,10,1
1771462911.638081,59_0,59,das_work,6.470483541488648,48258,10,1
1771462923.6152468,56_0,56,das_work,8.351781606674194,48258,11,1
1771462923.623712,59_0,59,das_work,8.654141902923584,48258,11,1
1771462923.6317277,58_0,58,das_work,8.708929777145386,48258,11,1
1771462923.6335304,57_0,57,das_work,7.823286771774292,48258,11,1
1771462935.6285489,58_0,58,das_work,3.2803101539611816,48258,12,1
1771462935.6358807,56_0,56,das_work,8.493609189987183,48258,12,1
1771462935.6361723,59_0,59,das_work,2.685137987136841,48258,12,1
1771462935.6362822,57_0,57,das_work,4.390257120132446,48258,12,1
1771462947.6461265,57_0,57,das_work,7.209371089935303,48258,13,1
1771462947.6522207,58_0,58,das_work,1.2104108333587646,48258,13,1
1771462947.6577644,59_0,59,das_work,10.294666290283203,48258,13,1
1771462947.6688402,56_0,56,das_work,6.245740413665772,48258,13,1
1771462959.6651993,56_0,56,das_work,0.9884264469146729,48258,14,1
1771462959.677873,58_0,58,das_work,5.248240947723389,48258,14,1
1771462959.6887054,59_0,59,das_work,7.809703588485718,48258,14,1
1771462959.702829,57_0,57,das_work,2.350452423095703,48258,14,1
1771462971.6837437,59_0,59,das_work,5.075358152389526,48258,15,1
1771462971.7052612,57_0,57,das_work,1.425110101699829,48258,15,1
1771462971.710645,56_0,56,das_work,4.285177230834961,48258,15,1
1771462971.7169297,58_0,58,das_work,8.012139320373535,48258,15,1
1771462983.6792226,59_0,59,das_work,8.348265171051025,48258,16,1
1771462983.68287,56_0,56,das_work,1.1085364818572998,48258,16,1
1771462983.7028708,58_0,58,das_work,3.4069197177886963,48258,16,1
1771462983.719319,57_0,57,das_work,1.1833806037902832,48258,16,1
1771462995.7164383,56_0,56,das_work,4.58457612991333,48258,17,1
1771462995.7224836,58_0,58,das_work,5.985330104827881,48258,17,1
1771462995.726064,57_0,57,das_work,8.704785823822021,48258,17,1
1771462995.7340455,59_0,59,das_work,8.601410388946533,48258,17,1
1771463007.703443,58_0,58,das_work,2.2224841117858887,48258,18,1
1771463007.7053983,59_0,59,das_work,2.037460327148437,48258,18,1
1771463007.7067904,57_0,57,das_work,2.6661136150360107,48258,18,1
1771463007.7073834,56_0,56,das_work,5.546823024749756,48258,18,1
1771463019.7138577,57_0,57,das_work,9.304361343383787,48258,19,1
1771463019.714825,56_0,56,das_work,5.122839689254761,48258,19,1
1771463019.718811,58_0,58,das_work,3.659456968307495,48258,19,1
1771463019.7201874,59_0,59,das_work,4.133435487747192,48258,19,1
1771463031.690474,56_1,56,das_work,5.109262466430664,48258,20,1
1771463031.6951225,59_1,59,das_work,7.5549585819244385,48258,20,1
1771463031.7151277,57_0,57,das_work,1.7777974605560305,48258,20,1
1771463031.7297485,58_1,58,das_work,4.249024629592896,48258,20,1
1771463043.6855905,58_1,58,das_work,0.9367713928222656,48258,21,1
1771463043.7143357,56_1,56,das_work,1.9624993801116943,48258,21,1
1771463043.7295132,57_1,57,das_work,9.08305287361145,48258,21,1
1771463043.73086,59_1,59,das_work,7.485594749450684,48258,21,1
1771463055.7022223,57_1,57,das_work,8.803518056869507,48258,22,1
1771463055.7051969,58_1,58,das_work,3.780104875564575,48258,22,1
1771463055.7107897,56_1,56,das_work,8.020463466644287,48258,22,1
1771463055.730888,59_1,59,das_work,1.6257283687591553,48258,22,1
1771463067.680671,59_1,59,das_work,4.553370714187622,48258,23,1
1771463067.6953473,56_1,56,das_work,9.630423307418823,48258,23,1
1771463067.7110982,58_1,58,das_work,2.3151350021362305,48258,23,1
1771463067.72242,57_1,57,das_work,5.246274948120117,48258,23,1
1771463079.6964114,58_1,58,das_work,3.101973295211792,48258,24,1
1771463079.7046084,56_1,56,das_work,7.672635316848755,48258,24,1
1771463079.719793,59_1,59,das_work,2.182180881500244,48258,24,1
1771463079.724425,57_1,57,das_work,8.730964183807373,48258,24,1
1771463091.7061794,56_1,56,das_work,2.024325132369995,48258,25,1
1771463091.7259843,58_1,58,das_work,6.433767080307007,48258,25,1
1771463091.7356386,57_1,57,das_work,2.107150793075561,48258,25,1
1771463091.7505586,59_1,59,das_work,8.42322564125061,48258,25,1
1771463103.6938834,58_1,58,das_work,6.464393377304077,48258,26,1
1771463103.697727,56_1,56,das_work,8.805895328521729,48258,26,1
1771463103.705686,57_1,57,das_work,5.29390811920166,48258,26,1
1771463103.7240756,59_1,59,das_work,9.331937551498411,48258,26,1
1771463115.7048345,57_1,57,das_work,7.990155220031738,48258,27,1
1771463115.7195368,56_1,56,das_work,7.043016672134399,48258,27,1
1771463115.7221131,58_1,58,das_work,7.075529098510742,48258,27,1
1771463115.7325718,59_1,59,das_work,5.902376890182495,48258,27,1
1771463127.6953418,58_1,58,das_work,5.386470794677734,48258,28,1
1771463127.7012596,56_1,56,das_work,5.508280754089356,48258,28,1
1771463127.703308,57_1,57,das_work,3.178572416305542,48258,28,1
1771463127.71248,59_1,59,das_work,5.206181764602661,48258,28,1
1771463139.6981616,56_1,56,das_work,5.776315689086914,48258,29,1
1771463139.7021866,57_1,57,das_work,8.033782958984375,48258,29,1
1771463139.7038083,59_1,59,das_work,3.230767011642456,48258,29,1
1771463139.720466,58_1,58,das_work,8.854284048080444,48258,29,1
1771463151.6854637,56_2,56,das_work,7.342684268951416,48258,30,1
1771463151.7004824,58_2,58,das_work,9.897998332977297,48258,30,1
1771463151.705759,59_2,59,das_work,2.1938695907592773,48258,30,1
1771463151.7182326,57_1,57,das_work,4.401381254196167,48258,30,1
1771463163.6903925,57_2,57,das_work,8.959980964660645,48258,31,1
1771463163.6920514,59_2,59,das_work,1.470247745513916,48258,31,1
1771463163.7052965,58_2,58,das_work,1.6415772438049316,48258,31,1
1771463163.7220626,56_2,56,das_work,4.5039918422698975,48258,31,1
1771463175.679356,58_2,58,das_work,5.056214809417725,48258,32,1
1771463175.684388,56_2,56,das_work,4.616691827774048,48258,32,1
1771463175.7281303,57_2,57,das_work,4.598520278930664,48258,32,1
1771463175.7293017,59_2,59,das_work,2.672534704208374,48258,32,1
1771463187.6739943,58_2,58,das_work,5.973377466201782,48258,33,1
1771463187.677117,59_2,59,das_work,8.842452764511108,48258,33,1
1771463187.6961994,57_2,57,das_work,1.7146759033203125,48258,33,1
1771463187.7042744,56_2,56,das_work,8.188153982162476,48258,33,1
1771463199.6868148,59_2,59,das_work,6.457937240600586,48258,34,1
1771463199.7079954,57_2,57,das_work,6.153741836547852,48258,34,1
1771463199.7149222,56_2,56,das_work,1.7428669929504397,48258,34,1
1771463199.7222605,58_2,58,das_work,2.328667402267456,48258,34,1
1771463211.676614,56_2,56,das_work,9.040146589279177,48258,35,1
1771463211.6785524,57_2,57,das_work,2.2851831912994385,48258,35,1
1771463211.7230957,59_2,59,das_work,1.5074734687805176,48258,35,1
1771463211.7237267,58_2,58,das_work,2.805934429168701,48258,35,1
1771463223.6721437,58_2,58,das_work,1.623222827911377,48258,36,1
1771463223.6814995,59_2,59,das_work,4.030314683914185,48258,36,1
1771463223.6997263,56_2,56,das_work,4.537304878234863,48258,36,1
1771463223.7012675,57_2,57,das_work,7.454690217971802,48258,36,1
1771463235.6835344,56_2,56,das_work,6.691390514373779,48258,37,1
1771463235.6841054,57_2,57,das_work,1.7127313613891602,48258,37,1
1771463235.7076125,59_2,59,das_work,9.242624998092651,48258,37,1
1771463235.7196548,58_2,58,das_work,3.018900156021118,48258,37,1
1771463247.682594,58_2,58,das_work,6.269567012786865,48258,38,1
1771463247.698618,57_2,57,das_work,3.1043734550476074,48258,38,1
1771463247.699206,59_2,59,das_work,1.7326605319976809,48258,38,1
1771463247.7057369,56_2,56,das_work,1.6963634490966797,48258,38,1
1771463259.6711416,56_2,56,das_work,7.77559232711792,48258,39,1
1771463259.6778705,58_2,58,das_work,4.079433441162109,48258,39,1
1771463259.6929748,57_2,57,das_work,1.3062632083892822,48258,39,1
1771463259.705193,59_2,59,das_work,8.478851556777954,48258,39,1
1771463271.695376,57_2,57,das_work,2.4354872703552246,48258,40,1
1771463271.700174,59_3,59,das_work,2.4587652683258057,48258,40,1
1771463271.7088623,58_3,58,das_work,9.307639598846436,48258,40,1
1771463271.709443,56_3,56,das_work,4.496437788009644,48258,40,1
1771463283.6808126,59_3,59,das_work,8.549712657928467,48258,41,1
1771463283.6874197,57_3,57,das_work,4.2730934619903564,48258,41,1
1771463283.688502,56_3,56,das_work,9.386048555374146,48258,41,1
1771463283.692453,58_3,58,das_work,8.714658737182617,48258,41,1
1771463295.6634114,57_3,57,das_work,4.495619297027588,48258,42,1
1771463295.6670144,58_3,58,das_work,5.988420009613037,48258,42,1
1771463295.697138,59_3,59,das_work,4.0959954261779785,48258,42,1
1771463295.7134683,56_3,56,das_work,3.386714458465576,48258,42,1
1771463307.65933,59_3,59,das_work,2.995596647262573,48258,43,1
1771463307.6630764,58_3,58,das_work,4.373335838317871,48258,43,1
1771463307.6663573,56_3,56,das_work,8.24804949760437,48258,43,1
1771463307.7014172,57_3,57,das_work,8.606398582458496,48258,43,1
1771463319.6652236,58_3,58,das_work,5.332520484924316,48258,44,1
1771463319.6900315,56_3,56,das_work,5.252238988876343,48258,44,1
1771463319.690623,59_3,59,das_work,8.125012397766113,48258,44,1
1771463319.707933,57_3,57,das_work,5.455046653747559,48258,44,1
1771463331.6960926,56_3,56,das_work,1.5759668350219729,48258,45,1
1771463331.6992157,58_3,58,das_work,5.966503381729126,48258,45,1
1771463331.7022953,57_3,57,das_work,4.151184558868408,48258,45,1
1771463331.728211,59_3,59,das_work,7.441648721694946,48258,45,1
1771463343.6752956,57_3,57,das_work,6.072422742843628,48258,46,1
1771463343.681107,59_3,59,das_work,6.011630773544312,48258,46,1
1771463343.6818757,56_3,56,das_work,9.194019794464111,48258,46,1
1771463343.7035468,58_3,58,das_work,4.527372121810913,48258,46,1
1771463355.6765778,58_3,58,das_work,2.525380849838257,48258,47,1
1771463355.685548,57_3,57,das_work,8.247272491455078,48258,47,1
1771463355.6900482,59_3,59,das_work,4.230720281600952,48258,47,1
1771463355.69962,56_3,56,das_work,2.1799824237823486,48258,47,1
1771463367.6986122,59_3,59,das_work,9.317794799804688,48258,48,1
1771463367.7102256,58_3,58,das_work,7.125779390335083,48258,48,1
1771463367.7294085,57_3,57,das_work,5.917246341705322,48258,48,1
1771463367.7313533,56_3,56,das_work,7.447245121002197,48258,48,1
1771463379.6795988,58_3,58,das_work,7.961246252059936,48258,49,1
1771463379.680147,59_3,59,das_work,3.726991415023804,48258,49,1
1771463379.6965814,57_3,57,das_work,4.294595718383789,48258,49,1
1771463379.69833,56_3,56,das_work,8.057292461395264,48258,49,1
1771463391.66682,59_4,59,das_work,6.480017423629761,48258,50,1
1771463391.675429,57_3,57,das_work,2.7187609672546387,48258,50,1
1771463391.6836622,58_4,58,das_work,5.254104852676392,48258,50,1
1771463391.6909864,56_4,56,das_work,0.4173283576965332,48258,50,1
1771463403.666588,58_4,58,das_work,3.643290042877197,48258,51,1
1771463403.6704016,59_4,59,das_work,6.640063524246216,48258,51,1
1771463403.683161,56_4,56,das_work,8.25094223022461,48258,51,1
1771463403.6963074,57_4,57,das_work,5.396826505661011,48258,51,1
1771463415.6808977,56_4,56,das_work,6.278287887573242,48258,52,1
1771463415.68981,57_4,57,das_work,9.261820793151855,48258,52,1
1771463415.7050414,58_4,58,das_work,6.39836573600769,48258,52,1
1771463415.7099574,59_4,59,das_work,1.7528178691864014,48258,52,1
1771463427.6853335,59_4,59,das_work,3.152109384536743,48258,53,1
1771463427.6895173,58_4,58,das_work,3.2205193042755127,48258,53,1
1771463427.6989543,56_4,56,das_work,9.16458821296692,48258,53,1
1771463427.715741,57_4,57,das_work,2.563969373703003,48258,53,1
1771463439.659795,58_4,58,das_work,8.757704973220825,48258,54,1
1771463439.6746192,56_4,56,das_work,4.135909557342529,48258,54,1
1771463439.6779287,57_4,57,das_work,5.226872205734253,48258,54,1
1771463439.6919112,59_4,59,das_work,4.957897901535034,48258,54,1
1771463451.6873095,59_4,59,das_work,7.095211744308472,48258,55,1
1771463451.690838,56_4,56,das_work,1.7365007400512695,48258,55,1
1771463451.7040231,57_4,57,das_work,4.074751377105713,48258,55,1
1771463451.7142024,58_4,58,das_work,7.829522848129272,48258,55,1
1771463463.6672788,56_4,56,das_work,1.4804987907409668,48258,56,1
1771463463.6726046,57_4,57,das_work,8.301825046539307,48258,56,1
1771463463.6740725,58_4,58,das_work,1.6929242610931396,48258,56,1
1771463475.690256,59_4,59,das_work,12.20218276977539,48258,57,1
1771463475.6925054,58_4,58,das_work,5.546741008758545,48258,57,1
1771463475.7130327,57_4,57,das_work,8.191962957382202,48258,57,1
1771463475.7140596,56_4,56,das_work,2.06484055519104,48258,57,1
1771463487.6530926,58_4,58,das_work,8.968404054641724,48258,58,1
1771463487.666699,59_4,59,das_work,1.3762030601501465,48258,58,1
1771463487.6859102,56_4,56,das_work,3.3567965030670166,48258,58,1
1771463487.6950345,57_4,57,das_work,9.093287706375122,48258,58,1
1771463499.6418402,58_4,58,das_work,6.294904708862305,48258,59,1
1771463499.644106,56_4,56,das_work,0.5872817039489746,48258,59,1
1771463499.65721,57_4,57,das_work,3.18445897102356,48258,59,1
1771463499.6749048,59_4,59,das_work,9.93644881248474,48258,59,1
1771463511.6375408,59_4,59,das_work,7.420191287994385,48258,60,1
1771463511.6388044,57_4,57,das_work,6.952218770980835,48258,60,1
1771462911.619848,60_0,60,das_work,3.920548439025879,48258,10,1
1771462911.642761,62_0,62,das_work,3.806541681289673,48258,10,1
1771462923.622302,61_0,61,das_work,8.52323317527771,48258,11,1
1771462923.660467,60_0,60,das_work,4.467146396636963,48258,11,1
1771462923.661205,62_0,62,das_work,8.41766881942749,48258,11,1
1771462923.661842,63_0,63,das_work,7.115259885787964,48258,11,1
1771462935.6284227,61_0,61,das_work,7.533400058746338,48258,12,1
1771462935.6300766,63_0,63,das_work,9.753505229949951,48258,12,1
1771462935.63101,60_0,60,das_work,2.7453453540802,48258,12,1
1771462935.644849,62_0,62,das_work,4.535070180892944,48258,12,1
1771462947.6582308,61_0,61,das_work,1.7452075481414795,48258,13,1
1771462947.6595335,63_0,63,das_work,2.743485450744629,48258,13,1
1771462947.6727338,62_0,62,das_work,6.861613512039185,48258,13,1
1771462947.6749237,60_0,60,das_work,4.961066484451294,48258,13,1
1771462959.6672964,62_0,62,das_work,4.737689971923828,48258,14,1
1771462959.6770542,60_0,60,das_work,9.025850772857666,48258,14,1
1771462959.6798365,63_0,63,das_work,3.5788962841033936,48258,14,1
1771462959.6908624,61_0,61,das_work,2.6776223182678223,48258,14,1
1771462971.6820877,61_0,61,das_work,2.7575254440307617,48258,15,1
1771462971.6936646,62_0,62,das_work,8.998703002929688,48258,15,1
1771462971.71341,63_0,63,das_work,5.823418855667114,48258,15,1
1771462971.7141747,60_0,60,das_work,5.831642150878906,48258,15,1
1771462983.6868124,61_0,61,das_work,3.2242791652679443,48258,16,1
1771462983.6893013,60_0,60,das_work,9.517233848571776,48258,16,1
1771462983.696368,62_0,62,das_work,7.978910207748413,48258,16,1
1771462983.704809,63_0,63,das_work,5.117698431015015,48258,16,1
1771462995.7116568,60_0,60,das_work,8.72584319114685,48258,17,1
1771462995.72493,61_0,61,das_work,1.1004414558410645,48258,17,1
1771462995.7384474,63_0,63,das_work,8.824230670928955,48258,17,1
1771462995.739012,62_0,62,das_work,5.05683445930481,48258,17,1
1771463007.6898246,61_0,61,das_work,8.31678032875061,48258,18,1
1771463007.6944058,62_0,62,das_work,2.51012659072876,48258,18,1
1771463007.715401,60_0,60,das_work,4.463145732879639,48258,18,1
1771463007.7318006,63_0,63,das_work,2.469364881515503,48258,18,1
1771463019.6961088,60_0,60,das_work,3.0930445194244385,48258,19,1
1771463019.6985795,63_0,63,das_work,6.112508773803711,48258,19,1
1771463019.7021334,62_0,62,das_work,2.0862417221069336,48258,19,1
1771463019.7224317,61_0,61,das_work,4.31009316444397,48258,19,1
1771463031.6834502,62_1,62,das_work,7.070254564285278,48258,20,1
1771463031.708639,60_1,60,das_work,0.3115060329437256,48258,20,1
1771463031.7181878,63_0,63,das_work,7.887330055236816,48258,20,1
1771463031.7300131,61_0,61,das_work,7.81527853012085,48258,20,1
1771463043.6895118,63_1,63,das_work,2.731158494949341,48258,21,1
1771463043.7001858,62_1,62,das_work,8.805450439453125,48258,21,1
1771463043.7247634,60_1,60,das_work,7.28406548500061,48258,21,1
1771463043.7253478,61_1,61,das_work,8.42206072807312,48258,21,1
1771463055.6823514,61_1,61,das_work,2.783839225769043,48258,22,1
1771463055.6959348,63_1,63,das_work,8.464450120925903,48258,22,1
1771463055.7127028,62_1,62,das_work,5.554153203964233,48258,22,1
1771463055.7255757,60_1,60,das_work,5.603022575378418,48258,22,1
1771463067.6785583,63_1,63,das_work,2.8384361267089844,48258,23,1
1771463067.6807058,60_1,60,das_work,3.7450547218322754,48258,23,1
1771463067.6943843,61_1,61,das_work,2.8795204162597656,48258,23,1
1771463067.7203171,62_1,62,das_work,6.001011848449707,48258,23,1
1771463079.6771507,61_1,61,das_work,1.4128360748291016,48258,24,1
1771463079.6925602,62_1,62,das_work,5.616216421127319,48258,24,1
1771463079.6983287,63_1,63,das_work,5.864516019821167,48258,24,1
1771463079.7251427,60_1,60,das_work,7.194595336914063,48258,24,1
1771463091.712296,62_1,62,das_work,2.991865634918213,48258,25,1
1771463091.7165227,60_1,60,das_work,4.782830953598023,48258,25,1
1771463091.7309597,61_1,61,das_work,4.509535789489746,48258,25,1
1771463091.7370255,63_1,63,das_work,2.956653356552124,48258,25,1
1771463103.6749525,61_1,61,das_work,3.4092531204223637,48258,26,1
1771463103.6809485,62_1,62,das_work,9.03953981399536,48258,26,1
1771463103.685382,60_1,60,das_work,5.182825326919556,48258,26,1
1771463103.7017832,63_1,63,das_work,1.1036107540130615,48258,26,1
1771463115.715087,62_1,62,das_work,4.4364166259765625,48258,27,1
1771463115.7190273,61_1,61,das_work,3.8338780403137207,48258,27,1
1771463115.7209952,63_1,63,das_work,8.865717887878418,48258,27,1
1771463115.7317462,60_1,60,das_work,3.688309669494629,48258,27,1
1771463127.6816545,60_1,60,das_work,4.240225553512573,48258,28,1
1771463127.7048738,62_1,62,das_work,6.853477478027344,48258,28,1
1771463127.721563,63_1,63,das_work,6.339542388916016,48258,28,1
1771463127.7291155,61_1,61,das_work,8.814950466156006,48258,28,1
1771463139.6877208,62_1,62,das_work,8.290420770645142,48258,29,1
1771463139.6928449,63_1,63,das_work,7.492905378341675,48258,29,1
1771463139.693522,61_1,61,das_work,8.287145137786865,48258,29,1
1771463139.7150695,60_1,60,das_work,7.01565957069397,48258,29,1
1771463151.6896825,61_1,61,das_work,8.759648561477661,48258,30,1
1771463151.6918278,62_2,62,das_work,6.651426792144775,48258,30,1
1771463151.6923573,60_2,60,das_work,3.35828709602356,48258,30,1
1771463151.7193346,63_1,63,das_work,6.228030204772949,48258,30,1
1771463163.6791356,60_2,60,das_work,3.925440549850464,48258,31,1
1771463163.687763,61_2,61,das_work,1.831324577331543,48258,31,1
1771463163.709815,63_2,63,das_work,2.858339548110962,48258,31,1
1771463163.7202923,62_2,62,das_work,7.9330894947052,48258,31,1
1771463175.6915786,63_2,63,das_work,5.095377683639526,48258,32,1
1771463175.6937163,61_2,61,das_work,5.20874810218811,48258,32,1
1771463175.697139,60_2,60,das_work,8.917767763137817,48258,32,1
1771463175.7174866,62_2,62,das_work,3.7750089168548575,48258,32,1
1771463187.6864643,62_2,62,das_work,2.024996042251587,48258,33,1
1771463187.6909907,61_2,61,das_work,5.383159399032593,48258,33,1
1771463187.6921852,60_2,60,das_work,4.984216213226318,48258,33,1
1771463187.6946526,63_2,63,das_work,2.478450298309326,48258,33,1
1771463199.6958716,60_2,60,das_work,3.185394525527954,48258,34,1
1771463199.706207,61_2,61,das_work,7.877078771591186,48258,34,1
1771463199.7268124,62_2,62,das_work,4.964078903198242,48258,34,1
1771463199.729704,63_2,63,das_work,1.1481564044952393,48258,34,1
1771463211.6798694,63_2,63,das_work,8.934692859649658,48258,35,1
1771463211.712111,60_2,60,das_work,3.5720717906951904,48258,35,1
1771463211.7126088,62_2,62,das_work,3.8753485679626474,48258,35,1
1771463211.7176702,61_2,61,das_work,4.057160377502441,48258,35,1
1771463223.664734,63_2,63,das_work,9.107907056808472,48258,36,1
1771463223.6666725,62_2,62,das_work,0.8394904136657715,48258,36,1
1771463223.6819189,61_2,61,das_work,4.0021796226501465,48258,36,1
1771463223.6836202,60_2,60,das_work,3.1642379760742188,48258,36,1
1771463235.6792965,60_2,60,das_work,5.231249809265137,48258,37,1
1771463235.680732,63_2,63,das_work,6.849380970001221,48258,37,1
1771463235.7100992,62_2,62,das_work,4.097212553024292,48258,37,1
1771463247.6939547,61_2,61,das_work,12.093538761138916,48258,38,1
1771463247.7111,62_2,62,das_work,4.850097894668579,48258,38,1
1771463247.7131052,63_2,63,das_work,5.164669036865234,48258,38,1
1771463247.7136254,60_2,60,das_work,8.366686820983887,48258,38,1
1771463259.663642,60_2,60,das_work,8.599436283111572,48258,39,1
1771463259.6961672,62_2,62,das_work,6.172831535339356,48258,39,1
1771463259.6999135,63_2,63,das_work,3.636564731597901,48258,39,1
1771463259.7124903,61_2,61,das_work,7.153608322143555,48258,39,1
1771463271.675691,62_3,62,das_work,8.152341842651367,48258,40,1
1771463271.6993625,60_3,60,das_work,3.1211965084075928,48258,40,1
1771463271.7019522,63_2,63,das_work,4.900308847427368,48258,40,1
1771463271.7032404,61_2,61,das_work,2.0518054962158203,48258,40,1
1771463283.6656022,61_2,61,das_work,2.1392312049865723,48258,41,1
1771463283.6662188,63_3,63,das_work,2.017364978790283,48258,41,1
1771463283.671887,62_3,62,das_work,6.778423309326172,48258,41,1
1771463283.683434,60_3,60,das_work,0.636530876159668,48258,41,1
1771463295.6805396,60_3,60,das_work,8.35419511795044,48258,42,1
1771463295.685607,63_3,63,das_work,7.145263195037842,48258,42,1
1771463295.6955924,61_3,61,das_work,0.9126975536346436,48258,42,1
1771463295.705034,62_3,62,das_work,0.948566436767578,48258,42,1
1771463307.6607015,60_3,60,das_work,8.672366380691528,48258,43,1
1771463307.6696682,62_3,62,das_work,6.85024881362915,48258,43,1
1771463307.6953745,61_3,61,das_work,6.292627811431885,48258,43,1
1771463307.706037,63_3,63,das_work,4.815787076950073,48258,43,1
1771463319.6852703,60_3,60,das_work,1.4748947620391846,48258,44,1
1771463319.6991174,62_3,62,das_work,9.621338844299316,48258,44,1
1771463319.7083845,63_3,63,das_work,1.2365543842315674,48258,44,1
1771463319.709825,61_3,61,das_work,6.145039081573486,48258,44,1
1771463331.6892943,61_3,61,das_work,3.86273455619812,48258,45,1
1771463331.6904817,60_3,60,das_work,1.9801654815673828,48258,45,1
1771463331.713096,62_3,62,das_work,0.5508787631988525,48258,45,1
1771463331.719025,63_3,63,das_work,8.967719554901123,48258,45,1
1771463343.6860864,61_3,61,das_work,8.792050838470459,48258,46,1
1771463343.6968615,60_3,60,das_work,5.518066644668579,48258,46,1
1771463343.7154326,62_3,62,das_work,6.422217607498169,48258,46,1
1771463343.7226837,63_3,63,das_work,4.126511335372925,48258,46,1
1771463355.6807656,61_3,61,das_work,5.282963275909424,48258,47,1
1771463355.68444,63_3,63,das_work,1.6865298748016355,48258,47,1
1771463355.692173,62_3,62,das_work,6.812459230422974,48258,47,1
1771463355.7061982,60_3,60,das_work,6.741958856582642,48258,47,1
1771463367.6816478,62_3,62,das_work,7.851032972335815,48258,48,1
1771463367.6830626,63_3,63,das_work,6.855740785598755,48258,48,1
1771463367.7142584,60_3,60,das_work,3.664844512939453,48258,48,1
1771463367.7280445,61_3,61,das_work,5.50631308555603,48258,48,1
1771463379.6681998,62_3,62,das_work,7.678454399108887,48258,49,1
1771463379.6904306,63_3,63,das_work,2.3180434703826904,48258,49,1
1771463379.7004645,60_3,60,das_work,7.8596885204315186,48258,49,1
1771463379.7100997,61_3,61,das_work,8.308245658874512,48258,49,1
1771463391.6724508,62_4,62,das_work,10.300552129745483,48258,50,1
1771463391.6868286,63_3,63,das_work,3.359849452972412,48258,50,1
1771463391.6981602,60_4,60,das_work,6.334414958953857,48258,50,1
1771463391.704753,61_3,61,das_work,5.811802387237549,48258,50,1
1771463403.688414,62_4,62,das_work,9.404442071914673,48258,51,1
1771463403.69106,63_4,63,das_work,8.891054630279541,48258,51,1
1771463403.6953146,61_3,61,das_work,10.3745539188385,48258,51,1
1771463403.695843,60_4,60,das_work,9.300132513046265,48258,51,1
1771463415.6753,62_4,62,das_work,3.255298614501953,48258,52,1
1771463415.6819448,63_4,63,das_work,5.305702686309815,48258,52,1
1771463415.6980884,60_4,60,das_work,8.205256462097168,48258,52,1
1771463415.7095578,61_4,61,das_work,1.5645744800567627,48258,52,1
1771463427.6793897,60_4,60,das_work,4.493366956710815,48258,53,1
1771463427.6841955,62_4,62,das_work,2.3722987174987797,48258,53,1
1771463427.6972384,61_4,61,das_work,4.221017837524414,48258,53,1
1771463427.6981845,63_4,63,das_work,6.700336217880249,48258,53,1
1771463439.6696117,63_4,63,das_work,0.6831481456756592,48258,54,1
1771463439.6828885,62_4,62,das_work,5.138957977294922,48258,54,1
1771463439.689167,61_4,61,das_work,5.493700981140137,48258,54,1
1771463439.6943817,60_4,60,das_work,3.787748336791992,48258,54,1
1771463451.6942666,61_4,61,das_work,7.877683639526367,48258,55,1
1771463451.697472,63_4,63,das_work,5.54091739654541,48258,55,1
1771463451.7054815,62_4,62,das_work,5.928339004516602,48258,55,1
1771463451.707538,60_4,60,das_work,6.992685794830322,48258,55,1
1771463463.6714108,63_4,63,das_work,1.0630393028259275,48258,56,1
1771463463.6773448,61_4,61,das_work,6.064262628555298,48258,56,1
1771463463.6821764,62_4,62,das_work,1.0788886547088623,48258,56,1
1771463463.7016473,60_4,60,das_work,2.177574634552002,48258,56,1
1771463475.6837049,63_4,63,das_work,5.860734462738037,48258,57,1
1771463475.686842,61_4,61,das_work,9.631920337677002,48258,57,1
1771463475.7048364,60_4,60,das_work,3.4032175540924072,48258,57,1
1771463475.7148964,62_4,62,das_work,7.922650575637817,48258,57,1
1771463487.662936,61_4,61,das_work,7.779665231704712,48258,58,1
1771463487.6646206,60_4,60,das_work,7.270424604415893,48258,58,1
1771463487.6674268,62_4,62,das_work,4.074024677276611,48258,58,1
1771463487.6792202,63_4,63,das_work,5.574451684951782,48258,58,1
1771463499.637029,61_4,61,das_work,3.503030776977539,48258,59,1
1771463499.637602,63_4,63,das_work,2.731050491333008,48258,59,1
1771463499.666654,62_4,62,das_work,2.742072820663452,48258,59,1
1771463499.669096,60_4,60,das_work,5.45650053024292,48258,59,1
1771463511.632445,63_4,63,das_work,8.528517961502075,48258,60,1
1771463511.633954,61_4,61,das_work,6.746573209762573,48258,60,1
1771463523.6017487,61_4,61,das_work,5.920969247817993,48258,61,1
1771462911.5971923,66_0,66,das_work,5.380232572555542,48258,10,1
1771462923.6196058,67_0,67,das_work,2.123544216156006,48258,11,1
1771462923.6335137,65_0,65,das_work,11.73138689994812,48258,11,1
1771462923.6343756,64_0,64,das_work,5.6010682582855225,48258,11,1
1771462923.6379297,66_0,66,das_work,1.679218292236328,48258,11,1
1771462935.62657,66_0,66,das_work,6.2161478996276855,48258,12,1
1771462935.631565,65_0,65,das_work,7.435882329940796,48258,12,1
1771462935.63281,64_0,64,das_work,0.8071238994598389,48258,12,1
1771462935.6592298,67_0,67,das_work,3.5002596378326416,48258,12,1
1771462947.6520977,67_0,67,das_work,3.765364646911621,48258,13,1
1771462947.661764,66_0,66,das_work,2.7001519203186035,48258,13,1
1771462947.6629186,65_0,65,das_work,9.293915510177612,48258,13,1
1771462947.6723368,64_0,64,das_work,9.331655979156494,48258,13,1
1771462959.6733742,66_0,66,das_work,3.284738540649414,48258,14,1
1771462959.6755595,65_0,65,das_work,4.261449098587036,48258,14,1
1771462959.6795914,67_0,67,das_work,2.6918206214904785,48258,14,1
1771462959.6853623,64_0,64,das_work,4.061751127243042,48258,14,1
1771462971.6799407,64_0,64,das_work,9.36860489845276,48258,15,1
1771462971.6884298,67_0,67,das_work,8.3433518409729,48258,15,1
1771462971.690884,65_0,65,das_work,4.579651832580566,48258,15,1
1771462971.7220535,66_0,66,das_work,8.38314151763916,48258,15,1
1771462983.682086,65_0,65,das_work,5.914334774017334,48258,16,1
1771462983.699052,66_0,66,das_work,7.257392406463623,48258,16,1
1771462983.7022328,67_0,67,das_work,3.564242124557495,48258,16,1
1771462983.717932,64_0,64,das_work,8.172871828079224,48258,16,1
1771462995.713509,67_0,67,das_work,6.608813285827637,48258,17,1
1771462995.7141173,64_0,64,das_work,4.759940147399902,48258,17,1
1771462995.7271364,66_0,66,das_work,3.9791455268859854,48258,17,1
1771462995.7341373,65_0,65,das_work,8.20332670211792,48258,17,1
1771463007.6900508,64_0,64,das_work,6.9156904220581055,48258,18,1
1771463007.7180922,67_0,67,das_work,3.8112847805023193,48258,18,1
1771463007.720357,65_0,65,das_work,2.781247615814209,48258,18,1
1771463007.7335477,66_0,66,das_work,8.723516464233398,48258,18,1
1771463019.6887355,67_0,67,das_work,4.491140604019165,48258,19,1
1771463019.697313,64_0,64,das_work,6.514112234115601,48258,19,1
1771463019.7123566,66_0,66,das_work,5.321884393692017,48258,19,1
1771463019.7197063,65_0,65,das_work,5.992872714996338,48258,19,1
1771463031.687596,66_1,66,das_work,2.9865880012512207,48258,20,1
1771463031.6952932,64_0,64,das_work,8.847185134887695,48258,20,1
1771463031.6958172,65_0,65,das_work,7.302245855331421,48258,20,1
1771463031.7141497,67_0,67,das_work,8.430055379867554,48258,20,1
1771463043.6883075,66_1,66,das_work,8.208069801330566,48258,21,1
1771463043.6986935,64_1,64,das_work,2.170540571212769,48258,21,1
1771463043.711197,65_1,65,das_work,3.9877188205718994,48258,21,1
1771463043.721589,67_1,67,das_work,7.48084282875061,48258,21,1
1771463055.6929312,67_1,67,das_work,3.0843217372894287,48258,22,1
1771463055.7018092,65_1,65,das_work,2.290909767150879,48258,22,1
1771463055.70881,64_1,64,das_work,8.899064302444458,48258,22,1
1771463055.7311022,66_1,66,das_work,1.734980583190918,48258,22,1
1771463067.6803377,65_1,65,das_work,2.055362701416016,48258,23,1
1771463067.68304,66_1,66,das_work,1.436039686203003,48258,23,1
1771463067.7079089,67_1,67,das_work,1.836679220199585,48258,23,1
1771463067.7196398,64_1,64,das_work,7.841613292694092,48258,23,1
1771463079.6786473,64_1,64,das_work,4.03769063949585,48258,24,1
1771463079.6871743,67_1,67,das_work,8.296447277069092,48258,24,1
1771463079.6902602,65_1,65,das_work,9.977920532226562,48258,24,1
1771463079.7187302,66_1,66,das_work,3.233972787857056,48258,24,1
1771463091.6998372,64_1,64,das_work,5.350245475769043,48258,25,1
1771463091.7065408,65_1,65,das_work,8.232985258102417,48258,25,1
1771463091.712824,67_1,67,das_work,0.7743237018585205,48258,25,1
1771463091.72826,66_1,66,das_work,7.189331769943237,48258,25,1
1771463103.6940925,66_1,66,das_work,3.74831748008728,48258,26,1
1771463103.6963167,65_1,65,das_work,7.738832712173462,48258,26,1
1771463103.7177465,64_1,64,das_work,3.914705514907837,48258,26,1
1771463103.7287378,67_1,67,das_work,4.140485525131226,48258,26,1
1771463115.693775,66_1,66,das_work,5.89357852935791,48258,27,1
1771463115.7065554,67_1,67,das_work,8.958874940872192,48258,27,1
1771463115.710704,65_1,65,das_work,6.809193849563599,48258,27,1
1771463115.7137158,64_1,64,das_work,4.7253851890563965,48258,27,1
1771463127.6917834,64_1,64,das_work,7.598738193511963,48258,28,1
1771463127.6965966,66_1,66,das_work,2.514421939849853,48258,28,1
1771463127.719967,67_1,67,das_work,1.4447367191314695,48258,28,1
1771463127.7289188,65_1,65,das_work,2.687838077545166,48258,28,1
1771463139.6811984,66_1,66,das_work,8.146614074707031,48258,29,1
1771463139.7054324,65_1,65,das_work,9.713132858276367,48258,29,1
1771463139.7123976,64_1,64,das_work,2.101446390151977,48258,29,1
1771463139.712937,67_1,67,das_work,5.92568039894104,48258,29,1
1771463151.7026343,66_2,66,das_work,5.698965072631836,48258,30,1
1771463151.7178528,65_1,65,das_work,2.457087516784668,48258,30,1
1771463151.7289453,67_1,67,das_work,4.7045509815216064,48258,30,1
1771463151.729471,64_1,64,das_work,0.5414285659790039,48258,30,1
1771463163.7004898,66_2,66,das_work,5.880429029464722,48258,31,1
1771463163.711164,64_2,64,das_work,9.092955350875854,48258,31,1
1771463163.7300756,65_2,65,das_work,1.0899362564086914,48258,31,1
1771463163.7309198,67_2,67,das_work,8.523620128631592,48258,31,1
1771463175.6850784,67_2,67,das_work,5.308864116668701,48258,32,1
1771463175.6867824,66_2,66,das_work,1.3351566791534424,48258,32,1
1771463175.6897857,64_2,64,das_work,8.715669870376587,48258,32,1
1771463175.7127638,65_2,65,das_work,1.7701025009155271,48258,32,1
1771463187.672317,64_2,64,das_work,3.377215623855591,48258,33,1
1771463187.6764438,67_2,67,das_work,6.189297437667847,48258,33,1
1771463187.7036688,65_2,65,das_work,5.575912952423096,48258,33,1
1771463187.7064722,66_2,66,das_work,8.290130138397217,48258,33,1
1771463199.684018,67_2,67,das_work,8.086803197860718,48258,34,1
1771463199.7038703,66_2,66,das_work,1.2283000946044922,48258,34,1
1771463199.732115,64_2,64,das_work,8.965464115142822,48258,34,1
1771463199.7354186,65_2,65,das_work,2.952243566513061,48258,34,1
1771463211.6844735,64_2,64,das_work,8.392613649368286,48258,35,1
1771463211.7033052,66_2,66,das_work,2.594379425048828,48258,35,1
1771463211.7081962,65_2,65,das_work,5.361066818237305,48258,35,1
1771463211.7136316,67_2,67,das_work,10.063242197036743,48258,35,1
1771463223.688685,64_2,64,das_work,9.190250635147097,48258,36,1
1771463223.6980033,66_2,66,das_work,5.48672342300415,48258,36,1
1771463223.6993742,67_2,67,das_work,2.016998291015625,48258,36,1
1771463223.70712,65_2,65,das_work,3.949512720108032,48258,36,1
1771463235.685047,65_2,65,das_work,4.803021430969238,48258,37,1
1771463235.705384,64_2,64,das_work,6.48129153251648,48258,37,1
1771463235.7105253,67_2,67,das_work,5.833438396453857,48258,37,1
1771463235.7162852,66_2,66,das_work,1.470691204071045,48258,37,1
1771463247.693218,67_2,67,das_work,8.275792598724365,48258,38,1
1771463247.701406,64_2,64,das_work,6.113562345504761,48258,38,1
1771463247.7033474,66_2,66,das_work,4.580403804779053,48258,38,1
1771463247.72322,65_2,65,das_work,4.244502544403076,48258,38,1
1771463259.6668632,64_2,64,das_work,3.596494674682617,48258,39,1
1771463259.66742,65_2,65,das_work,9.94356918334961,48258,39,1
1771463259.685771,66_2,66,das_work,9.897928953170776,48258,39,1
1771463259.6900885,67_2,67,das_work,7.160980701446533,48258,39,1
1771463271.6642425,65_2,65,das_work,4.342722177505493,48258,40,1
1771463271.6820376,67_2,67,das_work,9.571269750595093,48258,40,1
1771463271.6840613,66_3,66,das_work,6.57546329498291,48258,40,1
1771463271.6998343,64_2,64,das_work,1.919642448425293,48258,40,1
1771463283.6605651,66_3,66,das_work,0.7166030406951904,48258,41,1
1771463283.682413,64_3,64,das_work,4.879314184188843,48258,41,1
1771463283.6917517,67_3,67,das_work,3.7417821884155273,48258,41,1
1771463283.702276,65_3,65,das_work,2.8521037101745605,48258,41,1
1771463295.6691625,66_3,66,das_work,6.977142810821533,48258,42,1
1771463295.6728015,64_3,64,das_work,7.795642852783203,48258,42,1
1771463295.7015967,67_3,67,das_work,7.945145845413208,48258,42,1
1771463295.7137537,65_3,65,das_work,5.620271444320679,48258,42,1
1771463307.6705544,67_3,67,das_work,6.199007511138916,48258,43,1
1771463307.6744752,64_3,64,das_work,7.802111864089966,48258,43,1
1771463307.6802862,66_3,66,das_work,8.13326120376587,48258,43,1
1771463307.6847844,65_3,65,das_work,8.008739471435547,48258,43,1
1771463319.6794417,65_3,65,das_work,8.38873815536499,48258,44,1
1771463319.6904774,64_3,64,das_work,5.874051094055176,48258,44,1
1771463319.6921744,67_3,67,das_work,2.2033333778381348,48258,44,1
1771463319.711318,66_3,66,das_work,8.384059190750122,48258,44,1
1771463331.6881092,67_3,67,das_work,5.516326427459717,48258,45,1
1771463331.7008526,64_3,64,das_work,4.246873140335083,48258,45,1
1771463331.7032654,65_3,65,das_work,1.832749366760254,48258,45,1
1771463331.7119744,66_3,66,das_work,5.775444507598877,48258,45,1
1771463343.7126887,65_3,65,das_work,1.1423726081848145,48258,46,1
1771463343.7167573,66_3,66,das_work,9.02739191055298,48258,46,1
1771463343.7208478,64_3,64,das_work,5.053826570510864,48258,46,1
1771463343.724146,67_3,67,das_work,3.960309028625488,48258,46,1
1771463355.6672058,64_3,64,das_work,6.8285744190216064,48258,47,1
1771463355.7008357,66_3,66,das_work,7.991691589355469,48258,47,1
1771463355.7030003,65_3,65,das_work,3.9358859062194815,48258,47,1
1771463355.7148628,67_3,67,das_work,7.316158056259155,48258,47,1
1771463367.6883967,64_3,64,das_work,9.67645788192749,48258,48,1
1771463367.69576,65_3,65,das_work,5.741451740264893,48258,48,1
1771463367.7018385,66_3,66,das_work,4.075345993041992,48258,48,1
1771463367.7250354,67_3,67,das_work,2.3358054161071777,48258,48,1
1771463379.6744597,65_3,65,das_work,5.392174005508423,48258,49,1
1771463379.6785486,67_3,67,das_work,8.73880124092102,48258,49,1
1771463379.6989474,64_3,64,das_work,2.669222831726074,48258,49,1
1771463379.7142422,66_3,66,das_work,4.7940638065338135,48258,49,1
1771463391.6607926,64_3,64,das_work,7.655986070632935,48258,50,1
1771463391.6872418,67_3,67,das_work,2.242406129837036,48258,50,1
1771463391.6943598,65_3,65,das_work,2.34461522102356,48258,50,1
1771463391.6950705,66_4,66,das_work,1.044989824295044,48258,50,1
1771463403.6861224,67_4,67,das_work,3.59279465675354,48258,51,1
1771463403.6995542,65_4,65,das_work,4.973861217498779,48258,51,1
1771463403.713466,66_4,66,das_work,9.84396505355835,48258,51,1
1771463403.7166977,64_4,64,das_work,1.6877994537353516,48258,51,1
1771463415.670535,64_4,64,das_work,1.6214289665222168,48258,52,1
1771463415.6814013,66_4,66,das_work,8.341933727264404,48258,52,1
1771463415.691362,67_4,67,das_work,1.9912009239196775,48258,52,1
1771463415.71128,65_4,65,das_work,2.277885913848877,48258,52,1
1771463427.6714609,67_4,67,das_work,3.42925238609314,48258,53,1
1771463427.687605,66_4,66,das_work,4.636252403259277,48258,53,1
1771463427.694915,65_4,65,das_work,8.703087091445923,48258,53,1
1771463427.7069724,64_4,64,das_work,1.1960406303405762,48258,53,1
1771463439.666994,67_4,67,das_work,6.4986326694488525,48258,54,1
1771463439.6757884,64_4,64,das_work,1.6790688037872314,48258,54,1
1771463439.696619,65_4,65,das_work,3.951068639755249,48258,54,1
1771463439.7021449,66_4,66,das_work,7.161119699478149,48258,54,1
1771463451.6783972,64_4,64,das_work,9.396028995513916,48258,55,1
1771463451.6939454,65_4,65,das_work,2.4579737186431885,48258,55,1
1771463451.698256,67_4,67,das_work,1.6996564865112305,48258,55,1
1771463451.7060192,66_4,66,das_work,2.686851024627685,48258,55,1
1771463463.6648457,65_4,65,das_work,7.126355648040772,48258,56,1
1771463463.6743803,64_4,64,das_work,2.4129350185394287,48258,56,1
1771463463.6856732,67_4,67,das_work,4.040613174438477,48258,56,1
1771463463.712779,66_4,66,das_work,9.70500421524048,48258,56,1
1771463475.6747732,64_4,64,das_work,4.122992515563965,48258,57,1
1771463475.6841156,67_4,67,das_work,2.7135086059570312,48258,57,1
1771463475.7008014,66_4,66,das_work,1.206932544708252,48258,57,1
1771463475.7191694,65_4,65,das_work,4.771944046020508,48258,57,1
1771463487.6839976,66_4,66,das_work,6.179867267608643,48258,58,1
1771463487.6849344,64_4,64,das_work,1.8869383335113523,48258,58,1
1771463487.693465,67_4,67,das_work,9.101685523986816,48258,58,1
1771463487.6948674,65_4,65,das_work,6.547003746032715,48258,58,1
1771463499.6377168,65_4,65,das_work,3.946396827697754,48258,59,1
1771463499.6412723,66_4,66,das_work,1.8230581283569336,48258,59,1
1771463499.6484098,67_4,67,das_work,2.402048349380493,48258,59,1
1771463499.6622818,64_4,64,das_work,6.706535339355469,48258,59,1
1771463511.621981,64_4,64,das_work,8.540902853012085,48258,60,1
1771463511.635276,65_4,65,das_work,2.4028031826019287,48258,60,1
1771463511.6502233,67_4,67,das_work,1.9039993286132808,48258,60,1
1771462911.6209247,70_0,70,das_work,0.6580610275268555,48258,10,1
1771462923.6304786,71_0,71,das_work,2.943598747253418,48258,11,1
1771462923.6328883,68_0,68,das_work,5.493269443511963,48258,11,1
1771462923.6551816,69_0,69,das_work,0.7535431385040283,48258,11,1
1771462923.655681,70_0,70,das_work,10.050645589828491,48258,11,1
1771462935.6235902,68_0,68,das_work,2.836876392364502,48258,12,1
1771462935.6317947,70_0,70,das_work,5.098062515258789,48258,12,1
1771462935.6382306,71_0,71,das_work,8.334320783615112,48258,12,1
1771462935.6591077,69_0,69,das_work,2.8955414295196533,48258,12,1
1771462947.6541233,69_0,69,das_work,6.739744186401367,48258,13,1
1771462947.6634262,68_0,68,das_work,5.393736600875855,48258,13,1
1771462947.6639495,70_0,70,das_work,7.334165334701538,48258,13,1
1771462947.6714694,71_0,71,das_work,6.797752141952515,48258,13,1
1771462959.6626563,70_0,70,das_work,1.134068250656128,48258,14,1
1771462959.6686783,69_0,69,das_work,6.347218751907349,48258,14,1
1771462959.675124,68_0,68,das_work,2.827475547790528,48258,14,1
1771462959.7020829,71_0,71,das_work,4.992495775222778,48258,14,1
1771462971.680221,70_0,70,das_work,3.7760770320892334,48258,15,1
1771462971.691564,71_0,71,das_work,8.127237796783447,48258,15,1
1771462971.7079616,69_0,69,das_work,2.2367255687713623,48258,15,1
1771462971.723942,68_0,68,das_work,6.629814147949219,48258,15,1
1771462983.7024362,70_0,70,das_work,3.0597238540649414,48258,16,1
1771462983.710246,69_0,69,das_work,6.003026008605957,48258,16,1
1771462983.7116008,68_0,68,das_work,8.46316933631897,48258,16,1
1771462983.7191732,71_0,71,das_work,2.9869625568389893,48258,16,1
1771462995.7007945,71_0,71,das_work,7.657675504684448,48258,17,1
1771462995.7037237,68_0,68,das_work,6.743875026702881,48258,17,1
1771462995.7043889,69_0,69,das_work,2.0782787799835205,48258,17,1
1771462995.7168362,70_0,70,das_work,9.32976746559143,48258,17,1
1771463007.6866145,69_0,69,das_work,8.946393013000488,48258,18,1
1771463007.6957643,68_0,68,das_work,5.787854671478272,48258,18,1
1771463007.723595,71_0,71,das_work,6.865872859954834,48258,18,1
1771463007.7289517,70_0,70,das_work,2.8954148292541504,48258,18,1
1771463019.6902883,71_0,71,das_work,3.9943113327026367,48258,19,1
1771463019.6905596,70_0,70,das_work,7.779208183288574,48258,19,1
1771463019.6911786,69_0,69,das_work,6.762314319610596,48258,19,1
1771463019.6938477,68_0,68,das_work,1.7600390911102295,48258,19,1
1771463031.7052004,70_1,70,das_work,2.317451000213623,48258,20,1
1771463031.7162068,69_0,69,das_work,1.9156007766723635,48258,20,1
1771463031.720298,71_0,71,das_work,4.180641889572144,48258,20,1
1771463031.7235174,68_0,68,das_work,9.33413028717041,48258,20,1
1771463043.7094843,68_1,68,das_work,7.599841594696045,48258,21,1
1771463043.7171552,69_1,69,das_work,2.975595474243164,48258,21,1
1771463043.72038,70_1,70,das_work,3.951900005340576,48258,21,1
1771463043.7217307,71_1,71,das_work,8.660976886749268,48258,21,1
1771463055.683592,70_1,70,das_work,2.4501373767852783,48258,22,1
1771463055.6972954,71_1,71,das_work,6.145241498947144,48258,22,1
1771463055.7065198,68_1,68,das_work,4.902045965194702,48258,22,1
1771463055.709815,69_1,69,das_work,7.398636817932129,48258,22,1
1771463067.6891935,70_1,70,das_work,6.4781365394592285,48258,23,1
1771463067.705514,68_1,68,das_work,4.59351658821106,48258,23,1
1771463067.7134542,69_1,69,das_work,2.3819682598114014,48258,23,1
1771463067.718598,71_1,71,das_work,4.913321495056152,48258,23,1
1771463079.680738,68_1,68,das_work,2.956385612487793,48258,24,1
1771463079.6838508,69_1,69,das_work,10.066830158233644,48258,24,1
1771463079.6998162,71_1,71,das_work,3.4180259704589844,48258,24,1
1771463079.7255504,70_1,70,das_work,9.12581753730774,48258,24,1
1771463091.7130878,68_1,68,das_work,2.940084457397461,48258,25,1
1771463091.7221806,69_1,69,das_work,4.247120380401611,48258,25,1
1771463091.7280726,71_1,71,das_work,9.012088537216188,48258,25,1
1771463091.731538,70_1,70,das_work,8.266674757003784,48258,25,1
1771463103.676144,68_1,68,das_work,2.5782456398010254,48258,26,1
1771463103.6837428,69_1,69,das_work,5.956972360610962,48258,26,1
1771463103.7253706,71_1,71,das_work,10.135648488998411,48258,26,1
1771463103.728493,70_1,70,das_work,7.224573850631714,48258,26,1
1771463115.6885755,71_1,71,das_work,1.632495641708374,48258,27,1
1771463115.700966,69_1,69,das_work,5.724708080291748,48258,27,1
1771463115.7015738,70_1,70,das_work,5.2522735595703125,48258,27,1
1771463115.7104027,68_1,68,das_work,1.9750056266784668,48258,27,1
1771463127.6819198,68_1,68,das_work,1.7068979740142822,48258,28,1
1771463127.6921017,69_1,69,das_work,2.415898084640503,48258,28,1
1771463127.694311,71_1,71,das_work,9.079703569412231,48258,28,1
1771463127.697422,70_1,70,das_work,1.2862300872802734,48258,28,1
1771463139.6818557,69_1,69,das_work,2.7691211700439453,48258,29,1
1771463139.689432,70_1,70,das_work,4.982193231582642,48258,29,1
1771463139.6935277,68_1,68,das_work,1.2284750938415527,48258,29,1
1771463139.721729,71_1,71,das_work,1.3918159008026123,48258,29,1
1771463151.683247,70_2,70,das_work,4.483131170272827,48258,30,1
1771463151.6844423,71_1,71,das_work,7.292614221572876,48258,30,1
1771463151.6979144,69_1,69,das_work,4.839753866195679,48258,30,1
1771463151.7185826,68_1,68,das_work,6.7351930141448975,48258,30,1
1771463163.678051,68_2,68,das_work,1.7686381340026855,48258,31,1
1771463163.6842816,70_2,70,das_work,4.371839761734009,48258,31,1
1771463163.728355,69_2,69,das_work,3.744781255722046,48258,31,1
1771463163.7291906,71_2,71,das_work,5.283855676651001,48258,31,1
1771463175.677851,71_2,71,das_work,5.804697275161743,48258,32,1
1771463175.6824267,70_2,70,das_work,0.7046644687652588,48258,32,1
1771463175.6841495,69_2,69,das_work,3.192514181137085,48258,32,1
1771463175.7147298,68_2,68,das_work,5.768378257751465,48258,32,1
1771463187.6759613,70_2,70,das_work,9.804919958114624,48258,33,1
1771463187.6840343,71_2,71,das_work,2.256300210952759,48258,33,1
1771463187.686108,68_2,68,das_work,2.934299945831299,48258,33,1
1771463187.706071,69_2,69,das_work,1.401933193206787,48258,33,1
1771463199.692466,71_2,71,das_work,4.565546989440918,48258,34,1
1771463199.6971133,69_2,69,das_work,2.1521337032318115,48258,34,1
1771463199.7005005,70_2,70,das_work,5.873094081878662,48258,34,1
1771463199.7152371,68_2,68,das_work,5.08288836479187,48258,34,1
1771463211.6792097,71_2,71,das_work,2.1578383445739746,48258,35,1
1771463211.6809585,70_2,70,das_work,7.8177490234375,48258,35,1
1771463211.7229493,69_2,69,das_work,7.001549482345581,48258,35,1
1771463211.7273035,68_2,68,das_work,4.986152410507202,48258,35,1
1771463223.671516,69_2,69,das_work,2.81397008895874,48258,36,1
1771463223.6938374,71_2,71,das_work,8.897175788879395,48258,36,1
1771463223.698733,68_2,68,das_work,6.85494065284729,48258,36,1
1771463223.710516,70_2,70,das_work,8.666146278381348,48258,36,1
1771463235.6770546,70_2,70,das_work,1.4773352146148682,48258,37,1
1771463235.6967962,69_2,69,das_work,7.089300870895386,48258,37,1
1771463235.704651,71_2,71,das_work,9.098060846328735,48258,37,1
1771463235.705171,68_2,68,das_work,8.953462362289429,48258,37,1
1771463247.680102,70_2,70,das_work,8.708314657211304,48258,38,1
1771463247.6975818,71_2,71,das_work,3.422183036804199,48258,38,1
1771463247.7041905,69_2,69,das_work,6.862885713577271,48258,38,1
1771463247.7086809,68_2,68,das_work,8.905385255813599,48258,38,1
1771463259.6924658,68_2,68,das_work,3.690230131149292,48258,39,1
1771463259.701276,69_2,69,das_work,1.8170042037963867,48258,39,1
1771463259.7048297,70_2,70,das_work,9.18032932281494,48258,39,1
1771463259.7091067,71_2,71,das_work,5.596674680709839,48258,39,1
1771463271.681857,68_2,68,das_work,1.3876631259918213,48258,40,1
1771463271.690949,69_2,69,das_work,8.95370864868164,48258,40,1
1771463271.7084596,70_3,70,das_work,6.275503396987915,48258,40,1
1771463271.7090726,71_2,71,das_work,9.957752466201782,48258,40,1
1771463283.6598191,68_3,68,das_work,7.246349334716797,48258,41,1
1771463283.692295,71_3,71,das_work,5.33831000328064,48258,41,1
1771463283.6944263,70_3,70,das_work,3.974151372909546,48258,41,1
1771463283.6949122,69_3,69,das_work,3.915379047393799,48258,41,1
1771463295.668933,71_3,71,das_work,3.724691390991211,48258,42,1
1771463295.670549,69_3,69,das_work,4.810264587402344,48258,42,1
1771463295.6725235,68_3,68,das_work,3.746373891830444,48258,42,1
1771463295.7060056,70_3,70,das_work,6.313920259475708,48258,42,1
1771463307.6682615,70_3,70,das_work,0.4325342178344726,48258,43,1
1771463307.689087,69_3,69,das_work,3.0792481899261475,48258,43,1
1771463307.693677,71_3,71,das_work,9.638327836990356,48258,43,1
1771463307.6950016,68_3,68,das_work,4.414623022079468,48258,43,1
1771463319.6685236,70_3,70,das_work,6.563479661941528,48258,44,1
1771463319.6803484,71_3,71,das_work,3.372276544570923,48258,44,1
1771463319.696256,68_3,68,das_work,7.326840400695801,48258,44,1
1771463319.7047591,69_3,69,das_work,5.619539499282837,48258,44,1
1771463331.6765738,69_3,69,das_work,6.75294041633606,48258,45,1
1771463331.702036,70_3,70,das_work,9.012811422348022,48258,45,1
1771463331.714457,71_3,71,das_work,9.200923204421995,48258,45,1
1771463331.7178392,68_3,68,das_work,9.594494581222534,48258,45,1
1771463343.6822655,68_3,68,das_work,8.645703554153442,48258,46,1
1771463343.712578,69_3,69,das_work,0.935649871826172,48258,46,1
1771463343.7151823,71_3,71,das_work,8.185728311538696,48258,46,1
1771463343.7210252,70_3,70,das_work,2.4800751209259038,48258,46,1
1771463355.6748269,71_3,71,das_work,1.8048639297485352,48258,47,1
1771463355.6757205,68_3,68,das_work,3.3415417671203613,48258,47,1
1771463355.6827736,69_3,69,das_work,7.666289329528809,48258,47,1
1771463355.705273,70_3,70,das_work,8.32455587387085,48258,47,1
1771463367.6898084,69_3,69,das_work,7.580207347869873,48258,48,1
1771463367.690392,70_3,70,das_work,7.838299036026001,48258,48,1
1771463367.7119386,68_3,68,das_work,3.176064968109131,48258,48,1
1771463367.716897,71_3,71,das_work,2.5267457962036133,48258,48,1
1771463379.667167,68_3,68,das_work,6.415354013442993,48258,49,1
1771463379.688713,71_3,71,das_work,1.4059526920318604,48258,49,1
1771463379.6913846,69_3,69,das_work,5.984868288040161,48258,49,1
1771463379.715442,70_3,70,das_work,8.351422548294067,48258,49,1
1771463391.6626723,71_3,71,das_work,8.50498914718628,48258,50,1
1771463391.6853456,69_3,69,das_work,7.0400238037109375,48258,50,1
1771463391.6875627,70_4,70,das_work,7.079462051391602,48258,50,1
1771463391.6892743,68_3,68,das_work,7.318721771240234,48258,50,1
1771463403.667102,71_4,71,das_work,1.3080012798309326,48258,51,1
1771463403.676966,69_4,69,das_work,3.247403860092163,48258,51,1
1771463403.6803312,68_4,68,das_work,9.178216695785522,48258,51,1
1771463403.7008443,70_4,70,das_work,5.739734411239624,48258,51,1
1771463415.6798406,68_4,68,das_work,5.563665866851807,48258,52,1
1771463415.683394,71_4,71,das_work,1.5040440559387207,48258,52,1
1771463415.68511,70_4,70,das_work,0.4824137687683105,48258,52,1
1771463415.713969,69_4,69,das_work,8.209862232208252,48258,52,1
1771463427.6699915,70_4,70,das_work,4.380546569824219,48258,53,1
1771463427.6847608,68_4,68,das_work,2.934203147888184,48258,53,1
1771463427.6859393,69_4,69,das_work,9.52915096282959,48258,53,1
1771463427.692973,71_4,71,das_work,1.2031335830688477,48258,53,1
1771463439.697044,68_4,68,das_work,7.234928846359253,48258,54,1
1771463439.701465,71_4,71,das_work,8.515846967697144,48258,54,1
1771463439.7034228,69_4,69,das_work,8.723361492156982,48258,54,1
1771463439.703951,70_4,70,das_work,0.4901149272918701,48258,54,1
1771463451.6945388,70_4,70,das_work,5.1120688915252686,48258,55,1
1771463451.6969326,71_4,71,das_work,7.018117666244507,48258,55,1
1771463451.6974657,68_4,68,das_work,1.055518627166748,48258,55,1
1771463451.7210107,69_4,69,das_work,2.319817543029785,48258,55,1
1771463463.6787906,69_4,69,das_work,1.5889439582824707,48258,56,1
1771463463.6923647,68_4,68,das_work,1.865063428878784,48258,56,1
1771463463.697359,71_4,71,das_work,3.678072929382324,48258,56,1
1771463463.7106438,70_4,70,das_work,5.263373374938965,48258,56,1
1771463475.709163,70_4,70,das_work,1.0720067024230957,48258,57,1
1771463475.711691,68_4,68,das_work,8.052117109298706,48258,57,1
1771463475.713122,71_4,71,das_work,7.9393205642700195,48258,57,1
1771463475.7220638,69_4,69,das_work,3.0425400733947754,48258,57,1
1771463487.653731,68_4,68,das_work,1.6411738395690918,48258,58,1
1771463487.6643884,70_4,70,das_work,8.461416959762573,48258,58,1
1771463487.6652615,69_4,69,das_work,5.203074455261231,48258,58,1
1771463487.6810966,71_4,71,das_work,8.118204832077026,48258,58,1
1771463499.6403062,69_4,69,das_work,7.085533857345581,48258,59,1
1771463499.6591938,71_4,71,das_work,6.370341300964356,48258,59,1
1771463499.6662695,68_4,68,das_work,2.7234044075012207,48258,59,1
1771463499.673053,70_4,70,das_work,8.129911661148071,48258,59,1
1771463511.6455665,69_4,69,das_work,9.608720064163208,48258,60,1
1771463511.6530983,71_4,71,das_work,9.34515118598938,48258,60,1
1771463511.6536102,68_4,68,das_work,4.513770341873169,48258,60,1
1771462923.6309855,75_0,75,das_work,6.923000812530518,48258,11,1
1771462923.6315987,74_0,74,das_work,4.341166257858276,48258,11,1
1771462935.6225593,73_0,73,das_work,9.259953498840332,48258,12,1
1771462935.6300006,74_0,74,das_work,1.397946834564209,48258,12,1
1771462935.6448748,75_0,75,das_work,4.733836650848389,48258,12,1
1771462935.647772,72_0,72,das_work,8.194632530212402,48258,12,1
1771462947.647484,72_0,72,das_work,7.453222036361694,48258,13,1
1771462947.6579204,73_0,73,das_work,4.91513991355896,48258,13,1
1771462947.6712968,74_0,74,das_work,8.414884328842163,48258,13,1
1771462947.6780007,75_0,75,das_work,6.503475904464722,48258,13,1
1771462959.671684,74_0,74,das_work,9.726667881011965,48258,14,1
1771462959.6743352,72_0,72,das_work,4.622166156768799,48258,14,1
1771462959.6794188,73_0,73,das_work,2.4039952754974365,48258,14,1
1771462959.6816812,75_0,75,das_work,8.246926069259644,48258,14,1
1771462971.6807306,74_0,74,das_work,4.475305795669556,48258,15,1
1771462971.692142,72_0,72,das_work,5.931533336639404,48258,15,1
1771462971.7171898,75_0,75,das_work,6.3909008502960205,48258,15,1
1771462971.71971,73_0,73,das_work,2.771509885787964,48258,15,1
1771462983.6871088,75_0,75,das_work,5.733011960983276,48258,16,1
1771462983.6930444,73_0,73,das_work,2.3911561965942383,48258,16,1
1771462983.7045584,72_0,72,das_work,9.394372701644896,48258,16,1
1771462983.7209108,74_0,74,das_work,7.944176435470581,48258,16,1
1771462995.6958776,75_0,75,das_work,7.816993713378906,48258,17,1
1771462995.705983,74_0,74,das_work,0.533444881439209,48258,17,1
1771462995.7066486,73_0,73,das_work,6.310379266738892,48258,17,1
1771462995.7313893,72_0,72,das_work,5.135268211364746,48258,17,1
1771463007.6952727,72_0,72,das_work,0.533444881439209,48258,18,1
1771463007.706337,74_0,74,das_work,9.284753322601318,48258,18,1
1771463007.71698,75_0,75,das_work,5.0098419189453125,48258,18,1
1771463007.720285,73_0,73,das_work,3.2934536933898926,48258,18,1
1771463019.6873438,73_0,73,das_work,2.138526439666748,48258,19,1
1771463019.6911106,72_0,72,das_work,8.146528005599976,48258,19,1
1771463019.697966,74_0,74,das_work,3.890023469924927,48258,19,1
1771463019.7244875,75_0,75,das_work,1.0806901454925537,48258,19,1
1771463031.684249,75_0,75,das_work,8.507254838943481,48258,20,1
1771463031.6865227,72_0,72,das_work,6.87256646156311,48258,20,1
1771463031.6997025,74_0,74,das_work,0.6633920669555664,48258,20,1
1771463031.714397,73_0,73,das_work,3.171128511428833,48258,20,1
1771463043.7045496,72_0,72,das_work,6.551034688949585,48258,21,1
1771463043.7092247,74_1,74,das_work,8.086797714233398,48258,21,1
1771463043.7254453,73_0,73,das_work,2.9980196952819824,48258,21,1
1771463043.728722,75_1,75,das_work,10.129153966903688,48258,21,1
1771463055.6898916,72_1,72,das_work,4.233378648757935,48258,22,1
1771463055.694921,73_1,73,das_work,4.485311508178711,48258,22,1
1771463055.7257688,74_1,74,das_work,8.804616451263428,48258,22,1
1771463055.7331135,75_1,75,das_work,4.406788349151611,48258,22,1
1771463067.6939044,73_1,73,das_work,6.150661468505859,48258,23,1
1771463067.716082,74_1,74,das_work,8.9508535861969,48258,23,1
1771463067.7170937,75_1,75,das_work,8.81080961227417,48258,23,1
1771463067.7237504,72_1,72,das_work,9.206090927124023,48258,23,1
1771463079.6827054,75_1,75,das_work,1.0925168991088867,48258,24,1
1771463079.6841826,74_1,74,das_work,5.409889221191406,48258,24,1
1771463079.6855454,73_1,73,das_work,1.7893989086151123,48258,24,1
1771463079.6991656,72_1,72,das_work,2.5559074878692627,48258,24,1
1771463091.7085614,74_1,74,das_work,5.269079208374023,48258,25,1
1771463091.717153,75_1,75,das_work,4.042588949203491,48258,25,1
1771463091.7330132,73_1,73,das_work,6.579139471054077,48258,25,1
1771463091.7398727,72_1,72,das_work,1.8882858753204343,48258,25,1
1771463103.6789246,74_1,74,das_work,7.881874084472656,48258,26,1
1771463103.6936762,72_1,72,das_work,2.993651866912842,48258,26,1
1771463103.704044,75_1,75,das_work,7.512480497360229,48258,26,1
1771463103.712405,73_1,73,das_work,2.327117919921875,48258,26,1
1771463115.688717,75_1,75,das_work,3.266687154769897,48258,27,1
1771463115.6982048,73_1,73,das_work,8.982910633087158,48258,27,1
1771463115.6997845,72_1,72,das_work,7.070307970046997,48258,27,1
1771463115.7156272,74_1,74,das_work,4.2430946826934814,48258,27,1
1771463127.6990705,74_1,74,das_work,4.749523878097534,48258,28,1
1771463127.7270744,73_1,73,das_work,1.6033742427825928,48258,28,1
1771463127.729963,75_1,75,das_work,8.000268936157227,48258,28,1
1771463127.7328742,72_1,72,das_work,5.785396099090576,48258,28,1
1771463139.6837852,75_1,75,das_work,6.924793720245361,48258,29,1
1771463139.6906366,73_1,73,das_work,4.35088849067688,48258,29,1
1771463139.7211523,74_1,74,das_work,9.033498764038086,48258,29,1
1771463139.723224,72_1,72,das_work,9.455912113189695,48258,29,1
1771463151.6961503,75_1,75,das_work,5.731952428817749,48258,30,1
1771463151.7128866,73_1,73,das_work,2.806780815124512,48258,30,1
1771463151.7172382,72_1,72,das_work,7.438478708267212,48258,30,1
1771463151.7262838,74_1,74,das_work,5.52152419090271,48258,30,1
1771463163.7099607,74_2,74,das_work,4.315341949462891,48258,31,1
1771463163.7136548,72_1,72,das_work,1.5647902488708496,48258,31,1
1771463163.7192297,73_1,73,das_work,4.548903703689575,48258,31,1
1771463163.720034,75_2,75,das_work,6.007197141647339,48258,31,1
1771463175.7085557,72_2,72,das_work,1.7801973819732666,48258,32,1
1771463175.7177007,75_2,75,das_work,8.409023523330688,48258,32,1
1771463175.722811,74_2,74,das_work,3.0447885990142822,48258,32,1
1771463175.726982,73_2,73,das_work,0.8183310031890869,48258,32,1
1771463187.6889365,75_2,75,das_work,4.337719678878784,48258,33,1
1771463187.6904373,72_2,72,das_work,7.499556064605713,48258,33,1
1771463187.6936471,74_2,74,das_work,8.532478332519531,48258,33,1
1771463187.6976118,73_2,73,das_work,2.0793514251708984,48258,33,1
1771463199.7051146,72_2,72,das_work,9.673739433288574,48258,34,1
1771463199.7134955,75_2,75,das_work,6.690536975860596,48258,34,1
1771463199.716786,74_2,74,das_work,3.83444881439209,48258,34,1
1771463199.7248862,73_2,73,das_work,7.255550146102905,48258,34,1
1771463211.680056,74_2,74,das_work,3.570850610733032,48258,35,1
1771463211.6943347,75_2,75,das_work,5.008855819702148,48258,35,1
1771463211.7219875,72_2,72,das_work,1.9801058769226076,48258,35,1
1771463211.7269683,73_2,73,das_work,6.102596044540405,48258,35,1
1771463223.679741,73_2,73,das_work,9.67950963973999,48258,36,1
1771463223.688481,74_2,74,das_work,5.738584280014038,48258,36,1
1771463223.6911204,72_2,72,das_work,5.841820478439331,48258,36,1
1771463223.709824,75_2,75,das_work,9.17018699645996,48258,36,1
1771463235.6829174,74_2,74,das_work,6.292932987213135,48258,37,1
1771463235.685613,75_2,75,das_work,1.5216178894042969,48258,37,1
1771463235.6878684,73_2,73,das_work,8.85926604270935,48258,37,1
1771463235.7256842,72_2,72,das_work,2.620877504348755,48258,37,1
1771463247.6894915,72_2,72,das_work,3.917638778686523,48258,38,1
1771463247.7166717,73_2,73,das_work,8.942997217178345,48258,38,1
1771463247.7181077,75_2,75,das_work,1.6425199508666992,48258,38,1
1771463247.7218862,74_2,74,das_work,4.323055982589722,48258,38,1
1771463259.6691048,72_2,72,das_work,6.964935064315796,48258,39,1
1771463259.6780713,74_2,74,das_work,7.279024124145508,48258,39,1
1771463259.6829464,75_2,75,das_work,2.435353755950928,48258,39,1
1771463259.707997,73_2,73,das_work,2.6624345779418945,48258,39,1
1771463271.6906438,73_2,73,das_work,9.12336564064026,48258,40,1
1771463271.6945655,75_2,75,das_work,0.2791664600372314,48258,40,1
1771463271.705392,72_2,72,das_work,7.841348171234131,48258,40,1
1771463271.7120438,74_2,74,das_work,2.5661182403564453,48258,40,1
1771463283.6682026,73_2,73,das_work,4.578845977783203,48258,41,1
1771463283.6711166,72_2,72,das_work,6.001605987548828,48258,41,1
1771463283.678372,74_3,74,das_work,2.9488637447357178,48258,41,1
1771463283.6882973,75_3,75,das_work,1.8931782245635984,48258,41,1
1771463295.6676872,73_3,73,das_work,3.796376466751098,48258,42,1
1771463295.6802433,74_3,74,das_work,9.0653817653656,48258,42,1
1771463295.687065,75_3,75,das_work,3.1372973918914795,48258,42,1
1771463295.710933,72_3,72,das_work,2.2297680377960205,48258,42,1
1771463307.6689744,74_3,74,das_work,9.519313097000122,48258,43,1
1771463307.688495,73_3,73,das_work,6.925276756286621,48258,43,1
1771463307.6915026,72_3,72,das_work,3.2188880443573,48258,43,1
1771463307.6931038,75_3,75,das_work,7.746018886566162,48258,43,1
1771463319.668346,73_3,73,das_work,3.356552600860596,48258,44,1
1771463319.6730783,72_3,72,das_work,1.4600543975830078,48258,44,1
1771463319.6737654,74_3,74,das_work,3.723263502120972,48258,44,1
1771463319.7027602,75_3,75,das_work,4.804267168045044,48258,44,1
1771463331.6813848,74_3,74,das_work,6.320667505264282,48258,45,1
1771463331.7043228,72_3,72,das_work,5.572798728942871,48258,45,1
1771463331.716356,73_3,73,das_work,5.125509023666382,48258,45,1
1771463331.7286954,75_3,75,das_work,8.257092952728271,48258,45,1
1771463343.688965,74_3,74,das_work,1.613572597503662,48258,46,1
1771463343.6958275,72_3,72,das_work,2.1933720111846924,48258,46,1
1771463343.7147758,73_3,73,das_work,6.8194122314453125,48258,46,1
1771463343.7224712,75_3,75,das_work,7.006329298019409,48258,46,1
1771463355.6790998,72_3,72,das_work,3.132099866867065,48258,47,1
1771463355.6809647,75_3,75,das_work,1.3985514640808103,48258,47,1
1771463355.6948802,73_3,73,das_work,4.265697479248047,48258,47,1
1771463355.7057512,74_3,74,das_work,7.857401371002197,48258,47,1
1771463367.6938443,74_3,74,das_work,5.522014141082764,48258,48,1
1771463367.699166,75_3,75,das_work,7.458712577819824,48258,48,1
1771463367.7001166,73_3,73,das_work,7.600234270095825,48258,48,1
1771463367.725153,72_3,72,das_work,4.587594270706177,48258,48,1
1771463379.6685283,75_3,75,das_work,8.273202180862427,48258,49,1
1771463379.6691828,72_3,72,das_work,8.791566848754883,48258,49,1
1771463379.686847,74_3,74,das_work,7.889415740966797,48258,49,1
1771463379.705915,73_3,73,das_work,1.121588945388794,48258,49,1
1771463391.666592,75_3,75,das_work,1.4425287246704102,48258,50,1
1771463391.672948,72_3,72,das_work,9.50254249572754,48258,50,1
1771463391.6766405,74_3,74,das_work,9.016949892044067,48258,50,1
1771463391.6771452,73_3,73,das_work,4.283289909362793,48258,50,1
1771463403.6674333,74_4,74,das_work,8.233690023422241,48258,51,1
1771463403.675864,73_3,73,das_work,2.234015464782715,48258,51,1
1771463403.68515,72_3,72,das_work,5.71444845199585,48258,51,1
1771463403.7122166,75_4,75,das_work,2.1150147914886475,48258,51,1
1771463415.671268,72_4,72,das_work,0.3020193576812744,48258,52,1
1771463415.691101,73_4,73,das_work,2.0282111167907715,48258,52,1
1771463415.6949365,74_4,74,das_work,8.053515911102295,48258,52,1
1771463415.7188802,75_4,75,das_work,6.062928915023804,48258,52,1
1771463427.6679375,72_4,72,das_work,9.564236879348757,48258,53,1
1771463427.6757088,74_4,74,das_work,5.345896720886231,48258,53,1
1771463427.680016,73_4,73,das_work,9.110055923461914,48258,53,1
1771463427.7070813,75_4,75,das_work,5.993376016616821,48258,53,1
1771463439.6860082,75_4,75,das_work,5.493133068084717,48258,54,1
1771463439.6949885,73_4,73,das_work,4.23041844367981,48258,54,1
1771463439.698913,72_4,72,das_work,2.721937894821167,48258,54,1
1771463439.6995308,74_4,74,das_work,7.5015740394592285,48258,54,1
1771463451.682094,74_4,74,das_work,7.930901288986206,48258,55,1
1771463451.6857054,73_4,73,das_work,1.6364991664886477,48258,55,1
1771463451.7145078,75_4,75,das_work,2.6483912467956543,48258,55,1
1771463451.717026,72_4,72,das_work,1.4093151092529297,48258,55,1
1771463463.6921036,74_4,74,das_work,4.882145881652832,48258,56,1
1771463463.6945317,73_4,73,das_work,2.809866189956665,48258,56,1
1771463463.6964695,75_4,75,das_work,8.575946569442749,48258,56,1
1771463463.7020535,72_4,72,das_work,6.365701913833618,48258,56,1
1771463475.690774,74_4,74,das_work,1.2056560516357422,48258,57,1
1771463475.701624,75_4,75,das_work,9.02469539642334,48258,57,1
1771463475.702376,73_4,73,das_work,2.372863292694092,48258,57,1
1771463475.7052042,72_4,72,das_work,3.308090925216675,48258,57,1
1771463487.6531804,74_4,74,das_work,3.081108331680298,48258,58,1
1771463487.6556287,73_4,73,das_work,5.0967631340026855,48258,58,1
1771463487.6849935,72_4,72,das_work,4.782868146896362,48258,58,1
1771463487.685636,75_4,75,das_work,2.637186288833618,48258,58,1
1771463499.6353648,75_4,75,das_work,6.660553932189941,48258,59,1
1771463499.6496613,73_4,73,das_work,3.65427827835083,48258,59,1
1771463499.6576996,72_4,72,das_work,3.735337257385254,48258,59,1
1771463499.6589153,74_4,74,das_work,8.526256322860718,48258,59,1
1771463511.6223812,75_4,75,das_work,0.9963858127593994,48258,60,1
1771463511.6238558,74_4,74,das_work,2.9482638835906982,48258,60,1
1771463511.6266255,73_4,73,das_work,4.48742413520813,48258,60,1
1771463511.6306317,72_4,72,das_work,3.636874675750733,48258,60,1
1771463523.6042747,72_4,72,das_work,2.403940200805664,48258,61,1
1771463523.631166,73_4,73,das_work,6.887572526931763,48258,61,1
1771462923.6251929,79_0,79,das_work,4.090167284011841,48258,11,1
1771462923.6371129,77_0,77,das_work,8.945284128189087,48258,11,1
1771462923.6381316,78_0,78,das_work,0.9776496887207032,48258,11,1
1771462923.6386836,76_0,76,das_work,7.270180225372314,48258,11,1
1771462935.6212313,79_0,79,das_work,7.237695217132568,48258,12,1
1771462935.6436388,78_0,78,das_work,5.961606740951538,48258,12,1
1771462935.6476777,77_0,77,das_work,1.6711375713348389,48258,12,1
1771462935.6575048,76_0,76,das_work,7.487866640090942,48258,12,1
1771462947.6410215,78_0,78,das_work,7.498367071151733,48258,13,1
1771462947.641877,77_0,77,das_work,1.2736074924468994,48258,13,1
1771462947.653684,79_0,79,das_work,6.034954786300659,48258,13,1
1771462947.666129,76_0,76,das_work,2.7997748851776123,48258,13,1
1771462959.6634717,77_0,77,das_work,2.288271188735962,48258,14,1
1771462959.670583,79_0,79,das_work,3.723855018615722,48258,14,1
1771462959.6724176,76_0,76,das_work,3.225090980529785,48258,14,1
1771462959.6736262,78_0,78,das_work,8.234180688858032,48258,14,1
1771462971.677594,79_0,79,das_work,8.965139627456665,48258,15,1
1771462971.688132,76_0,76,das_work,8.589524030685425,48258,15,1
1771462971.6934075,78_0,78,das_work,2.610769748687744,48258,15,1
1771462971.7248344,77_0,77,das_work,5.481405019760132,48258,15,1
1771462983.680229,79_0,79,das_work,3.950350284576416,48258,16,1
1771462983.6824772,76_0,76,das_work,7.24155855178833,48258,16,1
1771462983.6873617,77_0,77,das_work,0.7183587551116943,48258,16,1
1771462983.7256224,78_0,78,das_work,2.9535961151123047,48258,16,1
1771462995.7117212,78_0,78,das_work,3.003831386566162,48258,17,1
1771462995.7135596,76_0,76,das_work,6.804280281066895,48258,17,1
1771462995.7232945,79_0,79,das_work,6.335616827011108,48258,17,1
1771462995.7356946,77_0,77,das_work,9.331563234329224,48258,17,1
1771463007.696118,78_0,78,das_work,8.898200750350952,48258,18,1
1771463007.6966076,79_0,79,das_work,2.103964328765869,48258,18,1
1771463007.7299533,76_0,76,das_work,7.786009788513184,48258,18,1
1771463007.735458,77_0,77,das_work,1.1556062698364258,48258,18,1
1771463019.6952543,79_0,79,das_work,9.111976861953735,48258,19,1
1771463019.700842,77_0,77,das_work,5.100760459899902,48258,19,1
1771463019.701436,76_0,76,das_work,3.607794761657715,48258,19,1
1771463019.704466,78_0,78,das_work,6.471323251724243,48258,19,1
1771463031.6908383,78_0,78,das_work,6.366776943206787,48258,20,1
1771463031.691409,77_0,77,das_work,8.234402418136597,48258,20,1
1771463031.6983612,79_0,79,das_work,4.554194211959839,48258,20,1
1771463031.7062476,76_0,76,das_work,4.170893669128418,48258,20,1
1771463043.6840637,77_1,77,das_work,5.4350361824035645,48258,21,1
1771463043.6868858,79_1,79,das_work,3.593339443206787,48258,21,1
1771463043.7054107,78_1,78,das_work,5.654986619949341,48258,21,1
1771463043.7293606,76_1,76,das_work,4.007490158081055,48258,21,1
1771463055.6989405,78_1,78,das_work,0.4594924449920654,48258,22,1
1771463055.7053957,76_1,76,das_work,0.4364516735076904,48258,22,1
1771463055.7108743,77_1,77,das_work,9.829576969146729,48258,22,1
1771463055.7330115,79_1,79,das_work,7.8656840324401855,48258,22,1
1771463067.6777923,77_1,77,das_work,1.70916748046875,48258,23,1
1771463067.6819427,78_1,78,das_work,5.183156728744507,48258,23,1
1771463067.7113974,76_1,76,das_work,8.537569046020508,48258,23,1
1771463067.7179642,79_1,79,das_work,1.523595094680786,48258,23,1
1771463079.681592,79_1,79,das_work,9.00914430618286,48258,24,1
1771463079.713648,78_1,78,das_work,6.278010845184326,48258,24,1
1771463079.7172265,77_1,77,das_work,3.627455234527588,48258,24,1
1771463079.7212834,76_1,76,das_work,8.0656898021698,48258,24,1
1771463091.6986835,78_1,78,das_work,4.987748861312866,48258,25,1
1771463091.7006674,79_1,79,das_work,7.367631673812866,48258,25,1
1771463091.7079198,76_1,76,das_work,6.813031435012817,48258,25,1
1771463091.7350905,77_1,77,das_work,8.66799283027649,48258,25,1
1771463103.6871352,77_1,77,das_work,8.998692274093628,48258,26,1
1771463103.6920035,78_1,78,das_work,8.333607912063599,48258,26,1
1771463103.7218058,76_1,76,das_work,0.5818202495574951,48258,26,1
1771463103.728155,79_1,79,das_work,9.108590602874756,48258,26,1
1771463115.691373,79_1,79,das_work,7.865657091140747,48258,27,1
1771463115.7050457,76_1,76,das_work,2.84161639213562,48258,27,1
1771463115.709303,77_1,77,das_work,7.741031646728516,48258,27,1
1771463115.717654,78_1,78,das_work,9.68120288848877,48258,27,1
1771463127.690902,77_1,77,das_work,6.09788703918457,48258,28,1
1771463127.6934488,76_1,76,das_work,6.071050405502319,48258,28,1
1771463127.6940858,78_1,78,das_work,5.829840421676636,48258,28,1
1771463127.731024,79_1,79,das_work,2.494914293289185,48258,28,1
1771463139.6961956,77_1,77,das_work,10.421250343322754,48258,29,1
1771463139.699577,76_1,76,das_work,4.283348798751831,48258,29,1
1771463139.7044687,79_1,79,das_work,7.868961572647095,48258,29,1
1771463139.7156613,78_1,78,das_work,2.19370436668396,48258,29,1
1771463151.681873,79_1,79,das_work,7.944453001022339,48258,30,1
1771463151.7081256,76_1,76,das_work,8.401340246200562,48258,30,1
1771463151.7180405,78_1,78,das_work,5.801809549331665,48258,30,1
1771463151.721478,77_1,77,das_work,8.282692432403564,48258,30,1
1771463163.6951509,78_2,78,das_work,1.9508135318756104,48258,31,1
1771463163.6971722,79_2,79,das_work,2.666182041168213,48258,31,1
1771463163.7006247,77_2,77,das_work,1.9323501586914065,48258,31,1
1771463163.708923,76_2,76,das_work,3.24088191986084,48258,31,1
1771463175.6907554,79_2,79,das_work,8.598253011703491,48258,32,1
1771463175.7032635,77_2,77,das_work,2.6699624061584477,48258,32,1
1771463175.7058785,78_2,78,das_work,6.484161376953125,48258,32,1
1771463175.7142746,76_2,76,das_work,4.869984149932861,48258,32,1
1771463187.6659987,76_2,76,das_work,7.412248611450195,48258,33,1
1771463187.685572,77_2,77,das_work,2.425624132156372,48258,33,1
1771463187.699887,79_2,79,das_work,8.097616195678711,48258,33,1
1771463187.712317,78_2,78,das_work,7.334407329559326,48258,33,1
1771463199.705994,78_2,78,das_work,7.59925389289856,48258,34,1
1771463199.7082767,77_2,77,das_work,9.190515518188477,48258,34,1
1771463199.7251806,76_2,76,das_work,6.295614004135132,48258,34,1
1771463199.7349176,79_2,79,das_work,7.547294616699219,48258,34,1
1771463211.6822865,78_2,78,das_work,2.0830962657928467,48258,35,1
1771463211.682895,77_2,77,das_work,6.965075254440308,48258,35,1
1771463211.7110298,76_2,76,das_work,2.272159576416016,48258,35,1
1771463211.7290895,79_2,79,das_work,2.178924322128296,48258,35,1
1771463223.6660953,76_2,76,das_work,5.196134328842163,48258,36,1
1771463223.683213,78_2,78,das_work,6.875621795654297,48258,36,1
1771463223.694915,77_2,77,das_work,6.834257125854492,48258,36,1
1771463223.7122989,79_2,79,das_work,4.772526502609253,48258,36,1
1771463235.6719315,76_2,76,das_work,5.389125347137451,48258,37,1
1771463235.6988754,77_2,77,das_work,7.810574293136597,48258,37,1
1771463235.7011216,79_2,79,das_work,4.856693506240845,48258,37,1
1771463235.71276,78_2,78,das_work,0.8273491859436035,48258,37,1
1771463247.6739914,78_2,78,das_work,1.0118238925933838,48258,38,1
1771463247.7027037,79_2,79,das_work,5.746811866760254,48258,38,1
1771463247.7081876,77_2,77,das_work,6.4389808177948,48258,38,1
1771463247.7229986,76_2,76,das_work,7.150574445724487,48258,38,1
1771463259.6833832,76_2,76,das_work,9.128851175308228,48258,39,1
1771463259.688517,78_2,78,das_work,1.6969094276428225,48258,39,1
1771463259.6983323,79_2,79,das_work,3.51025938987732,48258,39,1
1771463259.7002273,77_2,77,das_work,2.337873935699463,48258,39,1
1771463271.6681342,76_2,76,das_work,7.832681894302368,48258,40,1
1771463271.6709957,78_2,78,das_work,6.783063650131226,48258,40,1
1771463271.675249,79_2,79,das_work,0.7401745319366455,48258,40,1
1771463271.677251,77_2,77,das_work,4.179136037826538,48258,40,1
1771463283.66433,79_3,79,das_work,3.563860893249512,48258,41,1
1771463283.6683133,77_3,77,das_work,4.406978130340576,48258,41,1
1771463283.677456,76_3,76,das_work,5.639757394790649,48258,41,1
1771463283.6911306,78_3,78,das_work,1.680366039276123,48258,41,1
1771463295.666942,77_3,77,das_work,8.048327445983887,48258,42,1
1771463295.6860654,78_3,78,das_work,3.6575214862823486,48258,42,1
1771463295.7034943,76_3,76,das_work,1.5205700397491455,48258,42,1
1771463295.7155488,79_3,79,das_work,3.0452020168304443,48258,42,1
1771463307.6681013,78_3,78,das_work,2.410477638244629,48258,43,1
1771463307.6768131,76_3,76,das_work,7.605572462081909,48258,43,1
1771463307.6902711,79_3,79,das_work,8.326207160949707,48258,43,1
1771463307.6986651,77_3,77,das_work,5.294638156890869,48258,43,1
1771463319.669137,78_3,78,das_work,4.603783845901489,48258,44,1
1771463319.6853888,77_3,77,das_work,7.774929761886597,48258,44,1
1771463319.7018497,79_3,79,das_work,8.446851253509521,48258,44,1
1771463319.706032,76_3,76,das_work,3.598555326461792,48258,44,1
1771463331.6753416,78_3,78,das_work,6.403972387313843,48258,45,1
1771463331.6825016,76_3,76,das_work,2.529635429382324,48258,45,1
1771463331.7073052,77_3,77,das_work,4.478837490081787,48258,45,1
1771463331.7281134,79_3,79,das_work,2.8498146533966064,48258,45,1
1771463343.6758766,79_3,79,das_work,9.666995525360107,48258,46,1
1771463343.6803825,76_3,76,das_work,6.994558572769165,48258,46,1
1771463343.716941,77_3,77,das_work,4.115665674209595,48258,46,1
1771463343.7230644,78_3,78,das_work,5.867422580718994,48258,46,1
1771463355.6778998,78_3,78,das_work,1.611560344696045,48258,47,1
1771463355.7000878,79_3,79,das_work,8.333415508270264,48258,47,1
1771463355.7041411,77_3,77,das_work,4.560011386871338,48258,47,1
1771463355.716728,76_3,76,das_work,5.396301507949829,48258,47,1
1771463367.704381,79_3,79,das_work,3.7779712677001953,48258,48,1
1771463367.7117584,76_3,76,das_work,8.964513778686523,48258,48,1
1771463367.7144425,78_3,78,das_work,5.419476509094238,48258,48,1
1771463367.7296493,77_3,77,das_work,2.021536350250244,48258,48,1
1771463379.6673603,76_3,76,das_work,6.691639184951782,48258,49,1
1771463379.6852658,78_3,78,das_work,1.6136391162872314,48258,49,1
1771463379.696948,77_3,77,das_work,6.357436418533325,48258,49,1
1771463379.7063203,79_3,79,das_work,9.149470329284668,48258,49,1
1771463391.667415,77_3,77,das_work,8.69272518157959,48258,50,1
1771463391.671009,76_3,76,das_work,1.7752635478973389,48258,50,1
1771463391.6790233,79_3,79,das_work,2.872661828994751,48258,50,1
1771463391.6795478,78_3,78,das_work,10.015721321105955,48258,50,1
1771463403.672159,79_4,79,das_work,0.8681759834289551,48258,51,1
1771463403.68075,77_4,77,das_work,1.1820430755615234,48258,51,1
1771463403.687155,76_4,76,das_work,3.3107051849365234,48258,51,1
1771463403.709471,78_4,78,das_work,7.817328453063965,48258,51,1
1771463415.6820874,76_4,76,das_work,1.171969652175903,48258,52,1
1771463415.6866395,78_4,78,das_work,5.603874921798706,48258,52,1
1771463415.7073882,79_4,79,das_work,0.5269627571105957,48258,52,1
1771463415.714422,77_4,77,das_work,5.384135723114014,48258,52,1
1771463427.673267,78_4,78,das_work,3.053627252578736,48258,53,1
1771463427.6920123,77_4,77,das_work,7.707940578460693,48258,53,1
1771463427.7017276,79_4,79,das_work,4.393452405929565,48258,53,1
1771463427.7158787,76_4,76,das_work,9.773919820785522,48258,53,1
1771463439.680795,79_4,79,das_work,9.073753356933594,48258,54,1
1771463439.6871612,77_4,77,das_work,8.78049635887146,48258,54,1
1771463439.7059717,76_4,76,das_work,3.7448017597198486,48258,54,1
1771463439.7065585,78_4,78,das_work,5.844111442565918,48258,54,1
1771463451.6709063,77_4,77,das_work,2.989532232284546,48258,55,1
1771463451.689853,79_4,79,das_work,1.8422048091888428,48258,55,1
1771463451.7072382,78_4,78,das_work,0.3276538848876953,48258,55,1
1771463451.7184503,76_4,76,das_work,4.063624620437622,48258,55,1
1771463463.6688097,78_4,78,das_work,1.8839375972747805,48258,56,1
1771463463.679643,79_4,79,das_work,1.9130263328552248,48258,56,1
1771463463.6958263,77_4,77,das_work,6.233447313308716,48258,56,1
1771463463.6966202,76_4,76,das_work,1.028982639312744,48258,56,1
1771463475.6720684,79_4,79,das_work,5.167333364486694,48258,57,1
1771463475.688709,76_4,76,das_work,1.8163516521453855,48258,57,1
1771463475.6935532,77_4,77,das_work,5.471268892288208,48258,57,1
1771463475.7159288,78_4,78,das_work,9.462169647216797,48258,57,1
1771463487.6723697,78_4,78,das_work,7.045576333999634,48258,58,1
1771463487.6738186,79_4,79,das_work,6.2150702476501465,48258,58,1
1771463487.6775124,77_4,77,das_work,4.762874841690064,48258,58,1
1771463487.6874776,76_4,76,das_work,9.976056814193726,48258,58,1
1771463499.6514585,79_4,79,das_work,8.31701922416687,48258,59,1
1771463499.656623,78_4,78,das_work,7.157358169555664,48258,59,1
1771463499.6702151,77_4,77,das_work,8.570825576782227,48258,59,1
1771463499.6717222,76_4,76,das_work,5.695878267288208,48258,59,1
1771463511.6190653,79_4,79,das_work,6.646850347518921,48258,60,1
1771463511.6286805,78_4,78,das_work,8.246896266937256,48258,60,1
1771463511.634817,77_4,77,das_work,3.6629679203033447,48258,60,1
1771463511.641093,76_4,76,das_work,4.489128828048706,48258,60,1
1771462887.6047046,5_0,5,das_work,11.799341201782228,48258,8,1
1771462887.6303957,6_0,6,das_work,6.57793664932251,48258,8,1
1771462887.649248,4_0,4,das_work,6.159478187561035,48258,8,1
1771462899.5882998,7_0,7,das_work,11.072615146636965,48258,9,1
1771462899.6316547,5_0,5,das_work,1.36287260055542,48258,9,1
1771462899.6422236,4_0,4,das_work,8.52634882926941,48258,9,1
1771462899.6427689,6_0,6,das_work,3.09570837020874,48258,9,1
1771462911.6243792,6_0,6,das_work,2.6370959281921387,48258,10,1
1771462911.6260028,5_0,5,das_work,5.5068864822387695,48258,10,1
1771462911.626261,4_0,4,das_work,2.041903018951416,48258,10,1
1771462911.6264906,7_0,7,das_work,7.665137052536011,48258,10,1
1771462923.621199,4_0,4,das_work,4.651244640350342,48258,11,1
1771462923.631352,7_0,7,das_work,5.58935546875,48258,11,1
1771462923.634101,6_0,6,das_work,7.398361921310425,48258,11,1
1771462923.652127,5_0,5,das_work,7.690351247787476,48258,11,1
1771462935.6277003,4_0,4,das_work,0.8853099346160889,48258,12,1
1771462935.641806,5_0,5,das_work,2.51359486579895,48258,12,1
1771462935.6441042,7_0,7,das_work,7.096854209899902,48258,12,1
1771462935.6597493,6_0,6,das_work,2.3815720081329346,48258,12,1
1771462947.6490695,5_0,5,das_work,4.960754632949829,48258,13,1
1771462947.6538272,6_0,6,das_work,1.6930906772613523,48258,13,1
1771462947.6552553,7_0,7,das_work,5.432761907577515,48258,13,1
1771462947.6557715,4_0,4,das_work,4.1340086460113525,48258,13,1
1771462959.6606262,5_0,5,das_work,7.135552644729614,48258,14,1
1771462959.6648798,4_0,4,das_work,3.6981310844421382,48258,14,1
1771462959.6666343,7_0,7,das_work,3.051265239715576,48258,14,1
1771462959.6709845,6_0,6,das_work,5.193873882293701,48258,14,1
1771462971.6911702,6_0,6,das_work,1.5943071842193604,48258,15,1
1771462971.7052684,5_0,5,das_work,10.463613986968994,48258,15,1
1771462971.7152956,4_0,4,das_work,9.0894455909729,48258,15,1
1771462971.7172613,7_0,7,das_work,1.2837927341461182,48258,15,1
1771462983.677603,7_0,7,das_work,7.834339141845703,48258,16,1
1771462983.6907392,5_0,5,das_work,7.475044965744018,48258,16,1
1771462983.6950362,4_0,4,das_work,3.3782827854156494,48258,16,1
1771462983.710087,6_0,6,das_work,5.675979137420654,48258,16,1
1771462995.6946435,4_0,4,das_work,3.9841692447662354,48258,17,1
1771462995.711124,5_0,5,das_work,1.884059190750122,48258,17,1
1771462995.7118633,7_0,7,das_work,2.67153263092041,48258,17,1
1771462995.735571,6_0,6,das_work,4.806056022644043,48258,17,1
1771463007.69063,4_1,4,das_work,3.007619619369507,48258,18,1
1771463007.7146957,7_0,7,das_work,5.524683237075806,48258,18,1
1771463007.7161372,5_1,5,das_work,3.9406895637512207,48258,18,1
1771463007.7273405,6_1,6,das_work,6.748783349990845,48258,18,1
1771463019.6849146,4_1,4,das_work,1.0228111743927002,48258,19,1
1771463019.7093458,7_1,7,das_work,1.9312117099761963,48258,19,1
1771463019.7166264,6_1,6,das_work,3.227842330932617,48258,19,1
1771463019.721398,5_1,5,das_work,1.4404289722442627,48258,19,1
1771463031.692277,4_1,4,das_work,1.4604923725128174,48258,20,1
1771463031.6934166,5_1,5,das_work,8.74927282333374,48258,20,1
1771463031.697913,6_1,6,das_work,8.510939598083496,48258,20,1
1771463031.7168982,7_1,7,das_work,5.231726169586182,48258,20,1
1771463043.6926618,4_1,4,das_work,6.181992292404175,48258,21,1
1771463043.703372,6_1,6,das_work,4.53774881362915,48258,21,1
1771463043.706426,7_1,7,das_work,8.3200364112854,48258,21,1
1771463043.7183468,5_1,5,das_work,7.848094701766968,48258,21,1
1771463055.70502,7_1,7,das_work,8.800790786743164,48258,22,1
1771463055.7139428,6_1,6,das_work,9.748297929763794,48258,22,1
1771463055.7187417,4_1,4,das_work,6.771633148193359,48258,22,1
1771463055.7326071,5_1,5,das_work,1.5416367053985596,48258,22,1
1771463067.6866505,7_1,7,das_work,7.133608818054199,48258,23,1
1771463067.6970122,5_1,5,das_work,3.7226946353912354,48258,23,1
1771463067.7140722,6_1,6,das_work,6.672571897506714,48258,23,1
1771463067.7178516,4_1,4,das_work,6.522563457489014,48258,23,1
1771463079.7041535,4_1,4,das_work,1.7678732872009275,48258,24,1
1771463079.7080884,7_1,7,das_work,8.505841970443726,48258,24,1
1771463079.7141702,5_1,5,das_work,3.121080160140991,48258,24,1
1771463079.715938,6_1,6,das_work,8.488924980163574,48258,24,1
1771463091.7043238,5_1,5,das_work,2.3053081035614014,48258,25,1
1771463091.721095,7_1,7,das_work,6.067138671875,48258,25,1
1771463091.721755,4_1,4,das_work,4.888280153274536,48258,25,1
1771463091.7361984,6_1,6,das_work,1.58288311958313,48258,25,1
1771463103.6845393,5_1,5,das_work,4.363306045532227,48258,26,1
1771463103.698867,7_1,7,das_work,6.464519739151001,48258,26,1
1771463103.7032433,4_1,4,das_work,3.471906900405884,48258,26,1
1771463103.7152157,6_1,6,das_work,3.905543088912964,48258,26,1
1771463115.6822188,4_1,4,das_work,5.329332590103149,48258,27,1
1771463115.7245784,5_1,5,das_work,7.156312704086304,48258,27,1
1771463115.725108,6_1,6,das_work,3.892577171325684,48258,27,1
1771463115.7321775,7_1,7,das_work,0.9065039157867432,48258,27,1
1771463127.6875162,6_2,6,das_work,6.512178182601929,48258,28,1
1771463127.71914,7_1,7,das_work,2.5219814777374268,48258,28,1
1771463127.7262464,4_2,4,das_work,2.543353319168091,48258,28,1
1771463127.7318118,5_2,5,das_work,2.41523814201355,48258,28,1
1771463139.6808596,7_2,7,das_work,8.888131380081177,48258,29,1
1771463139.702562,4_2,4,das_work,0.4764924049377441,48258,29,1
1771463139.7186167,5_2,5,das_work,6.521003484725952,48258,29,1
1771463139.7192338,6_2,6,das_work,9.13638424873352,48258,29,1
1771463151.6884365,7_2,7,das_work,6.04078221321106,48258,30,1
1771463151.6898785,4_2,4,das_work,3.7463459968566895,48258,30,1
1771463151.6990936,6_2,6,das_work,2.1440203189849854,48258,30,1
1771463151.7309496,5_2,5,das_work,9.647952556610107,48258,30,1
1771463163.6859949,4_2,4,das_work,6.610564947128296,48258,31,1
1771463163.692974,7_2,7,das_work,9.292585611343384,48258,31,1
1771463163.701537,6_2,6,das_work,7.549453735351562,48258,31,1
1771463163.7206428,5_2,5,das_work,1.0721468925476074,48258,31,1
1771463175.6835694,6_2,6,das_work,4.213956594467163,48258,32,1
1771463175.700406,4_2,4,das_work,1.441215991973877,48258,32,1
1771463175.7223997,5_2,5,das_work,4.569544792175293,48258,32,1
1771463175.7268045,7_2,7,das_work,2.6659693717956543,48258,32,1
1771463187.665866,4_2,4,das_work,1.6090795993804932,48258,33,1
1771463187.6732397,6_2,6,das_work,7.979192495346069,48258,33,1
1771463187.6821148,5_2,5,das_work,1.4192051887512207,48258,33,1
1771463187.7005043,7_2,7,das_work,8.574711322784424,48258,33,1
1771463199.6853535,7_2,7,das_work,6.075671434402466,48258,34,1
1771463199.701278,5_2,5,das_work,5.304163217544556,48258,34,1
1771463199.7022872,4_2,4,das_work,7.392337799072266,48258,34,1
1771463199.7203674,6_2,6,das_work,7.232339143753052,48258,34,1
1771463211.6854188,7_2,7,das_work,2.0983433723449707,48258,35,1
1771463211.6947834,6_2,6,das_work,5.86674952507019,48258,35,1
1771463211.6991043,4_2,4,das_work,6.2286882400512695,48258,35,1
1771463211.7212925,5_2,5,das_work,1.873095989227295,48258,35,1
1771463223.6743047,6_2,6,das_work,5.054832458496094,48258,36,1
1771463223.6811118,7_2,7,das_work,8.079678297042847,48258,36,1
1771463223.6862123,4_2,4,das_work,7.030370235443115,48258,36,1
1771463223.6978376,5_2,5,das_work,6.0897910594940186,48258,36,1
1771463235.675253,5_2,5,das_work,3.637598991394043,48258,37,1
1771463235.692347,4_2,4,das_work,4.240813255310059,48258,37,1
1771463235.714721,7_2,7,das_work,5.204686641693115,48258,37,1
1771463235.7159345,6_2,6,das_work,8.08387279510498,48258,37,1
1771463247.6686635,4_3,4,das_work,8.87541151046753,48258,38,1
1771463247.6810875,6_3,6,das_work,2.9545440673828125,48258,38,1
1771463247.685304,5_3,5,das_work,4.021776914596558,48258,38,1
1771463247.6969912,7_2,7,das_work,2.00470232963562,48258,38,1
1771463259.6657054,5_3,5,das_work,4.004859209060669,48258,39,1
1771463259.6665742,4_3,4,das_work,6.725894451141357,48258,39,1
1771463259.684925,7_3,7,das_work,3.359982967376709,48258,39,1
1771463259.6882954,6_3,6,das_work,8.291371822357178,48258,39,1
1771463271.6688435,5_3,5,das_work,4.669033765792847,48258,40,1
1771463271.6829648,7_3,7,das_work,6.277599096298218,48258,40,1
1771463271.6926332,6_3,6,das_work,1.227198362350464,48258,40,1
1771463271.715351,4_3,4,das_work,3.292917966842652,48258,40,1
1771463283.6690795,4_3,4,das_work,8.291514158248901,48258,41,1
1771463283.6753514,6_3,6,das_work,1.3043599128723145,48258,41,1
1771463283.6936214,5_3,5,das_work,8.86568021774292,48258,41,1
1771463283.694999,7_3,7,das_work,0.5843992233276367,48258,41,1
1771463295.679745,4_3,4,das_work,5.775206804275513,48258,42,1
1771463295.6806943,7_3,7,das_work,1.54907488822937,48258,42,1
1771463295.6875598,5_3,5,das_work,5.797653198242188,48258,42,1
1771463295.7103968,6_3,6,das_work,4.41324257850647,48258,42,1
1771463307.676608,6_3,6,das_work,8.496578693389893,48258,43,1
1771463307.6899705,7_3,7,das_work,8.728076219558716,48258,43,1
1771463307.6916337,4_3,4,das_work,6.3787031173706055,48258,43,1
1771463307.6989126,5_3,5,das_work,6.0954673290252686,48258,43,1
1771463319.6656923,6_3,6,das_work,2.066945075988769,48258,44,1
1771463319.6816194,4_3,4,das_work,8.888723611831665,48258,44,1
1771463319.68444,7_3,7,das_work,9.468801259994509,48258,44,1
1771463319.711974,5_3,5,das_work,5.801197528839111,48258,44,1
1771463331.6883812,6_3,6,das_work,9.36675190925598,48258,45,1
1771463331.7046075,5_3,5,das_work,7.342874050140381,48258,45,1
1771463331.7230668,4_3,4,das_work,7.308759450912476,48258,45,1
1771463331.7293355,7_3,7,das_work,2.564393281936645,48258,45,1
1771463343.6857872,5_3,5,das_work,7.312352895736694,48258,46,1
1771463343.703802,6_3,6,das_work,4.470496892929077,48258,46,1
1771463343.7095604,7_3,7,das_work,8.999029636383057,48258,46,1
1771463343.721747,4_3,4,das_work,2.108888864517212,48258,46,1
1771463355.6704648,7_3,7,das_work,1.7934248447418213,48258,47,1
1771463355.6860793,6_3,6,das_work,6.788563966751099,48258,47,1
1771463355.6867914,4_3,4,das_work,9.874969720840454,48258,47,1
1771463355.7175643,5_3,5,das_work,9.740308046340942,48258,47,1
1771463367.680349,6_4,6,das_work,2.334459066390991,48258,48,1
1771463367.683135,7_3,7,das_work,3.575098991394043,48258,48,1
1771463367.7049117,5_4,5,das_work,8.736877202987671,48258,48,1
1771463367.7097006,4_4,4,das_work,2.952178955078125,48258,48,1
1771463379.6728275,4_4,4,das_work,1.783381462097168,48258,49,1
1771463379.6782532,6_4,6,das_work,9.264710187911987,48258,49,1
1771463379.6896584,7_4,7,das_work,2.604098320007324,48258,49,1
1771463379.6916385,5_4,5,das_work,3.702029228210449,48258,49,1
1771463391.6570327,5_4,5,das_work,7.148360729217529,48258,50,1
1771463391.68083,6_4,6,das_work,8.217684984207153,48258,50,1
1771463391.6823385,7_4,7,das_work,3.5416042804718018,48258,50,1
1771463391.6896937,4_4,4,das_work,5.189864158630371,48258,50,1
1771463403.668107,4_4,4,das_work,6.688098430633545,48258,51,1
1771463403.6689384,5_4,5,das_work,8.950291156768799,48258,51,1
1771463403.6889963,6_4,6,das_work,1.193835735321045,48258,51,1
1771463403.715844,7_4,7,das_work,2.703528642654419,48258,51,1
1771463415.6718175,7_4,7,das_work,2.225872755050659,48258,52,1
1771463415.688609,5_4,5,das_work,1.8905346393585205,48258,52,1
1771463415.6946604,6_4,6,das_work,5.333175659179688,48258,52,1
1771463415.721,4_4,4,das_work,9.213966608047484,48258,52,1
1771463427.6958442,6_4,6,das_work,10.384933233261108,48258,53,1
1771463427.702594,5_4,5,das_work,0.9068472385406494,48258,53,1
1771463427.7075508,7_4,7,das_work,3.844674825668335,48258,53,1
1771463427.7081497,4_4,4,das_work,8.038322448730469,48258,53,1
1771463439.6647506,7_4,7,das_work,2.895618438720703,48258,54,1
1771463439.6673212,5_4,5,das_work,1.6741645336151123,48258,54,1
1771463439.6703784,6_4,6,das_work,4.016462802886963,48258,54,1
1771463439.6709323,4_4,4,das_work,5.064878463745117,48258,54,1
1771463451.680092,6_4,6,das_work,8.426389217376709,48258,55,1
1771463451.6837144,4_4,4,das_work,2.937734842300415,48258,55,1
1771463451.6996648,7_4,7,das_work,9.78120183944702,48258,55,1
1771463451.7052724,5_4,5,das_work,8.094852447509766,48258,55,1
1771463463.6659577,6_4,6,das_work,6.072072505950928,48258,56,1
1771463463.6721768,5_4,5,das_work,4.999261379241943,48258,56,1
1771463463.6941826,7_4,7,das_work,4.661312580108643,48258,56,1
1771463463.7076488,4_4,4,das_work,4.541294574737549,48258,56,1
1771463475.6776104,5_4,5,das_work,7.236072063446045,48258,57,1
1771463475.696089,6_4,6,das_work,8.002739191055298,48258,57,1
1771463475.7093184,7_4,7,das_work,4.836927890777588,48258,57,1
1771463475.7110388,4_4,4,das_work,2.152698040008545,48258,57,1
1771463487.6496215,7_4,7,das_work,4.1820151805877686,48258,58,1
1771462923.623325,83_0,83,das_work,8.473983526229858,48258,11,1
1771462923.632981,82_0,82,das_work,4.249919891357422,48258,11,1
1771462923.635862,80_0,80,das_work,6.87808895111084,48258,11,1
1771462935.621123,81_0,81,das_work,10.794758319854736,48258,12,1
1771462935.6315162,80_0,80,das_work,6.116255521774292,48258,12,1
1771462935.6362798,82_0,82,das_work,3.120917558670044,48258,12,1
1771462935.6372137,83_0,83,das_work,6.512905120849609,48258,12,1
1771462947.653108,83_0,83,das_work,4.737043142318726,48258,13,1
1771462947.6570618,81_0,81,das_work,1.2144505977630615,48258,13,1
1771462947.6587763,80_0,80,das_work,8.381858825683594,48258,13,1
1771462947.6647103,82_0,82,das_work,8.21410608291626,48258,13,1
1771462959.6660662,83_0,83,das_work,5.015882730484009,48258,14,1
1771462959.6715062,81_0,81,das_work,9.411668062210085,48258,14,1
1771462959.674552,82_0,82,das_work,9.691986799240112,48258,14,1
1771462959.6906602,80_0,80,das_work,8.924654245376587,48258,14,1
1771462971.681959,82_0,82,das_work,1.6085641384124756,48258,15,1
1771462971.6848717,80_0,80,das_work,3.46909236907959,48258,15,1
1771462971.6886733,83_0,83,das_work,2.560337543487549,48258,15,1
1771462971.7206285,81_0,81,das_work,2.433058500289917,48258,15,1
1771462983.6800911,82_0,82,das_work,3.0394060611724854,48258,16,1
1771462983.6814597,80_0,80,das_work,5.597034931182861,48258,16,1
1771462983.7096205,81_0,81,das_work,8.201583623886108,48258,16,1
1771462983.7254164,83_0,83,das_work,7.498217344284058,48258,16,1
1771462995.7109933,81_0,81,das_work,6.625116348266602,48258,17,1
1771462995.7203643,82_0,82,das_work,5.808828592300415,48258,17,1
1771462995.726338,80_0,80,das_work,9.65966510772705,48258,17,1
1771462995.732545,83_0,83,das_work,8.670031309127808,48258,17,1
1771463007.7076795,80_0,80,das_work,8.29080843925476,48258,18,1
1771463007.7141,82_0,82,das_work,5.508242607116699,48258,18,1
1771463007.7195315,81_0,81,das_work,3.365609645843506,48258,18,1
1771463007.7297082,83_0,83,das_work,7.942922115325928,48258,18,1
1771463019.7016273,83_0,83,das_work,3.7168915271759033,48258,19,1
1771463019.7049963,80_0,80,das_work,7.679597616195679,48258,19,1
1771463019.7257204,81_0,81,das_work,7.330485820770264,48258,19,1
1771463019.7312534,82_0,82,das_work,3.983137369155884,48258,19,1
1771463031.6893787,81_0,81,das_work,4.943471431732178,48258,20,1
1771463031.6910925,82_0,82,das_work,1.1848502159118652,48258,20,1
1771463031.7205155,83_0,83,das_work,7.524160146713257,48258,20,1
1771463031.7246542,80_0,80,das_work,5.701521873474121,48258,20,1
1771463043.682897,82_1,82,das_work,8.695770025253296,48258,21,1
1771463043.6874535,81_0,81,das_work,3.389171600341797,48258,21,1
1771463043.7127686,80_1,80,das_work,2.578949213027954,48258,21,1
1771463043.7267537,83_1,83,das_work,1.0123422145843506,48258,21,1
1771463055.6915607,80_1,80,das_work,4.414262771606445,48258,22,1
1771463055.6921437,82_1,82,das_work,1.4635512828826904,48258,22,1
1771463055.7286298,81_1,81,das_work,5.762269973754883,48258,22,1
1771463055.732157,83_1,83,das_work,4.451950073242188,48258,22,1
1771463067.7032676,80_1,80,das_work,8.00766134262085,48258,23,1
1771463067.706868,82_1,82,das_work,2.4218344688415527,48258,23,1
1771463067.72098,83_1,83,das_work,2.4652745723724365,48258,23,1
1771463067.724468,81_1,81,das_work,7.650638103485107,48258,23,1
1771463079.711871,83_1,83,das_work,7.536487579345703,48258,24,1
1771463079.7139585,80_1,80,das_work,3.932973146438599,48258,24,1
1771463079.716932,82_1,82,das_work,1.3804478645324707,48258,24,1
1771463079.7224672,81_1,81,das_work,7.191005229949951,48258,24,1
1771463091.698428,83_1,83,das_work,9.164835691452026,48258,25,1
1771463091.7126467,81_1,81,das_work,8.287414312362671,48258,25,1
1771463091.7228324,80_1,80,das_work,1.707031488418579,48258,25,1
1771463091.739569,82_1,82,das_work,6.473577260971069,48258,25,1
1771463103.6967444,81_1,81,das_work,0.8538405895233154,48258,26,1
1771463103.703698,82_1,82,das_work,0.6275792121887207,48258,26,1
1771463103.7070208,83_1,83,das_work,3.2004971504211426,48258,26,1
1771463103.723112,80_1,80,das_work,2.594097137451172,48258,26,1
1771463115.6805751,80_1,80,das_work,8.334256410598755,48258,27,1
1771463115.7005112,81_1,81,das_work,0.7729330062866211,48258,27,1
1771463115.7122395,83_1,83,das_work,1.216769456863403,48258,27,1
1771463115.7129154,82_1,82,das_work,4.3408591747283936,48258,27,1
1771463127.698102,81_1,81,das_work,3.0534143447875977,48258,28,1
1771463127.7080736,83_1,83,das_work,2.5299575328826904,48258,28,1
1771463127.7275138,82_1,82,das_work,9.730976343154907,48258,28,1
1771463127.7302165,80_1,80,das_work,5.049433946609497,48258,28,1
1771463139.6809845,82_1,82,das_work,5.446993827819824,48258,29,1
1771463139.7160945,83_1,83,das_work,2.2952167987823486,48258,29,1
1771463139.7166264,80_1,80,das_work,5.876609325408936,48258,29,1
1771463139.7178442,81_1,81,das_work,3.4574031829833984,48258,29,1
1771463151.6898067,81_1,81,das_work,8.234902620315552,48258,30,1
1771463151.7012978,80_1,80,das_work,4.08581018447876,48258,30,1
1771463151.7018664,82_1,82,das_work,5.702495336532593,48258,30,1
1771463151.7113595,83_1,83,das_work,4.287081718444824,48258,30,1
1771463163.6983988,81_1,81,das_work,2.685140609741211,48258,31,1
1771463163.7050943,80_2,80,das_work,0.6942131519317627,48258,31,1
1771463163.7119749,82_2,82,das_work,4.533855199813843,48258,31,1
1771463163.721402,83_2,83,das_work,5.2878031730651855,48258,31,1
1771463175.680151,83_2,83,das_work,3.992570161819458,48258,32,1
1771463175.708444,82_2,82,das_work,5.822377920150757,48258,32,1
1771463175.7100043,81_2,81,das_work,4.385234117507935,48258,32,1
1771463175.7139757,80_2,80,das_work,4.601634502410889,48258,32,1
1771463187.683478,82_2,82,das_work,1.6786577701568604,48258,33,1
1771463187.6852767,80_2,80,das_work,0.4230210781097412,48258,33,1
1771463187.6870255,83_2,83,das_work,1.4109971523284912,48258,33,1
1771463187.7093933,81_2,81,das_work,7.298969984054565,48258,33,1
1771463199.7109463,83_2,83,das_work,5.09309196472168,48258,34,1
1771463199.712225,81_2,81,das_work,10.317469596862791,48258,34,1
1771463199.7319603,80_2,80,das_work,5.787623643875122,48258,34,1
1771463199.7341688,82_2,82,das_work,2.854065179824829,48258,34,1
1771463211.6827412,81_2,81,das_work,8.59169054031372,48258,35,1
1771463211.6897593,80_2,80,das_work,10.030791997909546,48258,35,1
1771463211.6993055,83_2,83,das_work,8.321295976638794,48258,35,1
1771463211.7038417,82_2,82,das_work,2.940602779388428,48258,35,1
1771463223.6722088,81_2,81,das_work,0.9573910236358644,48258,36,1
1771463223.6851656,80_2,80,das_work,7.985420227050781,48258,36,1
1771463223.7084916,82_2,82,das_work,7.8813018798828125,48258,36,1
1771463223.7119937,83_2,83,das_work,8.183579683303833,48258,36,1
1771463235.688749,81_2,81,das_work,4.278547048568726,48258,37,1
1771463235.689815,80_2,80,das_work,3.990644216537476,48258,37,1
1771463235.6958137,82_2,82,das_work,3.4184999465942383,48258,37,1
1771463235.7002318,83_2,83,das_work,0.9299154281616212,48258,37,1
1771463247.6792488,81_2,81,das_work,5.571602582931519,48258,38,1
1771463247.6884356,82_2,82,das_work,4.767419815063477,48258,38,1
1771463247.7108395,80_2,80,das_work,6.900096416473389,48258,38,1
1771463247.717959,83_2,83,das_work,6.171159505844116,48258,38,1
1771463259.6653028,82_2,82,das_work,3.657504796981812,48258,39,1
1771463259.669035,80_2,80,das_work,6.570832967758179,48258,39,1
1771463259.6850684,81_2,81,das_work,1.2251403331756592,48258,39,1
1771463271.6806977,82_2,82,das_work,5.354151725769043,48258,40,1
1771463271.6857202,81_2,81,das_work,1.139315128326416,48258,40,1
1771463271.6914198,83_2,83,das_work,12.144890308380129,48258,40,1
1771463271.6975834,80_2,80,das_work,4.712573528289795,48258,40,1
1771463283.6903105,81_2,81,das_work,7.54679799079895,48258,41,1
1771463283.7001152,82_3,82,das_work,7.612920045852661,48258,41,1
1771463283.7036138,83_2,83,das_work,7.742300510406494,48258,41,1
1771463283.705541,80_3,80,das_work,2.720168352127075,48258,41,1
1771463295.676678,83_3,83,das_work,8.469661712646484,48258,42,1
1771463295.6861043,81_3,81,das_work,2.5448946952819824,48258,42,1
1771463295.6945877,82_3,82,das_work,5.195551872253418,48258,42,1
1771463295.703792,80_3,80,das_work,6.569274425506592,48258,42,1
1771463307.6644666,83_3,83,das_work,7.449213743209839,48258,43,1
1771463307.67789,81_3,81,das_work,1.484130859375,48258,43,1
1771463307.681696,80_3,80,das_work,3.939296245574951,48258,43,1
1771463307.682205,82_3,82,das_work,1.6124365329742432,48258,43,1
1771463319.6674027,80_3,80,das_work,3.9863805770874015,48258,44,1
1771463319.6743002,81_3,81,das_work,7.885156154632568,48258,44,1
1771463319.705762,82_3,82,das_work,9.59300184249878,48258,44,1
1771463319.705952,83_3,83,das_work,4.724458932876587,48258,44,1
1771463331.6844752,83_3,83,das_work,3.5427277088165283,48258,45,1
1771463331.6944458,82_3,82,das_work,1.7661173343658447,48258,45,1
1771463331.6954992,80_3,80,das_work,3.692256212234497,48258,45,1
1771463331.6985157,81_3,81,das_work,4.710084676742554,48258,45,1
1771463343.6780524,82_3,82,das_work,3.182129383087158,48258,46,1
1771463343.709381,83_3,83,das_work,5.42818021774292,48258,46,1
1771463343.713015,81_3,81,das_work,1.227722406387329,48258,46,1
1771463343.7173543,80_3,80,das_work,8.826314687728882,48258,46,1
1771463355.6694365,81_3,81,das_work,3.21914291381836,48258,47,1
1771463355.6999197,83_3,83,das_work,9.537829637527466,48258,47,1
1771463355.7097738,82_3,82,das_work,7.630799293518066,48258,47,1
1771463355.715523,80_3,80,das_work,6.720024108886719,48258,47,1
1771463367.687537,81_3,81,das_work,5.408431768417358,48258,48,1
1771463367.7008955,83_3,83,das_work,0.918466091156006,48258,48,1
1771463367.706788,80_3,80,das_work,2.652252197265625,48258,48,1
1771463367.7104285,82_3,82,das_work,6.914494752883911,48258,48,1
1771463379.669192,81_3,81,das_work,7.824006080627441,48258,49,1
1771463379.6747117,82_3,82,das_work,8.872395753860474,48258,49,1
1771463379.7025847,83_3,83,das_work,3.273470401763916,48258,49,1
1771463379.7089827,80_3,80,das_work,4.049049139022827,48258,49,1
1771463391.670496,83_3,83,das_work,2.186845541000366,48258,50,1
1771463391.670998,82_3,82,das_work,2.665312528610229,48258,50,1
1771463391.692835,81_3,81,das_work,4.393247604370117,48258,50,1
1771463391.7027416,80_3,80,das_work,1.0295305252075195,48258,50,1
1771463403.674649,83_3,83,das_work,3.6582937240600586,48258,51,1
1771463403.6798816,81_3,81,das_work,1.2046208381652832,48258,51,1
1771463403.7144697,82_4,82,das_work,9.250251770019531,48258,51,1
1771463403.718945,80_4,80,das_work,7.178743600845337,48258,51,1
1771463415.676727,80_4,80,das_work,8.193608283996582,48258,52,1
1771463415.700002,82_4,82,das_work,4.476168870925903,48258,52,1
1771463415.7020864,81_4,81,das_work,3.480548620223999,48258,52,1
1771463415.702631,83_4,83,das_work,2.719825267791748,48258,52,1
1771463427.6839728,83_4,83,das_work,0.9042084217071532,48258,53,1
1771463427.7004695,80_4,80,das_work,5.478936433792114,48258,53,1
1771463427.713203,81_4,81,das_work,2.446286678314209,48258,53,1
1771463427.7169716,82_4,82,das_work,6.339428186416626,48258,53,1
1771463439.6711066,81_4,81,das_work,8.053971529006958,48258,54,1
1771463439.6750417,83_4,83,das_work,8.482161521911621,48258,54,1
1771463439.701018,80_4,80,das_work,6.787713050842285,48258,54,1
1771463439.7043543,82_4,82,das_work,7.116515398025513,48258,54,1
1771463451.6805935,83_4,83,das_work,3.498530626296997,48258,55,1
1771463451.6816833,80_4,80,das_work,2.2470192909240723,48258,55,1
1771463451.694295,82_4,82,das_work,3.511364459991455,48258,55,1
1771463451.718747,81_4,81,das_work,7.118650436401367,48258,55,1
1771463463.6666553,83_4,83,das_work,10.241735219955444,48258,56,1
1771463463.6705935,81_4,81,das_work,3.325334310531616,48258,56,1
1771463463.686023,80_4,80,das_work,0.767662763595581,48258,56,1
1771463463.690883,82_4,82,das_work,4.008261203765869,48258,56,1
1771463475.671801,81_4,81,das_work,5.460091829299927,48258,57,1
1771463475.6823676,83_4,83,das_work,3.2317142486572266,48258,57,1
1771463475.6888645,82_4,82,das_work,9.47546648979187,48258,57,1
1771463475.6977117,80_4,80,das_work,3.3215982913970947,48258,57,1
1771463487.6600568,82_4,82,das_work,1.958468437194824,48258,58,1
1771463487.6608095,81_4,81,das_work,1.846813678741455,48258,58,1
1771463487.6774704,80_4,80,das_work,4.693209409713745,48258,58,1
1771463487.6880417,83_4,83,das_work,6.942416429519653,48258,58,1
1771463499.6410596,81_4,81,das_work,6.782244920730591,48258,59,1
1771463499.6583488,82_4,82,das_work,1.5410001277923584,48258,59,1
1771463499.6631172,83_4,83,das_work,2.499528408050537,48258,59,1
1771463499.6752884,80_4,80,das_work,2.404771089553833,48258,59,1
1771463511.627739,82_4,82,das_work,1.4923934936523438,48258,60,1
1771463511.6451278,81_4,81,das_work,2.5379419326782227,48258,60,1
1771463511.649628,83_4,83,das_work,4.762269020080566,48258,60,1
1771463511.6560771,80_4,80,das_work,4.2722008228302,48258,60,1
1771463523.6097927,83_4,83,das_work,9.747031211853027,48258,61,1
1771463523.620224,81_4,81,das_work,4.572851181030273,48258,61,1
1771462923.619352,85_0,85,das_work,5.777238845825195,48258,11,1
1771462923.63641,86_0,86,das_work,1.3814537525177002,48258,11,1
1771462935.631657,84_0,84,das_work,8.269410610198975,48258,12,1
1771462935.640293,87_0,87,das_work,10.517060041427612,48258,12,1
1771462935.6425796,85_0,85,das_work,9.705910921096802,48258,12,1
1771462935.6438572,86_0,86,das_work,4.027209997177124,48258,12,1
1771462947.6563687,86_0,86,das_work,3.021312475204468,48258,13,1
1771462947.6641438,84_0,84,das_work,5.969685316085815,48258,13,1
1771462947.6661549,87_0,87,das_work,10.030155897140505,48258,13,1
1771462947.6679268,85_0,85,das_work,1.3785738945007324,48258,13,1
1771462959.684997,87_0,87,das_work,8.200153827667236,48258,14,1
1771462959.689864,84_0,84,das_work,7.3341310024261475,48258,14,1
1771462959.690417,86_0,86,das_work,3.073171615600586,48258,14,1
1771462959.699017,85_0,85,das_work,3.844349145889282,48258,14,1
1771462971.683066,87_0,87,das_work,0.6059229373931885,48258,15,1
1771462971.717716,84_0,84,das_work,4.621295213699341,48258,15,1
1771462971.7183125,85_0,85,das_work,8.734516143798828,48258,15,1
1771462971.7243876,86_0,86,das_work,4.926892995834351,48258,15,1
1771462983.6875038,85_0,85,das_work,7.060110569000244,48258,16,1
1771462983.7091742,84_0,84,das_work,8.23369550704956,48258,16,1
1771462983.7129529,87_0,87,das_work,3.6234402656555176,48258,16,1
1771462983.725218,86_0,86,das_work,6.029442071914673,48258,16,1
1771462995.694762,87_0,87,das_work,6.2104222774505615,48258,17,1
1771462995.7087016,86_0,86,das_work,6.831233739852905,48258,17,1
1771462995.7233589,84_0,84,das_work,2.3249351978302,48258,17,1
1771462995.7329843,85_0,85,das_work,4.700748920440674,48258,17,1
1771463007.7004793,87_0,87,das_work,1.9723122119903564,48258,18,1
1771463007.7092607,85_0,85,das_work,9.21044635772705,48258,18,1
1771463007.7126017,84_0,84,das_work,2.781585454940796,48258,18,1
1771463007.7257557,86_0,86,das_work,2.887420415878296,48258,18,1
1771463019.7145195,85_0,85,das_work,8.217583179473877,48258,19,1
1771463019.715844,86_0,86,das_work,4.59557056427002,48258,19,1
1771463019.727529,84_0,84,das_work,7.5390119552612305,48258,19,1
1771463019.728088,87_0,87,das_work,5.537286758422852,48258,19,1
1771463031.6832514,87_0,87,das_work,8.181650876998901,48258,20,1
1771463031.688253,85_0,85,das_work,1.776742696762085,48258,20,1
1771463031.695752,86_0,86,das_work,7.492484092712402,48258,20,1
1771463031.7173831,84_0,84,das_work,7.561638593673706,48258,20,1
1771463043.6950085,85_1,85,das_work,9.00894331932068,48258,21,1
1771463043.6988745,84_0,84,das_work,1.1677348613739014,48258,21,1
1771463043.7026954,87_0,87,das_work,6.688158988952637,48258,21,1
1771463043.7051232,86_1,86,das_work,6.766878604888916,48258,21,1
1771463055.688055,84_1,84,das_work,9.073101282119753,48258,22,1
1771463055.692215,87_1,87,das_work,2.07865047454834,48258,22,1
1771463055.7002149,86_1,86,das_work,7.378796577453613,48258,22,1
1771463055.7041037,85_1,85,das_work,5.9209349155426025,48258,22,1
1771463067.6777291,85_1,85,das_work,4.961933851242065,48258,23,1
1771463067.6946187,84_1,84,das_work,1.2266385555267334,48258,23,1
1771463067.7122688,87_1,87,das_work,1.5350062847137451,48258,23,1
1771463067.7225373,86_1,86,das_work,5.702875852584839,48258,23,1
1771463079.6833358,86_1,86,das_work,4.454409837722778,48258,24,1
1771463079.68515,87_1,87,das_work,2.1374192237854004,48258,24,1
1771463079.7020855,85_1,85,das_work,9.57406449317932,48258,24,1
1771463079.7258058,84_1,84,das_work,7.139103889465332,48258,24,1
1771463091.7325914,87_1,87,das_work,8.557121753692627,48258,25,1
1771463091.7341287,85_1,85,das_work,5.715942621231079,48258,25,1
1771463091.735604,86_1,86,das_work,9.480362176895142,48258,25,1
1771463103.6815474,87_1,87,das_work,7.404922485351562,48258,26,1
1771463103.682492,84_1,84,das_work,12.17674469947815,48258,26,1
1771463103.686473,86_1,86,das_work,6.461932182312012,48258,26,1
1771463103.7245226,85_1,85,das_work,2.5232479572296143,48258,26,1
1771463115.703128,85_1,85,das_work,6.549553871154785,48258,27,1
1771463115.7201223,86_1,86,das_work,9.46599555015564,48258,27,1
1771463115.7286518,87_1,87,das_work,0.9986238479614258,48258,27,1
1771463115.7307415,84_1,84,das_work,6.156360149383545,48258,27,1
1771463127.696735,86_1,86,das_work,5.501750707626343,48258,28,1
1771463127.7222493,84_1,84,das_work,4.205659866333008,48258,28,1
1771463127.7243814,85_1,85,das_work,3.940399885177612,48258,28,1
1771463127.731182,87_1,87,das_work,1.7266931533813477,48258,28,1
1771463139.7059364,87_1,87,das_work,7.401522159576416,48258,29,1
1771463139.7117414,84_1,84,das_work,4.355268955230713,48258,29,1
1771463139.7164922,86_1,86,das_work,1.5822877883911133,48258,29,1
1771463139.7203274,85_1,85,das_work,1.907571792602539,48258,29,1
1771463151.695628,85_1,85,das_work,1.684061050415039,48258,30,1
1771463151.7207289,87_1,87,das_work,7.085589647293091,48258,30,1
1771463151.7249885,84_1,84,das_work,6.585609197616577,48258,30,1
1771463151.728085,86_1,86,das_work,8.34964919090271,48258,30,1
1771463163.6911004,85_2,85,das_work,6.01570463180542,48258,31,1
1771463163.6976435,84_1,84,das_work,4.810244560241699,48258,31,1
1771463163.717101,87_1,87,das_work,3.1044492721557617,48258,31,1
1771463163.7177024,86_2,86,das_work,6.797491788864136,48258,31,1
1771463175.6791022,87_2,87,das_work,4.180199384689331,48258,32,1
1771463175.6870885,86_2,86,das_work,2.0321004390716557,48258,32,1
1771463175.7181118,85_2,85,das_work,4.47892165184021,48258,32,1
1771463175.7279134,84_1,84,das_work,2.4612784385681152,48258,32,1
1771463187.6660335,87_2,87,das_work,8.437450885772705,48258,33,1
1771463187.6872983,84_2,84,das_work,1.7476065158843994,48258,33,1
1771463187.697297,86_2,86,das_work,9.940935611724854,48258,33,1
1771463187.7093146,85_2,85,das_work,3.693643093109131,48258,33,1
1771463199.7069662,84_2,84,das_work,6.810817003250122,48258,34,1
1771463199.712991,85_2,85,das_work,3.0289998054504395,48258,34,1
1771463199.7135196,87_2,87,das_work,2.116234540939331,48258,34,1
1771463199.7202032,86_2,86,das_work,2.1462554931640625,48258,34,1
1771463211.6750169,87_2,87,das_work,6.724942922592163,48258,35,1
1771463211.691003,85_2,85,das_work,9.37109398841858,48258,35,1
1771463211.7236323,86_2,86,das_work,7.164727449417114,48258,35,1
1771463211.7245903,84_2,84,das_work,5.768449783325195,48258,35,1
1771463223.6777303,87_2,87,das_work,2.807608366012573,48258,36,1
1771463223.6999412,85_2,85,das_work,5.323504209518433,48258,36,1
1771463223.7022345,86_2,86,das_work,4.186918020248413,48258,36,1
1771463223.706131,84_2,84,das_work,3.879385948181152,48258,36,1
1771463235.676906,84_2,84,das_work,8.569887638092041,48258,37,1
1771463235.6852562,87_2,87,das_work,7.736656188964844,48258,37,1
1771463235.7020452,86_2,86,das_work,4.528139352798462,48258,37,1
1771463235.7049863,85_2,85,das_work,7.556570053100586,48258,37,1
1771463247.6715672,85_2,85,das_work,6.083305597305298,48258,38,1
1771463247.6747265,84_2,84,das_work,8.3760826587677,48258,38,1
1771463247.6771555,86_2,86,das_work,8.722035884857178,48258,38,1
1771463247.6936965,87_2,87,das_work,1.667367935180664,48258,38,1
1771463259.6861365,84_2,84,das_work,7.969323396682739,48258,39,1
1771463259.689344,85_2,85,das_work,9.7405366897583,48258,39,1
1771463259.6934223,87_2,87,das_work,2.990150451660156,48258,39,1
1771463259.6986215,86_2,86,das_work,5.200735330581665,48258,39,1
1771463271.6652775,84_2,84,das_work,7.099341154098511,48258,40,1
1771463271.6686704,87_2,87,das_work,7.267535209655762,48258,40,1
1771463271.6725276,85_2,85,das_work,4.205344200134277,48258,40,1
1771463271.6853602,86_2,86,das_work,2.600255012512207,48258,40,1
1771463283.6748765,86_3,86,das_work,7.202816963195801,48258,41,1
1771463283.6754725,84_2,84,das_work,1.3251299858093262,48258,41,1
1771463283.6766708,87_2,87,das_work,4.845824241638184,48258,41,1
1771463283.684947,85_3,85,das_work,7.032562494277954,48258,41,1
1771463295.6760004,84_2,84,das_work,6.343031406402588,48258,42,1
1771463295.6844704,86_3,86,das_work,4.3983306884765625,48258,42,1
1771463295.6974895,85_3,85,das_work,7.46031904220581,48258,42,1
1771463295.7129228,87_3,87,das_work,3.0923240184783936,48258,42,1
1771463307.6674886,87_3,87,das_work,8.291604995727539,48258,43,1
1771463307.6710987,85_3,85,das_work,1.6827309131622314,48258,43,1
1771463307.6960716,84_3,84,das_work,2.7952675819396973,48258,43,1
1771463307.705085,86_3,86,das_work,6.144580602645874,48258,43,1
1771463319.6699843,84_3,84,das_work,7.302811861038208,48258,44,1
1771463319.6762328,87_3,87,das_work,5.650176525115967,48258,44,1
1771463319.6820824,86_3,86,das_work,3.1599020957946777,48258,44,1
1771463319.709799,85_3,85,das_work,1.237978458404541,48258,44,1
1771463331.6846814,85_3,85,das_work,1.447549819946289,48258,45,1
1771463331.6903546,86_3,86,das_work,3.001770496368408,48258,45,1
1771463331.6969664,87_3,87,das_work,3.461273193359375,48258,45,1
1771463331.721521,84_3,84,das_work,6.781527042388916,48258,45,1
1771463343.676644,84_3,84,das_work,1.4881319999694824,48258,46,1
1771463343.6771705,86_3,86,das_work,5.610037326812744,48258,46,1
1771463343.7180068,85_3,85,das_work,1.576286554336548,48258,46,1
1771463343.7236865,87_3,87,das_work,8.224154233932495,48258,46,1
1771463355.6754951,85_3,85,das_work,7.52364182472229,48258,47,1
1771463355.6819477,87_3,87,das_work,5.892581224441528,48258,47,1
1771463355.6824498,86_3,86,das_work,7.184438943862915,48258,47,1
1771463355.689721,84_3,84,das_work,2.6076760292053223,48258,47,1
1771463367.680231,85_3,85,das_work,8.375027656555176,48258,48,1
1771463367.715111,87_3,87,das_work,9.384973526000977,48258,48,1
1771463367.7170734,86_3,86,das_work,3.286524772644043,48258,48,1
1771463367.728468,84_3,84,das_work,1.7132930755615234,48258,48,1
1771463379.6680236,86_3,86,das_work,5.786358118057251,48258,49,1
1771463379.690644,85_3,85,das_work,2.395915269851685,48258,49,1
1771463379.7003949,87_3,87,das_work,4.397661447525024,48258,49,1
1771463379.711415,84_3,84,das_work,7.765009164810181,48258,49,1
1771463391.6611328,84_3,84,das_work,9.087599992752075,48258,50,1
1771463391.6640506,87_3,87,das_work,7.058223247528076,48258,50,1
1771463391.677658,85_3,85,das_work,6.514481067657471,48258,50,1
1771463391.70374,86_3,86,das_work,4.108813285827637,48258,50,1
1771463403.6663065,86_4,86,das_work,2.531649351119995,48258,51,1
1771463403.6938417,84_3,84,das_work,7.781222820281982,48258,51,1
1771463403.701578,85_4,85,das_work,1.8645744323730469,48258,51,1
1771463403.7147336,87_3,87,das_work,5.291312456130981,48258,51,1
1771463415.6837058,85_4,85,das_work,3.530383348464966,48258,52,1
1771463415.6966786,84_3,84,das_work,9.453136920928957,48258,52,1
1771463415.700636,86_4,86,das_work,6.706681251525879,48258,52,1
1771463415.7163627,87_4,87,das_work,1.1455881595611572,48258,52,1
1771463427.668009,87_4,87,das_work,6.512145280838013,48258,53,1
1771463427.689069,86_4,86,das_work,8.342663049697876,48258,53,1
1771463427.7034802,84_4,84,das_work,4.95157527923584,48258,53,1
1771463427.7176557,85_4,85,das_work,8.07533311843872,48258,53,1
1771463439.6756306,87_4,87,das_work,5.118334054946899,48258,54,1
1771463439.68588,85_4,85,das_work,1.832137107849121,48258,54,1
1771463439.686416,86_4,86,das_work,6.578699827194214,48258,54,1
1771463439.7037296,84_4,84,das_work,7.900470733642578,48258,54,1
1771463451.6869545,86_4,86,das_work,2.579622983932495,48258,55,1
1771463451.701425,85_4,85,das_work,8.453819751739502,48258,55,1
1771463451.704168,84_4,84,das_work,6.581233501434326,48258,55,1
1771463451.710021,87_4,87,das_work,0.5777480602264404,48258,55,1
1771463463.667735,86_4,86,das_work,5.140156507492065,48258,56,1
1771463463.6703,84_4,84,das_work,3.528971672058105,48258,56,1
1771463463.704136,85_4,85,das_work,3.425809144973755,48258,56,1
1771463463.7072046,87_4,87,das_work,5.8670923709869385,48258,56,1
1771463475.675971,84_4,84,das_work,9.008151292800903,48258,57,1
1771463475.6774385,85_4,85,das_work,7.195188283920288,48258,57,1
1771463475.7050688,87_4,87,das_work,8.674807071685791,48258,57,1
1771463475.7173114,86_4,86,das_work,3.9472012519836426,48258,57,1
1771463487.6548069,85_4,85,das_work,5.9552178382873535,48258,58,1
1771463487.6554184,86_4,86,das_work,2.1463510990142822,48258,58,1
1771463487.6632297,84_4,84,das_work,8.545011281967163,48258,58,1
1771463487.6757135,87_4,87,das_work,4.456918478012085,48258,58,1
1771463499.6329088,86_4,86,das_work,1.9792821407318115,48258,59,1
1771463499.6366642,87_4,87,das_work,1.808079957962036,48258,59,1
1771463499.639692,85_4,85,das_work,3.299412488937378,48258,59,1
1771463499.6517036,84_4,84,das_work,2.937791109085083,48258,59,1
1771463511.629333,86_4,86,das_work,3.323646783828736,48258,60,1
1771463511.6516483,84_4,84,das_work,8.008967161178589,48258,60,1
1771463511.652319,85_4,85,das_work,4.655558824539185,48258,60,1
1771463511.6534536,87_4,87,das_work,3.909085988998413,48258,60,1
1771463523.6147306,87_4,87,das_work,3.8643951416015625,48258,61,1
1771463523.6200376,84_4,84,das_work,3.1756181716918945,48258,61,1
1771463535.603711,84_4,84,das_work,5.758385419845581,48258,62,1
1771462923.624552,91_0,91,das_work,4.788334846496582,48258,11,1
1771462935.628157,89_0,89,das_work,9.46946406364441,48258,12,1
1771462935.633078,91_0,91,das_work,4.757046461105347,48258,12,1
1771462935.6407127,88_0,88,das_work,4.434763431549072,48258,12,1
1771462935.6662314,90_0,90,das_work,1.8718128204345703,48258,12,1
1771462947.646859,91_0,91,das_work,6.142354965209961,48258,13,1
1771462947.6474037,88_0,88,das_work,2.5355138778686523,48258,13,1
1771462947.663717,89_0,89,das_work,4.043559551239014,48258,13,1
1771462947.673795,90_0,90,das_work,4.569051027297974,48258,13,1
1771462959.6679623,91_0,91,das_work,6.986537218093872,48258,14,1
1771462959.6771955,90_0,90,das_work,5.086430549621582,48258,14,1
1771462959.681537,88_0,88,das_work,2.851996660232544,48258,14,1
1771462959.695458,89_0,89,das_work,3.064382553100586,48258,14,1
1771462971.698717,88_0,88,das_work,9.41403031349182,48258,15,1
1771462971.703982,91_0,91,das_work,6.660596132278442,48258,15,1
1771462971.711074,90_0,90,das_work,7.764062881469727,48258,15,1
1771462971.7136292,89_0,89,das_work,3.04148006439209,48258,15,1
1771462983.6883025,90_0,90,das_work,5.94295859336853,48258,16,1
1771462983.7070763,89_0,89,das_work,1.9031152725219729,48258,16,1
1771462983.71045,91_0,91,das_work,2.62859845161438,48258,16,1
1771462983.7214513,88_0,88,das_work,7.971417188644409,48258,16,1
1771462995.694693,91_0,91,das_work,9.68254542350769,48258,17,1
1771462995.700151,89_0,89,das_work,5.075630187988281,48258,17,1
1771462995.7157884,88_0,88,das_work,1.5053622722625732,48258,17,1
1771462995.7255862,90_0,90,das_work,3.707165479660034,48258,17,1
1771463007.6908934,91_0,91,das_work,5.285023212432861,48258,18,1
1771463007.6974723,89_0,89,das_work,6.597277641296387,48258,18,1
1771463007.707878,88_0,88,das_work,1.2909085750579834,48258,18,1
1771463007.7319393,90_0,90,das_work,3.511244773864746,48258,18,1
1771463019.7036889,90_0,90,das_work,4.385995626449585,48258,19,1
1771463019.7172546,91_0,91,das_work,2.664968967437744,48258,19,1
1771463019.723831,88_0,88,das_work,6.401507377624512,48258,19,1
1771463019.7314346,89_0,89,das_work,7.133218288421631,48258,19,1
1771463031.696162,89_0,89,das_work,7.585034132003784,48258,20,1
1771463031.7040594,88_0,88,das_work,4.564991474151611,48258,20,1
1771463031.711561,91_0,91,das_work,9.572402954101562,48258,20,1
1771463031.724857,90_0,90,das_work,1.4678404331207275,48258,20,1
1771463043.684069,91_1,91,das_work,8.59583854675293,48258,21,1
1771463043.7025373,90_0,90,das_work,7.929337024688721,48258,21,1
1771463043.706687,89_0,89,das_work,8.880056858062744,48258,21,1
1771463043.7273076,88_0,88,das_work,5.640531778335571,48258,21,1
1771463055.696633,89_1,89,das_work,3.08443546295166,48258,22,1
1771463055.7072513,88_1,88,das_work,1.0124132633209229,48258,22,1
1771463055.7094493,90_1,90,das_work,6.397304058074951,48258,22,1
1771463055.7302947,91_1,91,das_work,1.8415253162384035,48258,22,1
1771463067.6910954,90_1,90,das_work,3.0792129039764404,48258,23,1
1771463067.699831,89_1,89,das_work,6.426727771759033,48258,23,1
1771463067.704873,91_1,91,das_work,6.925446271896362,48258,23,1
1771463067.7228167,88_1,88,das_work,8.764235734939575,48258,23,1
1771463079.6774435,89_1,89,das_work,4.2740514278411865,48258,24,1
1771463079.6870704,91_1,91,das_work,4.139623403549194,48258,24,1
1771463079.6898026,88_1,88,das_work,7.409615993499756,48258,24,1
1771463079.7218063,90_1,90,das_work,5.848788499832153,48258,24,1
1771463091.716974,89_1,89,das_work,4.112717866897583,48258,25,1
1771463091.7284608,91_1,91,das_work,6.786946058273315,48258,25,1
1771463091.7297325,88_1,88,das_work,6.620394706726074,48258,25,1
1771463091.734821,90_1,90,das_work,9.308399200439451,48258,25,1
1771463103.6898158,90_1,90,das_work,9.067670345306396,48258,26,1
1771463103.696092,91_1,91,das_work,5.923957824707031,48258,26,1
1771463103.6979375,89_1,89,das_work,9.42568016052246,48258,26,1
1771463103.7014377,88_1,88,das_work,4.576154470443726,48258,26,1
1771463115.712428,88_1,88,das_work,5.446547269821167,48258,27,1
1771463115.7205217,91_1,91,das_work,8.279917478561401,48258,27,1
1771463115.7259536,89_1,89,das_work,6.201669216156006,48258,27,1
1771463115.7296507,90_1,90,das_work,1.7411015033721924,48258,27,1
1771463127.6835167,89_1,89,das_work,4.979858875274658,48258,28,1
1771463127.6846037,88_1,88,das_work,9.665849447250366,48258,28,1
1771463127.712734,91_1,91,das_work,7.909254789352417,48258,28,1
1771463127.713771,90_1,90,das_work,2.537839651107788,48258,28,1
1771463139.6823857,91_1,91,das_work,6.598461866378784,48258,29,1
1771463139.683934,90_1,90,das_work,10.010631799697876,48258,29,1
1771463139.6966286,89_1,89,das_work,5.541756629943848,48258,29,1
1771463139.7096772,88_1,88,das_work,1.408890962600708,48258,29,1
1771463151.688902,88_1,88,das_work,8.192545652389526,48258,30,1
1771463151.6894565,91_1,91,das_work,9.630458116531372,48258,30,1
1771463151.6996114,89_1,89,das_work,1.7074379920959473,48258,30,1
1771463151.7268984,90_1,90,das_work,3.8906712532043457,48258,30,1
1771463163.6787682,89_1,89,das_work,1.6679301261901855,48258,31,1
1771463163.681188,88_1,88,das_work,1.16255521774292,48258,31,1
1771463163.6898477,91_2,91,das_work,4.042309045791626,48258,31,1
1771463163.6915915,90_1,90,das_work,0.442293643951416,48258,31,1
1771463175.6771986,91_2,91,das_work,5.075013875961304,48258,32,1
1771463175.6778271,90_2,90,das_work,4.069344520568848,48258,32,1
1771463175.6966546,89_2,89,das_work,1.4860577583312988,48258,32,1
1771463175.7179651,88_2,88,das_work,4.1531054973602295,48258,32,1
1771463187.66615,90_2,90,das_work,5.986498832702637,48258,33,1
1771463187.66986,89_2,89,das_work,1.4106659889221191,48258,33,1
1771463187.6766052,88_2,88,das_work,9.303767919540403,48258,33,1
1771463187.6809487,91_2,91,das_work,1.5550684928894043,48258,33,1
1771463199.7012334,88_2,88,das_work,9.89281415939331,48258,34,1
1771463199.7124565,91_2,91,das_work,2.592185735702514,48258,34,1
1771463199.7154691,89_2,89,das_work,6.854828357696533,48258,34,1
1771463199.7367237,90_2,90,das_work,2.70786714553833,48258,34,1
1771463211.6813784,88_2,88,das_work,5.394852638244629,48258,35,1
1771463211.693174,90_2,90,das_work,5.031617879867554,48258,35,1
1771463211.6979024,91_2,91,das_work,1.6707158088684082,48258,35,1
1771463211.7092605,89_2,89,das_work,7.003409385681152,48258,35,1
1771463223.676653,90_2,90,das_work,9.278472900390623,48258,36,1
1771463223.6932323,88_2,88,das_work,4.275476932525635,48258,36,1
1771463223.7074928,89_2,89,das_work,8.980736255645752,48258,36,1
1771463223.710157,91_2,91,das_work,4.294801712036133,48258,36,1
1771463235.6833804,90_2,90,das_work,3.3436522483825684,48258,37,1
1771463235.6874208,89_2,89,das_work,3.1836953163146973,48258,37,1
1771463235.693897,91_2,91,das_work,2.104930877685547,48258,37,1
1771463235.7112825,88_2,88,das_work,1.958552360534668,48258,37,1
1771463247.67429,91_2,91,das_work,9.733583211898804,48258,38,1
1771463247.6767,89_2,89,das_work,4.935702562332153,48258,38,1
1771463247.683716,90_2,90,das_work,8.599289178848267,48258,38,1
1771463247.7168393,88_2,88,das_work,4.609271764755249,48258,38,1
1771463259.6710155,89_2,89,das_work,8.562193870544434,48258,39,1
1771463259.6886868,88_2,88,das_work,2.777402877807617,48258,39,1
1771463259.689851,91_2,91,das_work,2.552579164505005,48258,39,1
1771463259.71183,90_2,90,das_work,4.885961055755615,48258,39,1
1771463271.6813176,88_2,88,das_work,1.869030475616455,48258,40,1
1771463271.6849468,91_2,91,das_work,1.128345251083374,48258,40,1
1771463271.7017765,89_2,89,das_work,9.891613006591797,48258,40,1
1771463271.7079997,90_2,90,das_work,0.4062950611114502,48258,40,1
1771463283.6953857,91_3,91,das_work,5.736873865127564,48258,41,1
1771463283.6959703,88_2,88,das_work,4.742629528045654,48258,41,1
1771463283.70158,89_2,89,das_work,4.524247646331787,48258,41,1
1771463295.6795506,91_3,91,das_work,8.096688508987427,48258,42,1
1771463295.6973472,90_2,90,das_work,12.082209348678589,48258,42,1
1771463295.7021737,88_3,88,das_work,7.195772409439087,48258,42,1
1771463295.7140968,89_3,89,das_work,1.6314702033996582,48258,42,1
1771463307.6728313,90_3,90,das_work,7.339314699172974,48258,43,1
1771463307.673565,91_3,91,das_work,9.243746042251589,48258,43,1
1771463307.6751957,88_3,88,das_work,9.441864728927612,48258,43,1
1771463307.6798236,89_3,89,das_work,5.487995147705078,48258,43,1
1771463319.67099,91_3,91,das_work,9.295984506607056,48258,44,1
1771463319.6829169,90_3,90,das_work,6.223979473114014,48258,44,1
1771463319.698518,88_3,88,das_work,7.761755228042602,48258,44,1
1771463319.708747,89_3,89,das_work,2.050344705581665,48258,44,1
1771463331.680666,88_3,88,das_work,3.150736093521118,48258,45,1
1771463331.7137098,91_3,91,das_work,5.383419513702393,48258,45,1
1771463331.7170146,89_3,89,das_work,8.462944269180298,48258,45,1
1771463331.7207434,90_3,90,das_work,7.127523183822632,48258,45,1
1771463343.6780574,88_3,88,das_work,5.582852363586426,48258,46,1
1771463343.6808584,90_3,90,das_work,3.6766762733459473,48258,46,1
1771463343.6947532,89_3,89,das_work,6.861343622207642,48258,46,1
1771463343.7086847,91_3,91,das_work,3.3879523277282715,48258,46,1
1771463355.6700344,88_3,88,das_work,1.4885563850402832,48258,47,1
1771463355.6841598,91_3,91,das_work,1.6826181411743164,48258,47,1
1771463355.696975,89_3,89,das_work,5.799511194229126,48258,47,1
1771463355.703253,90_3,90,das_work,2.911207437515259,48258,47,1
1771463367.6936672,89_3,89,das_work,7.981413841247559,48258,48,1
1771463367.70373,91_3,91,das_work,5.915328979492188,48258,48,1
1771463367.7155695,88_3,88,das_work,5.161240577697754,48258,48,1
1771463367.7167044,90_3,90,das_work,4.969430208206177,48258,48,1
1771463379.6910248,89_3,89,das_work,4.602807760238648,48258,49,1
1771463379.6948376,88_3,88,das_work,5.925252676010132,48258,49,1
1771463379.7034926,91_3,91,das_work,2.9831814765930176,48258,49,1
1771463379.704015,90_3,90,das_work,2.153069496154785,48258,49,1
1771463391.6591668,91_3,91,das_work,1.3428983688354492,48258,50,1
1771463391.6762006,90_3,90,das_work,9.726819038391112,48258,50,1
1771463391.6829906,89_3,89,das_work,5.829108238220215,48258,50,1
1771463391.6964672,88_3,88,das_work,5.821542978286743,48258,50,1
1771463403.671326,88_3,88,das_work,5.878968000411987,48258,51,1
1771463403.673442,90_3,90,das_work,4.876424551010132,48258,51,1
1771463403.6980057,89_3,89,das_work,4.768481731414795,48258,51,1
1771463403.705601,91_4,91,das_work,1.7469792366027832,48258,51,1
1771463415.6794434,91_4,91,das_work,9.235206365585327,48258,52,1
1771463415.687726,90_3,90,das_work,6.0060648918151855,48258,52,1
1771463415.7160833,89_4,89,das_work,8.296087980270386,48258,52,1
1771463415.7212565,88_4,88,das_work,3.720659732818604,48258,52,1
1771463427.6706202,91_4,91,das_work,10.07482099533081,48258,53,1
1771463427.6744642,88_4,88,das_work,4.248830080032349,48258,53,1
1771463427.686386,89_4,89,das_work,5.339667320251465,48258,53,1
1771463427.7052462,90_4,90,das_work,6.04555869102478,48258,53,1
1771463439.659928,89_4,89,das_work,7.02141547203064,48258,54,1
1771463439.660549,91_4,91,das_work,5.998964309692383,48258,54,1
1771463439.6776035,90_4,90,das_work,2.1324589252471924,48258,54,1
1771463439.7111456,88_4,88,das_work,7.2213294506073,48258,54,1
1771463451.6734366,88_4,88,das_work,3.2930095195770264,48258,55,1
1771463451.6776726,90_4,90,das_work,5.585235357284546,48258,55,1
1771463451.709483,91_4,91,das_work,3.3269448280334477,48258,55,1
1771463451.720176,89_4,89,das_work,5.496171474456787,48258,55,1
1771463463.686198,88_4,88,das_work,6.571912288665772,48258,56,1
1771463463.6959248,91_4,91,das_work,7.249577760696411,48258,56,1
1771463463.7023008,90_4,90,das_work,1.1359622478485107,48258,56,1
1771463463.7142837,89_4,89,das_work,7.115818500518799,48258,56,1
1771463475.6770704,89_4,89,das_work,4.746650457382202,48258,57,1
1771463475.697108,90_4,90,das_work,3.385497808456421,48258,57,1
1771463475.7001195,91_4,91,das_work,4.055629253387451,48258,57,1
1771463475.7125738,88_4,88,das_work,4.744548559188843,48258,57,1
1771463487.649999,88_4,88,das_work,8.47505235671997,48258,58,1
1771463487.6843088,89_4,89,das_work,3.141642808914185,48258,58,1
1771463487.685056,90_4,90,das_work,1.9167068004608157,48258,58,1
1771463487.6928658,91_4,91,das_work,7.940493583679199,48258,58,1
1771463499.6340213,89_4,89,das_work,1.8395001888275144,48258,59,1
1771463499.6462457,91_4,91,das_work,7.839808702468872,48258,59,1
1771463499.647836,88_4,88,das_work,7.053036689758301,48258,59,1
1771463499.6594844,90_4,90,das_work,9.435448169708252,48258,59,1
1771463511.6212466,88_4,88,das_work,1.4969053268432615,48258,60,1
1771463511.622519,89_4,89,das_work,8.951164722442627,48258,60,1
1771463511.639312,91_4,91,das_work,1.3495380878448486,48258,60,1
1771463511.6492524,90_4,90,das_work,2.019034147262573,48258,60,1
1771463523.6017845,89_4,89,das_work,0.4729194641113281,48258,61,1
1771463523.6049516,90_4,90,das_work,4.074411153793335,48258,61,1
1771463523.6180713,88_4,88,das_work,1.5415339469909668,48258,61,1
1771463535.610057,90_4,90,das_work,7.626748085021973,48258,62,1
1771462923.6360483,94_0,94,das_work,2.50672459602356,48258,11,1
1771462935.62457,92_0,92,das_work,6.200540065765381,48258,12,1
1771462935.6304336,95_0,95,das_work,8.775884628295898,48258,12,1
1771462935.6349282,94_0,94,das_work,6.486541986465454,48258,12,1
1771462935.6603618,93_0,93,das_work,1.6659505367279053,48258,12,1
1771462947.6480436,94_0,94,das_work,3.427784204483032,48258,13,1
1771462947.6486006,95_0,95,das_work,4.091625213623047,48258,13,1
1771462947.6628249,93_0,93,das_work,5.423632621765137,48258,13,1
1771462947.6788113,92_0,92,das_work,1.206202507019043,48258,13,1
1771462959.6757717,93_0,93,das_work,1.4637339115142822,48258,14,1
1771462959.6841943,94_0,94,das_work,9.5290105342865,48258,14,1
1771462959.6885252,95_0,95,das_work,6.58669376373291,48258,14,1
1771462959.6994407,92_0,92,das_work,10.117805242538452,48258,14,1
1771462971.6785593,94_0,94,das_work,2.554971933364868,48258,15,1
1771462971.680752,92_0,92,das_work,0.5543079376220703,48258,15,1
1771462971.6917412,93_0,93,das_work,5.481683015823364,48258,15,1
1771462971.7228105,95_0,95,das_work,3.448491334915161,48258,15,1
1771462983.686843,92_0,92,das_work,9.241395950317385,48258,16,1
1771462983.687997,95_0,95,das_work,3.252391815185547,48258,16,1
1771462983.7085133,94_0,94,das_work,5.63149094581604,48258,16,1
1771462983.7148695,93_0,93,das_work,3.0206589698791504,48258,16,1
1771462995.6950555,92_0,92,das_work,6.438498497009277,48258,17,1
1771462995.6956322,93_0,93,das_work,4.806269407272339,48258,17,1
1771462995.7032435,95_0,95,das_work,9.025268077850342,48258,17,1
1771462995.705259,94_0,94,das_work,3.662268877029419,48258,17,1
1771463007.710964,92_0,92,das_work,5.46494722366333,48258,18,1
1771463007.7123106,94_0,94,das_work,9.476655960083008,48258,18,1
1771463007.7261958,95_0,95,das_work,4.668259382247925,48258,18,1
1771463007.7284367,93_0,93,das_work,7.409114599227905,48258,18,1
1771463019.6890435,93_0,93,das_work,0.505497932434082,48258,19,1
1771463019.711661,95_0,95,das_work,7.96778416633606,48258,19,1
1771463019.7236905,94_0,94,das_work,6.789490461349487,48258,19,1
1771463019.730693,92_0,92,das_work,3.767214298248291,48258,19,1
1771463031.6967306,95_0,95,das_work,8.283068180084229,48258,20,1
1771463031.698657,94_0,94,das_work,2.20751690864563,48258,20,1
1771463031.7042391,92_0,92,das_work,3.838488101959229,48258,20,1
1771463031.707537,93_0,93,das_work,0.8835964202880859,48258,20,1
1771463043.705912,93_0,93,das_work,8.381401777267456,48258,21,1
1771463043.7140713,95_0,95,das_work,8.562812566757202,48258,21,1
1771463043.7191966,94_1,94,das_work,7.143781423568726,48258,21,1
1771463043.7283385,92_0,92,das_work,2.370831251144409,48258,21,1
1771463055.698648,92_1,92,das_work,4.918598175048828,48258,22,1
1771463055.7030406,95_1,95,das_work,6.637189626693726,48258,22,1
1771463055.7244463,93_1,93,das_work,4.814589023590088,48258,22,1
1771463055.732489,94_1,94,das_work,7.364803075790405,48258,22,1
1771463067.6885962,95_1,95,das_work,1.601182222366333,48258,23,1
1771463067.700652,93_1,93,das_work,4.888440370559692,48258,23,1
1771463067.7136953,94_1,94,das_work,9.110816717147827,48258,23,1
1771463067.7164347,92_1,92,das_work,1.8707399368286133,48258,23,1
1771463079.6836424,94_1,94,das_work,0.8372418880462646,48258,24,1
1771463079.7215483,92_1,92,das_work,2.507522821426392,48258,24,1
1771463079.722087,93_1,93,das_work,5.255772590637207,48258,24,1
1771463079.7234554,95_1,95,das_work,5.865351676940918,48258,24,1
1771463091.6981285,95_1,95,das_work,6.212379693984985,48258,25,1
1771463091.701889,93_1,93,das_work,8.101962804794312,48258,25,1
1771463091.7088711,92_1,92,das_work,2.2902228832244877,48258,25,1
1771463091.7147071,94_1,94,das_work,3.867465019226074,48258,25,1
1771463103.6857555,92_1,92,das_work,4.708965301513672,48258,26,1
1771463103.6918414,93_1,93,das_work,1.955204963684082,48258,26,1
1771463103.6972606,94_1,94,das_work,6.2789740562438965,48258,26,1
1771463103.723444,95_1,95,das_work,8.510685920715332,48258,26,1
1771463115.6819675,94_1,94,das_work,5.152288198471069,48258,27,1
1771463115.6892104,93_1,93,das_work,2.335516929626465,48258,27,1
1771463115.692536,95_1,95,das_work,4.924365758895874,48258,27,1
1771463115.7171588,92_1,92,das_work,2.2071621417999268,48258,27,1
1771463127.6830468,93_1,93,das_work,8.939637184143066,48258,28,1
1771463127.683817,95_1,95,das_work,6.791962146759033,48258,28,1
1771463127.7084992,92_1,92,das_work,3.6942899227142334,48258,28,1
1771463127.7161732,94_1,94,das_work,1.9274919033050537,48258,28,1
1771463139.6816268,95_1,95,das_work,8.32966423034668,48258,29,1
1771463139.6968312,94_1,94,das_work,4.81069540977478,48258,29,1
1771463139.7173452,92_1,92,das_work,2.1262006759643555,48258,29,1
1771463139.7256663,93_1,93,das_work,8.047893047332764,48258,29,1
1771463151.690613,94_1,94,das_work,2.14871883392334,48258,30,1
1771463151.700947,93_1,93,das_work,0.9594647884368896,48258,30,1
1771463151.702242,95_1,95,das_work,2.484513998031616,48258,30,1
1771463151.7158682,92_1,92,das_work,9.639440059661863,48258,30,1
1771463163.6818604,94_2,94,das_work,4.076942205429077,48258,31,1
1771463163.6890285,95_1,95,das_work,5.663823843002319,48258,31,1
1771463163.719834,92_1,92,das_work,2.09197998046875,48258,31,1
1771463163.7293594,93_1,93,das_work,6.089481592178345,48258,31,1
1771463175.6809392,92_2,92,das_work,6.230427265167236,48258,32,1
1771463175.685789,94_2,94,das_work,8.774631261825562,48258,32,1
1771463175.7132156,93_2,93,das_work,5.784507513046265,48258,32,1
1771463175.7258267,95_2,95,das_work,5.623643398284912,48258,32,1
1771463187.6693354,92_2,92,das_work,6.848625421524048,48258,33,1
1771463187.6807506,93_2,93,das_work,8.026999235153198,48258,33,1
1771463187.6816216,94_2,94,das_work,1.104557752609253,48258,33,1
1771463187.7128408,95_2,95,das_work,2.1237494945526123,48258,33,1
1771463199.6879673,93_2,93,das_work,1.723790407180786,48258,34,1
1771463199.7026713,95_2,95,das_work,1.926062822341919,48258,34,1
1771463199.7045264,94_2,94,das_work,2.4909684658050537,48258,34,1
1771463199.7298214,92_2,92,das_work,9.37889528274536,48258,34,1
1771463211.7020118,93_2,93,das_work,2.934246301651001,48258,35,1
1771463211.715852,94_2,94,das_work,5.796365022659302,48258,35,1
1771463211.7195208,95_2,95,das_work,4.731719017028809,48258,35,1
1771463211.7246118,92_2,92,das_work,8.656239748001099,48258,35,1
1771463223.678173,95_2,95,das_work,8.043234586715698,48258,36,1
1771463223.6850717,93_2,93,das_work,8.534199237823486,48258,36,1
1771463223.6856754,92_2,92,das_work,6.795018196105957,48258,36,1
1771463223.7067485,94_2,94,das_work,2.241539239883423,48258,36,1
1771463235.6776764,93_2,93,das_work,3.127105951309204,48258,37,1
1771463235.6781936,92_2,92,das_work,9.02305030822754,48258,37,1
1771463235.691448,94_2,94,das_work,2.1798081398010254,48258,37,1
1771463235.7071588,95_2,95,das_work,4.926332473754883,48258,37,1
1771463247.6688895,94_2,94,das_work,4.421125650405884,48258,38,1
1771463247.6709847,93_2,93,das_work,8.789002656936646,48258,38,1
1771463247.677869,95_2,95,das_work,5.185347318649292,48258,38,1
1771463247.7140348,92_2,92,das_work,8.398845434188843,48258,38,1
1771463259.671695,95_2,95,das_work,2.6858110427856445,48258,39,1
1771463259.6807084,94_2,94,das_work,7.365683317184448,48258,39,1
1771463259.6873677,92_2,92,das_work,9.176843404769896,48258,39,1
1771463259.7046556,93_2,93,das_work,8.358675241470337,48258,39,1
1771463271.6651714,93_2,93,das_work,4.393599271774292,48258,40,1
1771463271.6728125,92_2,92,das_work,7.468441247940063,48258,40,1
1771463271.684742,94_2,94,das_work,8.273489236831665,48258,40,1
1771463271.7015326,95_2,95,das_work,6.303507089614868,48258,40,1
1771463283.6638925,95_2,95,das_work,5.890755653381348,48258,41,1
1771463283.670224,92_2,92,das_work,7.301568031311035,48258,41,1
1771463283.6737964,94_3,94,das_work,7.87444543838501,48258,41,1
1771463283.6882565,93_2,93,das_work,2.9470646381378174,48258,41,1
1771463295.6782866,95_3,95,das_work,7.3743836879730225,48258,42,1
1771463295.684082,93_3,93,das_work,8.772310733795166,48258,42,1
1771463295.7026353,92_3,92,das_work,5.595272302627564,48258,42,1
1771463295.7145991,94_3,94,das_work,7.780814409255981,48258,42,1
1771463307.66314,94_3,94,das_work,7.244439125061035,48258,43,1
1771463307.678547,95_3,95,das_work,8.359674453735352,48258,43,1
1771463307.6860902,92_3,92,das_work,5.307543516159058,48258,43,1
1771463307.6984797,93_3,93,das_work,5.570476055145264,48258,43,1
1771463319.6924562,92_3,92,das_work,6.519155263900757,48258,44,1
1771463319.697106,93_3,93,das_work,7.360690593719482,48258,44,1
1771463319.7043335,95_3,95,das_work,7.53365421295166,48258,44,1
1771463319.7080815,94_3,94,das_work,6.452093839645386,48258,44,1
1771463331.67777,95_3,95,das_work,7.226073503494263,48258,45,1
1771463331.710385,93_3,93,das_work,6.771615266799927,48258,45,1
1771463331.7162158,92_3,92,das_work,8.586648225784302,48258,45,1
1771463331.727405,94_3,94,das_work,6.833441019058228,48258,45,1
1771463343.6941714,92_3,92,das_work,4.263178110122681,48258,46,1
1771463343.6982243,93_3,93,das_work,5.796143531799316,48258,46,1
1771463343.71118,94_3,94,das_work,2.2318501472473145,48258,46,1
1771463343.7149158,95_3,95,das_work,1.5270872116088867,48258,46,1
1771463355.6713672,95_3,95,das_work,5.3655970096588135,48258,47,1
1771463355.711561,94_3,94,das_work,3.195122003555298,48258,47,1
1771463355.7157228,92_3,92,das_work,9.346405506134031,48258,47,1
1771463355.7173848,93_3,93,das_work,1.386892557144165,48258,47,1
1771463367.6921678,95_3,95,das_work,5.215444087982178,48258,48,1
1771463367.7015986,92_3,92,das_work,4.187039852142334,48258,48,1
1771463367.7108688,94_3,94,das_work,5.712414264678955,48258,48,1
1771463367.7303166,93_3,93,das_work,8.439099311828613,48258,48,1
1771463379.6893313,93_3,93,das_work,1.6650986671447754,48258,49,1
1771463379.7017884,95_3,95,das_work,5.755884408950806,48258,49,1
1771463379.7069206,92_3,92,das_work,7.079627513885498,48258,49,1
1771463379.7091377,94_3,94,das_work,5.1464433670043945,48258,49,1
1771463391.6593587,92_3,92,das_work,7.944689750671387,48258,50,1
1771463391.678106,94_3,94,das_work,7.528397798538208,48258,50,1
1771463391.686519,95_3,95,das_work,1.372866153717041,48258,50,1
1771463391.7022822,93_3,93,das_work,7.317097187042236,48258,50,1
1771463403.6768053,95_3,95,das_work,6.00634241104126,48258,51,1
1771463403.68476,92_3,92,das_work,2.3331894874572754,48258,51,1
1771463403.6935928,93_3,93,das_work,7.038604497909546,48258,51,1
1771463403.7040863,94_4,94,das_work,7.092133045196533,48258,51,1
1771463415.698537,93_4,93,das_work,8.960049867630005,48258,52,1
1771463415.7015042,95_4,95,das_work,3.251166820526123,48258,52,1
1771463415.7104182,92_4,92,das_work,6.7284135818481445,48258,52,1
1771463415.7147274,94_4,94,das_work,9.840803861618042,48258,52,1
1771463427.669808,94_4,94,das_work,5.417167663574219,48258,53,1
1771463427.675929,92_4,92,das_work,7.719752311706543,48258,53,1
1771463427.6766002,95_4,95,das_work,4.101961851119995,48258,53,1
1771463427.684519,93_4,93,das_work,8.233203172683716,48258,53,1
1771463439.6729116,94_4,94,das_work,3.641709089279175,48258,54,1
1771463439.6784086,93_4,93,das_work,0.4400177001953125,48258,54,1
1771463439.6821964,92_4,92,das_work,5.427087783813477,48258,54,1
1771463439.7007225,95_4,95,das_work,3.1088132858276367,48258,54,1
1771463451.6860971,92_4,92,das_work,9.91843056678772,48258,55,1
1771463451.6900046,94_4,94,das_work,7.723634004592895,48258,55,1
1771463451.7084837,93_4,93,das_work,4.2661778926849365,48258,55,1
1771463451.7138646,95_4,95,das_work,2.118460893630981,48258,55,1
1771463463.6729436,95_4,95,das_work,10.20672869682312,48258,56,1
1771463463.6770558,94_4,94,das_work,7.124070882797241,48258,56,1
1771463463.7081306,93_4,93,das_work,7.773680686950684,48258,56,1
1771463463.7087824,92_4,92,das_work,6.943066596984863,48258,56,1
1771463475.6764612,92_4,92,das_work,8.023933172225952,48258,57,1
1771463475.681476,93_4,93,das_work,7.806664705276489,48258,57,1
1771463475.6827655,94_4,94,das_work,1.572134017944336,48258,57,1
1771463475.71374,95_4,95,das_work,4.53285026550293,48258,57,1
1771463487.6538842,95_4,95,das_work,4.664757013320923,48258,58,1
1771463487.6641097,93_4,93,das_work,6.6694700717926025,48258,58,1
1771463487.6917984,94_4,94,das_work,3.1400179862976074,48258,58,1
1771463487.692338,92_4,92,das_work,2.4433600902557373,48258,58,1
1771463499.640674,92_4,92,das_work,4.167308330535889,48258,59,1
1771463499.6456225,93_4,93,das_work,5.821631193161011,48258,59,1
1771463499.6786134,95_4,95,das_work,8.727187633514404,48258,59,1
1771463511.631938,92_4,92,das_work,4.256229400634766,48258,60,1
1771463511.6440654,95_4,95,das_work,6.465409278869629,48258,60,1
1771463511.6448438,93_4,93,das_work,9.147213459014893,48258,60,1
1771463511.6513145,94_4,94,das_work,12.131766080856323,48258,60,1
1771463523.6003144,93_4,93,das_work,8.33095932006836,48258,61,1
1771463523.6101253,92_4,92,das_work,5.6913743019104,48258,61,1
1771463523.6127963,95_4,95,das_work,9.660576105117798,48258,61,1
1771463523.616801,94_4,94,das_work,7.055721521377564,48258,61,1
1771462935.621473,97_0,97,das_work,7.41130256652832,48258,12,1
1771462935.627298,96_0,96,das_work,3.327878713607788,48258,12,1
1771462935.6345448,98_0,98,das_work,3.0039947032928467,48258,12,1
1771462947.645342,99_0,99,das_work,11.176075458526611,48258,13,1
1771462947.650725,98_0,98,das_work,0.7515020370483398,48258,13,1
1771462947.654331,96_0,96,das_work,4.8397216796875,48258,13,1
1771462947.660056,97_0,97,das_work,6.814022541046143,48258,13,1
1771462959.663515,98_0,98,das_work,4.568859577178955,48258,14,1
1771462959.6695771,99_0,99,das_work,6.138140201568604,48258,14,1
1771462959.671131,97_0,97,das_work,1.5011897087097168,48258,14,1
1771462959.6935892,96_0,96,das_work,1.4712753295898438,48258,14,1
1771462971.6839094,98_0,98,das_work,4.7982563972473145,48258,15,1
1771462971.6941247,97_0,97,das_work,5.5497212409973145,48258,15,1
1771462971.721011,99_0,99,das_work,10.062934637069702,48258,15,1
1771462971.7218585,96_0,96,das_work,1.9093501567840576,48258,15,1
1771462983.6958692,99_0,99,das_work,3.925350427627564,48258,16,1
1771462983.7132478,97_0,97,das_work,9.144833087921144,48258,16,1
1771462983.7167509,96_0,96,das_work,9.618284940719604,48258,16,1
1771462983.720284,98_0,98,das_work,9.515822410583496,48258,16,1
1771462995.7155836,99_0,99,das_work,6.8116090297698975,48258,17,1
1771462995.7229235,98_0,98,das_work,4.18345832824707,48258,17,1
1771462995.7312422,96_0,96,das_work,9.61341404914856,48258,17,1
1771462995.7336514,97_0,97,das_work,8.636025428771973,48258,17,1
1771463007.704141,97_0,97,das_work,7.431780576705933,48258,18,1
1771463007.7047102,96_0,96,das_work,1.2520713806152344,48258,18,1
1771463007.7214766,98_0,98,das_work,1.704085111618042,48258,18,1
1771463007.7228217,99_0,99,das_work,4.326012134552002,48258,18,1
1771463019.6930425,97_0,97,das_work,6.282587766647339,48258,19,1
1771463019.7046828,99_0,99,das_work,3.533615827560425,48258,19,1
1771463019.7084816,98_0,98,das_work,5.442937135696411,48258,19,1
1771463019.724048,96_0,96,das_work,7.321629047393799,48258,19,1
1771463031.6835103,96_0,96,das_work,4.357882022857666,48258,20,1
1771463031.6957865,98_0,98,das_work,8.931643009185791,48258,20,1
1771463031.703935,97_0,97,das_work,2.4208734035491943,48258,20,1
1771463031.709374,99_0,99,das_work,6.7294762134552,48258,20,1
1771463043.6999743,98_0,98,das_work,6.453013896942139,48258,21,1
1771463043.7019026,97_0,97,das_work,8.847307443618774,48258,21,1
1771463043.708576,99_0,99,das_work,7.873151779174805,48258,21,1
1771463043.7194924,96_0,96,das_work,2.7345640659332275,48258,21,1
1771463055.7153442,96_1,96,das_work,2.963259220123291,48258,22,1
1771463055.7232275,99_0,99,das_work,4.661216735839844,48258,22,1
1771463055.723954,97_1,97,das_work,4.897159099578857,48258,22,1
1771463055.7264993,98_1,98,das_work,2.9009785652160645,48258,22,1
1771463067.683745,98_1,98,das_work,5.601667881011963,48258,23,1
1771463067.684507,99_1,99,das_work,7.808449029922485,48258,23,1
1771463067.6860824,96_1,96,das_work,8.345025300979614,48258,23,1
1771463067.7030303,97_1,97,das_work,9.798294067382812,48258,23,1
1771463079.688168,97_1,97,das_work,4.522069215774536,48258,24,1
1771463079.695336,99_1,99,das_work,3.6444694995880127,48258,24,1
1771463079.702539,98_1,98,das_work,4.072319984436035,48258,24,1
1771463079.7088604,96_1,96,das_work,1.521326780319214,48258,24,1
1771463091.7053828,96_1,96,das_work,5.130146265029907,48258,25,1
1771463091.708654,97_1,97,das_work,8.741989135742188,48258,25,1
1771463091.744934,99_1,99,das_work,2.0041418075561523,48258,25,1
1771463091.7488737,98_1,98,das_work,6.793939113616943,48258,25,1
1771463103.6900685,99_1,99,das_work,1.9311270713806152,48258,26,1
1771463103.7045822,97_1,97,das_work,1.0791866779327393,48258,26,1
1771463103.7132258,96_1,96,das_work,5.42350697517395,48258,26,1
1771463103.7137456,98_1,98,das_work,8.325169563293457,48258,26,1
1771463115.699717,99_1,99,das_work,5.584667205810547,48258,27,1
1771463115.709968,97_1,97,das_work,4.885469675064087,48258,27,1
1771463115.7147262,96_1,96,das_work,4.488382577896118,48258,27,1
1771463115.7295709,98_1,98,das_work,4.563469171524048,48258,27,1
1771463127.6928325,98_1,98,das_work,2.639587163925171,48258,28,1
1771463127.6935258,96_1,96,das_work,2.031458616256714,48258,28,1
1771463127.7179456,97_1,97,das_work,5.4460203647613525,48258,28,1
1771463127.7268243,99_1,99,das_work,8.017742156982422,48258,28,1
1771463139.6836796,99_1,99,das_work,2.8276443481445312,48258,29,1
1771463139.6842272,98_1,98,das_work,4.799537420272827,48258,29,1
1771463139.6933064,96_1,96,das_work,5.686991214752197,48258,29,1
1771463139.7000802,97_1,97,das_work,5.562695026397705,48258,29,1
1771463151.6820848,99_1,99,das_work,4.130558252334595,48258,30,1
1771463151.688341,97_1,97,das_work,2.1872878074646,48258,30,1
1771463151.6944664,98_1,98,das_work,1.0748038291931152,48258,30,1
1771463151.7175646,96_1,96,das_work,4.3219521045684814,48258,30,1
1771463163.6896703,96_1,96,das_work,4.747060775756836,48258,31,1
1771463163.6904988,99_1,99,das_work,3.1498589515686035,48258,31,1
1771463163.7091646,98_1,98,das_work,6.0079498291015625,48258,31,1
1771463163.712395,97_1,97,das_work,5.966299295425415,48258,31,1
1771463175.7103314,99_1,99,das_work,9.44489574432373,48258,32,1
1771463175.7110505,97_2,97,das_work,7.456220388412476,48258,32,1
1771463175.7152145,96_2,96,das_work,5.158472061157227,48258,32,1
1771463175.7226295,98_2,98,das_work,6.30419659614563,48258,32,1
1771463187.6707714,99_2,99,das_work,3.28031587600708,48258,33,1
1771463187.6814947,96_2,96,das_work,2.548767566680908,48258,33,1
1771463187.686716,97_2,97,das_work,1.9847064018249512,48258,33,1
1771463187.7001772,98_2,98,das_work,2.162384033203125,48258,33,1
1771463199.7264023,96_2,96,das_work,4.273941516876221,48258,34,1
1771463199.727244,99_2,99,das_work,6.641712665557861,48258,34,1
1771463199.731336,97_2,97,das_work,4.0609965324401855,48258,34,1
1771463199.736008,98_2,98,das_work,8.991527795791626,48258,34,1
1771463211.6767848,96_2,96,das_work,9.011045694351196,48258,35,1
1771463211.688357,99_2,99,das_work,7.423809766769409,48258,35,1
1771463211.7010105,98_2,98,das_work,6.375729084014893,48258,35,1
1771463211.7189195,97_2,97,das_work,3.064786434173584,48258,35,1
1771463223.6680143,99_2,99,das_work,3.412548780441284,48258,36,1
1771463223.6818922,98_2,98,das_work,4.796716213226318,48258,36,1
1771463223.6889086,96_2,96,das_work,6.345202445983887,48258,36,1
1771463223.6906798,97_2,97,das_work,0.7227959632873535,48258,36,1
1771463235.677853,97_2,97,das_work,1.0727572441101074,48258,37,1
1771463235.6897588,98_2,98,das_work,7.1549506187438965,48258,37,1
1771463235.6953115,99_2,99,das_work,6.4494922161102295,48258,37,1
1771463235.7139428,96_2,96,das_work,6.505488634109497,48258,37,1
1771463247.6745412,96_2,96,das_work,5.749053239822388,48258,38,1
1771463247.6781473,97_2,97,das_work,4.28234601020813,48258,38,1
1771463247.684436,99_2,99,das_work,8.275758981704712,48258,38,1
1771463247.7097623,98_2,98,das_work,0.9171559810638428,48258,38,1
1771463259.671881,99_2,99,das_work,6.122664213180542,48258,39,1
1771463259.6732616,98_2,98,das_work,8.284615993499756,48258,39,1
1771463259.6756694,96_2,96,das_work,7.799215078353882,48258,39,1
1771463259.6932375,97_2,97,das_work,7.868590831756592,48258,39,1
1771463271.6738236,99_2,99,das_work,9.847085952758787,48258,40,1
1771463271.6865036,96_2,96,das_work,7.092596292495728,48258,40,1
1771463271.6934066,98_2,98,das_work,4.756914138793945,48258,40,1
1771463271.714053,97_2,97,das_work,1.356186866760254,48258,40,1
1771463283.6807427,97_2,97,das_work,2.5562334060668945,48258,41,1
1771463283.6809475,96_2,96,das_work,4.007505655288696,48258,41,1
1771463283.695793,98_2,98,das_work,8.944100379943848,48258,41,1
1771463283.6991844,99_2,99,das_work,3.723345994949341,48258,41,1
1771463295.6650069,96_3,96,das_work,3.6032464504241934,48258,42,1
1771463295.67477,99_2,99,das_work,6.974038600921631,48258,42,1
1771463295.685258,98_3,98,das_work,3.855329751968384,48258,42,1
1771463295.691064,97_3,97,das_work,8.01780891418457,48258,42,1
1771463307.6595328,99_3,99,das_work,7.563117265701294,48258,43,1
1771463307.6746805,96_3,96,das_work,4.522838115692139,48258,43,1
1771463307.6841135,97_3,97,das_work,4.225682497024536,48258,43,1
1771463307.7047076,98_3,98,das_work,1.1337645053863523,48258,43,1
1771463319.6626625,96_3,96,das_work,4.2974772453308105,48258,44,1
1771463319.6759982,97_3,97,das_work,2.3008384704589844,48258,44,1
1771463319.6931632,99_3,99,das_work,5.124646186828613,48258,44,1
1771463319.6936915,98_3,98,das_work,3.25443172454834,48258,44,1
1771463331.6994686,97_3,97,das_work,2.829185962677002,48258,45,1
1771463331.7035837,98_3,98,das_work,8.35513162612915,48258,45,1
1771463331.710222,99_3,99,das_work,1.9028260707855225,48258,45,1
1771463331.729348,96_3,96,das_work,6.792394638061523,48258,45,1
1771463343.68424,99_3,99,das_work,4.513979911804199,48258,46,1
1771463343.712679,97_3,97,das_work,8.162269115447998,48258,46,1
1771463343.7228794,98_3,98,das_work,5.561678886413574,48258,46,1
1771463343.7237067,96_3,96,das_work,1.399904727935791,48258,46,1
1771463355.6799903,98_3,98,das_work,1.3818082809448242,48258,47,1
1771463355.6937563,99_3,99,das_work,4.797929286956787,48258,47,1
1771463355.6983488,97_3,97,das_work,1.445628643035889,48258,47,1
1771463355.7102056,96_3,96,das_work,3.944085121154785,48258,47,1
1771463367.7047913,99_3,99,das_work,8.75925588607788,48258,48,1
1771463367.7056935,98_3,98,das_work,1.8356876373291016,48258,48,1
1771463367.722597,96_3,96,das_work,5.072254180908203,48258,48,1
1771463367.7258878,97_3,97,das_work,3.979212045669556,48258,48,1
1771463379.6739836,98_3,98,das_work,8.933068037033081,48258,49,1
1771463379.6748035,96_3,96,das_work,8.735548257827759,48258,49,1
1771463379.6815984,99_3,99,das_work,0.7471139430999756,48258,49,1
1771463379.6882515,97_3,97,das_work,10.08426594734192,48258,49,1
1771463391.6632946,97_3,97,das_work,9.230846643447876,48258,50,1
1771463391.664529,96_3,96,das_work,3.624756097793579,48258,50,1
1771463391.670388,98_3,98,das_work,6.782755374908447,48258,50,1
1771463391.6851523,99_3,99,das_work,1.64328932762146,48258,50,1
1771463403.681468,99_3,99,das_work,6.912044525146484,48258,51,1
1771463403.6968372,97_3,97,das_work,0.7633435726165771,48258,51,1
1771463403.7100415,96_3,96,das_work,4.470231056213379,48258,51,1
1771463403.7123327,98_3,98,das_work,2.300755023956299,48258,51,1
1771463415.6804636,99_3,99,das_work,7.243344783782959,48258,52,1
1771463415.6925435,96_4,96,das_work,5.4146409034729,48258,52,1
1771463415.6940963,98_4,98,das_work,2.7806522846221924,48258,52,1
1771463415.7017186,97_4,97,das_work,2.1774919033050537,48258,52,1
1771463427.6724195,96_4,96,das_work,0.9467666149139404,48258,53,1
1771463427.6904826,98_4,98,das_work,7.618033647537231,48258,53,1
1771463427.6993475,97_4,97,das_work,5.997357130050659,48258,53,1
1771463427.709074,99_4,99,das_work,2.4369404315948486,48258,53,1
1771463439.6604805,98_4,98,das_work,8.28798508644104,48258,54,1
1771463439.6657865,97_4,97,das_work,0.8761641979217529,48258,54,1
1771463439.685557,96_4,96,das_work,6.100391149520874,48258,54,1
1771463439.706934,99_4,99,das_work,8.037233352661133,48258,54,1
1771463451.6697028,96_4,96,das_work,0.9122929573059082,48258,55,1
1771463451.6741366,99_4,99,das_work,0.3660397529602051,48258,55,1
1771463451.6931825,97_4,97,das_work,6.87171483039856,48258,55,1
1771463451.7207568,98_4,98,das_work,8.452511310577393,48258,55,1
1771463463.6682024,98_4,98,das_work,7.216630697250366,48258,56,1
1771463463.674149,99_4,99,das_work,6.482932567596436,48258,56,1
1771463463.6999786,96_4,96,das_work,9.372469425201416,48258,56,1
1771463463.704938,97_4,97,das_work,9.107916355133057,48258,56,1
1771463475.670285,98_4,98,das_work,7.505015850067139,48258,57,1
1771463475.6847098,99_4,99,das_work,8.058667182922363,48258,57,1
1771463475.6944218,96_4,96,das_work,5.518615245819092,48258,57,1
1771463475.706752,97_4,97,das_work,1.745696783065796,48258,57,1
1771463487.6525178,99_4,99,das_work,2.740980863571167,48258,58,1
1771463487.6595488,98_4,98,das_work,1.7255890369415283,48258,58,1
1771463487.6901827,97_4,97,das_work,5.089932680130005,48258,58,1
1771463487.6952312,96_4,96,das_work,7.651195526123047,48258,58,1
1771463499.6353586,99_4,99,das_work,9.345294713974,48258,59,1
1771463499.6446433,97_4,97,das_work,6.040365934371948,48258,59,1
1771463499.650869,96_4,96,das_work,3.385703563690185,48258,59,1
1771463499.652111,98_4,98,das_work,3.060401201248169,48258,59,1
1771463511.624554,97_4,97,das_work,5.90247917175293,48258,60,1
1771463511.639818,96_4,96,das_work,5.378179550170898,48258,60,1
1771463511.6415591,98_4,98,das_work,5.600728750228882,48258,60,1
1771463511.6575768,99_4,99,das_work,2.9439849853515625,48258,60,1
1771463523.6021163,96_4,96,das_work,6.471649885177612,48258,61,1
1771463523.6067915,99_4,99,das_work,6.0863776206970215,48258,61,1
1771463523.6204004,97_4,97,das_work,4.497996330261231,48258,61,1
1771463523.6224964,98_4,98,das_work,8.519151210784912,48258,61,1
1771463535.595728,99_4,99,das_work,1.4690728187561035,48258,62,1
1771462923.6242795,102_0,102,das_work,2.2079997062683105,48258,11,1
1771462935.6305797,101_0,101,das_work,3.329297542572021,48258,12,1
1771462935.646101,102_0,102,das_work,1.4652724266052246,48258,12,1
1771462947.6575062,102_0,102,das_work,4.396546840667725,48258,13,1
1771462947.6625612,103_0,103,das_work,9.18611216545105,48258,13,1
1771462947.6743507,101_0,101,das_work,3.1354968547821045,48258,13,1
1771462947.6781447,100_0,100,das_work,5.401622772216797,48258,13,1
1771462959.6692564,103_0,103,das_work,2.58106541633606,48258,14,1
1771462959.6706188,100_0,100,das_work,7.193027496337891,48258,14,1
1771462959.6979113,102_0,102,das_work,4.965703725814819,48258,14,1
1771462959.7016945,101_0,101,das_work,2.4787604808807373,48258,14,1
1771462971.7195437,103_0,103,das_work,3.856890916824341,48258,15,1
1771462971.7205644,102_0,102,das_work,3.22451400756836,48258,15,1
1771462971.7258916,100_0,100,das_work,2.332488775253296,48258,15,1
1771462971.7264545,101_0,101,das_work,8.350456237792969,48258,15,1
1771462983.6841855,100_0,100,das_work,8.962502717971802,48258,16,1
1771462983.6926408,103_0,103,das_work,4.302520036697388,48258,16,1
1771462983.6961775,101_0,101,das_work,2.0835211277008057,48258,16,1
1771462983.7086732,102_0,102,das_work,8.010179281234741,48258,16,1
1771462995.69897,103_0,103,das_work,6.5559587478637695,48258,17,1
1771462995.7095635,102_0,102,das_work,4.88482928276062,48258,17,1
1771462995.720925,100_0,100,das_work,2.5589792728424072,48258,17,1
1771462995.7280948,101_0,101,das_work,6.9522199630737305,48258,17,1
1771463007.6843386,100_0,100,das_work,8.618542194366455,48258,18,1
1771463007.7268906,101_0,101,das_work,6.24072265625,48258,18,1
1771463007.727499,103_0,103,das_work,4.510882139205933,48258,18,1
1771463007.7335613,102_0,102,das_work,6.21941351890564,48258,18,1
1771463019.6927934,102_0,102,das_work,5.85563325881958,48258,19,1
1771463019.7062275,100_0,100,das_work,5.804713487625122,48258,19,1
1771463019.708202,101_0,101,das_work,3.671075105667114,48258,19,1
1771463019.7218688,103_0,103,das_work,4.267347574234009,48258,19,1
1771463031.6943183,102_0,102,das_work,2.7534971237182617,48258,20,1
1771463031.7088711,100_0,100,das_work,5.583535671234131,48258,20,1
1771463031.7183814,101_0,101,das_work,4.508731365203857,48258,20,1
1771463031.721317,103_0,103,das_work,2.450093507766724,48258,20,1
1771463043.6932824,102_1,102,das_work,7.819502592086792,48258,21,1
1771463043.6963582,100_0,100,das_work,5.776560783386231,48258,21,1
1771463043.707052,103_0,103,das_work,6.768792390823364,48258,21,1
1771463043.7247555,101_0,101,das_work,4.1905198097229,48258,21,1
1771463055.6937845,101_1,101,das_work,4.339065790176392,48258,22,1
1771463055.7094953,103_0,103,das_work,5.370746850967407,48258,22,1
1771463055.71724,102_1,102,das_work,4.03128457069397,48258,22,1
1771463055.7200437,100_0,100,das_work,4.431429386138916,48258,22,1
1771463067.6778114,103_1,103,das_work,2.8235480785369877,48258,23,1
1771463067.6833155,100_1,100,das_work,3.9998159408569336,48258,23,1
1771463067.708468,102_1,102,das_work,8.272781610488892,48258,23,1
1771463067.7184105,101_1,101,das_work,2.2117183208465576,48258,23,1
1771463079.67697,102_1,102,das_work,1.8286540508270264,48258,24,1
1771463079.6865082,101_1,101,das_work,4.820078611373901,48258,24,1
1771463079.6913552,103_1,103,das_work,3.6865193843841553,48258,24,1
1771463079.6944356,100_1,100,das_work,2.1906518936157227,48258,24,1
1771463091.721603,103_1,103,das_work,4.065305948257446,48258,25,1
1771463091.724578,101_1,101,das_work,8.341918706893921,48258,25,1
1771463091.729632,102_1,102,das_work,9.54801321029663,48258,25,1
1771463091.7495525,100_1,100,das_work,3.9337470531463614,48258,25,1
1771463103.6812158,103_1,103,das_work,5.446768283843994,48258,26,1
1771463103.7149124,101_1,101,das_work,8.081108093261719,48258,26,1
1771463103.7184064,102_1,102,das_work,7.023083925247192,48258,26,1
1771463103.7266788,100_1,100,das_work,5.711459398269653,48258,26,1
1771463115.6817243,100_1,100,das_work,6.320358514785767,48258,27,1
1771463115.6948652,101_1,101,das_work,1.1326844692230225,48258,27,1
1771463115.696268,103_1,103,das_work,5.620764493942261,48258,27,1
1771463115.711032,102_1,102,das_work,3.707674503326416,48258,27,1
1771463127.686,101_1,101,das_work,5.97749924659729,48258,28,1
1771463127.6963315,102_1,102,das_work,2.207500696182251,48258,28,1
1771463127.7076344,100_1,100,das_work,5.048984527587891,48258,28,1
1771463127.7156844,103_1,103,das_work,2.4243710041046143,48258,28,1
1771463139.682155,101_1,101,das_work,7.618484258651733,48258,29,1
1771463139.713328,103_1,103,das_work,7.436960935592651,48258,29,1
1771463139.7158403,102_1,102,das_work,1.476494312286377,48258,29,1
1771463139.7201016,100_1,100,das_work,3.249849557876587,48258,29,1
1771463151.7083538,100_1,100,das_work,6.638324022293091,48258,30,1
1771463151.7187262,103_1,103,das_work,0.8680453300476074,48258,30,1
1771463151.7279024,102_1,102,das_work,5.647774696350098,48258,30,1
1771463151.7316403,101_1,101,das_work,1.5813970565795898,48258,30,1
1771463163.691257,103_1,103,das_work,0.7892837524414062,48258,31,1
1771463163.6948938,100_1,100,das_work,5.331315994262695,48258,31,1
1771463163.7190473,102_2,102,das_work,5.743527412414551,48258,31,1
1771463163.7263775,101_1,101,das_work,7.726724863052368,48258,31,1
1771463175.6827807,100_1,100,das_work,9.608460426330566,48258,32,1
1771463175.6911004,101_2,101,das_work,4.81704306602478,48258,32,1
1771463175.7108402,103_1,103,das_work,2.9335458278656006,48258,32,1
1771463175.723011,102_2,102,das_work,3.780309438705444,48258,32,1
1771463187.6660154,100_2,100,das_work,1.913837432861328,48258,33,1
1771463187.6846564,102_2,102,das_work,3.529022693634033,48258,33,1
1771463187.696027,103_2,103,das_work,9.496337413787842,48258,33,1
1771463187.7012708,101_2,101,das_work,3.9502816200256343,48258,33,1
1771463199.6955004,101_2,101,das_work,2.6683571338653564,48258,34,1
1771463199.708172,102_2,102,das_work,5.9046311378479,48258,34,1
1771463199.7217965,100_2,100,das_work,7.628200054168701,48258,34,1
1771463199.7352655,103_2,103,das_work,0.2829086780548095,48258,34,1
1771463211.6758828,100_2,100,das_work,9.56273889541626,48258,35,1
1771463211.7045767,103_2,103,das_work,7.773863792419434,48258,35,1
1771463211.7074015,101_2,101,das_work,7.449898242950439,48258,35,1
1771463211.7284906,102_2,102,das_work,5.176736831665039,48258,35,1
1771463223.679876,100_2,100,das_work,9.29455542564392,48258,36,1
1771463223.6806955,102_2,102,das_work,1.3809700012207031,48258,36,1
1771463223.6982224,101_2,101,das_work,8.26430869102478,48258,36,1
1771463223.7079906,103_2,103,das_work,8.727843046188354,48258,36,1
1771463235.6771874,101_2,101,das_work,0.4626266956329345,48258,37,1
1771463235.6990666,103_2,103,das_work,8.067278146743774,48258,37,1
1771463235.7166667,102_2,102,das_work,4.074224472045898,48258,37,1
1771463235.7249997,100_2,100,das_work,5.371819019317627,48258,37,1
1771463247.68301,101_2,101,das_work,7.614853143692017,48258,38,1
1771463247.688061,102_2,102,das_work,7.095905542373657,48258,38,1
1771463247.6896763,103_2,103,das_work,8.812376260757446,48258,38,1
1771463247.7009685,100_2,100,das_work,5.24210524559021,48258,38,1
1771463259.6642902,102_2,102,das_work,6.344169855117798,48258,39,1
1771463259.6921606,100_2,100,das_work,2.0171895027160645,48258,39,1
1771463259.7147534,101_2,101,das_work,3.786971092224121,48258,39,1
1771463259.7152534,103_2,103,das_work,4.496118307113648,48258,39,1
1771463271.6902566,102_2,102,das_work,3.1912765502929688,48258,40,1
1771463271.6921766,100_2,100,das_work,7.245030164718628,48258,40,1
1771463271.6955776,101_2,101,das_work,9.051320314407349,48258,40,1
1771463271.7122538,103_2,103,das_work,2.181261777877808,48258,40,1
1771463283.6757083,100_2,100,das_work,5.861203670501709,48258,41,1
1771463283.6989355,102_3,102,das_work,1.314800500869751,48258,41,1
1771463283.6996768,101_2,101,das_work,9.02699327468872,48258,41,1
1771463283.70251,103_2,103,das_work,3.8600587844848633,48258,41,1
1771463295.6685462,101_3,101,das_work,9.615927934646606,48258,42,1
1771463295.6987417,103_2,103,das_work,4.0925164222717285,48258,42,1
1771463295.699248,102_3,102,das_work,7.53389310836792,48258,42,1
1771463295.7138832,100_2,100,das_work,8.958935260772705,48258,42,1
1771463307.6613624,103_3,103,das_work,7.008887529373169,48258,43,1
1771463307.6655257,101_3,101,das_work,6.227700710296631,48258,43,1
1771463307.6947265,102_3,102,das_work,9.594740629196169,48258,43,1
1771463307.699901,100_3,100,das_work,7.325653553009033,48258,43,1
1771463319.6740625,100_3,100,das_work,2.6401000022888184,48258,44,1
1771463319.6872082,103_3,103,das_work,5.716025352478027,48258,44,1
1771463319.69936,101_3,101,das_work,6.602565765380859,48258,44,1
1771463319.7067835,102_3,102,das_work,2.458165168762207,48258,44,1
1771463331.6901436,100_3,100,das_work,8.396746158599854,48258,45,1
1771463331.71287,103_3,103,das_work,8.695385217666626,48258,45,1
1771463331.720971,102_3,102,das_work,7.038269758224487,48258,45,1
1771463331.727659,101_3,101,das_work,3.5844850540161133,48258,45,1
1771463343.6846063,102_3,102,das_work,5.340278387069702,48258,46,1
1771463343.708963,101_3,101,das_work,9.00230073928833,48258,46,1
1771463343.7098627,100_3,100,das_work,4.841872692108154,48258,46,1
1771463343.7215276,103_3,103,das_work,3.653385400772095,48258,46,1
1771463355.6741035,102_3,102,das_work,2.1866800785064697,48258,47,1
1771463355.684673,100_3,100,das_work,0.946418046951294,48258,47,1
1771463355.7022655,103_3,103,das_work,9.249215364456177,48258,47,1
1771463355.7054336,101_3,101,das_work,4.850065231323242,48258,47,1
1771463367.6847637,100_3,100,das_work,1.7333028316497805,48258,48,1
1771463367.701817,101_3,101,das_work,2.237748384475708,48258,48,1
1771463367.710315,103_3,103,das_work,3.7591664791107178,48258,48,1
1771463367.7262692,102_3,102,das_work,8.958555936813354,48258,48,1
1771463379.6833017,100_3,100,das_work,8.559767007827759,48258,49,1
1771463379.6867104,101_3,101,das_work,7.31404972076416,48258,49,1
1771463379.703293,103_3,103,das_work,6.984562158584595,48258,49,1
1771463379.7087882,102_3,102,das_work,3.8346848487854,48258,49,1
1771463391.6563487,102_3,102,das_work,1.920093059539795,48258,50,1
1771463391.6569347,101_3,101,das_work,7.127019882202148,48258,50,1
1771463391.678518,103_3,103,das_work,5.942409992218018,48258,50,1
1771463391.6929495,100_3,100,das_work,5.58480429649353,48258,50,1
1771463403.6716912,103_3,103,das_work,5.479381799697876,48258,51,1
1771463403.682965,100_3,100,das_work,1.7831110954284668,48258,51,1
1771463403.69061,101_3,101,das_work,1.5924017429351809,48258,51,1
1771463403.705239,102_4,102,das_work,4.748045921325684,48258,51,1
1771463415.6838896,100_3,100,das_work,1.570136547088623,48258,52,1
1771463415.6963515,102_4,102,das_work,7.718940258026123,48258,52,1
1771463415.7011578,101_4,101,das_work,0.7619645595550537,48258,52,1
1771463415.7062593,103_3,103,das_work,9.209214210510254,48258,52,1
1771463427.673514,102_4,102,das_work,5.975688934326172,48258,53,1
1771463427.6770508,101_4,101,das_work,5.210621356964111,48258,53,1
1771463427.677582,100_4,100,das_work,5.871311902999878,48258,53,1
1771463427.6892183,103_4,103,das_work,9.36708927154541,48258,53,1
1771463439.675156,103_4,103,das_work,4.206904888153076,48258,54,1
1771463439.681266,100_4,100,das_work,4.387228965759277,48258,54,1
1771463439.6819372,102_4,102,das_work,6.725617408752441,48258,54,1
1771463439.709291,101_4,101,das_work,7.582000494003296,48258,54,1
1771463451.6725335,100_4,100,das_work,0.6126008033752441,48258,55,1
1771463451.673223,102_4,102,das_work,3.156146764755249,48258,55,1
1771463451.6771626,103_4,103,das_work,5.099679470062256,48258,55,1
1771463451.683333,101_4,101,das_work,8.397802114486694,48258,55,1
1771463463.6683023,100_4,100,das_work,1.7771217823028564,48258,56,1
1771463463.6721,102_4,102,das_work,7.193053245544434,48258,56,1
1771463463.7043414,101_4,101,das_work,1.85546875,48258,56,1
1771463463.7085884,103_4,103,das_work,2.270005702972412,48258,56,1
1771463475.6807892,101_4,101,das_work,6.00192403793335,48258,57,1
1771463475.6881757,100_4,100,das_work,3.2237091064453125,48258,57,1
1771463475.7012208,102_4,102,das_work,6.294105052947998,48258,57,1
1771463475.7150486,103_4,103,das_work,9.25391435623169,48258,57,1
1771463487.6687915,102_4,102,das_work,3.5921130180358887,48258,58,1
1771463487.6857986,101_4,101,das_work,4.372293949127197,48258,58,1
1771463487.6895862,100_4,100,das_work,4.569968700408936,48258,58,1
1771463499.6358552,102_4,102,das_work,9.005344152450562,48258,59,1
1771463499.642547,100_4,100,das_work,8.202834606170654,48258,59,1
1771463499.6553397,101_4,101,das_work,2.585484266281128,48258,59,1
1771463499.6563654,103_4,103,das_work,12.106231212615969,48258,59,1
1771463511.6203144,103_4,103,das_work,9.465469598770142,48258,60,1
1771463511.635937,101_4,101,das_work,9.014703273773192,48258,60,1
1771463511.6364615,100_4,100,das_work,2.296743631362915,48258,60,1
1771463511.6527286,102_4,102,das_work,7.279425859451294,48258,60,1
1771463523.6006544,103_4,103,das_work,7.077961683273315,48258,61,1
1771463523.6253436,101_4,101,das_work,9.72318410873413,48258,61,1
1771463523.6259327,100_4,100,das_work,4.522921085357666,48258,61,1
1771463535.6033585,103_4,103,das_work,5.272981643676758,48258,62,1
1771463535.6076326,100_4,100,das_work,6.903767347335815,48258,62,1
1771463547.612422,103_4,103,das_work,5.757779598236084,48258,63,1
1771462935.6251636,107_0,107,das_work,3.9491119384765625,48258,12,1
1771462935.6299806,106_0,106,das_work,1.786560297012329,48258,12,1
1771462947.6424496,105_0,105,das_work,9.70140528678894,48258,13,1
1771462947.6433644,106_0,106,das_work,9.19223427772522,48258,13,1
1771462947.6458704,104_0,104,das_work,11.430392742156982,48258,13,1
1771462947.6486723,107_0,107,das_work,8.339099168777466,48258,13,1
1771462959.6614318,104_0,104,das_work,7.485614538192749,48258,14,1
1771462959.6805942,107_0,107,das_work,3.724562406539917,48258,14,1
1771462959.686093,106_0,106,das_work,6.508951187133789,48258,14,1
1771462959.686668,105_0,105,das_work,4.956069231033325,48258,14,1
1771462971.6789358,106_0,106,das_work,6.683608531951904,48258,15,1
1771462971.6832857,105_0,105,das_work,2.178854465484619,48258,15,1
1771462971.6839926,107_0,107,das_work,1.0199429988861084,48258,15,1
1771462971.6895132,104_0,104,das_work,6.447832345962524,48258,15,1
1771462983.6778498,105_0,105,das_work,7.00192403793335,48258,16,1
1771462983.6922078,107_0,107,das_work,0.83184814453125,48258,16,1
1771462983.7003624,106_0,106,das_work,9.517391681671144,48258,16,1
1771462983.7026184,104_0,104,das_work,0.3030116558074951,48258,16,1
1771462995.7094457,107_0,107,das_work,0.6823804378509521,48258,17,1
1771462995.7220745,104_0,104,das_work,6.820418357849121,48258,17,1
1771462995.7364454,105_0,105,das_work,8.418768882751465,48258,17,1
1771462995.7375958,106_0,106,das_work,7.597892999649048,48258,17,1
1771463007.6977742,105_0,105,das_work,3.2630929946899414,48258,18,1
1771463007.703704,106_0,106,das_work,3.247969150543213,48258,18,1
1771463007.705749,107_0,107,das_work,4.8257598876953125,48258,18,1
1771463007.726441,104_0,104,das_work,8.09729790687561,48258,18,1
1771463019.686313,105_0,105,das_work,2.056861400604248,48258,19,1
1771463019.697019,106_0,106,das_work,0.9689710140228271,48258,19,1
1771463019.7127717,104_0,104,das_work,9.296090364456177,48258,19,1
1771463019.7224224,107_0,107,das_work,1.1813621520996094,48258,19,1
1771463031.682999,104_0,104,das_work,8.031023263931274,48258,20,1
1771463031.7001364,105_0,105,das_work,6.98600435256958,48258,20,1
1771463031.704716,107_0,107,das_work,4.256425142288208,48258,20,1
1771463031.7113922,106_0,106,das_work,6.033370733261108,48258,20,1
1771463043.7124317,107_0,107,das_work,2.522910594940185,48258,21,1
1771463043.726521,105_0,105,das_work,5.505920648574829,48258,21,1
1771463043.7278671,104_0,104,das_work,8.488895654678345,48258,21,1
1771463043.7313912,106_0,106,das_work,5.32883620262146,48258,21,1
1771463055.700796,107_1,107,das_work,7.068348169326782,48258,22,1
1771463055.7034998,105_0,105,das_work,7.242939472198486,48258,22,1
1771463055.7277536,104_0,104,das_work,0.8976922035217285,48258,22,1
1771463055.730334,106_1,106,das_work,3.8947272300720215,48258,22,1
1771463067.6918435,105_1,105,das_work,5.147032737731934,48258,23,1
1771463067.6954832,106_1,106,das_work,6.046922206878662,48258,23,1
1771463067.7005234,107_1,107,das_work,4.354756116867065,48258,23,1
1771463067.7236204,104_1,104,das_work,5.615072250366211,48258,23,1
1771463079.678327,107_1,107,das_work,2.0048348903656006,48258,24,1
1771463079.6922336,106_1,106,das_work,5.027249813079834,48258,24,1
1771463079.7006884,105_1,105,das_work,1.4519517421722412,48258,24,1
1771463079.7241964,104_1,104,das_work,5.2296364307403564,48258,24,1
1771463091.702369,107_1,107,das_work,3.0448784828186035,48258,25,1
1771463091.7037442,105_1,105,das_work,5.190749168395996,48258,25,1
1771463091.7117517,106_1,106,das_work,8.59797215461731,48258,25,1
1771463091.7158566,104_1,104,das_work,3.3741650581359863,48258,25,1
1771463103.6830618,105_1,105,das_work,3.692125558853149,48258,26,1
1771463103.7205052,104_1,104,das_work,3.609511375427246,48258,26,1
1771463103.7231736,107_1,107,das_work,6.770391464233398,48258,26,1
1771463115.6941051,105_1,105,das_work,7.620235919952393,48258,27,1
1771463115.7076292,107_1,107,das_work,0.6304523944854736,48258,27,1
1771463115.7134335,106_1,106,das_work,12.161521911621094,48258,27,1
1771463115.7238572,104_1,104,das_work,6.5396058559417725,48258,27,1
1771463127.6843169,104_1,104,das_work,6.921624660491943,48258,28,1
1771463127.685285,106_1,106,das_work,6.986762523651123,48258,28,1
1771463127.6951025,107_1,107,das_work,10.070878028869627,48258,28,1
1771463127.6994665,105_1,105,das_work,1.4986329078674316,48258,28,1
1771463139.6799078,105_1,105,das_work,1.9316022396087649,48258,29,1
1771463139.691126,104_1,104,das_work,5.884339809417725,48258,29,1
1771463139.6998382,106_1,106,das_work,3.082561016082764,48258,29,1
1771463139.7070198,107_1,107,das_work,5.654350757598877,48258,29,1
1771463151.695733,104_1,104,das_work,10.020435094833374,48258,30,1
1771463151.7018144,106_1,106,das_work,6.874054193496704,48258,30,1
1771463151.7042143,107_1,107,das_work,6.818876266479492,48258,30,1
1771463151.7174654,105_1,105,das_work,4.21814489364624,48258,30,1
1771463163.6980464,104_1,104,das_work,1.127330303192139,48258,31,1
1771463163.7029572,105_1,105,das_work,8.065867185592651,48258,31,1
1771463163.7039409,107_1,107,das_work,6.916818380355835,48258,31,1
1771463163.722465,106_1,106,das_work,2.458348035812378,48258,31,1
1771463175.6848848,104_1,104,das_work,2.468005418777466,48258,32,1
1771463175.686415,106_1,106,das_work,4.39152193069458,48258,32,1
1771463175.694502,107_2,107,das_work,5.91127610206604,48258,32,1
1771463175.7239003,105_1,105,das_work,7.650162220001221,48258,32,1
1771463187.665892,105_2,105,das_work,6.195403814315796,48258,33,1
1771463187.6666362,106_2,106,das_work,2.650607824325561,48258,33,1
1771463187.7023883,107_2,107,das_work,4.829913377761841,48258,33,1
1771463187.707366,104_2,104,das_work,8.148914337158203,48258,33,1
1771463199.6862442,107_2,107,das_work,4.696714401245117,48258,34,1
1771463199.7009008,104_2,104,das_work,2.3922362327575684,48258,34,1
1771463199.7198143,105_2,105,das_work,8.93442678451538,48258,34,1
1771463199.7316864,106_2,106,das_work,1.992869853973389,48258,34,1
1771463211.688305,104_2,104,das_work,1.3159050941467283,48258,35,1
1771463211.709676,106_2,106,das_work,3.2788710594177246,48258,35,1
1771463211.71041,105_2,105,das_work,2.104196071624756,48258,35,1
1771463211.7187438,107_2,107,das_work,7.484296083450317,48258,35,1
1771463223.6714191,107_2,107,das_work,1.7236809730529783,48258,36,1
1771463223.686833,106_2,106,das_work,6.75982928276062,48258,36,1
1771463223.687404,105_2,105,das_work,5.312224626541138,48258,36,1
1771463223.7012296,104_2,104,das_work,5.231160402297974,48258,36,1
1771463235.6831777,104_2,104,das_work,6.1116719245910645,48258,37,1
1771463235.690349,105_2,105,das_work,7.842212438583374,48258,37,1
1771463235.6961362,107_2,107,das_work,5.185115098953247,48258,37,1
1771463235.7038584,106_2,106,das_work,0.3350961208343506,48258,37,1
1771463247.6892908,104_2,104,das_work,4.744951963424683,48258,38,1
1771463247.6950984,107_2,107,das_work,6.127237796783447,48258,38,1
1771463247.7036333,105_2,105,das_work,5.782598257064819,48258,38,1
1771463247.7170084,106_2,106,das_work,3.493715286254883,48258,38,1
1771463259.6988142,104_2,104,das_work,9.517277956008911,48258,39,1
1771463259.700296,105_2,105,das_work,6.175652265548706,48258,39,1
1771463259.707208,107_2,107,das_work,5.459154844284058,48258,39,1
1771463259.7095914,106_2,106,das_work,6.262668609619141,48258,39,1
1771463271.665581,104_2,104,das_work,8.510595321655273,48258,40,1
1771463271.6692636,107_2,107,das_work,7.851314067840576,48258,40,1
1771463271.6700678,105_2,105,das_work,9.228394508361816,48258,40,1
1771463271.670564,106_2,106,das_work,9.11054015159607,48258,40,1
1771463283.6749542,106_2,106,das_work,7.0358405113220215,48258,41,1
1771463283.687842,107_2,107,das_work,7.51101803779602,48258,41,1
1771463283.7008042,105_2,105,das_work,5.371509790420532,48258,41,1
1771463283.7088146,104_2,104,das_work,4.6628077030181885,48258,41,1
1771463295.663169,105_2,105,das_work,3.4482204914093018,48258,42,1
1771463295.6672752,104_2,104,das_work,7.983876705169678,48258,42,1
1771463295.6775038,107_3,107,das_work,3.6865642070770255,48258,42,1
1771463295.710579,106_2,106,das_work,6.422049522399902,48258,42,1
1771463307.6705832,107_3,107,das_work,1.8991611003875728,48258,43,1
1771463307.6743364,104_3,104,das_work,4.33879542350769,48258,43,1
1771463307.6773727,106_3,106,das_work,3.1248483657836914,48258,43,1
1771463307.7063146,105_3,105,das_work,6.347756862640381,48258,43,1
1771463319.6643665,106_3,106,das_work,3.287320852279663,48258,44,1
1771463319.6706483,104_3,104,das_work,2.3295822143554688,48258,44,1
1771463319.6718185,105_3,105,das_work,5.702481985092163,48258,44,1
1771463319.701743,107_3,107,das_work,3.487365961074829,48258,44,1
1771463331.6760538,104_3,104,das_work,1.931626796722412,48258,45,1
1771463331.692669,106_3,106,das_work,5.910823822021484,48258,45,1
1771463331.7049816,105_3,105,das_work,1.4632668495178225,48258,45,1
1771463331.711069,107_3,107,das_work,2.4061925411224365,48258,45,1
1771463343.6935325,104_3,104,das_work,5.845400094985962,48258,46,1
1771463343.69434,106_3,106,das_work,4.2934746742248535,48258,46,1
1771463343.6948798,105_3,105,das_work,8.927048444747925,48258,46,1
1771463343.6992192,107_3,107,das_work,7.477510452270508,48258,46,1
1771463355.7018824,107_3,107,das_work,9.7876558303833,48258,47,1
1771463355.7063825,104_3,104,das_work,6.493188619613648,48258,47,1
1771463355.7088158,105_3,105,das_work,3.19519305229187,48258,47,1
1771463355.7119608,106_3,106,das_work,5.673666715621948,48258,47,1
1771463367.684403,107_3,107,das_work,1.726299285888672,48258,48,1
1771463367.6900177,106_3,106,das_work,8.28115200996399,48258,48,1
1771463367.6993296,105_3,105,das_work,6.523435592651367,48258,48,1
1771463367.7335727,104_3,104,das_work,1.217051982879639,48258,48,1
1771463379.676977,105_3,105,das_work,6.896087408065796,48258,49,1
1771463379.6845007,107_3,107,das_work,5.609513998031616,48258,49,1
1771463379.6967454,104_3,104,das_work,8.628299474716187,48258,49,1
1771463379.7070785,106_3,106,das_work,8.733060359954834,48258,49,1
1771463391.6650882,107_3,107,das_work,3.185163736343384,48258,50,1
1771463391.6778505,104_3,104,das_work,1.7708463668823242,48258,50,1
1771463391.692611,105_3,105,das_work,8.973899841308594,48258,50,1
1771463391.6974485,106_3,106,das_work,7.160906076431274,48258,50,1
1771463403.6687634,105_3,105,das_work,3.838897228240967,48258,51,1
1771463403.6932197,107_3,107,das_work,0.6159026622772217,48258,51,1
1771463403.6991549,106_3,106,das_work,1.5393009185791016,48258,51,1
1771463403.7012434,104_3,104,das_work,10.28516173362732,48258,51,1
1771463415.673906,105_3,105,das_work,7.878262042999268,48258,52,1
1771463415.6749444,106_3,106,das_work,8.744478940963745,48258,52,1
1771463415.6843774,107_4,107,das_work,7.091448783874512,48258,52,1
1771463415.721495,104_3,104,das_work,2.085669994354248,48258,52,1
1771463427.6691265,104_4,104,das_work,5.688454389572144,48258,53,1
1771463427.6818888,106_4,106,das_work,2.3872318267822266,48258,53,1
1771463427.6945546,105_4,105,das_work,9.797369718551636,48258,53,1
1771463427.7006433,107_4,107,das_work,8.60160779953003,48258,53,1
1771463439.678571,106_4,106,das_work,4.045384407043457,48258,54,1
1771463439.6852355,107_4,107,das_work,5.24837589263916,48258,54,1
1771463439.6917374,104_4,104,das_work,8.806968927383423,48258,54,1
1771463439.704743,105_4,105,das_work,5.555790901184082,48258,54,1
1771463451.6800425,107_4,107,das_work,3.03659987449646,48258,55,1
1771463451.7028823,106_4,106,das_work,6.76173996925354,48258,55,1
1771463451.7117796,104_4,104,das_work,7.3891825675964355,48258,55,1
1771463451.7205763,105_4,105,das_work,3.86122727394104,48258,55,1
1771463463.671004,104_4,104,das_work,2.4100794792175293,48258,56,1
1771463463.6841366,105_4,105,das_work,8.736243963241577,48258,56,1
1771463463.698524,106_4,106,das_work,6.824378490447998,48258,56,1
1771463463.6990364,107_4,107,das_work,6.783324956893921,48258,56,1
1771463475.674471,104_4,104,das_work,5.480484008789063,48258,57,1
1771463475.6799617,107_4,107,das_work,4.1812825202941895,48258,57,1
1771463475.7089643,105_4,105,das_work,6.866521596908569,48258,57,1
1771463475.7125766,106_4,106,das_work,4.026947736740112,48258,57,1
1771463487.6520214,106_4,106,das_work,2.5413880348205566,48258,58,1
1771463487.6543996,107_4,107,das_work,7.116500377655029,48258,58,1
1771463487.6781297,105_4,105,das_work,4.684346914291382,48258,58,1
1771463487.6794028,104_4,104,das_work,4.349201440811157,48258,58,1
1771463499.6450171,106_4,106,das_work,4.855362892150879,48258,59,1
1771463499.650262,105_4,105,das_work,9.459009647369385,48258,59,1
1771463499.6707015,107_4,107,das_work,4.474676609039307,48258,59,1
1771463499.6712077,104_4,104,das_work,1.8938531875610352,48258,59,1
1771463511.6290357,105_4,105,das_work,2.9748661518096924,48258,60,1
1771463511.6427965,106_4,106,das_work,8.807448863983154,48258,60,1
1771463511.651136,107_4,107,das_work,4.449650049209595,48258,60,1
1771463511.651744,104_4,104,das_work,4.14798903465271,48258,60,1
1771463523.6291914,106_4,106,das_work,2.2125449180603027,48258,61,1
1771463523.6314592,107_4,107,das_work,4.360360860824585,48258,61,1
1771463523.6323986,105_4,105,das_work,7.430215358734131,48258,61,1
1771463523.632974,104_4,104,das_work,1.9224796295166016,48258,61,1
1771463535.5903728,106_4,106,das_work,6.993671178817749,48258,62,1
1771463535.6292388,105_4,105,das_work,8.90210747718811,48258,62,1
1771463535.629774,104_4,104,das_work,7.385533809661865,48258,62,1
1771462935.624066,111_0,111,das_work,0.8953001499176025,48258,12,1
1771462935.6262927,108_0,108,das_work,5.59735107421875,48258,12,1
1771462935.6347568,109_0,109,das_work,3.961276054382324,48258,12,1
1771462947.6610007,110_0,110,das_work,11.178791522979736,48258,13,1
1771462947.6649172,111_0,111,das_work,8.015935897827148,48258,13,1
1771462947.669459,108_0,108,das_work,6.756392240524292,48258,13,1
1771462947.6753938,109_0,109,das_work,5.796910047531128,48258,13,1
1771462959.667448,109_0,109,das_work,4.631485462188721,48258,14,1
1771462959.67513,110_0,110,das_work,3.9628400802612314,48258,14,1
1771462959.6757543,108_0,108,das_work,2.538739919662476,48258,14,1
1771462959.6956446,111_0,111,das_work,1.310474872589111,48258,14,1
1771462971.697435,110_0,110,das_work,9.110347032546995,48258,15,1
1771462971.7086504,111_0,111,das_work,3.3606481552124023,48258,15,1
1771462971.709396,109_0,109,das_work,3.6690754890441895,48258,15,1
1771462971.7099333,108_0,108,das_work,4.154851913452148,48258,15,1
1771462983.6794248,109_0,109,das_work,7.520437479019165,48258,16,1
1771462983.7002027,108_0,108,das_work,8.604252099990845,48258,16,1
1771462983.7189183,111_0,111,das_work,3.2656137943267822,48258,16,1
1771462983.7224166,110_0,110,das_work,8.68252968788147,48258,16,1
1771462995.7012608,111_0,111,das_work,2.9008584022521973,48258,17,1
1771462995.7088294,108_0,108,das_work,5.230251789093018,48258,17,1
1771462995.709801,110_0,110,das_work,9.629666090011597,48258,17,1
1771462995.730758,109_0,109,das_work,9.217855215072632,48258,17,1
1771463007.696295,109_0,109,das_work,5.526150226593018,48258,18,1
1771463007.7061036,110_0,110,das_work,6.627446174621582,48258,18,1
1771463007.7275784,108_0,108,das_work,7.987088680267334,48258,18,1
1771463007.7358377,111_0,111,das_work,4.271618127822876,48258,18,1
1771463019.6881557,108_0,108,das_work,6.481120586395264,48258,19,1
1771463019.6967824,110_0,110,das_work,7.051035404205322,48258,19,1
1771463019.6981115,109_0,109,das_work,3.2078616619110107,48258,19,1
1771463019.701972,111_0,111,das_work,7.996238231658935,48258,19,1
1771463031.6848094,111_0,111,das_work,3.192429780960083,48258,20,1
1771463031.6934536,110_0,110,das_work,3.71852707862854,48258,20,1
1771463031.694023,108_0,108,das_work,2.5124239921569824,48258,20,1
1771463031.7258787,109_0,109,das_work,2.8638689517974854,48258,20,1
1771463043.6995337,110_0,110,das_work,1.3691954612731934,48258,21,1
1771463043.7053444,109_0,109,das_work,5.949077844619751,48258,21,1
1771463043.7187335,108_0,108,das_work,6.084025859832764,48258,21,1
1771463043.7194805,111_0,111,das_work,6.121345043182373,48258,21,1
1771463055.6867473,111_1,111,das_work,1.6373376846313477,48258,22,1
1771463055.6877778,108_1,108,das_work,1.3414320945739746,48258,22,1
1771463055.7047207,109_1,109,das_work,8.921788930892944,48258,22,1
1771463055.7291524,110_0,110,das_work,6.019585371017456,48258,22,1
1771463067.686357,108_1,108,das_work,4.497275114059448,48258,23,1
1771463067.6992707,109_1,109,das_work,3.857344388961792,48258,23,1
1771463067.7115407,110_1,110,das_work,2.90198826789856,48258,23,1
1771463067.7152653,111_1,111,das_work,5.314783811569214,48258,23,1
1771463079.6939387,109_1,109,das_work,9.849787950515749,48258,24,1
1771463079.6954014,110_1,110,das_work,7.642968654632568,48258,24,1
1771463079.7150855,108_1,108,das_work,4.72019100189209,48258,24,1
1771463079.7179976,111_1,111,das_work,7.603376388549805,48258,24,1
1771463091.7241318,109_1,109,das_work,5.673704624176025,48258,25,1
1771463091.7255025,111_1,111,das_work,8.410282135009766,48258,25,1
1771463091.7260797,108_1,108,das_work,7.75078558921814,48258,25,1
1771463091.7265675,110_1,110,das_work,9.272605895996094,48258,25,1
1771463103.6801198,111_1,111,das_work,3.4934098720550537,48258,26,1
1771463103.6807818,109_1,109,das_work,9.179507493972778,48258,26,1
1771463103.6850998,110_1,110,das_work,6.083591461181641,48258,26,1
1771463103.6926155,108_1,108,das_work,8.504000902175903,48258,26,1
1771463115.695137,110_1,110,das_work,6.4482035636901855,48258,27,1
1771463115.7203062,109_1,109,das_work,1.8045620918273928,48258,27,1
1771463115.7236416,111_1,111,das_work,7.931016445159912,48258,27,1
1771463115.727543,108_1,108,das_work,3.874423742294312,48258,27,1
1771463127.6911416,108_1,108,das_work,3.747000217437744,48258,28,1
1771463127.7073472,111_1,111,das_work,9.199300289154053,48258,28,1
1771463127.7149496,109_1,109,das_work,3.1057708263397217,48258,28,1
1771463127.721244,110_1,110,das_work,8.223029851913452,48258,28,1
1771463139.6813796,109_1,109,das_work,2.929419755935669,48258,29,1
1771463139.6929924,111_1,111,das_work,2.778606653213501,48258,29,1
1771463139.6937702,108_1,108,das_work,3.4650797843933105,48258,29,1
1771463139.708412,110_1,110,das_work,8.05023455619812,48258,29,1
1771463151.6815484,109_1,109,das_work,4.764044284820557,48258,30,1
1771463151.6878188,108_1,108,das_work,8.201780319213867,48258,30,1
1771463151.6915357,111_1,111,das_work,7.999669790267944,48258,30,1
1771463151.6963158,110_1,110,das_work,7.054175853729248,48258,30,1
1771463163.6808803,108_1,108,das_work,5.975061416625977,48258,31,1
1771463163.682173,110_1,110,das_work,2.602328062057495,48258,31,1
1771463163.696964,109_1,109,das_work,7.352654218673706,48258,31,1
1771463163.706184,111_1,111,das_work,6.039224863052368,48258,31,1
1771463175.680535,110_1,110,das_work,2.4296083450317383,48258,32,1
1771463175.686002,109_2,109,das_work,4.010973691940308,48258,32,1
1771463175.6895328,108_2,108,das_work,5.857962131500244,48258,32,1
1771463175.7212973,111_2,111,das_work,6.198877811431885,48258,32,1
1771463187.6819477,108_2,108,das_work,4.592356443405151,48258,33,1
1771463187.6876674,111_2,111,das_work,6.759332895278931,48258,33,1
1771463187.6897883,109_2,109,das_work,5.918584108352661,48258,33,1
1771463187.700751,110_2,110,das_work,8.518226385116577,48258,33,1
1771463199.6828582,109_2,109,das_work,9.171196937561035,48258,34,1
1771463199.7043393,111_2,111,das_work,0.8297224044799805,48258,34,1
1771463199.7215698,108_2,108,das_work,6.568180084228516,48258,34,1
1771463199.7228217,110_2,110,das_work,5.148024320602417,48258,34,1
1771463211.6963663,109_2,109,das_work,6.174334526062012,48258,35,1
1771463211.7061212,108_2,108,das_work,3.020702838897705,48258,35,1
1771463211.722186,111_2,111,das_work,3.422186374664306,48258,35,1
1771463211.7286253,110_2,110,das_work,7.867906093597412,48258,35,1
1771463223.6732302,110_2,110,das_work,7.456824779510498,48258,36,1
1771463223.6946864,111_2,111,das_work,0.280886173248291,48258,36,1
1771463223.6954956,108_2,108,das_work,4.965589046478272,48258,36,1
1771463223.7103236,109_2,109,das_work,2.5081169605255127,48258,36,1
1771463235.7003667,111_2,111,das_work,3.5397636890411377,48258,37,1
1771463235.707884,108_2,108,das_work,8.494455099105835,48258,37,1
1771463235.7136872,109_2,109,das_work,7.409700155258179,48258,37,1
1771463235.7222762,110_2,110,das_work,1.1780619621276855,48258,37,1
1771463247.6883304,109_2,109,das_work,6.921100616455078,48258,38,1
1771463247.6948218,111_2,111,das_work,5.228771924972534,48258,38,1
1771463247.7205043,108_2,108,das_work,5.031184911727905,48258,38,1
1771463247.721284,110_2,110,das_work,3.101692914962769,48258,38,1
1771463259.6725347,108_2,108,das_work,3.379112243652344,48258,39,1
1771463259.6815622,111_2,111,das_work,3.2610509395599365,48258,39,1
1771463259.6978276,110_2,110,das_work,3.0276639461517334,48258,39,1
1771463259.7121506,109_2,109,das_work,7.171516180038452,48258,39,1
1771463271.6659577,109_2,109,das_work,3.0932188034057617,48258,40,1
1771463271.6675289,111_2,111,das_work,1.1559569835662842,48258,40,1
1771463271.6773002,110_2,110,das_work,5.557463645935059,48258,40,1
1771463271.687158,108_2,108,das_work,5.861432552337647,48258,40,1
1771463283.663476,108_2,108,das_work,1.713552474975586,48258,41,1
1771463283.6715703,110_2,110,das_work,1.8769207000732424,48258,41,1
1771463283.694338,109_2,109,das_work,8.846478462219238,48258,41,1
1771463295.67718,108_3,108,das_work,5.520279407501221,48258,42,1
1771463295.6798446,109_3,109,das_work,2.1252143383026123,48258,42,1
1771463295.6843202,111_2,111,das_work,12.197062492370604,48258,42,1
1771463295.707096,110_2,110,das_work,3.4454376697540283,48258,42,1
1771463307.6640968,109_3,109,das_work,2.483478307723999,48258,43,1
1771463307.679243,108_3,108,das_work,6.857563257217407,48258,43,1
1771463307.6806436,110_3,110,das_work,5.557114124298096,48258,43,1
1771463307.6910665,111_3,111,das_work,8.139554023742676,48258,43,1
1771463319.6805804,108_3,108,das_work,4.444029569625855,48258,44,1
1771463319.7029133,109_3,109,das_work,5.351656198501587,48258,44,1
1771463319.7069228,111_3,111,das_work,6.864161491394043,48258,44,1
1771463319.7115643,110_3,110,das_work,4.110679626464844,48258,44,1
1771463331.67941,108_3,108,das_work,5.323896646499634,48258,45,1
1771463331.6840498,110_3,110,das_work,8.824166536331177,48258,45,1
1771463331.697627,109_3,109,das_work,8.255870580673218,48258,45,1
1771463331.7089083,111_3,111,das_work,9.096936225891112,48258,45,1
1771463343.6851077,108_3,108,das_work,3.0323803424835205,48258,46,1
1771463343.7004328,109_3,109,das_work,9.407054662704468,48258,46,1
1771463343.7184024,111_3,111,das_work,5.045731067657471,48258,46,1
1771463343.720261,110_3,110,das_work,7.522966623306274,48258,46,1
1771463355.67116,111_3,111,das_work,4.956856489181519,48258,47,1
1771463355.7004385,108_3,108,das_work,7.793818473815918,48258,47,1
1771463355.7051315,109_3,109,das_work,9.606384515762327,48258,47,1
1771463355.7127,110_3,110,das_work,4.438360691070557,48258,47,1
1771463367.703929,109_3,109,das_work,3.011464834213257,48258,48,1
1771463367.7148125,110_3,110,das_work,7.00788140296936,48258,48,1
1771463367.732053,108_3,108,das_work,3.978083848953247,48258,48,1
1771463367.7327545,111_3,111,das_work,4.383846044540405,48258,48,1
1771463379.670231,108_3,108,das_work,9.2573881149292,48258,49,1
1771463379.6932058,110_3,110,das_work,3.5582995414733887,48258,49,1
1771463379.7022994,111_3,111,das_work,2.3669567108154297,48258,49,1
1771463379.7084196,109_3,109,das_work,3.2132318019866943,48258,49,1
1771463391.662988,108_3,108,das_work,5.132358312606812,48258,50,1
1771463391.6711593,109_3,109,das_work,1.66841459274292,48258,50,1
1771463391.6805725,110_3,110,das_work,8.198807001113892,48258,50,1
1771463391.6856637,111_3,111,das_work,7.324550151824951,48258,50,1
1771463403.7002895,108_3,108,das_work,2.323473691940308,48258,51,1
1771463403.7062368,111_3,111,das_work,1.5969963073730469,48258,51,1
1771463403.7174404,110_3,110,das_work,7.9077653884887695,48258,51,1
1771463403.718824,109_3,109,das_work,2.40865159034729,48258,51,1
1771463415.690673,110_3,110,das_work,3.930585145950317,48258,52,1
1771463415.6930728,108_4,108,das_work,3.5699732303619385,48258,52,1
1771463415.6975975,111_3,111,das_work,1.7144088745117188,48258,52,1
1771463415.7184193,109_4,109,das_work,5.625633716583252,48258,52,1
1771463427.6820483,108_4,108,das_work,4.397200345993042,48258,53,1
1771463427.6919088,110_4,110,das_work,5.899622201919556,48258,53,1
1771463427.6933577,109_4,109,das_work,1.925370216369629,48258,53,1
1771463427.6991472,111_4,111,das_work,8.91659164428711,48258,53,1
1771463439.661972,111_4,111,das_work,3.67376708984375,48258,54,1
1771463439.664422,108_4,108,das_work,5.614015340805054,48258,54,1
1771463439.6776962,110_4,110,das_work,4.14811110496521,48258,54,1
1771463439.698611,109_4,109,das_work,6.528478145599365,48258,54,1
1771463451.6849158,108_4,108,das_work,1.197417974472046,48258,55,1
1771463451.7082243,109_4,109,das_work,1.9124321937561035,48258,55,1
1771463451.7200668,111_4,111,das_work,2.3701817989349365,48258,55,1
1771463451.7207055,110_4,110,das_work,2.2246756553649902,48258,55,1
1771463463.6713164,110_4,110,das_work,5.981159925460815,48258,56,1
1771463463.6885264,109_4,109,das_work,4.166576623916626,48258,56,1
1771463463.7047217,108_4,108,das_work,2.6743392944335938,48258,56,1
1771463463.7089326,111_4,111,das_work,1.6444714069366455,48258,56,1
1771463475.7011704,110_4,110,das_work,9.6248517036438,48258,57,1
1771463475.71025,108_4,108,das_work,0.7593977451324463,48258,57,1
1771463475.713936,111_4,111,das_work,6.247698783874512,48258,57,1
1771463475.721694,109_4,109,das_work,8.330782890319824,48258,57,1
1771463487.6579366,110_4,110,das_work,4.714928388595581,48258,58,1
1771463487.6611755,109_4,109,das_work,8.391351699829102,48258,58,1
1771463487.6898732,111_4,111,das_work,0.8063724040985107,48258,58,1
1771463487.6948016,108_4,108,das_work,7.135155916213989,48258,58,1
1771463499.6451414,110_4,110,das_work,3.151878833770752,48258,59,1
1771463499.650642,111_4,111,das_work,5.013139963150024,48258,59,1
1771463499.6643229,108_4,108,das_work,9.6281418800354,48258,59,1
1771463499.6732638,109_4,109,das_work,7.812706470489502,48258,59,1
1771463511.6311371,111_4,111,das_work,7.110020875930786,48258,60,1
1771463511.633381,109_4,109,das_work,2.61491060256958,48258,60,1
1771463511.6384938,108_4,108,das_work,4.6129772663116455,48258,60,1
1771463511.654932,110_4,110,das_work,1.6951560974121094,48258,60,1
1771463523.608383,111_4,111,das_work,7.814353704452515,48258,61,1
1771463523.61369,110_4,110,das_work,2.535072565078736,48258,61,1
1771463523.6191893,109_4,109,das_work,5.869806528091431,48258,61,1
1771463523.621671,108_4,108,das_work,1.6800141334533691,48258,61,1
1771463535.60894,111_4,111,das_work,5.666051864624023,48258,62,1
1771463535.6258683,110_4,110,das_work,3.5085713863372803,48258,62,1
1771462935.6434703,113_0,113,das_work,4.63862156867981,48258,12,1
1771462947.664592,112_0,112,das_work,3.880829095840454,48258,13,1
1771462947.668545,115_0,115,das_work,5.210552930831909,48258,13,1
1771462947.6792004,113_0,113,das_work,3.451701164245605,48258,13,1
1771462947.6797855,114_0,114,das_work,8.885756015777588,48258,13,1
1771462959.668948,114_0,114,das_work,5.2293782234191895,48258,14,1
1771462959.677498,112_0,112,das_work,6.168837785720825,48258,14,1
1771462959.68198,115_0,115,das_work,1.682600021362305,48258,14,1
1771462959.6890595,113_0,113,das_work,4.546621084213257,48258,14,1
1771462971.699243,112_0,112,das_work,1.2963354587554932,48258,15,1
1771462971.7087204,113_0,113,das_work,1.1903221607208252,48258,15,1
1771462971.7149346,114_0,114,das_work,1.2611634731292725,48258,15,1
1771462971.718265,115_0,115,das_work,9.291692018508911,48258,15,1
1771462983.6911476,114_0,114,das_work,5.043771982192993,48258,16,1
1771462983.693933,112_0,112,das_work,3.70859432220459,48258,16,1
1771462983.7037935,115_0,115,das_work,2.104128837585449,48258,16,1
1771462983.723684,113_0,113,das_work,7.24958324432373,48258,16,1
1771462995.6974976,115_0,115,das_work,0.8577537536621094,48258,17,1
1771462995.703043,113_0,113,das_work,3.638706922531128,48258,17,1
1771462995.7145565,114_0,114,das_work,4.343767166137695,48258,17,1
1771462995.715123,112_0,112,das_work,3.671507835388184,48258,17,1
1771463007.6846976,113_0,113,das_work,2.6397297382354736,48258,18,1
1771463007.699132,115_0,115,das_work,6.13538670539856,48258,18,1
1771463007.7053294,112_0,112,das_work,5.135785341262817,48258,18,1
1771463007.718708,114_0,114,das_work,3.023921489715576,48258,18,1
1771463019.6932287,112_0,112,das_work,9.090981006622314,48258,19,1
1771463019.6996667,114_0,114,das_work,4.51233434677124,48258,19,1
1771463019.7102616,115_0,115,das_work,5.70905613899231,48258,19,1
1771463019.7291155,113_0,113,das_work,2.6395132541656494,48258,19,1
1771463031.699389,112_0,112,das_work,4.285010814666748,48258,20,1
1771463031.702032,115_0,115,das_work,3.956991910934448,48258,20,1
1771463031.707934,114_0,114,das_work,5.121360301971436,48258,20,1
1771463031.7304363,113_0,113,das_work,8.021017074584961,48258,20,1
1771463043.6982334,112_0,112,das_work,7.538022756576538,48258,21,1
1771463043.7068362,115_0,115,das_work,1.266653060913086,48258,21,1
1771463043.709656,114_0,114,das_work,8.665940999984741,48258,21,1
1771463043.726175,113_0,113,das_work,9.648685932159424,48258,21,1
1771463055.6912546,114_0,114,das_work,7.356269598007202,48258,22,1
1771463055.6960409,112_0,112,das_work,7.281815052032471,48258,22,1
1771463055.7057552,115_0,115,das_work,8.376393556594849,48258,22,1
1771463055.7263346,113_1,113,das_work,4.476433753967285,48258,22,1
1771463067.6850104,113_1,113,das_work,1.1798839569091797,48258,23,1
1771463067.6867335,115_1,115,das_work,5.73078179359436,48258,23,1
1771463067.6922362,114_1,114,das_work,5.300048112869263,48258,23,1
1771463067.7051094,112_1,112,das_work,6.401145935058594,48258,23,1
1771463079.6792636,115_1,115,das_work,6.156995296478272,48258,24,1
1771463079.6936097,113_1,113,das_work,2.7542335987091064,48258,24,1
1771463079.7130594,112_1,112,das_work,8.897363662719727,48258,24,1
1771463079.7220037,114_1,114,das_work,5.557674169540405,48258,24,1
1771463091.7381327,112_1,112,das_work,7.66221284866333,48258,25,1
1771463091.740799,113_1,113,das_work,2.739224672317505,48258,25,1
1771463091.7413013,115_1,115,das_work,0.7947173118591309,48258,25,1
1771463091.7444804,114_1,114,das_work,5.543307781219482,48258,25,1
1771463103.68596,113_1,113,das_work,1.1246731281280518,48258,26,1
1771463103.701913,112_1,112,das_work,5.714728116989136,48258,26,1
1771463103.7108502,114_1,114,das_work,2.912613868713379,48258,26,1
1771463103.7211697,115_1,115,das_work,3.2971436977386475,48258,26,1
1771463115.7017443,113_1,113,das_work,10.159563541412354,48258,27,1
1771463115.7052162,114_1,114,das_work,6.02619481086731,48258,27,1
1771463115.7214725,112_1,112,das_work,9.41565752029419,48258,27,1
1771463115.7253232,115_1,115,das_work,7.660617828369141,48258,27,1
1771463127.68188,112_1,112,das_work,5.107426881790161,48258,28,1
1771463127.7096128,115_1,115,das_work,10.02083444595337,48258,28,1
1771463127.7140205,114_1,114,das_work,8.607624292373657,48258,28,1
1771463127.7150607,113_1,113,das_work,5.412901878356934,48258,28,1
1771463139.691429,114_1,114,das_work,8.065105438232422,48258,29,1
1771463139.7021475,112_1,112,das_work,3.002538681030273,48258,29,1
1771463139.7027247,115_1,115,das_work,4.628180980682373,48258,29,1
1771463139.719356,113_1,113,das_work,6.104955434799194,48258,29,1
1771463151.7020972,114_1,114,das_work,5.144036769866943,48258,30,1
1771463151.7129438,112_1,112,das_work,3.080537796020508,48258,30,1
1771463151.7236297,113_1,113,das_work,0.9199008941650392,48258,30,1
1771463151.7257943,115_1,115,das_work,8.12253475189209,48258,30,1
1771463163.6942997,113_1,113,das_work,9.411480903625488,48258,31,1
1771463163.7026193,112_1,112,das_work,1.4546575546264648,48258,31,1
1771463163.7155845,114_1,114,das_work,3.9084765911102295,48258,31,1
1771463163.728285,115_1,115,das_work,9.261473894119264,48258,31,1
1771463175.7001,115_1,115,das_work,7.9703264236450195,48258,32,1
1771463175.715605,112_1,112,das_work,1.925943613052368,48258,32,1
1771463175.7250628,113_2,113,das_work,9.70742964744568,48258,32,1
1771463175.729244,114_1,114,das_work,6.2511820793151855,48258,32,1
1771463187.707245,112_2,112,das_work,3.383265972137451,48258,33,1
1771463187.7082727,113_2,113,das_work,8.426756620407104,48258,33,1
1771463187.7114377,115_2,115,das_work,0.545020341873169,48258,33,1
1771463199.6857328,115_2,115,das_work,3.880734920501709,48258,34,1
1771463199.6926713,112_2,112,das_work,6.205877542495728,48258,34,1
1771463199.711351,113_2,113,das_work,6.627557277679443,48258,34,1
1771463199.715634,114_2,114,das_work,12.020864963531494,48258,34,1
1771463211.6803906,113_2,113,das_work,6.337562322616577,48258,35,1
1771463211.6880956,114_2,114,das_work,6.261796236038208,48258,35,1
1771463211.6994698,112_2,112,das_work,5.867774486541748,48258,35,1
1771463211.705573,115_2,115,das_work,3.778844833374024,48258,35,1
1771463223.6650653,113_2,113,das_work,6.479627132415772,48258,36,1
1771463223.6690545,115_2,115,das_work,3.404435157775879,48258,36,1
1771463223.676443,112_2,112,das_work,9.04481315612793,48258,36,1
1771463223.6846285,114_2,114,das_work,3.717158555984497,48258,36,1
1771463235.6786532,115_2,115,das_work,9.34076976776123,48258,37,1
1771463235.686825,113_2,113,das_work,2.143690586090088,48258,37,1
1771463235.6979108,114_2,114,das_work,9.715764999389648,48258,37,1
1771463235.7229512,112_2,112,das_work,7.617518663406372,48258,37,1
1771463247.680424,114_2,114,das_work,1.6756889820098877,48258,38,1
1771463247.6913767,113_2,113,das_work,1.9614994525909424,48258,38,1
1771463247.6953557,115_2,115,das_work,6.48907470703125,48258,38,1
1771463247.7137835,112_2,112,das_work,5.638465404510498,48258,38,1
1771463259.69435,113_2,113,das_work,5.172117233276367,48258,39,1
1771463259.7067218,115_2,115,das_work,5.181015253067017,48258,39,1
1771463259.7074711,112_2,112,das_work,3.178894281387329,48258,39,1
1771463259.7091928,114_2,114,das_work,1.9902739524841309,48258,39,1
1771463271.67903,113_2,113,das_work,7.062117338180542,48258,40,1
1771463271.6866868,114_2,114,das_work,5.263221740722656,48258,40,1
1771463271.6898437,112_2,112,das_work,4.089864253997803,48258,40,1
1771463271.7113192,115_2,115,das_work,4.812704801559448,48258,40,1
1771463283.669327,112_2,112,das_work,7.249815464019775,48258,41,1
1771463283.673109,115_2,115,das_work,2.6562938690185547,48258,41,1
1771463283.6993897,113_2,113,das_work,8.4682297706604,48258,41,1
1771463283.706051,114_2,114,das_work,7.44127631187439,48258,41,1
1771463295.683103,113_3,113,das_work,8.690999031066895,48258,42,1
1771463295.6878967,112_2,112,das_work,1.1029205322265625,48258,42,1
1771463295.6908832,115_2,115,das_work,5.486621379852295,48258,42,1
1771463295.7005155,114_2,114,das_work,9.322885274887083,48258,42,1
1771463307.6604328,113_3,113,das_work,9.13559603691101,48258,43,1
1771463307.6765268,112_3,112,das_work,9.825127601623535,48258,43,1
1771463307.6987617,114_2,114,das_work,6.489679336547852,48258,43,1
1771463307.7008066,115_3,115,das_work,0.8201770782470703,48258,43,1
1771463319.661504,113_3,113,das_work,6.608599185943604,48258,44,1
1771463319.672069,112_3,112,das_work,6.7409093379974365,48258,44,1
1771463319.6737275,114_3,114,das_work,9.175445079803469,48258,44,1
1771463319.6751485,115_3,115,das_work,8.540690660476685,48258,44,1
1771463331.6815827,112_3,112,das_work,8.615563154220581,48258,45,1
1771463331.6861234,115_3,115,das_work,1.113661766052246,48258,45,1
1771463331.708793,114_3,114,das_work,7.498741626739502,48258,45,1
1771463343.7080631,115_3,115,das_work,9.395748138427734,48258,46,1
1771463343.7134175,112_3,112,das_work,2.340973138809204,48258,46,1
1771463343.714073,113_3,113,das_work,12.190627574920654,48258,46,1
1771463343.7182417,114_3,114,das_work,2.913411855697632,48258,46,1
1771463355.6862917,112_3,112,das_work,5.06978964805603,48258,47,1
1771463355.6905026,114_3,114,das_work,8.201493978500366,48258,47,1
1771463355.7142112,115_3,115,das_work,4.124920129776001,48258,47,1
1771463355.7160742,113_3,113,das_work,6.290236711502075,48258,47,1
1771463367.682049,113_3,113,das_work,8.381839513778687,48258,48,1
1771463367.686467,112_3,112,das_work,6.903286457061768,48258,48,1
1771463367.687292,115_3,115,das_work,4.184322357177734,48258,48,1
1771463367.70416,114_3,114,das_work,4.818761825561523,48258,48,1
1771463379.6709776,113_3,113,das_work,6.372454404830933,48258,49,1
1771463379.7067833,115_3,115,das_work,7.200509309768677,48258,49,1
1771463379.7127364,112_3,112,das_work,1.170726299285889,48258,49,1
1771463379.7174847,114_3,114,das_work,7.820736646652222,48258,49,1
1771463391.6586778,113_3,113,das_work,10.32144832611084,48258,50,1
1771463391.6592147,112_3,112,das_work,6.320178747177124,48258,50,1
1771463391.6623323,114_3,114,das_work,7.557626962661743,48258,50,1
1771463391.7007172,115_3,115,das_work,8.786399364471436,48258,50,1
1771463403.697137,115_3,115,das_work,9.168118715286257,48258,51,1
1771463403.7088535,114_3,114,das_work,9.947423219680786,48258,51,1
1771463403.709352,112_3,112,das_work,7.24435019493103,48258,51,1
1771463403.710533,113_3,113,das_work,6.198429822921753,48258,51,1
1771463415.6774056,112_3,112,das_work,2.2561745643615723,48258,52,1
1771463415.6830502,115_3,115,das_work,6.223894834518433,48258,52,1
1771463415.6896386,114_3,114,das_work,4.603434324264526,48258,52,1
1771463415.719513,113_3,113,das_work,5.878974437713623,48258,52,1
1771463427.670638,114_3,114,das_work,4.1360719203948975,48258,53,1
1771463427.674071,112_4,112,das_work,0.4970338344573974,48258,53,1
1771463427.6888957,113_4,113,das_work,4.597440004348755,48258,53,1
1771463427.716766,115_4,115,das_work,2.3227109909057617,48258,53,1
1771463439.6699069,115_4,115,das_work,5.114266633987427,48258,54,1
1771463439.6722069,113_4,113,das_work,7.9546990394592285,48258,54,1
1771463439.6977255,112_4,112,das_work,6.295010805130005,48258,54,1
1771463439.7019155,114_4,114,das_work,4.0471742153167725,48258,54,1
1771463451.6804454,115_4,115,das_work,6.5573790073394775,48258,55,1
1771463451.6812797,114_4,114,das_work,5.303715944290161,48258,55,1
1771463451.681897,112_4,112,das_work,7.773807764053345,48258,55,1
1771463451.7171626,113_4,113,das_work,7.831955432891846,48258,55,1
1771463463.682356,112_4,112,das_work,9.861140966415403,48258,56,1
1771463463.689672,114_4,114,das_work,3.812405824661255,48258,56,1
1771463463.691318,115_4,115,das_work,4.914632558822632,48258,56,1
1771463463.7129738,113_4,113,das_work,6.55275559425354,48258,56,1
1771463475.6713283,113_4,113,das_work,6.503432035446167,48258,57,1
1771463475.6804764,114_4,114,das_work,4.535377740859985,48258,57,1
1771463475.6814752,115_4,115,das_work,6.229947805404663,48258,57,1
1771463475.6872003,112_4,112,das_work,10.3164222240448,48258,57,1
1771463487.6679122,114_4,114,das_work,6.748906850814819,48258,58,1
1771463487.6691165,113_4,113,das_work,6.263617277145386,48258,58,1
1771463487.6804376,112_4,112,das_work,6.812995433807373,48258,58,1
1771463487.6890893,115_4,115,das_work,9.660528182983398,48258,58,1
1771463499.6605206,113_4,113,das_work,5.231940507888794,48258,59,1
1771463499.6634233,112_4,112,das_work,3.5236170291900635,48258,59,1
1771463499.6678114,115_4,115,das_work,1.3736894130706787,48258,59,1
1771463499.6698625,114_4,114,das_work,4.768589973449707,48258,59,1
1771463511.6196086,115_4,115,das_work,4.062519073486328,48258,60,1
1771463511.625118,114_4,114,das_work,5.095772981643677,48258,60,1
1771463511.636855,112_4,112,das_work,2.800188541412353,48258,60,1
1771463511.643363,113_4,113,das_work,5.961760520935059,48258,60,1
1771463523.6039214,113_4,113,das_work,2.3066532611846924,48258,61,1
1771463523.6079447,115_4,115,das_work,9.65329885482788,48258,61,1
1771463523.6101644,112_4,112,das_work,2.0181260108947754,48258,61,1
1771463523.6216052,114_4,114,das_work,9.172231674194336,48258,61,1
1771463535.6069753,114_4,114,das_work,8.576417922973633,48258,62,1
1771463535.6072495,112_4,112,das_work,8.55414867401123,48258,62,1
1771463535.6074054,113_4,113,das_work,2.9459714889526367,48258,62,1
1771463535.6261497,115_4,115,das_work,7.898756980895996,48258,62,1
1771463547.563874,114_4,114,das_work,2.408043146133423,48258,63,1
1771462935.6468213,116_0,116,das_work,5.149292469024658,48258,12,1
1771462947.6614094,117_0,117,das_work,4.8288047313690186,48258,13,1
1771462947.665642,116_0,116,das_work,7.396015882492065,48258,13,1
1771462947.6766768,118_0,118,das_work,1.3025484085083008,48258,13,1
1771462947.6783855,119_0,119,das_work,6.927512168884277,48258,13,1
1771462959.680221,116_0,116,das_work,4.40555477142334,48258,14,1
1771462959.6829696,117_0,117,das_work,9.183342456817629,48258,14,1
1771462959.6835396,118_0,118,das_work,8.130924701690674,48258,14,1
1771462959.6864169,119_0,119,das_work,7.1098175048828125,48258,14,1
1771462971.6953692,116_0,116,das_work,2.948158502578736,48258,15,1
1771462971.695959,118_0,118,das_work,3.3250677585601807,48258,15,1
1771462971.7164943,117_0,117,das_work,6.381693124771118,48258,15,1
1771462971.72167,119_0,119,das_work,4.923443078994751,48258,15,1
1771462983.701157,117_0,117,das_work,8.402378559112549,48258,16,1
1771462983.7175586,116_0,116,das_work,9.241008043289185,48258,16,1
1771462983.7219708,118_0,118,das_work,8.434634685516357,48258,16,1
1771462983.7270715,119_0,119,das_work,6.123249769210815,48258,16,1
1771462995.695068,117_0,117,das_work,2.151986837387085,48258,17,1
1771462995.7145743,118_0,118,das_work,6.72752833366394,48258,17,1
1771462995.7237484,116_0,116,das_work,1.4938604831695557,48258,17,1
1771462995.7267349,119_0,119,das_work,8.979358434677124,48258,17,1
1771463007.7128382,118_0,118,das_work,8.118784189224243,48258,18,1
1771463007.7233362,116_0,116,das_work,4.671215772628784,48258,18,1
1771463007.729516,117_0,117,das_work,6.40001106262207,48258,18,1
1771463007.7344673,119_0,119,das_work,8.806246757507324,48258,18,1
1771463019.705959,119_0,119,das_work,9.360342502593994,48258,19,1
1771463019.7216947,118_0,118,das_work,7.720171928405762,48258,19,1
1771463019.7227182,116_0,116,das_work,4.2477126121521,48258,19,1
1771463019.723313,117_0,117,das_work,5.841575384140015,48258,19,1
1771463031.6928422,118_0,118,das_work,8.692486763000488,48258,20,1
1771463031.704552,119_0,119,das_work,0.9647278785705566,48258,20,1
1771463031.712397,117_0,117,das_work,0.410524845123291,48258,20,1
1771463031.7252924,116_0,116,das_work,3.705307960510254,48258,20,1
1771463043.6824343,119_0,119,das_work,9.974852561950684,48258,21,1
1771463043.68291,116_0,116,das_work,1.387274980545044,48258,21,1
1771463043.6892004,117_0,117,das_work,5.481348991394043,48258,21,1
1771463043.7156725,118_0,118,das_work,9.519972324371338,48258,21,1
1771463055.6924624,118_0,118,das_work,7.327838897705078,48258,22,1
1771463055.698311,119_0,119,das_work,1.6618828773498535,48258,22,1
1771463055.7079442,116_1,116,das_work,0.5603077411651611,48258,22,1
1771463055.7184546,117_0,117,das_work,6.670299768447876,48258,22,1
1771463067.6986015,116_1,116,das_work,4.51773476600647,48258,23,1
1771463067.7102752,117_1,117,das_work,2.471083402633667,48258,23,1
1771463067.7109227,119_1,119,das_work,1.48781156539917,48258,23,1
1771463067.71571,118_1,118,das_work,7.581948757171631,48258,23,1
1771463079.6795588,117_1,117,das_work,6.758410930633545,48258,24,1
1771463079.6911688,119_1,119,das_work,6.488599538803101,48258,24,1
1771463079.7191038,118_1,118,das_work,3.710002899169922,48258,24,1
1771463079.7210655,116_1,116,das_work,0.9383692741394044,48258,24,1
1771463091.7001908,116_1,116,das_work,2.9323205947875977,48258,25,1
1771463091.7099888,117_1,117,das_work,7.125794410705566,48258,25,1
1771463091.727749,119_1,119,das_work,2.6297197341918945,48258,25,1
1771463091.740871,118_1,118,das_work,6.98834753036499,48258,25,1
1771463103.674074,119_1,119,das_work,8.962953329086304,48258,26,1
1771463103.679436,116_1,116,das_work,7.341044664382935,48258,26,1
1771463103.7130225,117_1,117,das_work,3.34789776802063,48258,26,1
1771463103.721596,118_1,118,das_work,8.958688497543335,48258,26,1
1771463115.6851993,117_1,117,das_work,4.586047649383545,48258,27,1
1771463115.689438,118_1,118,das_work,7.130211591720581,48258,27,1
1771463115.6930866,116_1,116,das_work,5.161838531494141,48258,27,1
1771463115.7024813,119_1,119,das_work,3.7676260471344,48258,27,1
1771463127.6839314,119_1,119,das_work,0.9740417003631592,48258,28,1
1771463127.7238624,116_1,116,das_work,1.9102013111114504,48258,28,1
1771463127.7244308,117_1,117,das_work,5.2740864753723145,48258,28,1
1771463127.7340603,118_1,118,das_work,5.364553689956665,48258,28,1
1771463139.7036436,117_1,117,das_work,7.197794198989868,48258,29,1
1771463139.7053895,116_1,116,das_work,6.779327630996704,48258,29,1
1771463139.7065425,119_1,119,das_work,3.4316155910491943,48258,29,1
1771463139.7103128,118_1,118,das_work,1.599012851715088,48258,29,1
1771463151.6965566,118_1,118,das_work,5.188946962356567,48258,30,1
1771463151.704979,119_1,119,das_work,7.14098596572876,48258,30,1
1771463151.7057283,117_1,117,das_work,8.600800275802612,48258,30,1
1771463151.7160993,116_1,116,das_work,4.561057329177856,48258,30,1
1771463163.707507,118_1,118,das_work,4.944908142089844,48258,31,1
1771463163.7145922,117_1,117,das_work,2.269126892089844,48258,31,1
1771463163.717312,116_1,116,das_work,2.954674005508423,48258,31,1
1771463163.7222998,119_1,119,das_work,0.6784083843231201,48258,31,1
1771463175.6811397,117_1,117,das_work,6.652153253555298,48258,32,1
1771463175.683521,118_1,118,das_work,3.9489238262176514,48258,32,1
1771463175.705407,116_2,116,das_work,5.257428169250488,48258,32,1
1771463175.7283926,119_1,119,das_work,8.170056581497192,48258,32,1
1771463187.669551,116_2,116,das_work,5.976564884185791,48258,33,1
1771463187.6730871,118_2,118,das_work,6.131260871887207,48258,33,1
1771463187.6769488,119_2,119,das_work,6.932026386260986,48258,33,1
1771463187.6844327,117_2,117,das_work,0.4429578781127929,48258,33,1
1771463199.69149,118_2,118,das_work,0.4884016513824463,48258,34,1
1771463199.7098262,117_2,117,das_work,6.840284109115601,48258,34,1
1771463199.709956,116_2,116,das_work,9.093246221542358,48258,34,1
1771463199.716979,119_2,119,das_work,7.583736419677734,48258,34,1
1771463211.6787026,119_2,119,das_work,7.255858421325684,48258,35,1
1771463211.6840365,118_2,118,das_work,2.3351171016693115,48258,35,1
1771463211.6982567,117_2,117,das_work,5.290611267089844,48258,35,1
1771463211.7164886,116_2,116,das_work,4.37764048576355,48258,35,1
1771463223.6629152,116_2,116,das_work,8.332111597061157,48258,36,1
1771463223.6858654,118_2,118,das_work,6.855138540267944,48258,36,1
1771463223.6974192,119_2,119,das_work,3.4938595294952397,48258,36,1
1771463223.708129,117_2,117,das_work,8.927401781082153,48258,36,1
1771463235.6790185,118_2,118,das_work,4.651560783386231,48258,37,1
1771463235.6929126,116_2,116,das_work,5.891861915588379,48258,37,1
1771463235.7141092,117_2,117,das_work,1.771415948867798,48258,37,1
1771463235.7153962,119_2,119,das_work,7.3615288734436035,48258,37,1
1771463247.6917784,118_2,118,das_work,1.7019305229187012,48258,38,1
1771463247.7159965,116_2,116,das_work,1.9514901638031008,48258,38,1
1771463247.723495,119_2,119,das_work,4.961623907089233,48258,38,1
1771463247.7250214,117_2,117,das_work,5.37964940071106,48258,38,1
1771463259.6653428,116_2,116,das_work,6.9411938190460205,48258,39,1
1771463259.6842434,119_2,119,das_work,5.117411375045776,48258,39,1
1771463259.6845708,117_2,117,das_work,3.6462693214416495,48258,39,1
1771463259.684817,118_2,118,das_work,3.350267171859741,48258,39,1
1771463271.671538,118_2,118,das_work,3.612832546234131,48258,40,1
1771463271.7011886,116_2,116,das_work,1.5505733489990234,48258,40,1
1771463271.7024736,117_2,117,das_work,7.6359007358551025,48258,40,1
1771463271.705422,119_2,119,das_work,8.994568586349487,48258,40,1
1771463283.6811829,116_2,116,das_work,8.91575002670288,48258,41,1
1771463283.683288,118_2,118,das_work,2.185689687728882,48258,41,1
1771463283.690698,117_2,117,das_work,2.317343235015869,48258,41,1
1771463283.697573,119_2,119,das_work,8.86912202835083,48258,41,1
1771463295.688242,119_2,119,das_work,5.070532560348511,48258,42,1
1771463295.6917164,116_3,116,das_work,3.8412232398986816,48258,42,1
1771463295.699831,118_2,118,das_work,5.181472539901733,48258,42,1
1771463295.7026162,117_2,117,das_work,0.98089599609375,48258,42,1
1771463307.6806002,117_3,117,das_work,5.669869661331177,48258,43,1
1771463307.6835065,119_3,119,das_work,2.151278257369995,48258,43,1
1771463307.684043,118_3,118,das_work,8.419038772583008,48258,43,1
1771463307.6978974,116_3,116,das_work,6.045330047607422,48258,43,1
1771463319.680172,118_3,118,das_work,2.5371553897857666,48258,44,1
1771463319.694852,117_3,117,das_work,8.12241244316101,48258,44,1
1771463319.695603,116_3,116,das_work,7.032604455947876,48258,44,1
1771463319.7060714,119_3,119,das_work,5.526240348815918,48258,44,1
1771463331.677207,118_3,118,das_work,8.613265037536621,48258,45,1
1771463331.689854,116_3,116,das_work,7.0924506187438965,48258,45,1
1771463331.716789,117_3,117,das_work,7.275252819061279,48258,45,1
1771463331.7205951,119_3,119,das_work,4.562816858291626,48258,45,1
1771463343.6744297,118_3,118,das_work,7.766967296600342,48258,46,1
1771463343.685524,119_3,119,das_work,1.1714184284210205,48258,46,1
1771463343.6998608,117_3,117,das_work,7.111220121383667,48258,46,1
1771463343.7110462,116_3,116,das_work,7.088416576385498,48258,46,1
1771463355.6687956,116_3,116,das_work,2.708378553390503,48258,47,1
1771463355.680294,117_3,117,das_work,7.7256019115448,48258,47,1
1771463355.6842134,118_3,118,das_work,5.659907579421997,48258,47,1
1771463355.714431,119_3,119,das_work,2.9250741004943848,48258,47,1
1771463367.7191584,118_3,118,das_work,6.692163467407227,48258,48,1
1771463367.7304838,116_3,116,das_work,6.375000715255737,48258,48,1
1771463367.7317505,117_3,117,das_work,6.767884969711304,48258,48,1
1771463367.7347329,119_3,119,das_work,6.224410533905029,48258,48,1
1771463379.6865115,119_3,119,das_work,8.768447637557983,48258,49,1
1771463379.6973,116_3,116,das_work,3.355661392211914,48258,49,1
1771463379.7061112,117_3,117,das_work,8.063140392303467,48258,49,1
1771463379.7093954,118_3,118,das_work,4.639526844024658,48258,49,1
1771463391.675709,117_3,117,das_work,0.5022461414337158,48258,50,1
1771463391.6811533,116_3,116,das_work,3.6380093097686768,48258,50,1
1771463391.6816623,118_3,118,das_work,5.144394397735596,48258,50,1
1771463391.6894648,119_3,119,das_work,1.1773946285247805,48258,50,1
1771463403.6700106,117_3,117,das_work,4.464066505432129,48258,51,1
1771463403.693251,116_3,116,das_work,2.143993139266968,48258,51,1
1771463403.7001028,118_3,118,das_work,9.269392013549805,48258,51,1
1771463403.7028968,119_3,119,das_work,1.0749430656433103,48258,51,1
1771463415.6747208,117_3,117,das_work,1.829160451889038,48258,52,1
1771463415.67771,118_3,118,das_work,9.782370805740356,48258,52,1
1771463415.68585,116_4,116,das_work,3.66015887260437,48258,52,1
1771463415.692293,119_3,119,das_work,4.424175977706909,48258,52,1
1771463427.677326,116_4,116,das_work,4.390529632568359,48258,53,1
1771463427.6833053,118_4,118,das_work,1.5009260177612305,48258,53,1
1771463427.69429,117_4,117,das_work,7.619904041290283,48258,53,1
1771463427.6966891,119_4,119,das_work,9.83613133430481,48258,53,1
1771463439.6598318,119_4,119,das_work,7.326685667037964,48258,54,1
1771463439.662275,117_4,117,das_work,2.7417569160461426,48258,54,1
1771463439.6960218,118_4,118,das_work,2.1183629035949707,48258,54,1
1771463439.706388,116_4,116,das_work,4.783318042755127,48258,54,1
1771463451.674666,118_4,118,das_work,1.101264238357544,48258,55,1
1771463451.6780846,116_4,116,das_work,1.119025468826294,48258,55,1
1771463451.7050347,117_4,117,das_work,3.4540388584136963,48258,55,1
1771463451.7108598,119_4,119,das_work,9.783513307571411,48258,55,1
1771463463.6663234,116_4,116,das_work,9.942447900772097,48258,56,1
1771463463.6801882,117_4,117,das_work,1.8900296688079836,48258,56,1
1771463463.6838508,118_4,118,das_work,5.7911670207977295,48258,56,1
1771463463.7069194,119_4,119,das_work,9.21885633468628,48258,56,1
1771463475.695871,116_4,116,das_work,7.440860748291016,48258,57,1
1771463475.6963992,117_4,117,das_work,3.729194402694702,48258,57,1
1771463475.7054732,118_4,118,das_work,1.0710909366607666,48258,57,1
1771463475.718293,119_4,119,das_work,3.228300094604492,48258,57,1
1771463487.6634724,116_4,116,das_work,9.166142225265505,48258,58,1
1771463487.6743138,119_4,119,das_work,3.516810178756714,48258,58,1
1771463487.679041,118_4,118,das_work,1.6764934062957764,48258,58,1
1771463487.6819775,117_4,117,das_work,3.219111204147339,48258,58,1
1771463499.640417,118_4,118,das_work,7.744091987609863,48258,59,1
1771463499.6474946,117_4,117,das_work,7.6913793087005615,48258,59,1
1771463499.6486118,116_4,116,das_work,9.572611570358276,48258,59,1
1771463499.672825,119_4,119,das_work,7.303534984588623,48258,59,1
1771463511.6202602,119_4,119,das_work,7.402395963668823,48258,60,1
1771463511.6243875,117_4,117,das_work,4.459668159484863,48258,60,1
1771463511.647797,116_4,116,das_work,8.570847272872925,48258,60,1
1771463511.6507142,118_4,118,das_work,6.955331563949585,48258,60,1
1771463523.604323,116_4,116,das_work,8.877773523330688,48258,61,1
1771463523.619074,119_4,119,das_work,3.1480050086975098,48258,61,1
1771463523.623999,118_4,118,das_work,6.898598670959473,48258,61,1
1771463523.6268232,117_4,117,das_work,4.240588426589966,48258,61,1
1771463535.6135168,117_4,117,das_work,9.664735317230225,48258,62,1
1771463535.614047,119_4,119,das_work,5.176290273666382,48258,62,1
1771463535.624995,118_4,118,das_work,8.811437129974365,48258,62,1
1771462887.604556,8_0,8,das_work,8.022171258926392,48258,8,1
1771462887.639627,10_0,10,das_work,6.371954679489136,48258,8,1
1771462899.588609,9_0,9,das_work,10.547792673110962,48258,9,1
1771462899.60695,11_0,11,das_work,7.69184947013855,48258,9,1
1771462899.6392062,8_0,8,das_work,6.681026220321655,48258,9,1
1771462899.6408186,10_0,10,das_work,5.745747804641724,48258,9,1
1771462911.596526,11_0,11,das_work,3.2259180545806885,48258,10,1
1771462911.6196053,10_0,10,das_work,2.584568738937378,48258,10,1
1771462911.6340604,8_0,8,das_work,6.66905689239502,48258,10,1
1771462911.6671488,9_0,9,das_work,9.641079902648926,48258,10,1
1771462923.6186604,8_0,8,das_work,8.660492420196533,48258,11,1
1771462923.6243632,9_0,9,das_work,5.16779088973999,48258,11,1
1771462923.6414766,10_0,10,das_work,4.233717918395996,48258,11,1
1771462923.642143,11_0,11,das_work,5.655799388885498,48258,11,1
1771462935.622339,10_0,10,das_work,5.406532526016235,48258,12,1
1771462935.6242435,9_0,9,das_work,7.456852674484253,48258,12,1
1771462935.6335475,11_0,11,das_work,7.055279016494751,48258,12,1
1771462935.6398764,8_0,8,das_work,0.7503011226654053,48258,12,1
1771462947.6452053,10_0,10,das_work,7.666024208068848,48258,13,1
1771462947.6556785,8_0,8,das_work,7.787830114364624,48258,13,1
1771462947.6673036,11_0,11,das_work,4.495254039764404,48258,13,1
1771462947.674989,9_0,9,das_work,1.7497644424438477,48258,13,1
1771462959.6903565,8_0,8,das_work,8.435164451599121,48258,14,1
1771462959.694409,9_0,9,das_work,2.969257116317749,48258,14,1
1771462959.6949956,10_0,10,das_work,4.101345539093018,48258,14,1
1771462959.6977153,11_0,11,das_work,0.3240327835083008,48258,14,1
1771462971.7128932,8_0,8,das_work,1.6812374591827393,48258,15,1
1771462971.714632,10_0,10,das_work,5.0938475131988525,48258,15,1
1771462971.724611,11_0,11,das_work,3.861993789672852,48258,15,1
1771462971.726222,9_0,9,das_work,8.240196466445923,48258,15,1
1771462983.6786911,9_0,9,das_work,3.862006187438965,48258,16,1
1771462983.6899624,10_0,10,das_work,1.4343719482421875,48258,16,1
1771462983.701332,11_0,11,das_work,4.906665086746216,48258,16,1
1771462983.709848,8_0,8,das_work,3.036132335662842,48258,16,1
1771462995.7044656,10_0,10,das_work,4.32119607925415,48258,17,1
1771462995.7216067,11_0,11,das_work,3.630656480789185,48258,17,1
1771462995.729533,8_0,8,das_work,2.224008083343506,48258,17,1
1771462995.735957,9_0,9,das_work,8.93852686882019,48258,17,1
1771463007.691876,8_1,8,das_work,9.117756366729736,48258,18,1
1771463007.7185326,10_1,10,das_work,6.055212020874023,48258,18,1
1771463007.7303567,11_0,11,das_work,4.827050447463989,48258,18,1
1771463007.7314174,9_0,9,das_work,0.6386587619781494,48258,18,1
1771463019.7100816,9_1,9,das_work,2.5349998474121094,48258,19,1
1771463019.7177637,11_1,11,das_work,4.999902009963989,48258,19,1
1771463019.7184336,10_1,10,das_work,1.5089569091796875,48258,19,1
1771463019.7272303,8_1,8,das_work,4.596502065658569,48258,19,1
1771463031.7056212,8_1,8,das_work,8.618351221084595,48258,20,1
1771463031.7109053,10_1,10,das_work,8.001577138900757,48258,20,1
1771463031.7118268,11_1,11,das_work,4.719561100006104,48258,20,1
1771463031.715905,9_1,9,das_work,2.683069229125977,48258,20,1
1771463043.700793,9_1,9,das_work,4.913131952285767,48258,21,1
1771463043.703771,11_1,11,das_work,1.4114930629730225,48258,21,1
1771463043.7138286,10_1,10,das_work,5.392467975616455,48258,21,1
1771463043.7238064,8_1,8,das_work,8.339467287063599,48258,21,1
1771463055.7021291,11_1,11,das_work,3.596930503845215,48258,22,1
1771463055.7027545,10_1,10,das_work,1.3415706157684326,48258,22,1
1771463055.720847,9_1,9,das_work,6.259829998016357,48258,22,1
1771463055.722671,8_1,8,das_work,7.0336198806762695,48258,22,1
1771463067.6778092,8_1,8,das_work,6.20589280128479,48258,23,1
1771463067.687002,9_1,9,das_work,3.253262758255005,48258,23,1
1771463067.6896458,10_1,10,das_work,6.840073108673096,48258,23,1
1771463067.69583,11_1,11,das_work,0.9161379337310792,48258,23,1
1771463079.6780963,11_1,11,das_work,2.00209641456604,48258,24,1
1771463079.6864898,9_1,9,das_work,4.871745347976685,48258,24,1
1771463079.6957626,10_1,10,das_work,3.70456862449646,48258,24,1
1771463079.7194316,8_1,8,das_work,6.27397084236145,48258,24,1
1771463091.6980996,11_1,11,das_work,6.45581579208374,48258,25,1
1771463091.713301,10_1,10,das_work,6.003778219223023,48258,25,1
1771463091.7346878,8_1,8,das_work,1.7097365856170654,48258,25,1
1771463091.7442646,9_1,9,das_work,0.5586016178131104,48258,25,1
1771463103.679625,9_1,9,das_work,3.382345676422119,48258,26,1
1771463103.687344,10_1,10,das_work,0.5122087001800537,48258,26,1
1771463103.7068036,8_1,8,das_work,5.876419305801392,48258,26,1
1771463103.7074416,11_1,11,das_work,6.730443000793457,48258,26,1
1771463115.6835604,10_1,10,das_work,7.767037153244018,48258,27,1
1771463115.6994865,9_1,9,das_work,6.88161563873291,48258,27,1
1771463115.7166336,11_1,11,das_work,4.374958038330078,48258,27,1
1771463115.7305954,8_1,8,das_work,9.611039161682127,48258,27,1
1771463127.7011282,8_2,8,das_work,2.265545129776001,48258,28,1
1771463127.7056477,9_1,9,das_work,7.925901651382446,48258,28,1
1771463127.7195566,11_1,11,das_work,1.1392943859100342,48258,28,1
1771463127.7315588,10_2,10,das_work,7.119684457778931,48258,28,1
1771463139.6856604,11_2,11,das_work,4.655987977981567,48258,29,1
1771463139.6970568,10_2,10,das_work,5.746749401092529,48258,29,1
1771463139.705699,8_2,8,das_work,3.7117722034454346,48258,29,1
1771463139.7143917,9_2,9,das_work,6.893167972564697,48258,29,1
1771463151.682891,11_2,11,das_work,4.577219009399414,48258,30,1
1771463151.6982012,9_2,9,das_work,2.739903926849365,48258,30,1
1771463151.7068968,8_2,8,das_work,6.506453514099121,48258,30,1
1771463151.7270937,10_2,10,das_work,1.0080645084381104,48258,30,1
1771463163.694097,10_2,10,das_work,6.022115468978882,48258,31,1
1771463163.696232,11_2,11,das_work,8.023166418075562,48258,31,1
1771463163.6996868,8_2,8,das_work,1.6382412910461426,48258,31,1
1771463163.7204556,9_2,9,das_work,1.4886088371276855,48258,31,1
1771463175.6920092,8_2,8,das_work,7.442569732666016,48258,32,1
1771463175.6963308,10_2,10,das_work,6.637659072875977,48258,32,1
1771463175.7168036,9_2,9,das_work,5.718306541442871,48258,32,1
1771463175.717347,11_2,11,das_work,5.082799434661865,48258,32,1
1771463187.6660028,11_2,11,das_work,8.9479079246521,48258,33,1
1771463187.6927402,8_2,8,das_work,8.608088254928589,48258,33,1
1771463187.7028494,10_2,10,das_work,2.8496007919311523,48258,33,1
1771463187.708061,9_2,9,das_work,3.6974244117736816,48258,33,1
1771463199.6978774,11_2,11,das_work,2.332115650177002,48258,34,1
1771463199.7150264,10_2,10,das_work,3.5906007289886475,48258,34,1
1771463199.7198353,8_2,8,das_work,7.489251852035522,48258,34,1
1771463199.7304487,9_2,9,das_work,7.158094167709351,48258,34,1
1771463211.6833963,9_2,9,das_work,5.597528696060181,48258,35,1
1771463211.697132,8_2,8,das_work,5.4819746017456055,48258,35,1
1771463211.708071,10_2,10,das_work,5.677873373031616,48258,35,1
1771463211.7173278,11_2,11,das_work,8.364206075668335,48258,35,1
1771463223.6635344,8_2,8,das_work,3.724832057952881,48258,36,1
1771463223.664096,11_2,11,das_work,7.08103609085083,48258,36,1
1771463223.6873083,9_2,9,das_work,4.003944873809815,48258,36,1
1771463223.6991985,10_2,10,das_work,3.1655404567718506,48258,36,1
1771463235.6935005,11_2,11,das_work,7.06756329536438,48258,37,1
1771463235.7009122,8_2,8,das_work,6.778663396835327,48258,37,1
1771463235.7068715,10_2,10,das_work,7.493739128112793,48258,37,1
1771463235.7194998,9_2,9,das_work,2.4189374446868896,48258,37,1
1771463247.672561,11_2,11,das_work,6.580766677856445,48258,38,1
1771463247.6802306,10_3,10,das_work,0.3945932388305664,48258,38,1
1771463247.7162163,9_2,9,das_work,2.395378828048706,48258,38,1
1771463247.7196174,8_3,8,das_work,4.901563405990601,48258,38,1
1771463259.663103,11_3,11,das_work,4.771173477172852,48258,39,1
1771463259.6955786,8_3,8,das_work,2.1551966667175293,48258,39,1
1771463259.708239,10_3,10,das_work,8.42093014717102,48258,39,1
1771463259.7097354,9_3,9,das_work,9.610446214675903,48258,39,1
1771463271.6640172,10_3,10,das_work,2.8805530071258545,48258,40,1
1771463271.6782055,8_3,8,das_work,2.0242419242858887,48258,40,1
1771463271.68018,9_3,9,das_work,5.859469652175903,48258,40,1
1771463271.683842,11_3,11,das_work,7.1007936000823975,48258,40,1
1771463283.6645455,10_3,10,das_work,4.998009920120239,48258,41,1
1771463283.6657205,11_3,11,das_work,6.045831918716431,48258,41,1
1771463283.666265,8_3,8,das_work,7.061538696289063,48258,41,1
1771463283.700507,9_3,9,das_work,8.865368127822876,48258,41,1
1771463295.6829746,10_3,10,das_work,3.273428440093994,48258,42,1
1771463295.6985114,8_3,8,das_work,1.7375671863555908,48258,42,1
1771463295.7036765,11_3,11,das_work,9.97413182258606,48258,42,1
1771463295.7103286,9_3,9,das_work,7.011884450912476,48258,42,1
1771463307.6596808,9_3,9,das_work,4.645671367645264,48258,43,1
1771463307.6692915,8_3,8,das_work,7.762839078903198,48258,43,1
1771463307.6714582,10_3,10,das_work,2.0485992431640625,48258,43,1
1771463307.671617,11_3,11,das_work,8.471412181854248,48258,43,1
1771463319.6643,10_3,10,das_work,6.992766857147217,48258,44,1
1771463319.6675303,11_3,11,das_work,8.816956520080566,48258,44,1
1771463319.6715236,8_3,8,das_work,6.388495922088623,48258,44,1
1771463319.7090874,9_3,9,das_work,5.236894369125366,48258,44,1
1771463331.6796925,8_3,8,das_work,4.569179534912109,48258,45,1
1771463331.7003956,11_3,11,das_work,5.7882468700408936,48258,45,1
1771463331.7151852,10_3,10,das_work,8.776624202728271,48258,45,1
1771463331.7263963,9_3,9,das_work,4.314925193786621,48258,45,1
1771463343.673819,8_3,8,das_work,3.9841272830963135,48258,46,1
1771463343.6843655,11_3,11,das_work,7.027195692062378,48258,46,1
1771463343.6961255,10_3,10,das_work,1.839479923248291,48258,46,1
1771463343.7050009,9_3,9,das_work,3.991829633712769,48258,46,1
1771463355.681595,11_3,11,das_work,8.450921058654785,48258,47,1
1771463355.6940482,8_3,8,das_work,2.854562282562256,48258,47,1
1771463355.7068567,9_3,9,das_work,2.991231918334961,48258,47,1
1771463355.7128654,10_3,10,das_work,8.21072268486023,48258,47,1
1771463367.6885574,10_4,10,das_work,0.8383338451385498,48258,48,1
1771463367.699958,11_3,11,das_work,6.091756343841553,48258,48,1
1771463367.710643,8_4,8,das_work,8.372328758239746,48258,48,1
1771463367.719288,9_3,9,das_work,6.526728391647339,48258,48,1
1771463379.67236,8_4,8,das_work,4.56606388092041,48258,49,1
1771463379.6773503,11_4,11,das_work,3.8304193019866943,48258,49,1
1771463379.6788971,9_4,9,das_work,1.3884060382843018,48258,49,1
1771463379.6822567,10_4,10,das_work,6.8223490715026855,48258,49,1
1771463391.6574836,8_4,8,das_work,6.7615065574646,48258,50,1
1771463391.6587696,9_4,9,das_work,4.090740203857422,48258,50,1
1771463391.6695178,10_4,10,das_work,6.831788539886475,48258,50,1
1771463391.694133,11_4,11,das_work,2.033968448638916,48258,50,1
1771463403.6662383,11_4,11,das_work,6.095888614654541,48258,51,1
1771463403.6913176,9_4,9,das_work,5.824280738830566,48258,51,1
1771463403.7065067,8_4,8,das_work,0.8825113773345947,48258,51,1
1771463403.7095332,10_4,10,das_work,1.685716152191162,48258,51,1
1771463415.6851108,11_4,11,das_work,5.361253976821899,48258,52,1
1771463415.700909,9_4,9,das_work,0.7278451919555664,48258,52,1
1771463415.709306,10_4,10,das_work,9.148227453231812,48258,52,1
1771463415.7193954,8_4,8,das_work,3.748601913452149,48258,52,1
1771463427.6987865,11_4,11,das_work,8.968334913253784,48258,53,1
1771463427.704995,8_4,8,das_work,8.114952802658081,48258,53,1
1771463427.7094846,9_4,9,das_work,5.266241788864136,48258,53,1
1771463427.7101016,10_4,10,das_work,5.210110902786255,48258,53,1
1771463439.6736076,9_4,9,das_work,3.3090274333953857,48258,54,1
1771463439.6762557,8_4,8,das_work,2.526834011077881,48258,54,1
1771463439.6793733,10_4,10,das_work,3.4100260734558105,48258,54,1
1771463439.6851697,11_4,11,das_work,8.03281283378601,48258,54,1
1771463451.6741924,10_4,10,das_work,7.319748163223267,48258,55,1
1771463451.692177,11_4,11,das_work,6.251855134963989,48258,55,1
1771463451.7004728,8_4,8,das_work,2.743782997131348,48258,55,1
1771463451.7158926,9_4,9,das_work,9.373273849487305,48258,55,1
1771463463.6683578,10_4,10,das_work,2.1681935787200928,48258,56,1
1771463463.6906312,8_4,8,das_work,4.288677930831909,48258,56,1
1771463463.6938093,11_4,11,das_work,6.8767991065979,48258,56,1
1771463463.7099516,9_4,9,das_work,5.674790382385254,48258,56,1
1771463475.672628,9_4,9,das_work,2.6016807556152344,48258,57,1
1771463475.683868,8_4,8,das_work,7.558997392654419,48258,57,1
1771463475.6865776,10_4,10,das_work,2.2244040966033936,48258,57,1
1771463475.7028975,11_4,11,das_work,1.8850257396698,48258,57,1
1771463487.6542094,9_4,9,das_work,4.293478488922119,48258,58,1
1771463487.687371,11_4,11,das_work,3.14665150642395,48258,58,1
1771462947.6441593,121_0,121,das_work,4.985284328460693,48258,13,1
1771462947.6643853,123_0,123,das_work,3.679277896881104,48258,13,1
1771462947.666983,120_0,120,das_work,8.531568050384521,48258,13,1
1771462959.6741116,122_0,122,das_work,9.387744665145874,48258,14,1
1771462959.6804557,123_0,123,das_work,4.8806657791137695,48258,14,1
1771462959.6975155,121_0,121,das_work,4.483470678329468,48258,14,1
1771462959.7007906,120_0,120,das_work,7.109426498413086,48258,14,1
1771462971.6899426,123_0,123,das_work,2.1256303787231445,48258,15,1
1771462971.7151415,121_0,121,das_work,8.30702257156372,48258,15,1
1771462971.7233543,120_0,120,das_work,5.126068830490112,48258,15,1
1771462971.725374,122_0,122,das_work,9.028621196746826,48258,15,1
1771462983.6903052,122_0,122,das_work,7.070261478424072,48258,16,1
1771462983.694681,121_0,121,das_work,4.440065145492554,48258,16,1
1771462983.699042,123_0,123,das_work,4.06398868560791,48258,16,1
1771462983.7123537,120_0,120,das_work,4.449780464172363,48258,16,1
1771462995.6978178,121_0,121,das_work,6.496375322341919,48258,17,1
1771462995.6997328,120_0,120,das_work,8.159067392349243,48258,17,1
1771462995.731616,122_0,122,das_work,3.83576226234436,48258,17,1
1771462995.7367573,123_0,123,das_work,7.288490533828735,48258,17,1
1771463007.6849456,120_0,120,das_work,5.675040721893311,48258,18,1
1771463007.6879497,123_0,123,das_work,7.599713563919067,48258,18,1
1771463007.7136655,122_0,122,das_work,9.50537371635437,48258,18,1
1771463007.7219026,121_0,121,das_work,2.646665573120117,48258,18,1
1771463019.6869166,122_0,122,das_work,1.307769536972046,48258,19,1
1771463019.7035637,121_0,121,das_work,9.31279468536377,48258,19,1
1771463019.718126,123_0,123,das_work,8.019104480743408,48258,19,1
1771463019.7281218,120_0,120,das_work,10.174741983413696,48258,19,1
1771463031.6900318,122_0,122,das_work,4.442923545837402,48258,20,1
1771463031.7057347,123_0,123,das_work,7.0185301303863525,48258,20,1
1771463031.7211154,120_0,120,das_work,7.199028253555298,48258,20,1
1771463031.7267668,121_0,121,das_work,5.369770050048828,48258,20,1
1771463043.6939957,122_0,122,das_work,0.9681873321533204,48258,21,1
1771463043.7106333,121_0,121,das_work,7.587266683578491,48258,21,1
1771463043.7206328,120_0,120,das_work,5.497538805007935,48258,21,1
1771463043.724391,123_0,123,das_work,6.232802391052246,48258,21,1
1771463055.6826024,122_0,122,das_work,5.268256187438965,48258,22,1
1771463055.6864872,121_0,121,das_work,8.940181016921997,48258,22,1
1771463055.697574,123_0,123,das_work,1.531487226486206,48258,22,1
1771463055.7118993,120_0,120,das_work,8.679985523223877,48258,22,1
1771463067.6843164,123_1,123,das_work,8.98547911643982,48258,23,1
1771463067.6890686,120_1,120,das_work,3.5537562370300293,48258,23,1
1771463067.7144468,121_1,121,das_work,4.1525537967681885,48258,23,1
1771463067.7257743,122_0,122,das_work,7.749581575393677,48258,23,1
1771463079.7125614,122_1,122,das_work,8.297865152359009,48258,24,1
1771463079.714321,123_1,123,das_work,1.6218314170837402,48258,24,1
1771463079.7154815,120_1,120,das_work,5.686524152755737,48258,24,1
1771463079.7209475,121_1,121,das_work,3.44718599319458,48258,24,1
1771463091.7017946,120_1,120,das_work,6.516777753829956,48258,25,1
1771463091.702444,123_1,123,das_work,9.01280164718628,48258,25,1
1771463091.7250154,121_1,121,das_work,5.146299123764038,48258,25,1
1771463091.7487268,122_1,122,das_work,2.092335700988769,48258,25,1
1771463103.675998,122_1,122,das_work,5.886641025543213,48258,26,1
1771463103.6766193,121_1,121,das_work,1.47347092628479,48258,26,1
1771463103.683458,120_1,120,das_work,3.901686668395996,48258,26,1
1771463103.707935,123_1,123,das_work,9.71929121017456,48258,26,1
1771463115.6900454,122_1,122,das_work,7.03709077835083,48258,27,1
1771463115.6936188,121_1,121,das_work,4.501714706420898,48258,27,1
1771463115.6961436,123_1,123,das_work,1.7673146724700928,48258,27,1
1771463115.7299576,120_1,120,das_work,1.387965440750122,48258,27,1
1771463127.7015803,120_1,120,das_work,9.255728244781494,48258,28,1
1771463127.7324417,123_1,123,das_work,5.300212621688843,48258,28,1
1771463127.733528,121_1,121,das_work,6.218650579452515,48258,28,1
1771463127.7343273,122_1,122,das_work,3.398261547088623,48258,28,1
1771463139.6883671,123_1,123,das_work,3.209249496459961,48258,29,1
1771463139.703204,122_1,122,das_work,0.7489452362060547,48258,29,1
1771463139.717512,120_1,120,das_work,5.284998655319214,48258,29,1
1771463139.723002,121_1,121,das_work,8.747704029083252,48258,29,1
1771463151.687973,121_1,121,das_work,6.250327110290527,48258,30,1
1771463151.7121663,122_1,122,das_work,3.3264434337615967,48258,30,1
1771463151.714027,120_1,120,das_work,6.854589939117432,48258,30,1
1771463151.7145767,123_1,123,das_work,9.479794025421144,48258,30,1
1771463163.6986184,123_1,123,das_work,5.508776903152466,48258,31,1
1771463163.7092805,122_1,122,das_work,2.2519242763519287,48258,31,1
1771463163.7150698,120_1,120,das_work,2.561023712158203,48258,31,1
1771463163.7273183,121_1,121,das_work,3.937820911407471,48258,31,1
1771463175.6877155,121_1,121,das_work,3.309460401535034,48258,32,1
1771463175.6887443,123_1,123,das_work,2.0779478549957275,48258,32,1
1771463175.6968424,120_1,120,das_work,4.441980838775635,48258,32,1
1771463175.7041073,122_1,122,das_work,0.4034607410430908,48258,32,1
1771463187.6702533,120_2,120,das_work,2.7085022926330566,48258,33,1
1771463187.6902025,121_2,121,das_work,0.2784342765808105,48258,33,1
1771463187.699781,122_1,122,das_work,6.6391777992248535,48258,33,1
1771463187.7118597,123_2,123,das_work,3.486574411392212,48258,33,1
1771463199.6913414,120_2,120,das_work,6.834882736206055,48258,34,1
1771463199.6919615,123_2,123,das_work,4.336400032043457,48258,34,1
1771463199.717384,121_2,121,das_work,1.9726951122283936,48258,34,1
1771463199.7237003,122_2,122,das_work,8.843472957611084,48258,34,1
1771463211.6938908,121_2,121,das_work,8.040684223175049,48258,35,1
1771463211.71075,123_2,123,das_work,9.33175492286682,48258,35,1
1771463211.71402,122_2,122,das_work,6.95744252204895,48258,35,1
1771463211.7239895,120_2,120,das_work,5.892624139785767,48258,35,1
1771463223.6645904,123_2,123,das_work,2.37827467918396,48258,36,1
1771463223.6876285,122_2,122,das_work,2.1634509563446045,48258,36,1
1771463223.6937268,120_2,120,das_work,8.790133714675903,48258,36,1
1771463223.6943092,121_2,121,das_work,1.2341375350952148,48258,36,1
1771463235.6731863,123_2,123,das_work,2.7374107837677,48258,37,1
1771463235.7073617,122_2,122,das_work,4.33090090751648,48258,37,1
1771463235.7086377,120_2,120,das_work,8.273743391036987,48258,37,1
1771463235.714521,121_2,121,das_work,4.879452228546143,48258,37,1
1771463247.6732154,122_2,122,das_work,8.033514499664307,48258,38,1
1771463247.6799667,123_2,123,das_work,9.031203269958496,48258,38,1
1771463247.688672,120_2,120,das_work,5.936978101730347,48258,38,1
1771463247.705515,121_2,121,das_work,5.7936084270477295,48258,38,1
1771463259.6774912,123_2,123,das_work,9.853082656860352,48258,39,1
1771463259.6819038,122_2,122,das_work,8.884861946105957,48258,39,1
1771463259.684116,121_2,121,das_work,5.268500089645386,48258,39,1
1771463259.7086887,120_2,120,das_work,8.649246454238892,48258,39,1
1771463271.6640422,121_2,121,das_work,6.814843893051148,48258,40,1
1771463271.673375,122_2,122,das_work,2.8202619552612305,48258,40,1
1771463271.7031054,120_2,120,das_work,1.6234581470489502,48258,40,1
1771463271.7056923,123_2,123,das_work,2.9772331714630127,48258,40,1
1771463283.6631193,120_2,120,das_work,0.9073686599731444,48258,41,1
1771463283.6826642,123_2,123,das_work,5.2263805866241455,48258,41,1
1771463283.687799,121_2,121,das_work,4.432810783386231,48258,41,1
1771463283.7074363,122_2,122,das_work,4.5886547565460205,48258,41,1
1771463295.6778064,121_2,121,das_work,7.9621782302856445,48258,42,1
1771463295.69338,120_2,120,das_work,7.64164137840271,48258,42,1
1771463295.70326,122_2,122,das_work,5.098247766494751,48258,42,1
1771463295.711398,123_2,123,das_work,2.1272451877593994,48258,42,1
1771463307.6589544,120_3,120,das_work,7.625859975814819,48258,43,1
1771463307.6814106,121_3,121,das_work,4.71366810798645,48258,43,1
1771463307.6974876,122_2,122,das_work,3.312438726425171,48258,43,1
1771463307.703643,123_3,123,das_work,4.406131267547607,48258,43,1
1771463319.661635,122_3,122,das_work,2.047182083129883,48258,44,1
1771463319.667108,123_3,123,das_work,3.592272520065308,48258,44,1
1771463319.6792235,120_3,120,das_work,5.035305023193359,48258,44,1
1771463319.7024877,121_3,121,das_work,5.878149747848511,48258,44,1
1771463331.6940577,121_3,121,das_work,6.537850618362427,48258,45,1
1771463331.6974182,120_3,120,das_work,4.8737406730651855,48258,45,1
1771463331.7226534,123_3,123,das_work,7.746160507202148,48258,45,1
1771463331.726508,122_3,122,das_work,7.285447120666504,48258,45,1
1771463343.6769333,121_3,121,das_work,5.191433429718018,48258,46,1
1771463343.7021997,120_3,120,das_work,8.154007911682129,48258,46,1
1771463343.714548,123_3,123,das_work,4.421061754226685,48258,46,1
1771463343.7243588,122_3,122,das_work,2.8939597606658936,48258,46,1
1771463355.6738596,120_3,120,das_work,5.717679262161255,48258,47,1
1771463355.6849508,122_3,122,das_work,4.537031650543213,48258,47,1
1771463355.6861556,123_3,123,das_work,7.771392345428467,48258,47,1
1771463355.6924224,121_3,121,das_work,6.855160713195801,48258,47,1
1771463367.6942177,123_3,123,das_work,9.004024982452393,48258,48,1
1771463367.6947105,121_3,121,das_work,9.259974479675291,48258,48,1
1771463367.6959145,122_3,122,das_work,8.425904273986816,48258,48,1
1771463367.7190704,120_3,120,das_work,6.481539964675903,48258,48,1
1771463379.6711123,123_3,123,das_work,9.813039302825928,48258,49,1
1771463379.681994,120_3,120,das_work,5.340143918991089,48258,49,1
1771463379.6875193,121_3,121,das_work,4.102190017700195,48258,49,1
1771463379.6912029,122_3,122,das_work,8.10407543182373,48258,49,1
1771463391.6672282,122_3,122,das_work,9.89506721496582,48258,50,1
1771463391.674302,123_3,123,das_work,7.1341712474823,48258,50,1
1771463391.6837835,121_3,121,das_work,8.83059811592102,48258,50,1
1771463391.7019763,120_3,120,das_work,8.356879949569702,48258,50,1
1771463403.6709988,120_3,120,das_work,6.917144775390625,48258,51,1
1771463403.6795309,123_3,123,das_work,4.688506126403809,48258,51,1
1771463403.6956215,122_3,122,das_work,8.858681201934814,48258,51,1
1771463403.6989508,121_3,121,das_work,8.868956565856934,48258,51,1
1771463415.670708,122_3,122,das_work,1.2019693851470947,48258,52,1
1771463415.6776085,123_3,123,das_work,4.765268325805664,48258,52,1
1771463415.7033384,121_3,121,das_work,4.6949238777160645,48258,52,1
1771463415.7117562,120_3,120,das_work,0.9658212661743164,48258,52,1
1771463427.6713145,123_4,123,das_work,6.340764999389648,48258,53,1
1771463427.7024865,120_4,120,das_work,9.731534004211426,48258,53,1
1771463427.703076,121_4,121,das_work,1.8095393180847168,48258,53,1
1771463427.7183163,122_3,122,das_work,6.455084800720215,48258,53,1
1771463439.6659777,123_4,123,das_work,6.572657108306885,48258,54,1
1771463439.6782131,122_4,122,das_work,6.795718669891357,48258,54,1
1771463439.684965,121_4,121,das_work,2.900931596755981,48258,54,1
1771463439.6963215,120_4,120,das_work,7.83038330078125,48258,54,1
1771463451.6845334,121_4,121,das_work,9.41954469680786,48258,55,1
1771463451.6930213,122_4,122,das_work,8.09828519821167,48258,55,1
1771463451.712315,123_4,123,das_work,3.652392864227295,48258,55,1
1771463451.7192574,120_4,120,das_work,4.276535749435425,48258,55,1
1771463463.6731424,121_4,121,das_work,0.7298943996429443,48258,56,1
1771463463.6853418,122_4,122,das_work,1.486283540725708,48258,56,1
1771463463.6859052,120_4,120,das_work,9.639542818069458,48258,56,1
1771463463.708472,123_4,123,das_work,4.007891416549683,48258,56,1
1771463475.672706,123_4,123,das_work,5.753183364868164,48258,57,1
1771463475.6735847,122_4,122,das_work,6.277242660522461,48258,57,1
1771463475.7122214,120_4,120,das_work,5.742316484451294,48258,57,1
1771463475.722293,121_4,121,das_work,5.180399417877197,48258,57,1
1771463487.671485,122_4,122,das_work,3.369544744491577,48258,58,1
1771463487.6778798,120_4,120,das_work,1.9124832153320312,48258,58,1
1771463487.6822138,123_4,123,das_work,9.195110082626345,48258,58,1
1771463487.6889267,121_4,121,das_work,4.4775590896606445,48258,58,1
1771463499.6579988,122_4,122,das_work,5.699191570281982,48258,59,1
1771463499.6611712,120_4,120,das_work,5.638351440429688,48258,59,1
1771463499.664441,121_4,121,das_work,0.915219783782959,48258,59,1
1771463499.6772163,123_4,123,das_work,1.8846795558929443,48258,59,1
1771463511.625259,121_4,121,das_work,4.5508434772491455,48258,60,1
1771463511.6320045,122_4,122,das_work,6.897046327590942,48258,60,1
1771463511.6354954,123_4,123,das_work,8.475219249725342,48258,60,1
1771463511.6362426,120_4,120,das_work,6.733484506607056,48258,60,1
1771463523.6024454,120_4,120,das_work,6.431172609329224,48258,61,1
1771463523.6060145,121_4,121,das_work,2.4108574390411377,48258,61,1
1771463523.609085,122_4,122,das_work,4.24843955039978,48258,61,1
1771463523.609683,123_4,123,das_work,5.607906103134155,48258,61,1
1771463535.5901625,121_4,121,das_work,9.408359289169312,48258,62,1
1771463535.5908048,120_4,120,das_work,4.545718669891357,48258,62,1
1771463535.5952058,122_4,122,das_work,4.622936248779297,48258,62,1
1771463535.6245985,123_4,123,das_work,7.601895570755005,48258,62,1
1771463547.5862775,122_4,122,das_work,3.293034076690674,48258,63,1
1771462947.641085,124_0,124,das_work,10.580207109451294,48258,13,1
1771462947.665458,127_0,127,das_work,4.2474565505981445,48258,13,1
1771462947.6674616,125_0,125,das_work,9.58719277381897,48258,13,1
1771462947.667962,126_0,126,das_work,9.320578575134276,48258,13,1
1771462959.6665168,127_0,127,das_work,1.553727149963379,48258,14,1
1771462959.6760042,126_0,126,das_work,6.130964517593384,48258,14,1
1771462959.6846137,124_0,124,das_work,0.9640014171600342,48258,14,1
1771462959.6954255,125_0,125,das_work,1.6317777633666992,48258,14,1
1771462971.684465,127_0,127,das_work,6.124631643295288,48258,15,1
1771462971.7010307,125_0,125,das_work,2.2379696369171143,48258,15,1
1771462971.70708,126_0,126,das_work,0.2316277027130127,48258,15,1
1771462971.7093608,124_0,124,das_work,4.988609075546265,48258,15,1
1771462983.6907537,126_0,126,das_work,8.9470694065094,48258,16,1
1771462983.6951964,127_0,127,das_work,4.346904516220093,48258,16,1
1771462983.6964214,125_0,125,das_work,6.031596899032593,48258,16,1
1771462983.7127512,124_0,124,das_work,7.909675359725952,48258,16,1
1771462995.7041037,124_0,124,das_work,6.75876522064209,48258,17,1
1771462995.7120998,126_0,126,das_work,6.264859437942505,48258,17,1
1771462995.7217827,127_0,127,das_work,8.260385751724243,48258,17,1
1771462995.737295,125_0,125,das_work,1.3239178657531738,48258,17,1
1771463007.6873326,126_0,126,das_work,2.3631751537323,48258,18,1
1771463007.70175,125_0,125,das_work,7.852908372879028,48258,18,1
1771463007.724462,127_0,127,das_work,4.96704363822937,48258,18,1
1771463007.7327583,124_0,124,das_work,2.8010506629943848,48258,18,1
1771463019.6858504,126_0,126,das_work,10.127594709396362,48258,19,1
1771463019.6992517,127_0,127,das_work,4.943970203399658,48258,19,1
1771463019.7228951,125_0,125,das_work,5.397371530532837,48258,19,1
1771463019.7290163,124_0,124,das_work,2.736250638961792,48258,19,1
1771463031.6851425,127_0,127,das_work,1.2402560710906982,48258,20,1
1771463031.7042742,124_0,124,das_work,8.131840467453003,48258,20,1
1771463031.719212,125_0,125,das_work,6.483587026596069,48258,20,1
1771463031.7269323,126_0,126,das_work,2.916904926300049,48258,20,1
1771463043.6853251,126_0,126,das_work,1.781564712524414,48258,21,1
1771463043.688312,125_0,125,das_work,7.092516183853149,48258,21,1
1771463043.689433,124_0,124,das_work,4.2343223094940186,48258,21,1
1771463043.695688,127_0,127,das_work,5.26178240776062,48258,21,1
1771463055.6855688,125_0,125,das_work,4.29406213760376,48258,22,1
1771463055.6908162,127_0,127,das_work,9.20384669303894,48258,22,1
1771463055.7013028,124_0,124,das_work,8.782817125320435,48258,22,1
1771463055.71956,126_0,126,das_work,9.270655155181885,48258,22,1
1771463067.6841578,124_1,124,das_work,2.3573760986328125,48258,23,1
1771463067.6855593,127_1,127,das_work,1.709986686706543,48258,23,1
1771463067.6909344,126_1,126,das_work,1.9809556007385252,48258,23,1
1771463067.7167015,125_1,125,das_work,7.219541788101196,48258,23,1
1771463079.6775682,127_1,127,das_work,1.0591843128204346,48258,24,1
1771463079.6880858,125_1,125,das_work,8.073482275009155,48258,24,1
1771463079.6995535,124_1,124,das_work,3.3423237800598145,48258,24,1
1771463079.7192807,126_1,126,das_work,2.682682991027832,48258,24,1
1771463091.713829,124_1,124,das_work,2.3363146781921387,48258,25,1
1771463091.723249,127_1,127,das_work,5.733201503753662,48258,25,1
1771463091.7456765,126_1,126,das_work,3.652355432510376,48258,25,1
1771463091.7474284,125_1,125,das_work,4.749018907546997,48258,25,1
1771463103.6738782,125_1,125,das_work,3.947978258132935,48258,26,1
1771463103.6768942,127_1,127,das_work,8.96891188621521,48258,26,1
1771463103.7103846,126_1,126,das_work,4.606633901596069,48258,26,1
1771463103.7273242,124_1,124,das_work,5.234354734420776,48258,26,1
1771463115.703789,124_1,124,das_work,1.763258934020996,48258,27,1
1771463115.708649,125_1,125,das_work,1.998018264770508,48258,27,1
1771463115.7175314,126_1,126,das_work,6.634883880615234,48258,27,1
1771463115.7262502,127_1,127,das_work,5.394273996353149,48258,27,1
1771463127.6878788,124_1,124,das_work,5.686923027038574,48258,28,1
1771463127.6958218,127_1,127,das_work,2.8516557216644287,48258,28,1
1771463127.7136571,126_1,126,das_work,7.861960649490356,48258,28,1
1771463127.7337365,125_1,125,das_work,0.8884398937225342,48258,28,1
1771463139.677979,127_1,127,das_work,2.216981887817383,48258,29,1
1771463139.679917,125_1,125,das_work,0.9844725131988524,48258,29,1
1771463139.689636,124_1,124,das_work,9.045828580856323,48258,29,1
1771463139.713122,126_1,126,das_work,7.110202074050903,48258,29,1
1771463151.6987474,127_1,127,das_work,2.812699794769287,48258,30,1
1771463151.7035117,124_1,124,das_work,2.375652551651001,48258,30,1
1771463151.72556,125_1,125,das_work,3.8943958282470703,48258,30,1
1771463151.7276251,126_1,126,das_work,2.6704659461975098,48258,30,1
1771463163.6768312,125_1,125,das_work,7.953121185302734,48258,31,1
1771463163.677835,126_1,126,das_work,6.376423120498657,48258,31,1
1771463163.6875484,127_1,127,das_work,4.580446481704712,48258,31,1
1771463163.6927142,124_1,124,das_work,8.89680552482605,48258,31,1
1771463175.6969388,125_1,125,das_work,7.317866802215576,48258,32,1
1771463175.718862,124_1,124,das_work,2.22948956489563,48258,32,1
1771463175.7233598,126_1,126,das_work,3.1713674068450928,48258,32,1
1771463175.7238665,127_1,127,das_work,8.780671834945679,48258,32,1
1771463187.6657932,124_2,124,das_work,4.673882484436035,48258,33,1
1771463187.6709332,127_2,127,das_work,6.600945472717285,48258,33,1
1771463187.6798491,125_2,125,das_work,5.992382764816284,48258,33,1
1771463187.691196,126_2,126,das_work,2.84208345413208,48258,33,1
1771463199.6835835,125_2,125,das_work,2.320627450942993,48258,34,1
1771463199.6841383,127_2,127,das_work,6.713782072067261,48258,34,1
1771463199.7220411,126_2,126,das_work,2.2449934482574463,48258,34,1
1771463199.7368977,124_2,124,das_work,8.828981876373291,48258,34,1
1771463211.683529,124_2,124,das_work,7.013766765594482,48258,35,1
1771463211.689517,125_2,125,das_work,0.6804134845733643,48258,35,1
1771463211.696644,126_2,126,das_work,8.102363348007202,48258,35,1
1771463211.719913,127_2,127,das_work,3.040541410446167,48258,35,1
1771463223.6689618,126_2,126,das_work,2.3798420429229736,48258,36,1
1771463223.6965866,125_2,125,das_work,7.658722639083862,48258,36,1
1771463223.6973672,124_2,124,das_work,6.8930511474609375,48258,36,1
1771463223.7034843,127_2,127,das_work,6.549452543258667,48258,36,1
1771463235.6813529,126_2,126,das_work,3.8907060623168954,48258,37,1
1771463235.7103868,124_2,124,das_work,4.757536888122559,48258,37,1
1771463235.7159,125_2,125,das_work,8.994873285293579,48258,37,1
1771463235.722794,127_2,127,das_work,8.027549743652344,48258,37,1
1771463247.683024,124_2,124,das_work,6.169628381729126,48258,38,1
1771463247.6902664,127_2,127,das_work,8.707604885101318,48258,38,1
1771463247.702173,126_2,126,das_work,6.283753156661987,48258,38,1
1771463247.7084594,125_2,125,das_work,9.06224012374878,48258,38,1
1771463259.670221,126_2,126,das_work,2.261768341064453,48258,39,1
1771463259.670798,124_2,124,das_work,4.513354539871216,48258,39,1
1771463259.675162,125_2,125,das_work,0.2117936611175537,48258,39,1
1771463259.678692,127_2,127,das_work,4.724166393280029,48258,39,1
1771463271.6662836,124_2,124,das_work,0.4154441356658935,48258,40,1
1771463271.6704562,125_2,125,das_work,8.705593824386597,48258,40,1
1771463271.7061596,126_2,126,das_work,1.224539041519165,48258,40,1
1771463271.7063842,127_2,127,das_work,8.275987386703491,48258,40,1
1771463283.6698143,124_2,124,das_work,6.0955970287323,48258,41,1
1771463283.6703498,125_2,125,das_work,3.3177971839904785,48258,41,1
1771463283.6738338,126_2,126,das_work,7.298073768615723,48258,41,1
1771463283.701404,127_2,127,das_work,0.7948148250579834,48258,41,1
1771463295.6684158,127_2,127,das_work,4.10904860496521,48258,42,1
1771463295.68952,124_2,124,das_work,9.425513505935667,48258,42,1
1771463295.6966052,125_2,125,das_work,3.163565158843994,48258,42,1
1771463295.709845,126_2,126,das_work,9.06576371192932,48258,42,1
1771463307.6609046,126_3,126,das_work,3.852705240249634,48258,43,1
1771463307.6614726,127_3,127,das_work,1.815729141235352,48258,43,1
1771463307.662082,124_3,124,das_work,1.7044384479522705,48258,43,1
1771463307.6630878,125_3,125,das_work,2.7073898315429688,48258,43,1
1771463319.6689332,126_3,126,das_work,6.740261316299439,48258,44,1
1771463319.6818185,127_3,127,das_work,0.7457597255706787,48258,44,1
1771463319.7005377,124_3,124,das_work,4.677542448043823,48258,44,1
1771463319.7042062,125_3,125,das_work,7.463689804077148,48258,44,1
1771463331.6805804,125_3,125,das_work,2.8742809295654297,48258,45,1
1771463331.681237,124_3,124,das_work,3.185661792755127,48258,45,1
1771463331.6847262,126_3,126,das_work,8.372018814086914,48258,45,1
1771463331.6853137,127_3,127,das_work,8.009876251220703,48258,45,1
1771463343.6741176,124_3,124,das_work,2.7417471408843994,48258,46,1
1771463343.6746702,127_3,127,das_work,2.64538049697876,48258,46,1
1771463343.686458,125_3,125,das_work,8.309330701828003,48258,46,1
1771463343.7064652,126_3,126,das_work,6.076256275177002,48258,46,1
1771463355.6776242,126_3,126,das_work,7.388071537017822,48258,47,1
1771463355.6781676,125_3,125,das_work,5.688364028930664,48258,47,1
1771463355.69863,124_3,124,das_work,4.435067415237427,48258,47,1
1771463355.703961,127_3,127,das_work,8.723319053649902,48258,47,1
1771463367.692414,124_3,124,das_work,5.55559778213501,48258,48,1
1771463367.7167184,125_3,125,das_work,8.531702518463135,48258,48,1
1771463367.719802,127_3,127,das_work,6.957001209259033,48258,48,1
1771463367.726473,126_3,126,das_work,7.427182197570801,48258,48,1
1771463379.6724885,124_3,124,das_work,7.018018960952759,48258,49,1
1771463379.6838129,127_3,127,das_work,8.044094324111938,48258,49,1
1771463379.6963563,125_3,125,das_work,3.797940254211426,48258,49,1
1771463379.7149775,126_3,126,das_work,6.384772300720215,48258,49,1
1771463391.6573868,126_3,126,das_work,5.657785654067993,48258,50,1
1771463391.6662705,125_3,125,das_work,4.415817022323608,48258,50,1
1771463391.6721494,127_3,127,das_work,5.711475610733032,48258,50,1
1771463391.6939857,124_3,124,das_work,8.16795802116394,48258,50,1
1771463403.6691518,125_3,125,das_work,4.55162501335144,48258,51,1
1771463403.6848974,124_3,124,das_work,6.20197343826294,48258,51,1
1771463403.6925402,127_3,127,das_work,5.40192723274231,48258,51,1
1771463403.6985352,126_3,126,das_work,3.323104858398437,48258,51,1
1771463415.697418,125_3,125,das_work,2.2963976860046387,48258,52,1
1771463415.7022266,124_3,124,das_work,3.808321237564087,48258,52,1
1771463415.7046576,127_3,127,das_work,3.317957878112793,48258,52,1
1771463415.720836,126_3,126,das_work,4.027605056762695,48258,52,1
1771463427.66785,124_4,124,das_work,4.585344552993774,48258,53,1
1771463427.6746433,127_4,127,das_work,3.09670090675354,48258,53,1
1771463427.691625,126_4,126,das_work,5.9807751178741455,48258,53,1
1771463427.710128,125_4,125,das_work,9.431029796600342,48258,53,1
1771463439.6661432,124_4,124,das_work,6.228730916976929,48258,54,1
1771463439.6720364,125_4,125,das_work,0.4477999210357666,48258,54,1
1771463439.6769454,126_4,126,das_work,5.085671663284302,48258,54,1
1771463439.6815386,127_4,127,das_work,8.415063858032227,48258,54,1
1771463451.6694462,124_4,124,das_work,0.7974369525909424,48258,55,1
1771463451.6754146,126_4,126,das_work,8.940026760101318,48258,55,1
1771463451.6909437,125_4,125,das_work,4.307741403579712,48258,55,1
1771463451.7003975,127_4,127,das_work,2.7784292697906494,48258,55,1
1771463463.6651864,127_4,127,das_work,6.290058374404907,48258,56,1
1771463463.6805933,126_4,126,das_work,4.468087196350098,48258,56,1
1771463463.6916618,124_4,124,das_work,9.389265775680542,48258,56,1
1771463463.703663,125_4,125,das_work,1.754225254058838,48258,56,1
1771463475.67728,127_4,127,das_work,4.442872285842896,48258,57,1
1771463475.698884,124_4,124,das_work,9.125195503234863,48258,57,1
1771463475.712257,126_4,126,das_work,6.757459163665772,48258,57,1
1771463475.71683,125_4,125,das_work,5.831922292709351,48258,57,1
1771463487.6535635,124_4,124,das_work,0.2735295295715332,48258,58,1
1771463487.665665,126_4,126,das_work,0.9201571941375732,48258,58,1
1771463487.6694148,127_4,127,das_work,7.154675722122192,48258,58,1
1771463487.678296,125_4,125,das_work,8.53234076499939,48258,58,1
1771463499.648626,125_4,125,das_work,2.098110675811768,48258,59,1
1771463499.6511314,124_4,124,das_work,1.1268985271453855,48258,59,1
1771463499.6571994,126_4,126,das_work,1.8792202472686768,48258,59,1
1771463499.6578526,127_4,127,das_work,2.87532114982605,48258,59,1
1771463511.6207328,125_4,125,das_work,7.631740570068359,48258,60,1
1771463511.6382487,126_4,126,das_work,4.327014923095703,48258,60,1
1771463511.655909,124_4,124,das_work,3.038696765899658,48258,60,1
1771463511.656657,127_4,127,das_work,3.945342302322388,48258,60,1
1771463523.6010797,127_4,127,das_work,3.4306540489196777,48258,61,1
1771463523.6280842,124_4,124,das_work,5.381448745727539,48258,61,1
1771463523.633564,126_4,126,das_work,6.893416404724121,48258,61,1
1771463523.6341298,125_4,125,das_work,9.144057989120483,48258,61,1
1771463535.5913942,125_4,125,das_work,6.720409631729126,48258,62,1
1771463535.6025386,124_4,124,das_work,7.953583478927612,48258,62,1
1771463535.60692,126_4,126,das_work,2.2155563831329346,48258,62,1
1771463535.609332,127_4,127,das_work,6.916892528533936,48258,62,1
1771462947.666356,131_0,131,das_work,1.3551232814788818,48258,13,1
1771462947.6778762,128_0,128,das_work,2.07232928276062,48258,13,1
1771462959.6646893,128_0,128,das_work,3.4800901412963867,48258,14,1
1771462959.6779222,130_0,130,das_work,11.551209449768066,48258,14,1
1771462959.682749,129_0,129,das_work,8.49992060661316,48258,14,1
1771462959.6901577,131_0,131,das_work,1.6101500988006592,48258,14,1
1771462971.6797688,128_0,128,das_work,6.210507869720459,48258,15,1
1771462971.6925087,130_0,130,das_work,5.115411043167114,48258,15,1
1771462971.7213094,131_0,131,das_work,6.920114755630493,48258,15,1
1771462971.7249465,129_0,129,das_work,0.8863506317138672,48258,15,1
1771462983.7015665,131_0,131,das_work,4.789386987686157,48258,16,1
1771462983.7062416,129_0,129,das_work,4.0393712520599365,48258,16,1
1771462983.7127123,130_0,130,das_work,0.7253313064575195,48258,16,1
1771462983.721779,128_0,128,das_work,8.053356409072876,48258,16,1
1771462995.6996348,130_0,130,das_work,3.106884241104126,48258,17,1
1771462995.700371,129_0,129,das_work,4.953294038772583,48258,17,1
1771462995.7063568,128_0,128,das_work,6.9028942584991455,48258,17,1
1771462995.7351952,131_0,131,das_work,3.227855443954468,48258,17,1
1771463007.6898124,131_0,131,das_work,9.35834288597107,48258,18,1
1771463007.7018874,128_0,128,das_work,6.351536750793457,48258,18,1
1771463007.703451,130_0,130,das_work,1.3478214740753174,48258,18,1
1771463007.711954,129_0,129,das_work,2.3974199295043945,48258,18,1
1771463019.6942406,129_0,129,das_work,6.255326747894287,48258,19,1
1771463019.7014723,130_0,130,das_work,7.22204327583313,48258,19,1
1771463019.714341,131_0,131,das_work,8.707769632339478,48258,19,1
1771463019.7246609,128_0,128,das_work,8.821151971817017,48258,19,1
1771463031.6947043,128_0,128,das_work,9.997202157974243,48258,20,1
1771463031.698501,130_0,130,das_work,5.527488946914673,48258,20,1
1771463031.7017374,131_0,131,das_work,1.8510262966156008,48258,20,1
1771463031.719918,129_0,129,das_work,6.78018856048584,48258,20,1
1771463043.6924453,129_0,129,das_work,5.753560543060303,48258,21,1
1771463043.6951728,131_0,131,das_work,4.758441686630249,48258,21,1
1771463043.7084198,128_0,128,das_work,9.067793846130373,48258,21,1
1771463043.7101717,130_0,130,das_work,2.268481731414795,48258,21,1
1771463055.7044673,130_0,130,das_work,6.038990020751953,48258,22,1
1771463055.7273817,129_0,129,das_work,6.950373411178589,48258,22,1
1771463055.727537,131_0,131,das_work,2.253636360168457,48258,22,1
1771463055.7316473,128_0,128,das_work,8.688699722290039,48258,22,1
1771463067.6898432,128_1,128,das_work,7.693803071975708,48258,23,1
1771463067.6903837,131_1,131,das_work,6.573132038116455,48258,23,1
1771463067.696247,130_0,130,das_work,4.182587146759033,48258,23,1
1771463067.706623,129_0,129,das_work,2.175403356552124,48258,23,1
1771463079.6779573,131_1,131,das_work,7.4811110496521,48258,24,1
1771463079.679622,130_1,130,das_work,4.613283395767212,48258,24,1
1771463079.7017128,129_1,129,das_work,7.022045850753784,48258,24,1
1771463079.706537,128_1,128,das_work,4.902803421020508,48258,24,1
1771463091.7076223,130_1,130,das_work,8.523007869720459,48258,25,1
1771463091.7157097,129_1,129,das_work,0.5622093677520752,48258,25,1
1771463091.7169816,128_1,128,das_work,5.397832870483398,48258,25,1
1771463091.7461865,131_1,131,das_work,5.764365196228027,48258,25,1
1771463103.677516,128_1,128,das_work,7.891659736633301,48258,26,1
1771463103.6821866,129_1,129,das_work,3.910721302032471,48258,26,1
1771463103.6847055,130_1,130,das_work,6.402963638305664,48258,26,1
1771463103.6995287,131_1,131,das_work,8.020231246948242,48258,26,1
1771463115.6918883,129_1,129,das_work,7.589316368103027,48258,27,1
1771463115.6955402,128_1,128,das_work,6.664684772491455,48258,27,1
1771463115.7006702,130_1,130,das_work,2.849924325942993,48258,27,1
1771463115.7153866,131_1,131,das_work,9.066425323486328,48258,27,1
1771463127.6870046,130_1,130,das_work,7.730578184127808,48258,28,1
1771463127.7167091,129_1,129,das_work,8.367294311523438,48258,28,1
1771463127.717425,128_1,128,das_work,5.238636255264282,48258,28,1
1771463127.7256105,131_1,131,das_work,2.264317512512207,48258,28,1
1771463139.6793382,131_1,131,das_work,6.377522468566895,48258,29,1
1771463139.6881037,130_1,130,das_work,1.7551496028900146,48258,29,1
1771463139.6886933,128_1,128,das_work,5.0400710105896,48258,29,1
1771463139.7227046,129_1,129,das_work,6.832631587982178,48258,29,1
1771463151.702747,128_1,128,das_work,9.87652325630188,48258,30,1
1771463151.703688,131_1,131,das_work,5.871505260467529,48258,30,1
1771463151.7101526,130_1,130,das_work,8.79268193244934,48258,30,1
1771463151.725562,129_1,129,das_work,8.177583694458008,48258,30,1
1771463163.6870654,128_1,128,das_work,3.0057506561279297,48258,31,1
1771463163.6901212,129_1,129,das_work,4.561015844345093,48258,31,1
1771463163.7157636,130_1,130,das_work,6.701958656311035,48258,31,1
1771463163.7251432,131_1,131,das_work,1.1664271354675293,48258,31,1
1771463175.698429,131_1,131,das_work,3.2637181282043457,48258,32,1
1771463175.7118344,129_1,129,das_work,6.765656471252441,48258,32,1
1771463175.71772,128_1,128,das_work,4.175417423248291,48258,32,1
1771463175.728701,130_1,130,das_work,4.246174097061157,48258,32,1
1771463187.665891,128_2,128,das_work,2.9332151412963867,48258,33,1
1771463187.6824384,130_1,130,das_work,2.092156410217285,48258,33,1
1771463187.6987135,131_2,131,das_work,4.204834461212158,48258,33,1
1771463187.7002006,129_1,129,das_work,1.7353177070617676,48258,33,1
1771463199.6823416,131_2,131,das_work,4.199842214584351,48258,34,1
1771463199.6830654,128_2,128,das_work,8.117040634155273,48258,34,1
1771463199.7040107,129_2,129,das_work,5.020347595214844,48258,34,1
1771463199.736521,130_2,130,das_work,3.859760046005249,48258,34,1
1771463211.6938112,128_2,128,das_work,2.743303060531616,48258,35,1
1771463211.7139032,131_2,131,das_work,4.484597444534302,48258,35,1
1771463211.720116,129_2,129,das_work,8.099480628967285,48258,35,1
1771463211.7308846,130_2,130,das_work,2.5040154457092285,48258,35,1
1771463223.671741,129_2,129,das_work,7.966919422149658,48258,36,1
1771463223.6881,130_2,130,das_work,6.233618974685669,48258,36,1
1771463223.6909597,131_2,131,das_work,3.5129010677337646,48258,36,1
1771463223.6984932,128_2,128,das_work,5.969724416732788,48258,36,1
1771463235.6863086,129_2,129,das_work,4.880901098251343,48258,37,1
1771463235.687071,128_2,128,das_work,6.700904130935669,48258,37,1
1771463235.69661,130_2,130,das_work,3.307676315307617,48258,37,1
1771463235.7041085,131_2,131,das_work,9.697050094604492,48258,37,1
1771463247.668085,131_2,131,das_work,4.462311744689941,48258,38,1
1771463247.699818,129_2,129,das_work,8.419319152832031,48258,38,1
1771463247.7060835,130_2,130,das_work,4.672206163406372,48258,38,1
1771463247.7087278,128_2,128,das_work,9.063854694366457,48258,38,1
1771463259.6634865,129_2,129,das_work,3.424741268157959,48258,39,1
1771463259.6643834,130_2,130,das_work,3.626108169555664,48258,39,1
1771463259.6742263,128_2,128,das_work,10.091747999191284,48258,39,1
1771463259.6752002,131_2,131,das_work,0.9413626194000244,48258,39,1
1771463271.684403,128_2,128,das_work,0.7911574840545654,48258,40,1
1771463271.7013712,131_2,131,das_work,2.022636890411377,48258,40,1
1771463271.7021346,129_2,129,das_work,0.918332815170288,48258,40,1
1771463271.7099168,130_2,130,das_work,4.94919753074646,48258,40,1
1771463283.6733916,129_2,129,das_work,3.1714231967926025,48258,41,1
1771463283.676304,128_2,128,das_work,2.212676763534546,48258,41,1
1771463283.6780677,130_2,130,das_work,5.089777708053589,48258,41,1
1771463283.6920888,131_2,131,das_work,2.2057223320007324,48258,41,1
1771463295.6655033,129_2,129,das_work,10.125523567199709,48258,42,1
1771463295.700706,131_2,131,das_work,6.459542989730835,48258,42,1
1771463295.7082658,130_2,130,das_work,10.109498500823976,48258,42,1
1771463295.7088408,128_2,128,das_work,9.132152080535889,48258,42,1
1771463307.6694517,128_3,128,das_work,7.331140995025635,48258,43,1
1771463307.6748528,130_2,130,das_work,4.689748287200928,48258,43,1
1771463307.678382,131_3,131,das_work,9.535539150238035,48258,43,1
1771463307.697269,129_2,129,das_work,3.094833850860596,48258,43,1
1771463319.6812203,131_3,131,das_work,6.500357151031494,48258,44,1
1771463319.6838045,130_3,130,das_work,3.552713394165039,48258,44,1
1771463319.688962,128_3,128,das_work,2.114176750183105,48258,44,1
1771463319.7003918,129_3,129,das_work,9.409557819366457,48258,44,1
1771463331.6756628,128_3,128,das_work,6.515553951263428,48258,45,1
1771463331.7070384,130_3,130,das_work,9.823432683944702,48258,45,1
1771463331.715487,131_3,131,das_work,7.8195719718933105,48258,45,1
1771463331.7207663,129_3,129,das_work,1.727827787399292,48258,45,1
1771463343.685444,131_3,131,das_work,2.3391778469085693,48258,46,1
1771463343.6877186,128_3,128,das_work,4.35546350479126,48258,46,1
1771463343.6926186,130_3,130,das_work,3.0413644313812256,48258,46,1
1771463343.718697,129_3,129,das_work,7.846654176712036,48258,46,1
1771463355.6805997,129_3,129,das_work,8.624471426010132,48258,47,1
1771463355.686566,130_3,130,das_work,8.162907361984253,48258,47,1
1771463355.688063,128_3,128,das_work,1.3381915092468262,48258,47,1
1771463355.711245,131_3,131,das_work,1.7677953243255615,48258,47,1
1771463367.696658,130_3,130,das_work,3.4992923736572266,48258,48,1
1771463367.7028158,131_3,131,das_work,9.43877100944519,48258,48,1
1771463367.7065823,128_3,128,das_work,3.01387619972229,48258,48,1
1771463367.7237103,129_3,129,das_work,2.5238232612609863,48258,48,1
1771463379.6702497,129_3,129,das_work,1.6576759815216064,48258,49,1
1771463379.6808963,130_3,130,das_work,8.23401403427124,48258,49,1
1771463379.6959162,128_3,128,das_work,6.547310829162598,48258,49,1
1771463379.7039988,131_3,131,das_work,8.58797001838684,48258,49,1
1771463391.6681738,128_3,128,das_work,1.5284013748168943,48258,50,1
1771463391.681409,129_3,129,das_work,1.3096158504486084,48258,50,1
1771463391.688331,131_3,131,das_work,7.495451927185059,48258,50,1
1771463391.6898906,130_3,130,das_work,5.898396015167236,48258,50,1
1771463403.6789336,128_3,128,das_work,9.212557077407835,48258,51,1
1771463403.6796324,129_3,129,das_work,1.9601409435272217,48258,51,1
1771463403.694944,131_3,131,das_work,1.0291781425476074,48258,51,1
1771463403.705408,130_3,130,das_work,6.97788405418396,48258,51,1
1771463415.6928434,128_3,128,das_work,4.064593553543091,48258,52,1
1771463415.701073,129_3,129,das_work,1.6759612560272217,48258,52,1
1771463415.7028043,131_3,131,das_work,5.461522817611694,48258,52,1
1771463415.7175424,130_3,130,das_work,4.734655380249023,48258,52,1
1771463427.6771865,129_3,129,das_work,9.57479476928711,48258,53,1
1771463427.6796565,128_4,128,das_work,7.899056673049927,48258,53,1
1771463427.6939588,131_4,131,das_work,1.90657639503479,48258,53,1
1771463427.69969,130_3,130,das_work,2.064643383026123,48258,53,1
1771463439.6682518,128_4,128,das_work,8.761329412460327,48258,54,1
1771463439.6873107,131_4,131,das_work,3.689093351364136,48258,54,1
1771463439.688784,129_4,129,das_work,3.276334762573242,48258,54,1
1771463439.7113247,130_4,130,das_work,3.277257442474365,48258,54,1
1771463451.683176,131_4,131,das_work,3.940617561340332,48258,55,1
1771463451.68471,128_4,128,das_work,3.461711406707764,48258,55,1
1771463451.6963513,129_4,129,das_work,3.3967068195343018,48258,55,1
1771463451.698967,130_4,130,das_work,2.4569497108459477,48258,55,1
1771463463.687402,129_4,129,das_work,6.972874402999878,48258,56,1
1771463463.6988387,131_4,131,das_work,3.9900035858154297,48258,56,1
1771463463.70253,128_4,128,das_work,2.2004122734069824,48258,56,1
1771463463.709279,130_4,130,das_work,4.422881841659546,48258,56,1
1771463475.674848,130_4,130,das_work,0.4278757572174072,48258,57,1
1771463475.6796782,131_4,131,das_work,2.356207847595215,48258,57,1
1771463475.7071588,128_4,128,das_work,2.080366849899292,48258,57,1
1771463475.7077968,129_4,129,das_work,7.756115198135376,48258,57,1
1771463487.6557257,130_4,130,das_work,3.550717830657959,48258,58,1
1771463487.6836593,129_4,129,das_work,1.98571252822876,48258,58,1
1771463487.6910622,128_4,128,das_work,1.1828439235687256,48258,58,1
1771463487.6980803,131_4,131,das_work,8.380823135375977,48258,58,1
1771463499.6445856,128_4,128,das_work,2.073554039001465,48258,59,1
1771463499.672324,131_4,131,das_work,0.9727599620819092,48258,59,1
1771463499.67459,130_4,130,das_work,8.017226934432983,48258,59,1
1771463499.6768496,129_4,129,das_work,1.968216896057129,48258,59,1
1771463511.621858,129_4,129,das_work,9.464710474014282,48258,60,1
1771463511.639599,130_4,130,das_work,6.830650806427002,48258,60,1
1771463511.6480696,131_4,131,das_work,1.634657859802246,48258,60,1
1771463511.6503775,128_4,128,das_work,3.9991490840911865,48258,60,1
1771463523.6143117,131_4,131,das_work,3.725459098815918,48258,61,1
1771463523.6237864,130_4,130,das_work,2.4505293369293213,48258,61,1
1771463523.6247115,129_4,129,das_work,4.688537359237671,48258,61,1
1771463523.6297328,128_4,128,das_work,1.890369176864624,48258,61,1
1771463535.5938172,129_4,129,das_work,5.947707414627075,48258,62,1
1771463535.6004872,131_4,131,das_work,3.5801796913146973,48258,62,1
1771463535.6269338,128_4,128,das_work,4.865462779998779,48258,62,1
1771463535.6281836,130_4,130,das_work,9.737953186035156,48258,62,1
1771463547.562753,130_4,130,das_work,0.1447327136993408,48258,63,1
1771463547.6200829,129_4,129,das_work,0.9561359882354736,48258,63,1
1771462947.656275,133_0,133,das_work,4.510033845901489,48258,13,1
1771462947.6787002,132_0,132,das_work,6.114366769790649,48258,13,1
1771462959.6845078,135_0,135,das_work,11.489957094192505,48258,14,1
1771462959.686724,133_0,133,das_work,5.808469772338867,48258,14,1
1771462959.6960416,132_0,132,das_work,3.065894842147827,48258,14,1
1771462959.700403,134_0,134,das_work,9.98520016670227,48258,14,1
1771462971.6931767,135_0,135,das_work,7.707412242889404,48258,15,1
1771462971.6962595,133_0,133,das_work,2.331028699874878,48258,15,1
1771462971.7059004,134_0,134,das_work,6.33732795715332,48258,15,1
1771462971.7231796,132_0,132,das_work,6.70461368560791,48258,15,1
1771462983.6924987,132_0,132,das_work,5.954709529876709,48258,16,1
1771462983.6940012,135_0,135,das_work,7.962666988372803,48258,16,1
1771462983.6985078,133_0,133,das_work,3.32159423828125,48258,16,1
1771462983.7078035,134_0,134,das_work,9.970474004745483,48258,16,1
1771462995.6946924,133_0,133,das_work,4.371169805526733,48258,17,1
1771462995.710569,132_0,132,das_work,8.108390092849731,48258,17,1
1771462995.7123084,134_0,134,das_work,0.9506270885467528,48258,17,1
1771462995.7318287,135_0,135,das_work,9.085179090499878,48258,17,1
1771463007.6922026,133_0,133,das_work,6.452838897705078,48258,18,1
1771463007.7114108,135_0,135,das_work,1.7812423706054688,48258,18,1
1771463007.7253575,134_0,134,das_work,6.881034851074219,48258,18,1
1771463007.727846,132_0,132,das_work,3.751155853271485,48258,18,1
1771463019.6906002,134_0,134,das_work,2.0838589668273926,48258,19,1
1771463019.6958344,133_0,133,das_work,3.9063122272491455,48258,19,1
1771463019.7058334,135_0,135,das_work,6.402185678482056,48258,19,1
1771463019.710547,132_0,132,das_work,4.0417320728302,48258,19,1
1771463031.7048898,133_0,133,das_work,5.750460863113403,48258,20,1
1771463031.7189405,135_0,135,das_work,7.36870002746582,48258,20,1
1771463031.724056,132_0,132,das_work,3.729850053787232,48258,20,1
1771463031.7291443,134_0,134,das_work,4.847199440002441,48258,20,1
1771463043.6827564,132_0,132,das_work,2.7133915424346924,48258,21,1
1771463043.685155,134_0,134,das_work,1.6432318687438965,48258,21,1
1771463043.6920831,133_0,133,das_work,0.7214629650115967,48258,21,1
1771463043.6985502,135_0,135,das_work,8.6383798122406,48258,21,1
1771463055.690008,132_0,132,das_work,7.284191846847534,48258,22,1
1771463055.713518,135_0,135,das_work,4.775830984115601,48258,22,1
1771463055.7252502,133_0,133,das_work,2.748081922531128,48258,22,1
1771463055.7296305,134_0,134,das_work,6.245060920715332,48258,22,1
1771463067.6903868,132_1,132,das_work,1.306161642074585,48258,23,1
1771463067.690941,134_0,134,das_work,0.9007351398468018,48258,23,1
1771463067.6983874,135_0,135,das_work,5.688312530517578,48258,23,1
1771463067.7218184,133_1,133,das_work,7.240196943283081,48258,23,1
1771463079.6889603,132_1,132,das_work,5.872828483581543,48258,24,1
1771463079.7203746,133_1,133,das_work,3.2468419075012207,48258,24,1
1771463079.7237663,134_1,134,das_work,8.499942302703857,48258,24,1
1771463079.7259016,135_1,135,das_work,2.947199583053589,48258,24,1
1771463091.724311,133_1,133,das_work,1.3288674354553225,48258,25,1
1771463091.7364898,134_1,134,das_work,9.920180559158323,48258,25,1
1771463091.7391992,135_1,135,das_work,7.071343660354614,48258,25,1
1771463091.7496996,132_1,132,das_work,8.080819845199585,48258,25,1
1771463103.6985908,133_1,133,das_work,9.61180019378662,48258,26,1
1771463103.7036324,134_1,134,das_work,1.0354337692260742,48258,26,1
1771463103.7041423,132_1,132,das_work,8.215829610824585,48258,26,1
1771463103.7143357,135_1,135,das_work,2.2234249114990234,48258,26,1
1771463115.7056713,132_1,132,das_work,7.35360860824585,48258,27,1
1771463115.706169,135_1,135,das_work,3.813923358917236,48258,27,1
1771463115.7184172,133_1,133,das_work,4.309601306915283,48258,27,1
1771463115.723128,134_1,134,das_work,4.610668182373047,48258,27,1
1771463127.6920123,134_1,134,das_work,2.735442876815796,48258,28,1
1771463127.7049575,132_1,132,das_work,9.028048276901243,48258,28,1
1771463127.7245972,135_1,135,das_work,0.7265002727508545,48258,28,1
1771463127.7342246,133_1,133,das_work,6.79426383972168,48258,28,1
1771463139.6940484,134_1,134,das_work,4.929822444915772,48258,29,1
1771463139.6950903,133_1,133,das_work,8.597013235092163,48258,29,1
1771463139.7007737,135_1,135,das_work,7.0093138217926025,48258,29,1
1771463139.7220356,132_1,132,das_work,4.143942832946777,48258,29,1
1771463151.6926584,135_1,135,das_work,5.293270587921143,48258,30,1
1771463151.6936684,133_1,133,das_work,5.946432590484619,48258,30,1
1771463151.721546,132_1,132,das_work,9.320343494415283,48258,30,1
1771463151.7232983,134_1,134,das_work,3.756429433822632,48258,30,1
1771463163.680397,134_1,134,das_work,3.2091987133026123,48258,31,1
1771463163.688462,135_1,135,das_work,2.28780198097229,48258,31,1
1771463163.7133198,133_1,133,das_work,3.817508220672608,48258,31,1
1771463163.7249055,132_1,132,das_work,7.693179130554199,48258,31,1
1771463175.7090929,134_1,134,das_work,2.2132763862609863,48258,32,1
1771463175.712977,132_1,132,das_work,8.034594535827637,48258,32,1
1771463175.717015,133_1,133,das_work,8.776254415512085,48258,32,1
1771463175.7243807,135_1,135,das_work,8.05449104309082,48258,32,1
1771463187.668147,132_2,132,das_work,2.83755111694336,48258,33,1
1771463187.668867,135_1,135,das_work,5.163487195968628,48258,33,1
1771463187.6950123,134_1,134,das_work,3.117706060409546,48258,33,1
1771463187.6956084,133_2,133,das_work,6.918138265609741,48258,33,1
1771463199.6950898,135_2,135,das_work,5.925222873687744,48258,34,1
1771463199.7042077,134_2,134,das_work,8.606278657913208,48258,34,1
1771463199.720639,133_2,133,das_work,1.6710824966430664,48258,34,1
1771463199.7357829,132_2,132,das_work,2.1993772983551025,48258,34,1
1771463211.6820755,133_2,133,das_work,8.832981586456299,48258,35,1
1771463211.694013,132_2,132,das_work,6.6299145221710205,48258,35,1
1771463211.7134123,134_2,134,das_work,7.37022066116333,48258,35,1
1771463211.728226,135_2,135,das_work,0.5347952842712402,48258,35,1
1771463223.666092,133_2,133,das_work,4.892851829528809,48258,36,1
1771463223.6674862,134_2,134,das_work,6.880648374557495,48258,36,1
1771463223.691799,132_2,132,das_work,7.764053583145142,48258,36,1
1771463223.7076092,135_2,135,das_work,0.6787033081054688,48258,36,1
1771463235.6855288,135_2,135,das_work,0.9903895854949952,48258,37,1
1771463235.6912904,133_2,133,das_work,7.480282783508301,48258,37,1
1771463235.702392,132_2,132,das_work,0.2399077415466308,48258,37,1
1771463247.6751575,132_2,132,das_work,7.030420541763306,48258,38,1
1771463247.692279,134_2,134,das_work,12.166142225265505,48258,38,1
1771463247.7078044,133_2,133,das_work,8.257956266403198,48258,38,1
1771463247.72123,135_2,135,das_work,3.797119617462158,48258,38,1
1771463259.6739233,133_2,133,das_work,1.2212514877319336,48258,39,1
1771463259.6847034,135_2,135,das_work,3.790405750274658,48258,39,1
1771463259.7042212,132_2,132,das_work,6.14409065246582,48258,39,1
1771463259.713108,134_2,134,das_work,5.914147138595581,48258,39,1
1771463271.671243,132_2,132,das_work,3.0465962886810303,48258,40,1
1771463271.6822553,134_2,134,das_work,1.0252387523651123,48258,40,1
1771463271.7028818,135_2,135,das_work,7.988102197647095,48258,40,1
1771463271.7073617,133_2,133,das_work,5.304578542709351,48258,40,1
1771463283.6796558,133_2,133,das_work,6.729136228561401,48258,41,1
1771463283.6888845,132_2,132,das_work,7.952265977859497,48258,41,1
1771463283.6933775,134_2,134,das_work,6.043015956878662,48258,41,1
1771463283.7010095,135_2,135,das_work,5.001764535903931,48258,41,1
1771463295.6834867,135_2,135,das_work,4.479984998703003,48258,42,1
1771463295.695305,134_2,134,das_work,9.791006326675417,48258,42,1
1771463295.6966424,133_2,133,das_work,6.098158836364746,48258,42,1
1771463295.7082283,132_2,132,das_work,7.578479766845703,48258,42,1
1771463307.680987,135_2,135,das_work,7.776766777038574,48258,43,1
1771463307.68243,132_3,132,das_work,9.629653692245483,48258,43,1
1771463307.6930597,134_2,134,das_work,1.0163562297821045,48258,43,1
1771463307.6935637,133_3,133,das_work,1.4587674140930176,48258,43,1
1771463319.6611984,134_2,134,das_work,5.9485461711883545,48258,44,1
1771463319.668141,133_3,133,das_work,7.659295558929443,48258,44,1
1771463319.6687615,132_3,132,das_work,2.783491373062134,48258,44,1
1771463319.686397,135_3,135,das_work,7.867975950241089,48258,44,1
1771463331.69103,133_3,133,das_work,4.14234185218811,48258,45,1
1771463331.701336,134_3,134,das_work,7.693116664886475,48258,45,1
1771463331.7039433,135_3,135,das_work,4.73262095451355,48258,45,1
1771463331.7079575,132_3,132,das_work,5.832305192947388,48258,45,1
1771463343.6887689,132_3,132,das_work,10.022201299667358,48258,46,1
1771463343.6953206,134_3,134,das_work,3.5827383995056152,48258,46,1
1771463343.7070231,135_3,135,das_work,9.660048723220823,48258,46,1
1771463343.7097063,133_3,133,das_work,0.6337511539459229,48258,46,1
1771463355.6749673,133_3,133,das_work,5.959904193878174,48258,47,1
1771463355.6911564,135_3,135,das_work,3.255699872970581,48258,47,1
1771463355.6947105,134_3,134,das_work,2.4367547035217285,48258,47,1
1771463355.7152786,132_3,132,das_work,5.448140859603882,48258,47,1
1771463367.6840787,135_3,135,das_work,2.34226393699646,48258,48,1
1771463367.6954508,132_3,132,das_work,2.2375147342681885,48258,48,1
1771463367.7199354,134_3,134,das_work,2.837292194366455,48258,48,1
1771463367.7212875,133_3,133,das_work,5.082201719284058,48258,48,1
1771463379.6772826,134_3,134,das_work,8.821551322937012,48258,49,1
1771463379.6873214,132_3,132,das_work,3.768087387084961,48258,49,1
1771463379.6995502,135_3,135,das_work,9.88263726234436,48258,49,1
1771463379.716979,133_3,133,das_work,4.749469041824341,48258,49,1
1771463391.6698258,132_3,132,das_work,5.76663064956665,48258,50,1
1771463391.6862218,134_3,134,das_work,8.361571073532104,48258,50,1
1771463391.6867485,135_3,135,das_work,2.738888502120972,48258,50,1
1771463391.687217,133_3,133,das_work,8.826327085494995,48258,50,1
1771463403.667163,135_3,135,das_work,5.383558750152588,48258,51,1
1771463403.6965532,134_3,134,das_work,8.128797054290771,48258,51,1
1771463403.7008142,133_3,133,das_work,6.0431742668151855,48258,51,1
1771463403.712168,132_3,132,das_work,9.258026599884031,48258,51,1
1771463415.6731837,134_3,134,das_work,3.7474617958068848,48258,52,1
1771463415.684688,133_3,133,das_work,1.0615060329437256,48258,52,1
1771463415.6945164,135_3,135,das_work,4.532853603363037,48258,52,1
1771463415.7203765,132_3,132,das_work,5.453588485717773,48258,52,1
1771463427.6841009,134_3,134,das_work,0.8702735900878906,48258,53,1
1771463427.6880724,133_4,133,das_work,8.13335633277893,48258,53,1
1771463427.6914568,135_3,135,das_work,2.626028060913086,48258,53,1
1771463427.693082,132_4,132,das_work,4.875255107879639,48258,53,1
1771463439.668547,134_3,134,das_work,6.71696138381958,48258,54,1
1771463439.6842282,133_4,133,das_work,8.317981243133545,48258,54,1
1771463439.696863,135_4,135,das_work,5.27120566368103,48258,54,1
1771463439.7080574,132_4,132,das_work,3.479628562927246,48258,54,1
1771463451.6893003,135_4,135,das_work,6.483668327331543,48258,55,1
1771463451.6898904,132_4,132,das_work,0.3683040142059326,48258,55,1
1771463451.6961446,134_4,134,das_work,6.061373233795166,48258,55,1
1771463451.701859,133_4,133,das_work,5.876291751861572,48258,55,1
1771463463.6636384,134_4,134,das_work,4.773200273513794,48258,56,1
1771463463.670665,133_4,133,das_work,6.074280500411987,48258,56,1
1771463463.6919742,135_4,135,das_work,7.188722610473633,48258,56,1
1771463463.697812,132_4,132,das_work,4.751452684402466,48258,56,1
1771463475.6946912,133_4,133,das_work,2.939822196960449,48258,57,1
1771463475.6996305,135_4,135,das_work,3.368279457092285,48258,57,1
1771463475.7025893,134_4,134,das_work,8.713680267333984,48258,57,1
1771463475.7082863,132_4,132,das_work,5.034812927246094,48258,57,1
1771463487.6637957,133_4,133,das_work,1.552337646484375,48258,58,1
1771463487.6802497,134_4,134,das_work,2.414750576019287,48258,58,1
1771463487.6878262,132_4,132,das_work,5.081412315368652,48258,58,1
1771463487.6930313,135_4,135,das_work,2.8438119888305664,48258,58,1
1771463499.646391,135_4,135,das_work,2.139268636703491,48258,59,1
1771463499.6525428,132_4,132,das_work,1.998654842376709,48258,59,1
1771463499.6548812,134_4,134,das_work,3.541003465652466,48258,59,1
1771463499.6756768,133_4,133,das_work,8.030584573745728,48258,59,1
1771463511.630926,132_4,132,das_work,2.0758156776428223,48258,60,1
1771463511.6409645,133_4,133,das_work,9.18622350692749,48258,60,1
1771463511.6484053,135_4,135,das_work,7.45274543762207,48258,60,1
1771463511.64934,134_4,134,das_work,8.067754983901978,48258,60,1
1771463523.606848,133_4,133,das_work,2.222782850265503,48258,61,1
1771463523.6089163,132_4,132,das_work,0.5634021759033203,48258,61,1
1771463523.6160374,134_4,134,das_work,0.3945047855377197,48258,61,1
1771463523.6278038,135_4,135,das_work,0.9726970195770264,48258,61,1
1771463535.587423,134_4,134,das_work,2.70178484916687,48258,62,1
1771463535.588812,135_4,135,das_work,4.0460731983184814,48258,62,1
1771463535.610432,133_4,133,das_work,9.213653564453123,48258,62,1
1771463535.6287844,132_4,132,das_work,0.9523017406463624,48258,62,1
1771463547.580968,135_4,135,das_work,8.495118618011475,48258,63,1
1771463547.5853343,134_4,134,das_work,6.250983715057373,48258,63,1
1771463559.5494916,134_4,134,das_work,5.8675737380981445,48258,64,1
1771462959.6633024,136_0,136,das_work,2.8147294521331787,48258,14,1
1771462959.663899,137_0,137,das_work,4.924414873123169,48258,14,1
1771462959.6790328,139_0,139,das_work,11.396685600280762,48258,14,1
1771462959.6806965,138_0,138,das_work,2.0178842544555664,48258,14,1
1771462971.686929,136_0,136,das_work,4.102832794189453,48258,15,1
1771462971.692934,138_0,138,das_work,8.39202618598938,48258,15,1
1771462971.703121,139_0,139,das_work,7.420573472976685,48258,15,1
1771462971.706571,137_0,137,das_work,5.43750262260437,48258,15,1
1771462983.6840982,139_0,139,das_work,2.3454720973968506,48258,16,1
1771462983.6846287,138_0,138,das_work,9.775392532348633,48258,16,1
1771462983.7115135,136_0,136,das_work,7.863314628601074,48258,16,1
1771462983.7175431,137_0,137,das_work,5.593653202056885,48258,16,1
1771462995.7024314,137_0,137,das_work,9.238815784454346,48258,17,1
1771462995.725328,136_0,136,das_work,3.0312459468841557,48258,17,1
1771462995.7302723,139_0,139,das_work,5.621110677719116,48258,17,1
1771462995.738902,138_0,138,das_work,9.12806272506714,48258,17,1
1771463007.6937068,139_0,139,das_work,5.185930490493774,48258,18,1
1771463007.6947722,137_0,137,das_work,3.595755815505981,48258,18,1
1771463007.7181053,136_0,136,das_work,7.115342617034912,48258,18,1
1771463007.7326255,138_0,138,das_work,6.874872446060181,48258,18,1
1771463019.6934884,137_0,137,das_work,4.308749437332153,48258,19,1
1771463019.6943147,138_0,138,das_work,8.09801697731018,48258,19,1
1771463019.6977189,136_0,136,das_work,8.903959035873413,48258,19,1
1771463019.710683,139_0,139,das_work,5.17194676399231,48258,19,1
1771463031.68623,138_0,138,das_work,3.2496156692504883,48258,20,1
1771463031.6974373,139_0,139,das_work,5.490176439285278,48258,20,1
1771463031.7231832,136_0,136,das_work,1.7410671710968018,48258,20,1
1771463031.7302508,137_0,137,das_work,9.345249652862549,48258,20,1
1771463043.6866376,138_0,138,das_work,2.602343797683716,48258,21,1
1771463043.69012,139_0,139,das_work,3.407127857208252,48258,21,1
1771463043.7133143,137_0,137,das_work,6.701409101486206,48258,21,1
1771463043.730182,136_0,136,das_work,1.4500970840454102,48258,21,1
1771463055.6892834,136_0,136,das_work,4.772922515869141,48258,22,1
1771463055.689868,138_0,138,das_work,3.12422513961792,48258,22,1
1771463055.7186434,139_0,139,das_work,8.52454137802124,48258,22,1
1771463055.7205818,137_0,137,das_work,2.448812484741211,48258,22,1
1771463067.6960626,139_0,139,das_work,9.678199529647827,48258,23,1
1771463067.7071073,136_0,136,das_work,0.5464134216308594,48258,23,1
1771463067.710578,138_0,138,das_work,4.844997882843018,48258,23,1
1771463067.7129197,137_0,137,das_work,6.476574897766113,48258,23,1
1771463079.6778193,139_1,139,das_work,4.390318393707275,48258,24,1
1771463079.6815946,137_1,137,das_work,8.005303144454956,48258,24,1
1771463079.7127404,138_1,138,das_work,9.191017150878906,48258,24,1
1771463079.723466,136_1,136,das_work,7.077935695648193,48258,24,1
1771463091.6983106,137_1,137,das_work,8.147603988647461,48258,25,1
1771463091.6988564,136_1,136,das_work,4.512510538101196,48258,25,1
1771463091.7269268,138_1,138,das_work,8.729079484939575,48258,25,1
1771463091.7306747,139_1,139,das_work,1.613323211669922,48258,25,1
1771463103.6923945,138_1,138,das_work,7.627952575683594,48258,26,1
1771463103.7023182,136_1,136,das_work,2.07629656791687,48258,26,1
1771463103.7169845,137_1,137,das_work,6.064280271530151,48258,26,1
1771463103.7277226,139_1,139,das_work,3.190467357635498,48258,26,1
1771463115.6855874,137_1,137,das_work,2.648170232772827,48258,27,1
1771463115.6907568,136_1,136,das_work,7.781499624252319,48258,27,1
1771463115.6923058,138_1,138,das_work,1.7629005908966064,48258,27,1
1771463115.7046316,139_1,139,das_work,7.904235363006592,48258,27,1
1771463127.6841383,137_1,137,das_work,4.577436208724976,48258,28,1
1771463127.707861,136_1,136,das_work,3.0706474781036377,48258,28,1
1771463127.7113872,138_1,138,das_work,9.356833219528198,48258,28,1
1771463127.7133036,139_1,139,das_work,7.7673797607421875,48258,28,1
1771463139.6807303,139_1,139,das_work,1.217834711074829,48258,29,1
1771463139.6822848,138_1,138,das_work,1.900486946105957,48258,29,1
1771463139.7167246,137_1,137,das_work,1.4972379207611084,48258,29,1
1771463139.7234316,136_1,136,das_work,8.633511066436768,48258,29,1
1771463151.692137,138_1,138,das_work,7.121423959732056,48258,30,1
1771463151.6958628,137_1,137,das_work,8.658405780792236,48258,30,1
1771463151.7264326,136_1,136,das_work,4.492484092712402,48258,30,1
1771463151.733158,139_1,139,das_work,3.143390655517578,48258,30,1
1771463163.6802282,138_1,138,das_work,0.9464139938354492,48258,31,1
1771463163.6809287,137_1,137,das_work,2.2050564289093018,48258,31,1
1771463163.6879623,139_1,139,das_work,8.03038477897644,48258,31,1
1771463163.6931388,136_1,136,das_work,3.3941662311553955,48258,31,1
1771463175.6820626,139_1,139,das_work,0.497408390045166,48258,32,1
1771463175.687909,138_1,138,das_work,3.82976508140564,48258,32,1
1771463175.7011514,136_1,136,das_work,5.738005638122559,48258,32,1
1771463175.7060928,137_1,137,das_work,7.58620548248291,48258,32,1
1771463187.6746497,136_1,136,das_work,0.9607577323913574,48258,33,1
1771463187.6758797,138_1,138,das_work,3.326183557510376,48258,33,1
1771463187.701325,137_1,137,das_work,1.4067001342773438,48258,33,1
1771463187.7104454,139_1,139,das_work,6.87778902053833,48258,33,1
1771463199.6903389,138_2,138,das_work,5.862022638320923,48258,34,1
1771463199.694827,137_2,137,das_work,9.036911964416504,48258,34,1
1771463199.6994832,139_2,139,das_work,6.57407808303833,48258,34,1
1771463199.7229977,136_2,136,das_work,2.2561256885528564,48258,34,1
1771463211.6796196,138_2,138,das_work,6.30178689956665,48258,35,1
1771463211.686376,137_2,137,das_work,7.03878378868103,48258,35,1
1771463211.6929753,139_2,139,das_work,5.434141397476196,48258,35,1
1771463211.7272124,136_2,136,das_work,9.471905708312988,48258,35,1
1771463223.66415,137_2,137,das_work,1.3110778331756592,48258,36,1
1771463223.6647718,139_2,139,das_work,9.34731411933899,48258,36,1
1771463223.7015717,138_2,138,das_work,7.447026252746582,48258,36,1
1771463223.704199,136_2,136,das_work,2.298689603805542,48258,36,1
1771463235.6812403,138_2,138,das_work,6.956341028213501,48258,37,1
1771463235.6859844,139_2,139,das_work,2.8599658012390137,48258,37,1
1771463235.6969535,136_2,136,das_work,5.536620616912842,48258,37,1
1771463235.7165604,137_2,137,das_work,7.721899032592773,48258,37,1
1771463247.6805751,136_2,136,das_work,8.423901319503784,48258,38,1
1771463247.6855774,137_2,137,das_work,5.969041347503662,48258,38,1
1771463247.70663,139_2,139,das_work,1.0060784816741943,48258,38,1
1771463247.7071335,138_2,138,das_work,9.489609718322754,48258,38,1
1771463259.666025,136_2,136,das_work,9.098191022872925,48258,39,1
1771463259.6880352,137_2,137,das_work,7.264281272888184,48258,39,1
1771463259.7073607,138_2,138,das_work,2.777561664581299,48258,39,1
1771463259.712247,139_2,139,das_work,7.447580814361572,48258,39,1
1771463271.6917598,138_2,138,das_work,3.9352774620056152,48258,40,1
1771463271.6950016,137_2,137,das_work,2.4896061420440674,48258,40,1
1771463271.7092671,136_2,136,das_work,1.9455153942108157,48258,40,1
1771463271.7113404,139_2,139,das_work,2.773487091064453,48258,40,1
1771463283.6794927,139_2,139,das_work,2.6569509506225586,48258,41,1
1771463283.680699,137_2,137,das_work,9.411804437637327,48258,41,1
1771463283.6836088,136_2,136,das_work,6.887253522872925,48258,41,1
1771463283.6846128,138_2,138,das_work,0.4450321197509765,48258,41,1
1771463295.67084,139_2,139,das_work,9.177390575408936,48258,42,1
1771463295.6812265,137_2,137,das_work,1.4009385108947754,48258,42,1
1771463295.6920972,138_2,138,das_work,4.090636730194092,48258,42,1
1771463295.694083,136_2,136,das_work,3.670919179916382,48258,42,1
1771463307.6788542,139_2,139,das_work,4.363605737686157,48258,43,1
1771463307.6793551,138_2,138,das_work,6.064542531967163,48258,43,1
1771463307.7001543,136_2,136,das_work,2.5643489360809326,48258,43,1
1771463307.7031047,137_2,137,das_work,6.539321899414063,48258,43,1
1771463319.6813917,139_3,139,das_work,8.977385997772217,48258,44,1
1771463319.683499,137_3,137,das_work,9.218093395233154,48258,44,1
1771463319.693649,138_3,138,das_work,1.447087287902832,48258,44,1
1771463319.7016768,136_3,136,das_work,5.757971048355103,48258,44,1
1771463331.696601,137_3,137,das_work,7.541139841079712,48258,45,1
1771463331.7041202,136_3,136,das_work,2.554539918899536,48258,45,1
1771463331.709514,138_3,138,das_work,6.66383171081543,48258,45,1
1771463331.7144566,139_3,139,das_work,3.4643940925598145,48258,45,1
1771463343.6864655,138_3,138,das_work,5.283563613891602,48258,46,1
1771463343.6919785,136_3,136,das_work,8.10208797454834,48258,46,1
1771463343.7156267,139_3,139,das_work,4.34376335144043,48258,46,1
1771463343.7207153,137_3,137,das_work,7.820535659790039,48258,46,1
1771463355.6831155,137_3,137,das_work,8.7188880443573,48258,47,1
1771463355.6892998,136_3,136,das_work,9.580432653427124,48258,47,1
1771463355.705936,139_3,139,das_work,6.580963373184204,48258,47,1
1771463355.7137856,138_3,138,das_work,5.957608938217163,48258,47,1
1771463367.6906135,139_3,139,das_work,8.149295568466187,48258,48,1
1771463367.6915736,138_3,138,das_work,2.08898663520813,48258,48,1
1771463367.7205486,137_3,137,das_work,4.326193571090698,48258,48,1
1771463367.728763,136_3,136,das_work,2.206409454345703,48258,48,1
1771463379.67189,136_3,136,das_work,9.872263669967651,48258,49,1
1771463379.6798606,137_3,137,das_work,8.220888614654541,48258,49,1
1771463379.6857188,139_3,139,das_work,4.860665321350098,48258,49,1
1771463379.6929593,138_3,138,das_work,5.678237438201904,48258,49,1
1771463391.663473,138_3,138,das_work,5.835578441619873,48258,50,1
1771463391.6732216,139_3,139,das_work,6.369409084320068,48258,50,1
1771463391.6933062,137_3,137,das_work,1.5703604221343994,48258,50,1
1771463391.7041676,136_3,136,das_work,1.5990495681762695,48258,50,1
1771463403.6736906,137_3,137,das_work,3.966840505599976,48258,51,1
1771463403.6806111,138_3,138,das_work,9.097092151641846,48258,51,1
1771463403.6893556,139_3,139,das_work,10.297463178634644,48258,51,1
1771463403.697475,136_3,136,das_work,3.38376522064209,48258,51,1
1771463415.6762834,136_3,136,das_work,3.233097791671753,48258,52,1
1771463415.6862197,138_3,138,das_work,8.349938869476318,48258,52,1
1771463415.6902714,139_3,139,das_work,6.499094724655151,48258,52,1
1771463415.706199,137_3,137,das_work,1.5699849128723145,48258,52,1
1771463427.6765091,137_3,137,das_work,7.593280076980591,48258,53,1
1771463427.6964166,138_3,138,das_work,2.50746488571167,48258,53,1
1771463427.697023,136_3,136,das_work,9.628061532974243,48258,53,1
1771463427.7110133,139_3,139,das_work,5.438806056976318,48258,53,1
1771463439.6614952,137_4,137,das_work,5.361726522445679,48258,54,1
1771463439.6653016,136_4,136,das_work,8.519629716873169,48258,54,1
1771463439.6671412,139_4,139,das_work,1.317868947982788,48258,54,1
1771463439.6787734,138_4,138,das_work,4.209495306015015,48258,54,1
1771463451.6873498,138_4,138,das_work,1.5545883178710938,48258,55,1
1771463451.710858,139_4,139,das_work,7.314588308334351,48258,55,1
1771463451.7116818,136_4,136,das_work,6.234729290008545,48258,55,1
1771463451.712287,137_4,137,das_work,5.827267408370972,48258,55,1
1771463463.700362,139_4,139,das_work,6.0050859451293945,48258,56,1
1771463463.7118144,137_4,137,das_work,3.3077824115753174,48258,56,1
1771463463.7123537,136_4,136,das_work,5.028076410293579,48258,56,1
1771463463.7132282,138_4,138,das_work,9.928151845932009,48258,56,1
1771463475.68719,137_4,137,das_work,9.095378160476685,48258,57,1
1771463475.69227,136_4,136,das_work,1.951233386993408,48258,57,1
1771463475.6930456,139_4,139,das_work,6.326917886734009,48258,57,1
1771463475.6935873,138_4,138,das_work,5.137380599975586,48258,57,1
1771463487.65849,137_4,137,das_work,7.278255701065063,48258,58,1
1771463487.675682,138_4,138,das_work,4.671948671340942,48258,58,1
1771463487.6833534,139_4,139,das_work,8.240621328353882,48258,58,1
1771463487.6970837,136_4,136,das_work,1.3037874698638916,48258,58,1
1771463499.6364958,139_4,139,das_work,3.742940902709961,48258,59,1
1771463499.647771,136_4,136,das_work,7.123169898986816,48258,59,1
1771463499.66139,137_4,137,das_work,6.796169996261597,48258,59,1
1771463499.6672297,138_4,138,das_work,2.180214166641236,48258,59,1
1771463511.6272616,139_4,139,das_work,4.75475287437439,48258,60,1
1771463511.6390843,138_4,138,das_work,3.187198638916016,48258,60,1
1771463511.6417732,136_4,136,das_work,2.278143882751465,48258,60,1
1771463511.646302,137_4,137,das_work,9.31121826171875,48258,60,1
1771463523.6257236,136_4,136,das_work,6.281786680221558,48258,61,1
1771463523.6269646,137_4,137,das_work,8.41779899597168,48258,61,1
1771463523.6273775,138_4,138,das_work,8.715152263641357,48258,61,1
1771463523.6280954,139_4,139,das_work,6.270265340805054,48258,61,1
1771463535.5908213,137_4,137,das_work,3.023514032363892,48258,62,1
1771463535.6004589,136_4,136,das_work,3.862507343292236,48258,62,1
1771463535.60665,138_4,138,das_work,3.1310555934906006,48258,62,1
1771463535.6278646,139_4,139,das_work,2.9992971420288086,48258,62,1
1771463547.5657206,138_4,138,das_work,9.762367010116575,48258,63,1
1771463547.622862,139_4,139,das_work,8.314378499984741,48258,63,1
1771463547.623042,137_4,137,das_work,7.123656272888184,48258,63,1
1771463547.6231606,136_4,136,das_work,8.132319688796997,48258,63,1
1771462947.6628537,141_0,141,das_work,2.001117706298828,48258,13,1
1771462947.671095,142_0,142,das_work,0.2552640438079834,48258,13,1
1771462959.6598706,141_0,141,das_work,8.83553171157837,48258,14,1
1771462959.6658015,142_0,142,das_work,8.18163013458252,48258,14,1
1771462959.6888828,140_0,140,das_work,8.800358057022095,48258,14,1
1771462959.7003343,143_0,143,das_work,1.4240961074829102,48258,14,1
1771462971.6817195,140_0,140,das_work,2.017432689666748,48258,15,1
1771462971.685558,143_0,143,das_work,8.863667726516724,48258,15,1
1771462971.703747,141_0,141,das_work,5.33275580406189,48258,15,1
1771462971.712011,142_0,142,das_work,1.4835915565490725,48258,15,1
1771462983.679699,143_0,143,das_work,8.965702533721924,48258,16,1
1771462983.702001,140_0,140,das_work,6.190324068069458,48258,16,1
1771462983.706845,141_0,141,das_work,8.358751773834229,48258,16,1
1771462983.7231274,142_0,142,das_work,7.716638088226318,48258,16,1
1771462995.7078595,143_0,143,das_work,8.086314678192139,48258,17,1
1771462995.7091985,140_0,140,das_work,9.888292074203491,48258,17,1
1771462995.7345746,141_0,141,das_work,5.417050838470459,48258,17,1
1771462995.7376173,142_0,142,das_work,7.698461055755615,48258,17,1
1771463007.6936948,143_0,143,das_work,2.925736665725708,48258,18,1
1771463007.6943436,140_0,140,das_work,3.593600034713745,48258,18,1
1771463007.7343347,142_0,142,das_work,3.215001344680786,48258,18,1
1771463007.7348404,141_0,141,das_work,4.358593225479126,48258,18,1
1771463019.7121575,141_0,141,das_work,5.149419069290161,48258,19,1
1771463019.7135131,142_0,142,das_work,4.23984956741333,48258,19,1
1771463019.724769,140_0,140,das_work,9.09441065788269,48258,19,1
1771463019.727656,143_0,143,das_work,3.1887824535369877,48258,19,1
1771463031.6891403,141_0,141,das_work,4.113021612167358,48258,20,1
1771463031.692009,140_0,140,das_work,3.1083216667175293,48258,20,1
1771463031.6922495,142_0,142,das_work,5.950788259506226,48258,20,1
1771463031.7034707,143_0,143,das_work,4.30034065246582,48258,20,1
1771463043.685954,140_0,140,das_work,1.46738862991333,48258,21,1
1771463043.6936867,143_0,143,das_work,9.414995431900024,48258,21,1
1771463043.694225,141_0,141,das_work,1.3727633953094482,48258,21,1
1771463043.7062206,142_0,142,das_work,8.892550706863403,48258,21,1
1771463055.6928573,140_0,140,das_work,9.15090012550354,48258,22,1
1771463055.6956997,143_0,143,das_work,6.773794651031494,48258,22,1
1771463055.7063508,141_0,141,das_work,7.532541275024414,48258,22,1
1771463055.7151866,142_0,142,das_work,5.772045850753784,48258,22,1
1771463067.6851623,143_0,143,das_work,9.243780612945557,48258,23,1
1771463067.7035034,141_1,141,das_work,3.7436790466308594,48258,23,1
1771463067.7040272,140_0,140,das_work,5.55865478515625,48258,23,1
1771463067.7175958,142_1,142,das_work,1.9247255325317385,48258,23,1
1771463079.6820436,141_1,141,das_work,5.123571157455444,48258,24,1
1771463079.7043712,143_1,143,das_work,8.441173076629639,48258,24,1
1771463079.7082276,142_1,142,das_work,2.020550489425659,48258,24,1
1771463079.710618,140_1,140,das_work,2.0111513137817383,48258,24,1
1771463091.69814,141_1,141,das_work,4.077533721923828,48258,25,1
1771463091.7064834,143_1,143,das_work,2.8898675441741943,48258,25,1
1771463091.7419116,142_1,142,das_work,1.812918186187744,48258,25,1
1771463091.742025,140_1,140,das_work,5.253153324127197,48258,25,1
1771463103.6743124,142_1,142,das_work,4.6023547649383545,48258,26,1
1771463103.6766486,143_1,143,das_work,0.7044763565063477,48258,26,1
1771463103.6902974,141_1,141,das_work,3.291220664978028,48258,26,1
1771463103.6944122,140_1,140,das_work,2.8304615020751958,48258,26,1
1771463115.6889515,142_1,142,das_work,2.477268934249878,48258,27,1
1771463115.6912856,141_1,141,das_work,3.071894407272339,48258,27,1
1771463115.6960652,140_1,140,das_work,6.507161378860474,48258,27,1
1771463115.713982,143_1,143,das_work,8.041481971740723,48258,27,1
1771463127.687863,143_1,143,das_work,3.0443882942199707,48258,28,1
1771463127.6884098,142_1,142,das_work,1.7944355010986328,48258,28,1
1771463127.7054293,141_1,141,das_work,5.242917776107788,48258,28,1
1771463127.7223554,140_1,140,das_work,4.356531858444214,48258,28,1
1771463139.6881917,141_1,141,das_work,4.3946373462677,48258,29,1
1771463139.7060962,142_1,142,das_work,2.557222604751587,48258,29,1
1771463139.7071729,143_1,143,das_work,4.14121150970459,48258,29,1
1771463139.7152836,140_1,140,das_work,4.045440196990967,48258,29,1
1771463151.6839294,142_1,142,das_work,9.356244325637816,48258,30,1
1771463151.6854608,141_1,141,das_work,9.205691576004028,48258,30,1
1771463151.7124832,143_1,143,das_work,6.535755157470703,48258,30,1
1771463151.7143755,140_1,140,das_work,7.019670486450195,48258,30,1
1771463163.7050352,141_1,141,das_work,5.502619981765747,48258,31,1
1771463163.7180345,140_1,140,das_work,9.861509799957275,48258,31,1
1771463163.718644,142_1,142,das_work,3.9009056091308594,48258,31,1
1771463163.721511,143_1,143,das_work,5.7741615772247314,48258,31,1
1771463175.6803763,140_1,140,das_work,7.378729343414307,48258,32,1
1771463175.6829238,143_1,143,das_work,9.682140827178957,48258,32,1
1771463175.6887405,141_1,141,das_work,6.431092977523804,48258,32,1
1771463175.721795,142_1,142,das_work,4.761379718780518,48258,32,1
1771463187.6826184,140_1,140,das_work,7.038408041000366,48258,33,1
1771463187.684176,141_2,141,das_work,1.4524257183074951,48258,33,1
1771463187.6952844,143_1,143,das_work,7.889161586761475,48258,33,1
1771463187.7078707,142_2,142,das_work,6.80720853805542,48258,33,1
1771463199.6980696,140_2,140,das_work,9.372559547424316,48258,34,1
1771463199.7077851,143_2,143,das_work,2.7510929107666016,48258,34,1
1771463199.7283564,142_2,142,das_work,1.2944023609161377,48258,34,1
1771463199.7302024,141_2,141,das_work,0.5461623668670654,48258,34,1
1771463211.7004907,140_2,140,das_work,5.557891845703125,48258,35,1
1771463211.7006063,141_2,141,das_work,2.293171167373657,48258,35,1
1771463211.7253883,142_2,142,das_work,2.857733726501465,48258,35,1
1771463211.7294931,143_2,143,das_work,2.3684568405151367,48258,35,1
1771463223.6746871,141_2,141,das_work,8.425600528717041,48258,36,1
1771463223.6801777,143_2,143,das_work,1.689568042755127,48258,36,1
1771463223.6883247,140_2,140,das_work,8.521031618118286,48258,36,1
1771463223.7032423,142_2,142,das_work,6.3206446170806885,48258,36,1
1771463235.6937342,143_2,143,das_work,4.7651567459106445,48258,37,1
1771463235.7089837,141_2,141,das_work,1.3637304306030271,48258,37,1
1771463235.723901,142_2,142,das_work,5.944599628448486,48258,37,1
1771463235.7251797,140_2,140,das_work,1.9758546352386477,48258,37,1
1771463247.6751382,143_2,143,das_work,4.914751052856445,48258,38,1
1771463247.6795716,142_2,142,das_work,5.827157974243164,48258,38,1
1771463247.684127,141_2,141,das_work,3.1445860862731934,48258,38,1
1771463247.7114778,140_2,140,das_work,9.570953130722046,48258,38,1
1771463259.6798117,141_2,141,das_work,9.021820545196531,48258,39,1
1771463259.6877358,140_2,140,das_work,4.184314012527466,48258,39,1
1771463259.69767,142_2,142,das_work,7.4973464012146,48258,39,1
1771463259.703805,143_2,143,das_work,5.657705545425415,48258,39,1
1771463271.680169,141_2,141,das_work,2.6965949535369877,48258,40,1
1771463271.68141,143_2,143,das_work,7.975507259368896,48258,40,1
1771463271.6896193,140_2,140,das_work,0.7676956653594971,48258,40,1
1771463271.6902726,142_2,142,das_work,6.883289337158203,48258,40,1
1771463283.6860275,143_2,143,das_work,2.312195301055908,48258,41,1
1771463283.686768,141_2,141,das_work,5.475587844848633,48258,41,1
1771463283.6963456,142_2,142,das_work,3.617981195449829,48258,41,1
1771463283.6986578,140_2,140,das_work,2.5351784229278564,48258,41,1
1771463295.6679957,140_2,140,das_work,6.119261741638184,48258,42,1
1771463295.6890354,143_2,143,das_work,5.075449705123901,48258,42,1
1771463295.6922684,141_2,141,das_work,7.328971147537231,48258,42,1
1771463295.704824,142_2,142,das_work,6.850602626800537,48258,42,1
1771463307.6750782,142_3,142,das_work,2.5956952571868896,48258,43,1
1771463307.678027,141_3,141,das_work,9.267529487609863,48258,43,1
1771463307.6872497,143_2,143,das_work,5.660771369934082,48258,43,1
1771463307.6905506,140_2,140,das_work,1.7084496021270752,48258,43,1
1771463319.6669383,141_3,141,das_work,9.175391674041748,48258,44,1
1771463319.6791368,142_3,142,das_work,3.0527091026306152,48258,44,1
1771463319.6927402,140_3,140,das_work,7.528940200805664,48258,44,1
1771463319.7040694,143_3,143,das_work,7.33768892288208,48258,44,1
1771463331.6838477,143_3,143,das_work,6.977839946746826,48258,45,1
1771463331.6928506,141_3,141,das_work,5.164687156677246,48258,45,1
1771463331.7016196,140_3,140,das_work,0.879997730255127,48258,45,1
1771463331.707974,142_3,142,das_work,7.11864161491394,48258,45,1
1771463343.681807,142_3,142,das_work,1.7914135456085205,48258,46,1
1771463343.693118,143_3,143,das_work,3.259598970413208,48258,46,1
1771463343.6949008,140_3,140,das_work,9.311776638031006,48258,46,1
1771463343.698813,141_3,141,das_work,7.675562143325806,48258,46,1
1771463355.6756346,141_3,141,das_work,2.605618953704834,48258,47,1
1771463355.6769683,140_3,140,das_work,2.083602905273437,48258,47,1
1771463355.6870456,142_3,142,das_work,1.629270076751709,48258,47,1
1771463355.713684,143_3,143,das_work,6.07868504524231,48258,47,1
1771463367.6900227,143_3,143,das_work,7.054765701293945,48258,48,1
1771463367.696797,141_3,141,das_work,2.963340759277344,48258,48,1
1771463367.7086968,140_3,140,das_work,1.2329730987548828,48258,48,1
1771463367.7298057,142_3,142,das_work,4.271889925003052,48258,48,1
1771463379.6705673,142_3,142,das_work,8.766776323318481,48258,49,1
1771463379.6841607,140_3,140,das_work,7.434478044509888,48258,49,1
1771463379.698794,143_3,143,das_work,2.880641460418701,48258,49,1
1771463379.7051554,141_3,141,das_work,2.34713077545166,48258,49,1
1771463391.6663463,143_3,143,das_work,3.571260929107666,48258,50,1
1771463391.688907,141_3,141,das_work,8.13150930404663,48258,50,1
1771463391.6957817,142_3,142,das_work,8.75946044921875,48258,50,1
1771463391.700173,140_3,140,das_work,7.649167776107788,48258,50,1
1771463403.6668928,141_3,141,das_work,4.90178108215332,48258,51,1
1771463403.68739,140_3,140,das_work,8.923048257827759,48258,51,1
1771463403.7084365,142_3,142,das_work,1.6920146942138672,48258,51,1
1771463403.7100496,143_3,143,das_work,5.496706008911133,48258,51,1
1771463415.6757948,140_3,140,das_work,1.8877148628234863,48258,52,1
1771463415.678651,143_3,143,das_work,5.1848132610321045,48258,52,1
1771463415.687301,141_3,141,das_work,9.04481291770935,48258,52,1
1771463415.6931903,142_3,142,das_work,10.10549545288086,48258,52,1
1771463427.6742144,140_3,140,das_work,9.140289306640623,48258,53,1
1771463427.7083917,141_4,141,das_work,8.629763841629028,48258,53,1
1771463427.7103024,143_3,143,das_work,0.3984935283660888,48258,53,1
1771463439.6663716,143_4,143,das_work,5.184894561767578,48258,54,1
1771463439.675414,140_4,140,das_work,1.706862449645996,48258,54,1
1771463439.6948109,141_4,141,das_work,1.354234218597412,48258,54,1
1771463439.708962,142_4,142,das_work,12.189702033996582,48258,54,1
1771463451.675653,143_4,143,das_work,7.0208282470703125,48258,55,1
1771463451.7017016,141_4,141,das_work,0.946378231048584,48258,55,1
1771463451.7024262,142_4,142,das_work,3.410367727279663,48258,55,1
1771463451.7162857,140_4,140,das_work,6.815026760101318,48258,55,1
1771463463.663711,141_4,141,das_work,8.961957693099976,48258,56,1
1771463463.6883402,140_4,140,das_work,5.522640228271484,48258,56,1
1771463463.7001858,143_4,143,das_work,5.357173442840576,48258,56,1
1771463463.7139282,142_4,142,das_work,1.5844643115997314,48258,56,1
1771463475.676783,140_4,140,das_work,6.265129327774048,48258,57,1
1771463475.686227,142_4,142,das_work,1.300313949584961,48258,57,1
1771463475.7045565,141_4,141,das_work,1.0347092151641846,48258,57,1
1771463475.7232232,143_4,143,das_work,6.095412015914917,48258,57,1
1771463487.6515708,142_4,142,das_work,8.656152248382568,48258,58,1
1771463487.6687398,141_4,141,das_work,6.448924779891968,48258,58,1
1771463487.6796951,143_4,143,das_work,3.300980567932129,48258,58,1
1771463487.6937883,140_4,140,das_work,5.692847013473511,48258,58,1
1771463499.6434789,143_4,143,das_work,1.032207727432251,48258,59,1
1771463499.647271,140_4,140,das_work,6.523554801940918,48258,59,1
1771463499.656098,142_4,142,das_work,9.296576261520386,48258,59,1
1771463499.6676638,141_4,141,das_work,2.383070945739746,48258,59,1
1771463511.6214488,143_4,143,das_work,5.58718204498291,48258,60,1
1771463511.652854,140_4,140,das_work,9.143647193908691,48258,60,1
1771463511.6538675,142_4,142,das_work,7.119911193847656,48258,60,1
1771463511.6545212,141_4,141,das_work,2.6186773777008057,48258,60,1
1771463523.605081,140_4,140,das_work,5.602816104888916,48258,61,1
1771463523.614432,141_4,141,das_work,5.559501886367798,48258,61,1
1771463523.6286173,142_4,142,das_work,9.02697253227234,48258,61,1
1771463523.6327007,143_4,143,das_work,1.6909990310668943,48258,61,1
1771463535.6020987,140_4,140,das_work,7.051052570343018,48258,62,1
1771463535.6031785,143_4,143,das_work,2.863125801086426,48258,62,1
1771463535.6068673,141_4,141,das_work,5.132964134216309,48258,62,1
1771463535.6100135,142_4,142,das_work,9.023811101913452,48258,62,1
1771463547.5680518,140_4,140,das_work,7.187909364700317,48258,63,1
1771463547.617569,142_4,142,das_work,3.0256597995758057,48258,63,1
1771463547.6181607,143_4,143,das_work,6.491926193237305,48258,63,1
1771462947.6744664,147_0,147,das_work,2.05592942237854,48258,13,1
1771462959.6768253,144_0,144,das_work,10.978840351104736,48258,14,1
1771462959.6859548,147_0,147,das_work,5.001862049102783,48258,14,1
1771462959.6864922,145_0,145,das_work,10.292863130569458,48258,14,1
1771462959.697162,146_0,146,das_work,12.16161608695984,48258,14,1
1771462971.6943002,147_0,147,das_work,3.4462697505950928,48258,15,1
1771462971.698526,144_0,144,das_work,1.905583143234253,48258,15,1
1771462971.7028842,146_0,146,das_work,5.652696847915649,48258,15,1
1771462971.722976,145_0,145,das_work,6.288266181945801,48258,15,1
1771462983.6826725,146_0,146,das_work,1.3099982738494873,48258,16,1
1771462983.6852329,144_0,144,das_work,2.060702323913574,48258,16,1
1771462983.699025,147_0,147,das_work,9.1543447971344,48258,16,1
1771462983.6996,145_0,145,das_work,2.6652326583862305,48258,16,1
1771462995.7117782,147_0,147,das_work,7.319188594818115,48258,17,1
1771462995.7344,145_0,145,das_work,5.807943820953369,48258,17,1
1771462995.7350502,144_0,144,das_work,4.012935161590576,48258,17,1
1771462995.739319,146_0,146,das_work,7.3073890209198,48258,17,1
1771463007.6930044,146_0,146,das_work,1.7536206245422363,48258,18,1
1771463007.7008708,147_0,147,das_work,3.0454604625701904,48258,18,1
1771463007.712207,145_0,145,das_work,0.7041082382202148,48258,18,1
1771463007.727169,144_0,144,das_work,2.7165260314941406,48258,18,1
1771463019.6964033,144_0,144,das_work,4.543855667114258,48258,19,1
1771463019.6969075,147_0,147,das_work,5.004088640213013,48258,19,1
1771463019.7048647,145_0,145,das_work,8.155195951461792,48258,19,1
1771463019.726801,146_0,146,das_work,2.1148910522460938,48258,19,1
1771463031.710263,145_0,145,das_work,8.438760995864868,48258,20,1
1771463031.7153373,144_0,144,das_work,5.840356349945068,48258,20,1
1771463031.7195497,147_0,147,das_work,6.2973034381866455,48258,20,1
1771463031.7293766,146_0,146,das_work,2.189234733581543,48258,20,1
1771463043.7011294,147_0,147,das_work,5.045918703079224,48258,21,1
1771463043.705869,145_0,145,das_work,5.784554481506348,48258,21,1
1771463043.7181823,144_0,144,das_work,4.790929794311523,48258,21,1
1771463043.7275343,146_0,146,das_work,0.926811695098877,48258,21,1
1771463055.6836357,145_0,145,das_work,4.489310264587402,48258,22,1
1771463055.6852255,146_0,146,das_work,7.390509605407715,48258,22,1
1771463055.6980402,144_0,144,das_work,7.720630407333374,48258,22,1
1771463055.7011473,147_0,147,das_work,7.377264738082886,48258,22,1
1771463067.7016313,144_0,144,das_work,7.372533798217773,48258,23,1
1771463067.712103,147_1,147,das_work,4.773153781890869,48258,23,1
1771463067.721167,145_0,145,das_work,2.8419768810272217,48258,23,1
1771463067.725938,146_0,146,das_work,5.015688180923462,48258,23,1
1771463079.684382,144_1,144,das_work,1.6369333267211914,48258,24,1
1771463079.6982515,146_1,146,das_work,6.813363313674927,48258,24,1
1771463079.6988246,147_1,147,das_work,5.381815671920776,48258,24,1
1771463079.7061627,145_1,145,das_work,1.8138740062713623,48258,24,1
1771463091.704612,147_1,147,das_work,6.408324480056763,48258,25,1
1771463091.707238,146_1,146,das_work,5.489324331283569,48258,25,1
1771463091.7226014,145_1,145,das_work,6.781906366348267,48258,25,1
1771463091.7314088,144_1,144,das_work,4.637904644012451,48258,25,1
1771463103.6820557,144_1,144,das_work,8.233858108520508,48258,26,1
1771463103.691422,147_1,147,das_work,3.5038726329803467,48258,26,1
1771463103.713755,145_1,145,das_work,8.495493412017822,48258,26,1
1771463103.714854,146_1,146,das_work,7.583672761917114,48258,26,1
1771463115.6850126,147_1,147,das_work,0.5167026519775391,48258,27,1
1771463115.693181,145_1,145,das_work,2.2308151721954346,48258,27,1
1771463115.7061534,146_1,146,das_work,2.1743357181549072,48258,27,1
1771463115.7264676,144_1,144,das_work,1.212803602218628,48258,27,1
1771463127.6978948,147_1,147,das_work,7.598294019699097,48258,28,1
1771463127.7060523,145_1,145,das_work,7.707614421844482,48258,28,1
1771463127.712324,144_1,144,das_work,7.590813398361206,48258,28,1
1771463127.7352912,146_1,146,das_work,3.2457756996154785,48258,28,1
1771463139.7050526,147_1,147,das_work,7.372159481048584,48258,29,1
1771463139.7056158,146_1,146,das_work,6.866657972335815,48258,29,1
1771463139.717831,145_1,145,das_work,5.032922983169556,48258,29,1
1771463139.720622,144_1,144,das_work,9.627156496047974,48258,29,1
1771463151.6890962,144_1,144,das_work,4.818881988525391,48258,30,1
1771463151.6908429,146_1,146,das_work,3.4875636100769043,48258,30,1
1771463151.733251,145_1,145,das_work,8.339531183242798,48258,30,1
1771463151.7334373,147_1,147,das_work,9.614684104919434,48258,30,1
1771463163.6978333,146_1,146,das_work,7.054976463317871,48258,31,1
1771463163.6998355,145_1,145,das_work,9.265948057174684,48258,31,1
1771463163.7035089,144_1,144,das_work,7.025210618972778,48258,31,1
1771463163.7304783,147_1,147,das_work,10.160794019699097,48258,31,1
1771463175.690205,146_1,146,das_work,4.188998460769653,48258,32,1
1771463175.7097635,145_1,145,das_work,4.26738715171814,48258,32,1
1771463175.711545,144_1,144,das_work,3.017061710357666,48258,32,1
1771463175.720971,147_1,147,das_work,7.332091331481934,48258,32,1
1771463187.677824,146_1,146,das_work,2.432458877563477,48258,33,1
1771463187.6839714,145_1,145,das_work,0.8915457725524902,48258,33,1
1771463187.6944366,147_2,147,das_work,3.310858964920044,48258,33,1
1771463187.7082286,144_1,144,das_work,1.2138149738311768,48258,33,1
1771463199.6913297,147_2,147,das_work,8.194231986999512,48258,34,1
1771463199.694111,144_2,144,das_work,9.694373846054075,48258,34,1
1771463199.7002308,145_2,145,das_work,7.635422945022583,48258,34,1
1771463199.7097015,146_2,146,das_work,7.034696102142334,48258,34,1
1771463211.7094295,144_2,144,das_work,6.974500894546509,48258,35,1
1771463211.7112625,147_2,147,das_work,1.5351440906524658,48258,35,1
1771463211.7229662,146_2,146,das_work,5.308654069900513,48258,35,1
1771463211.7261152,145_2,145,das_work,8.248786211013794,48258,35,1
1771463223.6779518,144_2,144,das_work,3.009241342544556,48258,36,1
1771463223.682815,146_2,146,das_work,7.523252964019775,48258,36,1
1771463223.6833067,145_2,145,das_work,1.1343255043029783,48258,36,1
1771463223.684017,147_2,147,das_work,2.452119827270508,48258,36,1
1771463235.6822016,147_2,147,das_work,7.625915288925171,48258,37,1
1771463235.683027,146_2,146,das_work,2.9173238277435303,48258,37,1
1771463235.714284,145_2,145,das_work,4.845121622085571,48258,37,1
1771463235.7152643,144_2,144,das_work,0.4066638946533203,48258,37,1
1771463247.681483,144_2,144,das_work,3.1643240451812744,48258,38,1
1771463247.6850855,147_2,147,das_work,7.586251974105835,48258,38,1
1771463247.6859298,146_2,146,das_work,10.041152238845823,48258,38,1
1771463247.721831,145_2,145,das_work,5.923320770263672,48258,38,1
1771463259.674425,145_2,145,das_work,4.933332681655884,48258,39,1
1771463259.6750016,146_2,146,das_work,3.663050651550293,48258,39,1
1771463259.6931746,144_2,144,das_work,1.8647828102111816,48258,39,1
1771463259.6947453,147_2,147,das_work,8.64412808418274,48258,39,1
1771463271.6648078,147_2,147,das_work,7.018847227096558,48258,40,1
1771463271.6791646,145_2,145,das_work,7.379917860031128,48258,40,1
1771463271.6938293,144_2,144,das_work,7.9594035148620605,48258,40,1
1771463271.6973474,146_2,146,das_work,2.1418697834014893,48258,40,1
1771463283.6722462,147_2,147,das_work,9.41543960571289,48258,41,1
1771463283.6838791,144_2,144,das_work,1.796313762664795,48258,41,1
1771463283.684518,146_2,146,das_work,2.798806667327881,48258,41,1
1771463283.70584,145_2,145,das_work,1.2165100574493408,48258,41,1
1771463295.6687462,146_2,146,das_work,1.5379152297973633,48258,42,1
1771463295.6840112,145_2,145,das_work,6.220161199569702,48258,42,1
1771463295.6906018,147_2,147,das_work,8.253859519958496,48258,42,1
1771463295.7019072,144_2,144,das_work,7.413124084472656,48258,42,1
1771463307.673559,144_2,144,das_work,6.078063011169434,48258,43,1
1771463307.699386,146_2,146,das_work,7.281428575515747,48258,43,1
1771463307.7024772,145_2,145,das_work,6.453063488006592,48258,43,1
1771463307.7053037,147_3,147,das_work,8.475007772445679,48258,43,1
1771463319.6665218,146_3,146,das_work,3.895097970962525,48258,44,1
1771463319.673429,147_3,147,das_work,1.633535861968994,48258,44,1
1771463319.6768284,144_3,144,das_work,5.094990968704224,48258,44,1
1771463319.708949,145_3,145,das_work,4.185092449188232,48258,44,1
1771463331.69532,144_3,144,das_work,3.320378541946411,48258,45,1
1771463331.697897,147_3,147,das_work,1.142183780670166,48258,45,1
1771463331.7139974,146_3,146,das_work,5.051511764526367,48258,45,1
1771463331.71524,145_3,145,das_work,4.387815713882446,48258,45,1
1771463343.696456,145_3,145,das_work,4.982413291931152,48258,46,1
1771463343.705196,147_3,147,das_work,6.379642009735107,48258,46,1
1771463343.7163818,144_3,144,das_work,4.033970832824707,48258,46,1
1771463343.7200372,146_3,146,das_work,3.934272766113281,48258,46,1
1771463355.6723602,144_3,144,das_work,8.951492547988892,48258,47,1
1771463355.6782231,145_3,145,das_work,1.4168493747711182,48258,47,1
1771463355.7024832,147_3,147,das_work,6.6811182498931885,48258,47,1
1771463355.7045105,146_3,146,das_work,7.698546409606934,48258,47,1
1771463367.6858137,146_3,146,das_work,2.3485238552093506,48258,48,1
1771463367.6995037,147_3,147,das_work,8.46890902519226,48258,48,1
1771463367.7282462,145_3,145,das_work,8.416706085205078,48258,48,1
1771463367.7289858,144_3,144,das_work,7.793583631515503,48258,48,1
1771463379.6808245,144_3,144,das_work,0.7672371864318848,48258,49,1
1771463379.6973867,147_3,147,das_work,7.424990177154541,48258,49,1
1771463379.7085662,146_3,146,das_work,4.006583213806152,48258,49,1
1771463379.7120726,145_3,145,das_work,9.468822956085203,48258,49,1
1771463391.6578343,145_3,145,das_work,7.636518239974976,48258,50,1
1771463391.6712966,144_3,144,das_work,8.459882259368896,48258,50,1
1771463391.6888478,146_3,146,das_work,8.17845630645752,48258,50,1
1771463391.7020922,147_3,147,das_work,5.129129648208618,48258,50,1
1771463403.67476,146_3,146,das_work,5.786402702331543,48258,51,1
1771463403.6951687,145_3,145,das_work,5.664817810058594,48258,51,1
1771463403.710978,147_3,147,das_work,8.63873553276062,48258,51,1
1771463403.7115269,144_3,144,das_work,2.291491985321045,48258,51,1
1771463415.6749792,146_3,146,das_work,5.6017584800720215,48258,52,1
1771463415.6783018,147_3,147,das_work,3.124029874801636,48258,52,1
1771463415.688871,145_3,145,das_work,2.437204122543335,48258,52,1
1771463415.7070904,144_3,144,das_work,3.327653169631958,48258,52,1
1771463427.675208,147_4,147,das_work,7.636113882064819,48258,53,1
1771463427.6793098,145_3,145,das_work,2.267083644866944,48258,53,1
1771463427.6864555,144_3,144,das_work,1.9033524990081787,48258,53,1
1771463427.7054224,146_3,146,das_work,7.797936201095581,48258,53,1
1771463439.686612,144_4,144,das_work,7.7518470287323,48258,54,1
1771463439.6927414,146_4,146,das_work,1.1950271129608154,48258,54,1
1771463439.7045257,145_4,145,das_work,5.527044773101807,48258,54,1
1771463439.7105134,147_4,147,das_work,1.602827072143555,48258,54,1
1771463451.6802647,147_4,147,das_work,7.217313289642334,48258,55,1
1771463451.6822803,144_4,144,das_work,4.9970703125,48258,55,1
1771463451.6855986,146_4,146,das_work,8.47128701210022,48258,55,1
1771463451.712136,145_4,145,das_work,3.3581197261810303,48258,55,1
1771463463.6657867,144_4,144,das_work,5.563537836074829,48258,56,1
1771463463.6817446,147_4,147,das_work,7.789102554321289,48258,56,1
1771463463.6823332,145_4,145,das_work,6.148370027542114,48258,56,1
1771463463.7067263,146_4,146,das_work,5.343039751052856,48258,56,1
1771463475.6703737,144_4,144,das_work,8.40533995628357,48258,57,1
1771463475.6787236,147_4,147,das_work,2.707720994949341,48258,57,1
1771463475.7195363,146_4,146,das_work,8.0274076461792,48258,57,1
1771463475.7228162,145_4,145,das_work,3.2298200130462646,48258,57,1
1771463487.659064,147_4,147,das_work,4.484776735305786,48258,58,1
1771463487.664929,144_4,144,das_work,10.12252926826477,48258,58,1
1771463487.68672,146_4,146,das_work,8.29601502418518,48258,58,1
1771463487.6904747,145_4,145,das_work,9.954299449920654,48258,58,1
1771463499.635608,144_4,144,das_work,3.0672521591186523,48258,59,1
1771463499.6427636,146_4,146,das_work,6.421364545822144,48258,59,1
1771463499.6454556,145_4,145,das_work,8.13620638847351,48258,59,1
1771463499.6465073,147_4,147,das_work,8.55181622505188,48258,59,1
1771463511.6372533,145_4,145,das_work,2.482108354568481,48258,60,1
1771463511.644614,147_4,147,das_work,8.466251611709595,48258,60,1
1771463511.647386,146_4,146,das_work,5.006626129150391,48258,60,1
1771463511.6566093,144_4,144,das_work,8.415509462356567,48258,60,1
1771463523.6045055,145_4,145,das_work,6.7902233600616455,48258,61,1
1771463523.6092815,147_4,147,das_work,0.971860647201538,48258,61,1
1771463523.6121426,144_4,144,das_work,6.7538902759552,48258,61,1
1771463523.62388,146_4,146,das_work,2.8934781551361084,48258,61,1
1771463535.5900242,147_4,147,das_work,1.4101955890655518,48258,62,1
1771463535.597752,144_4,144,das_work,3.563954591751098,48258,62,1
1771463535.6078868,145_4,145,das_work,6.781890392303467,48258,62,1
1771463535.6105983,146_4,146,das_work,0.9559662342071532,48258,62,1
1771463547.5778332,144_4,144,das_work,6.503775119781494,48258,63,1
1771463547.5792367,145_4,145,das_work,1.8722636699676516,48258,63,1
1771463547.5794032,146_4,146,das_work,8.44778299331665,48258,63,1
1771462959.6922476,148_0,148,das_work,9.23821759223938,48258,14,1
1771462959.701373,149_0,149,das_work,1.422628402709961,48258,14,1
1771462971.7015674,150_0,150,das_work,6.134369850158691,48258,15,1
1771462971.7017224,148_0,148,das_work,4.0611865520477295,48258,15,1
1771462971.716257,151_0,151,das_work,10.810487747192385,48258,15,1
1771462971.716767,149_0,149,das_work,6.763253450393677,48258,15,1
1771462983.687842,148_0,148,das_work,2.772408962249756,48258,16,1
1771462983.696771,151_0,151,das_work,6.847302436828613,48258,16,1
1771462983.7089152,150_0,150,das_work,2.150585174560547,48258,16,1
1771462983.71502,149_0,149,das_work,7.522898197174072,48258,16,1
1771462995.696523,148_0,148,das_work,2.216860771179199,48258,17,1
1771462995.7150986,151_0,151,das_work,3.719238519668579,48258,17,1
1771462995.71689,149_0,149,das_work,9.534082412719728,48258,17,1
1771462995.7184496,150_0,150,das_work,7.524426460266113,48258,17,1
1771463007.698423,150_0,150,das_work,2.06135368347168,48258,18,1
1771463007.704466,151_0,151,das_work,7.318614482879639,48258,18,1
1771463007.7293012,149_0,149,das_work,4.412323713302612,48258,18,1
1771463007.7329392,148_0,148,das_work,5.202837944030762,48258,18,1
1771463019.687552,149_0,149,das_work,5.10646915435791,48258,19,1
1771463019.6881838,148_0,148,das_work,7.410022020339966,48258,19,1
1771463019.7167864,150_0,150,das_work,7.472948312759399,48258,19,1
1771463019.7226284,151_0,151,das_work,5.739510536193848,48258,19,1
1771463031.7059228,149_0,149,das_work,6.2357587814331055,48258,20,1
1771463031.712674,151_0,151,das_work,8.846508026123047,48258,20,1
1771463031.7135513,150_0,150,das_work,2.2463219165802,48258,20,1
1771463031.7258592,148_0,148,das_work,7.594113349914551,48258,20,1
1771463043.6954534,150_0,150,das_work,8.506446361541748,48258,21,1
1771463043.7007463,151_0,151,das_work,5.675321578979492,48258,21,1
1771463043.7039988,149_0,149,das_work,1.4787297248840332,48258,21,1
1771463043.7210877,148_0,148,das_work,8.95134449005127,48258,21,1
1771463055.6903374,150_0,150,das_work,6.852515935897827,48258,22,1
1771463055.699909,151_0,151,das_work,7.09541392326355,48258,22,1
1771463055.72276,148_0,148,das_work,3.859640598297119,48258,22,1
1771463055.726159,149_0,149,das_work,4.192598581314087,48258,22,1
1771463067.683159,148_0,148,das_work,3.6861071586608887,48258,23,1
1771463067.688209,151_0,151,das_work,2.10357928276062,48258,23,1
1771463067.7041607,150_0,150,das_work,9.64633059501648,48258,23,1
1771463067.7189844,149_0,149,das_work,4.164709091186523,48258,23,1
1771463079.688315,150_0,150,das_work,3.140061616897583,48258,24,1
1771463079.699982,149_1,149,das_work,4.825975179672241,48258,24,1
1771463079.7105052,148_1,148,das_work,6.162162065505981,48258,24,1
1771463079.7145352,151_0,151,das_work,5.760740041732788,48258,24,1
1771463091.7043965,149_1,149,das_work,6.206343650817871,48258,25,1
1771463091.721986,151_1,151,das_work,4.804883718490601,48258,25,1
1771463091.731219,150_1,150,das_work,4.377742528915405,48258,25,1
1771463091.735953,148_1,148,das_work,2.2050392627716064,48258,25,1
1771463103.6747248,149_1,149,das_work,3.526083469390869,48258,26,1
1771463103.6855984,150_1,150,das_work,9.226850986480711,48258,26,1
1771463103.700049,151_1,151,das_work,10.073052644729614,48258,26,1
1771463103.711836,148_1,148,das_work,8.141990900039673,48258,26,1
1771463115.6816366,150_1,150,das_work,7.87462854385376,48258,27,1
1771463115.704236,151_1,151,das_work,2.0038297176361084,48258,27,1
1771463115.7187264,149_1,149,das_work,4.507052183151245,48258,27,1
1771463115.7249706,148_1,148,das_work,5.116799831390381,48258,27,1
1771463127.6857417,150_1,150,das_work,3.8483126163482666,48258,28,1
1771463127.7142782,149_1,149,das_work,6.752341747283936,48258,28,1
1771463127.718403,151_1,151,das_work,1.2334027290344238,48258,28,1
1771463127.7294886,148_1,148,das_work,1.576824188232422,48258,28,1
1771463139.6898198,151_1,151,das_work,3.6007635593414307,48258,29,1
1771463139.7135255,149_1,149,das_work,5.684644937515259,48258,29,1
1771463139.7243018,150_1,150,das_work,4.630105018615723,48258,29,1
1771463139.7258835,148_1,148,das_work,8.292351484298706,48258,29,1
1771463151.684199,150_1,150,das_work,8.248759031295776,48258,30,1
1771463151.71023,151_1,151,das_work,3.252904891967773,48258,30,1
1771463151.7187948,148_1,148,das_work,7.307579755783081,48258,30,1
1771463151.7304316,149_1,149,das_work,3.7887308597564697,48258,30,1
1771463163.6818204,148_1,148,das_work,3.512392997741699,48258,31,1
1771463163.70198,151_1,151,das_work,7.566382884979248,48258,31,1
1771463163.7028515,149_1,149,das_work,0.2169215679168701,48258,31,1
1771463163.719515,150_1,150,das_work,0.5217776298522949,48258,31,1
1771463175.690425,148_1,148,das_work,5.212101459503174,48258,32,1
1771463175.6946466,151_1,151,das_work,4.739152669906616,48258,32,1
1771463175.701208,149_1,149,das_work,8.155840635299683,48258,32,1
1771463175.711257,150_1,150,das_work,9.258185148239136,48258,32,1
1771463187.679387,151_1,151,das_work,7.074676275253296,48258,33,1
1771463187.693489,149_1,149,das_work,9.62440061569214,48258,33,1
1771463187.707031,150_1,150,das_work,3.936424732208252,48258,33,1
1771463187.711027,148_1,148,das_work,6.1937878131866455,48258,33,1
1771463199.688297,149_2,149,das_work,7.120692253112793,48258,34,1
1771463199.7178304,150_1,150,das_work,9.745184659957886,48258,34,1
1771463199.7223957,151_1,151,das_work,6.650999546051025,48258,34,1
1771463199.73415,148_2,148,das_work,2.30491042137146,48258,34,1
1771463211.680147,148_2,148,das_work,5.663532733917236,48258,35,1
1771463211.6944015,149_2,149,das_work,4.986360788345337,48258,35,1
1771463211.7011058,150_2,150,das_work,1.575904130935669,48258,35,1
1771463211.711157,151_2,151,das_work,4.04849910736084,48258,35,1
1771463223.662586,149_2,149,das_work,7.61939263343811,48258,36,1
1771463223.672816,148_2,148,das_work,2.581895351409912,48258,36,1
1771463223.6733322,151_2,151,das_work,2.6783852577209477,48258,36,1
1771463223.6839824,150_2,150,das_work,6.26008415222168,48258,36,1
1771463235.6735818,149_2,149,das_work,8.18636441230774,48258,37,1
1771463235.693374,150_2,150,das_work,9.10995364189148,48258,37,1
1771463235.721042,148_2,148,das_work,4.147568702697754,48258,37,1
1771463235.7233984,151_2,151,das_work,6.427002429962158,48258,37,1
1771463247.6921043,150_2,150,das_work,1.321976900100708,48258,38,1
1771463247.704659,151_2,151,das_work,1.950993537902832,48258,38,1
1771463247.7200906,149_2,149,das_work,7.670702457427978,48258,38,1
1771463247.724551,148_2,148,das_work,9.092800378799438,48258,38,1
1771463259.6838045,149_2,149,das_work,0.63675856590271,48258,39,1
1771463259.6862,151_2,151,das_work,6.145045518875122,48258,39,1
1771463259.6947088,148_2,148,das_work,4.510633945465088,48258,39,1
1771463259.704054,150_2,150,das_work,6.7053210735321045,48258,39,1
1771463271.674881,150_2,150,das_work,7.267281293869018,48258,40,1
1771463271.6755948,149_2,149,das_work,8.922235012054443,48258,40,1
1771463271.6951523,148_2,148,das_work,6.3090901374816895,48258,40,1
1771463271.6981878,151_2,151,das_work,2.9515185356140137,48258,40,1
1771463283.666326,151_2,151,das_work,6.411139726638794,48258,41,1
1771463283.6831546,148_2,148,das_work,6.4721760749816895,48258,41,1
1771463283.6850371,150_2,150,das_work,9.243574857711792,48258,41,1
1771463283.6908174,149_2,149,das_work,7.077235221862793,48258,41,1
1771463295.6695087,148_2,148,das_work,0.7467451095581055,48258,42,1
1771463295.691249,151_2,151,das_work,1.556389331817627,48258,42,1
1771463295.6937685,150_2,150,das_work,4.995765924453735,48258,42,1
1771463295.710489,149_2,149,das_work,4.313344717025757,48258,42,1
1771463307.6733863,151_2,151,das_work,4.557949066162109,48258,43,1
1771463307.6849935,148_2,148,das_work,4.333983659744263,48258,43,1
1771463307.6912284,149_2,149,das_work,9.535383224487305,48258,43,1
1771463307.7050688,150_2,150,das_work,4.926152944564819,48258,43,1
1771463319.6775992,150_2,150,das_work,6.574622631072998,48258,44,1
1771463319.688366,148_3,148,das_work,3.34708833694458,48258,44,1
1771463319.7054105,149_3,149,das_work,8.752570629119873,48258,44,1
1771463319.7064266,151_2,151,das_work,5.088151216506958,48258,44,1
1771463331.6898017,151_3,151,das_work,8.146943807601929,48258,45,1
1771463331.6921089,150_3,150,das_work,0.6776769161224365,48258,45,1
1771463331.7115226,148_3,148,das_work,2.3613598346710205,48258,45,1
1771463331.7133975,149_3,149,das_work,1.6189022064208984,48258,45,1
1771463343.6896124,150_3,150,das_work,5.184583187103272,48258,46,1
1771463343.6901498,148_3,148,das_work,3.351237535476685,48258,46,1
1771463343.697988,151_3,151,das_work,2.904125213623047,48258,46,1
1771463343.7017837,149_3,149,das_work,9.519840240478516,48258,46,1
1771463355.6784904,151_3,151,das_work,8.862563848495483,48258,47,1
1771463355.69075,150_3,150,das_work,1.3026795387268066,48258,47,1
1771463355.692519,149_3,149,das_work,7.043637037277222,48258,47,1
1771463355.696174,148_3,148,das_work,6.257266044616699,48258,47,1
1771463367.68355,149_3,149,das_work,7.660102844238281,48258,48,1
1771463367.6860726,148_3,148,das_work,5.308836221694946,48258,48,1
1771463367.7183304,151_3,151,das_work,6.397018194198608,48258,48,1
1771463367.7186575,150_3,150,das_work,4.538885593414307,48258,48,1
1771463379.6755624,149_3,149,das_work,2.593543529510498,48258,49,1
1771463379.6921902,151_3,151,das_work,8.888180255889893,48258,49,1
1771463379.7065,150_3,150,das_work,7.738681793212891,48258,49,1
1771463379.711244,148_3,148,das_work,7.639154672622681,48258,49,1
1771463391.6826506,151_3,151,das_work,8.288618326187134,48258,50,1
1771463391.686916,148_3,148,das_work,8.885351419448853,48258,50,1
1771463391.7016177,150_3,150,das_work,3.037240505218506,48258,50,1
1771463391.704317,149_3,149,das_work,8.420790433883667,48258,50,1
1771463403.6754904,151_3,151,das_work,9.51893711090088,48258,51,1
1771463403.6888814,148_3,148,das_work,4.68335223197937,48258,51,1
1771463403.6900597,150_3,150,das_work,8.954217910766602,48258,51,1
1771463403.69978,149_3,149,das_work,5.867258548736572,48258,51,1
1771463415.689072,148_3,148,das_work,2.820004463195801,48258,52,1
1771463415.6971283,151_3,151,das_work,7.994619607925415,48258,52,1
1771463415.7101383,150_3,150,das_work,6.0504772663116455,48258,52,1
1771463415.7113175,149_3,149,das_work,7.165114641189575,48258,52,1
1771463427.6975646,148_3,148,das_work,3.351279020309448,48258,53,1
1771463427.7020526,151_3,151,das_work,4.011616945266724,48258,53,1
1771463427.703573,149_3,149,das_work,1.4621531963348389,48258,53,1
1771463427.714502,150_3,150,das_work,1.6552681922912598,48258,53,1
1771463439.6667304,149_4,149,das_work,7.83940577507019,48258,54,1
1771463439.6717536,151_3,151,das_work,9.49201250076294,48258,54,1
1771463439.6980968,150_3,150,das_work,2.1657893657684326,48258,54,1
1771463439.7072206,148_4,148,das_work,8.30899167060852,48258,54,1
1771463451.673211,149_4,149,das_work,6.501939535140991,48258,55,1
1771463451.6994646,148_4,148,das_work,7.394465684890747,48258,55,1
1771463451.706436,151_4,151,das_work,1.4079742431640625,48258,55,1
1771463451.7218833,150_4,150,das_work,2.3711304664611816,48258,55,1
1771463463.6654124,151_4,151,das_work,0.9145305156707764,48258,56,1
1771463463.678607,148_4,148,das_work,5.363722801208496,48258,56,1
1771463463.6872,150_4,150,das_work,8.444714784622192,48258,56,1
1771463463.70458,149_4,149,das_work,7.18359637260437,48258,56,1
1771463475.678478,151_4,151,das_work,8.855097770690918,48258,57,1
1771463475.6909325,149_4,149,das_work,6.78466534614563,48258,57,1
1771463475.6927562,148_4,148,das_work,7.914746284484863,48258,57,1
1771463475.7043393,150_4,150,das_work,1.553600549697876,48258,57,1
1771463487.6576524,150_4,150,das_work,3.285170316696167,48258,58,1
1771463487.660433,149_4,149,das_work,5.587751388549805,48258,58,1
1771463487.6720614,151_4,151,das_work,7.5336456298828125,48258,58,1
1771463487.688636,148_4,148,das_work,9.49869966506958,48258,58,1
1771463499.6342869,151_4,151,das_work,4.136291980743408,48258,59,1
1771463499.6527553,149_4,149,das_work,1.2623953819274902,48258,59,1
1771463499.656849,150_4,150,das_work,5.121186971664429,48258,59,1
1771463499.6580002,148_4,148,das_work,6.268608093261719,48258,59,1
1771463511.619032,151_4,151,das_work,6.757017612457275,48258,60,1
1771463511.622631,150_4,150,das_work,8.564963340759277,48258,60,1
1771463511.6386683,148_4,148,das_work,3.8036370277404794,48258,60,1
1771463511.648201,149_4,149,das_work,2.275559425354004,48258,60,1
1771463523.6119366,151_4,151,das_work,2.5419301986694336,48258,61,1
1771463523.6161225,150_4,150,das_work,8.501949787139893,48258,61,1
1771463523.619369,149_4,149,das_work,4.981190919876099,48258,61,1
1771463523.6247594,148_4,148,das_work,4.441714525222778,48258,61,1
1771463535.593252,151_4,151,das_work,0.981337547302246,48258,62,1
1771463535.5939674,149_4,149,das_work,1.3001384735107422,48258,62,1
1771463535.6072843,148_4,148,das_work,4.435720205307007,48258,62,1
1771463535.626441,150_4,150,das_work,2.701829433441162,48258,62,1
1771463547.5809495,149_4,149,das_work,3.2323672771453857,48258,63,1
1771463547.5822089,151_4,151,das_work,6.810718059539795,48258,63,1
1771463547.5827096,148_4,148,das_work,9.1522216796875,48258,63,1
1771463547.5857158,150_4,150,das_work,8.901695728302002,48258,63,1
1771463559.550997,150_4,150,das_work,1.374323844909668,48258,64,1
1771463559.5819757,151_4,151,das_work,5.253005027770996,48258,64,1
1771462959.6968658,155_0,155,das_work,3.704823732376098,48258,14,1
1771462971.7015362,154_0,154,das_work,10.51746916770935,48258,15,1
1771462971.7025917,155_0,155,das_work,1.6830742359161377,48258,15,1
1771462971.703417,153_0,153,das_work,8.845486164093018,48258,15,1
1771462971.705345,152_0,152,das_work,11.529219627380373,48258,15,1
1771462983.678742,154_0,154,das_work,3.538735628128052,48258,16,1
1771462983.6793382,152_0,152,das_work,6.951406002044678,48258,16,1
1771462983.6903524,155_0,155,das_work,8.93560791015625,48258,16,1
1771462983.6999977,153_0,153,das_work,7.086981534957886,48258,16,1
1771462995.7082129,152_0,152,das_work,6.334789991378784,48258,17,1
1771462995.7215357,153_0,153,das_work,8.983361959457397,48258,17,1
1771462995.7235866,155_0,155,das_work,4.182589054107666,48258,17,1
1771462995.7280028,154_0,154,das_work,10.43175482749939,48258,17,1
1771463007.6844704,154_0,154,das_work,7.066540718078613,48258,18,1
1771463007.7050664,153_0,153,das_work,5.91712760925293,48258,18,1
1771463007.7147627,152_0,152,das_work,3.429852247238159,48258,18,1
1771463007.7255137,155_0,155,das_work,2.691776990890503,48258,18,1
1771463019.6845312,152_0,152,das_work,0.5223662853240967,48258,19,1
1771463019.701865,154_0,154,das_work,5.443429231643677,48258,19,1
1771463019.7031696,155_0,155,das_work,2.690487861633301,48258,19,1
1771463019.7280216,153_0,153,das_work,9.605512619018556,48258,19,1
1771463031.6916616,152_0,152,das_work,0.5552527904510498,48258,20,1
1771463031.712257,155_0,155,das_work,7.615086078643799,48258,20,1
1771463031.7179265,153_0,153,das_work,3.264544010162353,48258,20,1
1771463031.7284665,154_0,154,das_work,5.768786191940308,48258,20,1
1771463043.6872313,152_0,152,das_work,7.998719692230225,48258,21,1
1771463043.6903374,155_0,155,das_work,3.258429288864136,48258,21,1
1771463043.7029278,154_0,154,das_work,5.484256267547607,48258,21,1
1771463043.7055116,153_0,153,das_work,2.3045058250427246,48258,21,1
1771463055.6830487,152_0,152,das_work,9.503101825714111,48258,22,1
1771463055.6889138,154_0,154,das_work,2.353907823562622,48258,22,1
1771463055.7102275,155_0,155,das_work,8.699554920196533,48258,22,1
1771463055.7170029,153_0,153,das_work,4.133996248245239,48258,22,1
1771463067.6806178,152_0,152,das_work,2.7142179012298584,48258,23,1
1771463067.6852944,153_0,153,das_work,5.60986328125,48258,23,1
1771463067.6923816,154_0,154,das_work,4.542194604873657,48258,23,1
1771463067.7231529,155_0,155,das_work,8.969892024993896,48258,23,1
1771463079.6911588,153_0,153,das_work,7.133102655410767,48258,24,1
1771463079.692711,152_0,152,das_work,5.4293317794799805,48258,24,1
1771463079.695922,154_0,154,das_work,8.308300256729126,48258,24,1
1771463079.703232,155_1,155,das_work,7.115733861923218,48258,24,1
1771463091.7137074,152_1,152,das_work,7.725274085998535,48258,25,1
1771463091.7190182,153_1,153,das_work,3.1710376739501958,48258,25,1
1771463091.7261462,154_1,154,das_work,6.284016370773315,48258,25,1
1771463091.7478774,155_1,155,das_work,7.90147066116333,48258,25,1
1771463103.699233,153_1,153,das_work,3.7561049461364746,48258,26,1
1771463103.71393,154_1,154,das_work,6.717329978942871,48258,26,1
1771463103.7268226,155_1,155,das_work,6.498778343200684,48258,26,1
1771463103.7273836,152_1,152,das_work,8.844032764434814,48258,26,1
1771463115.6825807,153_1,153,das_work,4.587977170944214,48258,27,1
1771463115.692058,152_1,152,das_work,4.197053909301758,48258,27,1
1771463115.714247,154_1,154,das_work,3.3211519718170166,48258,27,1
1771463115.7170055,155_1,155,das_work,0.4518544673919678,48258,27,1
1771463127.6948972,152_1,152,das_work,6.705703496932983,48258,28,1
1771463127.6957648,153_1,153,das_work,5.06779146194458,48258,28,1
1771463127.706535,154_1,154,das_work,9.954740285873411,48258,28,1
1771463127.7229314,155_1,155,das_work,0.7740027904510498,48258,28,1
1771463139.6986358,155_1,155,das_work,5.688390731811523,48258,29,1
1771463139.7046735,153_1,153,das_work,5.931727409362793,48258,29,1
1771463139.7170177,152_1,152,das_work,0.9710302352905272,48258,29,1
1771463139.7255104,154_1,154,das_work,6.30272388458252,48258,29,1
1771463151.683243,153_1,153,das_work,8.493881702423096,48258,30,1
1771463151.700764,154_1,154,das_work,3.635326385498047,48258,30,1
1771463151.727338,152_1,152,das_work,9.84454345703125,48258,30,1
1771463151.7307951,155_1,155,das_work,7.078087568283081,48258,30,1
1771463163.6893556,153_1,153,das_work,8.619512557983398,48258,31,1
1771463163.7114792,154_1,154,das_work,7.006493091583252,48258,31,1
1771463163.7127073,152_1,152,das_work,4.502275943756104,48258,31,1
1771463163.7167132,155_1,155,das_work,5.750798940658569,48258,31,1
1771463175.6785438,155_1,155,das_work,6.001537084579468,48258,32,1
1771463175.679094,153_1,153,das_work,2.6740801334381104,48258,32,1
1771463175.6982126,154_1,154,das_work,3.780434846878052,48258,32,1
1771463175.715809,152_1,152,das_work,3.739156484603882,48258,32,1
1771463187.6687326,154_1,154,das_work,6.018223285675049,48258,33,1
1771463187.6757443,153_1,153,das_work,6.676604986190796,48258,33,1
1771463187.677987,155_1,155,das_work,3.821727514266968,48258,33,1
1771463187.6906269,152_1,152,das_work,5.800706624984741,48258,33,1
1771463199.686756,152_1,152,das_work,7.142321586608887,48258,34,1
1771463199.6907463,153_1,153,das_work,5.135993957519531,48258,34,1
1771463199.6919472,155_2,155,das_work,8.083312511444092,48258,34,1
1771463199.7239976,154_1,154,das_work,3.9659504890441895,48258,34,1
1771463211.7081275,154_2,154,das_work,8.089096784591675,48258,35,1
1771463211.7099433,153_2,153,das_work,6.632054805755615,48258,35,1
1771463211.7153862,152_2,152,das_work,10.272990465164185,48258,35,1
1771463211.715968,155_2,155,das_work,8.773497581481934,48258,35,1
1771463223.6698232,153_2,153,das_work,8.093721389770508,48258,36,1
1771463223.6793516,152_2,152,das_work,9.928846597671509,48258,36,1
1771463223.6879826,155_2,155,das_work,2.5868422985076904,48258,36,1
1771463223.6963649,154_2,154,das_work,7.032262802124023,48258,36,1
1771463235.6878202,152_2,152,das_work,1.910444021224976,48258,37,1
1771463235.6987035,155_2,155,das_work,0.2577195167541504,48258,37,1
1771463235.7216048,154_2,154,das_work,5.835484266281128,48258,37,1
1771463235.722277,153_2,153,das_work,9.77587080001831,48258,37,1
1771463247.6697838,153_2,153,das_work,2.9554951190948486,48258,38,1
1771463247.671159,154_2,154,das_work,0.9210751056671144,48258,38,1
1771463247.6992495,152_2,152,das_work,3.6768202781677246,48258,38,1
1771463247.706646,155_2,155,das_work,1.610072374343872,48258,38,1
1771463259.6673193,155_2,155,das_work,5.68153190612793,48258,39,1
1771463259.6794798,154_2,154,das_work,5.961321830749512,48258,39,1
1771463259.702037,152_2,152,das_work,9.938180685043337,48258,39,1
1771463259.7114005,153_2,153,das_work,2.299954652786255,48258,39,1
1771463271.682616,152_2,152,das_work,1.333387851715088,48258,40,1
1771463271.693597,153_2,153,das_work,2.483506202697754,48258,40,1
1771463271.6962943,154_2,154,das_work,3.9050405025482178,48258,40,1
1771463271.7007585,155_2,155,das_work,5.939369440078735,48258,40,1
1771463283.6697018,152_2,152,das_work,2.147031545639038,48258,41,1
1771463283.6702309,154_2,154,das_work,4.925053834915161,48258,41,1
1771463283.674298,155_2,155,das_work,4.394480466842651,48258,41,1
1771463283.684078,153_2,153,das_work,0.3392713069915771,48258,41,1
1771463295.6728363,153_2,153,das_work,3.789883613586426,48258,42,1
1771463295.688657,155_2,155,das_work,8.06838607788086,48258,42,1
1771463295.691429,154_2,154,das_work,5.598408222198486,48258,42,1
1771463295.7010384,152_2,152,das_work,1.9239745140075684,48258,42,1
1771463307.6604495,152_2,152,das_work,5.370752811431885,48258,43,1
1771463307.6720338,153_2,153,das_work,9.000634908676147,48258,43,1
1771463307.69435,155_2,155,das_work,5.030150651931763,48258,43,1
1771463307.7044036,154_2,154,das_work,1.6971168518066406,48258,43,1
1771463319.6750357,154_2,154,das_work,3.733586549758911,48258,44,1
1771463319.6765852,153_2,153,das_work,3.746800422668457,48258,44,1
1771463319.7056198,155_3,155,das_work,0.4005436897277832,48258,44,1
1771463319.7103975,152_2,152,das_work,4.035590648651123,48258,44,1
1771463331.683121,152_3,152,das_work,7.180821895599365,48258,45,1
1771463331.6985133,154_3,154,das_work,7.32490611076355,48258,45,1
1771463331.710584,153_3,153,das_work,4.854297876358032,48258,45,1
1771463331.7113223,155_3,155,das_work,1.6978912353515625,48258,45,1
1771463343.690795,153_3,153,das_work,8.927917242050171,48258,46,1
1771463343.7002552,155_3,155,das_work,9.05358076095581,48258,46,1
1771463343.7104802,154_3,154,das_work,4.546502113342285,48258,46,1
1771463343.7222056,152_3,152,das_work,7.095877408981323,48258,46,1
1771463355.6707494,154_3,154,das_work,2.165757179260254,48258,47,1
1771463355.6762383,152_3,152,das_work,1.7843990325927734,48258,47,1
1771463355.7150366,155_3,155,das_work,2.818859100341797,48258,47,1
1771463355.717154,153_3,153,das_work,9.449494123458862,48258,47,1
1771463367.6882198,152_3,152,das_work,1.3363792896270752,48258,48,1
1771463367.722431,154_3,154,das_work,6.716677665710449,48258,48,1
1771463367.727335,153_3,153,das_work,8.367358446121216,48258,48,1
1771463367.731597,155_3,155,das_work,8.372606992721558,48258,48,1
1771463379.670816,154_3,154,das_work,6.240387916564941,48258,49,1
1771463379.6884634,153_3,153,das_work,4.711381435394287,48258,49,1
1771463379.6937184,152_3,152,das_work,8.934080123901367,48258,49,1
1771463379.6945915,155_3,155,das_work,9.285626649856567,48258,49,1
1771463391.6794088,153_3,153,das_work,10.224549770355225,48258,50,1
1771463391.6858194,152_3,152,das_work,0.3947062492370605,48258,50,1
1771463391.6914177,154_3,154,das_work,3.35870099067688,48258,50,1
1771463391.701308,155_3,155,das_work,2.018536329269409,48258,50,1
1771463403.6957772,155_3,155,das_work,8.133359432220459,48258,51,1
1771463403.702457,152_3,152,das_work,4.638896465301514,48258,51,1
1771463403.7104454,153_3,153,das_work,1.1848857402801514,48258,51,1
1771463403.7184262,154_3,154,das_work,0.5599472522735596,48258,51,1
1771463415.688603,152_3,152,das_work,8.651577949523926,48258,52,1
1771463415.7056055,154_3,154,das_work,9.11431360244751,48258,52,1
1771463415.708821,153_3,153,das_work,6.562550783157349,48258,52,1
1771463415.7120442,155_3,155,das_work,3.2418100833892822,48258,52,1
1771463427.6815765,152_3,152,das_work,1.6174166202545166,48258,53,1
1771463427.7030222,153_3,153,das_work,9.198277473449709,48258,53,1
1771463427.7092156,155_3,155,das_work,7.799192667007446,48258,53,1
1771463427.7098727,154_3,154,das_work,6.989557266235352,48258,53,1
1771463439.6626885,153_3,153,das_work,2.7134010791778564,48258,54,1
1771463439.688939,154_3,154,das_work,6.912350416183472,48258,54,1
1771463439.6900938,152_3,152,das_work,8.610069513320923,48258,54,1
1771463439.7030385,155_4,155,das_work,4.346297740936279,48258,54,1
1771463451.6725223,152_4,152,das_work,7.385351657867432,48258,55,1
1771463451.674518,155_4,155,das_work,9.49064326286316,48258,55,1
1771463451.6919208,153_4,153,das_work,8.905306816101074,48258,55,1
1771463451.6933534,154_4,154,das_work,8.13395071029663,48258,55,1
1771463463.6717756,154_4,154,das_work,3.723422288894653,48258,56,1
1771463463.6732378,152_4,152,das_work,8.91953158378601,48258,56,1
1771463463.6952646,155_4,155,das_work,4.342557907104492,48258,56,1
1771463463.71371,153_4,153,das_work,0.5523042678833008,48258,56,1
1771463475.68083,153_4,153,das_work,7.11168384552002,48258,57,1
1771463475.6813855,154_4,154,das_work,3.53502893447876,48258,57,1
1771463475.6845224,152_4,152,das_work,7.504840135574341,48258,57,1
1771463475.7240756,155_4,155,das_work,8.328258275985718,48258,57,1
1771463487.651244,152_4,152,das_work,1.2941808700561523,48258,58,1
1771463487.676397,153_4,153,das_work,5.588127613067627,48258,58,1
1771463487.680935,155_4,155,das_work,7.205057144165039,48258,58,1
1771463487.6870823,154_4,154,das_work,1.9066762924194336,48258,58,1
1771463499.64104,152_4,152,das_work,1.5167152881622314,48258,59,1
1771463499.6548822,154_4,154,das_work,8.866114139556885,48258,59,1
1771463499.6596274,153_4,153,das_work,6.303110122680664,48258,59,1
1771463499.6668897,155_4,155,das_work,1.6541504859924316,48258,59,1
1771463511.6448689,155_4,155,das_work,7.14842700958252,48258,60,1
1771463511.6460242,152_4,152,das_work,4.546354055404663,48258,60,1
1771463511.6465504,153_4,153,das_work,9.593796491622925,48258,60,1
1771463511.6492977,154_4,154,das_work,7.832602500915527,48258,60,1
1771463523.6136582,152_4,152,das_work,8.494915008544922,48258,61,1
1771463523.6273315,155_4,155,das_work,6.176914215087891,48258,61,1
1771463523.6280758,154_4,154,das_work,5.978513479232788,48258,61,1
1771463523.633116,153_4,153,das_work,2.8807289600372314,48258,61,1
1771463535.593523,153_4,153,das_work,7.900700569152832,48258,62,1
1771463535.5950894,155_4,155,das_work,3.762140512466431,48258,62,1
1771463535.6007545,152_4,152,das_work,9.031691312789915,48258,62,1
1771463535.612233,154_4,154,das_work,1.3607509136199951,48258,62,1
1771463547.5659623,152_4,152,das_work,7.61247992515564,48258,63,1
1771463547.5699863,153_4,153,das_work,1.1583800315856934,48258,63,1
1771463547.615042,154_4,154,das_work,3.5074150562286377,48258,63,1
1771463547.6207376,155_4,155,das_work,7.983547687530518,48258,63,1
1771463559.5484028,154_4,154,das_work,6.480037689208984,48258,64,1
1771463559.5502656,152_4,152,das_work,5.952913999557495,48258,64,1
1771463559.586495,153_4,153,das_work,4.121861696243286,48258,64,1
1771462959.668414,156_0,156,das_work,5.372800827026367,48258,14,1
1771462959.680231,159_0,159,das_work,1.4169259071350098,48258,14,1
1771462959.695874,158_0,158,das_work,3.071237087249756,48258,14,1
1771462971.6805737,157_0,157,das_work,10.41641640663147,48258,15,1
1771462971.6912673,156_0,156,das_work,1.5168838500976562,48258,15,1
1771462971.700214,158_0,158,das_work,0.9857687950134276,48258,15,1
1771462971.709228,159_0,159,das_work,1.1052641868591309,48258,15,1
1771462983.6840675,156_0,156,das_work,2.6780707836151123,48258,16,1
1771462983.6845715,159_0,159,das_work,10.314385652542114,48258,16,1
1771462983.7042391,158_0,158,das_work,1.852825403213501,48258,16,1
1771462983.7188122,157_0,157,das_work,5.378460884094238,48258,16,1
1771462995.694814,159_0,159,das_work,7.962377786636352,48258,17,1
1771462995.707551,156_0,156,das_work,1.5490853786468506,48258,17,1
1771462995.7179508,158_0,158,das_work,1.002528190612793,48258,17,1
1771462995.7327392,157_0,157,das_work,3.684666156768799,48258,17,1
1771463007.6875634,156_0,156,das_work,2.5097687244415283,48258,18,1
1771463007.7048318,157_0,157,das_work,8.720455646514893,48258,18,1
1771463007.7220602,159_0,159,das_work,3.42630934715271,48258,18,1
1771463007.734027,158_0,158,das_work,5.23771071434021,48258,18,1
1771463019.685361,158_0,158,das_work,7.142243146896362,48258,19,1
1771463019.6855023,157_0,157,das_work,1.8073618412017824,48258,19,1
1771463019.6856618,159_0,159,das_work,3.8783130645751953,48258,19,1
1771463019.7068827,156_0,156,das_work,5.528027534484863,48258,19,1
1771463031.6908665,157_0,157,das_work,5.831958770751953,48258,20,1
1771463031.698963,158_0,158,das_work,5.77397894859314,48258,20,1
1771463031.7148645,156_0,156,das_work,5.328699111938477,48258,20,1
1771463031.7214217,159_0,159,das_work,9.128170013427734,48258,20,1
1771463043.70726,159_0,159,das_work,7.764631271362305,48258,21,1
1771463043.7113905,156_0,156,das_work,1.4422142505645752,48258,21,1
1771463043.7226248,157_0,157,das_work,2.5870144367218018,48258,21,1
1771463043.7257087,158_0,158,das_work,7.966545104980469,48258,21,1
1771463055.6909823,159_0,159,das_work,8.875704050064087,48258,22,1
1771463055.6919498,156_0,156,das_work,7.5640339851379395,48258,22,1
1771463055.7016523,157_0,157,das_work,8.328916549682617,48258,22,1
1771463055.7148297,158_0,158,das_work,6.47759485244751,48258,22,1
1771463067.6810143,157_0,157,das_work,3.8200156688690186,48258,23,1
1771463067.6834643,159_0,159,das_work,8.266649961471558,48258,23,1
1771463067.6976397,158_0,158,das_work,2.7427499294281006,48258,23,1
1771463067.70206,156_0,156,das_work,1.781977891921997,48258,23,1
1771463079.69399,157_0,157,das_work,3.035031080245972,48258,24,1
1771463079.7086806,159_1,159,das_work,6.777325630187988,48258,24,1
1771463079.7122447,156_1,156,das_work,4.38482928276062,48258,24,1
1771463079.7246587,158_1,158,das_work,5.146789789199829,48258,24,1
1771463091.716641,157_1,157,das_work,4.038971900939941,48258,25,1
1771463091.7391214,159_1,159,das_work,6.100231170654297,48258,25,1
1771463091.7418425,156_1,156,das_work,2.3415298461914062,48258,25,1
1771463091.744732,158_1,158,das_work,6.376862525939941,48258,25,1
1771463103.6905596,158_1,158,das_work,1.8894953727722168,48258,26,1
1771463103.705596,159_1,159,das_work,7.00007700920105,48258,26,1
1771463103.7187347,157_1,157,das_work,2.5779550075531006,48258,26,1
1771463103.7206647,156_1,156,das_work,8.655622959136963,48258,26,1
1771463115.6911857,156_1,156,das_work,7.382642030715942,48258,27,1
1771463115.6974804,157_1,157,das_work,3.332826614379883,48258,27,1
1771463115.698711,158_1,158,das_work,2.168022632598877,48258,27,1
1771463115.7074022,159_1,159,das_work,1.6194815635681152,48258,27,1
1771463127.7052042,159_1,159,das_work,7.281513452529907,48258,28,1
1771463127.7195842,157_1,157,das_work,2.8512215614318848,48258,28,1
1771463127.7202957,158_1,158,das_work,2.7398924827575684,48258,28,1
1771463127.7297366,156_1,156,das_work,1.191511631011963,48258,28,1
1771463139.685978,157_1,157,das_work,5.887685060501099,48258,29,1
1771463139.6866562,159_1,159,das_work,4.494616746902466,48258,29,1
1771463139.695911,156_1,156,das_work,9.262286901474,48258,29,1
1771463139.7198827,158_1,158,das_work,8.759663105010986,48258,29,1
1771463151.694918,158_1,158,das_work,2.463631391525269,48258,30,1
1771463151.710579,156_1,156,das_work,5.606095314025879,48258,30,1
1771463151.7110715,159_1,159,das_work,8.006706476211548,48258,30,1
1771463151.7151942,157_1,157,das_work,3.373786211013794,48258,30,1
1771463163.7036428,156_1,156,das_work,4.100663185119629,48258,31,1
1771463163.7093627,157_1,157,das_work,7.630046844482422,48258,31,1
1771463163.7133882,159_1,159,das_work,9.475836992263794,48258,31,1
1771463163.7255385,158_1,158,das_work,7.311731100082397,48258,31,1
1771463175.7014124,157_1,157,das_work,0.7453348636627197,48258,32,1
1771463175.719569,156_1,156,das_work,8.599609375,48258,32,1
1771463175.7241511,159_1,159,das_work,8.78286361694336,48258,32,1
1771463175.7298274,158_1,158,das_work,3.481659173965454,48258,32,1
1771463187.6859825,158_1,158,das_work,5.103538990020752,48258,33,1
1771463187.6941807,159_1,159,das_work,1.6621177196502686,48258,33,1
1771463187.7029269,157_1,157,das_work,5.0230488777160645,48258,33,1
1771463187.7112007,156_1,156,das_work,6.716949224472046,48258,33,1
1771463199.687141,156_2,156,das_work,2.018535614013672,48258,34,1
1771463199.7021685,159_2,159,das_work,7.51804256439209,48258,34,1
1771463199.7180254,157_1,157,das_work,7.90917444229126,48258,34,1
1771463199.7285297,158_2,158,das_work,6.45819878578186,48258,34,1
1771463211.6754997,156_2,156,das_work,7.549405336380005,48258,35,1
1771463211.6923835,157_2,157,das_work,6.923879384994507,48258,35,1
1771463211.7210827,159_2,159,das_work,1.3651416301727295,48258,35,1
1771463211.7304256,158_2,158,das_work,1.8896043300628664,48258,35,1
1771463223.6708117,156_2,156,das_work,1.809349536895752,48258,36,1
1771463223.681328,157_2,157,das_work,9.279528617858888,48258,36,1
1771463223.69706,158_2,158,das_work,8.850630044937134,48258,36,1
1771463223.7054703,159_2,159,das_work,5.2371978759765625,48258,36,1
1771463235.687195,156_2,156,das_work,5.232079744338989,48258,37,1
1771463235.688936,157_2,157,das_work,10.1771342754364,48258,37,1
1771463235.6900804,159_2,159,das_work,8.776329040527344,48258,37,1
1771463235.702642,158_2,158,das_work,2.977855682373047,48258,37,1
1771463247.671836,158_2,158,das_work,2.7983055114746094,48258,38,1
1771463247.6888034,156_2,156,das_work,8.32868766784668,48258,38,1
1771463247.7152505,157_2,157,das_work,5.804739236831665,48258,38,1
1771463247.7191496,159_2,159,das_work,5.3963303565979,48258,38,1
1771463259.679884,157_2,157,das_work,0.8559262752532959,48258,39,1
1771463259.700993,156_2,156,das_work,5.367036819458008,48258,39,1
1771463259.7014985,158_2,158,das_work,6.194026231765747,48258,39,1
1771463259.706149,159_2,159,das_work,8.11851191520691,48258,39,1
1771463271.6720097,159_2,159,das_work,6.528528690338135,48258,40,1
1771463271.6787157,156_2,156,das_work,5.239378213882446,48258,40,1
1771463271.7072375,157_2,157,das_work,4.513196706771851,48258,40,1
1771463271.7133558,158_2,158,das_work,9.409759044647217,48258,40,1
1771463283.7002666,159_2,159,das_work,2.1474878787994385,48258,41,1
1771463283.7044818,157_2,157,das_work,6.437379837036133,48258,41,1
1771463283.7050238,156_2,156,das_work,2.2078075408935547,48258,41,1
1771463283.7068856,158_2,158,das_work,8.249024629592896,48258,41,1
1771463295.676097,159_2,159,das_work,7.254956245422363,48258,42,1
1771463295.6768136,158_2,158,das_work,2.6083459854125977,48258,42,1
1771463295.6814928,157_2,157,das_work,3.4140841960906982,48258,42,1
1771463295.6990273,156_2,156,das_work,6.948104381561279,48258,42,1
1771463307.668671,159_2,159,das_work,4.866995573043823,48258,43,1
1771463307.6770108,156_2,156,das_work,4.849740982055664,48258,43,1
1771463307.677511,157_2,157,das_work,4.528883457183838,48258,43,1
1771463307.699562,158_2,158,das_work,5.009249687194824,48258,43,1
1771463319.66466,159_3,159,das_work,9.708892107009888,48258,44,1
1771463319.6788485,156_3,156,das_work,3.724696397781372,48258,44,1
1771463319.680628,157_2,157,das_work,8.730714559555054,48258,44,1
1771463319.701358,158_3,158,das_work,1.424553394317627,48258,44,1
1771463331.6854317,159_3,159,das_work,2.1618714332580566,48258,45,1
1771463331.6874435,157_3,157,das_work,0.7905337810516357,48258,45,1
1771463331.6937852,158_3,158,das_work,4.856002569198608,48258,45,1
1771463331.7111666,156_3,156,das_work,8.819819688796997,48258,45,1
1771463343.6800003,158_3,158,das_work,3.85176682472229,48258,46,1
1771463343.700763,157_3,157,das_work,7.185851812362671,48258,46,1
1771463343.7091308,159_3,159,das_work,4.068925619125366,48258,46,1
1771463343.7093022,156_3,156,das_work,7.023229360580444,48258,46,1
1771463355.6671894,158_3,158,das_work,6.918991565704346,48258,47,1
1771463355.6970267,156_3,156,das_work,8.935836791992188,48258,47,1
1771463355.707738,159_3,159,das_work,8.80613088607788,48258,47,1
1771463355.7105875,157_3,157,das_work,3.431227922439575,48258,47,1
1771463367.6915193,157_3,157,das_work,5.8333704471588135,48258,48,1
1771463367.693111,158_3,158,das_work,4.307584762573242,48258,48,1
1771463367.700389,159_3,159,das_work,8.15151309967041,48258,48,1
1771463367.7211938,156_3,156,das_work,6.514054298400879,48258,48,1
1771463379.6800733,159_3,159,das_work,5.571056127548218,48258,49,1
1771463379.6830816,157_3,157,das_work,2.738060474395752,48258,49,1
1771463379.6842144,156_3,156,das_work,0.3564813137054443,48258,49,1
1771463379.7165003,158_3,158,das_work,3.3224453926086426,48258,49,1
1771463391.667811,156_3,156,das_work,6.335952043533325,48258,50,1
1771463391.6923952,159_3,159,das_work,2.735930919647217,48258,50,1
1771463391.6989014,158_3,158,das_work,8.55754041671753,48258,50,1
1771463391.7029462,157_3,157,das_work,2.1420576572418213,48258,50,1
1771463403.670149,159_3,159,das_work,8.671956062316895,48258,51,1
1771463403.6812618,157_3,157,das_work,7.1112220287323,48258,51,1
1771463403.6932333,156_3,156,das_work,7.761143445968628,48258,51,1
1771463403.69335,158_3,158,das_work,1.9225513935089111,48258,51,1
1771463415.6905036,157_3,157,das_work,1.0590314865112305,48258,52,1
1771463415.6939876,156_3,156,das_work,5.370887279510498,48258,52,1
1771463415.7097766,158_3,158,das_work,5.406875133514404,48258,52,1
1771463415.7133343,159_3,159,das_work,10.042779207229614,48258,52,1
1771463427.6726017,157_3,157,das_work,1.1656067371368408,48258,53,1
1771463427.707527,158_3,158,das_work,2.875840902328491,48258,53,1
1771463427.710326,159_3,159,das_work,5.92560076713562,48258,53,1
1771463427.716451,156_3,156,das_work,1.031564712524414,48258,53,1
1771463439.6820462,158_4,158,das_work,5.80249285697937,48258,54,1
1771463439.683927,156_4,156,das_work,2.046328544616699,48258,54,1
1771463439.7016096,157_3,157,das_work,5.947195768356323,48258,54,1
1771463439.7055888,159_4,159,das_work,4.820775270462036,48258,54,1
1771463451.67055,158_4,158,das_work,5.7636353969573975,48258,55,1
1771463451.676354,157_4,157,das_work,6.145479917526245,48258,55,1
1771463451.6907835,159_4,159,das_work,10.209146499633787,48258,55,1
1771463451.6924148,156_4,156,das_work,4.660294532775879,48258,55,1
1771463463.6724784,159_4,159,das_work,0.855780839920044,48258,56,1
1771463463.6767583,157_4,157,das_work,4.797741174697876,48258,56,1
1771463463.6944418,156_4,156,das_work,4.311838865280151,48258,56,1
1771463463.7057972,158_4,158,das_work,7.182690620422363,48258,56,1
1771463475.6782336,158_4,158,das_work,3.4424831867218018,48258,57,1
1771463475.7043512,157_4,157,das_work,8.872774600982666,48258,57,1
1771463475.712865,159_4,159,das_work,3.493507146835327,48258,57,1
1771463475.7216098,156_4,156,das_work,1.1804685592651367,48258,57,1
1771463487.6499553,159_4,159,das_work,6.717503786087036,48258,58,1
1771463487.652335,158_4,158,das_work,2.148972749710083,48258,58,1
1771463487.6551597,156_4,156,das_work,5.397072553634644,48258,58,1
1771463487.6728525,157_4,157,das_work,1.3996810913085938,48258,58,1
1771463499.6523278,159_4,159,das_work,5.287506341934204,48258,59,1
1771463499.663308,158_4,158,das_work,5.622060775756836,48258,59,1
1771463499.6706984,157_4,157,das_work,4.373286962509155,48258,59,1
1771463499.6782494,156_4,156,das_work,3.3429818153381348,48258,59,1
1771463511.6237116,156_4,156,das_work,4.850691556930542,48258,60,1
1771463511.629319,158_4,158,das_work,7.259641885757446,48258,60,1
1771463511.6313443,157_4,157,das_work,4.605427265167236,48258,60,1
1771463511.641445,159_4,159,das_work,1.8184969425201416,48258,60,1
1771463523.6124504,158_4,158,das_work,7.618967771530151,48258,61,1
1771463523.6179516,157_4,157,das_work,2.0513758659362797,48258,61,1
1771463523.6247935,159_4,159,das_work,3.365523338317871,48258,61,1
1771463523.627672,156_4,156,das_work,8.88627314567566,48258,61,1
1771463535.5911503,157_4,157,das_work,8.599682331085205,48258,62,1
1771463535.5954757,158_4,158,das_work,7.787435054779053,48258,62,1
1771463535.6038325,156_4,156,das_work,2.9137661457061768,48258,62,1
1771463535.604629,159_4,159,das_work,9.73411464691162,48258,62,1
1771463547.5621674,156_4,156,das_work,9.776599884033203,48258,63,1
1771463547.5630453,158_4,158,das_work,2.0039095878601074,48258,63,1
1771463547.566327,157_4,157,das_work,5.399547815322876,48258,63,1
1771463547.5865693,159_4,159,das_work,6.6662678718566895,48258,63,1
1771463559.5552423,157_4,157,das_work,3.197356700897217,48258,64,1
1771462887.6123593,12_0,12,das_work,2.602604389190674,48258,8,1
1771462887.6297016,14_0,14,das_work,2.289193868637085,48258,8,1
1771462887.6388624,15_0,15,das_work,1.9788546562194824,48258,8,1
1771462899.5834324,14_0,14,das_work,3.0071866512298584,48258,9,1
1771462899.6387444,15_0,15,das_work,3.532926559448242,48258,9,1
1771462899.6388645,13_0,13,das_work,11.00968861579895,48258,9,1
1771462899.6390884,12_0,12,das_work,7.327986717224121,48258,9,1
1771462911.6019435,13_0,13,das_work,2.38462233543396,48258,10,1
1771462911.609607,14_0,14,das_work,5.947027921676636,48258,10,1
1771462911.6385806,15_0,15,das_work,8.097655773162842,48258,10,1
1771462911.666817,12_0,12,das_work,1.7805719375610352,48258,10,1
1771462923.6231108,12_0,12,das_work,3.0357701778411865,48258,11,1
1771462923.6239002,13_0,13,das_work,5.693528890609741,48258,11,1
1771462923.6280377,15_0,15,das_work,4.788146734237671,48258,11,1
1771462923.634997,14_0,14,das_work,7.172094821929932,48258,11,1
1771462935.6227665,14_0,14,das_work,4.78003716468811,48258,12,1
1771462935.6290543,15_0,15,das_work,5.31915283203125,48258,12,1
1771462935.6655884,13_0,13,das_work,6.78193998336792,48258,12,1
1771462935.6661692,12_0,12,das_work,3.613532543182373,48258,12,1
1771462947.6492994,13_0,13,das_work,2.0678634643554688,48258,13,1
1771462947.6519487,14_0,14,das_work,4.36396336555481,48258,13,1
1771462947.6561887,12_0,12,das_work,2.835037469863892,48258,13,1
1771462947.6749318,15_0,15,das_work,7.720046758651733,48258,13,1
1771462959.661482,14_0,14,das_work,9.611817836761476,48258,14,1
1771462959.6944902,15_0,15,das_work,9.21331262588501,48258,14,1
1771462959.6962745,13_0,13,das_work,5.170043706893921,48258,14,1
1771462959.69884,12_0,12,das_work,2.590574264526367,48258,14,1
1771462971.6772945,12_0,12,das_work,4.456559419631958,48258,15,1
1771462971.679283,14_0,14,das_work,7.5404212474823,48258,15,1
1771462971.7069309,15_0,15,das_work,7.961734771728516,48258,15,1
1771462971.707545,13_0,13,das_work,0.8892979621887207,48258,15,1
1771462983.6827786,15_0,15,das_work,7.575829267501831,48258,16,1
1771462983.706696,13_0,13,das_work,7.6772544384002686,48258,16,1
1771462983.708017,12_0,12,das_work,9.952209234237673,48258,16,1
1771462983.7173686,14_0,14,das_work,8.917935848236084,48258,16,1
1771462995.6948023,12_0,12,das_work,2.958657503128052,48258,17,1
1771462995.7183578,13_0,13,das_work,0.5633895397186279,48258,17,1
1771462995.7255926,15_0,15,das_work,1.317432165145874,48258,17,1
1771462995.732293,14_0,14,das_work,4.939605236053467,48258,17,1
1771463007.687148,12_1,12,das_work,7.1554718017578125,48258,18,1
1771463007.6876795,14_1,14,das_work,1.6043241024017334,48258,18,1
1771463007.7163937,15_1,15,das_work,5.79478907585144,48258,18,1
1771463007.7187874,13_0,13,das_work,8.682536602020264,48258,18,1
1771463019.6902394,14_1,14,das_work,4.106368064880371,48258,19,1
1771463019.6924343,15_1,15,das_work,2.390104293823242,48258,19,1
1771463019.693539,13_1,13,das_work,6.450191497802734,48258,19,1
1771463019.725885,12_1,12,das_work,5.510368347167969,48258,19,1
1771463031.7054234,14_1,14,das_work,7.440859794616699,48258,20,1
1771463031.7085726,15_1,15,das_work,7.6636786460876465,48258,20,1
1771463031.727784,12_1,12,das_work,5.040352582931519,48258,20,1
1771463031.7283106,13_1,13,das_work,4.538609504699707,48258,20,1
1771463043.6963513,13_1,13,das_work,7.99357008934021,48258,21,1
1771463043.6977232,12_1,12,das_work,5.058521509170532,48258,21,1
1771463043.6991656,14_1,14,das_work,1.3984601497650146,48258,21,1
1771463043.7035923,15_1,15,das_work,3.7862279415130615,48258,21,1
1771463055.6890457,12_1,12,das_work,8.79718542098999,48258,22,1
1771463055.7027218,13_1,13,das_work,5.921520233154297,48258,22,1
1771463055.722921,15_1,15,das_work,9.246233463287354,48258,22,1
1771463055.7240324,14_1,14,das_work,5.8048248291015625,48258,22,1
1771463067.6787791,12_1,12,das_work,7.448118686676025,48258,23,1
1771463067.698768,14_1,14,das_work,2.6945605278015137,48258,23,1
1771463067.7008622,15_1,15,das_work,9.032458305358888,48258,23,1
1771463067.7083187,13_1,13,das_work,9.08589220046997,48258,23,1
1771463079.6923609,14_1,14,das_work,1.230607032775879,48258,24,1
1771463079.6947637,15_1,15,das_work,2.7459895610809326,48258,24,1
1771463079.7093415,13_1,13,das_work,6.597470283508301,48258,24,1
1771463079.7253892,12_1,12,das_work,7.237368106842041,48258,24,1
1771463091.729919,13_1,13,das_work,3.1375505924224854,48258,25,1
1771463091.7337315,14_1,14,das_work,5.161878347396851,48258,25,1
1771463091.7343214,12_1,12,das_work,3.932769298553467,48258,25,1
1771463091.7432685,15_1,15,das_work,3.5589439868927,48258,25,1
1771463103.6817095,14_1,14,das_work,8.752655982971191,48258,26,1
1771463103.7127335,12_1,12,das_work,2.7822110652923584,48258,26,1
1771463103.7194104,15_1,15,das_work,3.565428733825684,48258,26,1
1771463103.72486,13_1,13,das_work,3.971816062927246,48258,26,1
1771463115.716055,13_1,13,das_work,9.508452415466309,48258,27,1
1771463115.7220647,15_1,15,das_work,1.21983003616333,48258,27,1
1771463115.7292745,12_1,12,das_work,1.6081621646881104,48258,27,1
1771463115.7308936,14_1,14,das_work,6.916183710098267,48258,27,1
1771463127.691355,14_2,14,das_work,9.458563327789308,48258,28,1
1771463127.70344,13_1,13,das_work,4.713161468505859,48258,28,1
1771463127.70988,15_2,15,das_work,6.481192111968994,48258,28,1
1771463127.7322557,12_2,12,das_work,1.997441053390503,48258,28,1
1771463139.678902,12_2,12,das_work,5.256585121154785,48258,29,1
1771463139.6956584,13_2,13,das_work,2.75867247581482,48258,29,1
1771463139.6965663,14_2,14,das_work,8.582175970077515,48258,29,1
1771463139.6977713,15_2,15,das_work,7.383779764175415,48258,29,1
1771463151.696976,13_2,13,das_work,3.5232179164886475,48258,30,1
1771463151.7228465,14_2,14,das_work,4.877161264419556,48258,30,1
1771463151.7266586,12_2,12,das_work,9.129572868347168,48258,30,1
1771463151.7300055,15_2,15,das_work,5.685628652572632,48258,30,1
1771463163.683343,12_2,12,das_work,6.680819511413574,48258,31,1
1771463163.6926556,13_2,13,das_work,3.740940809249878,48258,31,1
1771463163.7236688,15_2,15,das_work,6.242786645889282,48258,31,1
1771463163.7307532,14_2,14,das_work,7.508707284927368,48258,31,1
1771463175.699227,12_2,12,das_work,5.454797267913818,48258,32,1
1771463175.7115805,14_2,14,das_work,4.095752477645874,48258,32,1
1771463175.7193792,15_2,15,das_work,3.946440935134888,48258,32,1
1771463175.7256737,13_2,13,das_work,0.4884042739868164,48258,32,1
1771463187.678865,12_2,12,das_work,1.1731431484222412,48258,33,1
1771463187.691616,13_2,13,das_work,8.203438758850098,48258,33,1
1771463187.7031307,15_2,15,das_work,7.084745407104492,48258,33,1
1771463187.707554,14_2,14,das_work,3.8560309410095215,48258,33,1
1771463199.692315,12_2,12,das_work,4.450551271438599,48258,34,1
1771463199.7091017,15_2,15,das_work,7.630780220031738,48258,34,1
1771463199.7209046,13_2,13,das_work,0.8955144882202148,48258,34,1
1771463199.7243364,14_2,14,das_work,7.934512615203857,48258,34,1
1771463211.6774766,15_2,15,das_work,6.79710865020752,48258,35,1
1771463211.678002,12_2,12,das_work,7.321814298629761,48258,35,1
1771463211.685022,14_2,14,das_work,8.959452629089355,48258,35,1
1771463211.6873884,13_2,13,das_work,5.334179878234863,48258,35,1
1771463223.6678188,14_2,14,das_work,4.278313636779785,48258,36,1
1771463223.6864955,15_2,15,das_work,7.46565318107605,48258,36,1
1771463223.691992,12_2,12,das_work,3.610133171081543,48258,36,1
1771463223.69395,13_2,13,das_work,9.49076247215271,48258,36,1
1771463235.6739645,13_2,13,das_work,6.558781862258911,48258,37,1
1771463235.6841571,15_2,15,das_work,8.306207180023193,48258,37,1
1771463235.6982725,12_2,12,das_work,6.232587099075317,48258,37,1
1771463235.7021873,14_2,14,das_work,1.536172866821289,48258,37,1
1771463247.6835268,13_2,13,das_work,4.502402305603027,48258,38,1
1771463247.69459,12_3,12,das_work,6.573675870895386,48258,38,1
1771463247.7038207,15_3,15,das_work,9.49193000793457,48258,38,1
1771463247.7248988,14_3,14,das_work,1.238276720046997,48258,38,1
1771463259.6715052,14_3,14,das_work,4.8668835163116455,48258,39,1
1771463259.6827033,12_3,12,das_work,6.270236968994141,48258,39,1
1771463259.6906335,13_3,13,das_work,8.987339496612549,48258,39,1
1771463259.7078311,15_3,15,das_work,3.871982336044312,48258,39,1
1771463271.6736422,14_3,14,das_work,3.4824488162994385,48258,40,1
1771463271.6856182,12_3,12,das_work,2.487466335296631,48258,40,1
1771463271.694036,13_3,13,das_work,7.417296171188354,48258,40,1
1771463271.6969175,15_3,15,das_work,4.283488750457764,48258,40,1
1771463283.661183,13_3,13,das_work,4.583723545074463,48258,41,1
1771463283.661759,14_3,14,das_work,4.473764181137085,48258,41,1
1771463283.6786375,15_3,15,das_work,5.844808578491211,48258,41,1
1771463283.6891644,12_3,12,das_work,9.545941352844238,48258,41,1
1771463295.6658547,13_3,13,das_work,9.85282564163208,48258,42,1
1771463295.671798,12_3,12,das_work,5.189593553543091,48258,42,1
1771463295.6872413,15_3,15,das_work,8.680601358413696,48258,42,1
1771463295.7063384,14_3,14,das_work,6.084461688995361,48258,42,1
1771463307.671798,15_3,15,das_work,4.568499326705933,48258,43,1
1771463307.672774,13_3,13,das_work,6.297393083572388,48258,43,1
1771463307.6878192,14_3,14,das_work,6.597301483154297,48258,43,1
1771463307.6981535,12_3,12,das_work,4.797226190567017,48258,43,1
1771463319.6713698,12_3,12,das_work,5.200576543807983,48258,44,1
1771463319.6755276,15_3,15,das_work,3.628463506698608,48258,44,1
1771463319.6823895,14_3,14,das_work,6.787296772003174,48258,44,1
1771463319.6832027,13_3,13,das_work,1.8037221431732176,48258,44,1
1771463331.6820395,12_3,12,das_work,8.61259913444519,48258,45,1
1771463331.6948972,15_3,15,das_work,8.413390398025513,48258,45,1
1771463331.7058587,14_3,14,das_work,2.498830556869507,48258,45,1
1771463331.7193787,13_3,13,das_work,8.044479608535767,48258,45,1
1771463343.6738887,12_3,12,das_work,0.5818386077880859,48258,46,1
1771463343.678439,14_3,14,das_work,7.0157880783081055,48258,46,1
1771463343.6955535,13_3,13,das_work,1.2955687046051023,48258,46,1
1771463343.7056637,15_3,15,das_work,0.9311752319335938,48258,46,1
1771463355.6736906,13_3,13,das_work,1.6781301498413086,48258,47,1
1771463355.6764455,15_3,15,das_work,6.8332459926605225,48258,47,1
1771463355.6945586,12_3,12,das_work,5.452515363693237,48258,47,1
1771463355.7121966,14_3,14,das_work,2.797794342041016,48258,47,1
1771463367.680536,14_4,14,das_work,4.799062728881836,48258,48,1
1771463367.709097,12_4,12,das_work,9.066264629364014,48258,48,1
1771463367.7161546,13_3,13,das_work,0.9719619750976562,48258,48,1
1771463367.7185104,15_4,15,das_work,7.197006702423096,48258,48,1
1771463379.6675117,13_4,13,das_work,8.198289155960083,48258,49,1
1771463379.6864178,15_4,15,das_work,7.599636077880859,48258,49,1
1771463379.699406,12_4,12,das_work,7.247485399246216,48258,49,1
1771463379.716765,14_4,14,das_work,5.342608690261841,48258,49,1
1771463391.6729522,15_4,15,das_work,2.576878786087036,48258,50,1
1771463391.6798065,14_4,14,das_work,4.830306768417358,48258,50,1
1771463391.6975727,12_4,12,das_work,0.4070510864257812,48258,50,1
1771463391.7031877,13_4,13,das_work,7.980954647064209,48258,50,1
1771463403.6783352,12_4,12,das_work,6.1209557056427,48258,51,1
1771463403.6970155,13_4,13,das_work,6.772420644760132,48258,51,1
1771463403.7130897,15_4,15,das_work,8.983306407928467,48258,51,1
1771463403.7136366,14_4,14,das_work,2.85209321975708,48258,51,1
1771463415.6755354,14_4,14,das_work,6.220385313034058,48258,52,1
1771463415.679649,13_4,13,das_work,8.05585527420044,48258,52,1
1771463415.685628,15_4,15,das_work,2.01161789894104,48258,52,1
1771463415.6938016,12_4,12,das_work,4.338729381561279,48258,52,1
1771463427.69474,15_4,15,das_work,4.776033878326416,48258,53,1
1771463427.7079122,12_4,12,das_work,2.698930263519287,48258,53,1
1771463427.7123454,13_4,13,das_work,3.631412029266357,48258,53,1
1771463427.7160616,14_4,14,das_work,2.0313704013824463,48258,53,1
1771463439.662994,15_4,15,das_work,2.885974407196045,48258,54,1
1771463439.672661,14_4,14,das_work,5.544514894485474,48258,54,1
1771463439.6804929,13_4,13,das_work,8.153602838516235,48258,54,1
1771463439.7078326,12_4,12,das_work,4.70539140701294,48258,54,1
1771463451.6827295,12_4,12,das_work,6.4212493896484375,48258,55,1
1771463451.6914198,15_4,15,das_work,5.648040771484375,48258,55,1
1771463451.6986697,14_4,14,das_work,5.708863496780396,48258,55,1
1771463451.701157,13_4,13,das_work,8.112972497940063,48258,55,1
1771463463.6801894,13_4,13,das_work,1.878579378128052,48258,56,1
1771463463.6930082,15_4,15,das_work,6.438041687011719,48258,56,1
1771463463.6995666,12_4,12,das_work,6.797641754150391,48258,56,1
1771463463.712586,14_4,14,das_work,5.027418375015259,48258,56,1
1771463475.6763432,13_4,13,das_work,8.125093698501587,48258,57,1
1771463475.6921127,14_4,14,das_work,9.377251386642456,48258,57,1
1771463475.7059102,12_4,12,das_work,5.9526543617248535,48258,57,1
1771463475.7116616,15_4,15,das_work,6.563589334487915,48258,57,1
1771463487.6677425,13_4,13,das_work,9.478199481964111,48258,58,1
1771462959.668964,162_0,162,das_work,7.594770193099976,48258,14,1
1771462959.679762,163_0,163,das_work,5.504807710647583,48258,14,1
1771462959.690537,160_0,160,das_work,3.910504341125488,48258,14,1
1771462971.684769,160_0,160,das_work,1.9457149505615237,48258,15,1
1771462971.6862648,161_0,161,das_work,3.335038423538208,48258,15,1
1771462971.699961,163_0,163,das_work,2.185431957244873,48258,15,1
1771462971.7063744,162_0,162,das_work,3.4834280014038086,48258,15,1
1771462983.680684,162_0,162,das_work,9.857689380645752,48258,16,1
1771462983.6857245,160_0,160,das_work,7.198037147521973,48258,16,1
1771462983.692572,163_0,163,das_work,7.1803271770477295,48258,16,1
1771462983.7006695,161_0,161,das_work,1.443220138549805,48258,16,1
1771462995.7103589,160_0,160,das_work,2.9130842685699463,48258,17,1
1771462995.714167,161_0,161,das_work,7.820713043212891,48258,17,1
1771462995.7239168,162_0,162,das_work,1.9509937763214111,48258,17,1
1771462995.739687,163_0,163,das_work,7.908810138702393,48258,17,1
1771463007.6885004,163_0,163,das_work,8.116750001907349,48258,18,1
1771463007.6910396,160_0,160,das_work,0.8911733627319336,48258,18,1
1771463007.698811,161_0,161,das_work,5.828986167907715,48258,18,1
1771463007.7039874,162_0,162,das_work,3.1826651096343994,48258,18,1
1771463019.686175,161_0,161,das_work,1.3474464416503906,48258,19,1
1771463019.698424,162_0,162,das_work,5.413520336151123,48258,19,1
1771463019.6997366,160_0,160,das_work,1.974290132522583,48258,19,1
1771463019.7075603,163_0,163,das_work,7.730501651763916,48258,19,1
1771463031.687328,163_0,163,das_work,9.8683180809021,48258,20,1
1771463031.6883364,161_0,161,das_work,1.0663063526153564,48258,20,1
1771463031.6968994,162_0,162,das_work,3.202709913253784,48258,20,1
1771463031.7251167,160_0,160,das_work,8.923582077026367,48258,20,1
1771463043.6918678,163_0,163,das_work,9.931296586990356,48258,21,1
1771463043.7123034,161_0,161,das_work,1.9817183017730715,48258,21,1
1771463043.7224643,160_0,160,das_work,4.814355850219727,48258,21,1
1771463043.7318287,162_0,162,das_work,5.546016216278076,48258,21,1
1771463055.6868274,162_0,162,das_work,2.0589535236358643,48258,22,1
1771463055.6896615,163_0,163,das_work,1.2356972694396973,48258,22,1
1771463055.714234,160_0,160,das_work,3.324984550476074,48258,22,1
1771463055.7294035,161_0,161,das_work,3.699352979660034,48258,22,1
1771463067.6900694,161_0,161,das_work,4.538253545761108,48258,23,1
1771463067.7058356,160_0,160,das_work,6.536840200424194,48258,23,1
1771463067.7080328,162_0,162,das_work,5.320927143096924,48258,23,1
1771463067.717149,163_0,163,das_work,0.9130311012268066,48258,23,1
1771463079.697778,161_0,161,das_work,7.529825210571289,48258,24,1
1771463079.7155757,162_1,162,das_work,6.705679416656494,48258,24,1
1771463079.7241657,160_1,160,das_work,4.441399097442627,48258,24,1
1771463079.726168,163_1,163,das_work,9.011722326278688,48258,24,1
1771463091.70056,161_1,161,das_work,4.07210373878479,48258,25,1
1771463091.715166,163_1,163,das_work,8.317650079727173,48258,25,1
1771463091.7224092,162_1,162,das_work,3.610888719558716,48258,25,1
1771463091.736762,160_1,160,das_work,1.8164777755737305,48258,25,1
1771463103.679254,162_1,162,das_work,7.376153230667114,48258,26,1
1771463103.6865509,161_1,161,das_work,5.386790752410889,48258,26,1
1771463103.6930294,160_1,160,das_work,8.414849996566772,48258,26,1
1771463115.6805167,162_1,162,das_work,7.240475416183472,48258,27,1
1771463115.7198486,163_1,163,das_work,12.115583181381226,48258,27,1
1771463115.7239726,160_1,160,das_work,3.5985493659973145,48258,27,1
1771463115.7321854,161_1,161,das_work,9.188447713851929,48258,27,1
1771463127.6824791,162_1,162,das_work,5.643202066421509,48258,28,1
1771463127.686147,160_1,160,das_work,4.605405807495117,48258,28,1
1771463127.6976624,161_1,161,das_work,4.944999933242798,48258,28,1
1771463127.7160337,163_1,163,das_work,8.119161605834961,48258,28,1
1771463139.686721,163_1,163,das_work,0.7851688861846924,48258,29,1
1771463139.6902535,161_1,161,das_work,2.2661290168762207,48258,29,1
1771463139.7003822,160_1,160,das_work,5.634780645370483,48258,29,1
1771463139.7246656,162_1,162,das_work,0.9984984397888184,48258,29,1
1771463151.686319,161_1,161,das_work,4.16302752494812,48258,30,1
1771463151.7066891,163_1,163,das_work,8.849141120910645,48258,30,1
1771463151.710009,162_1,162,das_work,6.116012573242188,48258,30,1
1771463151.7118723,160_1,160,das_work,5.365794897079468,48258,30,1
1771463163.6902812,160_1,160,das_work,4.821282386779785,48258,31,1
1771463163.7066822,162_1,162,das_work,9.482318639755247,48258,31,1
1771463163.712253,161_1,161,das_work,8.530912399291992,48258,31,1
1771463163.7280056,163_1,163,das_work,7.937285184860229,48258,31,1
1771463175.698999,161_1,161,das_work,5.524977922439575,48258,32,1
1771463175.7054658,160_1,160,das_work,8.518985986709595,48258,32,1
1771463175.7140558,163_1,163,das_work,2.93489408493042,48258,32,1
1771463175.7273414,162_1,162,das_work,1.533341646194458,48258,32,1
1771463187.6669672,163_1,163,das_work,1.54186749458313,48258,33,1
1771463187.6724408,160_1,160,das_work,3.668190479278565,48258,33,1
1771463187.6748047,161_1,161,das_work,7.616596221923828,48258,33,1
1771463187.679181,162_1,162,das_work,9.059255599975586,48258,33,1
1771463199.7165449,161_1,161,das_work,8.275696277618408,48258,34,1
1771463199.7193797,163_1,163,das_work,6.364932298660278,48258,34,1
1771463199.7211912,162_2,162,das_work,2.6987922191619877,48258,34,1
1771463199.7246144,160_2,160,das_work,1.2059822082519531,48258,34,1
1771463211.6784365,160_2,160,das_work,5.352991342544556,48258,35,1
1771463211.6958995,163_2,163,das_work,8.025009155273438,48258,35,1
1771463211.7029333,161_2,161,das_work,5.042704820632935,48258,35,1
1771463211.7203116,162_2,162,das_work,3.3068203926086426,48258,35,1
1771463223.671024,162_2,162,das_work,8.889092922210693,48258,36,1
1771463223.6717873,161_2,161,das_work,2.0899431705474854,48258,36,1
1771463223.6750362,163_2,163,das_work,7.15192461013794,48258,36,1
1771463223.6773045,160_2,160,das_work,3.093463897705078,48258,36,1
1771463235.6724806,163_2,163,das_work,3.022529125213623,48258,37,1
1771463235.6823509,161_2,161,das_work,7.9110472202301025,48258,37,1
1771463235.7107468,162_2,162,das_work,7.161611557006836,48258,37,1
1771463235.711682,160_2,160,das_work,8.253770112991333,48258,37,1
1771463247.6754467,161_2,161,das_work,5.755819082260132,48258,38,1
1771463247.6788733,162_2,162,das_work,9.67192244529724,48258,38,1
1771463247.6872363,163_2,163,das_work,2.691951036453247,48258,38,1
1771463247.7052283,160_2,160,das_work,6.493768453598023,48258,38,1
1771463259.6665814,163_2,163,das_work,2.422543525695801,48258,39,1
1771463259.6870914,160_2,160,das_work,3.3363077640533447,48258,39,1
1771463259.6906662,162_2,162,das_work,7.893987417221069,48258,39,1
1771463259.691725,161_2,161,das_work,7.222931385040283,48258,39,1
1771463271.6783965,163_2,163,das_work,2.2653591632843018,48258,40,1
1771463271.6921434,161_2,161,das_work,2.5373241901397705,48258,40,1
1771463271.7062693,160_2,160,das_work,7.643848657608032,48258,40,1
1771463271.7131586,162_2,162,das_work,2.1840643882751465,48258,40,1
1771463283.6678798,160_2,160,das_work,0.9045531749725342,48258,41,1
1771463283.6968,161_2,161,das_work,9.602211475372314,48258,41,1
1771463283.7026742,163_2,163,das_work,5.377057075500488,48258,41,1
1771463283.7084763,162_2,162,das_work,9.271717071533203,48258,41,1
1771463295.6834135,161_2,161,das_work,5.719239711761475,48258,42,1
1771463295.7023823,160_2,160,das_work,3.3751351833343506,48258,42,1
1771463295.7073908,162_2,162,das_work,9.48136305809021,48258,42,1
1771463295.7137015,163_2,163,das_work,2.135101795196533,48258,42,1
1771463307.667669,162_2,162,das_work,5.177634716033936,48258,43,1
1771463307.670066,163_2,163,das_work,7.0028464794158936,48258,43,1
1771463307.670686,160_2,160,das_work,4.915065288543701,48258,43,1
1771463307.7035062,161_2,161,das_work,4.219045639038086,48258,43,1
1771463319.6628456,163_2,163,das_work,6.115442514419556,48258,44,1
1771463319.673634,161_2,161,das_work,9.094999074935911,48258,44,1
1771463319.6913133,162_3,162,das_work,2.637015581130981,48258,44,1
1771463319.691887,160_3,160,das_work,6.708139896392822,48258,44,1
1771463331.68829,160_3,160,das_work,4.553853511810303,48258,45,1
1771463331.695108,163_3,163,das_work,0.4550538063049316,48258,45,1
1771463331.7076137,161_3,161,das_work,3.13358998298645,48258,45,1
1771463331.7181845,162_3,162,das_work,3.37186861038208,48258,45,1
1771463343.6881008,161_3,161,das_work,4.467677593231201,48258,46,1
1771463343.6985912,163_3,163,das_work,6.583580493927002,48258,46,1
1771463343.701829,160_3,160,das_work,1.7298882007598877,48258,46,1
1771463343.7030654,162_3,162,das_work,1.1847083568572998,48258,46,1
1771463355.6690578,161_3,161,das_work,1.6021437644958496,48258,47,1
1771463355.6792831,162_3,162,das_work,3.564164876937866,48258,47,1
1771463355.6822631,163_3,163,das_work,4.539233446121216,48258,47,1
1771463355.6929543,160_3,160,das_work,2.1416921615600586,48258,47,1
1771463367.685668,163_3,163,das_work,7.164265394210815,48258,48,1
1771463367.686406,162_3,162,das_work,5.952644348144531,48258,48,1
1771463367.68874,160_3,160,das_work,5.445938587188721,48258,48,1
1771463367.6907356,161_3,161,das_work,1.413118839263916,48258,48,1
1771463379.692034,162_3,162,das_work,8.744635581970215,48258,49,1
1771463379.695755,161_3,161,das_work,4.090246200561523,48258,49,1
1771463379.7115788,160_3,160,das_work,5.6916258335113525,48258,49,1
1771463379.7172587,163_3,163,das_work,7.210728645324707,48258,49,1
1771463391.661092,162_3,162,das_work,5.771446228027344,48258,50,1
1771463391.6692908,161_3,161,das_work,5.746720552444458,48258,50,1
1771463391.6738534,163_3,163,das_work,2.5117299556732178,48258,50,1
1771463391.6920683,160_3,160,das_work,2.263127326965332,48258,50,1
1771463403.6877549,163_3,163,das_work,2.7343811988830566,48258,51,1
1771463403.6885097,160_3,160,das_work,8.375686407089233,48258,51,1
1771463403.6903834,162_3,162,das_work,4.716313123703003,48258,51,1
1771463403.6917984,161_3,161,das_work,2.4907872676849365,48258,51,1
1771463415.6884046,163_3,163,das_work,6.516272068023682,48258,52,1
1771463415.6978333,161_3,161,das_work,6.458164215087891,48258,52,1
1771463415.717967,160_3,160,das_work,4.156087160110474,48258,52,1
1771463415.722384,162_3,162,das_work,2.774155378341675,48258,52,1
1771463427.6876836,160_3,160,das_work,7.33698844909668,48258,53,1
1771463427.700802,161_3,161,das_work,8.923068046569824,48258,53,1
1771463427.703279,163_3,163,das_work,4.957237005233765,48258,53,1
1771463427.7112107,162_3,162,das_work,7.99739146232605,48258,53,1
1771463439.6731114,162_4,162,das_work,7.70337176322937,48258,54,1
1771463439.6806734,163_3,163,das_work,4.90017032623291,48258,54,1
1771463439.690415,161_3,161,das_work,6.752302408218384,48258,54,1
1771463439.6909702,160_4,160,das_work,6.7385783195495605,48258,54,1
1771463451.6835198,161_4,161,das_work,1.8213374614715576,48258,55,1
1771463451.6916752,163_4,163,das_work,3.987499952316284,48258,55,1
1771463451.6973162,162_4,162,das_work,8.087639093399048,48258,55,1
1771463451.7092736,160_4,160,das_work,4.903007745742798,48258,55,1
1771463463.667687,163_4,163,das_work,9.114155054092407,48258,56,1
1771463463.6728384,161_4,161,das_work,1.130683422088623,48258,56,1
1771463463.7018156,162_4,162,das_work,1.2953875064849854,48258,56,1
1771463463.709562,160_4,160,das_work,0.8368594646453857,48258,56,1
1771463475.686073,160_4,160,das_work,6.52698278427124,48258,57,1
1771463475.7065182,161_4,161,das_work,5.721770286560059,48258,57,1
1771463475.7166986,162_4,162,das_work,1.218836545944214,48258,57,1
1771463475.7211833,163_4,163,das_work,3.9265871047973633,48258,57,1
1771463487.6592991,163_4,163,das_work,2.277939319610596,48258,58,1
1771463487.6622343,161_4,161,das_work,7.125483512878418,48258,58,1
1771463487.6707482,160_4,160,das_work,1.4459116458892822,48258,58,1
1771463487.6741269,162_4,162,das_work,6.75328254699707,48258,58,1
1771463499.6500626,163_4,163,das_work,8.45387077331543,48258,59,1
1771463499.6738486,160_4,160,das_work,7.826393127441406,48258,59,1
1771463499.674393,162_4,162,das_work,6.533231258392334,48258,59,1
1771463499.675712,161_4,161,das_work,8.680983066558838,48258,59,1
1771463511.632062,160_4,160,das_work,5.987780570983887,48258,60,1
1771463511.640721,163_4,163,das_work,1.8281288146972656,48258,60,1
1771463511.6437676,162_4,162,das_work,8.318342685699463,48258,60,1
1771463511.644401,161_4,161,das_work,7.90567946434021,48258,60,1
1771463523.603716,163_4,163,das_work,6.817487716674805,48258,61,1
1771463523.6083424,160_4,160,das_work,2.141220092773437,48258,61,1
1771463523.629712,162_4,162,das_work,3.4254539012908936,48258,61,1
1771463523.6304295,161_4,161,das_work,5.681453943252564,48258,61,1
1771463535.5881991,160_4,160,das_work,8.97131609916687,48258,62,1
1771463535.589605,163_4,163,das_work,1.390334129333496,48258,62,1
1771463535.5924008,162_4,162,das_work,3.33473539352417,48258,62,1
1771463535.5963974,161_4,161,das_work,4.490561246871948,48258,62,1
1771463547.567326,161_4,161,das_work,5.621904850006104,48258,63,1
1771463547.57718,162_4,162,das_work,6.042115926742554,48258,63,1
1771463547.5777712,160_4,160,das_work,6.341050148010254,48258,63,1
1771463547.612676,163_4,163,das_work,2.5949954986572266,48258,63,1
1771463559.5924194,163_4,163,das_work,3.6090989112854,48258,64,1
1771463559.6121824,161_4,161,das_work,8.807806491851807,48258,64,1
1771462959.7020566,164_0,164,das_work,1.6258704662322998,48258,14,1
1771462971.6938877,166_0,166,das_work,5.66818642616272,48258,15,1
1771462971.7023892,164_0,164,das_work,8.412943840026855,48258,15,1
1771462971.7047024,165_0,165,das_work,1.6259546279907229,48258,15,1
1771462983.6954648,167_0,167,das_work,11.522396087646484,48258,16,1
1771462983.698097,164_0,164,das_work,7.233734607696533,48258,16,1
1771462983.7143111,166_0,166,das_work,1.4402849674224854,48258,16,1
1771462983.7226465,165_0,165,das_work,8.036673069000244,48258,16,1
1771462995.699275,167_0,167,das_work,3.449491500854492,48258,17,1
1771462995.707044,165_0,165,das_work,8.621138334274292,48258,17,1
1771462995.7275305,164_0,164,das_work,4.711392402648926,48258,17,1
1771462995.738768,166_0,166,das_work,1.3703691959381104,48258,17,1
1771463007.685215,164_0,164,das_work,4.240241289138794,48258,18,1
1771463007.7042012,166_0,166,das_work,7.705165386199951,48258,18,1
1771463007.7081068,167_0,167,das_work,3.4283080101013184,48258,18,1
1771463007.7092578,165_0,165,das_work,4.092120409011841,48258,18,1
1771463019.6926792,164_0,164,das_work,6.219008922576904,48258,19,1
1771463019.7071755,167_0,167,das_work,1.3720221519470217,48258,19,1
1771463019.715227,166_0,166,das_work,2.307470321655273,48258,19,1
1771463019.7265725,165_0,165,das_work,3.950888156890869,48258,19,1
1771463031.7032423,164_0,164,das_work,8.688193559646606,48258,20,1
1771463031.7104905,167_0,167,das_work,4.222843885421753,48258,20,1
1771463031.7116013,165_0,165,das_work,1.958503007888794,48258,20,1
1771463031.7170932,166_0,166,das_work,1.6450409889221191,48258,20,1
1771463043.69217,164_0,164,das_work,8.632014274597168,48258,21,1
1771463043.6928833,167_0,167,das_work,4.431339740753174,48258,21,1
1771463043.7015033,165_0,165,das_work,3.1007649898529053,48258,21,1
1771463043.7263072,166_0,166,das_work,8.583389043807983,48258,21,1
1771463055.6869695,164_0,164,das_work,8.268463134765625,48258,22,1
1771463055.6977124,165_0,165,das_work,2.1144440174102783,48258,22,1
1771463055.698639,167_0,167,das_work,3.7718255519866943,48258,22,1
1771463055.713662,166_0,166,das_work,3.214932918548584,48258,22,1
1771463067.687554,166_0,166,das_work,6.039499282836914,48258,23,1
1771463067.6991212,164_0,164,das_work,1.56467604637146,48258,23,1
1771463067.707724,167_0,167,das_work,2.0698046684265137,48258,23,1
1771463067.7168703,165_0,165,das_work,8.622334718704224,48258,23,1
1771463079.694269,166_0,166,das_work,6.525579690933228,48258,24,1
1771463079.710246,165_0,165,das_work,6.427788019180298,48258,24,1
1771463079.715261,164_1,164,das_work,4.146022796630859,48258,24,1
1771463079.7182689,167_0,167,das_work,8.086446046829224,48258,24,1
1771463091.6980991,166_1,166,das_work,7.673529386520386,48258,25,1
1771463091.7069,167_0,167,das_work,2.7015178203582764,48258,25,1
1771463091.719534,165_1,165,das_work,1.558617353439331,48258,25,1
1771463091.747057,164_1,164,das_work,5.38193154335022,48258,25,1
1771463103.686929,167_1,167,das_work,4.591348171234131,48258,26,1
1771463103.6932354,165_1,165,das_work,3.4971961975097656,48258,26,1
1771463103.7154698,164_1,164,das_work,5.263509273529053,48258,26,1
1771463103.720801,166_1,166,das_work,6.871334075927734,48258,26,1
1771463115.6874363,167_1,167,das_work,4.7197136878967285,48258,27,1
1771463115.694323,166_1,166,das_work,3.242966651916504,48258,27,1
1771463115.698557,164_1,164,das_work,4.800536155700684,48258,27,1
1771463115.7300725,165_1,165,das_work,7.318671703338623,48258,27,1
1771463127.684652,165_1,165,das_work,6.806597232818604,48258,28,1
1771463127.6934218,164_1,164,das_work,8.15963625907898,48258,28,1
1771463127.6960964,167_1,167,das_work,8.249439716339111,48258,28,1
1771463127.72777,166_1,166,das_work,4.852593660354614,48258,28,1
1771463139.7041428,167_1,167,das_work,8.562371969223022,48258,29,1
1771463139.707582,165_1,165,das_work,3.271124124526977,48258,29,1
1771463139.71621,164_1,164,das_work,3.2387917041778564,48258,29,1
1771463139.7191665,166_1,166,das_work,8.267785787582397,48258,29,1
1771463151.6839964,166_1,166,das_work,7.766189813613892,48258,30,1
1771463151.6865816,164_1,164,das_work,2.2499263286590576,48258,30,1
1771463151.6904066,167_1,167,das_work,5.065759897232056,48258,30,1
1771463151.7078085,165_1,165,das_work,4.133132457733154,48258,30,1
1771463163.688304,165_1,165,das_work,5.874478578567505,48258,31,1
1771463163.6928868,164_1,164,das_work,6.46255087852478,48258,31,1
1771463163.6952622,166_1,166,das_work,7.4972522258758545,48258,31,1
1771463163.713208,167_1,167,das_work,8.625807285308838,48258,31,1
1771463175.7092464,165_1,165,das_work,7.421919107437134,48258,32,1
1771463175.726055,167_1,167,das_work,6.580749988555908,48258,32,1
1771463175.7288885,164_1,164,das_work,10.140567302703856,48258,32,1
1771463175.7305937,166_1,166,das_work,8.063791751861572,48258,32,1
1771463187.6689522,167_1,167,das_work,5.669440507888794,48258,33,1
1771463187.688078,164_1,164,das_work,10.27188754081726,48258,33,1
1771463187.703304,165_1,165,das_work,8.714882612228394,48258,33,1
1771463187.7048194,166_1,166,das_work,5.346733808517456,48258,33,1
1771463199.6908443,164_2,164,das_work,7.878929615020752,48258,34,1
1771463199.6974082,165_1,165,das_work,1.4981977939605713,48258,34,1
1771463199.7066894,167_1,167,das_work,3.0542683601379395,48258,34,1
1771463199.7361674,166_1,166,das_work,3.301580905914306,48258,34,1
1771463211.6771345,164_2,164,das_work,1.7207300662994385,48258,35,1
1771463211.6829357,165_2,165,das_work,8.39011549949646,48258,35,1
1771463211.6878054,167_1,167,das_work,3.78404688835144,48258,35,1
1771463211.6906853,166_2,166,das_work,1.6202337741851809,48258,35,1
1771463223.6659317,167_2,167,das_work,4.6283860206604,48258,36,1
1771463223.669435,166_2,166,das_work,3.306850910186768,48258,36,1
1771463223.698897,164_2,164,das_work,8.506067752838135,48258,36,1
1771463223.7025287,165_2,165,das_work,5.299981117248535,48258,36,1
1771463235.6726546,166_2,166,das_work,2.717892408370972,48258,37,1
1771463235.6760583,165_2,165,das_work,8.788001537322998,48258,37,1
1771463235.7056203,164_2,164,das_work,4.857059478759766,48258,37,1
1771463235.7245667,167_2,167,das_work,6.371484279632568,48258,37,1
1771463247.6770885,164_2,164,das_work,2.8254623413085938,48258,38,1
1771463247.69744,166_2,166,das_work,2.1262688636779785,48258,38,1
1771463247.7120311,167_2,167,das_work,3.551205635070801,48258,38,1
1771463247.7131438,165_2,165,das_work,3.1579713821411133,48258,38,1
1771463259.6706026,167_2,167,das_work,0.6937568187713623,48258,39,1
1771463259.6748655,166_2,166,das_work,3.1694676876068115,48258,39,1
1771463259.7058897,164_2,164,das_work,6.2376885414123535,48258,39,1
1771463259.710166,165_2,165,das_work,3.4617044925689697,48258,39,1
1771463271.66665,164_2,164,das_work,2.156780242919922,48258,40,1
1771463271.6971924,166_2,166,das_work,3.037454128265381,48258,40,1
1771463271.705165,167_2,167,das_work,7.794191360473633,48258,40,1
1771463271.7063615,165_2,165,das_work,3.2710702419281006,48258,40,1
1771463283.6684842,165_2,165,das_work,8.860762357711792,48258,41,1
1771463283.6759796,167_2,167,das_work,2.091516494750977,48258,41,1
1771463283.688823,164_2,164,das_work,7.989181280136108,48258,41,1
1771463283.7077794,166_2,166,das_work,3.1359002590179443,48258,41,1
1771463295.663757,166_2,166,das_work,2.009697675704956,48258,42,1
1771463295.6783578,164_2,164,das_work,5.239737272262573,48258,42,1
1771463295.7080429,165_2,165,das_work,2.7934823036193848,48258,42,1
1771463307.671549,166_2,166,das_work,4.735095739364624,48258,43,1
1771463307.6741705,164_2,164,das_work,5.566626310348511,48258,43,1
1771463307.6893983,167_2,167,das_work,12.132157564163208,48258,43,1
1771463307.702386,165_2,165,das_work,4.942624568939209,48258,43,1
1771463319.661057,164_3,164,das_work,6.092094421386719,48258,44,1
1771463319.6730363,166_2,166,das_work,8.316818714141846,48258,44,1
1771463319.7030745,165_2,165,das_work,8.95038390159607,48258,44,1
1771463319.7112093,167_2,167,das_work,9.038450241088867,48258,44,1
1771463331.6766636,165_3,165,das_work,4.511721611022949,48258,45,1
1771463331.6828597,167_2,167,das_work,2.239619016647339,48258,45,1
1771463331.723272,164_3,164,das_work,0.294931411743164,48258,45,1
1771463331.7290566,166_3,166,das_work,4.071944236755371,48258,45,1
1771463343.6787114,166_3,166,das_work,6.075261831283569,48258,46,1
1771463343.7066004,164_3,164,das_work,6.793719530105591,48258,46,1
1771463343.710719,165_3,165,das_work,9.06871509552002,48258,46,1
1771463343.7116208,167_2,167,das_work,6.579878807067871,48258,46,1
1771463355.6859975,165_3,165,das_work,1.276606559753418,48258,47,1
1771463355.693502,167_3,167,das_work,3.8178822994232178,48258,47,1
1771463355.6952384,166_3,166,das_work,9.733358383178713,48258,47,1
1771463355.702231,164_3,164,das_work,4.239619016647339,48258,47,1
1771463367.699711,164_3,164,das_work,4.425892114639282,48258,48,1
1771463367.707585,167_3,167,das_work,6.846084356307983,48258,48,1
1771463367.7194977,166_3,166,das_work,1.8827548027038572,48258,48,1
1771463367.7214656,165_3,165,das_work,6.406418800354004,48258,48,1
1771463379.6729934,167_3,167,das_work,3.101476192474365,48258,49,1
1771463379.6982615,164_3,164,das_work,9.178716659545898,48258,49,1
1771463379.7104795,165_3,165,das_work,5.869141101837158,48258,49,1
1771463379.7146025,166_3,166,das_work,1.4713859558105469,48258,49,1
1771463391.6603718,166_3,166,das_work,4.386639356613159,48258,50,1
1771463391.6675692,167_3,167,das_work,7.366496801376343,48258,50,1
1771463391.67051,164_3,164,das_work,2.16632342338562,48258,50,1
1771463391.6841264,165_3,165,das_work,2.3252832889556885,48258,50,1
1771463403.6705964,166_3,166,das_work,2.9084155559539795,48258,51,1
1771463403.686504,167_3,167,das_work,7.272497177124023,48258,51,1
1771463403.7064247,164_3,164,das_work,4.053317546844482,48258,51,1
1771463403.7172208,165_3,165,das_work,8.232186317443848,48258,51,1
1771463415.6871908,166_3,166,das_work,8.754999160766602,48258,52,1
1771463415.6877208,167_3,167,das_work,7.069967985153198,48258,52,1
1771463415.7003226,165_3,165,das_work,8.459829807281494,48258,52,1
1771463415.7031336,164_3,164,das_work,7.401822090148926,48258,52,1
1771463427.6680129,167_3,167,das_work,4.88219428062439,48258,53,1
1771463427.6685717,164_3,164,das_work,5.300452470779419,48258,53,1
1771463427.6994617,165_3,165,das_work,3.9207701683044434,48258,53,1
1771463427.7171645,166_3,166,das_work,10.106149673461914,48258,53,1
1771463439.6689217,167_3,167,das_work,9.457276821136476,48258,54,1
1771463439.6885638,165_3,165,das_work,6.051630735397339,48258,54,1
1771463439.6908455,164_4,164,das_work,2.919450521469116,48258,54,1
1771463439.7095928,166_3,166,das_work,5.7938079833984375,48258,54,1
1771463451.6722374,165_4,165,das_work,3.050849676132202,48258,55,1
1771463451.6787224,164_4,164,das_work,4.248990297317505,48258,55,1
1771463451.6985767,167_3,167,das_work,6.865651845932007,48258,55,1
1771463451.705146,166_4,166,das_work,4.027830362319946,48258,55,1
1771463463.6748197,167_3,167,das_work,7.678155899047852,48258,56,1
1771463463.692454,165_4,165,das_work,9.72707176208496,48258,56,1
1771463463.701265,166_4,166,das_work,0.8430173397064209,48258,56,1
1771463463.7028327,164_4,164,das_work,10.253902196884155,48258,56,1
1771463475.6790466,164_4,164,das_work,5.378634452819824,48258,57,1
1771463475.6812031,166_4,166,das_work,8.862090587615967,48258,57,1
1771463475.702685,165_4,165,das_work,2.6703643798828125,48258,57,1
1771463475.7088535,167_4,167,das_work,9.40639042854309,48258,57,1
1771463487.6491935,164_4,164,das_work,6.291452884674072,48258,58,1
1771463487.65194,165_4,165,das_work,5.39761757850647,48258,58,1
1771463487.670981,167_4,167,das_work,3.371864080429077,48258,58,1
1771463487.6977396,166_4,166,das_work,3.2642292976379395,48258,58,1
1771463499.642957,165_4,165,das_work,8.654378175735474,48258,59,1
1771463499.6588323,166_4,166,das_work,8.972811698913574,48258,59,1
1771463499.6647992,167_4,167,das_work,2.3829495906829834,48258,59,1
1771463499.6654754,164_4,164,das_work,3.743457794189453,48258,59,1
1771463511.6215794,165_4,165,das_work,7.429859161376953,48258,60,1
1771463511.6231842,167_4,167,das_work,1.4867875576019287,48258,60,1
1771463511.642439,166_4,166,das_work,4.220710754394531,48258,60,1
1771463511.645409,164_4,164,das_work,0.9405412673950196,48258,60,1
1771463523.602054,167_4,167,das_work,4.020648241043091,48258,61,1
1771463523.604718,164_4,164,das_work,8.785121202468872,48258,61,1
1771463523.6114085,166_4,166,das_work,1.6060357093811035,48258,61,1
1771463523.6163807,165_4,165,das_work,2.236475706100464,48258,61,1
1771463535.5869906,164_4,164,das_work,2.233581781387329,48258,62,1
1771463535.587883,166_4,166,das_work,5.075977325439453,48258,62,1
1771463535.605786,167_4,167,das_work,2.3883352279663086,48258,62,1
1771463535.6063292,165_4,165,das_work,8.943863868713379,48258,62,1
1771463547.5682375,167_4,167,das_work,6.6962080001831055,48258,63,1
1771463547.568596,165_4,165,das_work,9.89288091659546,48258,63,1
1771463547.5691805,166_4,166,das_work,7.240739822387695,48258,63,1
1771463547.5776546,164_4,164,das_work,1.36845064163208,48258,63,1
1771463559.5707936,165_4,165,das_work,7.704073190689087,48258,64,1
1771463559.5712185,167_4,167,das_work,8.011999607086182,48258,64,1
1771463559.5713832,166_4,166,das_work,7.393244981765747,48258,64,1
1771463571.5575244,167_4,167,das_work,1.5637073516845703,48258,65,1
1771463583.573098,167_4,167,das_work,3.10113525390625,48258,66,1
1771462959.6897976,169_0,169,das_work,3.3823459148406982,48258,14,1
1771462971.6957824,168_0,168,das_work,6.091842174530029,48258,15,1
1771462971.7012513,170_0,170,das_work,7.236260890960693,48258,15,1
1771462971.7061434,169_0,169,das_work,2.979473352432251,48258,15,1
1771462971.7125964,171_0,171,das_work,9.974971055984495,48258,15,1
1771462983.6790335,169_0,169,das_work,4.977565050125122,48258,16,1
1771462983.6807497,171_0,171,das_work,5.332679510116577,48258,16,1
1771462983.6947963,170_0,170,das_work,3.120213270187378,48258,16,1
1771462983.708389,168_0,168,das_work,8.072556972503662,48258,16,1
1771462995.7124774,170_0,170,das_work,6.674325704574585,48258,17,1
1771462995.7212803,168_0,168,das_work,8.09815239906311,48258,17,1
1771462995.7247038,169_0,169,das_work,4.805793285369873,48258,17,1
1771462995.7368486,171_0,171,das_work,3.741003036499024,48258,17,1
1771463007.6982872,170_0,170,das_work,5.103233337402344,48258,18,1
1771463007.714369,168_0,168,das_work,7.8108909130096436,48258,18,1
1771463007.720599,169_0,169,das_work,6.97857666015625,48258,18,1
1771463007.7215683,171_0,171,das_work,1.1375463008880615,48258,18,1
1771463019.6851113,170_0,170,das_work,5.034290552139282,48258,19,1
1771463019.6904075,169_0,169,das_work,4.905580759048462,48258,19,1
1771463019.7066827,171_0,171,das_work,8.191992044448853,48258,19,1
1771463019.715802,168_0,168,das_work,9.166667461395264,48258,19,1
1771463031.6838973,169_0,169,das_work,4.042747497558594,48258,20,1
1771463031.6920116,171_0,171,das_work,7.279942035675049,48258,20,1
1771463031.7292902,170_0,170,das_work,8.28743600845337,48258,20,1
1771463031.7295094,168_0,168,das_work,5.462842226028442,48258,20,1
1771463043.6845703,170_0,170,das_work,1.0350308418273926,48258,21,1
1771463043.6870522,168_0,168,das_work,3.218379259109497,48258,21,1
1771463043.690579,171_0,171,das_work,2.0939180850982666,48258,21,1
1771463043.7012303,169_0,169,das_work,7.773531436920166,48258,21,1
1771463055.6941595,168_0,168,das_work,7.916471004486084,48258,22,1
1771463055.709166,170_0,170,das_work,6.86517858505249,48258,22,1
1771463055.7250483,169_0,169,das_work,6.87399172782898,48258,22,1
1771463055.7273304,171_0,171,das_work,8.674443244934082,48258,22,1
1771463067.6844509,171_0,171,das_work,3.694417953491211,48258,23,1
1771463067.6853397,170_0,170,das_work,8.515483856201172,48258,23,1
1771463067.689415,168_0,168,das_work,7.671114444732666,48258,23,1
1771463067.716355,169_0,169,das_work,1.6801259517669678,48258,23,1
1771463079.700641,170_0,170,das_work,3.189636468887329,48258,24,1
1771463079.7078366,168_0,168,das_work,7.503742218017578,48258,24,1
1771463079.7163844,169_1,169,das_work,3.589421272277832,48258,24,1
1771463079.717723,171_0,171,das_work,4.485373973846436,48258,24,1
1771463091.7193246,171_1,171,das_work,7.907767534255981,48258,25,1
1771463091.7201698,170_1,170,das_work,4.778795957565308,48258,25,1
1771463091.7379866,168_1,168,das_work,6.466806888580322,48258,25,1
1771463091.747735,169_1,169,das_work,1.880631923675537,48258,25,1
1771463103.681914,171_1,171,das_work,7.7696404457092285,48258,26,1
1771463103.7111402,170_1,170,das_work,6.825249910354614,48258,26,1
1771463103.7117438,169_1,169,das_work,3.950150966644287,48258,26,1
1771463103.725099,168_1,168,das_work,7.734065055847168,48258,26,1
1771463115.6835897,170_1,170,das_work,8.60018515586853,48258,27,1
1771463115.6884542,171_1,171,das_work,8.89639687538147,48258,27,1
1771463115.6946886,169_1,169,das_work,6.718106508255005,48258,27,1
1771463115.7090707,168_1,168,das_work,3.81792950630188,48258,27,1
1771463127.694561,169_1,169,das_work,3.0650954246521,48258,28,1
1771463127.7007651,168_1,168,das_work,2.8372485637664795,48258,28,1
1771463127.700881,171_1,171,das_work,3.474551200866699,48258,28,1
1771463127.7326674,170_1,170,das_work,1.1895930767059326,48258,28,1
1771463139.691263,170_1,170,das_work,2.785212755203247,48258,29,1
1771463139.7125795,168_1,168,das_work,1.6167643070220947,48258,29,1
1771463139.7132037,171_1,171,das_work,8.357721328735352,48258,29,1
1771463139.7171838,169_1,169,das_work,5.852991580963135,48258,29,1
1771463151.695115,168_1,168,das_work,8.66936206817627,48258,30,1
1771463151.7087605,169_1,169,das_work,1.190080165863037,48258,30,1
1771463151.725093,171_1,171,das_work,2.77390193939209,48258,30,1
1771463151.730446,170_1,170,das_work,1.7817890644073486,48258,30,1
1771463163.686437,171_1,171,das_work,6.149784088134766,48258,31,1
1771463163.7002115,169_1,169,das_work,3.8627986907958975,48258,31,1
1771463163.7059476,168_1,168,das_work,3.506720781326294,48258,31,1
1771463163.7218096,170_1,170,das_work,1.798255205154419,48258,31,1
1771463175.6918657,169_1,169,das_work,6.047189950942993,48258,32,1
1771463175.693363,170_1,170,das_work,7.903766870498657,48258,32,1
1771463175.6951494,171_1,171,das_work,5.757601499557495,48258,32,1
1771463175.69799,168_1,168,das_work,4.37410306930542,48258,32,1
1771463187.6660335,170_1,170,das_work,2.4194142818450928,48258,33,1
1771463187.6700492,171_1,171,das_work,5.225383043289185,48258,33,1
1771463187.6741352,169_1,169,das_work,4.207464218139648,48258,33,1
1771463187.7046952,168_1,168,das_work,2.54789662361145,48258,33,1
1771463199.6851103,171_1,171,das_work,1.859015226364136,48258,34,1
1771463199.6883268,170_1,170,das_work,2.3434736728668213,48258,34,1
1771463199.707579,168_1,168,das_work,7.112955093383789,48258,34,1
1771463199.7136626,169_2,169,das_work,6.575498819351196,48258,34,1
1771463211.6793125,169_2,169,das_work,9.596971035003662,48258,35,1
1771463211.696926,171_2,171,das_work,4.995530128479004,48258,35,1
1771463211.7142746,168_2,168,das_work,1.7766358852386477,48258,35,1
1771463211.7170217,170_2,170,das_work,1.7767832279205322,48258,35,1
1771463223.6750045,171_2,171,das_work,3.086960792541504,48258,36,1
1771463223.689811,170_2,170,das_work,4.806746244430542,48258,36,1
1771463223.699363,168_2,168,das_work,2.5093390941619877,48258,36,1
1771463223.7019827,169_2,169,das_work,5.590542316436768,48258,36,1
1771463235.697663,171_2,171,das_work,3.882521390914917,48258,37,1
1771463235.7005486,168_2,168,das_work,4.155687093734741,48258,37,1
1771463235.7115877,170_2,170,das_work,6.912140369415283,48258,37,1
1771463235.712254,169_2,169,das_work,1.9012210369110107,48258,37,1
1771463247.6734235,169_2,169,das_work,3.048573732376098,48258,38,1
1771463247.6853566,168_2,168,das_work,1.1582372188568115,48258,38,1
1771463247.6868658,170_2,170,das_work,8.65480375289917,48258,38,1
1771463247.693431,171_2,171,das_work,1.943368911743164,48258,38,1
1771463259.6679869,170_2,170,das_work,7.274843692779541,48258,39,1
1771463259.6692314,168_2,168,das_work,4.590639352798462,48258,39,1
1771463259.687919,171_2,171,das_work,1.022463083267212,48258,39,1
1771463259.6925626,169_2,169,das_work,6.696691989898682,48258,39,1
1771463271.670241,168_2,168,das_work,6.262969017028809,48258,40,1
1771463271.7027392,169_2,169,das_work,8.44800591468811,48258,40,1
1771463271.7103384,170_2,170,das_work,6.7872607707977295,48258,40,1
1771463271.7142146,171_2,171,das_work,5.776268005371094,48258,40,1
1771463283.6667287,168_2,168,das_work,1.3461496829986572,48258,41,1
1771463283.6672947,169_2,169,das_work,7.024219989776611,48258,41,1
1771463283.6904194,171_2,171,das_work,3.752990961074829,48258,41,1
1771463283.6954825,170_2,170,das_work,2.4270620346069336,48258,41,1
1771463295.6697812,169_2,169,das_work,6.142922878265381,48258,42,1
1771463295.6824825,171_2,171,das_work,3.0052566528320312,48258,42,1
1771463295.699236,170_2,170,das_work,5.61418342590332,48258,42,1
1771463295.711781,168_2,168,das_work,9.099833250045776,48258,42,1
1771463307.6625729,170_2,170,das_work,4.146399974822998,48258,43,1
1771463307.672514,168_2,168,das_work,4.4624106884002686,48258,43,1
1771463307.6856616,171_2,171,das_work,8.810068368911743,48258,43,1
1771463307.69584,169_2,169,das_work,10.18030285835266,48258,43,1
1771463319.6777036,171_2,171,das_work,6.957096338272095,48258,44,1
1771463319.68795,168_2,168,das_work,5.819671630859375,48258,44,1
1771463319.6909754,169_3,169,das_work,0.900707483291626,48258,44,1
1771463319.7008655,170_2,170,das_work,7.05444860458374,48258,44,1
1771463331.68102,169_3,169,das_work,2.847398281097412,48258,45,1
1771463331.6832752,170_3,170,das_work,2.897945642471313,48258,45,1
1771463331.697536,171_3,171,das_work,5.9817211627960205,48258,45,1
1771463331.721336,168_3,168,das_work,6.227892875671387,48258,45,1
1771463343.676834,171_3,171,das_work,4.769678592681885,48258,46,1
1771463343.679106,170_3,170,das_work,2.74672794342041,48258,46,1
1771463343.67972,168_3,168,das_work,6.214915752410889,48258,46,1
1771463343.70691,169_3,169,das_work,5.535852670669556,48258,46,1
1771463355.669762,169_3,169,das_work,8.395073175430298,48258,47,1
1771463355.6767802,170_3,170,das_work,4.628034591674805,48258,47,1
1771463355.682855,168_3,168,das_work,5.98581862449646,48258,47,1
1771463355.6895072,171_3,171,das_work,5.498697280883789,48258,47,1
1771463367.6978855,171_3,171,das_work,3.8147497177124015,48258,48,1
1771463367.7023995,169_3,169,das_work,0.6420114040374756,48258,48,1
1771463367.7312286,170_3,170,das_work,8.876949310302734,48258,48,1
1771463367.7321656,168_3,168,das_work,8.384748935699463,48258,48,1
1771463379.6732569,169_3,169,das_work,4.666079998016357,48258,49,1
1771463379.675351,170_3,170,das_work,6.721019506454468,48258,49,1
1771463379.6950824,171_3,171,das_work,3.337079763412476,48258,49,1
1771463379.7073286,168_3,168,das_work,0.6067779064178467,48258,49,1
1771463391.665881,170_3,170,das_work,1.3388824462890625,48258,50,1
1771463391.6775408,169_3,169,das_work,0.7380709648132324,48258,50,1
1771463391.685465,171_3,171,das_work,8.562479734420776,48258,50,1
1771463391.6977966,168_3,168,das_work,6.510897397994995,48258,50,1
1771463403.6785674,168_3,168,das_work,6.0527119636535645,48258,51,1
1771463403.681636,169_3,169,das_work,2.812544345855713,48258,51,1
1771463403.6861825,171_3,171,das_work,8.228481769561768,48258,51,1
1771463403.7185698,170_3,170,das_work,2.7870571613311768,48258,51,1
1771463415.6769147,170_3,170,das_work,3.038412094116211,48258,52,1
1771463415.6840532,169_3,169,das_work,6.706840515136719,48258,52,1
1771463415.6968982,168_3,168,das_work,6.629943132400513,48258,52,1
1771463415.7077625,171_3,171,das_work,1.9137637615203855,48258,52,1
1771463427.6727388,169_3,169,das_work,1.6151690483093262,48258,53,1
1771463427.687964,168_3,168,das_work,3.821341753005981,48258,53,1
1771463427.6928456,170_3,170,das_work,4.22918701171875,48258,53,1
1771463427.7066667,171_3,171,das_work,6.467666387557983,48258,53,1
1771463439.6862092,169_4,169,das_work,10.165806770324709,48258,54,1
1771463439.6907935,171_3,171,das_work,4.273249864578247,48258,54,1
1771463439.7048883,168_3,168,das_work,6.639152526855469,48258,54,1
1771463439.7092066,170_3,170,das_work,4.817279577255249,48258,54,1
1771463451.6958177,170_4,170,das_work,7.067818880081177,48258,55,1
1771463451.7078166,168_4,168,das_work,7.200730085372925,48258,55,1
1771463451.7084472,171_4,171,das_work,7.635908126831055,48258,55,1
1771463451.7152984,169_4,169,das_work,5.490895509719849,48258,55,1
1771463463.6690314,168_4,168,das_work,3.4533016681671143,48258,56,1
1771463463.6864932,170_4,170,das_work,10.322535276412964,48258,56,1
1771463463.702778,171_4,171,das_work,1.7881669998168943,48258,56,1
1771463463.7034657,169_4,169,das_work,5.211969614028931,48258,56,1
1771463475.6757872,170_4,170,das_work,6.491327524185181,48258,57,1
1771463475.6933775,168_4,168,das_work,5.001349687576294,48258,57,1
1771463475.7146635,169_4,169,das_work,5.16096043586731,48258,57,1
1771463475.717384,171_4,171,das_work,2.9549403190612797,48258,57,1
1771463487.6574552,168_4,168,das_work,4.391493082046509,48258,58,1
1771463487.6670227,169_4,169,das_work,8.177948951721191,48258,58,1
1771463487.6690323,171_4,171,das_work,3.2890374660491943,48258,58,1
1771463487.6721523,170_4,170,das_work,5.931805372238159,48258,58,1
1771463499.6380043,170_4,170,das_work,7.749086856842041,48258,59,1
1771463499.6393335,168_4,168,das_work,2.4055986404418945,48258,59,1
1771463499.6431725,169_4,169,das_work,5.785139322280884,48258,59,1
1771463499.673385,171_4,171,das_work,5.144819974899292,48258,59,1
1771463511.626573,170_4,170,das_work,3.4365792274475098,48258,60,1
1771463511.62741,171_4,171,das_work,7.713843107223511,48258,60,1
1771463511.635807,168_4,168,das_work,5.310434103012085,48258,60,1
1771463511.6378903,169_4,169,das_work,6.938572406768799,48258,60,1
1771463523.6078465,169_4,169,das_work,8.27764368057251,48258,61,1
1771463523.6317434,168_4,168,das_work,3.455474615097046,48258,61,1
1771463523.6320484,171_4,171,das_work,3.053588628768921,48258,61,1
1771463523.6322389,170_4,170,das_work,7.070740222930908,48258,61,1
1771463535.6025193,169_4,169,das_work,6.077873468399048,48258,62,1
1771463535.60332,168_4,168,das_work,9.8759343624115,48258,62,1
1771463535.6038957,171_4,171,das_work,1.413999080657959,48258,62,1
1771463535.6057098,170_4,170,das_work,3.611488103866577,48258,62,1
1771463547.56433,169_4,169,das_work,3.441460609436035,48258,63,1
1771463547.565053,168_4,168,das_work,2.630743980407715,48258,63,1
1771463547.5669043,171_4,171,das_work,4.831266403198242,48258,63,1
1771463547.6120338,170_4,170,das_work,6.88247537612915,48258,63,1
1771463559.5514648,168_4,168,das_work,3.005892276763916,48258,64,1
1771463559.5817237,171_4,171,das_work,5.24199104309082,48258,64,1
1771463559.5921285,170_4,170,das_work,5.13609766960144,48258,64,1
1771462971.697651,175_0,175,das_work,8.66770052909851,48258,15,1
1771462971.707423,174_0,174,das_work,8.720147132873535,48258,15,1
1771462983.6996474,175_0,175,das_work,8.49702000617981,48258,16,1
1771462983.703574,172_0,172,das_work,9.95151972770691,48258,16,1
1771462983.7169104,174_0,174,das_work,2.682910680770874,48258,16,1
1771462983.722846,173_0,173,das_work,11.515594482421877,48258,16,1
1771462995.6956477,175_0,175,das_work,1.205007553100586,48258,17,1
1771462995.696525,174_0,174,das_work,2.632690668106079,48258,17,1
1771462995.7021968,172_0,172,das_work,6.559345722198486,48258,17,1
1771462995.7295942,173_0,173,das_work,8.690712213516235,48258,17,1
1771463007.686192,173_0,173,das_work,3.4128787517547607,48258,18,1
1771463007.6882713,172_0,172,das_work,2.679276704788208,48258,18,1
1771463007.695621,175_0,175,das_work,5.8607399463653564,48258,18,1
1771463007.703227,174_0,174,das_work,3.185277938842773,48258,18,1
1771463019.69557,173_0,173,das_work,1.7272515296936035,48258,19,1
1771463019.7096848,172_0,172,das_work,7.473980665206909,48258,19,1
1771463019.7182598,175_0,175,das_work,6.975625038146973,48258,19,1
1771463019.7288277,174_0,174,das_work,7.490666389465332,48258,19,1
1771463031.7111492,175_0,175,das_work,8.769230842590332,48258,20,1
1771463031.718687,173_0,173,das_work,7.8834826946258545,48258,20,1
1771463031.7204204,172_0,172,das_work,3.8388030529022217,48258,20,1
1771463031.7211804,174_0,174,das_work,2.709268569946289,48258,20,1
1771463043.690404,174_0,174,das_work,2.05652928352356,48258,21,1
1771463043.6910903,175_0,175,das_work,0.805394172668457,48258,21,1
1771463043.7292726,172_0,172,das_work,3.000559091567993,48258,21,1
1771463043.7307286,173_0,173,das_work,1.7696962356567385,48258,21,1
1771463055.6850967,172_0,172,das_work,3.109317779541016,48258,22,1
1771463055.6973317,174_0,174,das_work,8.224003553390503,48258,22,1
1771463055.7056763,175_0,175,das_work,6.026934385299683,48258,22,1
1771463055.7253478,173_0,173,das_work,5.724780559539795,48258,22,1
1771463067.692526,173_0,173,das_work,4.461937665939331,48258,23,1
1771463067.6972892,175_0,175,das_work,5.392376899719238,48258,23,1
1771463067.701267,174_0,174,das_work,5.532793760299683,48258,23,1
1771463067.7207146,172_0,172,das_work,8.957538366317749,48258,23,1
1771463079.685189,172_0,172,das_work,5.536557912826538,48258,24,1
1771463079.6858387,173_0,173,das_work,8.520586013793945,48258,24,1
1771463079.6863236,175_0,175,das_work,3.8391976356506343,48258,24,1
1771463079.696309,174_0,174,das_work,4.8136820793151855,48258,24,1
1771463091.7272947,173_0,173,das_work,1.5241892337799072,48258,25,1
1771463091.7303226,172_0,172,das_work,0.6049079895019531,48258,25,1
1771463091.7421238,175_1,175,das_work,8.182976961135864,48258,25,1
1771463091.7460482,174_1,174,das_work,0.9677772521972656,48258,25,1
1771463103.675575,175_1,175,das_work,7.76757550239563,48258,26,1
1771463103.6825328,173_1,173,das_work,6.702013254165649,48258,26,1
1771463103.719622,172_1,172,das_work,5.748882532119751,48258,26,1
1771463103.7225168,174_1,174,das_work,8.853714942932129,48258,26,1
1771463115.6880443,174_1,174,das_work,8.871060609817505,48258,27,1
1771463115.6945243,175_1,175,das_work,8.30199933052063,48258,27,1
1771463115.6970036,173_1,173,das_work,9.148877382278442,48258,27,1
1771463115.7095363,172_1,172,das_work,6.197251558303833,48258,27,1
1771463127.683527,175_1,175,das_work,6.078703165054321,48258,28,1
1771463127.6972463,174_1,174,das_work,0.3748879432678222,48258,28,1
1771463127.709211,173_1,173,das_work,3.980791091918945,48258,28,1
1771463127.714537,172_1,172,das_work,3.503162145614624,48258,28,1
1771463139.676748,173_1,173,das_work,3.3536019325256348,48258,29,1
1771463139.6991477,175_1,175,das_work,2.5656814575195312,48258,29,1
1771463139.7113566,172_1,172,das_work,4.753666400909424,48258,29,1
1771463139.7188995,174_1,174,das_work,10.371881246566772,48258,29,1
1771463151.7019403,175_1,175,das_work,3.458301544189453,48258,30,1
1771463151.7053306,174_1,174,das_work,9.661007404327393,48258,30,1
1771463151.721269,172_1,172,das_work,9.681873321533203,48258,30,1
1771463151.7323208,173_1,173,das_work,7.821232318878174,48258,30,1
1771463163.684548,174_1,174,das_work,6.985017538070679,48258,31,1
1771463163.6982574,175_1,175,das_work,6.834336519241333,48258,31,1
1771463163.7083051,173_1,173,das_work,1.0446817874908447,48258,31,1
1771463163.724333,172_1,172,das_work,9.870344638824465,48258,31,1
1771463175.6797266,173_1,173,das_work,1.7474040985107422,48258,32,1
1771463175.6949503,172_1,172,das_work,2.0825819969177246,48258,32,1
1771463175.730222,175_1,175,das_work,8.887587547302246,48258,32,1
1771463175.7307353,174_1,174,das_work,3.3805973529815674,48258,32,1
1771463187.6729238,175_1,175,das_work,3.6919918060302734,48258,33,1
1771463187.6743755,173_1,173,das_work,3.119617462158203,48258,33,1
1771463187.705521,172_1,172,das_work,8.943409204483032,48258,33,1
1771463187.7104018,174_1,174,das_work,6.507384777069092,48258,33,1
1771463199.6860094,172_1,172,das_work,1.742438554763794,48258,34,1
1771463199.703567,174_1,174,das_work,1.8149497509002688,48258,34,1
1771463199.709934,173_1,173,das_work,9.92115569114685,48258,34,1
1771463199.7120914,175_1,175,das_work,5.760504722595215,48258,34,1
1771463211.6771052,173_1,173,das_work,1.8913278579711916,48258,35,1
1771463211.693432,175_2,175,das_work,2.574168920516968,48258,35,1
1771463211.7099943,174_2,174,das_work,2.7788450717926025,48258,35,1
1771463211.7105114,172_1,172,das_work,5.93034815788269,48258,35,1
1771463223.6692946,172_2,172,das_work,1.7657291889190674,48258,36,1
1771463223.6784315,173_2,173,das_work,1.5912630558013916,48258,36,1
1771463223.6789489,175_2,175,das_work,3.4802486896514893,48258,36,1
1771463223.7017431,174_2,174,das_work,2.3504459857940674,48258,36,1
1771463235.7042468,172_2,172,das_work,5.39134955406189,48258,37,1
1771463235.7056642,175_2,175,das_work,3.421931266784668,48258,37,1
1771463235.7243664,173_2,173,das_work,6.678823947906494,48258,37,1
1771463235.7267313,174_2,174,das_work,2.6674909591674805,48258,37,1
1771463247.695422,172_2,172,das_work,1.4173619747161863,48258,38,1
1771463247.700075,173_2,173,das_work,2.249157667160034,48258,38,1
1771463247.706139,175_2,175,das_work,0.6297454833984375,48258,38,1
1771463247.715406,174_2,174,das_work,2.0454578399658203,48258,38,1
1771463259.67552,175_2,175,das_work,8.705610036849976,48258,39,1
1771463259.6792507,173_2,173,das_work,6.175517320632935,48258,39,1
1771463259.6958582,172_2,172,das_work,9.10356378555298,48258,39,1
1771463259.710441,174_2,174,das_work,5.198230981826782,48258,39,1
1771463271.6767433,174_2,174,das_work,6.3245909214019775,48258,40,1
1771463271.6967163,173_2,173,das_work,3.3094635009765625,48258,40,1
1771463271.7009485,175_2,175,das_work,5.48140549659729,48258,40,1
1771463271.7096198,172_2,172,das_work,2.591850757598877,48258,40,1
1771463283.670763,174_2,174,das_work,3.275906562805176,48258,41,1
1771463283.694089,172_2,172,das_work,8.154419898986816,48258,41,1
1771463283.6977365,173_2,173,das_work,2.74446702003479,48258,41,1
1771463283.703444,175_2,175,das_work,9.296692609786987,48258,41,1
1771463295.675374,172_2,172,das_work,8.318240642547607,48258,42,1
1771463295.6762722,174_2,174,das_work,8.829386234283447,48258,42,1
1771463295.681668,173_2,173,das_work,3.1959736347198486,48258,42,1
1771463295.711609,175_2,175,das_work,7.582467079162598,48258,42,1
1771463307.669932,173_2,173,das_work,1.5980329513549805,48258,43,1
1771463307.6775572,172_2,172,das_work,7.033020257949829,48258,43,1
1771463307.67808,175_2,175,das_work,8.345998048782349,48258,43,1
1771463307.6830614,174_2,174,das_work,3.890169620513916,48258,43,1
1771463319.675933,173_2,173,das_work,8.37065863609314,48258,44,1
1771463319.6764638,174_2,174,das_work,8.900038957595825,48258,44,1
1771463319.691791,175_2,175,das_work,8.774068355560303,48258,44,1
1771463319.692574,172_2,172,das_work,4.682647228240967,48258,44,1
1771463331.6911614,172_2,172,das_work,5.316485404968262,48258,45,1
1771463331.6924908,173_2,173,das_work,8.529573440551758,48258,45,1
1771463331.708403,175_3,175,das_work,8.149610757827759,48258,45,1
1771463331.7213542,174_3,174,das_work,2.693634033203125,48258,45,1
1771463343.6799483,172_3,172,das_work,5.900140285491943,48258,46,1
1771463343.689697,174_3,174,das_work,3.931854963302612,48258,46,1
1771463343.6966522,173_3,173,das_work,7.07435154914856,48258,46,1
1771463343.7199042,175_3,175,das_work,3.847222089767456,48258,46,1
1771463355.6753955,175_3,175,das_work,6.154528617858887,48258,47,1
1771463355.686758,172_3,172,das_work,5.29317045211792,48258,47,1
1771463355.6942816,173_3,173,das_work,4.1816511154174805,48258,47,1
1771463355.7104194,174_3,174,das_work,10.154422283172607,48258,47,1
1771463367.6841922,175_3,175,das_work,9.210718631744385,48258,48,1
1771463367.690446,174_3,174,das_work,5.610941171646118,48258,48,1
1771463367.7084706,172_3,172,das_work,8.62295150756836,48258,48,1
1771463367.7164714,173_3,173,das_work,5.129574537277222,48258,48,1
1771463379.669768,174_3,174,das_work,6.88447380065918,48258,49,1
1771463379.6722624,175_3,175,das_work,1.39398193359375,48258,49,1
1771463379.6813805,173_3,173,das_work,10.200892925262451,48258,49,1
1771463379.689351,172_3,172,das_work,2.7947232723236084,48258,49,1
1771463391.6623836,173_3,173,das_work,10.21168613433838,48258,50,1
1771463391.668583,174_3,174,das_work,1.5240435600280762,48258,50,1
1771463391.6769807,172_3,172,das_work,5.309739351272583,48258,50,1
1771463391.7010183,175_3,175,das_work,8.257940769195557,48258,50,1
1771463403.6764338,173_3,173,das_work,0.2767751216888428,48258,51,1
1771463403.67695,174_3,174,das_work,9.051199674606323,48258,51,1
1771463403.6842766,175_3,175,das_work,7.264927625656128,48258,51,1
1771463403.7143106,172_3,172,das_work,6.453018426895142,48258,51,1
1771463415.6717238,172_3,172,das_work,6.509622573852539,48258,52,1
1771463415.6737082,174_3,174,das_work,6.4063639640808105,48258,52,1
1771463415.7045984,173_3,173,das_work,7.550079822540283,48258,52,1
1771463415.714886,175_3,175,das_work,1.6928143501281738,48258,52,1
1771463427.6717222,172_3,172,das_work,7.3031487464904785,48258,53,1
1771463427.697353,173_3,173,das_work,4.6004931926727295,48258,53,1
1771463427.7045343,174_3,174,das_work,5.455829381942749,48258,53,1
1771463427.708792,175_3,175,das_work,2.579092264175415,48258,53,1
1771463439.6628025,173_3,173,das_work,4.273286819458008,48258,54,1
1771463439.7004635,174_3,174,das_work,3.792536973953247,48258,54,1
1771463439.704059,172_3,172,das_work,4.20194673538208,48258,54,1
1771463439.7064629,175_3,175,das_work,1.5477709770202637,48258,54,1
1771463451.678219,172_3,172,das_work,7.784828186035156,48258,55,1
1771463451.7135675,175_4,175,das_work,8.852176904678345,48258,55,1
1771463451.71416,173_3,173,das_work,2.2346537113189697,48258,55,1
1771463451.716874,174_4,174,das_work,1.2067811489105225,48258,55,1
1771463463.689986,174_4,174,das_work,1.5827045440673828,48258,56,1
1771463463.6933894,175_4,175,das_work,8.074515581130981,48258,56,1
1771463463.697549,173_4,173,das_work,0.6586627960205078,48258,56,1
1771463463.6997857,172_4,172,das_work,7.377368688583374,48258,56,1
1771463475.6884415,172_4,172,das_work,6.284942865371704,48258,57,1
1771463475.703128,174_4,174,das_work,7.901693105697632,48258,57,1
1771463475.7136323,175_4,175,das_work,8.253703355789185,48258,57,1
1771463475.7156982,173_4,173,das_work,7.418399810791016,48258,57,1
1771463487.6495075,174_4,174,das_work,8.84342885017395,48258,58,1
1771463487.6587195,175_4,175,das_work,1.3362627029418943,48258,58,1
1771463487.6670673,172_4,172,das_work,1.4765095710754397,48258,58,1
1771463487.6818943,173_4,173,das_work,2.1410605907440186,48258,58,1
1771463499.6416223,174_4,174,das_work,2.428802728652954,48258,59,1
1771463499.6519418,175_4,175,das_work,2.0898027420043945,48258,59,1
1771463499.6597996,173_4,173,das_work,1.9660923480987549,48258,59,1
1771463499.665831,172_4,172,das_work,6.963445901870728,48258,59,1
1771463511.623104,172_4,172,das_work,7.635404109954834,48258,60,1
1771463511.6238842,173_4,173,das_work,0.9910080432891846,48258,60,1
1771463511.648694,175_4,175,das_work,4.868756055831909,48258,60,1
1771463511.6494465,174_4,174,das_work,1.0478794574737549,48258,60,1
1771463523.6090117,174_4,174,das_work,9.402069568634031,48258,61,1
1771463523.611747,173_4,173,das_work,9.200801372528076,48258,61,1
1771463523.624278,172_4,172,das_work,1.596229076385498,48258,61,1
1771463523.6259892,175_4,175,das_work,8.220813989639282,48258,61,1
1771463535.5932276,175_4,175,das_work,5.590589284896851,48258,62,1
1771463535.5982678,172_4,172,das_work,8.131810665130615,48258,62,1
1771463535.6010127,173_4,173,das_work,6.800768852233887,48258,62,1
1771463535.607263,174_4,174,das_work,8.72151803970337,48258,62,1
1771463547.564231,174_4,174,das_work,1.27919340133667,48258,63,1
1771463547.5650637,172_4,172,das_work,2.419142484664917,48258,63,1
1771463547.5661085,175_4,175,das_work,5.9831154346466064,48258,63,1
1771463547.5666263,173_4,173,das_work,6.362331867218018,48258,63,1
1771463559.5497751,175_4,175,das_work,5.4876463413238525,48258,64,1
1771463559.5503626,173_4,173,das_work,5.991472482681274,48258,64,1
1771463559.5834715,174_4,174,das_work,5.748265266418457,48258,64,1
1771463559.603494,172_4,172,das_work,8.513539552688599,48258,64,1
1771463571.5478387,172_4,172,das_work,2.0768637657165527,48258,65,1
1771463571.5740082,173_4,173,das_work,6.058267116546631,48258,65,1
1771462971.6878262,176_0,176,das_work,0.2863888740539551,48258,15,1
1771462971.692335,178_0,178,das_work,2.9540488719940186,48258,15,1
1771462983.678027,176_0,176,das_work,1.117112636566162,48258,16,1
1771462983.7059877,178_0,178,das_work,0.2631802558898926,48258,16,1
1771462983.7074983,179_0,179,das_work,9.567929983139038,48258,16,1
1771462983.716224,177_0,177,das_work,7.991615056991577,48258,16,1
1771462995.69462,177_0,177,das_work,3.05395770072937,48258,17,1
1771462995.7064252,176_0,176,das_work,5.962314128875732,48258,17,1
1771462995.709667,178_0,178,das_work,6.384514570236206,48258,17,1
1771462995.736343,179_0,179,das_work,2.4835009574890137,48258,17,1
1771463007.7083185,178_0,178,das_work,1.5931415557861328,48258,18,1
1771463007.7260003,177_0,177,das_work,1.714224338531494,48258,18,1
1771463007.731141,179_0,179,das_work,10.15833330154419,48258,18,1
1771463007.736142,176_0,176,das_work,7.8989481925964355,48258,18,1
1771463019.6882775,179_0,179,das_work,5.645539999008179,48258,19,1
1771463019.6956742,178_0,178,das_work,1.2929587364196775,48258,19,1
1771463019.700525,177_0,177,das_work,7.092884063720703,48258,19,1
1771463019.7261128,176_0,176,das_work,6.149805307388306,48258,19,1
1771463031.686811,177_0,177,das_work,2.8508548736572266,48258,20,1
1771463031.6971931,179_0,179,das_work,4.611406564712524,48258,20,1
1771463031.7073548,178_0,178,das_work,1.757402420043945,48258,20,1
1771463031.7283564,176_0,176,das_work,3.828042507171631,48258,20,1
1771463043.6978877,176_0,176,das_work,5.842304468154907,48258,21,1
1771463043.6996574,178_0,178,das_work,3.00626277923584,48258,21,1
1771463043.7002492,179_0,179,das_work,1.4778010845184326,48258,21,1
1771463043.7172475,177_0,177,das_work,7.05258059501648,48258,21,1
1771463055.6827028,178_0,178,das_work,5.843157768249512,48258,22,1
1771463055.6907852,177_0,177,das_work,10.401578903198242,48258,22,1
1771463055.6963582,176_0,176,das_work,8.081559896469116,48258,22,1
1771463055.7059572,179_0,179,das_work,6.122401237487793,48258,22,1
1771463067.6873658,177_0,177,das_work,1.0997464656829834,48258,23,1
1771463067.6994655,179_0,179,das_work,4.6488564014434814,48258,23,1
1771463067.7132576,178_0,178,das_work,8.154604196548462,48258,23,1
1771463067.717441,176_0,176,das_work,1.6140758991241455,48258,23,1
1771463079.6862457,178_0,178,das_work,7.234718322753906,48258,24,1
1771463079.6951208,179_0,179,das_work,3.847729444503784,48258,24,1
1771463079.6987925,176_0,176,das_work,1.1111853122711182,48258,24,1
1771463079.707214,177_0,177,das_work,8.780587196350098,48258,24,1
1771463091.7075992,176_1,176,das_work,6.814702272415161,48258,25,1
1771463091.7135048,179_0,179,das_work,2.340516805648804,48258,25,1
1771463091.725236,177_0,177,das_work,5.799539566040039,48258,25,1
1771463091.7491891,178_1,178,das_work,6.99276614189148,48258,25,1
1771463103.6847029,178_1,178,das_work,1.3457942008972168,48258,26,1
1771463103.6930437,179_1,179,das_work,6.859517574310303,48258,26,1
1771463103.7094333,177_1,177,das_work,6.195697784423828,48258,26,1
1771463103.727105,176_1,176,das_work,6.970423460006714,48258,26,1
1771463115.692086,177_1,177,das_work,2.144604206085205,48258,27,1
1771463115.7101493,179_1,179,das_work,4.738032341003418,48258,27,1
1771463115.7291045,176_1,176,das_work,3.854357957839966,48258,27,1
1771463115.7301683,178_1,178,das_work,4.659536838531494,48258,27,1
1771463127.703222,179_1,179,das_work,2.0615453720092773,48258,28,1
1771463127.7261791,176_1,176,das_work,3.5976576805114746,48258,28,1
1771463127.7307117,177_1,177,das_work,6.884584903717041,48258,28,1
1771463127.7313411,178_1,178,das_work,5.1645495891571045,48258,28,1
1771463139.684332,177_1,177,das_work,0.735567569732666,48258,29,1
1771463139.685044,176_1,176,das_work,8.966755867004395,48258,29,1
1771463139.698459,178_1,178,das_work,6.2212207317352295,48258,29,1
1771463139.700983,179_1,179,das_work,2.271453619003296,48258,29,1
1771463151.7048483,177_1,177,das_work,7.081749677658081,48258,30,1
1771463151.711141,176_1,176,das_work,4.854440927505493,48258,30,1
1771463151.7222466,178_1,178,das_work,0.2692129611968994,48258,30,1
1771463151.726298,179_1,179,das_work,2.3700761795043945,48258,30,1
1771463163.6786478,178_1,178,das_work,5.105064153671265,48258,31,1
1771463163.6845448,176_1,176,das_work,1.266202688217163,48258,31,1
1771463163.700842,177_1,177,das_work,4.440720319747925,48258,31,1
1771463163.718969,179_1,179,das_work,2.3654139041900635,48258,31,1
1771463175.678348,178_1,178,das_work,6.833548069000244,48258,32,1
1771463175.707636,179_1,179,das_work,7.481753826141357,48258,32,1
1771463175.7120934,176_1,176,das_work,1.584468126296997,48258,32,1
1771463175.7251222,177_1,177,das_work,0.8715653419494629,48258,32,1
1771463187.6684537,177_1,177,das_work,1.4070031642913818,48258,33,1
1771463187.6704185,176_1,176,das_work,6.867757081985474,48258,33,1
1771463187.6751018,178_1,178,das_work,5.955430507659912,48258,33,1
1771463187.7100935,179_1,179,das_work,1.810741662979126,48258,33,1
1771463199.6893473,178_1,178,das_work,8.157522201538086,48258,34,1
1771463199.6958838,177_1,177,das_work,4.468279123306274,48258,34,1
1771463199.7261815,176_1,176,das_work,1.3784940242767334,48258,34,1
1771463199.7349894,179_1,179,das_work,0.8025641441345215,48258,34,1
1771463211.68518,179_1,179,das_work,9.228353261947632,48258,35,1
1771463211.6980023,176_2,176,das_work,6.56037712097168,48258,35,1
1771463211.7167635,178_2,178,das_work,1.9276256561279297,48258,35,1
1771463211.72892,177_1,177,das_work,3.431502342224121,48258,35,1
1771463223.67353,177_2,177,das_work,4.267176389694214,48258,36,1
1771463223.6743467,178_2,178,das_work,9.43727707862854,48258,36,1
1771463223.6802266,179_2,179,das_work,9.60788893699646,48258,36,1
1771463223.7117808,176_2,176,das_work,6.028034448623657,48258,36,1
1771463235.6780262,178_2,178,das_work,9.174188613891602,48258,37,1
1771463235.7069163,176_2,176,das_work,6.660390615463257,48258,37,1
1771463235.707859,179_2,179,das_work,10.349733829498293,48258,37,1
1771463235.7259877,177_2,177,das_work,5.646923780441284,48258,37,1
1771463247.6717465,179_2,179,das_work,7.452746152877808,48258,38,1
1771463247.6754866,178_2,178,das_work,2.4562408924102783,48258,38,1
1771463247.6838906,176_2,176,das_work,4.428461313247681,48258,38,1
1771463247.702417,177_2,177,das_work,0.489577054977417,48258,38,1
1771463259.668952,177_2,177,das_work,2.739859104156494,48258,39,1
1771463259.673775,179_2,179,das_work,1.653581142425537,48258,39,1
1771463259.6818075,176_2,176,das_work,5.598100662231445,48258,39,1
1771463259.7027123,178_2,178,das_work,1.695407152175903,48258,39,1
1771463271.6682854,179_2,179,das_work,0.9389312267303468,48258,40,1
1771463271.6930318,177_2,177,das_work,1.4389631748199463,48258,40,1
1771463271.702184,176_2,176,das_work,7.446631193161011,48258,40,1
1771463271.7033796,178_2,178,das_work,5.288350343704224,48258,40,1
1771463283.662168,179_2,179,das_work,3.758944034576416,48258,41,1
1771463283.6626775,176_2,176,das_work,6.857497453689575,48258,41,1
1771463283.6675766,178_2,178,das_work,9.729735136032104,48258,41,1
1771463283.6938033,177_2,177,das_work,6.609492540359497,48258,41,1
1771463295.6659334,178_2,178,das_work,3.52173399925232,48258,42,1
1771463295.6699307,179_2,179,das_work,5.757917642593384,48258,42,1
1771463295.67221,176_2,176,das_work,5.697886228561401,48258,42,1
1771463295.7152853,177_2,177,das_work,8.26627802848816,48258,42,1
1771463307.6586132,177_2,177,das_work,2.005281686782837,48258,43,1
1771463307.6786623,178_2,178,das_work,8.923128604888916,48258,43,1
1771463307.6845028,176_2,176,das_work,3.703747272491455,48258,43,1
1771463307.6941676,179_2,179,das_work,7.217429637908935,48258,43,1
1771463319.660909,177_2,177,das_work,5.6987268924713135,48258,44,1
1771463319.6628234,179_2,179,das_work,3.982034683227539,48258,44,1
1771463319.6932993,176_2,176,das_work,1.4508869647979736,48258,44,1
1771463319.7023523,178_2,178,das_work,6.086601972579956,48258,44,1
1771463331.675805,178_3,178,das_work,7.885544061660767,48258,45,1
1771463331.6994462,176_3,176,das_work,8.081616640090942,48258,45,1
1771463331.6995668,179_2,179,das_work,1.3635008335113523,48258,45,1
1771463331.7097206,177_2,177,das_work,5.098355054855347,48258,45,1
1771463343.6738172,178_3,178,das_work,1.6022849082946775,48258,46,1
1771463343.6928835,177_3,177,das_work,3.757636308670044,48258,46,1
1771463343.7167149,176_3,176,das_work,6.804987907409668,48258,46,1
1771463343.721341,179_3,179,das_work,3.9688453674316406,48258,46,1
1771463355.6965787,177_3,177,das_work,3.307741165161133,48258,47,1
1771463355.6975317,178_3,178,das_work,8.232610940933228,48258,47,1
1771463355.7013352,176_3,176,das_work,1.7757289409637451,48258,47,1
1771463355.7179384,179_3,179,das_work,9.754125118255615,48258,47,1
1771463367.680658,176_3,176,das_work,2.442045927047729,48258,48,1
1771463367.6845963,179_3,179,das_work,7.764171361923218,48258,48,1
1771463367.6879451,178_3,178,das_work,8.161439418792725,48258,48,1
1771463367.7221675,177_3,177,das_work,6.315413951873779,48258,48,1
1771463379.6805522,176_3,176,das_work,8.63352108001709,48258,49,1
1771463379.68815,178_3,178,das_work,2.926863670349121,48258,49,1
1771463379.699153,177_3,177,das_work,9.70085334777832,48258,49,1
1771463379.7106187,179_3,179,das_work,8.230578422546387,48258,49,1
1771463391.6932569,179_3,179,das_work,1.217940092086792,48258,50,1
1771463391.694782,176_3,176,das_work,0.9595046043395996,48258,50,1
1771463391.702523,177_3,177,das_work,5.525260210037232,48258,50,1
1771463391.704904,178_3,178,das_work,5.534511089324951,48258,50,1
1771463403.689234,178_3,178,das_work,6.224025726318359,48258,51,1
1771463403.7027116,176_3,176,das_work,8.69059443473816,48258,51,1
1771463403.715604,179_3,179,das_work,5.238306283950806,48258,51,1
1771463415.6863954,177_3,177,das_work,12.20024800300598,48258,52,1
1771463415.6892424,178_3,178,das_work,3.5712907314300537,48258,52,1
1771463415.7105827,176_3,176,das_work,8.508199214935303,48258,52,1
1771463415.7186906,179_3,179,das_work,2.399367094039917,48258,52,1
1771463427.669984,178_3,178,das_work,4.60652232170105,48258,53,1
1771463427.6836114,176_3,176,das_work,3.250728845596313,48258,53,1
1771463427.713707,179_3,179,das_work,3.292940616607666,48258,53,1
1771463427.7144012,177_3,177,das_work,1.1339895725250244,48258,53,1
1771463439.679563,178_3,178,das_work,7.669321060180664,48258,54,1
1771463439.6816878,179_3,179,das_work,3.7167868614196777,48258,54,1
1771463439.698319,177_3,177,das_work,9.893150806427002,48258,54,1
1771463439.70515,176_3,176,das_work,6.837978839874268,48258,54,1
1771463451.6902685,177_3,177,das_work,3.699663877487183,48258,55,1
1771463451.693629,179_3,179,das_work,8.086272478103638,48258,55,1
1771463451.710183,176_4,176,das_work,1.7296130657196045,48258,55,1
1771463451.71297,178_4,178,das_work,6.725242614746094,48258,55,1
1771463463.6709545,178_4,178,das_work,9.530807256698608,48258,56,1
1771463463.6996045,179_4,179,das_work,2.1601498126983643,48258,56,1
1771463463.700491,177_3,177,das_work,8.312232494354248,48258,56,1
1771463463.7012577,176_4,176,das_work,0.6679987907409668,48258,56,1
1771463475.7035844,176_4,176,das_work,5.0146164894104,48258,57,1
1771463475.708622,177_4,177,das_work,3.8153269290924072,48258,57,1
1771463475.722445,178_4,178,das_work,7.200855016708374,48258,57,1
1771463475.7229495,179_4,179,das_work,7.416314840316772,48258,57,1
1771463487.6511216,176_4,176,das_work,9.15900444984436,48258,58,1
1771463487.669828,179_4,179,das_work,1.6667954921722412,48258,58,1
1771463487.6912813,177_4,177,das_work,5.893617868423462,48258,58,1
1771463487.695572,178_4,178,das_work,3.373849391937256,48258,58,1
1771463499.669569,176_4,176,das_work,2.3480827808380127,48258,59,1
1771463499.6701071,179_4,179,das_work,9.714726448059082,48258,59,1
1771463499.6723857,178_4,178,das_work,2.357781410217285,48258,59,1
1771463499.673984,177_4,177,das_work,0.9674453735351562,48258,59,1
1771463511.6285794,177_4,177,das_work,6.68896484375,48258,60,1
1771463511.6338336,178_4,178,das_work,9.364729642868042,48258,60,1
1771463511.6412623,176_4,176,das_work,5.119223356246948,48258,60,1
1771463511.647235,179_4,179,das_work,3.090973138809204,48258,60,1
1771463523.610366,176_4,176,das_work,3.6569981575012207,48258,61,1
1771463523.619499,178_4,178,das_work,8.77507996559143,48258,61,1
1771463523.621428,177_4,177,das_work,1.6475334167480469,48258,61,1
1771463523.6287673,179_4,179,das_work,6.069374561309815,48258,61,1
1771463535.594069,176_4,176,das_work,9.739992618560793,48258,62,1
1771463535.5968077,179_4,179,das_work,6.524898529052734,48258,62,1
1771463535.609232,178_4,178,das_work,0.5573766231536865,48258,62,1
1771463535.610168,177_4,177,das_work,7.393165826797485,48258,62,1
1771463547.5697224,178_4,178,das_work,6.065263271331787,48258,63,1
1771463547.5791388,179_4,179,das_work,1.7720375061035156,48258,63,1
1771463547.595212,177_4,177,das_work,8.819923162460327,48258,63,1
1771463547.5958087,176_4,176,das_work,4.95379638671875,48258,63,1
1771463559.551185,179_4,179,das_work,0.9701435565948486,48258,64,1
1771463559.5866811,177_4,177,das_work,8.724188566207886,48258,64,1
1771463559.5957832,178_4,178,das_work,0.5517258644104004,48258,64,1
1771463559.5963025,176_4,176,das_work,2.900508403778076,48258,64,1
1771463571.5737717,177_4,177,das_work,2.5793681144714355,48258,65,1
1771463571.610206,179_4,179,das_work,5.360039710998535,48258,65,1
1771463583.6123102,177_4,177,das_work,5.142154932022095,48258,66,1
1771462983.7200117,181_0,181,das_work,6.91103720664978,48258,16,1
1771462983.723719,183_0,183,das_work,9.739598035812378,48258,16,1
1771462983.7243571,180_0,180,das_work,10.295244693756104,48258,16,1
1771462983.7256696,182_0,182,das_work,8.639326810836792,48258,16,1
1771462995.7003124,183_0,183,das_work,6.757141828536987,48258,17,1
1771462995.7075768,180_0,180,das_work,1.7758488655090332,48258,17,1
1771462995.719115,182_0,182,das_work,0.7188317775726318,48258,17,1
1771462995.7260318,181_0,181,das_work,8.38075304031372,48258,17,1
1771463007.6925335,182_0,182,das_work,7.716973304748535,48258,18,1
1771463007.6946335,181_0,181,das_work,3.41163969039917,48258,18,1
1771463007.7073915,180_0,180,das_work,4.939314842224121,48258,18,1
1771463007.7314672,183_0,183,das_work,4.0076000690460205,48258,18,1
1771463019.694865,183_0,183,das_work,8.896913290023804,48258,19,1
1771463019.7184029,182_0,182,das_work,2.311084985733032,48258,19,1
1771463019.7271805,180_0,180,das_work,4.177644968032837,48258,19,1
1771463019.7305243,181_0,181,das_work,2.237900495529175,48258,19,1
1771463031.687579,182_0,182,das_work,2.9077162742614746,48258,20,1
1771463031.6941483,180_0,180,das_work,4.8388988971710205,48258,20,1
1771463031.7100058,181_0,181,das_work,6.012070417404175,48258,20,1
1771463031.7311056,183_0,183,das_work,7.985916137695312,48258,20,1
1771463043.6849022,182_0,182,das_work,1.563901424407959,48258,21,1
1771463043.7184973,180_0,180,das_work,8.495497226715088,48258,21,1
1771463043.7252648,181_0,181,das_work,5.2651660442352295,48258,21,1
1771463043.7277455,183_0,183,das_work,4.72918176651001,48258,21,1
1771463055.6852195,183_0,183,das_work,1.224071025848389,48258,22,1
1771463055.6943302,181_0,181,das_work,3.4889559745788574,48258,22,1
1771463055.7010522,180_0,180,das_work,6.606613636016846,48258,22,1
1771463055.7100668,182_0,182,das_work,4.027926206588745,48258,22,1
1771463067.6821072,181_0,181,das_work,2.2461252212524414,48258,23,1
1771463067.6887815,180_0,180,das_work,2.7906055450439453,48258,23,1
1771463067.696829,183_0,183,das_work,7.281200170516968,48258,23,1
1771463067.7111712,182_0,182,das_work,0.5578513145446777,48258,23,1
1771463079.6905391,181_0,181,das_work,3.659412384033203,48258,24,1
1771463079.704845,180_0,180,das_work,3.117143154144287,48258,24,1
1771463079.709462,183_0,183,das_work,8.928667545318604,48258,24,1
1771463079.7107866,182_0,182,das_work,7.377684354782104,48258,24,1
1771463091.6981,182_0,182,das_work,5.565693140029907,48258,25,1
1771463091.7025874,183_0,183,das_work,7.748144388198851,48258,25,1
1771463091.715345,180_0,180,das_work,6.328069686889648,48258,25,1
1771463091.7292247,181_0,181,das_work,4.024916172027588,48258,25,1
1771463103.6997688,181_1,181,das_work,7.70852518081665,48258,26,1
1771463103.7089367,183_1,183,das_work,7.539009571075439,48258,26,1
1771463103.7142096,180_1,180,das_work,4.737073183059692,48258,26,1
1771463103.7147248,182_1,182,das_work,7.891921281814575,48258,26,1
1771463115.6904454,180_1,180,das_work,6.220956563949585,48258,27,1
1771463115.6972945,183_1,183,das_work,2.237128973007202,48258,27,1
1771463115.7242486,181_1,181,das_work,4.973030090332031,48258,27,1
1771463115.725059,182_1,182,das_work,1.8039772510528564,48258,27,1
1771463127.702956,180_1,180,das_work,4.800311803817749,48258,28,1
1771463127.7200966,182_1,182,das_work,5.121072053909302,48258,28,1
1771463127.72636,181_1,181,das_work,1.805026054382324,48258,28,1
1771463127.7278934,183_1,183,das_work,9.561190128326416,48258,28,1
1771463139.7006326,181_1,181,das_work,4.200988054275513,48258,29,1
1771463139.7145948,183_1,183,das_work,6.28048586845398,48258,29,1
1771463139.7176263,182_1,182,das_work,2.6238889694213867,48258,29,1
1771463139.7222986,180_1,180,das_work,7.430940389633179,48258,29,1
1771463151.6824615,182_1,182,das_work,1.7306084632873535,48258,30,1
1771463151.7118585,183_1,183,das_work,9.154439687728882,48258,30,1
1771463151.7226384,180_1,180,das_work,2.7797000408172607,48258,30,1
1771463163.6785958,182_1,182,das_work,9.244118690490724,48258,31,1
1771463163.6791782,181_1,181,das_work,12.134685754776,48258,31,1
1771463163.6893318,183_1,183,das_work,8.521460771560669,48258,31,1
1771463163.7064066,180_1,180,das_work,8.63113784790039,48258,31,1
1771463175.6813436,182_1,182,das_work,4.577627182006836,48258,32,1
1771463175.693225,183_1,183,das_work,7.529414653778076,48258,32,1
1771463175.6976776,180_1,180,das_work,2.7460548877716064,48258,32,1
1771463175.6981778,181_1,181,das_work,4.652777433395386,48258,32,1
1771463187.6668189,182_1,182,das_work,0.7530875205993652,48258,33,1
1771463187.6767266,181_1,181,das_work,5.119380235671997,48258,33,1
1771463187.6781745,183_1,183,das_work,7.159921884536743,48258,33,1
1771463187.6954389,180_1,180,das_work,1.935326337814331,48258,33,1
1771463199.695273,180_1,180,das_work,4.9410810470581055,48258,34,1
1771463199.7132585,183_1,183,das_work,2.238515615463257,48258,34,1
1771463199.7293396,182_1,182,das_work,5.709728479385376,48258,34,1
1771463199.730181,181_1,181,das_work,8.718814134597778,48258,34,1
1771463211.6790817,182_1,182,das_work,9.646520853042604,48258,35,1
1771463211.6826844,181_1,181,das_work,8.695841550827026,48258,35,1
1771463211.7177155,183_1,183,das_work,1.7340891361236572,48258,35,1
1771463211.7179563,180_1,180,das_work,0.4450612068176269,48258,35,1
1771463223.6642802,183_2,183,das_work,9.344598531723022,48258,36,1
1771463223.669933,181_1,181,das_work,6.133938789367676,48258,36,1
1771463223.6737952,180_2,180,das_work,5.095932960510254,48258,36,1
1771463223.6743004,182_2,182,das_work,5.538355350494385,48258,36,1
1771463235.673759,182_2,182,das_work,5.176121950149536,48258,37,1
1771463235.675405,183_2,183,das_work,2.2141034603118896,48258,37,1
1771463235.6965787,180_2,180,das_work,6.9978437423706055,48258,37,1
1771463235.7219026,181_2,181,das_work,8.997953176498413,48258,37,1
1771463247.6757953,182_2,182,das_work,8.9783616065979,48258,38,1
1771463247.6921823,183_2,183,das_work,9.228049278259276,48258,38,1
1771463247.696009,180_2,180,das_work,9.836905479431152,48258,38,1
1771463247.7216115,181_2,181,das_work,4.663074254989624,48258,38,1
1771463259.6767886,181_2,181,das_work,0.6632702350616455,48258,39,1
1771463259.6822643,183_2,183,das_work,5.725481748580933,48258,39,1
1771463259.683962,180_2,180,das_work,4.123854160308838,48258,39,1
1771463259.7034314,182_2,182,das_work,6.226791858673096,48258,39,1
1771463271.6686096,182_2,182,das_work,6.537736892700195,48258,40,1
1771463271.682392,183_2,183,das_work,1.850243091583252,48258,40,1
1771463271.6869583,180_2,180,das_work,3.2905306816101074,48258,40,1
1771463271.7130115,181_2,181,das_work,5.442669630050659,48258,40,1
1771463283.660467,183_2,183,das_work,1.8132083415985107,48258,41,1
1771463283.6711717,181_2,181,das_work,6.72944974899292,48258,41,1
1771463283.6866045,182_2,182,das_work,6.754618167877197,48258,41,1
1771463283.6965258,180_2,180,das_work,0.8841392993927002,48258,41,1
1771463295.665278,180_2,180,das_work,3.6304447650909424,48258,42,1
1771463295.6787913,183_2,183,das_work,4.870887041091919,48258,42,1
1771463295.6793056,182_2,182,das_work,7.937896966934204,48258,42,1
1771463295.6886618,181_2,181,das_work,6.433925151824951,48258,42,1
1771463307.6618044,180_2,180,das_work,9.2113037109375,48258,43,1
1771463307.6625583,183_2,183,das_work,8.181421995162964,48258,43,1
1771463307.6897435,182_2,182,das_work,4.928094625473023,48258,43,1
1771463307.7011387,181_2,181,das_work,3.1872637271881104,48258,43,1
1771463319.6866844,183_2,183,das_work,6.131908178329468,48258,44,1
1771463319.6922586,182_2,182,das_work,9.6675124168396,48258,44,1
1771463319.708361,181_2,181,das_work,4.837754487991333,48258,44,1
1771463319.712181,180_2,180,das_work,4.530745267868042,48258,44,1
1771463331.682903,183_2,183,das_work,4.788713455200195,48258,45,1
1771463331.7010937,180_2,180,das_work,7.152576923370361,48258,45,1
1771463331.7148566,182_2,182,das_work,4.744952201843262,48258,45,1
1771463331.729619,181_2,181,das_work,7.281497955322266,48258,45,1
1771463343.6940176,182_3,182,das_work,9.27695083618164,48258,46,1
1771463343.697924,181_2,181,das_work,8.569252252578735,48258,46,1
1771463343.7053523,183_3,183,das_work,8.604903936386108,48258,46,1
1771463343.7161446,180_3,180,das_work,0.548680305480957,48258,46,1
1771463355.6685078,183_3,183,das_work,4.623872995376587,48258,47,1
1771463355.6701202,182_3,182,das_work,5.7719566822052,48258,47,1
1771463355.6873198,180_3,180,das_work,5.888669967651367,48258,47,1
1771463355.70665,181_3,181,das_work,1.0657687187194824,48258,47,1
1771463367.698423,181_3,181,das_work,1.220653772354126,48258,48,1
1771463367.7219229,183_3,183,das_work,3.859666585922241,48258,48,1
1771463367.7235243,182_3,182,das_work,9.181982517242432,48258,48,1
1771463367.7310872,180_3,180,das_work,4.900435924530029,48258,48,1
1771463379.6684573,181_3,181,das_work,5.5866475105285645,48258,49,1
1771463379.6789825,183_3,183,das_work,2.384289503097534,48258,49,1
1771463379.6825218,182_3,182,das_work,6.676565408706665,48258,49,1
1771463379.7108347,180_3,180,das_work,6.281428575515747,48258,49,1
1771463391.6716137,180_3,180,das_work,7.360477209091186,48258,50,1
1771463391.673587,182_3,182,das_work,1.768749713897705,48258,50,1
1771463391.6913068,183_3,183,das_work,4.258342504501343,48258,50,1
1771463391.6954665,181_3,181,das_work,5.862095355987549,48258,50,1
1771463403.668301,182_3,182,das_work,2.301154851913452,48258,51,1
1771463403.6791933,180_3,180,das_work,2.630295753479004,48258,51,1
1771463403.6977518,183_3,183,das_work,2.004333257675171,48258,51,1
1771463403.704596,181_3,181,das_work,9.559691429138184,48258,51,1
1771463415.672077,181_3,181,das_work,8.068848609924316,48258,52,1
1771463415.6780062,180_3,180,das_work,9.228284358978271,48258,52,1
1771463415.7027187,183_3,183,das_work,4.352629661560059,48258,52,1
1771463415.717403,182_3,182,das_work,3.1992626190185547,48258,52,1
1771463427.6804516,180_3,180,das_work,4.108444690704346,48258,53,1
1771463427.6866426,182_3,182,das_work,7.459993124008179,48258,53,1
1771463427.690215,181_3,181,das_work,4.579350709915161,48258,53,1
1771463427.6999197,183_3,183,das_work,10.119677305221558,48258,53,1
1771463439.6639342,182_3,182,das_work,4.478653430938721,48258,54,1
1771463439.6700678,180_3,180,das_work,1.703315019607544,48258,54,1
1771463439.690404,181_3,181,das_work,4.730520963668823,48258,54,1
1771463439.7061515,183_3,183,das_work,6.556150197982788,48258,54,1
1771463451.6738243,181_3,181,das_work,0.7690877914428711,48258,55,1
1771463451.68396,180_3,180,das_work,7.361622333526611,48258,55,1
1771463451.684892,183_3,183,das_work,7.713054656982422,48258,55,1
1771463451.6967366,182_3,182,das_work,1.2385740280151367,48258,55,1
1771463463.673564,182_4,182,das_work,8.524885416030884,48258,56,1
1771463463.687034,181_3,181,das_work,5.185015439987183,48258,56,1
1771463463.6903222,180_4,180,das_work,2.2972373962402344,48258,56,1
1771463463.706392,183_4,183,das_work,9.376712560653688,48258,56,1
1771463475.6778896,182_4,182,das_work,2.523371696472168,48258,57,1
1771463475.6918848,180_4,180,das_work,2.4549334049224854,48258,57,1
1771463475.7100568,183_4,183,das_work,1.888599157333374,48258,57,1
1771463475.7187164,181_4,181,das_work,7.814396619796753,48258,57,1
1771463487.6552768,183_4,183,das_work,1.6030066013336182,48258,58,1
1771463487.6620858,182_4,182,das_work,6.29974365234375,48258,58,1
1771463487.6746018,180_4,180,das_work,4.476067066192627,48258,58,1
1771463487.6847522,181_4,181,das_work,6.740973711013794,48258,58,1
1771463499.6382422,181_4,181,das_work,1.8039281368255613,48258,59,1
1771463499.6481433,183_4,183,das_work,8.492023944854736,48258,59,1
1771463499.6656122,182_4,182,das_work,9.18640112876892,48258,59,1
1771463499.673832,180_4,180,das_work,6.5496673583984375,48258,59,1
1771463511.6199284,181_4,181,das_work,5.594253778457642,48258,60,1
1771463511.6233983,180_4,180,das_work,7.306549310684204,48258,60,1
1771463511.6268404,182_4,182,das_work,3.980009078979492,48258,60,1
1771463511.6459422,183_4,183,das_work,8.906164407730103,48258,60,1
1771463523.6013353,180_4,180,das_work,1.6994578838348389,48258,61,1
1771463523.6059103,183_4,183,das_work,7.95210337638855,48258,61,1
1771463523.63112,182_4,182,das_work,4.256724834442139,48258,61,1
1771463523.6317863,181_4,181,das_work,7.825501441955566,48258,61,1
1771463535.5887723,183_4,183,das_work,5.962954998016357,48258,62,1
1771463535.6028426,182_4,182,das_work,6.055688381195068,48258,62,1
1771463535.6173725,180_4,180,das_work,3.633223056793213,48258,62,1
1771463535.618105,181_4,181,das_work,4.030129194259644,48258,62,1
1771463547.5628688,181_4,181,das_work,7.236231088638306,48258,63,1
1771463547.5649705,182_4,182,das_work,8.967379093170166,48258,63,1
1771463547.580302,183_4,183,das_work,3.840806722640991,48258,63,1
1771463547.580793,180_4,180,das_work,4.040884971618652,48258,63,1
1771463559.5508444,181_4,181,das_work,2.80932354927063,48258,64,1
1771463559.6007152,182_4,182,das_work,8.466555833816528,48258,64,1
1771463559.6014798,183_4,183,das_work,5.179153203964233,48258,64,1
1771463559.6020784,180_4,180,das_work,7.967345952987671,48258,64,1
1771463571.563459,181_4,181,das_work,0.9524505138397216,48258,65,1
1771463571.5732343,182_4,182,das_work,6.569594621658325,48258,65,1
1771463571.6099055,183_4,183,das_work,1.9875528812408447,48258,65,1
1771463571.6154814,180_4,180,das_work,7.795490026473999,48258,65,1
1771463583.5346053,181_4,181,das_work,6.989507675170898,48258,66,1
1771462971.693414,185_0,185,das_work,6.831846714019775,48258,15,1
1771462983.7073038,185_0,185,das_work,6.429870367050171,48258,16,1
1771462983.7113707,187_0,187,das_work,6.243176221847534,48258,16,1
1771462983.715346,184_0,184,das_work,1.0158212184906006,48258,16,1
1771462983.716165,186_0,186,das_work,0.5702950954437256,48258,16,1
1771462995.6948142,187_0,187,das_work,9.065745830535889,48258,17,1
1771462995.7047684,186_0,186,das_work,8.018814325332642,48258,17,1
1771462995.705511,184_0,184,das_work,2.588463306427002,48258,17,1
1771462995.7206454,185_0,185,das_work,8.235396385192871,48258,17,1
1771463007.6954567,187_0,187,das_work,0.5434305667877197,48258,18,1
1771463007.700276,186_0,186,das_work,8.8294095993042,48258,18,1
1771463007.732251,184_0,184,das_work,2.870086431503296,48258,18,1
1771463007.7327783,185_0,185,das_work,4.899950742721558,48258,18,1
1771463019.6840522,187_0,187,das_work,2.527996063232422,48258,19,1
1771463019.6914732,184_0,184,das_work,6.116831302642822,48258,19,1
1771463019.69871,185_0,185,das_work,8.268376111984253,48258,19,1
1771463019.7162108,186_0,186,das_work,3.171842098236084,48258,19,1
1771463031.689632,187_0,187,das_work,2.36281967163086,48258,20,1
1771463031.700383,186_0,186,das_work,7.695058345794678,48258,20,1
1771463031.7070024,185_0,185,das_work,0.7668323516845703,48258,20,1
1771463031.7219276,184_0,184,das_work,6.776668787002564,48258,20,1
1771463043.6820145,186_0,186,das_work,7.792229413986206,48258,21,1
1771463043.6981,184_0,184,das_work,8.016671657562256,48258,21,1
1771463043.7239892,185_0,185,das_work,6.461897611618042,48258,21,1
1771463043.7258823,187_0,187,das_work,4.991169691085815,48258,21,1
1771463055.6941535,185_0,185,das_work,9.942299127578735,48258,22,1
1771463055.7132776,187_0,187,das_work,8.614410161972046,48258,22,1
1771463055.714912,186_0,186,das_work,0.7151784896850586,48258,22,1
1771463055.723899,184_0,184,das_work,1.9310953617095947,48258,22,1
1771463067.6826386,186_0,186,das_work,9.146498203277588,48258,23,1
1771463067.70424,185_0,185,das_work,10.24724793434143,48258,23,1
1771463067.7062907,187_0,187,das_work,2.987961769104004,48258,23,1
1771463067.706892,184_0,184,das_work,3.84208869934082,48258,23,1
1771463079.680174,187_0,187,das_work,3.698613166809082,48258,24,1
1771463079.6974928,184_0,184,das_work,8.027024984359741,48258,24,1
1771463079.7014496,186_0,186,das_work,1.8033125400543213,48258,24,1
1771463079.7132614,185_0,185,das_work,7.39012885093689,48258,24,1
1771463091.7178404,184_0,184,das_work,2.488656044006348,48258,25,1
1771463091.7187302,186_0,186,das_work,5.395811080932617,48258,25,1
1771463091.7352684,187_0,187,das_work,9.06606650352478,48258,25,1
1771463091.7400086,185_1,185,das_work,9.784995079040527,48258,25,1
1771463103.6853435,186_1,186,das_work,7.39311957359314,48258,26,1
1771463103.708467,185_1,185,das_work,7.064324378967285,48258,26,1
1771463103.7105122,187_1,187,das_work,5.990329742431641,48258,26,1
1771463103.7226777,184_1,184,das_work,5.655882835388184,48258,26,1
1771463115.6826108,185_1,185,das_work,4.506351947784424,48258,27,1
1771463115.6928115,184_1,184,das_work,5.606605052947998,48258,27,1
1771463115.7015834,187_1,187,das_work,5.725175380706787,48258,27,1
1771463115.7209077,186_1,186,das_work,10.09479832649231,48258,27,1
1771463127.6855562,186_1,186,das_work,5.37642502784729,48258,28,1
1771463127.7182455,187_1,187,das_work,0.3423366546630859,48258,28,1
1771463127.7298143,184_1,184,das_work,4.572448015213013,48258,28,1
1771463127.7331202,185_1,185,das_work,1.3926358222961426,48258,28,1
1771463139.6803055,184_1,184,das_work,6.128474712371826,48258,29,1
1771463139.7085493,186_1,186,das_work,8.059094190597534,48258,29,1
1771463139.7195506,187_1,187,das_work,3.5711333751678467,48258,29,1
1771463139.7224736,185_1,185,das_work,3.878379821777344,48258,29,1
1771463151.690188,186_1,186,das_work,6.062357425689697,48258,30,1
1771463151.6946623,184_1,184,das_work,8.361333131790161,48258,30,1
1771463151.713808,187_1,187,das_work,7.3482506275177,48258,30,1
1771463151.733318,185_1,185,das_work,4.044313192367554,48258,30,1
1771463163.6855042,184_1,184,das_work,9.224953174591064,48258,31,1
1771463163.6938815,185_1,185,das_work,4.140153884887695,48258,31,1
1771463163.6960804,187_1,187,das_work,2.400696277618408,48258,31,1
1771463163.7072802,186_1,186,das_work,9.127969980239868,48258,31,1
1771463175.6954207,186_1,186,das_work,2.7928884029388428,48258,32,1
1771463175.6985786,185_1,185,das_work,5.9335854053497314,48258,32,1
1771463175.7124548,184_1,184,das_work,5.598517894744873,48258,32,1
1771463175.714341,187_1,187,das_work,8.564557552337646,48258,32,1
1771463187.693822,186_1,186,das_work,8.56499719619751,48258,33,1
1771463187.6980038,185_1,185,das_work,5.974005699157715,48258,33,1
1771463187.6988077,184_1,184,das_work,9.216728687286375,48258,33,1
1771463187.706374,187_1,187,das_work,9.591811895370483,48258,33,1
1771463199.6843565,186_1,186,das_work,4.383979082107544,48258,34,1
1771463199.6863265,187_1,187,das_work,5.933514595031738,48258,34,1
1771463199.7068431,184_1,184,das_work,2.5367603302001958,48258,34,1
1771463199.7339385,185_1,185,das_work,4.830867290496826,48258,34,1
1771463211.6764667,185_2,185,das_work,1.9794652462005613,48258,35,1
1771463211.6811397,184_1,184,das_work,7.780634880065918,48258,35,1
1771463211.6955955,186_1,186,das_work,4.895740509033203,48258,35,1
1771463211.7003047,187_1,187,das_work,10.236165285110474,48258,35,1
1771463223.6664202,185_2,185,das_work,7.271784543991089,48258,36,1
1771463223.6874306,186_2,186,das_work,9.477078914642334,48258,36,1
1771463223.702726,187_2,187,das_work,1.388258457183838,48258,36,1
1771463223.7063186,184_2,184,das_work,3.630158662796021,48258,36,1
1771463235.6727817,185_2,185,das_work,6.186098337173462,48258,37,1
1771463235.6949377,187_2,187,das_work,0.913271427154541,48258,37,1
1771463235.7052567,186_2,186,das_work,7.010717153549194,48258,37,1
1771463235.7149744,184_2,184,das_work,0.6720547676086426,48258,37,1
1771463247.68593,184_2,184,das_work,7.689578771591186,48258,38,1
1771463247.6971972,185_2,185,das_work,1.5415980815887451,48258,38,1
1771463247.701296,186_2,186,das_work,7.915481328964233,48258,38,1
1771463247.7187922,187_2,187,das_work,1.6877050399780271,48258,38,1
1771463259.664813,187_2,187,das_work,0.9091873168945312,48258,39,1
1771463259.677309,185_2,185,das_work,9.056251049041748,48258,39,1
1771463259.7056427,186_2,186,das_work,7.045673370361328,48258,39,1
1771463259.708789,184_2,184,das_work,8.95104694366455,48258,39,1
1771463271.6671193,185_2,185,das_work,1.745798110961914,48258,40,1
1771463271.6766813,184_2,184,das_work,8.204470872879028,48258,40,1
1771463271.6809547,186_2,186,das_work,5.740065574645996,48258,40,1
1771463271.689842,187_2,187,das_work,5.858464241027832,48258,40,1
1771463283.6793852,185_2,185,das_work,2.570629596710205,48258,41,1
1771463283.693527,186_2,186,das_work,1.1031231880187988,48258,41,1
1771463283.7052748,187_2,187,das_work,1.6910488605499268,48258,41,1
1771463283.7089877,184_2,184,das_work,7.040254592895508,48258,41,1
1771463295.6742754,186_2,186,das_work,4.542825698852539,48258,42,1
1771463295.6773362,184_2,184,das_work,8.080181121826172,48258,42,1
1771463295.6794004,187_2,187,das_work,6.16180682182312,48258,42,1
1771463295.7111938,185_2,185,das_work,4.208361387252808,48258,42,1
1771463307.6593757,185_2,185,das_work,6.6335859298706055,48258,43,1
1771463307.664892,184_2,184,das_work,7.083875179290772,48258,43,1
1771463307.665896,186_2,186,das_work,6.332934379577637,48258,43,1
1771463307.6760345,187_2,187,das_work,3.10413122177124,48258,43,1
1771463319.6745007,187_2,187,das_work,8.833959817886353,48258,44,1
1771463319.682686,185_2,185,das_work,7.035512208938599,48258,44,1
1771463319.688558,184_2,184,das_work,6.921572208404541,48258,44,1
1771463319.701113,186_2,186,das_work,1.923672437667847,48258,44,1
1771463331.679248,186_2,186,das_work,9.276892185211182,48258,45,1
1771463331.706751,185_3,185,das_work,1.375922679901123,48258,45,1
1771463331.7121472,187_2,187,das_work,5.59257435798645,48258,45,1
1771463331.7184918,184_2,184,das_work,7.337252616882324,48258,45,1
1771463343.676435,184_3,184,das_work,7.1196608543396,48258,46,1
1771463343.683683,186_3,186,das_work,4.459999084472656,48258,46,1
1771463343.6891477,185_3,185,das_work,1.8743140697479248,48258,46,1
1771463343.705548,187_3,187,das_work,2.287198305130005,48258,46,1
1771463355.6879313,184_3,184,das_work,3.53847599029541,48258,47,1
1771463355.6885345,187_3,187,das_work,8.856655597686768,48258,47,1
1771463355.712783,186_3,186,das_work,4.660405874252319,48258,47,1
1771463367.70059,186_3,186,das_work,7.983088970184326,48258,48,1
1771463367.7010984,184_3,184,das_work,9.012501955032349,48258,48,1
1771463367.730762,187_3,187,das_work,5.684003114700317,48258,48,1
1771463367.734958,185_3,185,das_work,12.225614309310911,48258,48,1
1771463379.6667953,187_3,187,das_work,5.39456844329834,48258,49,1
1771463379.6689706,186_3,186,das_work,8.000040292739868,48258,49,1
1771463379.673321,185_3,185,das_work,3.705385446548462,48258,49,1
1771463379.6742103,184_3,184,das_work,5.456066131591797,48258,49,1
1771463391.6638892,186_3,186,das_work,3.793689489364624,48258,50,1
1771463391.6906352,187_3,187,das_work,4.503717422485352,48258,50,1
1771463391.697969,184_3,184,das_work,7.343634366989136,48258,50,1
1771463391.6984875,185_3,185,das_work,6.6027655601501465,48258,50,1
1771463403.6789858,184_3,184,das_work,2.642273426055908,48258,51,1
1771463403.701133,187_3,187,das_work,6.586619853973389,48258,51,1
1771463403.710371,185_3,185,das_work,3.326626777648926,48258,51,1
1771463403.7131052,186_3,186,das_work,0.972658634185791,48258,51,1
1771463415.6771035,184_3,184,das_work,2.489929676055908,48258,52,1
1771463415.6880755,185_3,185,das_work,3.340801477432251,48258,52,1
1771463415.6915617,187_3,187,das_work,1.8870298862457275,48258,52,1
1771463415.6950583,186_3,186,das_work,4.543083667755127,48258,52,1
1771463427.6831825,187_3,187,das_work,7.19176459312439,48258,53,1
1771463427.6886065,184_3,184,das_work,3.737551689147949,48258,53,1
1771463427.6942208,186_3,186,das_work,3.5955705642700195,48258,53,1
1771463427.702845,185_3,185,das_work,6.085383176803589,48258,53,1
1771463439.6664677,186_3,186,das_work,7.032464504241943,48258,54,1
1771463439.6830697,185_3,185,das_work,3.3476455211639404,48258,54,1
1771463439.699393,184_3,184,das_work,6.434174299240112,48258,54,1
1771463439.7023015,187_3,187,das_work,9.578726053237917,48258,54,1
1771463451.6926968,186_3,186,das_work,6.675279140472412,48258,55,1
1771463451.7008631,187_3,187,das_work,3.7258360385894775,48258,55,1
1771463451.7090683,184_3,184,das_work,5.608764886856079,48258,55,1
1771463451.7146864,185_3,185,das_work,7.92084264755249,48258,55,1
1771463463.6652322,185_4,185,das_work,5.138489484786987,48258,56,1
1771463463.6661954,187_4,187,das_work,5.9685680866241455,48258,56,1
1771463463.6911385,186_4,186,das_work,8.118557691574097,48258,56,1
1771463463.711183,184_4,184,das_work,8.346580505371094,48258,56,1
1771463475.695057,186_4,186,das_work,1.20499587059021,48258,57,1
1771463475.695655,184_4,184,das_work,3.565906524658203,48258,57,1
1771463475.7152543,187_4,187,das_work,4.355748891830444,48258,57,1
1771463475.7242763,185_4,185,das_work,4.669327020645142,48258,57,1
1771463487.65626,184_4,184,das_work,6.12174654006958,48258,58,1
1771463487.6596346,187_4,187,das_work,1.88416051864624,48258,58,1
1771463487.6829195,186_4,186,das_work,8.178639888763428,48258,58,1
1771463487.697908,185_4,185,das_work,9.206401348114014,48258,58,1
1771463499.6470842,184_4,184,das_work,8.992844343185425,48258,59,1
1771463499.6557813,186_4,186,das_work,7.838113069534302,48258,59,1
1771463499.665424,185_4,185,das_work,3.5867764949798584,48258,59,1
1771463499.668466,187_4,187,das_work,7.787068128585815,48258,59,1
1771463511.6197274,187_4,187,das_work,9.739952087402344,48258,60,1
1771463511.6370234,184_4,184,das_work,2.881074905395508,48258,60,1
1771463511.6429608,185_4,185,das_work,3.078847885131836,48258,60,1
1771463511.6442332,186_4,186,das_work,6.667266130447388,48258,60,1
1771463523.60636,185_4,185,das_work,7.142745971679688,48258,61,1
1771463523.6170244,186_4,186,das_work,6.343902111053467,48258,61,1
1771463523.617699,187_4,187,das_work,2.3584959506988525,48258,61,1
1771463523.6197095,184_4,184,das_work,2.158362865447998,48258,61,1
1771463535.5873792,185_4,185,das_work,2.3331942558288574,48258,62,1
1771463535.5891252,187_4,187,das_work,9.348002433776855,48258,62,1
1771463535.5904915,184_4,184,das_work,3.633188247680664,48258,62,1
1771463535.5983758,186_4,186,das_work,6.483933687210083,48258,62,1
1771463547.579795,184_4,184,das_work,3.509006261825561,48258,63,1
1771463547.6271007,187_4,187,das_work,7.710146427154541,48258,63,1
1771463547.6273508,185_4,185,das_work,3.9299299716949454,48258,63,1
1771463547.6282384,186_4,186,das_work,8.414025068283081,48258,63,1
1771463559.6038325,186_4,186,das_work,6.597344636917114,48258,64,1
1771463559.607055,187_4,187,das_work,6.632402658462524,48258,64,1
1771463559.616765,184_4,184,das_work,7.187238693237305,48258,64,1
1771463559.6174204,185_4,185,das_work,7.864336729049683,48258,64,1
1771463571.5475156,185_4,185,das_work,5.042781829833984,48258,65,1
1771463571.55708,187_4,187,das_work,6.155126333236694,48258,65,1
1771463571.5736988,184_4,184,das_work,2.286726474761963,48258,65,1
1771463571.5986512,186_4,186,das_work,5.2449915409088135,48258,65,1
1771462971.6861758,188_0,188,das_work,2.17907452583313,48258,15,1
1771462983.7161093,188_0,188,das_work,3.294177532196045,48258,16,1
1771462983.724136,189_0,189,das_work,8.851106643676758,48258,16,1
1771462995.7177267,191_0,191,das_work,8.94680905342102,48258,17,1
1771462995.7196853,188_0,188,das_work,6.945454359054565,48258,17,1
1771462995.7269032,189_0,189,das_work,4.029369831085205,48258,17,1
1771462995.7295165,190_0,190,das_work,11.019344806671144,48258,17,1
1771463007.6838474,190_0,190,das_work,1.293811321258545,48258,18,1
1771463007.6927705,188_0,188,das_work,3.1198103427886963,48258,18,1
1771463007.7022114,189_0,189,das_work,2.1448090076446533,48258,18,1
1771463007.7117846,191_0,191,das_work,6.287373781204224,48258,18,1
1771463019.6845722,191_0,191,das_work,2.40154767036438,48258,19,1
1771463019.7087097,190_0,190,das_work,8.449921369552612,48258,19,1
1771463019.714637,188_0,188,das_work,5.1736907958984375,48258,19,1
1771463019.716255,189_0,189,das_work,10.4003803730011,48258,19,1
1771463031.684642,190_0,190,das_work,6.539583206176758,48258,20,1
1771463031.714476,189_0,189,das_work,4.323450088500977,48258,20,1
1771463031.7229333,188_0,188,das_work,2.3952693939208984,48258,20,1
1771463031.7315676,191_0,191,das_work,0.9591903686523438,48258,20,1
1771463043.701682,190_0,190,das_work,1.7265286445617676,48258,21,1
1771463043.7021897,189_0,189,das_work,9.197754859924316,48258,21,1
1771463043.708755,188_0,188,das_work,6.823604106903076,48258,21,1
1771463043.7191465,191_0,191,das_work,5.667814016342163,48258,21,1
1771463055.6886492,188_0,188,das_work,4.749352931976318,48258,22,1
1771463055.7015858,191_0,191,das_work,4.841731309890747,48258,22,1
1771463055.72746,190_0,190,das_work,5.4338226318359375,48258,22,1
1771463055.7296767,189_0,189,das_work,4.862982988357544,48258,22,1
1771463067.680067,190_0,190,das_work,2.9245643615722656,48258,23,1
1771463067.700323,188_0,188,das_work,2.8122878074646,48258,23,1
1771463067.7191224,191_0,191,das_work,8.28074336051941,48258,23,1
1771463067.7196336,189_0,189,das_work,7.258741855621338,48258,23,1
1771463079.7024486,190_0,190,das_work,6.037449598312378,48258,24,1
1771463079.7054982,189_0,189,das_work,9.276510953903198,48258,24,1
1771463079.7075071,191_0,191,das_work,4.08296012878418,48258,24,1
1771463079.7203772,188_0,188,das_work,3.7484347820281982,48258,24,1
1771463091.708163,189_0,189,das_work,7.732017278671265,48258,25,1
1771463091.710156,191_0,191,das_work,4.3305957317352295,48258,25,1
1771463091.7180843,188_1,188,das_work,4.236748933792114,48258,25,1
1771463091.7317982,190_0,190,das_work,2.6867830753326416,48258,25,1
1771463103.6745408,191_0,191,das_work,2.32041597366333,48258,26,1
1771463103.7213752,190_0,190,das_work,4.743255138397217,48258,26,1
1771463103.7241836,188_1,188,das_work,6.772175073623657,48258,26,1
1771463103.726208,189_1,189,das_work,5.951021909713745,48258,26,1
1771463115.683771,191_1,191,das_work,8.779242992401123,48258,27,1
1771463115.6866136,190_1,190,das_work,3.745470762252808,48258,27,1
1771463115.689562,188_1,188,das_work,9.242701292037964,48258,27,1
1771463115.706882,189_1,189,das_work,8.249539852142334,48258,27,1
1771463127.6880813,191_1,191,das_work,6.745603084564209,48258,28,1
1771463127.6891131,189_1,189,das_work,5.773431301116943,48258,28,1
1771463127.6926148,190_1,190,das_work,8.557077646255493,48258,28,1
1771463127.6997118,188_1,188,das_work,8.385418891906738,48258,28,1
1771463139.6777103,189_1,189,das_work,0.5530779361724854,48258,29,1
1771463139.688585,188_1,188,das_work,8.086902856826782,48258,29,1
1771463139.693699,190_1,190,das_work,6.32014274597168,48258,29,1
1771463139.7098668,191_1,191,das_work,8.306018829345703,48258,29,1
1771463151.694156,188_1,188,das_work,1.9156405925750728,48258,30,1
1771463151.6946795,189_1,189,das_work,9.52663230895996,48258,30,1
1771463151.7059443,191_1,191,das_work,8.978548526763916,48258,30,1
1771463151.7163453,190_1,190,das_work,5.786452054977417,48258,30,1
1771463163.7058198,188_1,188,das_work,7.667682886123657,48258,31,1
1771463163.7120297,190_1,190,das_work,0.670447587966919,48258,31,1
1771463163.7156205,191_1,191,das_work,3.467655658721924,48258,31,1
1771463163.7273595,189_1,189,das_work,8.3143630027771,48258,31,1
1771463175.6774085,190_1,190,das_work,7.028697729110718,48258,32,1
1771463175.692293,189_1,189,das_work,9.608763933181764,48258,32,1
1771463175.6948118,188_1,188,das_work,5.902684450149536,48258,32,1
1771463175.7247355,191_1,191,das_work,4.880798101425171,48258,32,1
1771463187.6753302,189_1,189,das_work,6.0061354637146,48258,33,1
1771463187.679553,191_1,191,das_work,4.6871960163116455,48258,33,1
1771463187.7009752,190_1,190,das_work,4.2391676902771,48258,33,1
1771463187.7098415,188_1,188,das_work,9.97372269630432,48258,33,1
1771463199.7071395,191_1,191,das_work,8.022352933883667,48258,34,1
1771463199.7144835,188_1,188,das_work,4.335641145706177,48258,34,1
1771463199.7190444,189_1,189,das_work,8.772019147872925,48258,34,1
1771463199.7312996,190_1,190,das_work,8.1260507106781,48258,34,1
1771463211.6946826,190_1,190,das_work,4.710023403167725,48258,35,1
1771463211.7071369,189_1,189,das_work,0.6615762710571289,48258,35,1
1771463211.7192686,191_1,191,das_work,3.37424635887146,48258,35,1
1771463211.7217133,188_2,188,das_work,2.3683090209960938,48258,35,1
1771463223.6631706,191_1,191,das_work,1.3701636791229248,48258,36,1
1771463223.667193,189_2,189,das_work,6.492339134216309,48258,36,1
1771463223.6849062,190_1,190,das_work,9.0821213722229,48258,36,1
1771463223.7106457,188_2,188,das_work,8.533890008926392,48258,36,1
1771463235.6753347,189_2,189,das_work,9.360125541687012,48258,37,1
1771463235.6782837,190_2,190,das_work,8.743001699447632,48258,37,1
1771463235.68655,188_2,188,das_work,2.15212631225586,48258,37,1
1771463235.693148,191_2,191,das_work,9.266839504241943,48258,37,1
1771463247.6773963,189_2,189,das_work,1.6466271877288818,48258,38,1
1771463247.6863503,190_2,190,das_work,5.218716621398926,48258,38,1
1771463247.7042346,191_2,191,das_work,4.188171148300171,48258,38,1
1771463247.7244108,188_2,188,das_work,8.483720541000366,48258,38,1
1771463259.664175,190_2,190,das_work,7.520326137542725,48258,39,1
1771463259.667936,189_2,189,das_work,6.193512678146362,48258,39,1
1771463259.6961656,191_2,191,das_work,3.192834854125977,48258,39,1
1771463259.7032092,188_2,188,das_work,5.618912220001221,48258,39,1
1771463271.6769593,190_2,190,das_work,7.499839067459106,48258,40,1
1771463271.6847048,189_2,189,das_work,3.000339984893799,48258,40,1
1771463271.6977167,188_2,188,das_work,4.992117881774902,48258,40,1
1771463271.7078514,191_2,191,das_work,6.6448118686676025,48258,40,1
1771463283.670426,191_2,191,das_work,3.162344694137573,48258,41,1
1771463283.6818345,188_2,188,das_work,3.310614585876465,48258,41,1
1771463283.6947162,189_2,189,das_work,1.2957775592803955,48258,41,1
1771463283.7081974,190_2,190,das_work,7.918222904205322,48258,41,1
1771463295.67332,190_2,190,das_work,1.813138723373413,48258,42,1
1771463295.6764443,188_2,188,das_work,3.957599639892578,48258,42,1
1771463295.7030268,191_2,191,das_work,7.569945096969604,48258,42,1
1771463295.7090538,189_2,189,das_work,2.163616895675659,48258,42,1
1771463307.6594272,191_2,191,das_work,3.480795383453369,48258,43,1
1771463307.6620076,190_2,190,das_work,2.289022207260132,48258,43,1
1771463307.6762052,189_2,189,das_work,6.598406553268433,48258,43,1
1771463307.6828072,188_2,188,das_work,8.838693141937256,48258,43,1
1771463319.6653762,188_2,188,das_work,3.175564765930176,48258,44,1
1771463319.6698437,189_2,189,das_work,5.452258348464966,48258,44,1
1771463319.6770349,191_2,191,das_work,7.683189153671265,48258,44,1
1771463319.6882238,190_2,190,das_work,4.385002374649048,48258,44,1
1771463331.6872296,190_2,190,das_work,7.542457342147827,48258,45,1
1771463331.7098837,189_2,189,das_work,9.420264959335327,48258,45,1
1771463331.7111204,188_3,188,das_work,3.3913705348968506,48258,45,1
1771463331.7284307,191_2,191,das_work,9.596943378448486,48258,45,1
1771463343.675724,189_3,189,das_work,1.5949041843414309,48258,46,1
1771463343.691944,191_2,191,das_work,9.966136693954468,48258,46,1
1771463343.717141,188_3,188,das_work,5.446903467178345,48258,46,1
1771463343.7176628,190_2,190,das_work,4.04878830909729,48258,46,1
1771463355.6745856,189_3,189,das_work,5.472918510437012,48258,47,1
1771463355.6824667,191_3,191,das_work,2.1245429515838623,48258,47,1
1771463355.6901815,190_3,190,das_work,6.720344066619873,48258,47,1
1771463355.7016263,188_3,188,das_work,6.268079519271851,48258,47,1
1771463367.6951334,191_3,191,das_work,5.911142110824585,48258,48,1
1771463367.7070632,190_3,190,das_work,2.6525301933288574,48258,48,1
1771463367.7244103,188_3,188,das_work,3.828147411346436,48258,48,1
1771463367.725587,189_3,189,das_work,5.1167097091674805,48258,48,1
1771463379.701531,191_3,191,das_work,7.250758647918701,48258,49,1
1771463379.708118,190_3,190,das_work,3.758020877838135,48258,49,1
1771463379.7109258,188_3,188,das_work,9.07943320274353,48258,49,1
1771463379.7156365,189_3,189,das_work,3.470597267150879,48258,49,1
1771463391.6648085,188_3,188,das_work,6.110499858856201,48258,50,1
1771463391.668062,191_3,191,das_work,7.540846109390259,48258,50,1
1771463391.6832082,189_3,189,das_work,6.250181198120117,48258,50,1
1771463391.6890602,190_3,190,das_work,4.561129808425903,48258,50,1
1771463403.6664443,188_3,188,das_work,8.557630777359009,48258,51,1
1771463403.6751442,189_3,189,das_work,0.5890161991119385,48258,51,1
1771463403.708756,190_3,190,das_work,0.5861222743988037,48258,51,1
1771463403.711358,191_3,191,das_work,8.57884955406189,48258,51,1
1771463415.6869495,188_3,188,das_work,5.80906081199646,48258,52,1
1771463415.7014632,191_3,191,das_work,1.6732442378997805,48258,52,1
1771463415.703447,189_3,189,das_work,9.533186435699465,48258,52,1
1771463415.708769,190_3,190,das_work,8.404392004013062,48258,52,1
1771463427.67214,189_3,189,das_work,6.526966094970703,48258,53,1
1771463427.6761525,190_3,190,das_work,3.591897487640381,48258,53,1
1771463427.6791475,188_3,188,das_work,4.0853376388549805,48258,53,1
1771463427.7152994,191_3,191,das_work,4.479049682617188,48258,53,1
1771463439.6641617,188_3,188,das_work,1.7616360187530518,48258,54,1
1771463439.6714945,189_3,189,das_work,4.968241453170776,48258,54,1
1771463439.6874793,191_3,191,das_work,0.7610592842102051,48258,54,1
1771463439.6933458,190_3,190,das_work,5.169399976730347,48258,54,1
1771463451.6852028,188_4,188,das_work,7.016159296035767,48258,55,1
1771463451.6923509,189_3,189,das_work,7.956572294235229,48258,55,1
1771463451.706007,191_3,191,das_work,7.218245029449463,48258,55,1
1771463451.7194118,190_3,190,das_work,7.609401702880859,48258,55,1
1771463463.6684728,189_4,189,das_work,8.07560920715332,48258,56,1
1771463463.6755495,188_4,188,das_work,2.3466997146606445,48258,56,1
1771463463.681391,190_3,190,das_work,3.5104353427886963,48258,56,1
1771463463.6819265,191_3,191,das_work,6.11333441734314,48258,56,1
1771463475.6790578,189_4,189,das_work,8.126295566558838,48258,57,1
1771463475.6966424,191_4,191,das_work,7.253743410110474,48258,57,1
1771463475.7020905,188_4,188,das_work,3.628153085708618,48258,57,1
1771463475.7063005,190_4,190,das_work,1.7549972534179688,48258,57,1
1771463487.6513543,189_4,189,das_work,4.506673574447632,48258,58,1
1771463487.6545205,190_4,190,das_work,6.535481929779053,48258,58,1
1771463487.6799002,188_4,188,das_work,4.924242496490479,48258,58,1
1771463487.697451,191_4,191,das_work,8.469842672348022,48258,58,1
1771463499.6374393,190_4,190,das_work,7.144232273101807,48258,59,1
1771463499.6461036,189_4,189,das_work,3.268476724624634,48258,59,1
1771463499.6621983,188_4,188,das_work,6.919874906539917,48258,59,1
1771463499.675058,191_4,191,das_work,6.176927804946899,48258,59,1
1771463511.6280763,190_4,190,das_work,9.07289218902588,48258,60,1
1771463511.6532753,188_4,188,das_work,10.26910638809204,48258,60,1
1771463511.653913,189_4,189,das_work,0.9851157665252686,48258,60,1
1771463511.6544037,191_4,191,das_work,2.522819757461548,48258,60,1
1771463523.6011295,189_4,189,das_work,4.758086681365967,48258,61,1
1771463523.6072016,190_4,190,das_work,4.978379964828491,48258,61,1
1771463523.6173277,188_4,188,das_work,1.1504487991333008,48258,61,1
1771463523.6252296,191_4,191,das_work,6.061073303222656,48258,61,1
1771463535.58838,190_4,190,das_work,3.14198637008667,48258,62,1
1771463535.5894966,191_4,191,das_work,5.608690977096558,48258,62,1
1771463535.5921712,188_4,188,das_work,7.899828672409058,48258,62,1
1771463535.5925157,189_4,189,das_work,3.277781248092652,48258,62,1
1771463547.5624993,188_4,188,das_work,3.8115644454956055,48258,63,1
1771463547.5646813,191_4,191,das_work,3.311619758605957,48258,63,1
1771463547.5803337,190_4,190,das_work,9.52024221420288,48258,63,1
1771463547.6153731,189_4,189,das_work,5.234627962112427,48258,63,1
1771463559.549301,190_4,190,das_work,5.343748092651367,48258,64,1
1771463559.5554962,191_4,191,das_work,8.617094993591309,48258,64,1
1771463559.5857265,189_4,189,das_work,6.986247539520264,48258,64,1
1771463559.5960803,188_4,188,das_work,3.605382442474365,48258,64,1
1771463571.536017,190_4,190,das_work,5.354411840438843,48258,65,1
1771463571.5742102,191_4,191,das_work,2.580777645111084,48258,65,1
1771463571.609579,189_4,189,das_work,3.717654228210449,48258,65,1
1771463583.5349083,190_4,190,das_work,7.502005338668823,48258,66,1
1771463583.5693135,191_4,191,das_work,9.552533864974976,48258,66,1
1771462983.6811535,193_0,193,das_work,2.773079872131348,48258,16,1
1771462983.7033017,194_0,194,das_work,1.6481289863586426,48258,16,1
1771462983.716356,195_0,195,das_work,9.094330549240112,48258,16,1
1771462983.7199955,192_0,192,das_work,3.9169888496398926,48258,16,1
1771462995.7100875,195_0,195,das_work,1.5696964263916016,48258,17,1
1771462995.7179856,193_0,193,das_work,5.288416624069214,48258,17,1
1771462995.72274,194_0,194,das_work,2.1114425659179688,48258,17,1
1771462995.7298458,192_0,192,das_work,1.395179033279419,48258,17,1
1771463007.698588,195_0,195,das_work,7.005316257476807,48258,18,1
1771463007.7096112,192_0,192,das_work,6.991376876831055,48258,18,1
1771463007.7111695,193_0,193,das_work,1.2378802299499512,48258,18,1
1771463007.72833,194_0,194,das_work,5.493421792984009,48258,18,1
1771463019.689365,195_0,195,das_work,1.5493102073669434,48258,19,1
1771463019.692218,194_0,194,das_work,8.741304874420166,48258,19,1
1771463019.706495,192_0,192,das_work,9.374820232391356,48258,19,1
1771463019.7090478,193_0,193,das_work,8.01284646987915,48258,19,1
1771463031.707189,194_0,194,das_work,8.544854402542114,48258,20,1
1771463031.721588,193_0,193,das_work,6.965989351272583,48258,20,1
1771463031.7245283,192_0,192,das_work,4.955650806427002,48258,20,1
1771463031.7264624,195_0,195,das_work,9.237104654312134,48258,20,1
1771463043.7110305,192_0,192,das_work,4.847924709320068,48258,21,1
1771463043.716268,193_0,193,das_work,9.125028610229492,48258,21,1
1771463043.716852,195_0,195,das_work,8.879762411117554,48258,21,1
1771463043.7311704,194_0,194,das_work,7.797987699508667,48258,21,1
1771463055.70747,193_0,193,das_work,4.770032167434692,48258,22,1
1771463055.7097769,194_0,194,das_work,1.4461286067962646,48258,22,1
1771463055.710317,195_0,195,das_work,5.01021671295166,48258,22,1
1771463055.7302582,192_0,192,das_work,4.692484140396118,48258,22,1
1771463067.6779664,194_0,194,das_work,8.96315598487854,48258,23,1
1771463067.687801,192_0,192,das_work,4.008868217468262,48258,23,1
1771463067.7010374,195_0,195,das_work,4.473008871078491,48258,23,1
1771463067.7054074,193_0,193,das_work,7.044293642044067,48258,23,1
1771463079.6796668,195_0,195,das_work,5.22698974609375,48258,24,1
1771463079.6891458,193_0,193,das_work,8.355356454849243,48258,24,1
1771463079.6906524,192_0,192,das_work,4.048246383666992,48258,24,1
1771463079.6972158,194_0,194,das_work,7.233115911483765,48258,24,1
1771463091.6981874,192_0,192,das_work,9.26561450958252,48258,25,1
1771463091.6989002,195_0,195,das_work,1.8181967735290527,48258,25,1
1771463091.7056763,193_0,193,das_work,8.4433753490448,48258,25,1
1771463091.7233818,194_0,194,das_work,6.103962182998657,48258,25,1
1771463103.6777356,192_1,192,das_work,9.498077154159546,48258,26,1
1771463103.6787589,195_1,195,das_work,2.4026758670806885,48258,26,1
1771463103.7157826,193_1,193,das_work,7.183582782745361,48258,26,1
1771463103.7222967,194_1,194,das_work,5.606015205383301,48258,26,1
1771463115.695784,192_1,192,das_work,7.162449359893799,48258,27,1
1771463115.7029302,194_1,194,das_work,6.339002132415772,48258,27,1
1771463115.7070644,195_1,195,das_work,8.625970840454102,48258,27,1
1771463115.7234108,193_1,193,das_work,2.004480123519897,48258,27,1
1771463127.6839037,195_1,195,das_work,5.279752016067505,48258,28,1
1771463127.6882703,193_1,193,das_work,7.326900005340576,48258,28,1
1771463127.712956,192_1,192,das_work,5.034344911575317,48258,28,1
1771463127.7206674,194_1,194,das_work,5.132184743881226,48258,28,1
1771463139.6792972,194_1,194,das_work,8.036865711212158,48258,29,1
1771463139.6862438,192_1,192,das_work,3.1270127296447754,48258,29,1
1771463139.690504,195_1,195,das_work,4.0540831089019775,48258,29,1
1771463139.7002285,193_1,193,das_work,6.313502073287964,48258,29,1
1771463151.6917772,194_1,194,das_work,2.291990280151367,48258,30,1
1771463151.6931338,192_1,192,das_work,5.440587759017944,48258,30,1
1771463151.6992755,195_1,195,das_work,8.443366050720215,48258,30,1
1771463151.7029345,193_1,193,das_work,5.38332986831665,48258,30,1
1771463163.6946716,193_1,193,das_work,9.675601243972778,48258,31,1
1771463163.7031913,195_1,195,das_work,4.133868217468262,48258,31,1
1771463163.710251,194_1,194,das_work,8.181768655776978,48258,31,1
1771463163.7267635,192_1,192,das_work,2.413313388824463,48258,31,1
1771463175.6819282,192_1,192,das_work,1.335540533065796,48258,32,1
1771463175.6830726,195_1,195,das_work,5.732252597808838,48258,32,1
1771463175.7079113,193_1,193,das_work,3.4882705211639404,48258,32,1
1771463175.719068,194_1,194,das_work,3.0664095878601074,48258,32,1
1771463187.6978414,194_1,194,das_work,5.553421497344971,48258,33,1
1771463187.7022622,193_1,193,das_work,5.385908603668213,48258,33,1
1771463187.7033806,195_1,195,das_work,1.4579253196716309,48258,33,1
1771463187.7131584,192_1,192,das_work,5.07403826713562,48258,33,1
1771463199.684566,195_1,195,das_work,3.920685291290283,48258,34,1
1771463199.7192152,194_1,194,das_work,4.4733500480651855,48258,34,1
1771463199.720621,192_1,192,das_work,5.5361762046813965,48258,34,1
1771463199.7344935,193_1,193,das_work,9.697160005569458,48258,34,1
1771463211.68163,195_1,195,das_work,5.464142560958862,48258,35,1
1771463211.721812,192_1,192,das_work,8.846513032913208,48258,35,1
1771463211.725187,193_1,193,das_work,4.997681617736816,48258,35,1
1771463211.7305784,194_1,194,das_work,3.926590919494629,48258,35,1
1771463223.6669946,195_2,195,das_work,8.278234004974365,48258,36,1
1771463223.7021496,192_2,192,das_work,4.324522018432617,48258,36,1
1771463223.7044246,193_2,193,das_work,9.134619235992432,48258,36,1
1771463223.7051215,194_2,194,das_work,3.1348726749420166,48258,36,1
1771463235.6744738,194_2,194,das_work,2.915128469467163,48258,37,1
1771463235.7121933,193_2,193,das_work,6.406709671020508,48258,37,1
1771463235.7127714,192_2,192,das_work,6.7761523723602295,48258,37,1
1771463235.7199104,195_2,195,das_work,5.966509819030762,48258,37,1
1771463247.684587,194_2,194,das_work,6.404253482818604,48258,38,1
1771463247.7157817,192_2,192,das_work,4.69882869720459,48258,38,1
1771463247.7164917,193_2,193,das_work,6.3214967250823975,48258,38,1
1771463247.721264,195_2,195,das_work,4.705803394317627,48258,38,1
1771463259.6630456,193_2,193,das_work,4.576169967651367,48258,39,1
1771463259.66489,192_2,192,das_work,2.060546875,48258,39,1
1771463259.6921644,194_2,194,das_work,0.6181366443634033,48258,39,1
1771463259.7132406,195_2,195,das_work,2.869493007659912,48258,39,1
1771463271.668062,193_2,193,das_work,7.226437091827393,48258,40,1
1771463271.672191,192_2,192,das_work,2.075873374938965,48258,40,1
1771463271.6944418,194_2,194,das_work,2.161414384841919,48258,40,1
1771463271.70034,195_2,195,das_work,8.112079381942749,48258,40,1
1771463283.6743624,192_2,192,das_work,8.616135120391846,48258,41,1
1771463283.681323,193_2,193,das_work,3.3941080570220947,48258,41,1
1771463283.706704,195_2,195,das_work,8.69269347190857,48258,41,1
1771463283.707841,194_2,194,das_work,2.2561070919036865,48258,41,1
1771463295.671221,192_2,192,das_work,7.873746156692505,48258,42,1
1771463295.6717234,194_2,194,das_work,2.526395082473755,48258,42,1
1771463295.6787932,195_2,195,das_work,1.6125333309173584,48258,42,1
1771463295.7092893,193_2,193,das_work,3.0881147384643555,48258,42,1
1771463307.6672604,192_2,192,das_work,7.687043905258179,48258,43,1
1771463307.66777,193_2,193,das_work,9.210122346878052,48258,43,1
1771463307.6858978,194_2,194,das_work,4.871347188949585,48258,43,1
1771463307.70021,195_2,195,das_work,0.517399787902832,48258,43,1
1771463319.6648664,192_2,192,das_work,6.833050966262817,48258,44,1
1771463319.685879,195_2,195,das_work,3.232025623321533,48258,44,1
1771463319.6887922,194_2,194,das_work,5.6639697551727295,48258,44,1
1771463319.7101412,193_2,193,das_work,3.484598159790039,48258,44,1
1771463331.694324,192_2,192,das_work,3.406696557998657,48258,45,1
1771463331.7006185,194_2,194,das_work,6.421462059020996,48258,45,1
1771463331.7057128,195_2,195,das_work,1.2102842330932615,48258,45,1
1771463331.723094,193_2,193,das_work,1.5134804248809814,48258,45,1
1771463343.6746025,193_3,193,das_work,3.940169334411621,48258,46,1
1771463343.6875348,194_3,194,das_work,3.25769591331482,48258,46,1
1771463343.7000809,192_3,192,das_work,9.405411958694458,48258,46,1
1771463343.7219875,195_3,195,das_work,7.83115291595459,48258,46,1
1771463355.6777384,195_3,195,das_work,1.897590160369873,48258,47,1
1771463355.6875477,192_3,192,das_work,6.92805814743042,48258,47,1
1771463355.691429,194_3,194,das_work,4.981267213821411,48258,47,1
1771463355.714102,193_3,193,das_work,6.664999485015869,48258,47,1
1771463367.6913338,193_3,193,das_work,3.4024317264556885,48258,48,1
1771463367.6918926,195_3,195,das_work,6.345553636550903,48258,48,1
1771463367.6977918,192_3,192,das_work,1.9427900314331052,48258,48,1
1771463367.7269216,194_3,194,das_work,8.650262355804443,48258,48,1
1771463379.6677032,192_3,192,das_work,1.7774267196655271,48258,49,1
1771463379.6829324,193_3,193,das_work,7.220130681991577,48258,49,1
1771463379.705611,194_3,194,das_work,3.4770517349243164,48258,49,1
1771463379.7143788,195_3,195,das_work,5.614813327789307,48258,49,1
1771463391.6567166,195_3,195,das_work,1.509063720703125,48258,50,1
1771463391.671847,194_3,194,das_work,1.6920759677886963,48258,50,1
1771463391.6727817,192_3,192,das_work,7.40208101272583,48258,50,1
1771463391.6782885,193_3,193,das_work,1.385991096496582,48258,50,1
1771463403.6696892,192_3,192,das_work,3.848543643951416,48258,51,1
1771463403.70097,195_3,195,das_work,9.508193254470823,48258,51,1
1771463403.7136056,193_3,193,das_work,6.617890119552612,48258,51,1
1771463403.7169335,194_3,194,das_work,8.55787444114685,48258,51,1
1771463415.672278,193_3,193,das_work,8.457694053649902,48258,52,1
1771463415.681584,195_3,195,das_work,2.8502867221832275,48258,52,1
1771463415.6844,192_3,192,das_work,1.0735533237457275,48258,52,1
1771463415.718397,194_3,194,das_work,6.277919292449951,48258,52,1
1771463427.67672,195_3,195,das_work,6.82285213470459,48258,53,1
1771463427.6834223,194_3,194,das_work,7.871866464614868,48258,53,1
1771463427.7001514,193_3,193,das_work,7.938602685928345,48258,53,1
1771463427.7180877,192_3,192,das_work,7.095214605331421,48258,53,1
1771463439.6656277,195_3,195,das_work,8.616696834564209,48258,54,1
1771463439.6705415,193_3,193,das_work,8.170517444610596,48258,54,1
1771463439.6883855,194_3,194,das_work,8.877401351928711,48258,54,1
1771463439.7074308,192_3,192,das_work,7.921858310699463,48258,54,1
1771463451.669909,194_3,194,das_work,5.304609537124634,48258,55,1
1771463451.6777165,192_3,192,das_work,2.560471773147583,48258,55,1
1771463451.6952803,193_3,193,das_work,1.1663260459899902,48258,55,1
1771463451.716715,195_3,195,das_work,9.048466205596924,48258,55,1
1771463463.6765864,195_4,195,das_work,8.698013067245483,48258,56,1
1771463463.6808195,193_4,193,das_work,10.055305004119871,48258,56,1
1771463463.6868286,194_4,194,das_work,5.981162071228027,48258,56,1
1771463463.7132275,192_4,192,das_work,6.569803714752197,48258,56,1
1771463475.6781323,193_4,193,das_work,0.8724408149719238,48258,57,1
1771463475.6824813,194_4,194,das_work,5.570962905883789,48258,57,1
1771463475.6849062,195_4,195,das_work,8.71432876586914,48258,57,1
1771463475.7161713,192_4,192,das_work,9.13694977760315,48258,57,1
1771463487.6565683,193_4,193,das_work,4.934605121612549,48258,58,1
1771463487.6615036,195_4,195,das_work,2.659644603729248,48258,58,1
1771463487.6651862,194_4,194,das_work,4.8507349491119385,48258,58,1
1771463487.688256,192_4,192,das_work,3.052983522415161,48258,58,1
1771463499.6400042,195_4,195,das_work,9.765071630477903,48258,59,1
1771463499.6436238,192_4,192,das_work,0.984102725982666,48258,59,1
1771463499.6682775,193_4,193,das_work,2.927130699157715,48258,59,1
1771463499.672108,194_4,194,das_work,4.326417684555054,48258,59,1
1771463511.6248517,192_4,192,das_work,10.19617772102356,48258,60,1
1771463511.6321776,194_4,194,das_work,9.549102783203123,48258,60,1
1771463511.6349628,193_4,193,das_work,2.162606239318848,48258,60,1
1771463511.654229,195_4,195,das_work,3.6469266414642334,48258,60,1
1771463523.6126254,194_4,194,das_work,2.090501546859741,48258,61,1
1771463523.6143124,195_4,195,das_work,7.440610408782959,48258,61,1
1771463523.617126,193_4,193,das_work,6.072248935699463,48258,61,1
1771463523.622074,192_4,192,das_work,7.001558542251587,48258,61,1
1771463535.5879178,192_4,192,das_work,5.600563287734985,48258,62,1
1771463535.589273,193_4,193,das_work,5.198612928390503,48258,62,1
1771463535.5967152,195_4,195,das_work,6.475354909896851,48258,62,1
1771463535.610149,194_4,194,das_work,5.684689044952393,48258,62,1
1771463547.5624964,195_4,195,das_work,9.765683889389038,48258,63,1
1771463547.5631063,193_4,193,das_work,4.140687704086304,48258,63,1
1771463547.5652788,194_4,194,das_work,2.6262776851654053,48258,63,1
1771463547.5807729,192_4,192,das_work,6.6694982051849365,48258,63,1
1771463559.5499065,192_4,192,das_work,4.23617434501648,48258,64,1
1771463559.550459,195_4,195,das_work,4.528677463531494,48258,64,1
1771463559.5854876,193_4,193,das_work,2.1807737350463867,48258,64,1
1771463559.60399,194_4,194,das_work,6.96749758720398,48258,64,1
1771463571.5546594,193_4,193,das_work,1.93314266204834,48258,65,1
1771463571.554965,192_4,192,das_work,6.221190929412842,48258,65,1
1771463571.5551138,195_4,195,das_work,2.9499447345733643,48258,65,1
1771463571.555396,194_4,194,das_work,4.776921272277832,48258,65,1
1771462983.6977851,198_0,198,das_work,4.962182998657227,48258,16,1
1771462983.7008305,196_0,196,das_work,3.526498794555664,48258,16,1
1771462983.7207148,197_0,197,das_work,5.553014755249023,48258,16,1
1771462995.6992283,197_0,197,das_work,4.357162237167358,48258,17,1
1771462995.7069693,198_0,198,das_work,8.209360837936401,48258,17,1
1771462995.717775,196_0,196,das_work,6.10676121711731,48258,17,1
1771462995.7306173,199_0,199,das_work,7.604983329772949,48258,17,1
1771463007.6945508,196_0,196,das_work,3.701671600341797,48258,18,1
1771463007.7129462,197_0,197,das_work,5.141093254089356,48258,18,1
1771463007.7193103,199_0,199,das_work,8.94694972038269,48258,18,1
1771463007.7301486,198_0,198,das_work,6.3096020221710205,48258,18,1
1771463019.7089355,196_0,196,das_work,6.327130556106567,48258,19,1
1771463019.7249975,198_0,198,das_work,1.1147170066833496,48258,19,1
1771463019.728515,197_0,197,das_work,8.776057720184326,48258,19,1
1771463019.730994,199_0,199,das_work,5.761282444000244,48258,19,1
1771463031.697702,196_0,196,das_work,2.133391857147217,48258,20,1
1771463031.714654,199_0,199,das_work,1.3344717025756836,48258,20,1
1771463031.7256303,198_0,198,das_work,4.559141635894775,48258,20,1
1771463031.7261796,197_0,197,das_work,2.313948154449463,48258,20,1
1771463043.6810098,199_0,199,das_work,7.544846534729004,48258,21,1
1771463043.7137506,197_0,197,das_work,9.85849928855896,48258,21,1
1771463043.7157838,198_0,198,das_work,3.9837965965271,48258,21,1
1771463043.716766,196_0,196,das_work,0.8480923175811768,48258,21,1
1771463055.6919606,199_0,199,das_work,5.856237173080444,48258,22,1
1771463055.698158,196_0,196,das_work,10.225281000137327,48258,22,1
1771463055.7038443,197_0,197,das_work,5.982140779495239,48258,22,1
1771463055.713865,198_0,198,das_work,8.28750729560852,48258,22,1
1771463067.68841,196_0,196,das_work,10.142715454101562,48258,23,1
1771463067.6964514,199_0,199,das_work,5.660583734512329,48258,23,1
1771463067.7027426,197_0,197,das_work,4.024581909179688,48258,23,1
1771463067.7147186,198_0,198,das_work,5.107923030853272,48258,23,1
1771463079.6790657,199_0,199,das_work,9.836609363555908,48258,24,1
1771463079.6900868,196_0,196,das_work,4.774269819259644,48258,24,1
1771463079.702956,197_0,197,das_work,6.404536008834839,48258,24,1
1771463079.719659,198_0,198,das_work,6.177378416061401,48258,24,1
1771463091.7057524,196_0,196,das_work,9.755098581314089,48258,25,1
1771463091.710363,197_0,197,das_work,4.2794458866119385,48258,25,1
1771463091.714954,199_0,199,das_work,5.093629360198975,48258,25,1
1771463091.7368894,198_0,198,das_work,5.252221345901489,48258,25,1
1771463103.6806183,197_1,197,das_work,10.066696882247925,48258,26,1
1771463103.6838818,199_0,199,das_work,6.28274130821228,48258,26,1
1771463103.7167442,196_1,196,das_work,8.400929927825928,48258,26,1
1771463103.718068,198_1,198,das_work,0.628706693649292,48258,26,1
1771463115.6984007,196_1,196,das_work,5.512984752655029,48258,27,1
1771463115.6999388,197_1,197,das_work,4.627223253250122,48258,27,1
1771463115.7217894,198_1,198,das_work,8.138015747070312,48258,27,1
1771463115.727937,199_1,199,das_work,9.900060892105104,48258,27,1
1771463127.688781,198_1,198,das_work,5.571667432785034,48258,28,1
1771463127.690432,197_1,197,das_work,7.926811456680298,48258,28,1
1771463127.716455,196_1,196,das_work,1.395153284072876,48258,28,1
1771463127.7227027,199_1,199,das_work,3.862699508666992,48258,28,1
1771463139.699581,199_1,199,das_work,7.903603792190552,48258,29,1
1771463139.709339,197_1,197,das_work,2.123222827911377,48258,29,1
1771463139.7153845,196_1,196,das_work,1.7998106479644775,48258,29,1
1771463139.7189372,198_1,198,das_work,0.805772066116333,48258,29,1
1771463151.7036576,198_1,198,das_work,9.28398084640503,48258,30,1
1771463151.7150538,197_1,197,das_work,9.275541543960571,48258,30,1
1771463151.7156513,199_1,199,das_work,1.4941608905792236,48258,30,1
1771463151.7291338,196_1,196,das_work,1.6746411323547363,48258,30,1
1771463163.6862092,197_1,197,das_work,6.5793986320495605,48258,31,1
1771463163.6995225,196_1,196,das_work,5.116098403930664,48258,31,1
1771463163.7012496,199_1,199,das_work,4.275412559509277,48258,31,1
1771463163.726059,198_1,198,das_work,9.175137042999268,48258,31,1
1771463175.6824276,199_1,199,das_work,7.230756759643555,48258,32,1
1771463175.7099178,198_1,198,das_work,8.135740280151367,48258,32,1
1771463175.715457,197_1,197,das_work,1.1976001262664795,48258,32,1
1771463175.7220314,196_1,196,das_work,5.384228229522705,48258,32,1
1771463187.665846,196_1,196,das_work,8.752021789550781,48258,33,1
1771463187.6858902,197_1,197,das_work,2.179002046585083,48258,33,1
1771463187.6939962,198_1,198,das_work,7.037057876586914,48258,33,1
1771463187.698214,199_1,199,das_work,8.559868812561035,48258,33,1
1771463199.696255,197_1,197,das_work,6.708015203475952,48258,34,1
1771463199.7126794,199_1,199,das_work,2.05987286567688,48258,34,1
1771463199.7163806,198_1,198,das_work,0.7332873344421387,48258,34,1
1771463199.7226226,196_1,196,das_work,2.878291130065918,48258,34,1
1771463211.6780038,196_1,196,das_work,6.855217218399048,48258,35,1
1771463211.7047768,197_1,197,das_work,1.4839518070220947,48258,35,1
1771463211.7054455,198_1,198,das_work,3.716131687164306,48258,35,1
1771463211.705931,199_1,199,das_work,7.395426273345947,48258,35,1
1771463223.690573,198_2,198,das_work,7.14496636390686,48258,36,1
1771463223.6912007,199_1,199,das_work,5.668994188308716,48258,36,1
1771463223.6954498,196_2,196,das_work,0.5609433650970459,48258,36,1
1771463223.7116013,197_2,197,das_work,7.931742429733276,48258,36,1
1771463235.696374,197_2,197,das_work,2.8004634380340576,48258,37,1
1771463235.700984,198_2,198,das_work,3.1030635833740234,48258,37,1
1771463235.7151616,199_2,199,das_work,1.7738432884216309,48258,37,1
1771463235.7213087,196_2,196,das_work,1.0933849811553955,48258,37,1
1771463247.6793654,196_2,196,das_work,4.513458728790283,48258,38,1
1771463247.699403,197_2,197,das_work,4.887269496917725,48258,38,1
1771463247.7112625,199_2,199,das_work,9.03476071357727,48258,38,1
1771463247.7228055,198_2,198,das_work,3.7990126609802246,48258,38,1
1771463259.677374,199_2,199,das_work,7.0481579303741455,48258,39,1
1771463259.6789742,196_2,196,das_work,3.926431179046631,48258,39,1
1771463259.680747,197_2,197,das_work,5.869849920272827,48258,39,1
1771463259.6914933,198_2,198,das_work,8.73517918586731,48258,39,1
1771463271.6677475,198_2,198,das_work,3.5101001262664795,48258,40,1
1771463271.671645,199_2,199,das_work,7.291122436523437,48258,40,1
1771463271.6761365,197_2,197,das_work,2.488595485687256,48258,40,1
1771463271.7118163,196_2,196,das_work,1.760990858078003,48258,40,1
1771463283.6725187,199_2,199,das_work,4.300960540771484,48258,41,1
1771463283.678996,198_2,198,das_work,1.9561023712158203,48258,41,1
1771463283.6815126,197_2,197,das_work,2.100750207901001,48258,41,1
1771463283.7041628,196_2,196,das_work,2.7454328536987305,48258,41,1
1771463295.6634035,198_2,198,das_work,8.260237693786621,48258,42,1
1771463295.6639864,197_2,197,das_work,8.390590190887451,48258,42,1
1771463295.6744845,196_2,196,das_work,3.510161161422729,48258,42,1
1771463295.6932983,199_2,199,das_work,5.257643222808838,48258,42,1
1771463307.6745217,196_2,196,das_work,1.407233953475952,48258,43,1
1771463307.6796277,199_2,199,das_work,9.17072820663452,48258,43,1
1771463307.693876,198_2,198,das_work,5.341910362243652,48258,43,1
1771463307.703038,197_2,197,das_work,8.735148668289185,48258,43,1
1771463319.6860862,197_2,197,das_work,2.3342225551605225,48258,44,1
1771463319.6907048,199_2,199,das_work,9.12831211090088,48258,44,1
1771463319.6946084,198_2,198,das_work,7.855533838272095,48258,44,1
1771463319.7117748,196_2,196,das_work,3.1863021850585938,48258,44,1
1771463331.6849585,199_2,199,das_work,5.39453387260437,48258,45,1
1771463331.696463,196_2,196,das_work,1.0353446006774902,48258,45,1
1771463331.6971376,197_2,197,das_work,0.9177794456481934,48258,45,1
1771463331.6996095,198_2,198,das_work,3.5397119522094727,48258,45,1
1771463343.6788442,199_2,199,das_work,7.516742944717407,48258,46,1
1771463343.679373,198_3,198,das_work,3.3625025749206543,48258,46,1
1771463343.7137911,196_3,196,das_work,5.7673821449279785,48258,46,1
1771463343.7204974,197_3,197,das_work,2.607221364974976,48258,46,1
1771463355.6732855,199_3,199,das_work,7.480842113494873,48258,47,1
1771463355.68042,197_3,197,das_work,2.295624017715454,48258,47,1
1771463355.704379,198_3,198,das_work,9.43559217453003,48258,47,1
1771463355.7175913,196_3,196,das_work,4.341200351715088,48258,47,1
1771463367.6868882,197_3,197,das_work,4.38743782043457,48258,48,1
1771463367.6911452,196_3,196,das_work,0.5336003303527832,48258,48,1
1771463367.6963203,198_3,198,das_work,7.955124616622925,48258,48,1
1771463367.7072625,199_3,199,das_work,8.053107261657715,48258,48,1
1771463379.6696346,197_3,197,das_work,4.613591909408569,48258,49,1
1771463379.6767468,199_3,199,das_work,1.5153193473815918,48258,49,1
1771463379.7130928,198_3,198,das_work,5.66479754447937,48258,49,1
1771463379.7136126,196_3,196,das_work,7.14473295211792,48258,49,1
1771463391.661369,199_3,199,das_work,8.774508476257324,48258,50,1
1771463391.6656387,198_3,198,das_work,4.892717123031616,48258,50,1
1771463391.668378,197_3,197,das_work,1.8693535327911377,48258,50,1
1771463391.6744704,196_3,196,das_work,4.437540292739868,48258,50,1
1771463403.6915553,196_3,196,das_work,4.54453182220459,48258,51,1
1771463403.6993425,199_3,199,das_work,8.77648401260376,48258,51,1
1771463403.705841,197_3,197,das_work,8.780243635177612,48258,51,1
1771463403.712545,198_3,198,das_work,2.015657901763916,48258,51,1
1771463415.6760025,199_3,199,das_work,2.504127025604248,48258,52,1
1771463415.6806931,197_3,197,das_work,0.9136855602264404,48258,52,1
1771463415.7131886,198_3,198,das_work,6.985077142715454,48258,52,1
1771463415.7216866,196_3,196,das_work,2.8791489601135254,48258,52,1
1771463427.6690583,196_3,196,das_work,6.209848642349243,48258,53,1
1771463427.6701508,199_3,199,das_work,5.343517541885376,48258,53,1
1771463427.6806946,197_3,197,das_work,7.673757314682007,48258,53,1
1771463427.6985586,198_3,198,das_work,6.813268423080444,48258,53,1
1771463439.6725552,196_3,196,das_work,1.409696102142334,48258,54,1
1771463439.68252,198_3,198,das_work,3.4032537937164307,48258,54,1
1771463439.6869674,199_3,199,das_work,9.820941686630247,48258,54,1
1771463439.6975286,197_3,197,das_work,7.433735609054565,48258,54,1
1771463451.670822,199_3,199,das_work,7.312650203704834,48258,55,1
1771463451.672868,198_3,198,das_work,3.245568990707397,48258,55,1
1771463451.687686,197_3,197,das_work,0.8821465969085693,48258,55,1
1771463451.7124643,196_3,196,das_work,6.699172019958496,48258,55,1
1771463463.6781175,199_3,199,das_work,4.706404447555542,48258,56,1
1771463463.6898367,198_4,198,das_work,1.7390618324279783,48258,56,1
1771463463.6983142,197_4,197,das_work,5.288654804229736,48258,56,1
1771463463.698965,196_4,196,das_work,8.685234069824219,48258,56,1
1771463475.669386,199_4,199,das_work,3.1420066356658936,48258,57,1
1771463475.6878605,198_4,198,das_work,5.5730369091033936,48258,57,1
1771463475.6953175,197_4,197,das_work,7.72780179977417,48258,57,1
1771463475.723014,196_4,196,das_work,1.193061590194702,48258,57,1
1771463487.658008,196_4,196,das_work,5.691920280456543,48258,58,1
1771463487.6712136,199_4,199,das_work,3.885929822921753,48258,58,1
1771463487.6745455,198_4,198,das_work,5.853454113006592,48258,58,1
1771463487.6770284,197_4,197,das_work,9.142851829528809,48258,58,1
1771463499.634718,196_4,196,das_work,1.891296625137329,48258,59,1
1771463499.6382778,197_4,197,das_work,5.486202239990234,48258,59,1
1771463499.646918,198_4,198,das_work,9.58638310432434,48258,59,1
1771463499.666427,199_4,199,das_work,6.078432321548462,48258,59,1
1771463511.6381352,198_4,198,das_work,0.2419898509979248,48258,60,1
1771463511.6398647,199_4,199,das_work,2.401467800140381,48258,60,1
1771463511.645517,197_4,197,das_work,2.220187902450561,48258,60,1
1771463511.6563427,196_4,196,das_work,5.0754554271698,48258,60,1
1771463523.6220846,197_4,197,das_work,3.892947673797608,48258,61,1
1771463523.6306689,198_4,198,das_work,7.3011534214019775,48258,61,1
1771463523.630875,199_4,199,das_work,3.930671453475952,48258,61,1
1771463535.591953,198_4,198,das_work,4.8993754386901855,48258,62,1
1771463535.5927384,197_4,197,das_work,3.5643351078033447,48258,62,1
1771463535.5932848,196_4,196,das_work,12.00065851211548,48258,62,1
1771463535.6049883,199_4,199,das_work,5.55930757522583,48258,62,1
1771463547.6001842,198_4,198,das_work,2.4096546173095703,48258,63,1
1771463547.6167085,199_4,199,das_work,8.95412564277649,48258,63,1
1771463547.6172662,196_4,196,das_work,5.775469064712524,48258,63,1
1771463547.6205428,197_4,197,das_work,2.378081798553467,48258,63,1
1771463559.5516922,199_4,199,das_work,1.3685731887817385,48258,64,1
1771463559.552218,197_4,197,das_work,9.435266256332396,48258,64,1
1771463559.596558,198_4,198,das_work,4.82874059677124,48258,64,1
1771463559.6042545,196_4,196,das_work,5.3358848094940186,48258,64,1
1771463571.5620298,196_4,196,das_work,5.139157772064209,48258,65,1
1771463571.5635204,199_4,199,das_work,7.706172704696655,48258,65,1
1771463571.5867708,198_4,198,das_work,0.6535854339599609,48258,65,1
1771463571.5909426,197_4,197,das_work,2.486264944076538,48258,65,1
1771463583.5495949,199_4,199,das_work,3.7168798446655273,48258,66,1
1771463583.6124823,196_4,196,das_work,2.49971342086792,48258,66,1
1771462887.639664,18_0,18,das_work,5.756331920623779,48258,8,1
1771462899.5834844,18_0,18,das_work,3.8153152465820312,48258,9,1
1771462899.6043391,17_0,17,das_work,1.7867193222045898,48258,9,1
1771462899.604488,19_0,19,das_work,3.316145896911621,48258,9,1
1771462899.6259174,16_0,16,das_work,2.2776525020599365,48258,9,1
1771462911.6301246,17_0,17,das_work,6.2976789474487305,48258,10,1
1771462911.6306963,19_0,19,das_work,6.396403551101685,48258,10,1
1771462911.6388724,16_0,16,das_work,8.81211233139038,48258,10,1
1771462911.652423,18_0,18,das_work,2.076332092285156,48258,10,1
1771462923.6169918,17_0,17,das_work,2.9156806468963623,48258,11,1
1771462923.620778,18_0,18,das_work,7.952326774597168,48258,11,1
1771462923.628706,19_0,19,das_work,7.635874509811401,48258,11,1
1771462923.6356623,16_0,16,das_work,5.863222122192383,48258,11,1
1771462935.6221974,18_0,18,das_work,6.842618703842163,48258,12,1
1771462935.625786,16_0,16,das_work,9.910366296768188,48258,12,1
1771462935.6294258,17_0,17,das_work,3.063415050506592,48258,12,1
1771462935.6371906,19_0,19,das_work,2.412856340408325,48258,12,1
1771462947.6483133,19_0,19,das_work,7.832037925720215,48258,13,1
1771462947.6549315,16_0,16,das_work,6.374363422393799,48258,13,1
1771462947.6589832,17_0,17,das_work,3.940088272094727,48258,13,1
1771462947.659822,18_0,18,das_work,6.057441711425781,48258,13,1
1771462959.6736772,19_0,19,das_work,3.3692402839660645,48258,14,1
1771462959.691382,18_0,18,das_work,3.272528886795044,48258,14,1
1771462959.6940072,17_0,17,das_work,8.429259300231934,48258,14,1
1771462959.7011802,16_0,16,das_work,1.4142632484436035,48258,14,1
1771462971.6787114,16_0,16,das_work,5.311525821685791,48258,15,1
1771462971.6858432,18_0,18,das_work,10.14303183555603,48258,15,1
1771462971.6863558,19_0,19,das_work,5.81912088394165,48258,15,1
1771462971.6877787,17_0,17,das_work,0.6762762069702148,48258,15,1
1771462983.689705,17_0,17,das_work,7.779926300048828,48258,16,1
1771462983.693752,18_0,18,das_work,8.069055795669556,48258,16,1
1771462983.701731,16_0,16,das_work,0.4654595851898193,48258,16,1
1771462983.7043352,19_0,19,das_work,2.7819159030914307,48258,16,1
1771462995.702918,18_0,18,das_work,8.81734824180603,48258,17,1
1771462995.719457,19_0,19,das_work,2.0962603092193604,48258,17,1
1771462995.72996,17_0,17,das_work,6.967682123184204,48258,17,1
1771462995.7309234,16_0,16,das_work,2.1810004711151123,48258,17,1
1771463007.6894965,16_0,16,das_work,1.9387977123260496,48258,18,1
1771463007.7056882,18_1,18,das_work,6.96417760848999,48258,18,1
1771463007.724824,19_0,19,das_work,5.474774122238159,48258,18,1
1771463007.7332978,17_0,17,das_work,7.337494134902954,48258,18,1
1771463019.6921167,17_1,17,das_work,6.098296880722046,48258,19,1
1771463019.7095673,16_1,16,das_work,7.58842396736145,48258,19,1
1771463019.7100809,19_1,19,das_work,9.078736305236816,48258,19,1
1771463019.7252495,18_1,18,das_work,4.689502000808716,48258,19,1
1771463031.695863,19_1,19,das_work,8.31933331489563,48258,20,1
1771463031.6991017,17_1,17,das_work,6.49355936050415,48258,20,1
1771463031.701261,16_1,16,das_work,5.126359939575195,48258,20,1
1771463031.730857,18_1,18,das_work,9.851139545440674,48258,20,1
1771463043.688801,19_1,19,das_work,5.843261480331421,48258,21,1
1771463043.6916103,16_1,16,das_work,5.777243614196777,48258,21,1
1771463043.695935,18_1,18,das_work,1.5707051753997805,48258,21,1
1771463043.6965506,17_1,17,das_work,1.7576344013214111,48258,21,1
1771463055.71303,17_1,17,das_work,2.982691764831543,48258,22,1
1771463055.7176204,16_1,16,das_work,2.889321804046631,48258,22,1
1771463055.7218554,18_1,18,das_work,7.179566383361816,48258,22,1
1771463055.7278917,19_1,19,das_work,2.9554286003112797,48258,22,1
1771463067.700106,18_1,18,das_work,7.458364486694336,48258,23,1
1771463067.7014215,17_1,17,das_work,2.0516059398651123,48258,23,1
1771463067.7198026,19_1,19,das_work,3.982274055480957,48258,23,1
1771463067.7205188,16_1,16,das_work,1.729487657546997,48258,23,1
1771463079.688482,16_1,16,das_work,7.49757719039917,48258,24,1
1771463079.7051904,17_1,17,das_work,8.58165192604065,48258,24,1
1771463079.7083864,18_1,18,das_work,2.8774986267089844,48258,24,1
1771463079.7206511,19_1,19,das_work,6.281369924545288,48258,24,1
1771463091.7230256,18_1,18,das_work,3.402726888656616,48258,25,1
1771463091.7248976,19_1,19,das_work,6.364680528640747,48258,25,1
1771463091.7261577,17_1,17,das_work,6.950660705566406,48258,25,1
1771463091.7310033,16_1,16,das_work,0.6142022609710693,48258,25,1
1771463103.6916063,18_1,18,das_work,5.11895489692688,48258,26,1
1771463103.712175,17_1,17,das_work,7.886395931243896,48258,26,1
1771463103.7134302,16_1,16,das_work,7.771480560302734,48258,26,1
1771463103.7181158,19_1,19,das_work,7.7039690017700195,48258,26,1
1771463115.6898162,18_1,18,das_work,4.8017988204956055,48258,27,1
1771463115.6939752,19_1,19,das_work,5.134342908859253,48258,27,1
1771463115.696649,16_1,16,das_work,5.846353530883789,48258,27,1
1771463115.7097533,17_1,17,das_work,6.458112955093384,48258,27,1
1771463127.6811666,16_1,16,das_work,4.361701488494873,48258,28,1
1771463127.6820943,18_2,18,das_work,5.99819540977478,48258,28,1
1771463127.6931405,17_1,17,das_work,5.373539447784424,48258,28,1
1771463127.698957,19_1,19,das_work,7.09045147895813,48258,28,1
1771463139.6770277,16_2,16,das_work,8.359924077987671,48258,29,1
1771463139.6865103,19_2,19,das_work,9.28132438659668,48258,29,1
1771463139.7102492,17_2,17,das_work,7.11148476600647,48258,29,1
1771463139.7157855,18_2,18,das_work,7.001425266265869,48258,29,1
1771463151.682359,17_2,17,das_work,7.281437158584595,48258,30,1
1771463151.6914072,16_2,16,das_work,8.260918617248535,48258,30,1
1771463151.708854,19_2,19,das_work,6.922043800354004,48258,30,1
1771463151.7191682,18_2,18,das_work,2.255286931991577,48258,30,1
1771463163.6815386,19_2,19,das_work,3.3493826389312744,48258,31,1
1771463163.7039454,18_2,18,das_work,2.0119004249572754,48258,31,1
1771463163.7096162,17_2,17,das_work,5.50205135345459,48258,31,1
1771463163.7252083,16_2,16,das_work,4.858242750167847,48258,31,1
1771463175.680859,19_2,19,das_work,8.67922306060791,48258,32,1
1771463175.6887853,18_2,18,das_work,1.522118091583252,48258,32,1
1771463175.7063758,17_2,17,das_work,3.0718648433685303,48258,32,1
1771463175.7274425,16_2,16,das_work,0.9154419898986816,48258,32,1
1771463187.679908,18_2,18,das_work,2.8269646167755127,48258,33,1
1771463187.6895778,17_2,17,das_work,1.9246950149536133,48258,33,1
1771463187.6919384,16_2,16,das_work,9.019473314285278,48258,33,1
1771463187.69252,19_2,19,das_work,4.297162771224976,48258,33,1
1771463199.6949992,17_2,17,das_work,9.064374923706056,48258,34,1
1771463199.6981716,18_2,18,das_work,6.888787746429443,48258,34,1
1771463199.7029333,19_2,19,das_work,3.794985771179199,48258,34,1
1771463199.7311516,16_2,16,das_work,4.874117612838745,48258,34,1
1771463211.6805773,17_2,17,das_work,3.054081678390503,48258,35,1
1771463211.6837754,19_2,19,das_work,4.142736196517944,48258,35,1
1771463211.7005663,16_2,16,das_work,4.983760833740234,48258,35,1
1771463211.7116156,18_2,18,das_work,5.892363548278809,48258,35,1
1771463223.6774518,17_2,17,das_work,4.903014898300171,48258,36,1
1771463223.6931884,18_2,18,das_work,2.549598217010498,48258,36,1
1771463223.6939318,16_2,16,das_work,7.391332387924194,48258,36,1
1771463223.695193,19_2,19,das_work,6.466962099075317,48258,36,1
1771463235.6756516,17_2,17,das_work,8.560893297195435,48258,37,1
1771463235.6772866,18_2,18,das_work,1.6941182613372805,48258,37,1
1771463235.7013888,16_2,16,das_work,4.441684722900391,48258,37,1
1771463235.7095568,19_2,19,das_work,5.197913646697998,48258,37,1
1771463247.6723142,16_2,16,das_work,9.740676164627075,48258,38,1
1771463247.6814034,18_3,18,das_work,1.5817854404449463,48258,38,1
1771463247.684788,17_2,17,das_work,6.702917575836182,48258,38,1
1771463247.6943748,19_2,19,das_work,2.033986568450928,48258,38,1
1771463259.6779923,17_3,17,das_work,0.7073183059692383,48258,39,1
1771463259.680437,16_3,16,das_work,5.780447483062744,48258,39,1
1771463259.6811805,19_3,19,das_work,4.508235692977905,48258,39,1
1771463259.7030506,18_3,18,das_work,5.456404685974121,48258,39,1
1771463271.667034,16_3,16,das_work,4.529765367507935,48258,40,1
1771463271.6765144,18_3,18,das_work,5.63723611831665,48258,40,1
1771463271.6810746,17_3,17,das_work,5.440164804458618,48258,40,1
1771463271.7146995,19_3,19,das_work,2.8792660236358643,48258,40,1
1771463283.6609862,18_3,18,das_work,1.1903584003448486,48258,41,1
1771463283.6789656,16_3,16,das_work,2.384902000427246,48258,41,1
1771463283.6970708,17_3,17,das_work,4.565623998641968,48258,41,1
1771463283.69763,19_3,19,das_work,9.270463943481444,48258,41,1
1771463295.6674826,18_3,18,das_work,7.565109252929687,48258,42,1
1771463295.6720924,16_3,16,das_work,4.168186664581299,48258,42,1
1771463295.7000785,17_3,17,das_work,6.9033496379852295,48258,42,1
1771463295.7095711,19_3,19,das_work,8.764795303344727,48258,42,1
1771463307.682334,19_3,19,das_work,2.322303771972656,48258,43,1
1771463307.68356,18_3,18,das_work,4.880951881408691,48258,43,1
1771463307.688828,16_3,16,das_work,5.61802339553833,48258,43,1
1771463307.6957054,17_3,17,das_work,1.4744412899017334,48258,43,1
1771463319.6772966,18_3,18,das_work,8.184969425201416,48258,44,1
1771463319.684863,17_3,17,das_work,2.9205899238586426,48258,44,1
1771463319.6988735,19_3,19,das_work,2.2812280654907227,48258,44,1
1771463319.7038665,16_3,16,das_work,7.38355565071106,48258,44,1
1771463331.6948614,16_3,16,das_work,4.1352362632751465,48258,45,1
1771463331.6982052,18_3,18,das_work,9.49224042892456,48258,45,1
1771463331.7162745,17_3,17,das_work,1.977487564086914,48258,45,1
1771463331.726174,19_3,19,das_work,6.331570625305176,48258,45,1
1771463343.6839554,19_3,19,das_work,0.7384366989135742,48258,46,1
1771463343.686665,16_3,16,das_work,5.916747331619263,48258,46,1
1771463343.6892595,18_3,18,das_work,8.574495077133179,48258,46,1
1771463343.690567,17_3,17,das_work,9.548118352890016,48258,46,1
1771463355.6955352,17_3,17,das_work,7.782490015029907,48258,47,1
1771463355.7074878,16_3,16,das_work,7.496156930923462,48258,47,1
1771463355.7167404,18_3,18,das_work,7.714925050735474,48258,47,1
1771463355.717937,19_3,19,das_work,7.705110311508179,48258,47,1
1771463367.6798244,16_3,16,das_work,2.8438875675201416,48258,48,1
1771463367.7010355,17_3,17,das_work,7.936261653900146,48258,48,1
1771463367.7094262,19_3,19,das_work,1.0947954654693604,48258,48,1
1771463367.733179,18_4,18,das_work,6.916419267654419,48258,48,1
1771463379.6762044,18_4,18,das_work,7.49540114402771,48258,49,1
1771463379.6901596,17_4,17,das_work,8.56838583946228,48258,49,1
1771463379.7101705,19_4,19,das_work,0.7504787445068359,48258,49,1
1771463379.7122147,16_4,16,das_work,7.890392541885376,48258,49,1
1771463391.65801,18_4,18,das_work,3.795816421508789,48258,50,1
1771463391.664451,16_4,16,das_work,5.01647424697876,48258,50,1
1771463391.6901772,19_4,19,das_work,4.555538177490234,48258,50,1
1771463391.6991255,17_4,17,das_work,8.882925987243652,48258,50,1
1771463403.670746,18_4,18,das_work,8.274121761322021,48258,51,1
1771463403.676233,19_4,19,das_work,2.119902372360229,48258,51,1
1771463403.693349,16_4,16,das_work,1.4980731010437012,48258,51,1
1771463403.7139018,17_4,17,das_work,0.7598364353179932,48258,51,1
1771463415.691822,18_4,18,das_work,2.335932493209839,48258,52,1
1771463415.6965592,19_4,19,das_work,3.431898593902588,48258,52,1
1771463415.7055748,17_4,17,das_work,6.499145030975342,48258,52,1
1771463415.7074645,16_4,16,das_work,2.908367156982422,48258,52,1
1771463427.6801891,16_4,16,das_work,3.6781740188598633,48258,53,1
1771463427.6826632,18_4,18,das_work,6.553229808807373,48258,53,1
1771463427.7114637,19_4,19,das_work,8.407412052154541,48258,53,1
1771463427.7134857,17_4,17,das_work,9.71598982810974,48258,53,1
1771463439.6713457,16_4,16,das_work,2.0763840675354004,48258,54,1
1771463439.697266,17_4,17,das_work,5.60029673576355,48258,54,1
1771463439.7032938,18_4,18,das_work,9.02290940284729,48258,54,1
1771463439.71097,19_4,19,das_work,2.280100584030152,48258,54,1
1771463451.6887977,18_4,18,das_work,1.3543553352355957,48258,55,1
1771463451.689614,16_4,16,das_work,4.009210109710693,48258,55,1
1771463451.6964798,17_4,17,das_work,1.0008430480957031,48258,55,1
1771463451.7016387,19_4,19,das_work,6.773347854614258,48258,55,1
1771463463.673866,18_4,18,das_work,3.73887038230896,48258,56,1
1771463463.6939242,19_4,19,das_work,6.586884021759033,48258,56,1
1771463463.7109437,16_4,16,das_work,3.823305368423462,48258,56,1
1771463463.7117484,17_4,17,das_work,7.742246389389038,48258,56,1
1771463475.674147,19_4,19,das_work,3.1164326667785645,48258,57,1
1771463475.6842828,16_4,16,das_work,5.65352725982666,48258,57,1
1771463475.6962264,18_4,18,das_work,1.8626127243041992,48258,57,1
1771463475.7184644,17_4,17,das_work,4.34569525718689,48258,57,1
1771463487.6528652,19_4,19,das_work,7.457931041717529,48258,58,1
1771463487.6908555,16_4,16,das_work,4.508083343505859,48258,58,1
1771463487.6935894,17_4,17,das_work,9.067715644836426,48258,58,1
1771462887.604737,20_0,20,das_work,1.1667530536651611,48258,8,1
1771462899.6255765,20_0,20,das_work,0.7493793964385986,48258,9,1
1771462899.64189,22_0,22,das_work,12.00769829750061,48258,9,1
1771462899.6437452,23_0,23,das_work,7.89480996131897,48258,9,1
1771462911.5967872,23_0,23,das_work,1.671186923980713,48258,10,1
1771462911.6120632,20_0,20,das_work,8.11812138557434,48258,10,1
1771462911.6129222,22_0,22,das_work,3.6176605224609375,48258,10,1
1771462911.632855,21_0,21,das_work,12.104346513748167,48258,10,1
1771462923.6216934,23_0,23,das_work,8.629939556121826,48258,11,1
1771462923.6318405,20_0,20,das_work,4.589190721511841,48258,11,1
1771462923.6359377,22_0,22,das_work,3.508810520172119,48258,11,1
1771462923.638414,21_0,21,das_work,2.487937688827514,48258,11,1
1771462935.6238832,20_0,20,das_work,8.65142297744751,48258,12,1
1771462935.625535,23_0,23,das_work,8.623206615447998,48258,12,1
1771462935.630778,22_0,22,das_work,4.6437811851501465,48258,12,1
1771462935.637652,21_0,21,das_work,3.627585649490357,48258,12,1
1771462947.653488,23_0,23,das_work,9.686860799789429,48258,13,1
1771462947.6600404,22_0,22,das_work,2.1674771308898926,48258,13,1
1771462947.6622329,21_0,21,das_work,2.4568819999694824,48258,13,1
1771462947.6629243,20_0,20,das_work,3.729460716247559,48258,13,1
1771462959.66181,20_0,20,das_work,4.22778844833374,48258,14,1
1771462959.662471,23_0,23,das_work,6.079571485519409,48258,14,1
1771462959.6747844,22_0,22,das_work,6.86205530166626,48258,14,1
1771462959.6837702,21_0,21,das_work,2.161207914352417,48258,14,1
1771462971.6852446,20_0,20,das_work,7.555013418197632,48258,15,1
1771462971.7046156,22_0,22,das_work,1.613062858581543,48258,15,1
1771462971.709756,23_0,23,das_work,7.210838317871094,48258,15,1
1771462971.7212288,21_0,21,das_work,8.325573205947876,48258,15,1
1771462983.7051442,22_0,22,das_work,8.71070909500122,48258,16,1
1771462983.7065327,23_0,23,das_work,4.176419973373413,48258,16,1
1771462983.7077396,21_0,21,das_work,9.339295864105225,48258,16,1
1771462983.723169,20_0,20,das_work,2.036463022232056,48258,16,1
1771462995.707885,20_0,20,das_work,5.8888444900512695,48258,17,1
1771462995.710766,22_0,22,das_work,4.5723865032196045,48258,17,1
1771462995.7137442,21_0,21,das_work,8.799709558486938,48258,17,1
1771462995.7201414,23_0,23,das_work,6.032301425933838,48258,17,1
1771463007.6850655,23_0,23,das_work,1.5065019130706787,48258,18,1
1771463007.7071626,20_1,20,das_work,7.917864561080933,48258,18,1
1771463007.7115946,22_0,22,das_work,6.804414749145508,48258,18,1
1771463007.7356522,21_0,21,das_work,0.924938440322876,48258,18,1
1771463019.6845868,21_0,21,das_work,2.018970489501953,48258,19,1
1771463019.6869864,20_1,20,das_work,6.743350505828857,48258,19,1
1771463019.7009754,22_1,22,das_work,5.033944606781006,48258,19,1
1771463019.712588,23_1,23,das_work,5.465304136276245,48258,19,1
1771463031.6828818,22_1,22,das_work,5.4108476638793945,48258,20,1
1771463031.692546,21_1,21,das_work,1.9817070960998533,48258,20,1
1771463031.7064426,20_1,20,das_work,6.55227518081665,48258,20,1
1771463031.7091548,23_1,23,das_work,9.463998079299929,48258,20,1
1771463043.6861372,21_1,21,das_work,8.873839616775513,48258,21,1
1771463043.7108948,23_1,23,das_work,1.7080280780792236,48258,21,1
1771463043.7202852,22_1,22,das_work,9.331108808517456,48258,21,1
1771463043.7299345,20_1,20,das_work,2.8847885131835938,48258,21,1
1771463055.6854796,20_1,20,das_work,8.212170124053955,48258,22,1
1771463055.694613,21_1,21,das_work,9.668163299560549,48258,22,1
1771463055.7203317,22_1,22,das_work,10.002767086029053,48258,22,1
1771463055.7326026,23_1,23,das_work,2.051246404647827,48258,22,1
1771463067.6811423,20_1,20,das_work,4.07140064239502,48258,23,1
1771463067.714212,22_1,22,das_work,3.2572758197784424,48258,23,1
1771463067.7201962,21_1,21,das_work,2.268638134002685,48258,23,1
1771463067.720714,23_1,23,das_work,3.356447458267212,48258,23,1
1771463079.6822877,23_1,23,das_work,9.179653644561768,48258,24,1
1771463079.7027333,22_1,22,das_work,3.440971612930298,48258,24,1
1771463079.713509,21_1,21,das_work,9.71612024307251,48258,24,1
1771463079.7184837,20_1,20,das_work,8.813996315002441,48258,24,1
1771463091.69841,21_1,21,das_work,2.5015623569488525,48258,25,1
1771463091.7183063,22_1,22,das_work,9.673296213150024,48258,25,1
1771463091.730125,23_1,23,das_work,2.802147150039673,48258,25,1
1771463091.7415435,20_1,20,das_work,4.959453821182251,48258,25,1
1771463103.6808443,23_1,23,das_work,6.851707220077515,48258,26,1
1771463103.6911476,20_1,20,das_work,5.571175575256348,48258,26,1
1771463103.7072842,22_1,22,das_work,5.610412359237671,48258,26,1
1771463103.722027,21_1,21,das_work,1.5501251220703125,48258,26,1
1771463115.6937027,20_1,20,das_work,4.806003570556641,48258,27,1
1771463115.7026794,21_1,21,das_work,8.348574161529541,48258,27,1
1771463115.7059844,23_1,23,das_work,6.149381875991821,48258,27,1
1771463115.7312024,22_1,22,das_work,2.719914674758911,48258,27,1
1771463127.6852176,21_1,21,das_work,6.38065242767334,48258,28,1
1771463127.7017193,23_1,23,das_work,4.0063536167144775,48258,28,1
1771463127.7094402,22_1,22,das_work,7.495497703552246,48258,28,1
1771463127.7223291,20_2,20,das_work,3.8236660957336426,48258,28,1
1771463139.68541,21_1,21,das_work,2.4225590229034424,48258,29,1
1771463139.689972,20_2,20,das_work,1.1789438724517822,48258,29,1
1771463139.697833,22_2,22,das_work,6.2058093547821045,48258,29,1
1771463139.706313,23_2,23,das_work,5.062290668487549,48258,29,1
1771463151.707579,20_2,20,das_work,2.740767240524292,48258,30,1
1771463151.714728,22_2,22,das_work,2.114341735839844,48258,30,1
1771463151.7274644,21_2,21,das_work,9.011601209640505,48258,30,1
1771463151.7320564,23_2,23,das_work,2.8120927810668945,48258,30,1
1771463163.7064602,21_2,21,das_work,7.425224304199219,48258,31,1
1771463163.7138965,23_2,23,das_work,7.834238529205322,48258,31,1
1771463163.729575,20_2,20,das_work,3.849585056304932,48258,31,1
1771463163.7301335,22_2,22,das_work,8.478073596954346,48258,31,1
1771463175.7016354,21_2,21,das_work,5.509730339050293,48258,32,1
1771463175.708835,20_2,20,das_work,5.669537305831909,48258,32,1
1771463175.7102988,22_2,22,das_work,4.436175584793091,48258,32,1
1771463175.7122345,23_2,23,das_work,7.838976621627808,48258,32,1
1771463187.6711702,21_2,21,das_work,8.526196956634521,48258,33,1
1771463187.6850667,22_2,22,das_work,7.771320581436157,48258,33,1
1771463187.690266,23_2,23,das_work,4.125217437744141,48258,33,1
1771463187.691745,20_2,20,das_work,6.340631723403931,48258,33,1
1771463199.6893978,21_2,21,das_work,6.081779479980469,48258,34,1
1771463199.7176282,20_2,20,das_work,10.157408952713013,48258,34,1
1771463199.7241926,22_2,22,das_work,3.4949991703033447,48258,34,1
1771463199.736375,23_2,23,das_work,4.009010553359985,48258,34,1
1771463211.6961603,21_2,21,das_work,6.473911285400391,48258,35,1
1771463211.7007666,23_2,23,das_work,1.6958880424499512,48258,35,1
1771463211.7040598,22_2,22,das_work,4.181132793426514,48258,35,1
1771463211.715591,20_2,20,das_work,5.766617059707642,48258,35,1
1771463223.665335,23_2,23,das_work,9.102373361587524,48258,36,1
1771463223.66868,20_2,20,das_work,7.552103042602539,48258,36,1
1771463223.6691988,22_2,22,das_work,2.5787627696990967,48258,36,1
1771463223.703001,21_2,21,das_work,6.326824426651001,48258,36,1
1771463235.674955,23_2,23,das_work,2.9122862815856934,48258,37,1
1771463235.6861258,22_2,22,das_work,7.974740982055664,48258,37,1
1771463235.7031589,21_2,21,das_work,7.04610538482666,48258,37,1
1771463235.7097723,20_2,20,das_work,6.695028781890869,48258,37,1
1771463247.669797,20_3,20,das_work,7.06939435005188,48258,38,1
1771463247.672182,23_2,23,das_work,8.499390840530396,48258,38,1
1771463247.7080486,22_2,22,das_work,6.458856582641602,48258,38,1
1771463247.7121902,21_2,21,das_work,10.309836149215698,48258,38,1
1771463259.6631432,20_3,20,das_work,8.338315963745117,48258,39,1
1771463259.671429,22_3,22,das_work,10.013080835342407,48258,39,1
1771463259.699061,23_3,23,das_work,3.5196316242218018,48258,39,1
1771463259.7101066,21_2,21,das_work,0.3073804378509521,48258,39,1
1771463271.68056,21_3,21,das_work,9.285730361938477,48258,40,1
1771463271.6942508,20_3,20,das_work,4.277601718902588,48258,40,1
1771463271.712664,22_3,22,das_work,5.4548985958099365,48258,40,1
1771463271.714367,23_3,23,das_work,2.378917694091797,48258,40,1
1771463283.663942,21_3,21,das_work,7.353868961334228,48258,41,1
1771463283.6682143,23_3,23,das_work,1.667733669281006,48258,41,1
1771463283.668775,20_3,20,das_work,5.500705242156982,48258,41,1
1771463283.7012448,22_3,22,das_work,3.113250255584717,48258,41,1
1771463295.6648169,21_3,21,das_work,4.530540943145752,48258,42,1
1771463295.6682873,20_3,20,das_work,8.47590684890747,48258,42,1
1771463295.677979,23_3,23,das_work,8.820266962051392,48258,42,1
1771463295.6904168,22_3,22,das_work,0.5918099880218506,48258,42,1
1771463307.6844273,21_3,21,das_work,5.40960168838501,48258,43,1
1771463307.688014,20_3,20,das_work,6.6697258949279785,48258,43,1
1771463307.696334,23_3,23,das_work,1.2904367446899414,48258,43,1
1771463307.7015731,22_3,22,das_work,5.285602807998657,48258,43,1
1771463319.6679907,22_3,22,das_work,2.8949551582336426,48258,44,1
1771463319.674784,21_3,21,das_work,3.900097131729126,48258,44,1
1771463319.68481,23_3,23,das_work,8.732109069824219,48258,44,1
1771463319.6854854,20_3,20,das_work,9.36916160583496,48258,44,1
1771463331.6860282,20_3,20,das_work,7.711439371109009,48258,45,1
1771463331.7223537,21_3,21,das_work,8.661985397338867,48258,45,1
1771463331.7243576,23_3,23,das_work,6.073175668716431,48258,45,1
1771463331.72497,22_3,22,das_work,2.866672992706299,48258,45,1
1771463343.6963758,20_3,20,das_work,3.028626680374145,48258,46,1
1771463343.697498,23_3,23,das_work,9.07715392112732,48258,46,1
1771463343.6982353,22_3,22,das_work,7.021499633789063,48258,46,1
1771463343.7023332,21_3,21,das_work,8.747752904891968,48258,46,1
1771463355.6707373,20_3,20,das_work,3.832123279571533,48258,47,1
1771463355.6812763,23_3,23,das_work,6.938046455383301,48258,47,1
1771463355.6847315,22_3,22,das_work,1.3949098587036133,48258,47,1
1771463355.691003,21_3,21,das_work,2.976465940475464,48258,47,1
1771463367.6850245,20_4,20,das_work,7.337141275405884,48258,48,1
1771463367.687747,21_3,21,das_work,1.6495630741119385,48258,48,1
1771463367.702215,22_3,22,das_work,3.758239507675171,48258,48,1
1771463367.7069256,23_3,23,das_work,3.2656848430633545,48258,48,1
1771463379.6752613,23_4,23,das_work,5.463473558425903,48258,49,1
1771463379.689917,22_4,22,das_work,8.183432579040527,48258,49,1
1771463379.6955533,20_4,20,das_work,2.5610783100128174,48258,49,1
1771463379.7075489,21_3,21,das_work,4.256124496459961,48258,49,1
1771463391.657659,20_4,20,das_work,8.381550312042236,48258,50,1
1771463391.6916692,21_4,21,das_work,2.2361984252929688,48258,50,1
1771463391.6983545,22_4,22,das_work,4.482907295227051,48258,50,1
1771463391.7003708,23_4,23,das_work,0.9946820735931396,48258,50,1
1771463403.6756666,21_4,21,das_work,1.037405252456665,48258,51,1
1771463403.6779928,22_4,22,das_work,3.841874361038208,48258,51,1
1771463403.7041278,23_4,23,das_work,2.369412422180176,48258,51,1
1771463403.716127,20_4,20,das_work,0.6719260215759277,48258,51,1
1771463415.6805422,23_4,23,das_work,4.114763498306274,48258,52,1
1771463415.6861098,21_4,21,das_work,8.021093845367432,48258,52,1
1771463415.698629,22_4,22,das_work,7.102531671524048,48258,52,1
1771463415.7053564,20_4,20,das_work,5.1449010372161865,48258,52,1
1771463427.7015693,21_4,21,das_work,2.9867310523986816,48258,53,1
1771463427.7041564,23_4,23,das_work,7.111710071563721,48258,53,1
1771463427.7055645,20_4,20,das_work,4.441806793212891,48258,53,1
1771463427.712925,22_4,22,das_work,5.391318082809448,48258,53,1
1771463439.6613104,22_4,22,das_work,3.8764779567718506,48258,54,1
1771463439.6648746,23_4,23,das_work,9.486876249313354,48258,54,1
1771463439.6771848,20_4,20,das_work,4.168950080871582,48258,54,1
1771463439.7013063,21_4,21,das_work,6.445521831512451,48258,54,1
1771463451.6774402,23_4,23,das_work,4.974494218826294,48258,55,1
1771463451.6891477,20_4,20,das_work,5.4210381507873535,48258,55,1
1771463451.711352,21_4,21,das_work,2.81866455078125,48258,55,1
1771463451.719736,22_4,22,das_work,4.778479099273682,48258,55,1
1771463463.6636806,23_4,23,das_work,4.404176235198975,48258,56,1
1771463463.699082,20_4,20,das_work,0.951667547225952,48258,56,1
1771463463.70096,22_4,22,das_work,4.484672784805298,48258,56,1
1771463463.7060623,21_4,21,das_work,8.845261573791504,48258,56,1
1771463475.670026,23_4,23,das_work,6.751634359359741,48258,57,1
1771463475.7061458,21_4,21,das_work,2.435486316680908,48258,57,1
1771463475.711326,20_4,20,das_work,9.065886974334717,48258,57,1
1771463475.714389,22_4,22,das_work,8.005517721176147,48258,57,1
1771463487.671816,21_4,21,das_work,2.5544586181640625,48258,58,1
1771463487.6915245,22_4,22,das_work,1.5128097534179688,48258,58,1
1771463487.6983025,23_4,23,das_work,6.120309352874756,48258,58,1
1771463499.6609116,21_4,21,das_work,6.675293207168579,48258,59,1
1771462899.584254,27_0,27,das_work,4.750480890274048,48258,9,1
1771462899.5847816,26_0,26,das_work,0.3452115058898926,48258,9,1
1771462899.656682,25_0,25,das_work,1.364168643951416,48258,9,1
1771462911.59612,27_0,27,das_work,9.55241847038269,48258,10,1
1771462911.5986564,25_0,25,das_work,9.165597915649414,48258,10,1
1771462911.6029882,24_0,24,das_work,8.389602422714233,48258,10,1
1771462911.652698,26_0,26,das_work,3.397770643234253,48258,10,1
1771462923.6270285,26_0,26,das_work,2.3977246284484863,48258,11,1
1771462923.628456,24_0,24,das_work,9.470319271087646,48258,11,1
1771462923.6378002,25_0,25,das_work,8.325736999511719,48258,11,1
1771462923.6524496,27_0,27,das_work,5.550464630126953,48258,11,1
1771462935.6229875,27_0,27,das_work,6.195231676101685,48258,12,1
1771462935.625415,26_0,26,das_work,6.067784309387207,48258,12,1
1771462935.662335,25_0,25,das_work,1.9864654541015625,48258,12,1
1771462935.6627944,24_0,24,das_work,3.2136950492858887,48258,12,1
1771462947.6409392,25_0,25,das_work,1.0581903457641602,48258,13,1
1771462947.6509523,27_0,27,das_work,9.116872787475586,48258,13,1
1771462947.6516082,24_0,24,das_work,7.630185842514038,48258,13,1
1771462947.65379,26_0,26,das_work,6.837005615234375,48258,13,1
1771462959.6744487,24_0,24,das_work,6.183207511901856,48258,14,1
1771462959.693168,25_0,25,das_work,5.742203235626221,48258,14,1
1771462959.6948664,27_0,27,das_work,2.9962074756622314,48258,14,1
1771462959.7006736,26_0,26,das_work,2.0337631702423096,48258,14,1
1771462971.696078,25_0,25,das_work,7.869596719741821,48258,15,1
1771462971.7004375,26_0,26,das_work,3.1388418674468994,48258,15,1
1771462971.70162,27_0,27,das_work,2.680225133895874,48258,15,1
1771462971.7082958,24_0,24,das_work,1.924696445465088,48258,15,1
1771462983.6909363,25_0,25,das_work,5.906780004501343,48258,16,1
1771462983.69776,27_0,27,das_work,7.65662145614624,48258,16,1
1771462983.7094998,26_0,26,das_work,1.5986242294311523,48258,16,1
1771462983.7268934,24_0,24,das_work,2.963270664215088,48258,16,1
1771462995.7040908,26_0,26,das_work,6.57758903503418,48258,17,1
1771462995.7149403,24_0,24,das_work,4.814938068389893,48258,17,1
1771462995.7222574,27_0,27,das_work,8.182849168777466,48258,17,1
1771462995.7276664,25_0,25,das_work,1.682955026626587,48258,17,1
1771463007.688615,26_0,26,das_work,5.629729509353638,48258,18,1
1771463007.7102916,27_0,27,das_work,1.6333305835723877,48258,18,1
1771463007.7212486,25_0,25,das_work,1.9800469875335691,48258,18,1
1771463007.724309,24_0,24,das_work,5.112650871276856,48258,18,1
1771463019.6951177,27_1,27,das_work,8.03453278541565,48258,19,1
1771463019.699047,24_0,24,das_work,6.094707250595093,48258,19,1
1771463019.704481,26_1,26,das_work,1.3830811977386477,48258,19,1
1771463019.7191155,25_1,25,das_work,1.0071959495544434,48258,19,1
1771463031.6882122,26_1,26,das_work,0.5270051956176758,48258,20,1
1771463031.7015145,24_1,24,das_work,8.457115888595581,48258,20,1
1771463031.7243805,25_1,25,das_work,1.0766589641571045,48258,20,1
1771463031.7279773,27_1,27,das_work,1.7939002513885498,48258,20,1
1771463043.7042615,27_1,27,das_work,2.180359125137329,48258,21,1
1771463043.7091105,25_1,25,das_work,6.983528137207031,48258,21,1
1771463043.71351,24_1,24,das_work,6.554953098297119,48258,21,1
1771463043.7235625,26_1,26,das_work,2.2980523109436035,48258,21,1
1771463055.7201035,25_1,25,das_work,2.6330511569976807,48258,22,1
1771463055.7234783,24_1,24,das_work,2.863368511199951,48258,22,1
1771463055.7289195,27_1,27,das_work,7.0619213581085205,48258,22,1
1771463055.731194,26_1,26,das_work,9.170055627822876,48258,22,1
1771463067.7018795,26_1,26,das_work,5.750272274017334,48258,23,1
1771463067.7061234,24_1,24,das_work,4.834995031356812,48258,23,1
1771463067.7073307,27_1,27,das_work,7.5028135776519775,48258,23,1
1771463067.7158697,25_1,25,das_work,1.5074129104614258,48258,23,1
1771463079.6917295,27_1,27,das_work,2.9714372158050537,48258,24,1
1771463079.7090988,26_1,26,das_work,9.9866783618927,48258,24,1
1771463079.7159958,24_1,24,das_work,3.718547821044922,48258,24,1
1771463079.717296,25_1,25,das_work,7.700102090835571,48258,24,1
1771463091.7276092,27_1,27,das_work,1.3788516521453855,48258,25,1
1771463091.7322586,25_1,25,das_work,2.188753128051758,48258,25,1
1771463091.7377703,26_1,26,das_work,7.689297676086426,48258,25,1
1771463091.74283,24_1,24,das_work,6.157536268234253,48258,25,1
1771463103.6773305,27_1,27,das_work,4.656578540802002,48258,26,1
1771463103.6942608,25_1,25,das_work,4.228299379348755,48258,26,1
1771463103.698952,24_1,24,das_work,7.17013430595398,48258,26,1
1771463103.7264347,26_1,26,das_work,9.01262068748474,48258,26,1
1771463115.711891,27_1,27,das_work,10.073144435882568,48258,27,1
1771463115.7212534,26_1,26,das_work,4.708842039108276,48258,27,1
1771463115.7281904,25_1,25,das_work,5.724719762802124,48258,27,1
1771463115.728871,24_1,24,das_work,6.74023699760437,48258,27,1
1771463127.6970415,27_1,27,das_work,8.352954626083374,48258,28,1
1771463127.7036874,25_1,25,das_work,4.6639275550842285,48258,28,1
1771463127.705882,24_1,24,das_work,5.188666105270386,48258,28,1
1771463127.7333095,26_1,26,das_work,5.974815368652344,48258,28,1
1771463139.677528,24_1,24,das_work,3.745527744293213,48258,29,1
1771463139.7043033,26_2,26,das_work,9.040603637695312,48258,29,1
1771463139.7100525,25_2,25,das_work,0.8701834678649902,48258,29,1
1771463139.7181568,27_2,27,das_work,8.70940351486206,48258,29,1
1771463151.68652,24_2,24,das_work,4.786863327026367,48258,30,1
1771463151.698636,27_2,27,das_work,7.585803270339966,48258,30,1
1771463151.6992054,25_2,25,das_work,9.2273588180542,48258,30,1
1771463151.7057662,26_2,26,das_work,8.191803216934204,48258,30,1
1771463163.6885624,24_2,24,das_work,4.261051654815674,48258,31,1
1771463163.7034006,26_2,26,das_work,1.6594138145446775,48258,31,1
1771463163.7054975,27_2,27,das_work,7.834524393081665,48258,31,1
1771463175.697319,25_2,25,das_work,12.15423035621643,48258,32,1
1771463175.7208836,24_2,24,das_work,8.98557710647583,48258,32,1
1771463175.7276807,27_2,27,das_work,3.593165159225464,48258,32,1
1771463175.7308226,26_2,26,das_work,6.131115436553955,48258,32,1
1771463187.6660006,26_2,26,das_work,3.032325267791748,48258,33,1
1771463187.6666634,24_2,24,das_work,1.2117202281951904,48258,33,1
1771463187.686833,25_2,25,das_work,7.456020593643188,48258,33,1
1771463187.6877844,27_2,27,das_work,2.38574743270874,48258,33,1
1771463199.693693,24_2,24,das_work,7.220026969909668,48258,34,1
1771463199.6964686,25_2,25,das_work,4.741151571273804,48258,34,1
1771463199.7148075,26_2,26,das_work,6.9702630043029785,48258,34,1
1771463199.728157,27_2,27,das_work,9.918350219726562,48258,34,1
1771463211.6885824,26_2,26,das_work,2.640824317932129,48258,35,1
1771463211.7035186,27_2,27,das_work,7.087404489517212,48258,35,1
1771463211.705747,24_2,24,das_work,4.1596152782440186,48258,35,1
1771463211.7301383,25_2,25,das_work,1.302342414855957,48258,35,1
1771463223.6633203,26_2,26,das_work,5.125604391098023,48258,36,1
1771463223.6806817,27_2,27,das_work,1.8318135738372805,48258,36,1
1771463223.697157,25_2,25,das_work,9.408643007278442,48258,36,1
1771463223.700093,24_2,24,das_work,8.85338306427002,48258,36,1
1771463235.674415,27_2,27,das_work,9.346617460250854,48258,37,1
1771463235.6758618,25_2,25,das_work,9.69392728805542,48258,37,1
1771463235.7236454,26_2,26,das_work,4.287179470062256,48258,37,1
1771463235.7263637,24_2,24,das_work,7.421921730041504,48258,37,1
1771463247.6950457,24_2,24,das_work,7.500857591629028,48258,38,1
1771463247.7046788,27_2,27,das_work,3.032850742340088,48258,38,1
1771463247.7068765,25_2,25,das_work,8.226982116699219,48258,38,1
1771463247.7139578,26_2,26,das_work,4.9538657665252686,48258,38,1
1771463259.6661725,25_2,25,das_work,8.445336103439331,48258,39,1
1771463259.696519,27_3,27,das_work,9.255858659744264,48258,39,1
1771463259.7070992,26_3,26,das_work,6.113123893737793,48258,39,1
1771463259.7152095,24_2,24,das_work,7.066070795059204,48258,39,1
1771463271.6881468,27_3,27,das_work,7.501750707626343,48258,40,1
1771463271.69097,26_3,26,das_work,9.028981924057009,48258,40,1
1771463271.703956,25_3,25,das_work,8.613754987716675,48258,40,1
1771463271.7066314,24_3,24,das_work,8.306320190429688,48258,40,1
1771463283.6653051,24_3,24,das_work,3.3594138622283936,48258,41,1
1771463283.7018445,27_3,27,das_work,2.307307481765747,48258,41,1
1771463283.705062,25_3,25,das_work,5.004396200180054,48258,41,1
1771463283.7062185,26_3,26,das_work,2.0225584506988525,48258,41,1
1771463295.6632416,25_3,25,das_work,0.6769354343414307,48258,42,1
1771463295.6693342,27_3,27,das_work,1.856633186340332,48258,42,1
1771463295.7029114,26_3,26,das_work,0.4685053825378418,48258,42,1
1771463295.708367,24_3,24,das_work,7.95163083076477,48258,42,1
1771463307.6647372,26_3,26,das_work,2.257916212081909,48258,43,1
1771463307.6790268,27_3,27,das_work,4.950281381607056,48258,43,1
1771463307.7037668,25_3,25,das_work,2.0591354370117188,48258,43,1
1771463307.7064872,24_3,24,das_work,5.022793292999268,48258,43,1
1771463319.6619446,25_3,25,das_work,3.38761568069458,48258,44,1
1771463319.666865,26_3,26,das_work,1.328747034072876,48258,44,1
1771463319.6830678,27_3,27,das_work,1.6312849521636963,48258,44,1
1771463319.6976109,24_3,24,das_work,5.01691746711731,48258,44,1
1771463331.7090728,25_3,25,das_work,2.190856456756592,48258,45,1
1771463331.7199588,27_3,27,das_work,9.151293516159058,48258,45,1
1771463331.7208834,26_3,26,das_work,3.728428602218628,48258,45,1
1771463331.724855,24_3,24,das_work,1.8450214862823489,48258,45,1
1771463343.6832411,27_3,27,das_work,7.578364372253418,48258,46,1
1771463343.6838913,24_3,24,das_work,8.803267240524292,48258,46,1
1771463343.684723,25_3,25,das_work,7.544500112533569,48258,46,1
1771463343.6945682,26_3,26,das_work,7.304840803146362,48258,46,1
1771463355.6689148,24_3,24,das_work,0.6667993068695068,48258,47,1
1771463355.688351,26_3,26,das_work,3.4432852268218994,48258,47,1
1771463355.6987994,27_3,27,das_work,9.356839179992676,48258,47,1
1771463355.7099843,25_3,25,das_work,2.466261863708496,48258,47,1
1771463367.6969936,25_3,25,das_work,6.837515115737915,48258,48,1
1771463367.7026322,27_3,27,das_work,3.2802939414978027,48258,48,1
1771463367.7101076,24_3,24,das_work,8.674411535263062,48258,48,1
1771463367.7332644,26_3,26,das_work,8.34353756904602,48258,48,1
1771463379.685918,27_4,27,das_work,5.800511360168457,48258,49,1
1771463379.703766,24_3,24,das_work,7.688866138458252,48258,49,1
1771463379.7079377,25_3,25,das_work,6.791516780853272,48258,49,1
1771463379.711887,26_4,26,das_work,2.6353206634521484,48258,49,1
1771463391.6654668,26_4,26,das_work,1.8439183235168457,48258,50,1
1771463391.6766033,27_4,27,das_work,6.244026184082031,48258,50,1
1771463391.6795158,24_4,24,das_work,2.156463146209717,48258,50,1
1771463391.683406,25_4,25,das_work,2.7237370014190674,48258,50,1
1771463403.6818483,25_4,25,das_work,3.868053674697876,48258,51,1
1771463403.6870692,26_4,26,das_work,6.140446662902832,48258,51,1
1771463403.7073815,27_4,27,das_work,5.137854337692261,48258,51,1
1771463403.7089643,24_4,24,das_work,10.258864164352415,48258,51,1
1771463415.685463,27_4,27,das_work,2.4417638778686523,48258,52,1
1771463415.6953526,24_4,24,das_work,6.648165941238403,48258,52,1
1771463415.6958616,25_4,25,das_work,7.927212715148926,48258,52,1
1771463415.7080145,26_4,26,das_work,7.170740842819214,48258,52,1
1771463427.674445,27_4,27,das_work,3.5694875717163086,48258,53,1
1771463427.6780703,25_4,25,das_work,4.980653285980225,48258,53,1
1771463427.6787932,24_4,24,das_work,3.8449432849884033,48258,53,1
1771463427.689679,26_4,26,das_work,7.467707395553589,48258,53,1
1771463439.6651232,26_4,26,das_work,5.808240652084351,48258,54,1
1771463439.6743965,25_4,25,das_work,1.076697587966919,48258,54,1
1771463439.695297,27_4,27,das_work,1.1007142066955566,48258,54,1
1771463439.6958237,24_4,24,das_work,1.0764930248260498,48258,54,1
1771463451.6735094,26_4,26,das_work,4.58292818069458,48258,55,1
1771463451.6866949,24_4,24,das_work,8.590737104415894,48258,55,1
1771463451.69055,25_4,25,das_work,6.373915672302246,48258,55,1
1771463451.7046068,27_4,27,das_work,5.69212794303894,48258,55,1
1771463463.67459,25_4,25,das_work,0.9664530754089355,48258,56,1
1771463463.6783726,24_4,24,das_work,1.3164689540863037,48258,56,1
1771463463.6827116,27_4,27,das_work,3.9639832973480233,48258,56,1
1771463463.7092123,26_4,26,das_work,4.021793603897095,48258,56,1
1771463475.669979,24_4,24,das_work,3.4456472396850586,48258,57,1
1771463475.6715765,27_4,27,das_work,4.85704779624939,48258,57,1
1771463475.6895745,25_4,25,das_work,3.2183873653411865,48258,57,1
1771463487.65358,24_4,24,das_work,2.366981506347656,48258,58,1
1771463487.6582246,26_4,26,das_work,12.120803833007812,48258,58,1
1771463487.6760166,27_4,27,das_work,6.351619720458984,48258,58,1
1771463487.6906652,25_4,25,das_work,9.685273170471191,48258,58,1
1771463499.6345515,25_4,25,das_work,7.746288776397705,48258,59,1
1771463499.6392682,24_4,24,das_work,9.912264585494995,48258,59,1
1771463499.6545525,26_4,26,das_work,8.54256272315979,48258,59,1
1771462899.6078806,29_0,29,das_work,6.583681106567383,48258,9,1
1771462899.663197,28_0,28,das_work,5.035938739776611,48258,9,1
1771462911.642002,29_0,29,das_work,3.162031650543213,48258,10,1
1771462911.6425955,28_0,28,das_work,6.5526533126831055,48258,10,1
1771462911.6427064,31_0,31,das_work,11.418355464935305,48258,10,1
1771462911.642817,30_0,30,das_work,8.49548888206482,48258,10,1
1771462923.6163504,28_0,28,das_work,4.251681089401245,48258,11,1
1771462923.622112,29_0,29,das_work,0.4798548221588135,48258,11,1
1771462923.6377723,31_0,31,das_work,6.5667877197265625,48258,11,1
1771462923.6526022,30_0,30,das_work,4.525144338607788,48258,11,1
1771462935.6378264,28_0,28,das_work,8.262659788131714,48258,12,1
1771462935.6395657,29_0,29,das_work,9.699433326721191,48258,12,1
1771462935.643726,31_0,31,das_work,6.15392541885376,48258,12,1
1771462935.6582897,30_0,30,das_work,1.0691323280334473,48258,12,1
1771462947.6411543,30_0,30,das_work,5.193105459213257,48258,13,1
1771462947.646456,29_0,29,das_work,6.70566201210022,48258,13,1
1771462947.6510704,28_0,28,das_work,4.486412286758423,48258,13,1
1771462947.665305,31_0,31,das_work,1.2827913761138916,48258,13,1
1771462959.6669517,28_0,28,das_work,7.297815322875977,48258,14,1
1771462959.667652,29_0,29,das_work,6.158989429473877,48258,14,1
1771462959.6681983,30_0,30,das_work,0.8499345779418945,48258,14,1
1771462959.6781085,31_0,31,das_work,4.100851535797119,48258,14,1
1771462971.6799767,29_0,29,das_work,3.3620481491088867,48258,15,1
1771462971.6919043,30_0,30,das_work,3.995131015777588,48258,15,1
1771462971.7146306,31_0,31,das_work,10.220242500305176,48258,15,1
1771462971.7238617,28_0,28,das_work,2.0097432136535645,48258,15,1
1771462983.688985,30_0,30,das_work,2.6927645206451416,48258,16,1
1771462983.689564,28_0,28,das_work,9.097477674484251,48258,16,1
1771462983.697572,31_0,31,das_work,3.2988932132720947,48258,16,1
1771462983.7199483,29_0,29,das_work,3.5531656742095947,48258,16,1
1771462995.6947308,31_0,31,das_work,5.49304461479187,48258,17,1
1771462995.708319,30_0,30,das_work,1.2396037578582764,48258,17,1
1771462995.726534,28_0,28,das_work,7.4991936683654785,48258,17,1
1771462995.738,29_0,29,das_work,7.516963958740234,48258,17,1
1771463007.7078269,30_0,30,das_work,1.8653836250305176,48258,18,1
1771463007.709932,29_0,29,das_work,0.7379028797149658,48258,18,1
1771463007.7251482,31_0,31,das_work,10.4051513671875,48258,18,1
1771463007.7286985,28_0,28,das_work,5.455841302871704,48258,18,1
1771463019.7023675,31_0,31,das_work,3.3555221557617188,48258,19,1
1771463019.707381,28_1,28,das_work,1.2554609775543213,48258,19,1
1771463019.711863,29_1,29,das_work,6.41950535774231,48258,19,1
1771463019.7296312,30_0,30,das_work,4.6262290477752686,48258,19,1
1771463031.6945322,31_1,31,das_work,3.9370906352996826,48258,20,1
1771463031.7179022,29_1,29,das_work,6.457209348678589,48258,20,1
1771463031.7263143,30_1,30,das_work,6.577028274536133,48258,20,1
1771463031.729611,28_1,28,das_work,2.710599422454834,48258,20,1
1771463043.68982,31_1,31,das_work,7.778944492340088,48258,21,1
1771463043.6941426,30_1,30,das_work,5.863858938217163,48258,21,1
1771463043.7079852,28_1,28,das_work,1.425102472305298,48258,21,1
1771463043.7145536,29_1,29,das_work,9.382072925567629,48258,21,1
1771463055.6813517,29_1,29,das_work,7.626881599426269,48258,22,1
1771463055.706125,28_1,28,das_work,5.37539529800415,48258,22,1
1771463055.717446,30_1,30,das_work,2.512157917022705,48258,22,1
1771463055.7271714,31_1,31,das_work,7.291249275207519,48258,22,1
1771463067.6876411,30_1,30,das_work,1.4395751953125,48258,23,1
1771463067.692736,28_1,28,das_work,5.116236686706543,48258,23,1
1771463067.696657,31_1,31,das_work,1.3691143989562988,48258,23,1
1771463067.7222292,29_1,29,das_work,7.64987850189209,48258,23,1
1771463079.6804984,30_1,30,das_work,7.6728129386901855,48258,24,1
1771463079.701253,28_1,28,das_work,2.833455801010132,48258,24,1
1771463079.7018223,29_1,29,das_work,4.374244451522827,48258,24,1
1771463079.7056038,31_1,31,das_work,3.0524072647094727,48258,24,1
1771463091.709109,28_1,28,das_work,4.263184309005737,48258,25,1
1771463091.712188,31_1,31,das_work,5.482689142227173,48258,25,1
1771463091.7404122,29_1,29,das_work,6.06494402885437,48258,25,1
1771463091.7466936,30_1,30,das_work,7.079298734664917,48258,25,1
1771463103.6751015,30_1,30,das_work,6.071958303451538,48258,26,1
1771463103.6842208,31_1,31,das_work,6.04414701461792,48258,26,1
1771463103.7081947,29_1,29,das_work,6.5236146450042725,48258,26,1
1771463103.7254934,28_1,28,das_work,3.1887123584747314,48258,26,1
1771463115.683005,30_1,30,das_work,1.422187089920044,48258,27,1
1771463115.6953807,31_1,31,das_work,1.0631566047668457,48258,27,1
1771463115.7135866,28_1,28,das_work,4.452694177627564,48258,27,1
1771463115.7167506,29_1,29,das_work,1.110124588012695,48258,27,1
1771463127.7026072,28_1,28,das_work,6.405488967895508,48258,28,1
1771463127.7063885,30_1,30,das_work,2.042757987976074,48258,28,1
1771463127.7166336,31_1,31,das_work,1.692652940750122,48258,28,1
1771463127.73199,29_1,29,das_work,1.7906017303466797,48258,28,1
1771463139.6974986,28_2,28,das_work,8.326555013656616,48258,29,1
1771463139.6988063,29_2,29,das_work,4.392804861068726,48258,29,1
1771463139.701993,31_1,31,das_work,1.323455810546875,48258,29,1
1771463139.7252324,30_1,30,das_work,3.395275592803955,48258,29,1
1771463151.6968565,30_2,30,das_work,5.7935638427734375,48258,30,1
1771463151.709769,28_2,28,das_work,7.734536647796631,48258,30,1
1771463151.716674,31_2,31,das_work,0.6845169067382812,48258,30,1
1771463151.7220323,29_2,29,das_work,4.3281121253967285,48258,30,1
1771463163.682139,31_2,31,das_work,7.101351737976074,48258,31,1
1771463163.695518,30_2,30,das_work,2.717839002609253,48258,31,1
1771463163.7244165,28_2,28,das_work,8.245316982269287,48258,31,1
1771463163.726824,29_2,29,das_work,2.913496494293213,48258,31,1
1771463175.6798017,30_2,30,das_work,2.4074954986572266,48258,32,1
1771463175.7169578,28_2,28,das_work,1.8002862930297852,48258,32,1
1771463175.7214808,29_2,29,das_work,2.933380126953125,48258,32,1
1771463175.7254405,31_2,31,das_work,1.3869235515594482,48258,32,1
1771463187.6713576,28_2,28,das_work,6.388561010360718,48258,33,1
1771463187.6789937,30_2,30,das_work,8.658757209777832,48258,33,1
1771463187.6992807,29_2,29,das_work,8.950169801712036,48258,33,1
1771463187.7107944,31_2,31,das_work,3.265953540802002,48258,33,1
1771463199.6993291,29_2,29,das_work,7.586882829666138,48258,34,1
1771463199.7253003,28_2,28,das_work,3.246005058288574,48258,34,1
1771463199.7270331,31_2,31,das_work,2.454407215118408,48258,34,1
1771463199.7331383,30_2,30,das_work,6.760223865509033,48258,34,1
1771463211.6921475,28_2,28,das_work,5.059449434280396,48258,35,1
1771463211.692864,30_2,30,das_work,2.8065803050994877,48258,35,1
1771463211.730103,29_2,29,das_work,9.133644819259644,48258,35,1
1771463211.7308214,31_2,31,das_work,7.667497396469116,48258,35,1
1771463223.6739037,28_2,28,das_work,1.2593111991882324,48258,36,1
1771463223.690245,30_2,30,das_work,4.801078796386719,48258,36,1
1771463223.6929278,29_2,29,das_work,6.460872411727905,48258,36,1
1771463223.7009938,31_2,31,das_work,1.5164031982421875,48258,36,1
1771463235.6732855,31_2,31,das_work,4.346801042556763,48258,37,1
1771463235.6892262,30_2,30,das_work,5.212791204452515,48258,37,1
1771463235.6897705,29_2,29,das_work,6.718010425567627,48258,37,1
1771463235.7201264,28_2,28,das_work,3.170041561126709,48258,37,1
1771463247.6889954,29_2,29,das_work,6.451632261276245,48258,38,1
1771463247.7050135,31_2,31,das_work,1.8442280292510984,48258,38,1
1771463247.7148662,30_2,30,das_work,1.6709659099578855,48258,38,1
1771463247.718576,28_2,28,das_work,5.21489953994751,48258,38,1
1771463259.676375,31_2,31,das_work,6.812309980392456,48258,39,1
1771463259.6770916,28_3,28,das_work,7.233119010925293,48258,39,1
1771463259.680058,29_3,29,das_work,9.823716878890991,48258,39,1
1771463259.7006698,30_2,30,das_work,1.8828999996185305,48258,39,1
1771463271.6660843,29_3,29,das_work,1.9468073844909668,48258,40,1
1771463271.6746116,31_3,31,das_work,1.5490713119506836,48258,40,1
1771463271.698908,30_3,30,das_work,2.045626640319824,48258,40,1
1771463271.7005172,28_3,28,das_work,7.352251768112183,48258,40,1
1771463283.676381,30_3,30,das_work,2.091309070587158,48258,41,1
1771463283.6868193,31_3,31,das_work,4.561189889907837,48258,41,1
1771463283.6985009,28_3,28,das_work,7.037822723388672,48258,41,1
1771463283.704675,29_3,29,das_work,5.822457790374756,48258,41,1
1771463295.6755855,28_3,28,das_work,3.7821238040924072,48258,42,1
1771463295.6984203,29_3,29,das_work,5.9297075271606445,48258,42,1
1771463295.7057436,31_3,31,das_work,5.130395412445068,48258,42,1
1771463295.7143755,30_3,30,das_work,2.947176456451416,48258,42,1
1771463307.66416,30_3,30,das_work,7.306264400482178,48258,43,1
1771463307.668487,28_3,28,das_work,1.2908473014831543,48258,43,1
1771463307.692634,31_3,31,das_work,9.508573293685911,48258,43,1
1771463307.69926,29_3,29,das_work,8.611664056777954,48258,43,1
1771463319.6638312,28_3,28,das_work,7.244754552841186,48258,44,1
1771463319.6658046,30_3,30,das_work,3.092918157577514,48258,44,1
1771463319.6703858,29_3,29,das_work,6.363873720169067,48258,44,1
1771463319.704877,31_3,31,das_work,5.71871018409729,48258,44,1
1771463331.6801422,31_3,31,das_work,4.133095979690552,48258,45,1
1771463331.681746,28_3,28,das_work,2.151740074157715,48258,45,1
1771463331.706119,29_3,29,das_work,5.874305486679077,48258,45,1
1771463331.7157085,30_3,30,das_work,7.158239841461182,48258,45,1
1771463343.6742492,30_3,30,das_work,5.269755601882935,48258,46,1
1771463343.688428,28_3,28,das_work,4.46208643913269,48258,46,1
1771463343.702808,29_3,29,das_work,7.298806190490723,48258,46,1
1771463343.7142444,31_3,31,das_work,9.191665410995483,48258,46,1
1771463355.69038,30_3,30,das_work,4.038178205490112,48258,47,1
1771463355.7071788,29_3,29,das_work,4.2406086921691895,48258,47,1
1771463355.7092175,28_3,28,das_work,6.157068252563477,48258,47,1
1771463355.7126958,31_3,31,das_work,9.126722574234009,48258,47,1
1771463367.6837292,28_3,28,das_work,1.8305010795593264,48258,48,1
1771463367.720302,30_3,30,das_work,4.063799381256104,48258,48,1
1771463367.7246342,29_3,29,das_work,4.317005395889282,48258,48,1
1771463367.7252417,31_3,31,das_work,5.137284755706787,48258,48,1
1771463379.6826243,31_3,31,das_work,4.1416730880737305,48258,49,1
1771463379.683913,28_4,28,das_work,1.794234275817871,48258,49,1
1771463379.6848452,29_4,29,das_work,5.486145496368408,48258,49,1
1771463379.695357,30_3,30,das_work,2.9952564239501958,48258,49,1
1771463391.678997,29_4,29,das_work,6.590683460235596,48258,50,1
1771463391.692236,30_4,30,das_work,7.177068710327148,48258,50,1
1771463391.7014358,31_4,31,das_work,4.3317389488220215,48258,50,1
1771463391.703451,28_4,28,das_work,1.0994689464569092,48258,50,1
1771463403.6772158,30_4,30,das_work,8.450310468673706,48258,51,1
1771463403.682717,31_4,31,das_work,6.631234884262085,48258,51,1
1771463403.6866622,28_4,28,das_work,4.059775352478027,48258,51,1
1771463403.7048423,29_4,29,das_work,7.0876641273498535,48258,51,1
1771463415.67083,31_4,31,das_work,4.023604869842529,48258,52,1
1771463415.6792502,30_4,30,das_work,9.944604396820068,48258,52,1
1771463415.6810508,29_4,29,das_work,6.630922794342041,48258,52,1
1771463415.6900334,28_4,28,das_work,1.8993444442749023,48258,52,1
1771463427.679884,29_4,29,das_work,7.323506832122803,48258,53,1
1771463427.7046807,28_4,28,das_work,7.859959363937378,48258,53,1
1771463427.7047982,30_4,30,das_work,5.044787645339966,48258,53,1
1771463427.70836,31_4,31,das_work,8.532275199890137,48258,53,1
1771463439.6628067,31_4,31,das_work,9.041306495666504,48258,54,1
1771463439.6679924,28_4,28,das_work,3.993224859237671,48258,54,1
1771463439.69459,29_4,29,das_work,6.569008827209473,48258,54,1
1771463439.7076683,30_4,30,das_work,1.0208625793457031,48258,54,1
1771463451.6768208,29_4,29,das_work,8.433480501174927,48258,55,1
1771463451.682549,28_4,28,das_work,2.4614357948303223,48258,55,1
1771463451.691665,31_4,31,das_work,2.3424313068389893,48258,55,1
1771463451.7104046,30_4,30,das_work,6.266150951385498,48258,55,1
1771463463.6844406,28_4,28,das_work,5.234974384307861,48258,56,1
1771463463.6902692,29_4,29,das_work,8.675477266311646,48258,56,1
1771463463.6964056,30_4,30,das_work,9.03093433380127,48258,56,1
1771463463.7116995,31_4,31,das_work,3.519090175628662,48258,56,1
1771463475.6801865,31_4,31,das_work,2.822506666183472,48258,57,1
1771463475.6826482,30_4,30,das_work,5.982555150985718,48258,57,1
1771463475.690423,28_4,28,das_work,4.9048707485198975,48258,57,1
1771463475.705671,29_4,29,das_work,5.855233192443848,48258,57,1
1771463487.655975,29_4,29,das_work,3.7846992015838623,48258,58,1
1771463487.6567357,30_4,30,das_work,7.195973634719849,48258,58,1
1771463487.6626563,28_4,28,das_work,3.0946950912475586,48258,58,1
1771463487.6919465,31_4,31,das_work,4.92014479637146,48258,58,1
1771463499.667426,31_4,31,das_work,9.643003702163696,48258,59,1
1771463499.6744597,30_4,30,das_work,4.538389444351196,48258,59,1
1771462899.623165,32_0,32,das_work,5.66121768951416,48258,9,1
1771462911.5987134,32_0,32,das_work,4.237764835357666,48258,10,1
1771462911.5992994,34_0,34,das_work,5.6537604331970215,48258,10,1
1771462911.6031573,33_0,33,das_work,3.7129335403442383,48258,10,1
1771462911.6359217,35_0,35,das_work,10.76972198486328,48258,10,1
1771462923.6283467,34_0,34,das_work,7.707940578460693,48258,11,1
1771462923.639282,33_0,33,das_work,9.334491491317747,48258,11,1
1771462923.6398504,35_0,35,das_work,3.614882230758667,48258,11,1
1771462923.6528711,32_0,32,das_work,6.979269504547119,48258,11,1
1771462935.62621,32_0,32,das_work,6.210612773895264,48258,12,1
1771462935.6269352,33_0,33,das_work,5.505939960479736,48258,12,1
1771462935.6431105,34_0,34,das_work,9.53182578086853,48258,12,1
1771462935.6587696,35_0,35,das_work,3.714542865753174,48258,12,1
1771462947.66803,33_0,33,das_work,4.696845293045044,48258,13,1
1771462947.6695323,34_0,34,das_work,9.57943868637085,48258,13,1
1771462947.673574,35_0,35,das_work,1.4792726039886477,48258,13,1
1771462947.6774704,32_0,32,das_work,3.2369751930236816,48258,13,1
1771462959.684755,32_0,32,das_work,8.131892919540405,48258,14,1
1771462959.6915486,33_0,33,das_work,7.045334339141846,48258,14,1
1771462959.6943052,35_0,35,das_work,4.86007285118103,48258,14,1
1771462959.7019415,34_0,34,das_work,2.641754150390625,48258,14,1
1771462971.7190225,34_0,34,das_work,2.833944082260132,48258,15,1
1771462971.7192483,32_0,32,das_work,1.5778965950012207,48258,15,1
1771462971.7194688,33_0,33,das_work,8.747910261154175,48258,15,1
1771462971.7203443,35_0,35,das_work,4.034771919250488,48258,15,1
1771462983.6856875,32_0,32,das_work,7.629646301269531,48258,16,1
1771462983.6875446,34_0,34,das_work,2.965597152709961,48258,16,1
1771462983.698415,33_0,33,das_work,4.447127819061279,48258,16,1
1771462983.7260292,35_0,35,das_work,3.386876583099365,48258,16,1
1771462995.6970046,34_0,34,das_work,7.252367734909058,48258,17,1
1771462995.6976578,32_0,32,das_work,9.696630716323853,48258,17,1
1771462995.7008607,35_0,35,das_work,2.6376841068267822,48258,17,1
1771462995.7225237,33_0,33,das_work,1.6952202320098877,48258,17,1
1771463007.686582,35_0,35,das_work,1.5824782848358154,48258,18,1
1771463007.6878085,33_0,33,das_work,2.620356559753418,48258,18,1
1771463007.715264,32_0,32,das_work,1.7677273750305176,48258,18,1
1771463007.7182617,34_0,34,das_work,8.184613704681396,48258,18,1
1771463019.700359,34_0,34,das_work,8.061256647109985,48258,19,1
1771463019.7203674,35_0,35,das_work,9.297065258026125,48258,19,1
1771463019.726339,32_1,32,das_work,7.859285354614258,48258,19,1
1771463019.729389,33_0,33,das_work,5.114727735519409,48258,19,1
1771463031.6863108,34_1,34,das_work,8.494422435760498,48258,20,1
1771463031.693849,32_1,32,das_work,5.4065492153167725,48258,20,1
1771463031.7155874,35_1,35,das_work,2.0701379776000977,48258,20,1
1771463031.717405,33_1,33,das_work,8.869397401809692,48258,20,1
1771463043.6843786,34_1,34,das_work,4.972238302230835,48258,21,1
1771463043.69904,32_1,32,das_work,2.95450496673584,48258,21,1
1771463043.7154408,33_1,33,das_work,7.647650957107544,48258,21,1
1771463043.726905,35_1,35,das_work,5.088564395904541,48258,21,1
1771463055.6882465,32_1,32,das_work,8.899540901184082,48258,22,1
1771463055.7042882,35_1,35,das_work,4.77029275894165,48258,22,1
1771463055.7157762,34_1,34,das_work,7.382992744445801,48258,22,1
1771463055.7248156,33_1,33,das_work,3.887681245803833,48258,22,1
1771463067.6999476,35_1,35,das_work,6.583819150924683,48258,23,1
1771463067.7091625,32_1,32,das_work,9.183512687683104,48258,23,1
1771463067.7154531,34_1,34,das_work,7.03974175453186,48258,23,1
1771463067.7247095,33_1,33,das_work,5.72954249382019,48258,23,1
1771463079.6785245,35_1,35,das_work,7.207458972930908,48258,24,1
1771463079.6818109,32_1,32,das_work,5.473321437835693,48258,24,1
1771463079.7059057,34_1,34,das_work,1.3690862655639648,48258,24,1
1771463079.7176926,33_1,33,das_work,8.467980146408081,48258,24,1
1771463091.7060163,32_1,32,das_work,8.827287912368774,48258,25,1
1771463091.7205694,35_1,35,das_work,1.4843542575836182,48258,25,1
1771463091.7320702,33_1,33,das_work,5.083082914352417,48258,25,1
1771463091.7343366,34_1,34,das_work,8.623303413391113,48258,25,1
1771463103.6773684,35_1,35,das_work,6.693631649017334,48258,26,1
1771463103.7023282,32_1,32,das_work,9.40961241722107,48258,26,1
1771463103.7094662,34_1,34,das_work,5.733272552490234,48258,26,1
1771463103.7213223,33_1,33,das_work,1.970686435699463,48258,26,1
1771463115.685218,35_1,35,das_work,2.967676877975464,48258,27,1
1771463115.6863518,33_1,33,das_work,8.690562725067139,48258,27,1
1771463115.710876,32_1,32,das_work,7.60833215713501,48258,27,1
1771463115.714461,34_1,34,das_work,6.843667507171631,48258,27,1
1771463127.6826875,34_1,34,das_work,3.016625165939331,48258,28,1
1771463127.6849508,32_1,32,das_work,7.509290933609009,48258,28,1
1771463127.6994915,33_1,33,das_work,4.297204256057739,48258,28,1
1771463127.7258818,35_1,35,das_work,1.7788896560668943,48258,28,1
1771463139.684845,35_1,35,das_work,6.101125717163086,48258,29,1
1771463139.6916194,33_1,33,das_work,3.692004919052124,48258,29,1
1771463139.6964765,34_1,34,das_work,0.8166699409484863,48258,29,1
1771463139.7208846,32_2,32,das_work,3.042396783828736,48258,29,1
1771463151.6835082,33_2,33,das_work,1.465440034866333,48258,30,1
1771463151.711475,35_2,35,das_work,2.511418342590332,48258,30,1
1771463151.720676,32_2,32,das_work,6.584511756896973,48258,30,1
1771463151.7318664,34_2,34,das_work,9.494228601455688,48258,30,1
1771463163.6858146,35_2,35,das_work,1.163677453994751,48258,31,1
1771463163.687457,32_2,32,das_work,5.553222894668579,48258,31,1
1771463163.6944726,33_2,33,das_work,8.568363189697266,48258,31,1
1771463163.7298477,34_2,34,das_work,6.172666072845459,48258,31,1
1771463175.698792,34_2,34,das_work,6.930868148803711,48258,32,1
1771463175.703596,33_2,33,das_work,1.9004335403442385,48258,32,1
1771463175.70435,35_2,35,das_work,5.902504205703735,48258,32,1
1771463175.7055888,32_2,32,das_work,6.920192718505859,48258,32,1
1771463187.6849391,35_2,35,das_work,9.19262719154358,48258,33,1
1771463187.6984537,32_2,32,das_work,6.242849588394165,48258,33,1
1771463187.709776,33_2,33,das_work,6.310386419296265,48258,33,1
1771463187.712445,34_2,34,das_work,0.7174670696258545,48258,33,1
1771463199.6975503,33_2,33,das_work,2.754085063934326,48258,34,1
1771463199.7119553,32_2,32,das_work,3.128131866455078,48258,34,1
1771463199.7210164,35_2,35,das_work,2.322366714477539,48258,34,1
1771463199.7266338,34_2,34,das_work,2.200141429901123,48258,34,1
1771463211.6817696,34_2,34,das_work,5.156161785125732,48258,35,1
1771463211.6865983,32_2,32,das_work,7.69351863861084,48258,35,1
1771463211.6899972,35_2,35,das_work,4.23941707611084,48258,35,1
1771463211.729727,33_2,33,das_work,2.924188137054444,48258,35,1
1771463223.6682909,32_2,32,das_work,4.000345706939697,48258,36,1
1771463223.684368,33_2,33,das_work,9.602803230285645,48258,36,1
1771463223.685917,34_2,34,das_work,2.0687127113342285,48258,36,1
1771463223.7083166,35_2,35,das_work,10.2001690864563,48258,36,1
1771463235.6810138,33_2,33,das_work,7.750964164733887,48258,37,1
1771463235.6909614,32_2,32,das_work,6.875584363937378,48258,37,1
1771463235.699248,34_2,34,das_work,1.0042014122009275,48258,37,1
1771463235.706499,35_2,35,das_work,4.647502422332764,48258,37,1
1771463247.6734655,34_2,34,das_work,9.536431312561035,48258,38,1
1771463247.6809292,33_2,33,das_work,7.709721088409424,48258,38,1
1771463247.6912038,35_2,35,das_work,2.2507309913635254,48258,38,1
1771463247.7208788,32_2,32,das_work,2.2682459354400635,48258,38,1
1771463259.6671283,35_2,35,das_work,2.459364175796509,48258,39,1
1771463259.6720672,32_3,32,das_work,1.977710008621216,48258,39,1
1771463259.6789892,33_2,33,das_work,1.446056604385376,48258,39,1
1771463259.682396,34_2,34,das_work,9.808196544647217,48258,39,1
1771463271.685189,32_3,32,das_work,1.4948594570159912,48258,40,1
1771463271.692725,34_3,34,das_work,6.146753311157227,48258,40,1
1771463271.6992238,33_3,33,das_work,3.556535243988037,48258,40,1
1771463271.708987,35_3,35,das_work,8.266306638717651,48258,40,1
1771463283.6859574,34_3,34,das_work,1.2525622844696045,48258,41,1
1771463283.6917129,32_3,32,das_work,3.8301868438720703,48258,41,1
1771463283.6961997,35_3,35,das_work,10.122085332870483,48258,41,1
1771463283.697898,33_3,33,das_work,8.479732990264893,48258,41,1
1771463295.6878223,34_3,34,das_work,2.677955389022827,48258,42,1
1771463295.6961937,35_3,35,das_work,5.067224979400635,48258,42,1
1771463295.699577,32_3,32,das_work,2.745349884033203,48258,42,1
1771463295.7002358,33_3,33,das_work,6.798366546630859,48258,42,1
1771463307.6690342,32_3,32,das_work,4.540120363235474,48258,43,1
1771463307.692736,34_3,34,das_work,1.51589035987854,48258,43,1
1771463307.696792,35_3,35,das_work,7.621006965637207,48258,43,1
1771463307.7004883,33_3,33,das_work,3.7008309364318848,48258,43,1
1771463319.6659963,34_3,34,das_work,2.2794177532196045,48258,44,1
1771463319.6879053,35_3,35,das_work,2.953866958618164,48258,44,1
1771463319.69617,33_3,33,das_work,3.8715932369232178,48258,44,1
1771463319.706345,32_3,32,das_work,4.946872711181641,48258,44,1
1771463331.6801243,32_3,32,das_work,0.5092394351959229,48258,45,1
1771463331.6856515,33_3,33,das_work,8.2145094871521,48258,45,1
1771463331.6957543,35_3,35,das_work,1.2555229663848877,48258,45,1
1771463331.7052915,34_3,34,das_work,6.725282430648804,48258,45,1
1771463343.693782,35_3,35,das_work,7.821243524551392,48258,46,1
1771463343.6955235,34_3,34,das_work,6.948202133178711,48258,46,1
1771463343.7158844,32_3,32,das_work,7.152060270309448,48258,46,1
1771463343.718814,33_3,33,das_work,7.556900978088379,48258,46,1
1771463355.6734889,32_3,32,das_work,1.9593961238861084,48258,47,1
1771463355.6743069,35_3,35,das_work,2.748716354370117,48258,47,1
1771463355.679698,33_3,33,das_work,5.794637441635132,48258,47,1
1771463355.6951444,34_3,34,das_work,4.506489992141724,48258,47,1
1771463367.7066092,35_3,35,das_work,7.438328266143799,48258,48,1
1771463367.70688,34_3,34,das_work,2.146780490875244,48258,48,1
1771463367.7271454,33_3,33,das_work,0.708599328994751,48258,48,1
1771463367.7300825,32_3,32,das_work,7.020674467086792,48258,48,1
1771463379.670375,33_3,33,das_work,6.040341138839722,48258,49,1
1771463379.68475,35_3,35,das_work,6.105951547622681,48258,49,1
1771463379.688864,32_4,32,das_work,8.206158638000488,48258,49,1
1771463379.7044992,34_3,34,das_work,7.1672422885894775,48258,49,1
1771463391.663721,32_4,32,das_work,4.73403263092041,48258,50,1
1771463391.6815765,34_4,34,das_work,5.590512990951538,48258,50,1
1771463391.6888623,33_4,33,das_work,7.859891414642334,48258,50,1
1771463391.696308,35_4,35,das_work,4.984395265579224,48258,50,1
1771463403.6773872,34_4,34,das_work,5.492431163787842,48258,51,1
1771463403.6975937,33_4,33,das_work,2.2022173404693604,48258,51,1
1771463403.7113714,32_4,32,das_work,8.142512798309326,48258,51,1
1771463403.7139912,35_4,35,das_work,3.2173309326171875,48258,51,1
1771463415.6713498,33_4,33,das_work,5.388179779052734,48258,52,1
1771463415.676443,34_4,34,das_work,9.236005306243896,48258,52,1
1771463415.7093482,35_4,35,das_work,2.7280802726745605,48258,52,1
1771463415.7191916,32_4,32,das_work,6.77924656867981,48258,52,1
1771463427.6936934,32_4,32,das_work,5.031369924545288,48258,53,1
1771463427.714013,35_4,35,das_work,3.3439207077026367,48258,53,1
1771463427.7153497,33_4,33,das_work,2.4370570182800293,48258,53,1
1771463427.7162745,34_4,34,das_work,3.641184568405152,48258,53,1
1771463439.6675725,35_4,35,das_work,1.2305731773376465,48258,54,1
1771463439.676471,32_4,32,das_work,2.849416732788086,48258,54,1
1771463439.678928,34_4,34,das_work,6.901792526245117,48258,54,1
1771463439.709919,33_4,33,das_work,4.826381683349609,48258,54,1
1771463451.686475,33_4,33,das_work,8.581598043441772,48258,55,1
1771463451.7011297,35_4,35,das_work,9.286430835723875,48258,55,1
1771463451.706283,34_4,34,das_work,6.243332862854004,48258,55,1
1771463451.71361,32_4,32,das_work,6.306352376937866,48258,55,1
1771463463.6666172,34_4,34,das_work,5.562508821487427,48258,56,1
1771463463.7062848,33_4,33,das_work,9.63265895843506,48258,56,1
1771463463.706997,35_4,35,das_work,4.308295249938965,48258,56,1
1771463463.7141044,32_4,32,das_work,2.8952126502990723,48258,56,1
1771463475.6752052,32_4,32,das_work,1.6719179153442385,48258,57,1
1771463475.6898887,35_4,35,das_work,3.5716867446899414,48258,57,1
1771463475.690426,33_4,33,das_work,3.9013009071350098,48258,57,1
1771463475.6924975,34_4,34,das_work,4.730644226074219,48258,57,1
1771463487.6624508,33_4,33,das_work,1.73569917678833,48258,58,1
1771463487.6645083,35_4,35,das_work,2.939269781112671,48258,58,1
1771463487.6778069,32_4,32,das_work,6.727537393569946,48258,58,1
1771463487.6806402,34_4,34,das_work,0.9735391139984132,48258,58,1
1771463499.6680875,35_4,35,das_work,2.8387115001678467,48258,59,1
1771463499.6760654,34_4,34,das_work,3.620447158813477,48258,59,1
1771463499.6772346,33_4,33,das_work,5.993269205093384,48258,59,1
1771462899.5894554,36_0,36,das_work,2.5884721279144287,48258,9,1
1771462899.6395285,39_0,39,das_work,3.510422706604004,48258,9,1
1771462911.612258,36_0,36,das_work,2.1899003982543945,48258,10,1
1771462911.6128168,38_0,38,das_work,11.26898741722107,48258,10,1
1771462911.643111,39_0,39,das_work,5.033972501754761,48258,10,1
1771462911.6520772,37_0,37,das_work,5.943831205368042,48258,10,1
1771462923.6187108,39_0,39,das_work,7.838914632797241,48258,11,1
1771462923.6339886,38_0,38,das_work,2.195657253265381,48258,11,1
1771462923.6346638,36_0,36,das_work,7.398044109344482,48258,11,1
1771462923.6383216,37_0,37,das_work,2.757331371307373,48258,11,1
1771462935.627533,36_0,36,das_work,4.784272909164429,48258,12,1
1771462935.6308446,37_0,37,das_work,0.7780492305755615,48258,12,1
1771462935.6422532,38_0,38,das_work,6.303257942199707,48258,12,1
1771462935.6429331,39_0,39,das_work,4.980041980743408,48258,12,1
1771462947.6434052,36_0,36,das_work,3.3830349445343018,48258,13,1
1771462947.6612566,39_0,39,das_work,3.924769878387451,48258,13,1
1771462947.6704352,37_0,37,das_work,8.408780574798584,48258,13,1
1771462947.672434,38_0,38,das_work,5.276835203170776,48258,13,1
1771462959.6838326,36_0,36,das_work,7.045746326446533,48258,14,1
1771462959.6894884,38_0,38,das_work,6.894938707351685,48258,14,1
1771462959.6986463,37_0,37,das_work,1.514143705368042,48258,14,1
1771462959.699377,39_0,39,das_work,5.287161588668823,48258,14,1
1771462971.6778517,38_0,38,das_work,6.702058553695679,48258,15,1
1771462971.6789324,36_0,36,das_work,7.63284158706665,48258,15,1
1771462971.6876712,37_0,37,das_work,4.0557825565338135,48258,15,1
1771462971.705758,39_0,39,das_work,6.193975448608398,48258,15,1
1771462983.7039862,38_0,38,das_work,7.874343395233154,48258,16,1
1771462983.7121098,36_0,36,das_work,4.550200939178467,48258,16,1
1771462983.712602,37_0,37,das_work,4.518334865570068,48258,16,1
1771462983.7245352,39_0,39,das_work,6.952280044555664,48258,16,1
1771462995.6986177,39_0,39,das_work,6.925016403198242,48258,17,1
1771462995.7014194,36_0,36,das_work,1.9656753540039065,48258,17,1
1771462995.7173328,38_0,38,das_work,6.089324235916138,48258,17,1
1771462995.7346842,37_0,37,das_work,7.358194589614868,48258,17,1
1771463007.6841495,36_0,36,das_work,3.849077463150024,48258,18,1
1771463007.6924198,39_0,39,das_work,7.173205375671387,48258,18,1
1771463007.6931024,37_0,37,das_work,3.093157768249512,48258,18,1
1771463007.7362666,38_0,38,das_work,1.3545386791229248,48258,18,1
1771463019.7140226,37_0,37,das_work,4.353112697601318,48258,19,1
1771463019.7178488,39_1,39,das_work,8.873802185058594,48258,19,1
1771463019.719911,38_0,38,das_work,7.629087686538696,48258,19,1
1771463019.7302842,36_1,36,das_work,5.033851861953735,48258,19,1
1771463031.685168,36_1,36,das_work,4.729856014251709,48258,20,1
1771463031.6876693,37_1,37,das_work,8.202693462371826,48258,20,1
1771463031.7066398,38_1,38,das_work,6.442306041717529,48258,20,1
1771463031.7106805,39_1,39,das_work,4.7138402462005615,48258,20,1
1771463043.6877291,38_1,38,das_work,7.609614610671997,48258,21,1
1771463043.713096,39_1,39,das_work,1.6304364204406738,48258,21,1
1771463043.714613,36_1,36,das_work,3.706084966659546,48258,21,1
1771463043.727093,37_1,37,das_work,7.5702924728393555,48258,21,1
1771463055.682255,38_1,38,das_work,9.159658670425417,48258,22,1
1771463055.6947334,37_1,37,das_work,2.064192056655884,48258,22,1
1771463055.714616,39_1,39,das_work,7.295978546142578,48258,22,1
1771463055.7225866,36_1,36,das_work,7.336561441421509,48258,22,1
1771463067.6859434,37_1,37,das_work,3.265172481536865,48258,23,1
1771463067.6928344,39_1,39,das_work,1.8254096508026123,48258,23,1
1771463067.6978922,38_1,38,das_work,4.122829914093018,48258,23,1
1771463067.7119155,36_1,36,das_work,5.189612150192261,48258,23,1
1771463079.6835856,37_1,37,das_work,7.440714120864868,48258,24,1
1771463079.686989,36_1,36,das_work,9.532742977142334,48258,24,1
1771463079.7165136,38_1,38,das_work,8.849390983581543,48258,24,1
1771463079.720153,39_1,39,das_work,8.063957214355469,48258,24,1
1771463091.6981003,38_1,38,das_work,4.270060062408447,48258,25,1
1771463091.733404,37_1,37,das_work,8.196584224700928,48258,25,1
1771463091.7401862,39_1,39,das_work,4.850266218185425,48258,25,1
1771463091.7470062,36_1,36,das_work,8.13351821899414,48258,25,1
1771463103.676707,39_1,39,das_work,1.4564225673675537,48258,26,1
1771463103.6866465,36_1,36,das_work,7.389867782592773,48258,26,1
1771463103.7087045,38_1,38,das_work,1.8054416179656985,48258,26,1
1771463103.7237031,37_1,37,das_work,3.558795928955078,48258,26,1
1771463115.683356,37_1,37,das_work,6.127112865447998,48258,27,1
1771463115.708896,39_1,39,das_work,3.2004165649414062,48258,27,1
1771463115.715242,38_1,38,das_work,8.412431240081787,48258,27,1
1771463115.73156,36_1,36,das_work,6.042494297027588,48258,27,1
1771463127.692328,39_1,39,das_work,6.511058568954468,48258,28,1
1771463127.6955352,37_1,37,das_work,4.731775999069214,48258,28,1
1771463127.721328,36_1,36,das_work,6.609897375106812,48258,28,1
1771463127.7303998,38_1,38,das_work,6.696125030517578,48258,28,1
1771463139.6804938,37_1,37,das_work,4.933286428451538,48258,29,1
1771463139.7064822,39_2,39,das_work,7.896245002746582,48258,29,1
1771463139.724946,36_2,36,das_work,8.711389303207397,48258,29,1
1771463139.725664,38_1,38,das_work,5.083841800689697,48258,29,1
1771463151.6994672,38_2,38,das_work,8.511383295059204,48258,30,1
1771463151.703273,37_2,37,das_work,3.733781576156616,48258,30,1
1771463151.7122967,39_2,39,das_work,5.446019172668457,48258,30,1
1771463151.722469,36_2,36,das_work,9.758056640625,48258,30,1
1771463163.6776717,39_2,39,das_work,7.081743478775024,48258,31,1
1771463163.690845,36_2,36,das_work,5.250463485717773,48258,31,1
1771463163.6975105,37_2,37,das_work,2.3692779541015625,48258,31,1
1771463163.7176433,38_2,38,das_work,6.4240031242370605,48258,31,1
1771463175.6881866,36_2,36,das_work,3.0091664791107178,48258,32,1
1771463175.68989,37_2,37,das_work,5.913952827453613,48258,32,1
1771463175.702296,38_2,38,das_work,3.103096008300781,48258,32,1
1771463175.7065327,39_2,39,das_work,1.4855859279632568,48258,32,1
1771463187.672731,36_2,36,das_work,5.435832262039185,48258,33,1
1771463187.6788485,39_2,39,das_work,7.354938745498657,48258,33,1
1771463187.6957836,38_2,38,das_work,4.838017463684082,48258,33,1
1771463187.712963,37_2,37,das_work,8.85901141166687,48258,33,1
1771463199.6971514,37_2,37,das_work,4.479207277297974,48258,34,1
1771463199.711401,36_2,36,das_work,3.03983736038208,48258,34,1
1771463199.7120304,39_2,39,das_work,7.472982168197632,48258,34,1
1771463199.7200313,38_2,38,das_work,1.3400728702545166,48258,34,1
1771463211.6847887,38_2,38,das_work,8.440080404281616,48258,35,1
1771463211.7118049,37_2,37,das_work,6.6181371212005615,48258,35,1
1771463211.7130082,39_2,39,das_work,1.7003514766693115,48258,35,1
1771463211.721163,36_2,36,das_work,8.346137762069702,48258,35,1
1771463223.665426,39_2,39,das_work,3.930912733078003,48258,36,1
1771463223.666474,38_2,38,das_work,3.9510631561279297,48258,36,1
1771463223.6805298,37_2,37,das_work,3.827255725860596,48258,36,1
1771463223.7124326,36_2,36,das_work,1.499828577041626,48258,36,1
1771463235.6925511,38_2,38,das_work,6.271963357925415,48258,37,1
1771463235.706104,39_2,39,das_work,8.134892463684082,48258,37,1
1771463235.7129474,37_2,37,das_work,4.139099836349487,48258,37,1
1771463235.723206,36_2,36,das_work,2.020122766494751,48258,37,1
1771463247.6691484,38_2,38,das_work,8.324034452438354,48258,38,1
1771463247.6708217,37_2,37,das_work,1.5943396091461182,48258,38,1
1771463247.6741154,39_2,39,das_work,8.76144790649414,48258,38,1
1771463247.6822927,36_2,36,das_work,4.720288515090942,48258,38,1
1771463259.6843808,37_2,37,das_work,3.398683786392212,48258,39,1
1771463259.6992269,38_2,38,das_work,7.422466993331909,48258,39,1
1771463259.7015011,39_3,39,das_work,1.0978152751922607,48258,39,1
1771463259.706394,36_3,36,das_work,1.6285667419433594,48258,39,1
1771463271.6886292,37_3,37,das_work,7.30896782875061,48258,40,1
1771463271.6966088,39_3,39,das_work,8.989465951919556,48258,40,1
1771463271.707523,38_3,38,das_work,4.134195327758789,48258,40,1
1771463271.7093496,36_3,36,das_work,3.8203845024108887,48258,40,1
1771463283.6602602,38_3,38,das_work,9.269218683242798,48258,41,1
1771463283.6632752,39_3,39,das_work,3.4704980850219727,48258,41,1
1771463283.6688075,37_3,37,das_work,1.3462748527526855,48258,41,1
1771463283.706733,36_3,36,das_work,9.485305786132812,48258,41,1
1771463295.671585,37_3,37,das_work,7.763116598129272,48258,42,1
1771463295.6891923,39_3,39,das_work,8.65402889251709,48258,42,1
1771463295.695891,36_3,36,das_work,5.159594535827637,48258,42,1
1771463295.704586,38_3,38,das_work,2.2734200954437256,48258,42,1
1771463307.6801534,37_3,37,das_work,7.788753271102905,48258,43,1
1771463307.6900468,39_3,39,das_work,5.226019859313965,48258,43,1
1771463307.6950212,36_3,36,das_work,5.998343467712402,48258,43,1
1771463307.705522,38_3,38,das_work,1.6850473880767822,48258,43,1
1771463319.671788,39_3,39,das_work,3.80137300491333,48258,44,1
1771463319.6750865,36_3,36,das_work,5.024182558059692,48258,44,1
1771463319.6996348,37_3,37,das_work,5.236847162246704,48258,44,1
1771463319.7123303,38_3,38,das_work,3.389358758926392,48258,44,1
1771463331.678803,38_3,38,das_work,2.79561185836792,48258,45,1
1771463331.718738,36_3,36,das_work,3.672310113906861,48258,45,1
1771463331.7249568,39_3,39,das_work,4.31375789642334,48258,45,1
1771463331.7256064,37_3,37,das_work,4.548234939575195,48258,45,1
1771463343.683057,38_3,38,das_work,5.601046085357666,48258,46,1
1771463343.7058983,37_3,37,das_work,3.410733461380005,48258,46,1
1771463343.709113,36_3,36,das_work,4.7901341915130615,48258,46,1
1771463343.711311,39_3,39,das_work,7.839387893676758,48258,46,1
1771463355.6723168,39_3,39,das_work,1.1986608505249023,48258,47,1
1771463355.6772118,38_3,38,das_work,6.185588359832764,48258,47,1
1771463355.685303,36_3,36,das_work,8.116490364074707,48258,47,1
1771463355.7028987,37_3,37,das_work,5.430542707443237,48258,47,1
1771463367.6819856,38_3,38,das_work,4.385315179824829,48258,48,1
1771463367.69566,36_3,36,das_work,5.984150648117065,48258,48,1
1771463367.6981604,37_3,37,das_work,4.970300197601318,48258,48,1
1771463367.698647,39_3,39,das_work,7.915821075439453,48258,48,1
1771463379.6737778,38_3,38,das_work,2.4070541858673096,48258,49,1
1771463379.674415,37_3,37,das_work,6.7999043464660645,48258,49,1
1771463379.679174,36_4,36,das_work,6.994978427886963,48258,49,1
1771463379.7152236,39_4,39,das_work,7.517906188964844,48258,49,1
1771463391.6615002,37_4,37,das_work,1.4452307224273682,48258,50,1
1771463391.6644554,36_4,36,das_work,9.186358213424684,48258,50,1
1771463391.6903594,38_4,38,das_work,7.7308595180511475,48258,50,1
1771463391.7033515,39_4,39,das_work,4.318623781204224,48258,50,1
1771463403.672506,39_4,39,das_work,2.225543260574341,48258,51,1
1771463403.674909,36_4,36,das_work,5.407009363174439,48258,51,1
1771463403.6908455,37_4,37,das_work,2.4126460552215576,48258,51,1
1771463403.7017589,38_4,38,das_work,5.893250465393066,48258,51,1
1771463415.673504,38_4,38,das_work,4.352862358093262,48258,52,1
1771463415.6908824,39_4,39,das_work,8.289665460586548,48258,52,1
1771463415.69582,36_4,36,das_work,10.15479588508606,48258,52,1
1771463415.699649,37_4,37,das_work,3.9444169998168954,48258,52,1
1771463427.6721857,38_4,38,das_work,8.190578937530518,48258,53,1
1771463427.688373,37_4,37,das_work,0.9024279117584229,48258,53,1
1771463427.689835,39_4,39,das_work,6.804354429244995,48258,53,1
1771463427.7142482,36_4,36,das_work,2.2649827003479004,48258,53,1
1771463439.673451,37_4,37,das_work,9.24865746498108,48258,54,1
1771463439.6791668,38_4,38,das_work,3.706973075866699,48258,54,1
1771463439.692923,39_4,39,das_work,9.319014549255373,48258,54,1
1771463439.71024,36_4,36,das_work,3.2486374378204346,48258,54,1
1771463451.6709008,36_4,36,das_work,7.6349778175354,48258,55,1
1771463451.6796763,39_4,39,das_work,10.327792644500732,48258,55,1
1771463451.703133,38_4,38,das_work,4.026440858840942,48258,55,1
1771463451.714897,37_4,37,das_work,0.4597218036651611,48258,55,1
1771463463.6815522,37_4,37,das_work,5.552917242050171,48258,56,1
1771463463.6859071,36_4,36,das_work,7.467827081680298,48258,56,1
1771463463.6955454,38_4,38,das_work,9.373741626739502,48258,56,1
1771463463.7030797,39_4,39,das_work,3.896245002746582,48258,56,1
1771463475.675661,39_4,39,das_work,4.6275410652160645,48258,57,1
1771463475.6957858,37_4,37,das_work,2.236680746078491,48258,57,1
1771463475.7189288,38_4,38,das_work,9.639989376068115,48258,57,1
1771463475.7212274,36_4,36,das_work,0.4703993797302246,48258,57,1
1771463487.6588788,37_4,37,das_work,1.6169183254241943,48258,58,1
1771463487.6613843,38_4,38,das_work,6.520967960357666,48258,58,1
1771463487.6627643,36_4,36,das_work,5.001597881317139,48258,58,1
1771463487.6762342,39_4,39,das_work,1.2314302921295166,48258,58,1
1771463499.658648,38_4,38,das_work,2.317988395690918,48258,59,1
1771463499.6708972,37_4,37,das_work,8.33066201210022,48258,59,1
