timestamp,journey_id,worker_id,tx_type,latency_s,gas_used,block_number,status
1771374128.539591,1_0,1,tpc_lock,0.2556848526000976,46561,7,1
1771374130.6319911,1_0,1,tpc_lock,2.092393636703491,46561,7,1
1771374138.3843524,0_0,0,tpc_lock,3.1132211685180664,46561,8,1
1771374142.6482613,0_0,0,tpc_lock,4.263902425765991,46561,8,1
1771374142.6487477,1_0,1,das_work,7.234145402908325,48258,8,1
1771374152.5365272,1_0,1,tpc_commit,9.887771368026732,28795,9,1
1771374154.5633914,0_0,0,das_work,8.240467309951782,48258,9,1
1771374154.626219,1_0,1,tpc_commit,2.089674234390259,28795,9,1
1771374162.3848538,0_0,0,tpc_commit,7.821454524993896,28795,10,1
1771374164.5928388,1_0,1,tpc_lock,9.46048092842102,46549,10,1
1771374166.602817,1_0,1,tpc_lock,2.009969472885132,46549,10,1
1771374166.624297,0_0,0,tpc_commit,4.239429473876953,28795,10,1
1771374174.4276922,0_0,0,tpc_lock,7.198405504226685,46561,11,1
1771374178.5897584,0_0,0,tpc_lock,4.16205644607544,46561,11,1
1771374178.616721,1_0,1,das_work,9.581085681915283,48258,11,1
1771374188.576354,1_0,1,tpc_commit,9.959625244140623,28783,12,1
1771374190.5860407,0_0,0,das_work,3.2221453189849854,48258,12,1
1771374190.6097455,1_0,1,tpc_commit,2.033383369445801,28783,12,1
1771374198.3890853,0_0,0,tpc_commit,7.803033590316772,28795,13,1
1771374200.5381596,1_0,1,tpc_lock,9.287028074264526,46561,13,1
1771374202.5879014,0_0,0,tpc_commit,4.1988067626953125,28795,13,1
1771374202.5911546,1_0,1,tpc_lock,2.052987813949585,46561,13,1
1771374210.380487,0_0,0,tpc_lock,5.983972549438477,46561,14,1
1771374214.6020951,0_0,0,tpc_lock,4.2216010093688965,46561,14,1
1771374214.6113527,1_0,1,das_work,4.311522483825684,48258,14,1
1771374224.613428,1_0,1,tpc_commit,10.002065896987917,28795,15,1
1771374226.6409702,0_0,0,das_work,7.1584649085998535,48258,15,1
1771374226.6799655,1_0,1,tpc_commit,2.066528081893921,28795,15,1
1771374234.381212,0_0,0,tpc_commit,7.7402307987213135,28795,16,1
1771374236.620751,1_0,1,tpc_lock,8.419853687286377,46561,16,1
1771374238.6776996,1_0,1,tpc_lock,2.056938409805298,46561,16,1
1771374238.7018182,0_0,0,tpc_commit,4.320598125457764,28795,16,1
1771374246.4424162,0_0,0,tpc_lock,6.424823045730591,46561,17,1
1771374250.612516,1_0,1,das_work,8.035600662231445,48258,17,1
1771374250.6860032,0_0,0,tpc_lock,4.243576765060425,46561,17,1
1771374260.5515132,1_0,1,tpc_commit,9.938984870910645,28795,18,1
1771374262.6729732,1_0,1,tpc_commit,2.1213977336883545,28795,18,1
1771374262.6881456,0_0,0,das_work,3.42862319946289,48258,18,1
1771374270.400433,0_0,0,tpc_commit,7.712275505065918,28795,19,1
1771374272.611874,1_0,1,tpc_lock,8.645030498504639,46549,19,1
1771374274.633863,1_0,1,tpc_lock,2.0219805240631104,46549,19,1
1771374274.7184305,0_0,0,tpc_commit,4.317987203598023,28795,19,1
1771374282.3839676,0_0,0,tpc_lock,5.981820583343506,46561,20,1
1771374286.6500046,1_0,1,das_work,3.979966640472412,48258,20,1
1771374286.6921098,0_0,0,tpc_lock,4.308133840560913,46561,20,1
1771374296.5942595,1_0,1,tpc_commit,9.944246768951416,28783,21,1
1771374298.616173,1_0,1,tpc_commit,2.0219039916992188,28783,21,1
1771374298.6616046,0_0,0,das_work,4.053041934967041,48258,21,1
1771374306.375502,0_0,0,tpc_commit,7.713886499404907,28795,22,1
1771374308.5385652,1_1,1,tpc_lock,8.123661756515503,46549,22,1
1771374310.6186085,1_1,1,tpc_lock,2.080035448074341,46549,22,1
1771374310.6873095,0_0,0,tpc_commit,4.311798572540283,28795,22,1
1771374318.4498637,0_1,0,tpc_lock,6.179247140884399,46561,23,1
1771374322.6365998,0_1,0,tpc_lock,4.186728000640869,46561,23,1
1771374322.6403248,1_1,1,das_work,9.998730659484863,48258,23,1
1771374332.5661278,1_1,1,tpc_commit,9.92579197883606,28783,24,1
1771374334.6845548,1_1,1,tpc_commit,2.118415594100952,28783,24,1
1771374334.6911087,0_1,0,das_work,3.5184221267700195,48258,24,1
1771374342.4384692,0_1,0,tpc_commit,7.747350692749023,28795,25,1
1771374344.5408833,1_1,1,tpc_lock,9.043795108795166,46561,25,1
1771374346.6417556,0_1,0,tpc_commit,4.203275680541992,28795,25,1
1771374346.6626644,1_1,1,tpc_lock,2.1217706203460693,46561,25,1
1771374354.415034,0_1,0,tpc_lock,6.594969749450684,46561,26,1
1771374358.6334991,1_1,1,das_work,7.925796747207642,48258,26,1
1771374358.6381464,0_1,0,tpc_lock,4.223083734512329,46561,26,1
1771374368.5566587,1_1,1,tpc_commit,9.923149824142456,28795,27,1
1771374370.624334,1_1,1,tpc_commit,2.0676655769348145,28795,27,1
1771374370.6398125,0_1,0,das_work,3.187194347381592,48258,27,1
1771374378.387415,0_1,0,tpc_commit,7.747593641281128,28795,28,1
1771374380.5437398,1_1,1,tpc_lock,8.986217975616455,46561,28,1
1771374382.6173463,1_1,1,tpc_lock,2.0735974311828613,46561,28,1
1771374382.6204183,0_1,0,tpc_commit,4.2329936027526855,28795,28,1
1771374390.4360907,0_1,0,tpc_lock,6.190594673156738,46561,29,1
1771374394.593466,1_1,1,das_work,8.672078609466553,48258,29,1
1771374394.6758676,0_1,0,tpc_lock,4.239768743515015,46561,29,1
1771374404.5402982,1_1,1,tpc_commit,9.946823835372925,28795,30,1
1771374406.6116571,1_1,1,tpc_commit,2.0713493824005127,28795,30,1
1771374406.664508,0_1,0,das_work,5.465204477310181,48258,30,1
1771374414.4328463,0_1,0,tpc_commit,7.768325090408325,28795,31,1
1771374416.5645232,1_1,1,tpc_lock,8.442136764526367,46561,31,1
1771374418.5972626,1_1,1,tpc_lock,2.03272557258606,46561,31,1
1771374418.6544209,0_1,0,tpc_commit,4.221565246582031,28795,31,1
1771374426.4322567,0_1,0,tpc_lock,6.775334596633911,46561,32,1
1771374430.6109836,0_1,0,tpc_lock,4.17871356010437,46561,32,1
1771374430.661914,1_1,1,das_work,6.229074239730835,48258,32,1
1771374440.5700078,1_1,1,tpc_commit,9.908084154129028,28795,33,1
1771374442.610377,1_1,1,tpc_commit,2.040358304977417,28795,33,1
1771374442.680229,0_1,0,das_work,8.489214897155762,48258,33,1
1771374450.4459617,0_1,0,tpc_commit,7.76570200920105,28795,34,1
1771374452.5639815,1_1,1,tpc_lock,8.514759302139282,46561,34,1
1771374454.6101613,1_1,1,tpc_lock,2.0461714267730717,46561,34,1
1771374454.6508813,0_1,0,tpc_commit,4.204909086227417,28795,34,1
1771374462.4337077,0_1,0,tpc_lock,5.864704370498657,46549,35,1
1771374466.631812,1_1,1,das_work,8.617984056472778,48258,35,1
1771374466.6401544,0_1,0,tpc_lock,4.206437110900879,46549,35,1
1771374476.5546553,1_1,1,tpc_commit,9.922834873199465,28795,36,1
1771374478.6089764,0_1,0,das_work,8.360042572021484,48258,36,1
1771374478.6209562,1_1,1,tpc_commit,2.0662903785705566,28795,36,1
1771374486.4242475,0_1,0,tpc_commit,7.815263032913208,28783,37,1
1771374488.5398164,1_2,1,tpc_lock,8.740839004516602,46561,37,1
1771374490.5893474,0_1,0,tpc_commit,4.165090799331665,28783,37,1
1771374490.6681497,1_2,1,tpc_lock,2.12832260131836,46561,37,1
1771374498.4224956,0_2,0,tpc_lock,7.209115266799927,46561,38,1
1771374502.601623,0_2,0,tpc_lock,4.179078102111816,46561,38,1
1771374502.626013,1_2,1,das_work,6.659966945648193,48258,38,1
1771374512.536799,1_2,1,tpc_commit,9.910778045654297,28795,39,1
1771374514.5892076,1_2,1,tpc_commit,2.0523993968963623,28795,39,1
1771374514.6350975,0_2,0,das_work,8.71251130104065,48258,39,1
1771374522.399868,0_2,0,tpc_commit,7.764760494232178,28795,40,1
1771374524.5389707,1_2,1,tpc_lock,8.327572345733643,46561,40,1
1771374526.616837,1_2,1,tpc_lock,2.0778558254241943,46561,40,1
1771374526.6597466,0_2,0,tpc_commit,4.259865999221802,28795,40,1
1771374534.4049578,0_2,0,tpc_lock,7.192645072937012,46549,41,1
1771374538.5962543,0_2,0,tpc_lock,4.191289901733398,46549,41,1
1771374538.6359618,1_2,1,das_work,3.659083843231201,48258,41,1
1771374548.547678,1_2,1,tpc_commit,9.911705493927002,28795,42,1
1771374550.6108584,0_2,0,das_work,5.4336256980896,48258,42,1
1771374550.6394813,1_2,1,tpc_commit,2.0917954444885254,28795,42,1
1771374558.3989718,0_2,0,tpc_commit,7.788103342056274,28783,43,1
1771374560.5181017,1_2,1,tpc_lock,8.136805534362793,46561,43,1
1771374562.593271,1_2,1,tpc_lock,2.075158834457397,46561,43,1
1771374562.593971,0_2,0,tpc_commit,4.194990396499634,28783,43,1
1771374570.3642576,0_2,0,tpc_lock,6.680821180343628,46561,44,1
1771374574.5909884,0_2,0,tpc_lock,4.226721048355103,46561,44,1
1771374574.6013458,1_2,1,das_work,4.26749587059021,48258,44,1
1771374584.52712,1_2,1,tpc_commit,9.925764083862305,28795,45,1
1771374586.580321,1_2,1,tpc_commit,2.0531930923461914,28795,45,1
1771374586.619908,0_2,0,das_work,5.039358615875244,48258,45,1
1771374594.3914866,0_2,0,tpc_commit,7.771571159362793,28795,46,1
1771374596.561961,1_2,1,tpc_lock,8.007681846618652,46561,46,1
1771374598.6095326,0_2,0,tpc_commit,4.218035459518433,28795,46,1
1771374598.6643083,1_2,1,tpc_lock,2.102336883544922,46561,46,1
1771374606.3516014,0_2,0,tpc_lock,5.96457839012146,46549,47,1
1771374610.593233,0_2,0,tpc_lock,4.241622447967529,46549,47,1
1771374610.6526716,1_2,1,das_work,5.377877712249756,48258,47,1
1771374620.5298393,1_2,1,tpc_commit,9.877158403396606,28795,48,1
1771374622.6055207,1_2,1,tpc_commit,2.075670003890991,28795,48,1
1771374622.6315982,0_2,0,das_work,10.658683061599731,48258,48,1
1771374630.3612814,0_2,0,tpc_commit,7.729671955108643,28783,49,1
1771374632.515804,1_2,1,tpc_lock,9.189624309539797,46561,49,1
1771374634.6090183,0_2,0,tpc_commit,4.247727632522583,28783,49,1
1771374634.6539276,1_2,1,tpc_lock,2.1381123065948486,46561,49,1
1771374642.363914,0_2,0,tpc_lock,6.374338388442993,46561,50,1
1771374646.579784,1_2,1,das_work,10.466728448867798,48258,50,1
1771374646.5994606,0_2,0,tpc_lock,4.235534429550171,46561,50,1
1771374656.589182,1_2,1,tpc_commit,10.009387493133543,28795,51,1
1771374658.6226492,0_2,0,das_work,3.635327100753784,48258,51,1
1771374658.6429982,1_2,1,tpc_commit,2.053808212280273,28795,51,1
1771374666.3984084,0_2,0,tpc_commit,7.775750398635864,28795,52,1
1771374668.5198326,1_3,1,tpc_lock,8.522579193115234,46561,52,1
1771374670.585765,0_2,0,tpc_commit,4.187345743179321,28795,52,1
1771374670.6355436,1_3,1,tpc_lock,2.1157021522521973,46561,52,1
1771374678.3871794,0_3,0,tpc_lock,6.581985235214233,46561,53,1
1771374682.568906,0_3,0,tpc_lock,4.181717157363892,46561,53,1
1771374682.6386642,1_3,1,das_work,2.147310495376587,48258,53,1
1771374692.5372398,1_3,1,tpc_commit,9.89856457710266,28795,54,1
1771374694.6149929,1_3,1,tpc_commit,2.077719449996948,28795,54,1
1771374694.6319892,0_3,0,das_work,4.436449289321899,48258,54,1
1771374702.4282734,0_3,0,tpc_commit,7.796274662017822,28795,55,1
1771374704.5298672,1_3,1,tpc_lock,8.947214365005493,46561,55,1
1771374706.576578,1_3,1,tpc_lock,2.046699047088623,46561,55,1
1771374706.635797,0_3,0,tpc_commit,4.207513332366943,28795,55,1
1771374714.3936455,0_3,0,tpc_lock,6.899995088577271,46561,56,1
1771374718.5692062,1_3,1,das_work,2.7725939750671387,48258,56,1
1771374718.6390772,0_3,0,tpc_lock,4.245419979095459,46561,56,1
1771374728.579948,1_3,1,tpc_commit,10.010702848434448,28795,57,1
1771374730.5680902,0_3,0,das_work,6.562237977981567,48258,57,1
1771374730.6295934,1_3,1,tpc_commit,2.049633741378784,28795,57,1
1771374738.340289,0_3,0,tpc_commit,7.772190809249878,28795,58,1
1771374740.5178118,1_3,1,tpc_lock,9.1345796585083,46561,58,1
1771374742.6007266,1_3,1,tpc_lock,2.0829076766967773,46561,58,1
1771374742.6517243,0_3,0,tpc_commit,4.3114283084869385,28795,58,1
1771374750.340838,0_3,0,tpc_lock,5.767726182937622,46561,59,1
1771374754.5659811,0_3,0,tpc_lock,4.225135087966919,46561,59,1
1771374754.5711904,1_3,1,das_work,6.56056547164917,48258,59,1
1771374764.5698147,1_3,1,tpc_commit,9.998612403869627,28795,60,1
1771374766.5847228,1_3,1,tpc_commit,2.014897346496582,28795,60,1
1771374766.6170752,0_3,0,das_work,2.147817850112915,48258,60,1
1771374774.3713338,0_3,0,tpc_commit,7.7542479038238525,28795,61,1
1771374776.5652113,1_3,1,tpc_lock,8.917797327041626,46561,61,1
1771374778.569806,0_3,0,tpc_commit,4.198462724685669,28795,61,1
1771374778.5704854,1_3,1,tpc_lock,2.0052638053894043,46561,61,1
1771374786.3465116,0_3,0,tpc_lock,6.8719704151153564,46561,62,1
1771374790.605065,0_3,0,tpc_lock,4.258546352386475,46561,62,1
1771374790.617967,1_3,1,das_work,4.164630889892578,48258,62,1
1771374800.5082295,1_3,1,tpc_commit,9.89025378227234,28795,63,1
1771374802.565024,1_3,1,tpc_commit,2.0567855834960938,28795,63,1
1771374802.6209812,0_3,0,das_work,6.0220787525177,48258,63,1
1771374810.395974,0_3,0,tpc_commit,7.774981498718262,28795,64,1
1771374812.5457127,1_3,1,tpc_lock,9.261052370071411,46549,64,1
1771374814.5622432,0_3,0,tpc_commit,4.166258335113525,28795,64,1
1771374814.5793157,1_3,1,tpc_lock,2.0335943698883057,46549,64,1
1771374822.336886,0_3,0,tpc_lock,6.589459180831909,46561,65,1
1771374826.564918,0_3,0,tpc_lock,4.22802472114563,46561,65,1
1771374826.587947,1_3,1,das_work,3.6211483478546143,48258,65,1
1771374836.510629,1_3,1,tpc_commit,9.922670602798462,28783,66,1
1771374838.5638194,1_3,1,tpc_commit,2.0531766414642334,28783,66,1
1771374838.5850432,0_3,0,das_work,7.757054805755615,48258,66,1
1771374846.366202,0_3,0,tpc_commit,7.781145811080933,28795,67,1
1771374848.53375,1_4,1,tpc_lock,8.923391103744507,46549,67,1
1771374850.5713766,0_3,0,tpc_commit,4.205163478851318,28795,67,1
1771374850.6032176,1_4,1,tpc_lock,2.069459915161133,46549,67,1
1771374858.3435626,0_4,0,tpc_lock,6.692115545272827,46561,68,1
1771374862.5580142,0_4,0,tpc_lock,4.214441537857056,46561,68,1
1771374862.578549,1_4,1,das_work,10.308332443237305,48258,68,1
1771374872.4998963,1_4,1,tpc_commit,9.921335935592651,28783,69,1
1771374874.554339,1_4,1,tpc_commit,2.0544328689575195,28783,69,1
1771374874.573992,0_4,0,das_work,3.999449014663696,48258,69,1
1771374882.3419056,0_4,0,tpc_commit,7.767903566360474,28795,70,1
1771374884.5513396,1_4,1,tpc_lock,8.617072582244873,46561,70,1
1771374886.5630262,1_4,1,tpc_lock,2.011673927307129,46561,70,1
1771374886.572782,0_4,0,tpc_commit,4.230868816375732,28795,70,1
1771374894.3428414,0_4,0,tpc_lock,6.474729299545288,46561,71,1
1771374898.5607398,1_4,1,das_work,10.423977136611938,48258,71,1
1771374898.5956075,0_4,0,tpc_lock,4.25275468826294,46561,71,1
1771374908.572433,1_4,1,tpc_commit,10.01168131828308,28795,72,1
1771374910.5880396,0_4,0,das_work,3.611874580383301,48258,72,1
1771374910.5989945,1_4,1,tpc_commit,2.0265512466430664,28795,72,1
1771374918.3551648,0_4,0,tpc_commit,7.767114400863647,28795,73,1
1771374920.5436523,1_4,1,tpc_lock,8.697969675064087,46549,73,1
1771374922.5574317,1_4,1,tpc_lock,2.01377010345459,46549,73,1
1771374922.6285672,0_4,0,tpc_commit,4.273392677307129,28795,73,1
1771374930.3368945,0_4,0,tpc_lock,6.701227426528931,46561,74,1
1771374934.5654335,0_4,0,tpc_lock,4.228530406951904,46561,74,1
1771374934.566719,1_4,1,das_work,5.740144729614258,48258,74,1
1771374944.4943974,1_4,1,tpc_commit,9.92766785621643,28783,75,1
1771374946.5528364,0_4,0,das_work,8.911618947982788,48258,75,1
1771374946.5926497,1_4,1,tpc_commit,2.0982398986816406,28783,75,1
1771374954.3297665,0_4,0,tpc_commit,7.77692174911499,28795,76,1
1771374956.5139606,1_4,1,tpc_lock,8.70687460899353,46561,76,1
1771374958.575848,1_4,1,tpc_lock,2.061877965927124,46561,76,1
1771374958.6191654,0_4,0,tpc_commit,4.2893900871276855,28795,76,1
1771374966.3624108,0_4,0,tpc_lock,6.578198432922363,46561,77,1
1771374970.5530653,1_4,1,das_work,9.909017086029053,48258,77,1
1771374970.599554,0_4,0,tpc_lock,4.237131357192993,46561,77,1
1771374980.554948,1_4,1,tpc_commit,10.001871585845947,28795,78,1
1771374982.592368,0_4,0,das_work,2.1504690647125244,48258,78,1
1771374982.6280894,1_4,1,tpc_commit,2.073132038116455,28795,78,1
1771374990.363122,0_4,0,tpc_commit,7.770744323730469,28795,79,1
1771374992.4848948,1_4,1,tpc_lock,8.926645040512085,46561,79,1
1771374994.5648277,1_4,1,tpc_lock,2.0799241065979004,46561,79,1
1771374994.6412036,0_4,0,tpc_commit,4.278036832809448,28795,79,1
1771375002.3653188,0_4,0,tpc_lock,7.102583646774292,46561,80,1
1771375006.574787,0_4,0,tpc_lock,4.209456443786621,46561,80,1
1771375006.6108477,1_4,1,das_work,8.761528015136719,48258,80,1
1771375016.5326798,1_4,1,tpc_commit,9.921820163726808,28795,81,1
1771375018.6031098,0_4,0,das_work,5.360258102416992,48258,81,1
1771375018.6425502,1_4,1,tpc_commit,2.10986065864563,28795,81,1
1771375026.337412,0_4,0,tpc_commit,7.734291791915893,28795,82,1
1771375030.5819802,0_4,0,tpc_commit,4.244557619094849,28795,82,1
1771374150.3727353,20_0,20,tpc_lock,0.570512056350708,46561,9,1
1771374154.620561,20_0,20,tpc_lock,4.247818231582642,46561,9,1
1771374164.580536,21_0,21,tpc_lock,6.784019947052002,46561,10,1
1771374166.5739472,20_0,20,das_work,9.067734241485596,48258,10,1
1771374166.5805445,21_0,21,tpc_lock,2.0000016689300537,46561,10,1
1771374174.4240718,20_0,20,tpc_commit,7.850115299224853,28795,11,1
1771374178.586223,20_0,20,tpc_commit,4.162133932113648,28795,11,1
1771374178.649216,21_0,21,das_work,9.15218997001648,48258,11,1
1771374186.428229,20_0,20,tpc_lock,6.877853631973267,46561,12,1
1771374188.615165,21_0,21,tpc_commit,9.965938329696655,28795,12,1
1771374190.5888898,20_0,20,tpc_lock,4.160650730133057,46561,12,1
1771374190.6367552,21_0,21,tpc_commit,2.021578550338745,28795,12,1
1771374200.5504978,21_0,21,tpc_lock,9.329599618911743,46561,13,1
1771374202.587066,21_0,21,tpc_lock,2.0365569591522217,46561,13,1
1771374202.6499696,20_0,20,das_work,2.299729824066162,48258,13,1
1771374210.4051948,20_0,20,tpc_commit,7.755216360092163,28795,14,1
1771374214.609686,20_0,20,tpc_commit,4.204481840133667,28795,14,1
1771374214.6551418,21_0,21,das_work,8.976948976516724,48258,14,1
1771374222.4557488,20_0,20,tpc_lock,6.525527715682983,46561,15,1
1771374224.6053631,21_0,21,tpc_commit,9.950210094451904,28795,15,1
1771374226.6169782,20_0,20,tpc_lock,4.161219596862793,46561,15,1
1771374226.6251638,21_0,21,tpc_commit,2.019789695739746,28795,15,1
1771374236.612625,21_0,21,tpc_lock,9.439446449279783,46561,16,1
1771374238.7000003,20_0,20,das_work,8.651896238327026,48258,16,1
1771374238.7138126,21_0,21,tpc_lock,2.1011762619018555,46561,16,1
1771374246.397885,20_0,20,tpc_commit,7.697874069213867,28795,17,1
1771374250.612469,21_0,21,das_work,3.655083179473877,48258,17,1
1771374250.6474583,20_0,20,tpc_commit,4.249566555023193,28795,17,1
1771374258.385955,20_0,20,tpc_lock,6.897324085235596,46561,18,1
1771374260.54814,21_0,21,tpc_commit,9.935660362243652,28795,18,1
1771374262.6300898,21_0,21,tpc_commit,2.081939220428467,28795,18,1
1771374262.709313,20_0,20,tpc_lock,4.323344945907593,46561,18,1
1771374272.5407724,21_0,21,tpc_lock,8.712226152420044,46561,19,1
1771374274.633253,20_0,20,das_work,9.547244310379028,48258,19,1
1771374274.723967,21_0,21,tpc_lock,2.183187961578369,46561,19,1
1771374282.3955903,20_0,20,tpc_commit,7.762325286865234,28795,20,1
1771374286.606672,21_0,21,das_work,7.046462535858154,48258,20,1
1771374286.6340165,20_0,20,tpc_commit,4.238416194915772,28795,20,1
1771374294.4089894,20_0,20,tpc_lock,6.899277925491333,46561,21,1
1771374296.5457551,21_0,21,tpc_commit,9.939056158065796,28795,21,1
1771374298.6046832,20_0,20,tpc_lock,4.195683002471924,46561,21,1
1771374298.6200616,21_0,21,tpc_commit,2.0742993354797363,28795,21,1
1771374308.6102374,21_0,21,tpc_lock,8.927903413772583,46561,22,1
1771374310.618996,21_0,21,tpc_lock,2.008751392364502,46561,22,1
1771374310.644866,20_0,20,das_work,5.917372703552246,48258,22,1
1771374318.439698,20_0,20,tpc_commit,7.794820070266724,28795,23,1
1771374322.6103046,21_0,21,das_work,7.518132209777832,48258,23,1
1771374322.642146,20_0,20,tpc_commit,4.202438116073608,28795,23,1
1771374330.3792195,20_1,20,tpc_lock,6.975250005722046,46561,24,1
1771374332.5600593,21_0,21,tpc_commit,9.94974398612976,28795,24,1
1771374334.6083963,20_1,20,tpc_lock,4.229169607162476,46561,24,1
1771374334.6315143,21_0,21,tpc_commit,2.0714471340179443,28795,24,1
1771374344.6181328,21_1,21,tpc_lock,9.2414870262146,46561,25,1
1771374346.6159956,21_1,21,tpc_lock,1.9978528022766116,46561,25,1
1771374346.618766,20_1,20,das_work,10.567173719406128,48258,25,1
1771374354.4238064,20_1,20,tpc_commit,7.805030584335327,28795,26,1
1771374358.604046,20_1,20,tpc_commit,4.180231809616089,28795,26,1
1771374358.7073948,21_1,21,das_work,4.887919187545776,48258,26,1
1771374366.404242,20_1,20,tpc_lock,6.897029399871826,46561,27,1
1771374368.602255,21_1,21,tpc_commit,9.894850730895996,28795,27,1
1771374370.6039107,20_1,20,tpc_lock,4.1996588706970215,46561,27,1
1771374370.667643,21_1,21,tpc_commit,2.0653774738311768,28795,27,1
1771374380.5308805,21_1,21,tpc_lock,9.356674671173096,46561,28,1
1771374382.606374,21_1,21,tpc_lock,2.075483798980713,46561,28,1
1771374382.617264,20_1,20,das_work,9.719461679458618,48258,28,1
1771374390.4363828,20_1,20,tpc_commit,7.819109439849853,28795,29,1
1771374394.599446,21_1,21,das_work,6.290664196014404,48258,29,1
1771374394.6678889,20_1,20,tpc_commit,4.231496334075928,28795,29,1
1771374402.4240384,20_1,20,tpc_lock,6.224556922912598,46561,30,1
1771374404.5676506,21_1,21,tpc_commit,9.96819281578064,28795,30,1
1771374406.6199267,20_1,20,tpc_lock,4.195879459381104,46561,30,1
1771374406.648271,21_1,21,tpc_commit,2.080606698989868,28795,30,1
1771374416.573295,21_1,21,tpc_lock,8.427561044692993,46561,31,1
1771374418.5949674,20_1,20,das_work,3.4479355812072754,48258,31,1
1771374418.6139834,21_1,21,tpc_lock,2.040678739547729,46561,31,1
1771374426.3791072,20_1,20,tpc_commit,7.784127473831177,28795,32,1
1771374430.6086943,21_1,21,das_work,9.424924850463867,48258,32,1
1771374430.6811707,20_1,20,tpc_commit,4.302054405212402,28795,32,1
1771374438.4299304,20_1,20,tpc_lock,6.488259077072144,46549,33,1
1771374440.5463724,21_1,21,tpc_commit,9.937666654586792,28795,33,1
1771374442.630234,21_1,21,tpc_commit,2.0838518142700195,28795,33,1
1771374442.6540303,20_1,20,tpc_lock,4.224090576171875,46549,33,1
1771374452.5811508,21_1,21,tpc_lock,8.218895673751831,46561,34,1
1771374454.5903046,21_1,21,tpc_lock,2.009143829345703,46561,34,1
1771374454.6582108,20_1,20,das_work,2.164809465408325,48258,34,1
1771374462.3651636,20_1,20,tpc_commit,7.7069411277771,28783,35,1
1771374466.5872433,20_1,20,tpc_commit,4.222071886062622,28783,35,1
1771374466.6234467,21_1,21,das_work,6.969597578048706,48258,35,1
1771374474.4332626,20_1,20,tpc_lock,6.421778440475464,46561,36,1
1771374476.579104,21_1,21,tpc_commit,9.955647945404053,28795,36,1
1771374478.5920582,20_1,20,tpc_lock,4.15878438949585,46561,36,1
1771374478.624883,21_1,21,tpc_commit,2.045768976211548,28795,36,1
1771374488.5955572,21_1,21,tpc_lock,9.246329069137571,46561,37,1
1771374490.6012125,20_1,20,das_work,10.042362689971924,48258,37,1
1771374490.6158483,21_1,21,tpc_lock,2.020277261734009,46561,37,1
1771374498.4267046,20_1,20,tpc_commit,7.8254828453063965,28795,38,1
1771374502.5798533,21_1,21,das_work,8.704758405685425,48258,38,1
1771374502.583227,20_1,20,tpc_commit,4.156510353088379,28795,38,1
1771374510.3692052,20_2,20,tpc_lock,7.192386865615845,46549,39,1
1771374512.5867078,21_1,21,tpc_commit,10.00684642791748,28795,39,1
1771374514.5942142,20_2,20,tpc_lock,4.22500205039978,46549,39,1
1771374514.6259549,21_1,21,tpc_commit,2.039234161376953,28795,39,1
1771374524.5875866,21_2,21,tpc_lock,8.508050441741943,46561,40,1
1771374526.5985153,20_2,20,das_work,2.8660101890563965,48258,40,1
1771374526.6244934,21_2,21,tpc_lock,2.036900281906128,46561,40,1
1771374534.3653738,20_2,20,tpc_commit,7.766847848892212,28783,41,1
1771374538.629387,21_2,21,das_work,3.981491088867188,48258,41,1
1771374538.6314204,20_2,20,tpc_commit,4.266037702560425,28783,41,1
1771374546.357488,20_2,20,tpc_lock,6.379431486129761,46561,42,1
1771374548.5529854,21_2,21,tpc_commit,9.923587799072266,28795,42,1
1771374550.619256,20_2,20,tpc_lock,4.261759042739868,46561,42,1
1771374550.654034,21_2,21,tpc_commit,2.1010375022888184,28795,42,1
1771374560.516117,21_2,21,tpc_lock,9.238811016082764,46561,43,1
1771374562.632502,20_2,20,das_work,6.65955924987793,48258,43,1
1771374562.6639757,21_2,21,tpc_lock,2.147850751876831,46561,43,1
1771374570.4283168,20_2,20,tpc_commit,7.795803785324097,28795,44,1
1771374574.5843663,21_2,21,das_work,5.639365911483765,48258,44,1
1771374574.6237922,20_2,20,tpc_commit,4.195464611053467,28795,44,1
1771374582.386695,20_2,20,tpc_lock,7.196282625198364,46561,45,1
1771374584.6012335,21_2,21,tpc_commit,10.01684069633484,28795,45,1
1771374586.597795,20_2,20,tpc_lock,4.211090564727783,46561,45,1
1771374586.620362,21_2,21,tpc_commit,2.019117832183838,28795,45,1
1771374596.5488176,21_2,21,tpc_lock,8.923739671707153,46549,46,1
1771374598.625535,21_2,21,tpc_lock,2.076706647872925,46549,46,1
1771374598.6650412,20_2,20,das_work,10.036290884017944,48258,46,1
1771374606.3595808,20_2,20,tpc_commit,7.694527864456177,28795,47,1
1771374610.576684,21_2,21,das_work,6.780641317367554,48258,47,1
1771374610.603658,20_2,20,tpc_commit,4.244068145751953,28795,47,1
1771374618.3643472,20_2,20,tpc_lock,6.695215702056885,46561,48,1
1771374620.522459,21_2,21,tpc_commit,9.945767402648926,28783,48,1
1771374622.5974386,21_2,21,tpc_commit,2.0749716758728027,28783,48,1
1771374622.657144,20_2,20,tpc_lock,4.292787075042725,46561,48,1
1771374632.5841076,21_2,21,tpc_lock,8.310671329498291,46561,49,1
1771374634.577716,21_2,21,tpc_lock,1.993598699569702,46561,49,1
1771374634.6153393,20_2,20,das_work,8.67724323272705,48258,49,1
1771374642.3518405,20_2,20,tpc_commit,7.736493825912476,28795,50,1
1771374646.5923169,20_2,20,tpc_commit,4.240469217300415,28795,50,1
1771374646.64433,21_2,21,das_work,7.788284778594971,48258,50,1
1771374654.3481548,20_2,20,tpc_lock,7.100116729736328,46561,51,1
1771374656.534192,21_2,21,tpc_commit,9.88985276222229,28795,51,1
1771374658.5869503,20_2,20,tpc_lock,4.23878812789917,46561,51,1
1771374658.594806,21_2,21,tpc_commit,2.0606043338775635,28795,51,1
1771374668.5652993,21_2,21,tpc_lock,8.010190963745117,46561,52,1
1771374670.586694,21_2,21,tpc_lock,2.0213868618011475,46561,52,1
1771374670.607085,20_2,20,das_work,2.055771827697754,48258,52,1
1771374678.4282784,20_2,20,tpc_commit,7.821184158325195,28795,53,1
1771374682.6066892,20_2,20,tpc_commit,4.178401231765747,28795,53,1
1771374682.6496987,21_2,21,das_work,6.384845495223999,48258,53,1
1771374690.343035,20_3,20,tpc_lock,6.793991327285767,46561,54,1
1771374692.539884,21_2,21,tpc_commit,9.890175104141235,28795,54,1
1771374694.596043,20_3,20,tpc_lock,4.252999782562256,46561,54,1
1771374694.6240177,21_2,21,tpc_commit,2.0841238498687744,28795,54,1
1771374704.5269232,21_3,21,tpc_lock,8.53559398651123,46561,55,1
1771374706.6099036,20_3,20,das_work,7.759797811508179,48258,55,1
1771374706.632514,21_3,21,tpc_lock,2.105580568313598,46561,55,1
1771374714.3910828,20_3,20,tpc_commit,7.78116774559021,28795,56,1
1771374718.5699346,21_3,21,das_work,5.468305826187134,48258,56,1
1771374718.6017928,20_3,20,tpc_commit,4.2106993198394775,28795,56,1
1771374726.377822,20_3,20,tpc_lock,7.027538776397705,46561,57,1
1771374728.5194538,21_3,21,tpc_commit,9.949504375457764,28795,57,1
1771374730.5755076,20_3,20,tpc_lock,4.197676181793213,46561,57,1
1771374730.608184,21_3,21,tpc_commit,2.088721990585327,28795,57,1
1771374740.585348,21_3,21,tpc_lock,8.402919292449951,46561,58,1
1771374742.575179,21_3,21,tpc_lock,1.9898219108581543,46561,58,1
1771374742.644643,20_3,20,das_work,9.217144012451172,48258,58,1
1771374750.3452232,20_3,20,tpc_commit,7.700566053390503,28795,59,1
1771374754.564537,21_3,21,das_work,4.421490430831909,48258,59,1
1771374754.5794814,20_3,20,tpc_commit,4.234250545501709,28795,59,1
1771374762.3369997,20_3,20,tpc_lock,6.6721296310424805,46561,60,1
1771374764.569176,21_3,21,tpc_commit,10.004628896713257,28795,60,1
1771374766.583339,20_3,20,tpc_lock,4.246332406997681,46561,60,1
1771374766.614211,21_3,21,tpc_commit,2.04502534866333,28795,60,1
1771374776.5358062,21_3,21,tpc_lock,9.047582387924194,46561,61,1
1771374778.5671177,20_3,20,das_work,7.202776908874512,48258,61,1
1771374778.5724902,21_3,21,tpc_lock,2.0366733074188232,46561,61,1
1771374786.4171593,20_3,20,tpc_commit,7.850033283233643,28795,62,1
1771374790.6097856,21_3,21,das_work,10.414673328399658,48258,62,1
1771374790.626891,20_3,20,tpc_commit,4.209721326828003,28795,62,1
1771374798.3622584,20_3,20,tpc_lock,5.978527545928955,46537,63,1
1771374800.5118213,21_3,21,tpc_commit,9.902027606964111,28795,63,1
1771374802.5623798,20_3,20,tpc_lock,4.200114011764526,46537,63,1
1771374802.5688777,21_3,21,tpc_commit,2.057048082351685,28795,63,1
1771374812.513939,21_3,21,tpc_lock,8.912495613098145,46561,64,1
1771374814.5834603,20_3,20,das_work,8.00414514541626,48258,64,1
1771374814.6222696,21_3,21,tpc_lock,2.108320713043213,46561,64,1
1771374822.377241,20_3,20,tpc_commit,7.7937705516815186,28771,65,1
1771374826.561947,21_3,21,das_work,8.908797025680542,48258,65,1
1771374826.5871675,20_3,20,tpc_commit,4.209918260574341,28771,65,1
1771374834.3482604,20_3,20,tpc_lock,6.17598557472229,46561,66,1
1771374836.5523293,21_3,21,tpc_commit,9.990373849868774,28795,66,1
1771374838.580629,20_3,20,tpc_lock,4.232358694076538,46561,66,1
1771374838.6328664,21_3,21,tpc_commit,2.0805275440216064,28795,66,1
1771374848.5723872,21_3,21,tpc_lock,9.022426128387451,46549,67,1
1771374850.5671844,21_3,21,tpc_lock,1.9947869777679443,46549,67,1
1771374850.6390646,20_3,20,das_work,4.1782214641571045,48258,67,1
1771374858.3428006,20_3,20,tpc_commit,7.703728437423706,28795,68,1
1771374862.5561998,20_3,20,tpc_commit,4.21339225769043,28795,68,1
1771374862.6074908,21_3,21,das_work,9.208784818649292,48258,68,1
1771374870.3646364,20_4,20,tpc_lock,7.173231363296509,46561,69,1
1771374872.4976325,21_3,21,tpc_commit,9.89013147354126,28783,69,1
1771374874.5713944,21_3,21,tpc_commit,2.0737528800964355,28783,69,1
1771374874.57592,20_4,20,tpc_lock,4.211274147033691,46561,69,1
1771374884.4974506,21_4,21,tpc_lock,9.248151063919067,46561,70,1
1771374886.602661,20_4,20,das_work,8.198405981063843,48258,70,1
1771374886.6343336,21_4,21,tpc_lock,2.1368749141693115,46561,70,1
1771374894.3875587,20_4,20,tpc_commit,7.784887313842773,28795,71,1
1771374898.570941,21_4,21,das_work,6.660381078720093,48258,71,1
1771374898.5774083,20_4,20,tpc_commit,4.189840078353882,28795,71,1
1771374906.3912804,20_4,20,tpc_lock,6.708685398101807,46561,72,1
1771374908.53866,21_4,21,tpc_commit,9.9677095413208,28795,72,1
1771374910.5882394,20_4,20,tpc_lock,4.19694972038269,46561,72,1
1771374910.5915544,21_4,21,tpc_commit,2.052884101867676,28795,72,1
1771374920.5177922,21_4,21,tpc_lock,9.319064378738403,46561,73,1
1771374922.5800452,20_4,20,das_work,4.765708208084106,48258,73,1
1771374922.6402087,21_4,21,tpc_lock,2.122409582138061,46561,73,1
1771374930.3784137,20_4,20,tpc_commit,7.798360347747803,28795,74,1
1771374934.5530157,20_4,20,tpc_commit,4.174590587615967,28795,74,1
1771374934.581361,21_4,21,das_work,4.876591920852661,48258,74,1
1771374942.4032724,20_4,20,tpc_lock,6.259694337844849,46561,75,1
1771374944.4937909,21_4,21,tpc_commit,9.912419080734251,28795,75,1
1771374946.5661535,20_4,20,tpc_lock,4.162870645523071,46561,75,1
1771374946.6196597,21_4,21,tpc_commit,2.125861406326294,28795,75,1
1771374956.5022025,21_4,21,tpc_lock,7.998644113540649,46561,76,1
1771374958.6302714,21_4,21,tpc_lock,2.1280605792999268,46561,76,1
1771374958.6500218,20_4,20,das_work,5.978212118148804,48258,76,1
1771374966.3345964,20_4,20,tpc_commit,7.684563875198364,28795,77,1
1771374970.5584974,21_4,21,das_work,9.122219562530518,48258,77,1
1771374970.6017375,20_4,20,tpc_commit,4.267133474349976,28795,77,1
1771374978.3558524,20_4,20,tpc_lock,6.192895650863648,46561,78,1
1771374980.499436,21_4,21,tpc_commit,9.94092869758606,28795,78,1
1771374982.550022,20_4,20,tpc_lock,4.194161176681519,46561,78,1
1771374982.5530255,21_4,21,tpc_commit,2.0535783767700195,28795,78,1
1771374992.504513,21_4,21,tpc_lock,8.106974363327026,46561,79,1
1771374994.561417,20_4,20,das_work,3.133312463760376,48258,79,1
1771374994.640762,21_4,21,tpc_lock,2.1362361907958984,46561,79,1
1771375002.3626888,20_4,20,tpc_commit,7.801261901855469,28795,80,1
1771375006.555668,21_4,21,das_work,10.785120248794556,48258,80,1
1771375006.5831616,20_4,20,tpc_commit,4.220459461212158,28795,80,1
1771375014.390569,20_4,20,tpc_lock,7.3017542362213135,46561,81,1
1771375016.5004263,21_4,21,tpc_commit,9.944751024246216,28795,81,1
1771375018.559043,21_4,21,tpc_commit,2.0586085319519043,28795,81,1
1771375018.585894,20_4,20,tpc_lock,4.195316314697266,46561,81,1
1771375028.554045,21_4,21,tpc_lock,8.85826063156128,46561,82,1
1771375030.5513816,21_4,21,tpc_lock,1.9973032474517824,46561,82,1
1771375030.5564902,20_4,20,das_work,5.854995489120483,48258,82,1
1771375038.359791,20_4,20,tpc_commit,7.80329155921936,28795,83,1
1771375042.5501957,21_4,21,das_work,7.162835597991943,48258,83,1
1771375042.5802495,20_4,20,tpc_commit,4.22044849395752,28795,83,1
1771375052.4807124,21_4,21,tpc_commit,9.930508613586426,28795,84,1
1771375054.5867898,21_4,21,tpc_commit,2.106067657470703,28795,84,1
1771374152.596539,23_0,23,tpc_lock,3.744293212890625,46561,9,1
1771374154.5866606,23_0,23,tpc_lock,1.9901123046875,46561,9,1
1771374162.445247,22_0,22,tpc_lock,9.245524644851685,46561,10,1
1771374166.5739238,23_0,23,das_work,5.990183353424072,48258,10,1
1771374166.591463,22_0,22,tpc_lock,4.146205425262451,46561,10,1
1771374176.5652182,23_0,23,tpc_commit,9.9912850856781,28795,11,1
1771374178.58666,23_0,23,tpc_commit,2.021433591842652,28795,11,1
1771374178.6165197,22_0,22,das_work,2.044746398925781,48258,11,1
1771374186.4633572,22_0,22,tpc_commit,7.846831560134888,28795,12,1
1771374188.6185484,23_0,23,tpc_lock,8.465933322906494,46561,12,1
1771374190.6233532,22_0,22,tpc_commit,4.159986972808838,28795,12,1
1771374190.6485834,23_0,23,tpc_lock,2.030022621154785,46561,12,1
1771374198.417599,22_0,22,tpc_lock,5.959629058837891,46561,13,1
1771374202.5992134,23_0,23,das_work,8.128783941268921,48258,13,1
1771374202.6091745,22_0,22,tpc_lock,4.191565752029419,46561,13,1
1771374212.548937,23_0,23,tpc_commit,9.94971227645874,28795,14,1
1771374214.6145964,22_0,22,das_work,9.410226345062256,48258,14,1
1771374214.6459055,23_0,23,tpc_commit,2.096956253051758,28795,14,1
1771374222.3884685,22_0,22,tpc_commit,7.773860216140747,28795,15,1
1771374224.6016064,23_0,23,tpc_lock,9.030989408493042,46561,15,1
1771374226.6122956,23_0,23,tpc_lock,2.010680913925171,46561,15,1
1771374226.6211307,22_0,22,tpc_commit,4.23265552520752,28795,15,1
1771374234.3795614,22_0,22,tpc_lock,7.095452785491943,46561,16,1
1771374238.6836264,22_0,22,tpc_lock,4.304057598114014,46561,16,1
1771374238.6921234,23_0,23,das_work,9.665610074996948,48258,16,1
1771374248.5750475,23_0,23,tpc_commit,9.882912874221802,28795,17,1
1771374250.6293151,22_0,22,das_work,7.032828569412232,48258,17,1
1771374250.697321,23_0,23,tpc_commit,2.122265338897705,28795,17,1
1771374258.4080942,22_0,22,tpc_commit,7.7787697315216064,28795,18,1
1771374260.625276,23_0,23,tpc_lock,9.135998964309692,46549,18,1
1771374262.6345415,23_0,23,tpc_lock,2.0092554092407227,46549,18,1
1771374262.6659932,22_0,22,tpc_commit,4.257889986038208,28795,18,1
1771374270.3738296,22_0,22,tpc_lock,6.289698839187622,46561,19,1
1771374274.68934,23_0,23,das_work,2.7846126556396484,48258,19,1
1771374274.721197,22_0,22,tpc_lock,4.34735918045044,46561,19,1
1771374284.5655544,23_0,23,tpc_commit,9.8762047290802,28783,20,1
1771374286.6061685,22_0,22,das_work,7.171589612960815,48258,20,1
1771374286.6355774,23_0,23,tpc_commit,2.0700159072875977,28783,20,1
1771374294.395426,22_0,22,tpc_commit,7.789247989654541,28795,21,1
1771374296.553348,23_0,23,tpc_lock,8.328749895095825,46561,21,1
1771374298.6241562,23_0,23,tpc_lock,2.070796251296997,46561,21,1
1771374298.707029,22_0,22,tpc_commit,4.311591863632202,28795,21,1
1771374306.4309125,22_0,22,tpc_lock,5.965294361114502,46561,22,1
1771374310.654581,22_0,22,tpc_lock,4.223659515380859,46561,22,1
1771374310.6829934,23_0,23,das_work,2.3913254737854004,48258,22,1
1771374320.539255,23_0,23,tpc_commit,9.856252193450928,28795,23,1
1771374322.6469045,23_0,23,tpc_commit,2.1076419353485107,28795,23,1
1771374322.64702,22_0,22,das_work,7.095105409622192,48258,23,1
1771374330.3772357,22_0,22,tpc_commit,7.730206966400146,28795,24,1
1771374332.5488875,23_1,23,tpc_lock,8.718528509140015,46561,24,1
1771374334.60297,23_1,23,tpc_lock,2.0540759563446045,46561,24,1
1771374334.6705103,22_0,22,tpc_commit,4.293265104293823,28795,24,1
1771374342.4446733,22_1,22,tpc_lock,6.99611496925354,46549,25,1
1771374346.620105,22_1,22,tpc_lock,4.175420761108398,46549,25,1
1771374346.6827943,23_1,23,das_work,5.958036184310913,48258,25,1
1771374356.53567,23_1,23,tpc_commit,9.852868795394896,28795,26,1
1771374358.6863115,22_1,22,das_work,7.232486486434936,48258,26,1
1771374358.6929426,23_1,23,tpc_commit,2.1572656631469727,28795,26,1
1771374366.4453566,22_1,22,tpc_commit,7.759034872055054,28783,27,1
1771374368.617447,23_1,23,tpc_lock,8.342835187911987,46561,27,1
1771374370.6004844,22_1,22,tpc_commit,4.1551172733306885,28783,27,1
1771374370.6447513,23_1,23,tpc_lock,2.027294397354126,46561,27,1
1771374378.4228804,22_1,22,tpc_lock,5.962541103363037,46561,28,1
1771374382.6061146,23_1,23,das_work,4.635791063308716,48258,28,1
1771374382.6671066,22_1,22,tpc_lock,4.244214773178101,46561,28,1
1771374392.549604,23_1,23,tpc_commit,9.943480968475342,28795,29,1
1771374394.635251,23_1,23,tpc_commit,2.0856404304504395,28795,29,1
1771374394.6589262,22_1,22,das_work,5.881041526794434,48258,29,1
1771374402.427167,22_1,22,tpc_commit,7.768230438232422,28795,30,1
1771374404.5851555,23_1,23,tpc_lock,8.852245807647705,46561,30,1
1771374406.5940113,22_1,22,tpc_commit,4.166836261749268,28795,30,1
1771374406.641236,23_1,23,tpc_lock,2.056071281433105,46561,30,1
1771374414.409236,22_1,22,tpc_lock,6.005345344543457,46561,31,1
1771374418.6101632,23_1,23,das_work,9.083887100219728,48258,31,1
1771374418.6680262,22_1,22,tpc_lock,4.258779525756836,46561,31,1
1771374428.603988,23_1,23,tpc_commit,9.993813037872314,28795,32,1
1771374430.6132889,22_1,22,das_work,7.519163846969604,48258,32,1
1771374430.619185,23_1,23,tpc_commit,2.0151853561401367,28795,32,1
1771374438.387345,22_1,22,tpc_commit,7.774047613143921,28795,33,1
1771374440.552555,23_1,23,tpc_lock,9.377366065979004,46561,33,1
1771374442.606474,23_1,23,tpc_lock,2.053907632827759,46561,33,1
1771374442.6097577,22_1,22,tpc_commit,4.222402334213257,28795,33,1
1771374450.3990698,22_1,22,tpc_lock,6.695905208587647,46549,34,1
1771374454.589703,22_1,22,tpc_lock,4.190623760223389,46549,34,1
1771374454.6189847,23_1,23,das_work,9.43510890007019,48258,34,1
1771374464.580686,23_1,23,tpc_commit,9.961693048477173,28795,35,1
1771374466.6056488,22_1,22,das_work,8.534603118896484,48258,35,1
1771374466.6359086,23_1,23,tpc_commit,2.055211544036865,28795,35,1
1771374474.3589988,22_1,22,tpc_commit,7.753341674804687,28783,36,1
1771374476.5469472,23_1,23,tpc_lock,8.319839477539062,46561,36,1
1771374478.6482005,23_1,23,tpc_lock,2.1012449264526367,46561,36,1
1771374478.6535509,22_1,22,tpc_commit,4.294545650482178,28783,36,1
1771374486.4270244,22_1,22,tpc_lock,6.263751983642578,46561,37,1
1771374490.6574633,22_1,22,tpc_lock,4.230427503585815,46561,37,1
1771374490.6753442,23_1,23,das_work,4.656008720397949,48258,37,1
1771374500.6003463,23_1,23,tpc_commit,9.92499303817749,28795,38,1
1771374502.6007974,23_1,23,tpc_commit,2.000441074371338,28795,38,1
1771374502.603511,22_1,22,das_work,5.880598783493042,48258,38,1
1771374510.3808477,22_1,22,tpc_commit,7.777324199676514,28795,39,1
1771374512.5841038,23_2,23,tpc_lock,9.02107548713684,46561,39,1
1771374514.594981,22_1,22,tpc_commit,4.214122533798218,28795,39,1
1771374514.6034768,23_2,23,tpc_lock,2.019360303878784,46561,39,1
1771374522.3793871,22_2,22,tpc_lock,6.278818845748901,46561,40,1
1771374526.585993,23_2,23,das_work,2.8182668685913086,48258,40,1
1771374526.592657,22_2,22,tpc_lock,4.213260650634766,46561,40,1
1771374536.5559683,23_2,23,tpc_commit,9.96996808052063,28795,41,1
1771374538.580033,23_2,23,tpc_commit,2.024057388305664,28795,41,1
1771374538.595601,22_2,22,das_work,7.813816785812378,48258,41,1
1771374546.3974755,22_2,22,tpc_commit,7.801861524581909,28795,42,1
1771374548.533557,23_2,23,tpc_lock,8.548583030700684,46561,42,1
1771374550.610621,23_2,23,tpc_lock,2.077056646347046,46561,42,1
1771374550.616568,22_2,22,tpc_commit,4.219082355499268,28795,42,1
1771374558.4004512,22_2,22,tpc_lock,6.282653093338013,46561,43,1
1771374562.6017933,22_2,22,tpc_lock,4.201334238052368,46561,43,1
1771374562.647927,23_2,23,das_work,5.27914834022522,48258,43,1
1771374572.5283897,23_2,23,tpc_commit,9.880452156066896,28795,44,1
1771374574.5859025,23_2,23,tpc_commit,2.057504177093506,28795,44,1
1771374574.6512544,22_2,22,das_work,9.642553567886353,48258,44,1
1771374582.3889587,22_2,22,tpc_commit,7.737694501876831,28795,45,1
1771374584.5696633,23_2,23,tpc_lock,8.014655590057373,46561,45,1
1771374586.5792096,22_2,22,tpc_commit,4.190241575241089,28795,45,1
1771374586.605332,23_2,23,tpc_lock,2.0356597900390625,46561,45,1
1771374594.352083,22_2,22,tpc_lock,6.770852088928223,46561,46,1
1771374598.6464849,22_2,22,tpc_lock,4.294394254684448,46561,46,1
1771374598.653899,23_2,23,das_work,5.141693353652954,48258,46,1
1771374608.58875,23_2,23,tpc_commit,9.934840202331545,28795,47,1
1771374610.5791657,22_2,22,das_work,8.37472677230835,48258,47,1
1771374610.5818665,23_2,23,tpc_commit,1.9931066036224363,28795,47,1
1771374618.3824391,22_2,22,tpc_commit,7.803264379501343,28795,48,1
1771374620.534546,23_2,23,tpc_lock,9.394021034240724,46549,48,1
1771374622.5876174,23_2,23,tpc_lock,2.05306339263916,46549,48,1
1771374622.659402,22_2,22,tpc_commit,4.276930332183838,28795,48,1
1771374630.4144323,22_2,22,tpc_lock,6.97929835319519,46561,49,1
1771374634.6043136,22_2,22,tpc_lock,4.189870357513428,46561,49,1
1771374634.6281705,23_2,23,das_work,5.349057674407959,48258,49,1
1771374644.5909495,23_2,23,tpc_commit,9.962767839431764,28783,50,1
1771374646.620534,23_2,23,tpc_commit,2.0295515060424805,28783,50,1
1771374646.6230197,22_2,22,das_work,7.661462306976318,48258,50,1
1771374654.4052355,22_2,22,tpc_commit,7.7822065353393555,28795,51,1
1771374656.5530772,23_2,23,tpc_lock,9.380393505096436,46561,51,1
1771374658.5860212,22_2,22,tpc_commit,4.180775165557861,28795,51,1
1771374658.6121335,23_2,23,tpc_lock,2.0590462684631348,46561,51,1
1771374666.3437114,22_2,22,tpc_lock,6.160723924636841,46561,52,1
1771374670.5840108,22_2,22,tpc_lock,4.240291595458984,46561,52,1
1771374670.5862389,23_2,23,das_work,2.222102403640747,48258,52,1
1771374680.572938,23_2,23,tpc_commit,9.986688137054443,28795,53,1
1771374682.5901034,22_2,22,das_work,2.8626937866210938,48258,53,1
1771374682.598285,23_2,23,tpc_commit,2.0253355503082275,28795,53,1
1771374690.36986,22_2,22,tpc_commit,7.779746055603027,28795,54,1
1771374692.5175252,23_3,23,tpc_lock,9.153350830078123,46561,54,1
1771374694.5765705,22_2,22,tpc_commit,4.20670223236084,28795,54,1
1771374694.6099384,23_3,23,tpc_lock,2.092402219772339,46561,54,1
1771374702.3842502,22_3,22,tpc_lock,5.866833925247192,46561,55,1
1771374706.57639,23_3,23,das_work,8.87453842163086,48258,55,1
1771374706.5996964,22_3,22,tpc_lock,4.215438604354858,46561,55,1
1771374716.524045,23_3,23,tpc_commit,9.947643756866457,28795,56,1
1771374718.5706856,23_3,23,tpc_commit,2.046630859375,28795,56,1
1771374718.6235538,22_3,22,das_work,5.04622220993042,48258,56,1
1771374726.3564415,22_3,22,tpc_commit,7.732877016067505,28795,57,1
1771374728.5263183,23_3,23,tpc_lock,9.02230191230774,46561,57,1
1771374730.583388,22_3,22,tpc_commit,4.226937294006348,28795,57,1
1771374730.6089149,23_3,23,tpc_lock,2.082587242126465,46561,57,1
1771374738.396234,22_3,22,tpc_lock,6.061107635498047,46561,58,1
1771374742.5792687,23_3,23,das_work,10.198097944259644,48258,58,1
1771374742.6362212,22_3,22,tpc_lock,4.239978790283203,46561,58,1
1771374752.5360856,23_3,23,tpc_commit,9.956807613372805,28795,59,1
1771374754.5714974,22_3,22,das_work,6.849806547164917,48258,59,1
1771374754.6130211,23_3,23,tpc_commit,2.076925754547119,28795,59,1
1771374762.3406284,22_3,22,tpc_commit,7.769122123718262,28795,60,1
1771374764.5317836,23_3,23,tpc_lock,8.230652809143066,46561,60,1
1771374766.5711193,22_3,22,tpc_commit,4.230480670928955,28795,60,1
1771374766.639078,23_3,23,tpc_lock,2.107284545898437,46561,60,1
1771374774.4014752,22_3,22,tpc_lock,6.578163623809815,46561,61,1
1771374778.5817194,22_3,22,tpc_lock,4.18023419380188,46561,61,1
1771374778.613031,23_3,23,das_work,10.481207370758057,48258,61,1
1771374788.5675051,23_3,23,tpc_commit,9.954463243484495,28795,62,1
1771374790.595199,22_3,22,das_work,10.313244819641112,48258,62,1
1771374790.6272967,23_3,23,tpc_commit,2.059782028198242,28795,62,1
1771374798.375706,22_3,22,tpc_commit,7.780498504638672,28795,63,1
1771374800.5085633,23_3,23,tpc_lock,8.733618259429932,46561,63,1
1771374802.5620232,22_3,22,tpc_commit,4.186307907104492,28795,63,1
1771374802.5735035,23_3,23,tpc_lock,2.0649302005767822,46561,63,1
1771374810.37855,22_3,22,tpc_lock,6.767261505126953,46537,64,1
1771374814.5632749,23_3,23,das_work,5.999350070953369,48258,64,1
1771374814.644393,22_3,22,tpc_lock,4.265832424163818,46537,64,1
1771374824.5638692,23_3,23,tpc_commit,10.000584363937378,28795,65,1
1771374826.5679398,23_3,23,tpc_commit,2.004058361053467,28795,65,1
1771374826.6220913,22_3,22,das_work,6.363766193389893,48258,65,1
1771374834.3629866,22_3,22,tpc_commit,7.7408857345581055,28771,66,1
1771374836.5688264,23_3,23,tpc_lock,9.022581577301024,46561,66,1
1771374838.5648997,23_3,23,tpc_lock,1.9960606098175049,46561,66,1
1771374838.5902927,22_3,22,tpc_commit,4.22729754447937,28771,66,1
1771374846.4024928,22_3,22,tpc_lock,6.462736368179321,46561,67,1
1771374850.5674105,23_3,23,das_work,6.889243125915527,48258,67,1
1771374850.5691626,22_3,22,tpc_lock,4.166568040847778,46561,67,1
1771374860.496668,23_3,23,tpc_commit,9.92924976348877,28795,68,1
1771374862.5592942,22_3,22,das_work,2.872805118560791,48258,68,1
1771374862.6375415,23_3,23,tpc_commit,2.14086389541626,28795,68,1
1771374870.348804,22_3,22,tpc_commit,7.78950309753418,28795,69,1
1771374872.500189,23_4,23,tpc_lock,9.131475448608398,46561,69,1
1771374874.5519068,22_3,22,tpc_commit,4.2030930519104,28795,69,1
1771374874.5881064,23_4,23,tpc_lock,2.087908267974853,46561,69,1
1771374882.3805258,22_4,22,tpc_lock,5.950142860412598,46549,70,1
1771374886.5705569,22_4,22,tpc_lock,4.19002366065979,46549,70,1
1771374886.626507,23_4,23,das_work,6.117047309875488,48258,70,1
1771374896.5625732,23_4,23,tpc_commit,9.93605661392212,28795,71,1
1771374898.5731697,22_4,22,das_work,3.464765310287476,48258,71,1
1771374898.595417,23_4,23,tpc_commit,2.0328335762023926,28795,71,1
1771374906.3669517,22_4,22,tpc_commit,7.793769121170044,28783,72,1
1771374908.513726,23_4,23,tpc_lock,8.144452333450317,46561,72,1
1771374910.5573826,23_4,23,tpc_lock,2.0436484813690186,46561,72,1
1771374910.5658596,22_4,22,tpc_commit,4.198897838592529,28783,72,1
1771374918.328701,22_4,22,tpc_lock,7.186239719390869,46561,73,1
1771374922.55966,23_4,23,das_work,6.948415040969849,48258,73,1
1771374922.629181,22_4,22,tpc_lock,4.300469398498535,46561,73,1
1771374932.5101292,23_4,23,tpc_commit,9.950461387634276,28795,74,1
1771374934.5951667,22_4,22,das_work,8.68948483467102,48258,74,1
1771374934.5969896,23_4,23,tpc_commit,2.0868515968322754,28795,74,1
1771374942.3446696,22_4,22,tpc_commit,7.749492168426514,28795,75,1
1771374944.5257416,23_4,23,tpc_lock,8.804425716400146,46561,75,1
1771374946.5574367,22_4,22,tpc_commit,4.212757349014282,28795,75,1
1771374946.5588293,23_4,23,tpc_lock,2.033080101013184,46561,75,1
1771374954.3691497,22_4,22,tpc_lock,6.161386251449585,46561,76,1
1771374958.5702453,22_4,22,tpc_lock,4.201086521148682,46561,76,1
1771374958.571651,23_4,23,das_work,4.28770923614502,48258,76,1
1771374968.5395267,23_4,23,tpc_commit,9.967864513397217,28795,77,1
1771374970.5486991,23_4,23,tpc_commit,2.009161710739136,28795,77,1
1771374970.606845,22_4,22,das_work,10.874082565307615,48258,77,1
1771374978.3418624,22_4,22,tpc_commit,7.7350029945373535,28795,78,1
1771374980.4997697,23_4,23,tpc_lock,9.427239418029783,46549,78,1
1771374982.5970254,23_4,23,tpc_lock,2.0972442626953125,46549,78,1
1771374982.6204622,22_4,22,tpc_commit,4.278591156005859,28795,78,1
1771374990.3669994,22_4,22,tpc_lock,5.854401111602783,46561,79,1
1771374994.5546446,22_4,22,tpc_lock,4.187636137008667,46561,79,1
1771374994.5627587,23_4,23,das_work,10.11503291130066,48258,79,1
1771375004.5256915,23_4,23,tpc_commit,9.962923288345335,28783,80,1
1771375006.57405,22_4,22,das_work,9.90012001991272,48258,80,1
1771375006.57664,23_4,23,tpc_commit,2.050936698913574,28783,80,1
1771375014.3588753,22_4,22,tpc_commit,7.784815311431885,28795,81,1
1771375016.497522,23_4,23,tpc_lock,9.050678014755247,46561,81,1
1771375018.5680633,22_4,22,tpc_commit,4.209178447723389,28795,81,1
1771375018.6138673,23_4,23,tpc_lock,2.1163370609283447,46561,81,1
1771375026.3483648,22_4,22,tpc_lock,6.804119348526001,46561,82,1
1771375030.602437,22_4,22,tpc_lock,4.254061937332153,46561,82,1
1771375030.6080074,23_4,23,das_work,7.704721927642822,48258,82,1
1771375040.558715,23_4,23,tpc_commit,9.95069408416748,28795,83,1
1771375042.601859,23_4,23,tpc_commit,2.0431342124938965,28795,83,1
1771375042.6208396,22_4,22,das_work,10.230245351791382,48258,83,1
1771375050.3688593,22_4,22,tpc_commit,7.748009204864502,28795,84,1
1771375054.540203,22_4,22,tpc_commit,4.17133641242981,28795,84,1
1771374152.5959077,25_0,25,tpc_lock,3.9429409503936768,46561,9,1
1771374154.586036,25_0,25,tpc_lock,1.9901220798492432,46561,9,1
1771374162.3826044,24_0,24,tpc_lock,0.5537891387939453,46561,10,1
1771374166.5732644,25_0,25,das_work,9.177528142929075,48258,10,1
1771374166.6256938,24_0,24,tpc_lock,4.2430830001831055,46561,10,1
1771374176.545345,25_0,25,tpc_commit,9.97206687927246,28795,11,1
1771374178.573295,24_0,24,das_work,8.429980754852295,48258,11,1
1771374178.6356697,25_0,25,tpc_commit,2.0903124809265137,28795,11,1
1771374186.385055,24_0,24,tpc_commit,7.811753034591675,28795,12,1
1771374188.5766027,25_0,25,tpc_lock,8.621994495391846,46561,12,1
1771374190.6074696,25_0,25,tpc_lock,2.0308592319488525,46561,12,1
1771374190.652781,24_0,24,tpc_commit,4.267717599868774,28795,12,1
1771374198.457387,24_0,24,tpc_lock,5.861341714859009,46561,13,1
1771374202.6000874,25_0,25,das_work,7.006706953048706,48258,13,1
1771374202.6280956,24_0,24,tpc_lock,4.1706976890563965,46561,13,1
1771374212.5443842,25_0,25,tpc_commit,9.944262504577637,28795,14,1
1771374214.6378384,24_0,24,das_work,9.585535049438477,48258,14,1
1771374214.6537652,25_0,25,tpc_commit,2.109373092651367,28795,14,1
1771374222.4235897,24_0,24,tpc_commit,7.785741329193115,28795,15,1
1771374224.5512974,25_0,25,tpc_lock,9.36163568496704,46561,15,1
1771374226.6370554,24_0,24,tpc_commit,4.213453531265259,28795,15,1
1771374226.6915762,25_0,25,tpc_lock,2.1402697563171387,46561,15,1
1771374234.3973076,24_0,24,tpc_lock,6.374300718307495,46561,16,1
1771374238.62026,24_0,24,tpc_lock,4.222942590713501,46561,16,1
1771374238.6523857,25_0,25,das_work,3.571427583694458,48258,16,1
1771374248.5584412,25_0,25,tpc_commit,9.906044721603394,28795,17,1
1771374250.613367,24_0,24,das_work,3.30486798286438,48258,17,1
1771374250.6649115,25_0,25,tpc_commit,2.106457471847534,28795,17,1
1771374258.381087,24_0,24,tpc_commit,7.767708539962768,28795,18,1
1771374260.62533,25_0,25,tpc_lock,9.057366609573364,46561,18,1
1771374262.6317866,24_0,24,tpc_commit,4.250687599182129,28795,18,1
1771374262.6469977,25_0,25,tpc_lock,2.021656274795532,46561,18,1
1771374270.4019246,24_0,24,tpc_lock,6.2751569747924805,46549,19,1
1771374274.6912112,25_0,25,das_work,2.6683573722839355,48258,19,1
1771374274.699464,24_0,24,tpc_lock,4.297529935836792,46549,19,1
1771374284.565831,25_0,25,tpc_commit,9.87460994720459,28795,20,1
1771374286.6058364,24_0,24,das_work,8.61079716682434,48258,20,1
1771374286.6083508,25_0,25,tpc_commit,2.0425121784210205,28795,20,1
1771374294.4008482,24_0,24,tpc_commit,7.794994592666626,28783,21,1
1771374296.5470824,25_0,25,tpc_lock,8.962418556213379,46561,21,1
1771374298.600987,25_0,25,tpc_lock,2.05389404296875,46561,21,1
1771374298.652286,24_0,24,tpc_commit,4.251429319381714,28783,21,1
1771374306.435857,24_0,24,tpc_lock,6.401025295257568,46561,22,1
1771374310.674016,25_0,25,das_work,5.899157285690308,48258,22,1
1771374310.6899965,24_0,24,tpc_lock,4.254129409790039,46561,22,1
1771374320.550083,25_0,25,tpc_commit,9.876058340072632,28795,23,1
1771374322.6095142,24_0,24,das_work,6.886152505874634,48258,23,1
1771374322.6980617,25_0,25,tpc_commit,2.147947311401367,28795,23,1
1771374330.3966024,24_0,24,tpc_commit,7.787079095840454,28795,24,1
1771374332.546199,25_1,25,tpc_lock,8.038998365402222,46561,24,1
1771374334.6031182,24_0,24,tpc_commit,4.206506252288818,28795,24,1
1771374334.6065874,25_1,25,tpc_lock,2.0603790283203125,46561,24,1
1771374342.437749,24_1,24,tpc_lock,6.287052631378174,46561,25,1
1771374346.6480598,25_1,25,das_work,3.9927122592926025,48258,25,1
1771374346.6592646,24_1,24,tpc_lock,4.221505165100098,46561,25,1
1771374356.613009,25_1,25,tpc_commit,9.964941024780272,28795,26,1
1771374358.6034975,24_1,24,das_work,4.190710067749023,48258,26,1
1771374358.606914,25_1,25,tpc_commit,1.9938936233520508,28795,26,1
1771374366.3744645,24_1,24,tpc_commit,7.770955562591553,28795,27,1
1771374368.6125474,25_1,25,tpc_lock,9.363274574279783,46561,27,1
1771374370.654565,25_1,25,tpc_lock,2.0420069694519043,46561,27,1
1771374370.686437,24_1,24,tpc_commit,4.311961650848389,28795,27,1
1771374378.366495,24_1,24,tpc_lock,6.067024230957031,46561,28,1
1771374382.6522653,24_1,24,tpc_lock,4.285763263702393,46561,28,1
1771374382.695529,25_1,25,das_work,9.641717433929443,48258,28,1
1771374392.5444083,25_1,25,tpc_commit,9.848867177963257,28795,29,1
1771374394.600184,25_1,25,tpc_commit,2.0557644367218018,28795,29,1
1771374394.6640549,24_1,24,das_work,4.253615617752075,48258,29,1
1771374402.440043,24_1,24,tpc_commit,7.775977373123169,28795,30,1
1771374404.5635464,25_1,25,tpc_lock,8.529199123382568,46561,30,1
1771374406.6460102,24_1,24,tpc_commit,4.205958127975464,28795,30,1
1771374406.6579292,25_1,25,tpc_lock,2.0943729877471924,46561,30,1
1771374414.371596,24_1,24,tpc_lock,6.681969881057739,46549,31,1
1771374418.5962672,24_1,24,tpc_lock,4.224662780761719,46549,31,1
1771374418.6132555,25_1,25,das_work,6.776036977767944,48258,31,1
1771374428.5434272,25_1,25,tpc_commit,9.9301598072052,28795,32,1
1771374430.609482,25_1,25,tpc_commit,2.0660417079925537,28795,32,1
1771374430.649457,24_1,24,das_work,5.582229852676392,48258,32,1
1771374438.3626783,24_1,24,tpc_commit,7.713212490081787,28783,33,1
1771374440.5346854,25_1,25,tpc_lock,8.710010528564453,46561,33,1
1771374442.6883535,24_1,24,tpc_commit,4.325663566589356,28783,33,1
1771374442.689458,25_1,25,tpc_lock,2.1547627449035645,46561,33,1
1771374450.363427,24_1,24,tpc_lock,5.974995851516724,46561,34,1
1771374454.6107714,24_1,24,tpc_lock,4.247338771820068,46561,34,1
1771374454.64807,25_1,25,das_work,2.1602606773376465,48258,34,1
1771374464.543888,25_1,25,tpc_commit,9.895806550979614,28795,35,1
1771374466.6242638,24_1,24,das_work,3.647906064987183,48258,35,1
1771374466.625944,25_1,25,tpc_commit,2.0820462703704834,28795,35,1
1771374474.3663387,24_1,24,tpc_commit,7.742065906524658,28795,36,1
1771374476.5690465,25_1,25,tpc_lock,9.130468368530272,46561,36,1
1771374478.603731,24_1,24,tpc_commit,4.237381935119629,28795,36,1
1771374478.6311026,25_1,25,tpc_lock,2.062047004699707,46561,36,1
1771374486.3570828,24_1,24,tpc_lock,6.788402318954468,46561,37,1
1771374490.6088626,24_1,24,tpc_lock,4.251770734786987,46561,37,1
1771374490.6786387,25_1,25,das_work,9.043221950531006,48258,37,1
1771374500.5282402,25_1,25,tpc_commit,9.849591255187988,28795,38,1
1771374502.5819108,25_1,25,tpc_commit,2.0536608695983887,28795,38,1
1771374502.5827718,24_1,24,das_work,2.556691169738769,48258,38,1
1771374510.3788974,24_1,24,tpc_commit,7.796114206314087,28795,39,1
1771374512.5284646,25_2,25,tpc_lock,8.637055158615112,46561,39,1
1771374514.6097374,24_1,24,tpc_commit,4.230820894241333,28795,39,1
1771374514.627889,25_2,25,tpc_lock,2.099417209625244,46561,39,1
1771374522.385635,24_2,24,tpc_lock,7.187464952468872,46561,40,1
1771374526.588898,25_2,25,das_work,2.728458404541016,48258,40,1
1771374526.6422758,24_2,24,tpc_lock,4.256629943847656,46561,40,1
1771374536.5897622,25_2,25,tpc_commit,10.000853061676024,28795,41,1
1771374538.590782,24_2,24,das_work,5.961040258407593,48258,41,1
1771374538.6217787,25_2,25,tpc_commit,2.0320074558258057,28795,41,1
1771374546.3568797,24_2,24,tpc_commit,7.766086101531982,28795,42,1
1771374548.5869062,25_2,25,tpc_lock,8.634560346603394,46549,42,1
1771374550.5923002,24_2,24,tpc_commit,4.235407829284668,28795,42,1
1771374550.617972,25_2,25,tpc_lock,2.0310566425323486,46549,42,1
1771374558.3511198,24_2,24,tpc_lock,6.6699748039245605,46561,43,1
1771374562.5829506,24_2,24,tpc_lock,4.231823444366455,46561,43,1
1771374562.6700785,25_2,25,das_work,7.367163419723511,48258,43,1
1771374572.529482,25_2,25,tpc_commit,9.859394311904907,28783,44,1
1771374574.5831473,24_2,24,das_work,5.751802921295166,48258,44,1
1771374574.5849254,25_2,25,tpc_commit,2.0554332733154297,28783,44,1
1771374582.430997,24_2,24,tpc_commit,7.847841024398804,28795,45,1
1771374584.597747,25_2,25,tpc_lock,9.022316455841064,46561,45,1
1771374586.6071582,24_2,24,tpc_commit,4.1761510372161865,28795,45,1
1771374586.6343844,25_2,25,tpc_lock,2.036628007888794,46561,45,1
1771374594.3527453,24_2,24,tpc_lock,7.182718515396118,46549,46,1
1771374598.597345,25_2,25,das_work,7.088927507400513,48258,46,1
1771374598.6453152,24_2,24,tpc_lock,4.292560338973999,46549,46,1
1771374608.5595002,25_2,25,tpc_commit,9.96214509010315,28795,47,1
1771374610.5892756,24_2,24,das_work,10.561070680618286,48258,47,1
1771374610.6109245,25_2,25,tpc_commit,2.0514144897460938,28795,47,1
1771374618.3504295,24_2,24,tpc_commit,7.761142015457153,28783,48,1
1771374620.5211685,25_2,25,tpc_lock,8.848058938980103,46561,48,1
1771374622.581176,24_2,24,tpc_commit,4.230738401412964,28783,48,1
1771374622.5901816,25_2,25,tpc_lock,2.069005012512207,46561,48,1
1771374630.3944216,24_2,24,tpc_lock,6.069741249084473,46561,49,1
1771374634.5793295,25_2,25,das_work,5.6491570472717285,48258,49,1
1771374634.5898886,24_2,24,tpc_lock,4.195456981658936,46561,49,1
1771374644.5660822,25_2,25,tpc_commit,9.986739873886108,28795,50,1
1771374646.5771835,24_2,24,das_work,9.024110317230225,48258,50,1
1771374646.6114037,25_2,25,tpc_commit,2.0453100204467773,28795,50,1
1771374654.3473032,24_2,24,tpc_commit,7.770110130310059,28795,51,1
1771374656.539394,25_2,25,tpc_lock,8.323328256607056,46561,51,1
1771374658.598066,24_2,24,tpc_commit,4.250755310058594,28795,51,1
1771374658.6544268,25_2,25,tpc_lock,2.115020990371704,46561,51,1
1771374666.397699,24_2,24,tpc_lock,6.798036098480225,46561,52,1
1771374670.57844,24_2,24,tpc_lock,4.180730581283569,46561,52,1
1771374670.6016047,25_2,25,das_work,9.955066680908203,48258,52,1
1771374680.5267365,25_2,25,tpc_commit,9.925120830535889,28795,53,1
1771374682.5687716,24_2,24,das_work,9.661702632904053,48258,53,1
1771374682.6222055,25_2,25,tpc_commit,2.095456123352051,28795,53,1
1771374690.419705,24_2,24,tpc_commit,7.850925207138061,28795,54,1
1771374692.529592,25_3,25,tpc_lock,8.822819948196411,46561,54,1
1771374694.610902,24_2,24,tpc_commit,4.191182851791382,28795,54,1
1771374694.6403806,25_3,25,tpc_lock,2.110778570175171,46561,54,1
1771374702.341216,24_3,24,tpc_lock,6.596785068511963,46561,55,1
1771374706.5817587,24_3,24,tpc_lock,4.24053430557251,46561,55,1
1771374706.6528957,25_3,25,das_work,8.430906057357788,48258,55,1
1771374716.5769477,25_3,25,tpc_commit,9.92404079437256,28795,56,1
1771374718.6084514,25_3,25,tpc_commit,2.0314228534698486,28795,56,1
1771374718.6374595,24_3,24,das_work,8.020893096923828,48258,56,1
1771374726.4039254,24_3,24,tpc_commit,7.76645565032959,28795,57,1
1771374728.5416532,25_3,25,tpc_lock,8.233867168426514,46561,57,1
1771374730.5950832,24_3,24,tpc_commit,4.191145896911621,28795,57,1
1771374730.6222951,25_3,25,tpc_lock,2.0806326866149902,46561,57,1
1771374738.3396738,24_3,24,tpc_lock,6.098964214324951,46561,58,1
1771374742.573197,25_3,25,das_work,8.806464433670044,48258,58,1
1771374742.5878062,24_3,24,tpc_lock,4.248103380203247,46561,58,1
1771374752.511753,25_3,25,tpc_commit,9.938547611236572,28795,59,1
1771374754.5612,24_3,24,das_work,2.0310938358306885,48258,59,1
1771374754.57137,25_3,25,tpc_commit,2.0596063137054443,28795,59,1
1771374762.338637,24_3,24,tpc_commit,7.777429103851318,28795,60,1
1771374764.5400586,25_3,25,tpc_lock,8.518730401992798,46561,60,1
1771374766.5894842,24_3,24,tpc_commit,4.250840663909912,28795,60,1
1771374766.6108758,25_3,25,tpc_lock,2.0708065032958984,46561,60,1
1771374774.3832655,24_3,24,tpc_lock,6.977417230606079,46561,61,1
1771374778.587908,24_3,24,tpc_lock,4.204631567001343,46561,61,1
1771374778.6064775,25_3,25,das_work,9.99387526512146,48258,61,1
1771374788.5661492,25_3,25,tpc_commit,9.959662437438965,28795,62,1
1771374790.5928874,25_3,25,tpc_commit,2.0267269611358643,28795,62,1
1771374790.6135528,24_3,24,das_work,9.305185794830322,48258,62,1
1771374798.345666,24_3,24,tpc_commit,7.732099771499634,28795,63,1
1771374800.508169,25_3,25,tpc_lock,8.917778730392456,46561,63,1
1771374802.5617585,25_3,25,tpc_lock,2.053576707839966,46561,63,1
1771374802.6066358,24_3,24,tpc_commit,4.260958909988403,28795,63,1
1771374810.334878,24_3,24,tpc_lock,5.764288902282715,46561,64,1
1771374814.5672784,25_3,25,das_work,5.731673955917358,48258,64,1
1771374814.575913,24_3,24,tpc_lock,4.241024494171143,46561,64,1
1771374824.5039537,25_3,25,tpc_commit,9.93666696548462,28795,65,1
1771374826.584467,25_3,25,tpc_commit,2.0805044174194336,28795,65,1
1771374826.5991578,24_3,24,das_work,5.248461961746216,48258,65,1
1771374834.3769562,24_3,24,tpc_commit,7.777786493301392,28795,66,1
1771374836.5188334,25_3,25,tpc_lock,8.631142854690552,46561,66,1
1771374838.5696995,24_3,24,tpc_commit,4.192733287811279,28795,66,1
1771374838.5775676,25_3,25,tpc_lock,2.0587267875671387,46561,66,1
1771374846.4019084,24_3,24,tpc_lock,7.17734432220459,46549,67,1
1771374850.5892377,24_3,24,tpc_lock,4.187318563461304,46549,67,1
1771374850.6174629,25_3,25,das_work,8.57527756690979,48258,67,1
1771374860.5735075,25_3,25,tpc_commit,9.95603346824646,28795,68,1
1771374862.561597,25_3,25,tpc_commit,1.988077402114868,28795,68,1
1771374862.5634122,24_3,24,das_work,9.726452350616457,48258,68,1
1771374870.352259,24_3,24,tpc_commit,7.788835048675537,28783,69,1
1771374872.5639665,25_4,25,tpc_lock,8.138736486434937,46561,69,1
1771374874.5767968,24_3,24,tpc_commit,4.224524259567261,28783,69,1
1771374874.628548,25_4,25,tpc_lock,2.064571619033813,46561,69,1
1771374882.4112823,24_4,24,tpc_lock,6.670777320861816,46561,70,1
1771374886.566929,24_4,24,tpc_lock,4.155637741088867,46561,70,1
1771374886.5997334,25_4,25,das_work,5.315979242324829,48258,70,1
1771374896.533553,25_4,25,tpc_commit,9.933809518814089,28795,71,1
1771374898.5563197,25_4,25,tpc_commit,2.0227534770965576,28795,71,1
1771374898.6103296,24_4,24,das_work,3.133833646774292,48258,71,1
1771374906.361654,24_4,24,tpc_commit,7.751314640045166,28795,72,1
1771374908.5763392,25_4,25,tpc_lock,9.22075128555298,46561,72,1
1771374910.5742798,24_4,24,tpc_commit,4.212616443634033,28795,72,1
1771374910.631268,25_4,25,tpc_lock,2.054916858673096,46561,72,1
1771374918.3292403,24_4,24,tpc_lock,5.864942789077759,46561,73,1
1771374922.571779,25_4,25,das_work,4.16755747795105,48258,73,1
1771374922.594141,24_4,24,tpc_lock,4.264890909194946,46561,73,1
1771374932.5221002,25_4,25,tpc_commit,9.950310945510864,28795,74,1
1771374934.605438,25_4,25,tpc_commit,2.0833277702331543,28795,74,1
1771374934.619239,24_4,24,das_work,10.65333127975464,48258,74,1
1771374942.389523,24_4,24,tpc_commit,7.77027440071106,28795,75,1
1771374944.5316637,25_4,25,tpc_lock,9.263297319412231,46561,75,1
1771374946.582164,25_4,25,tpc_lock,2.0504918098449707,46561,75,1
1771374946.6153553,24_4,24,tpc_commit,4.22582221031189,28795,75,1
1771374954.3664818,24_4,24,tpc_lock,6.788866758346558,46561,76,1
1771374958.55673,25_4,25,das_work,4.503562927246094,48258,76,1
1771374958.5970516,24_4,24,tpc_lock,4.23055911064148,46561,76,1
1771374968.4902306,25_4,25,tpc_commit,9.933490514755247,28795,77,1
1771374970.5518296,24_4,24,das_work,2.1459457874298096,48258,77,1
1771374970.553434,25_4,25,tpc_commit,2.063192129135132,28795,77,1
1771374978.3197308,24_4,24,tpc_commit,7.76789379119873,28795,78,1
1771374980.5277472,25_4,25,tpc_lock,8.210930109024048,46561,78,1
1771374982.5527437,24_4,24,tpc_commit,4.233006238937378,28795,78,1
1771374982.6070557,25_4,25,tpc_lock,2.079298496246338,46561,78,1
1771374990.320202,24_4,24,tpc_lock,6.879458665847778,46561,79,1
1771374994.580217,24_4,24,tpc_lock,4.260004997253418,46561,79,1
1771374994.6435494,25_4,25,das_work,9.31034255027771,48258,79,1
1771375004.5124707,25_4,25,tpc_commit,9.868913412094116,28795,80,1
1771375006.563089,25_4,25,tpc_commit,2.0506041049957275,28795,80,1
1771375006.6259515,24_4,24,das_work,3.0293571949005127,48258,80,1
1771375014.3178558,24_4,24,tpc_commit,7.691892147064209,28795,81,1
1771375016.566463,25_4,25,tpc_lock,8.163155317306519,46561,81,1
1771375018.5664425,25_4,25,tpc_lock,1.999971628189087,46561,81,1
1771375018.634982,24_4,24,tpc_commit,4.317118167877197,28795,81,1
1771375026.333454,24_4,24,tpc_lock,6.119669675827026,46561,82,1
1771375030.5896745,24_4,24,tpc_lock,4.256207466125488,46561,82,1
1771375030.6020484,25_4,25,das_work,7.340731859207153,48258,82,1
1771375040.5582993,25_4,25,tpc_commit,9.956241846084597,28795,83,1
1771375042.5723903,24_4,24,das_work,8.976057052612305,48258,83,1
1771375042.586661,25_4,25,tpc_commit,2.0283493995666504,28795,83,1
1771375050.3715763,24_4,24,tpc_commit,7.799175977706909,28795,84,1
1771375054.5585525,24_4,24,tpc_commit,4.186964988708496,28795,84,1
1771374164.575242,27_0,27,tpc_lock,3.2308058738708496,46561,10,1
1771374166.574064,27_0,27,tpc_lock,1.9988152980804443,46561,10,1
1771374174.4270558,26_0,26,tpc_lock,11.415043354034424,46561,11,1
1771374178.5728464,27_0,27,das_work,3.52458930015564,48258,11,1
1771374178.5920098,26_0,26,tpc_lock,4.1649253368377686,46561,11,1
1771374188.6266844,27_0,27,tpc_commit,10.053829431533812,28795,12,1
1771374190.5867963,26_0,26,das_work,8.253695249557495,48258,12,1
1771374190.660017,27_0,27,tpc_commit,2.0333175659179688,28795,12,1
1771374198.4450347,26_0,26,tpc_commit,7.858224153518677,28795,13,1
1771374200.6047828,27_0,27,tpc_lock,9.333929300308228,46561,13,1
1771374202.6386003,26_0,26,tpc_commit,4.193553447723389,28795,13,1
1771374202.643478,27_0,27,tpc_lock,2.0386838912963867,46561,13,1
1771374210.4254627,26_0,26,tpc_lock,5.963952302932739,46561,14,1
1771374214.6193228,26_0,26,tpc_lock,4.193851232528687,46561,14,1
1771374214.6343403,27_0,27,das_work,9.400071144104004,48258,14,1
1771374224.5691094,27_0,27,tpc_commit,9.934757947921751,28795,15,1
1771374226.6123607,27_0,27,tpc_commit,2.043241500854492,28795,15,1
1771374226.63736,26_0,26,das_work,6.8927953243255615,48258,15,1
1771374234.3830068,26_0,26,tpc_commit,7.745638608932495,28795,16,1
1771374236.5628345,27_0,27,tpc_lock,9.242761135101318,46561,16,1
1771374238.6484482,26_0,26,tpc_commit,4.265432119369507,28795,16,1
1771374238.6940444,27_0,27,tpc_lock,2.1312010288238525,46561,16,1
1771374246.4059043,26_0,26,tpc_lock,6.698844909667969,46561,17,1
1771374250.6671772,27_0,27,das_work,4.961361408233643,48258,17,1
1771374250.6994808,26_0,26,tpc_lock,4.293566703796387,46561,17,1
1771374260.584385,27_0,27,tpc_commit,9.917195320129396,28795,18,1
1771374262.6332798,27_0,27,tpc_commit,2.048884868621826,28795,18,1
1771374262.6738436,26_0,26,das_work,6.997254848480225,48258,18,1
1771374270.389635,26_0,26,tpc_commit,7.715780973434448,28795,19,1
1771374272.5738983,27_0,27,tpc_lock,8.528951644897461,46561,19,1
1771374274.6044705,27_0,27,tpc_lock,2.03056001663208,46561,19,1
1771374274.682788,26_0,26,tpc_commit,4.293142795562744,28795,19,1
1771374282.458037,26_0,26,tpc_lock,5.871367454528809,46561,20,1
1771374286.640397,26_0,26,tpc_lock,4.182352542877197,46561,20,1
1771374286.6994245,27_0,27,das_work,6.146463871002197,48258,20,1
1771374296.5884645,27_0,27,tpc_commit,9.889031410217283,28795,21,1
1771374298.5956097,27_0,27,tpc_commit,2.007136583328247,28795,21,1
1771374298.7029808,26_0,26,das_work,5.601984262466431,48258,21,1
1771374306.3763883,26_0,26,tpc_commit,7.673400163650513,28795,22,1
1771374308.5995848,27_0,27,tpc_lock,8.222387552261353,46561,22,1
1771374310.612604,27_0,27,tpc_lock,2.0130088329315186,46561,22,1
1771374310.664682,26_0,26,tpc_commit,4.288284778594971,28795,22,1
1771374318.392376,26_0,26,tpc_lock,6.462966203689575,46561,23,1
1771374322.6582794,26_0,26,tpc_lock,4.265896081924439,46561,23,1
1771374322.6624064,27_0,27,das_work,3.440510034561157,48258,23,1
1771374332.5997577,27_0,27,tpc_commit,9.937341928482056,28795,24,1
1771374334.6059728,26_0,26,das_work,9.243373394012451,48258,24,1
1771374334.643032,27_0,27,tpc_commit,2.043263435363769,28795,24,1
1771374342.373918,26_0,26,tpc_commit,7.767929792404175,28795,25,1
1771374344.587819,27_1,27,tpc_lock,9.427000284194946,46561,25,1
1771374346.6081965,27_1,27,tpc_lock,2.0203661918640137,46561,25,1
1771374346.6798265,26_0,26,tpc_commit,4.305898904800415,28795,25,1
1771374354.4366298,26_1,26,tpc_lock,7.102993488311768,46561,26,1
1771374358.6498992,27_1,27,das_work,9.774011611938477,48258,26,1
1771374358.6622105,26_1,26,tpc_lock,4.2255699634552,46561,26,1
1771374368.5884595,27_1,27,tpc_commit,9.938549041748049,28795,27,1
1771374370.6019804,26_1,26,das_work,3.6979477405548096,48258,27,1
1771374370.671245,27_1,27,tpc_commit,2.0827786922454834,28795,27,1
1771374378.429868,26_1,26,tpc_commit,7.827876567840576,28795,28,1
1771374380.5445445,27_1,27,tpc_lock,8.424665927886963,46561,28,1
1771374382.6117964,27_1,27,tpc_lock,2.0672402381896973,46561,28,1
1771374382.6182406,26_1,26,tpc_commit,4.18836522102356,28795,28,1
1771374390.373777,26_1,26,tpc_lock,5.887293815612793,46561,29,1
1771374394.622226,27_1,27,das_work,4.646769285202026,48258,29,1
1771374394.6312337,26_1,26,tpc_lock,4.257446527481079,46561,29,1
1771374404.5658076,27_1,27,tpc_commit,9.943570375442505,28795,30,1
1771374406.595552,26_1,26,das_work,5.642258167266846,48258,30,1
1771374406.62823,27_1,27,tpc_commit,2.0624125003814697,28795,30,1
1771374414.443833,26_1,26,tpc_commit,7.848272800445557,28795,31,1
1771374416.526116,27_1,27,tpc_lock,8.550312042236328,46561,31,1
1771374418.664409,26_1,26,tpc_commit,4.2205681800842285,28795,31,1
1771374418.6895204,27_1,27,tpc_lock,2.163395404815674,46561,31,1
1771374426.368364,26_1,26,tpc_lock,6.392263174057007,46561,32,1
1771374430.5979345,26_1,26,tpc_lock,4.229557991027832,46561,32,1
1771374430.605762,27_1,27,das_work,7.331124305725098,48258,32,1
1771374440.5379243,27_1,27,tpc_commit,9.932154893875122,28795,33,1
1771374442.6008863,26_1,26,das_work,4.525813341140747,48258,33,1
1771374442.6638627,27_1,27,tpc_commit,2.1259305477142334,28795,33,1
1771374450.363898,26_1,26,tpc_commit,7.763003587722778,28795,34,1
1771374452.6047523,27_1,27,tpc_lock,8.768137454986572,46561,34,1
1771374454.5948193,27_1,27,tpc_lock,1.9900569915771484,46561,34,1
1771374454.6223562,26_1,26,tpc_commit,4.258450031280518,28795,34,1
1771374462.429667,26_1,26,tpc_lock,6.688440561294556,46561,35,1
1771374466.609136,27_1,27,das_work,5.934314012527466,48258,35,1
1771374466.6443477,26_1,26,tpc_lock,4.214667797088623,46561,35,1
1771374476.5948236,27_1,27,tpc_commit,9.985677003860474,28795,36,1
1771374478.60857,26_1,26,das_work,6.551909923553467,48258,36,1
1771374478.6410477,27_1,27,tpc_commit,2.0462119579315186,28795,36,1
1771374486.4215662,26_1,26,tpc_commit,7.812985181808472,28795,37,1
1771374488.5519598,27_1,27,tpc_lock,8.950388669967651,46561,37,1
1771374490.5894787,27_1,27,tpc_lock,2.0375094413757324,46561,37,1
1771374490.6041963,26_1,26,tpc_commit,4.182619571685791,28795,37,1
1771374498.4269814,26_1,26,tpc_lock,6.369578123092651,46561,38,1
1771374502.6025383,27_1,27,das_work,3.5309946537017822,48258,38,1
1771374502.6315334,26_1,26,tpc_lock,4.204540252685547,46561,38,1
1771374512.531383,27_1,27,tpc_commit,9.928832054138184,28795,39,1
1771374514.5852778,27_1,27,tpc_commit,2.053885698318481,28795,39,1
1771374514.625564,26_1,26,das_work,5.218515634536743,48258,39,1
1771374522.3971925,26_1,26,tpc_commit,7.7716169357299805,28795,40,1
1771374524.5318377,27_2,27,tpc_lock,8.5343337059021,46549,40,1
1771374526.6496537,27_2,27,tpc_lock,2.1178083419799805,46549,40,1
1771374526.652298,26_1,26,tpc_commit,4.255093812942505,28795,40,1
1771374534.4067504,26_2,26,tpc_lock,6.998459339141846,46561,41,1
1771374538.5928626,26_2,26,tpc_lock,4.186101675033569,46561,41,1
1771374538.621239,27_2,27,das_work,6.427059888839722,48258,41,1
1771374548.533333,27_2,27,tpc_commit,9.912083387374878,28783,42,1
1771374550.5926645,26_2,26,das_work,5.614922761917114,48258,42,1
1771374550.6234932,27_2,27,tpc_commit,2.090150594711304,28783,42,1
1771374558.3506472,26_2,26,tpc_commit,7.757975339889526,28795,43,1
1771374560.5443592,27_2,27,tpc_lock,7.921214580535889,46561,43,1
1771374562.5876446,27_2,27,tpc_lock,2.0432748794555664,46561,43,1
1771374562.6700988,26_2,26,tpc_commit,4.319444417953491,28795,43,1
1771374570.4173024,26_2,26,tpc_lock,6.589426279067993,46561,44,1
1771374574.6228354,27_2,27,das_work,4.568444013595581,48258,44,1
1771374574.6452675,26_2,26,tpc_lock,4.22795844078064,46561,44,1
1771374584.5344243,27_2,27,tpc_commit,9.91158151626587,28795,45,1
1771374586.5929043,27_2,27,tpc_commit,2.05846905708313,28795,45,1
1771374586.6405058,26_2,26,das_work,3.974621057510376,48258,45,1
1771374594.4025376,26_2,26,tpc_commit,7.762019395828247,28795,46,1
1771374596.542791,27_2,27,tpc_lock,8.724514961242676,46561,46,1
1771374598.6330998,27_2,27,tpc_lock,2.090301275253296,46561,46,1
1771374598.6360788,26_2,26,tpc_commit,4.233530759811401,28795,46,1
1771374606.350303,26_2,26,tpc_lock,5.874780178070068,46561,47,1
1771374610.597235,26_2,26,tpc_lock,4.246920824050903,46561,47,1
1771374610.6353338,27_2,27,das_work,7.152601718902588,48258,47,1
1771374620.5243893,27_2,27,tpc_commit,9.889044761657717,28795,48,1
1771374622.5753503,27_2,27,tpc_commit,2.050952434539795,28795,48,1
1771374622.6005125,26_2,26,das_work,10.669739723205566,48258,48,1
1771374630.348074,26_2,26,tpc_commit,7.747551441192627,28795,49,1
1771374632.5935595,27_2,27,tpc_lock,9.180490255355837,46561,49,1
1771374634.6127968,27_2,27,tpc_lock,2.0192296504974365,46561,49,1
1771374634.6221564,26_2,26,tpc_commit,4.2740700244903564,28795,49,1
1771374642.3516088,26_2,26,tpc_lock,6.99474835395813,46549,50,1
1771374646.5824816,27_2,27,das_work,5.337006807327271,48258,50,1
1771374646.5842323,26_2,26,tpc_lock,4.232616901397705,46549,50,1
1771374656.5741074,27_2,27,tpc_commit,9.991616010665894,28795,51,1
1771374658.6210268,27_2,27,tpc_commit,2.046907901763916,28795,51,1
1771374658.627462,26_2,26,das_work,4.647495746612549,48258,51,1
1771374666.3423858,26_2,26,tpc_commit,7.714911699295044,28783,52,1
1771374668.5727963,27_2,27,tpc_lock,8.758398532867432,46561,52,1
1771374670.6024015,27_2,27,tpc_lock,2.029595136642456,46561,52,1
1771374670.6053026,26_2,26,tpc_commit,4.262908458709717,28783,52,1
1771374678.3535805,26_2,26,tpc_lock,6.06850004196167,46561,53,1
1771374682.5715811,26_2,26,tpc_lock,4.2179930210113525,46561,53,1
1771374682.65388,27_2,27,das_work,2.103877067565918,48258,53,1
1771374692.5389476,27_2,27,tpc_commit,9.885058641433716,28795,54,1
1771374694.586058,26_2,26,das_work,9.010145902633669,48258,54,1
1771374694.653829,27_2,27,tpc_commit,2.1148712635040283,28795,54,1
1771374702.3567278,26_2,26,tpc_commit,7.770663261413574,28795,55,1
1771374704.5153482,27_3,27,tpc_lock,8.456226348876953,46561,55,1
1771374706.5799086,27_3,27,tpc_lock,2.0645534992218018,46561,55,1
1771374706.5883217,26_2,26,tpc_commit,4.231583595275879,28795,55,1
1771374714.426047,26_3,26,tpc_lock,6.1673197746276855,46561,56,1
1771374718.6204338,26_3,26,tpc_lock,4.194375276565552,46561,56,1
1771374718.6319938,27_3,27,das_work,9.31167483329773,48258,56,1
1771374728.513679,27_3,27,tpc_commit,9.88167405128479,28795,57,1
1771374730.5784516,27_3,27,tpc_commit,2.064765453338623,28795,57,1
1771374730.600165,26_3,26,das_work,6.120489597320557,48258,57,1
1771374738.3755689,26_3,26,tpc_commit,7.77539324760437,28795,58,1
1771374740.579771,27_3,27,tpc_lock,9.334466457366943,46549,58,1
1771374742.5809174,27_3,27,tpc_lock,2.0011353492736816,46549,58,1
1771374742.612877,26_3,26,tpc_commit,4.237300395965576,28795,58,1
1771374750.3880763,26_3,26,tpc_lock,6.27013087272644,46549,59,1
1771374754.5858648,27_3,27,das_work,8.696235418319702,48258,59,1
1771374754.6191697,26_3,26,tpc_lock,4.231082916259766,46549,59,1
1771374764.5131588,27_3,27,tpc_commit,9.927283763885498,28783,60,1
1771374766.60576,27_3,27,tpc_commit,2.09259033203125,28783,60,1
1771374766.6168344,26_3,26,das_work,10.341814279556274,48258,60,1
1771374774.3816638,26_3,26,tpc_commit,7.764816522598267,28783,61,1
1771374776.5043476,27_3,27,tpc_lock,8.126238584518433,46561,61,1
1771374778.570191,26_3,26,tpc_commit,4.188513994216919,28783,61,1
1771374778.6312983,27_3,27,tpc_lock,2.1269423961639404,46561,61,1
1771374786.3983364,26_3,26,tpc_lock,6.466806173324585,46561,62,1
1771374790.5740762,26_3,26,tpc_lock,4.175729751586914,46561,62,1
1771374790.6398702,27_3,27,das_work,10.125372171401978,48258,62,1
1771374800.5356593,27_3,27,tpc_commit,9.895780086517334,28795,63,1
1771374802.583429,27_3,27,tpc_commit,2.047760009765625,28795,63,1
1771374802.6327558,26_3,26,das_work,5.039103984832764,48258,63,1
1771374810.412048,26_3,26,tpc_commit,7.779280424118042,28795,64,1
1771374812.572986,27_3,27,tpc_lock,8.6731116771698,46561,64,1
1771374814.576962,26_3,26,tpc_commit,4.164904356002808,28795,64,1
1771374814.5825868,27_3,27,tpc_lock,2.009589910507202,46561,64,1
1771374822.415222,26_3,26,tpc_lock,6.880450963973999,46549,65,1
1771374826.576876,27_3,27,das_work,8.373338222503662,48258,65,1
1771374826.5888925,26_3,26,tpc_lock,4.173660039901733,46549,65,1
1771374836.5084748,27_3,27,tpc_commit,9.931590795516968,28795,66,1
1771374838.5605717,26_3,26,das_work,5.081671714782715,48258,66,1
1771374838.5857875,27_3,27,tpc_commit,2.077306270599365,28795,66,1
1771374846.3312156,26_3,26,tpc_commit,7.770636081695557,28783,67,1
1771374848.5117316,27_3,27,tpc_lock,7.937252044677734,46561,67,1
1771374850.562786,26_3,26,tpc_commit,4.231563091278076,28783,67,1
1771374850.5757685,27_3,27,tpc_lock,2.0640268325805664,46561,67,1
1771374858.3550408,26_3,26,tpc_lock,5.850006103515625,46561,68,1
1771374862.6376295,27_3,27,das_work,7.32805323600769,48258,68,1
1771374862.6507132,26_3,26,tpc_lock,4.295661687850952,46561,68,1
1771374872.4990325,27_3,27,tpc_commit,9.861394882202148,28795,69,1
1771374874.551509,26_3,26,das_work,6.219487428665161,48258,69,1
1771374874.578097,27_3,27,tpc_commit,2.079054832458496,28795,69,1
1771374882.3818302,26_3,26,tpc_commit,7.83031439781189,28795,70,1
1771374884.5556238,27_4,27,tpc_lock,9.414010286331177,46561,70,1
1771374886.5568523,26_3,26,tpc_commit,4.1750123500823975,28795,70,1
1771374886.5821595,27_4,27,tpc_lock,2.0265259742736816,46561,70,1
1771374894.346665,26_4,26,tpc_lock,6.36460280418396,46561,71,1
1771374898.593117,26_4,26,tpc_lock,4.246444225311279,46561,71,1
1771374898.598728,27_4,27,das_work,8.2701256275177,48258,71,1
1771374908.5382607,27_4,27,tpc_commit,9.939523935317991,28795,72,1
1771374910.5629754,26_4,26,das_work,8.729729652404785,48258,72,1
1771374910.6108365,27_4,27,tpc_commit,2.072566032409668,28795,72,1
1771374918.3290272,26_4,26,tpc_commit,7.766041278839111,28795,73,1
1771374920.5178487,27_4,27,tpc_lock,7.90801477432251,46561,73,1
1771374922.560465,27_4,27,tpc_lock,2.0426056385040283,46561,73,1
1771374922.5705051,26_4,26,tpc_commit,4.241468667984009,28795,73,1
1771374930.3794,26_4,26,tpc_lock,6.364558219909668,46561,74,1
1771374934.5521624,26_4,26,tpc_lock,4.17275333404541,46561,74,1
1771374934.5618043,27_4,27,das_work,3.477477788925171,48258,74,1
1771374944.498239,27_4,27,tpc_commit,9.936424255371094,28795,75,1
1771374946.5548291,26_4,26,das_work,7.432708024978638,48258,75,1
1771374946.5589983,27_4,27,tpc_commit,2.060751914978028,28795,75,1
1771374954.3863237,26_4,26,tpc_commit,7.831486463546753,28795,76,1
1771374956.535066,27_4,27,tpc_lock,9.390256881713867,46561,76,1
1771374958.5602596,27_4,27,tpc_lock,2.025165319442749,46561,76,1
1771374958.567392,26_4,26,tpc_commit,4.181058645248413,28795,76,1
1771374966.385222,26_4,26,tpc_lock,7.101900100708008,46549,77,1
1771374970.5861006,26_4,26,tpc_lock,4.20086669921875,46549,77,1
1771374970.5987127,27_4,27,das_work,3.055502891540528,48258,77,1
1771374980.4909654,27_4,27,tpc_commit,9.892242670059204,28795,78,1
1771374982.5496602,26_4,26,das_work,9.190315246582031,48258,78,1
1771374982.5584016,27_4,27,tpc_commit,2.067427158355713,28795,78,1
1771374990.3329515,26_4,26,tpc_commit,7.783283233642578,28783,79,1
1771374992.483476,27_4,27,tpc_lock,8.970322370529175,46561,79,1
1771374994.5908036,27_4,27,tpc_lock,2.107320547103882,46561,79,1
1771374994.6427407,26_4,26,tpc_commit,4.309779167175293,28783,79,1
1771375002.3539824,26_4,26,tpc_lock,6.381892442703247,46561,80,1
1771375006.5807846,27_4,27,das_work,8.245378971099854,48258,80,1
1771375006.5850396,26_4,26,tpc_lock,4.231047630310059,46561,80,1
1771375016.5172353,27_4,27,tpc_commit,9.93644094467163,28795,81,1
1771375018.6176386,26_4,26,das_work,10.867563009262083,48258,81,1
1771375018.6335242,27_4,27,tpc_commit,2.116276979446411,28795,81,1
1771375026.328029,26_4,26,tpc_commit,7.710379362106323,28795,82,1
1771375028.4852138,27_4,27,tpc_lock,9.04523515701294,46549,82,1
1771375030.5729766,26_4,26,tpc_commit,4.244936227798462,28795,82,1
1771375030.6042695,27_4,27,tpc_lock,2.119046211242676,46549,82,1
1771375038.3218262,26_4,26,tpc_lock,7.085580348968506,46549,83,1
1771375042.5574937,27_4,27,das_work,7.812330961227417,48258,83,1
1771375042.5609963,26_4,26,tpc_lock,4.239162921905518,46549,83,1
1771375052.479757,27_4,27,tpc_commit,9.9222514629364,28783,84,1
1771375054.5470688,26_4,26,das_work,6.228318214416504,48258,84,1
1771375054.597838,27_4,27,tpc_commit,2.118070125579834,28783,84,1
1771375062.3427494,26_4,26,tpc_commit,7.795647621154785,28783,85,1
1771375066.537212,26_4,26,tpc_commit,4.194452524185181,28783,85,1
1771374164.5852177,29_0,29,tpc_lock,0.5644276142120361,46561,10,1
1771374166.5874157,29_0,29,tpc_lock,2.0021913051605225,46561,10,1
1771374174.44556,28_0,28,tpc_lock,8.113714933395386,46561,11,1
1771374178.618507,28_0,28,tpc_lock,4.172935962677002,46561,11,1
1771374178.6472194,29_0,29,das_work,9.757107019424438,48258,11,1
1771374188.6142762,29_0,29,tpc_commit,9.967047452926636,28795,12,1
1771374190.5876954,28_0,28,das_work,9.35262942314148,48258,12,1
1771374190.6315746,29_0,29,tpc_commit,2.017282247543335,28795,12,1
1771374198.3883605,28_0,28,tpc_commit,7.800653696060181,28795,13,1
1771374200.538329,29_0,29,tpc_lock,8.265933752059937,46561,13,1
1771374202.5934186,28_0,28,tpc_commit,4.205049991607666,28795,13,1
1771374202.5942636,29_0,29,tpc_lock,2.0559277534484863,46561,13,1
1771374210.435892,28_0,28,tpc_lock,6.680780410766602,46561,14,1
1771374214.5985088,28_0,28,tpc_lock,4.162605285644531,46561,14,1
1771374214.6467264,29_0,29,das_work,3.345625400543213,48258,14,1
1771374224.5695202,29_0,29,tpc_commit,9.922783851623535,28795,15,1
1771374226.69012,28_0,28,das_work,8.447392225265503,48258,15,1
1771374226.6912246,29_0,29,tpc_commit,2.121694326400757,28795,15,1
1771374234.458578,28_0,28,tpc_commit,7.768450736999512,28795,16,1
1771374236.5753727,29_0,29,tpc_lock,7.926945686340332,46561,16,1
1771374238.6757314,28_0,28,tpc_commit,4.217143297195435,28795,16,1
1771374238.7065053,29_0,29,tpc_lock,2.131122350692749,46561,16,1
1771374246.4068637,28_0,28,tpc_lock,5.973826885223389,46561,17,1
1771374250.611065,29_0,29,das_work,5.378775119781494,48258,17,1
1771374250.6360986,28_0,28,tpc_lock,4.229223966598511,46561,17,1
1771374260.6253233,29_0,29,tpc_commit,10.014246702194214,28795,18,1
1771374262.625297,29_0,29,tpc_commit,1.9999642372131348,28795,18,1
1771374262.6779144,28_0,28,das_work,3.752906560897827,48258,18,1
1771374270.3934643,28_0,28,tpc_commit,7.7155373096466064,28795,19,1
1771374272.540341,29_0,29,tpc_lock,8.25993299484253,46561,19,1
1771374274.6031225,29_0,29,tpc_lock,2.062772035598755,46561,19,1
1771374274.6114423,28_0,28,tpc_commit,4.217966079711914,28795,19,1
1771374282.3872368,28_0,28,tpc_lock,6.588213920593262,46561,20,1
1771374286.6377554,28_0,28,tpc_lock,4.25050687789917,46561,20,1
1771374286.6616735,29_0,29,das_work,6.841867685317993,48258,20,1
1771374296.5753777,29_0,29,tpc_commit,9.913693904876707,28795,21,1
1771374298.6022615,29_0,29,tpc_commit,2.0268688201904297,28795,21,1
1771374298.622023,28_0,28,das_work,9.992588758468628,48258,21,1
1771374306.4516084,28_0,28,tpc_commit,7.829575538635254,28795,22,1
1771374308.6072066,29_0,29,tpc_lock,8.222270965576172,46561,22,1
1771374310.604302,29_0,29,tpc_lock,1.9970879554748533,46561,22,1
1771374310.6822612,28_0,28,tpc_commit,4.23064112663269,28795,22,1
1771374318.4075875,28_0,28,tpc_lock,6.879379749298096,46561,23,1
1771374322.6491282,29_0,29,das_work,7.903384447097778,48258,23,1
1771374322.686169,28_0,28,tpc_lock,4.278574466705322,46561,23,1
1771374332.5934305,29_0,29,tpc_commit,9.94429349899292,28795,24,1
1771374334.606069,29_0,29,tpc_commit,2.012629270553589,28795,24,1
1771374334.6405635,28_0,28,das_work,3.864201784133911,48258,24,1
1771374342.4451115,28_0,28,tpc_commit,7.804536581039429,28795,25,1
1771374344.5830464,29_1,29,tpc_lock,8.131345748901367,46561,25,1
1771374346.5998738,29_1,29,tpc_lock,2.016817808151245,46561,25,1
1771374346.632022,28_0,28,tpc_commit,4.1869001388549805,28795,25,1
1771374354.3816469,28_1,28,tpc_lock,5.765078067779541,46561,26,1
1771374358.6035466,29_1,29,das_work,8.03136658668518,48258,26,1
1771374358.702103,28_1,28,tpc_lock,4.320447206497192,46561,26,1
1771374368.5468552,29_1,29,tpc_commit,9.943299770355225,28795,27,1
1771374370.6324656,29_1,29,tpc_commit,2.085598945617676,28795,27,1
1771374370.639616,28_1,28,das_work,3.2762629985809326,48258,27,1
1771374378.3693206,28_1,28,tpc_commit,7.729692697525024,28795,28,1
1771374380.6066782,29_1,29,tpc_lock,8.97744369506836,46561,28,1
1771374382.6067138,29_1,29,tpc_lock,2.0000252723693848,46561,28,1
1771374382.693787,28_1,28,tpc_commit,4.324457168579102,28795,28,1
1771374390.440336,28_1,28,tpc_lock,6.187532424926758,46561,29,1
1771374394.6676466,29_1,29,das_work,8.931528806686401,48258,29,1
1771374394.6944454,28_1,28,tpc_lock,4.254098653793335,46561,29,1
1771374404.5894184,29_1,29,tpc_commit,9.921760320663452,28795,30,1
1771374406.6585898,28_1,28,das_work,1.9787583351135252,48258,30,1
1771374406.6824403,29_1,29,tpc_commit,2.0930118560791016,28795,30,1
1771374414.443539,28_1,28,tpc_commit,7.784941911697388,28795,31,1
1771374416.537863,29_1,29,tpc_lock,9.345844984054564,46561,31,1
1771374418.600234,29_1,29,tpc_lock,2.0623464584350586,46561,31,1
1771374418.6422822,28_1,28,tpc_commit,4.198733568191528,28795,31,1
1771374426.3777134,28_1,28,tpc_lock,7.188592195510864,46561,32,1
1771374430.6297362,28_1,28,tpc_lock,4.252012252807617,46561,32,1
1771374430.636888,29_1,29,das_work,8.323080062866211,48258,32,1
1771374440.5491524,29_1,29,tpc_commit,9.912254333496094,28795,33,1
1771374442.6024702,28_1,28,das_work,7.07468843460083,48258,33,1
1771374442.6567347,29_1,29,tpc_commit,2.107573270797729,28795,33,1
1771374450.4082575,28_1,28,tpc_commit,7.805775880813599,28795,34,1
1771374452.534264,29_1,29,tpc_lock,9.068707942962646,46561,34,1
1771374454.6181226,28_1,28,tpc_commit,4.209854364395142,28795,34,1
1771374454.674665,29_1,29,tpc_lock,2.140389919281006,46561,34,1
1771374462.397654,28_1,28,tpc_lock,6.074044466018677,46549,35,1
1771374466.6290832,29_1,29,das_work,6.061590909957886,48258,35,1
1771374466.640305,28_1,28,tpc_lock,4.242643356323242,46549,35,1
1771374476.5495691,29_1,29,tpc_commit,9.920474529266356,28795,36,1
1771374478.589781,28_1,28,das_work,7.027766227722168,48258,36,1
1771374478.6053092,29_1,29,tpc_commit,2.0557310581207275,28795,36,1
1771374486.393536,28_1,28,tpc_commit,7.803744792938232,28783,37,1
1771374488.5400374,29_1,29,tpc_lock,8.461166143417358,46561,37,1
1771374490.619657,28_1,28,tpc_commit,4.226110935211182,28783,37,1
1771374490.6488376,29_1,29,tpc_lock,2.108792781829834,46561,37,1
1771374498.3761191,28_1,28,tpc_lock,6.365160465240479,46561,38,1
1771374502.5884602,28_1,28,tpc_lock,4.2123329639434814,46561,38,1
1771374502.646824,29_1,29,das_work,3.592366933822632,48258,38,1
1771374512.5504043,29_1,29,tpc_commit,9.903568744659424,28795,39,1
1771374514.5782366,28_1,28,das_work,9.96941304206848,48258,39,1
1771374514.5963871,29_1,29,tpc_commit,2.045971393585205,28795,39,1
1771374522.356679,28_1,28,tpc_commit,7.778435468673706,28795,40,1
1771374524.521,29_2,29,tpc_lock,8.012053489685059,46549,40,1
1771374526.590088,28_1,28,tpc_commit,4.233400821685791,28795,40,1
1771374526.6255505,29_2,29,tpc_lock,2.1045422554016118,46549,40,1
1771374534.4046156,28_2,28,tpc_lock,6.277964353561401,46561,41,1
1771374538.5801892,29_2,29,das_work,10.567402362823486,48258,41,1
1771374538.607781,28_2,28,tpc_lock,4.203157186508179,46561,41,1
1771374548.577946,29_2,29,tpc_commit,9.99774932861328,28783,42,1
1771374550.624685,29_2,29,tpc_commit,2.04672908782959,28783,42,1
1771374550.62844,28_2,28,das_work,3.9748106002807617,48258,42,1
1771374558.4201148,28_2,28,tpc_commit,7.791666269302368,28795,43,1
1771374560.56396,29_2,29,tpc_lock,8.54861044883728,46561,43,1
1771374562.5990098,29_2,29,tpc_lock,2.035040140151977,46561,43,1
1771374562.675334,28_2,28,tpc_commit,4.255211114883423,28795,43,1
1771374570.367784,28_2,28,tpc_lock,7.185149669647217,46561,44,1
1771374574.5945,28_2,28,tpc_lock,4.226706027984619,46561,44,1
1771374574.5973034,29_2,29,das_work,5.264327526092529,48258,44,1
1771374584.5272746,29_2,29,tpc_commit,9.92996311187744,28795,45,1
1771374586.5846643,29_2,29,tpc_commit,2.0573792457580566,28795,45,1
1771374586.5948095,28_2,28,das_work,6.370891332626343,48258,45,1
1771374594.3523047,28_2,28,tpc_commit,7.757487773895264,28795,46,1
1771374596.5895722,29_2,29,tpc_lock,8.630019426345825,46561,46,1
1771374598.584755,29_2,29,tpc_lock,1.9951748847961424,46561,46,1
1771374598.629174,28_2,28,tpc_commit,4.2768614292144775,28795,46,1
1771374606.4230018,28_2,28,tpc_lock,6.014245986938477,46561,47,1
1771374610.5867984,29_2,29,das_work,10.384098291397097,48258,47,1
1771374610.6380064,28_2,28,tpc_lock,4.214995622634888,46561,47,1
1771374620.589761,29_2,29,tpc_commit,10.002951860427856,28795,48,1
1771374622.5908492,28_2,28,das_work,10.042046546936035,48258,48,1
1771374622.6039088,29_2,29,tpc_commit,2.0141382217407227,28795,48,1
1771374630.367815,28_2,28,tpc_commit,7.776958227157593,28795,49,1
1771374632.5845428,29_2,29,tpc_lock,8.210441589355469,46561,49,1
1771374634.590586,29_2,29,tpc_lock,2.006034135818481,46561,49,1
1771374634.648087,28_2,28,tpc_commit,4.280261516571045,28795,49,1
1771374642.4108815,28_2,28,tpc_lock,6.575021982192993,46561,50,1
1771374646.6036952,28_2,28,tpc_lock,4.192801237106323,46561,50,1
1771374646.6436405,29_2,29,das_work,5.00949764251709,48258,50,1
1771374656.5452545,29_2,29,tpc_commit,9.901605606079102,28795,51,1
1771374658.648759,29_2,29,tpc_commit,2.1034951210021973,28795,51,1
1771374658.651695,28_2,28,das_work,2.887733221054077,48258,51,1
1771374666.4244597,28_2,28,tpc_commit,7.772753238677978,28795,52,1
1771374668.5221238,29_2,29,tpc_lock,8.821754455566406,46561,52,1
1771374670.578236,28_2,28,tpc_commit,4.15376615524292,28795,52,1
1771374670.6396496,29_2,29,tpc_lock,2.117513656616211,46561,52,1
1771374678.3511982,28_2,28,tpc_lock,6.377135038375855,46561,53,1
1771374682.5704515,29_2,29,das_work,8.782008171081543,48258,53,1
1771374682.601195,28_2,28,tpc_lock,4.249987363815308,46561,53,1
1771374692.5792353,29_2,29,tpc_commit,10.008774757385254,28795,54,1
1771374694.5912802,29_2,29,tpc_commit,2.0120363235473637,28795,54,1
1771374694.643588,28_2,28,das_work,7.586475133895874,48258,54,1
1771374702.415446,28_2,28,tpc_commit,7.771845817565918,28795,55,1
1771374704.568955,29_3,29,tpc_lock,8.106616497039795,46561,55,1
1771374706.6051943,28_2,28,tpc_commit,4.189705848693848,28795,55,1
1771374706.6666536,29_3,29,tpc_lock,2.097688674926758,46561,55,1
1771374714.4233284,28_3,28,tpc_lock,5.8697590827941895,46561,56,1
1771374718.5676477,28_3,28,tpc_lock,4.144308090209961,46561,56,1
1771374718.5704987,29_3,29,das_work,7.130085468292236,48258,56,1
1771374728.5874753,29_3,29,tpc_commit,10.016966819763184,28795,57,1
1771374730.6328506,29_3,29,tpc_commit,2.045365571975708,28795,57,1
1771374730.638377,28_3,28,das_work,2.364845037460327,48258,57,1
1771374738.3925767,28_3,28,tpc_commit,7.754189729690552,28795,58,1
1771374740.4988043,29_3,29,tpc_lock,8.82284951210022,46561,58,1
1771374742.576295,28_3,28,tpc_commit,4.183709859848023,28795,58,1
1771374742.6102395,29_3,29,tpc_lock,2.111426830291748,46561,58,1
1771374750.370154,28_3,28,tpc_lock,6.977821826934815,46561,59,1
1771374754.607167,29_3,29,das_work,7.396789789199829,48258,59,1
1771374754.621648,28_3,28,tpc_lock,4.251484632492065,46561,59,1
1771374764.512462,29_3,29,tpc_commit,9.90528655052185,28795,60,1
1771374766.5674489,28_3,28,das_work,6.89812970161438,48258,60,1
1771374766.6096067,29_3,29,tpc_commit,2.0971343517303467,28795,60,1
1771374774.3394988,28_3,28,tpc_commit,7.77204155921936,28795,61,1
1771374776.5235991,29_3,29,tpc_lock,8.025244951248169,46549,61,1
1771374778.581085,29_3,29,tpc_lock,2.0574734210968018,46549,61,1
1771374778.602888,28_3,28,tpc_commit,4.263377904891968,28795,61,1
1771374786.4194443,28_3,28,tpc_lock,7.087693929672241,46561,62,1
1771374790.6044574,28_3,28,tpc_lock,4.185003757476807,46561,62,1
1771374790.639608,29_3,29,das_work,10.524563074111938,48258,62,1
1771374800.5019696,29_3,29,tpc_commit,9.86234974861145,28783,63,1
1771374802.5735252,29_3,29,tpc_commit,2.0715482234954834,28783,63,1
1771374802.632718,28_3,28,das_work,6.341699600219727,48258,63,1
1771374810.3820455,28_3,28,tpc_commit,7.749313592910767,28795,64,1
1771374812.52085,29_3,29,tpc_lock,8.020619630813599,46561,64,1
1771374814.5625937,28_3,28,tpc_commit,4.180537223815918,28795,64,1
1771374814.605358,29_3,29,tpc_lock,2.084500789642334,46561,64,1
1771374822.4035523,28_3,28,tpc_lock,6.792996406555176,46561,65,1
1771374826.5587664,29_3,29,das_work,8.173980712890625,48258,65,1
1771374826.5880969,28_3,28,tpc_lock,4.184537649154663,46561,65,1
1771374836.5496235,29_3,29,tpc_commit,9.99084997177124,28795,66,1
1771374838.5993228,28_3,28,das_work,6.76542329788208,48258,66,1
1771374838.6219945,29_3,29,tpc_commit,2.072361469268799,28795,66,1
1771374846.3701446,28_3,28,tpc_commit,7.770807981491089,28795,67,1
1771374848.5108645,29_3,29,tpc_lock,8.621306657791138,46561,67,1
1771374850.5989382,29_3,29,tpc_lock,2.0880613327026367,46561,67,1
1771374850.6123073,28_3,28,tpc_commit,4.24215292930603,28795,67,1
1771374858.34203,28_3,28,tpc_lock,6.609819889068604,46561,68,1
1771374862.5609455,29_3,29,das_work,4.300100564956665,48258,68,1
1771374862.562643,28_3,28,tpc_lock,4.22060489654541,46561,68,1
1771374872.5648994,29_3,29,tpc_commit,10.003945112228394,28795,69,1
1771374874.560911,28_3,28,das_work,4.485244274139404,48258,69,1
1771374874.625669,29_3,29,tpc_commit,2.0607616901397705,28795,69,1
1771374882.333912,28_3,28,tpc_commit,7.772991180419922,28795,70,1
1771374884.5047991,29_4,29,tpc_lock,9.319820165634155,46561,70,1
1771374886.5784798,28_3,28,tpc_commit,4.244560241699219,28795,70,1
1771374886.6302974,29_4,29,tpc_lock,2.125490427017212,46561,70,1
1771374894.384421,28_4,28,tpc_lock,6.986905574798584,46561,71,1
1771374898.5847616,29_4,29,das_work,2.445502996444702,48258,71,1
1771374898.5951548,28_4,28,tpc_lock,4.210724592208862,46561,71,1
1771374908.5177455,29_4,29,tpc_commit,9.932975053787231,28795,72,1
1771374910.554653,28_4,28,das_work,10.218650102615356,48258,72,1
1771374910.556413,29_4,29,tpc_commit,2.03865909576416,28795,72,1
1771374918.3255985,28_4,28,tpc_commit,7.770932912826538,28795,73,1
1771374920.557279,29_4,29,tpc_lock,9.142775774002075,46561,73,1
1771374922.557696,29_4,29,tpc_lock,2.000409841537476,46561,73,1
1771374922.589039,28_4,28,tpc_commit,4.2634336948394775,28795,73,1
1771374930.4061224,28_4,28,tpc_lock,7.282583713531494,46561,74,1
1771374934.6121852,29_4,29,das_work,10.33451509475708,48258,74,1
1771374934.6139684,28_4,28,tpc_lock,4.207835912704468,46561,74,1
1771374944.500037,29_4,29,tpc_commit,9.887840509414673,28795,75,1
1771374946.582559,28_4,28,das_work,5.8403160572052,48258,75,1
1771374946.6190543,29_4,29,tpc_commit,2.1190106868743896,28795,75,1
1771374954.358192,28_4,28,tpc_commit,7.775623083114624,28795,76,1
1771374956.509585,29_4,29,tpc_lock,8.944324254989624,46561,76,1
1771374958.6128397,29_4,29,tpc_lock,2.103245973587036,46561,76,1
1771374958.6578138,28_4,28,tpc_commit,4.299612283706665,28795,76,1
1771374966.3294532,28_4,28,tpc_lock,6.596572399139404,46561,77,1
1771374970.559013,29_4,29,das_work,6.97346568107605,48258,77,1
1771374970.5765378,28_4,28,tpc_lock,4.247077703475952,46561,77,1
1771374980.490599,29_4,29,tpc_commit,9.93157696723938,28795,78,1
1771374982.5485754,29_4,29,tpc_commit,2.0579657554626465,28795,78,1
1771374982.5921204,28_4,28,das_work,2.545496702194214,48258,78,1
1771374990.3718033,28_4,28,tpc_commit,7.779673337936401,28795,79,1
1771374992.484371,29_4,29,tpc_lock,8.923399686813354,46561,79,1
1771374994.585754,29_4,29,tpc_lock,2.101372003555298,46561,79,1
1771374994.6183074,28_4,28,tpc_commit,4.246495723724365,28795,79,1
1771375002.370714,28_4,28,tpc_lock,6.880384206771851,46561,80,1
1771375006.555988,29_4,29,das_work,10.012502193450928,48258,80,1
1771375006.589247,28_4,28,tpc_lock,4.218520641326904,46561,80,1
1771375016.497451,29_4,29,tpc_commit,9.941456317901611,28795,81,1
1771375018.5682814,28_4,28,das_work,4.355520486831665,48258,81,1
1771375018.588936,29_4,29,tpc_commit,2.0914759635925293,28795,81,1
1771375026.328314,28_4,28,tpc_commit,7.760021686553955,28795,82,1
1771375028.5660405,29_4,29,tpc_lock,8.383174896240234,46561,82,1
1771375030.5733984,29_4,29,tpc_lock,2.007349729537964,46561,82,1
1771375030.6028352,28_4,28,tpc_commit,4.274508953094482,28795,82,1
1771375038.323943,28_4,28,tpc_lock,6.472008943557739,46561,83,1
1771375042.5828688,29_4,29,das_work,2.9611141681671143,48258,83,1
1771375042.612813,28_4,28,tpc_lock,4.288862228393555,46561,83,1
1771375052.515128,29_4,29,tpc_commit,9.932249307632446,28795,84,1
1771375054.5422883,28_4,28,das_work,2.5462918281555176,48258,84,1
1771375054.5528476,29_4,29,tpc_commit,2.0377085208892822,28795,84,1
1771375062.3424318,28_4,28,tpc_commit,7.80013370513916,28795,85,1
1771375066.5431006,28_4,28,tpc_commit,4.200661897659302,28795,85,1
1771374162.447544,30_0,30,tpc_lock,7.62410831451416,46549,10,1
1771374164.5417857,31_0,31,tpc_lock,7.805047988891602,46561,10,1
1771374166.5863094,30_0,30,tpc_lock,4.138756990432739,46549,10,1
1771374166.630777,31_0,31,tpc_lock,2.0889832973480225,46561,10,1
1771374178.6092155,30_0,30,das_work,9.573287725448608,48258,11,1
1771374178.651979,31_0,31,das_work,9.34961199760437,48258,11,1
1771374186.4287834,30_0,30,tpc_commit,7.819559335708618,28783,12,1
1771374188.6152098,31_0,31,tpc_commit,9.963212251663208,28795,12,1
1771374190.5880904,30_0,30,tpc_commit,4.15929651260376,28783,12,1
1771374190.6334538,31_0,31,tpc_commit,2.0182313919067383,28795,12,1
1771374198.459563,30_0,30,tpc_lock,6.609944820404053,46561,13,1
1771374200.6053886,31_0,31,tpc_lock,8.560879707336426,46561,13,1
1771374202.5872164,31_0,31,tpc_lock,1.981817960739136,46561,13,1
1771374202.6481595,30_0,30,tpc_lock,4.188587665557861,46561,13,1
1771374214.6171415,31_0,31,das_work,3.965481996536255,48258,14,1
1771374214.6237254,30_0,30,das_work,6.039245128631592,48258,14,1
1771374222.4483392,30_0,30,tpc_commit,7.824574947357178,28795,15,1
1771374224.6007955,31_0,31,tpc_commit,9.983644008636476,28795,15,1
1771374226.6674209,31_0,31,tpc_commit,2.066615343093872,28795,15,1
1771374226.6751523,30_0,30,tpc_commit,4.226801872253418,28795,15,1
1771374234.409948,30_0,30,tpc_lock,6.779412984848023,46561,16,1
1771374236.60865,31_0,31,tpc_lock,8.636168956756592,46561,16,1
1771374238.6595583,30_0,30,tpc_lock,4.24959921836853,46561,16,1
1771374238.6931417,31_0,31,tpc_lock,2.0844836235046387,46561,16,1
1771374250.6651025,30_0,30,das_work,2.377246618270874,48258,17,1
1771374250.6766837,31_0,31,das_work,3.5224051475524902,48258,17,1
1771374258.3790374,30_0,30,tpc_commit,7.713924407958984,28795,18,1
1771374260.6179876,31_0,31,tpc_commit,9.941294193267822,28795,18,1
1771374262.6348944,31_0,31,tpc_commit,2.016894817352295,28795,18,1
1771374262.653727,30_0,30,tpc_commit,4.274679183959961,28795,18,1
1771374270.401513,30_0,30,tpc_lock,5.874048709869385,46561,19,1
1771374272.580224,31_0,31,tpc_lock,9.43893051147461,46561,19,1
1771374274.6163166,31_0,31,tpc_lock,2.0360825061798096,46561,19,1
1771374274.7146482,30_0,30,tpc_lock,4.313124656677246,46561,19,1
1771374286.6536884,31_0,31,das_work,8.709399461746216,48258,20,1
1771374286.7022965,30_0,30,das_work,10.486636877059937,48258,20,1
1771374294.3737037,30_0,30,tpc_commit,7.671396493911743,28795,21,1
1771374296.6166718,31_0,31,tpc_commit,9.962970972061155,28795,21,1
1771374298.6050737,30_0,30,tpc_commit,4.23136305809021,28795,21,1
1771374298.657015,31_0,31,tpc_commit,2.040332317352295,28795,21,1
1771374306.3869338,30_0,30,tpc_lock,7.084616661071777,46549,22,1
1771374308.5880456,31_0,31,tpc_lock,9.24886679649353,46561,22,1
1771374310.6319408,31_0,31,tpc_lock,2.043883800506592,46561,22,1
1771374310.6943147,30_0,30,tpc_lock,4.307347297668457,46549,22,1
1771374322.649335,31_0,31,das_work,2.297098398208618,48258,23,1
1771374322.665383,30_0,30,das_work,9.2586190700531,48258,23,1
1771374330.3843293,30_0,30,tpc_commit,7.718935489654541,28783,24,1
1771374332.551515,31_0,31,tpc_commit,9.90217113494873,28795,24,1
1771374334.6030288,31_0,31,tpc_commit,2.0515053272247314,28795,24,1
1771374334.613469,30_0,30,tpc_commit,4.229130983352661,28783,24,1
1771374342.4382362,30_1,30,tpc_lock,7.092421054840088,46561,25,1
1771374344.5411797,31_1,31,tpc_lock,8.629770517349243,46561,25,1
1771374346.5981386,31_1,31,tpc_lock,2.056947469711304,46561,25,1
1771374346.5995252,30_1,30,tpc_lock,4.161279678344727,46561,25,1
1771374358.615628,31_1,31,das_work,10.477975130081177,48258,26,1
1771374358.6257613,30_1,30,das_work,7.123843193054199,48258,26,1
1771374366.4129262,30_1,30,tpc_commit,7.787153720855713,28795,27,1
1771374368.582711,31_1,31,tpc_commit,9.967073678970335,28795,27,1
1771374370.6220698,30_1,30,tpc_commit,4.20913553237915,28795,27,1
1771374370.6494262,31_1,31,tpc_commit,2.0667059421539307,28795,27,1
1771374378.368652,30_1,30,tpc_lock,6.179983615875244,46561,28,1
1771374380.5698748,31_1,31,tpc_lock,9.237532377243042,46561,28,1
1771374382.6200476,31_1,31,tpc_lock,2.050161600112915,46561,28,1
1771374382.6212697,30_1,30,tpc_lock,4.252611398696899,46561,28,1
1771374394.602693,31_1,31,das_work,3.9394493103027344,48258,29,1
1771374394.61036,30_1,30,das_work,5.395804166793823,48258,29,1
1771374402.3679862,30_1,30,tpc_commit,7.757615566253662,28795,30,1
1771374404.6044686,31_1,31,tpc_commit,10.001765012741089,28795,30,1
1771374406.654039,31_1,31,tpc_commit,2.0495622158050537,28795,30,1
1771374406.6696532,30_1,30,tpc_commit,4.301657676696777,28795,30,1
1771374414.412776,30_1,30,tpc_lock,6.686113834381104,46561,31,1
1771374416.5899785,31_1,31,tpc_lock,8.529184818267822,46561,31,1
1771374418.6396031,31_1,31,tpc_lock,2.049614906311035,46561,31,1
1771374418.644435,30_1,30,tpc_lock,4.2316505908966064,46561,31,1
1771374430.607932,30_1,30,das_work,9.677249431610107,48258,32,1
1771374430.6842804,31_1,31,das_work,6.78504490852356,48258,32,1
1771374438.415915,30_1,30,tpc_commit,7.807971477508545,28795,33,1
1771374440.573751,31_1,31,tpc_commit,9.889436721801758,28795,33,1
1771374442.6006973,31_1,31,tpc_commit,2.026935815811157,28795,33,1
1771374442.6828449,30_1,30,tpc_commit,4.266919136047363,28795,33,1
1771374450.3685484,30_1,30,tpc_lock,6.676477432250977,46561,34,1
1771374452.5524747,31_1,31,tpc_lock,8.32408618927002,46561,34,1
1771374454.6090355,31_1,31,tpc_lock,2.056553840637207,46561,34,1
1771374454.6236546,30_1,30,tpc_lock,4.255098819732666,46561,34,1
1771374466.5947573,31_1,31,das_work,7.893461465835571,48258,35,1
1771374466.5965157,30_1,30,das_work,5.335397243499756,48258,35,1
1771374474.3676808,30_1,30,tpc_commit,7.77115535736084,28795,36,1
1771374476.5367188,31_1,31,tpc_commit,9.941948413848875,28795,36,1
1771374478.59566,31_1,31,tpc_commit,2.058934211730957,28795,36,1
1771374478.6364956,30_1,30,tpc_commit,4.268762111663818,28795,36,1
1771374486.4250336,30_1,30,tpc_lock,6.57495903968811,46561,37,1
1771374488.5406497,31_1,31,tpc_lock,8.940331220626831,46549,37,1
1771374490.5935636,30_1,30,tpc_lock,4.168519735336304,46561,37,1
1771374490.6245265,31_1,31,tpc_lock,2.083867073059082,46549,37,1
1771374502.5872066,30_1,30,das_work,4.453606128692627,48258,38,1
1771374502.6063185,31_1,31,das_work,6.054211854934692,48258,38,1
1771374510.3817744,30_1,30,tpc_commit,7.794554948806763,28795,39,1
1771374512.5284853,31_1,31,tpc_commit,9.922157526016235,28783,39,1
1771374514.5844638,31_1,31,tpc_commit,2.055969476699829,28783,39,1
1771374514.5935273,30_1,30,tpc_commit,4.211743116378784,28795,39,1
1771374522.3584597,30_2,30,tpc_lock,6.568683385848999,46561,40,1
1771374524.5886948,31_2,31,tpc_lock,8.196176767349243,46561,40,1
1771374526.5867894,31_2,31,tpc_lock,1.9980874061584477,46561,40,1
1771374526.612664,30_2,30,tpc_lock,4.254196882247925,46561,40,1
1771374538.589229,30_2,30,das_work,5.042165994644165,48258,41,1
1771374538.6457243,31_2,31,das_work,3.5604398250579834,48258,41,1
1771374546.3581607,30_2,30,tpc_commit,7.768898010253906,28795,42,1
1771374548.5523658,31_2,31,tpc_commit,9.906630516052246,28795,42,1
1771374550.6534705,31_2,31,tpc_commit,2.1010913848876958,28795,42,1
1771374550.6558034,30_2,30,tpc_commit,4.29763388633728,28795,42,1
1771374558.3608477,30_2,30,tpc_lock,6.617377519607544,46561,43,1
1771374560.5165527,31_2,31,tpc_lock,9.289807796478271,46561,43,1
1771374562.59372,31_2,31,tpc_lock,2.077160358428955,46561,43,1
1771374562.6083343,30_2,30,tpc_lock,4.247480392456055,46561,43,1
1771374574.614863,31_2,31,das_work,2.4416756629943848,48258,44,1
1771374574.6454282,30_2,30,das_work,6.055152893066406,48258,44,1
1771374582.350944,30_2,30,tpc_commit,7.70550799369812,28795,45,1
1771374584.595447,31_2,31,tpc_commit,9.980573177337646,28795,45,1
1771374586.6206613,31_2,31,tpc_commit,2.025205612182617,28795,45,1
1771374586.63212,30_2,30,tpc_commit,4.2811689376831055,28795,45,1
1771374594.3844168,30_2,30,tpc_lock,6.288187980651856,46561,46,1
1771374596.558045,31_2,31,tpc_lock,9.431301355361938,46561,46,1
1771374598.5854,30_2,30,tpc_lock,4.200972557067871,46561,46,1
1771374598.592528,31_2,31,tpc_lock,2.034475326538086,46561,46,1
1771374610.589878,31_2,31,das_work,10.351426124572754,48258,47,1
1771374610.618119,30_2,30,das_work,9.017502069473268,48258,47,1
1771374618.37762,30_2,30,tpc_commit,7.759490966796875,28795,48,1
1771374620.5916393,31_2,31,tpc_commit,10.001752138137816,28795,48,1
1771374622.575132,30_2,30,tpc_commit,4.1975014209747314,28795,48,1
1771374622.651765,31_2,31,tpc_commit,2.060091257095337,28795,48,1
1771374630.348431,30_2,30,tpc_lock,6.25871729850769,46561,49,1
1771374632.5814514,31_2,31,tpc_lock,9.228417158126833,46561,49,1
1771374634.5837114,31_2,31,tpc_lock,2.00225043296814,46561,49,1
1771374634.6237557,30_2,30,tpc_lock,4.275314331054688,46561,49,1
1771374646.5777252,31_2,31,das_work,9.536234378814695,48258,50,1
1771374646.5950384,30_2,30,das_work,9.59650182723999,48258,50,1
1771374654.3631475,30_2,30,tpc_commit,7.768102169036865,28795,51,1
1771374656.589326,31_2,31,tpc_commit,10.011591911315918,28795,51,1
1771374658.582724,30_2,30,tpc_commit,4.219564199447632,28795,51,1
1771374658.6389782,31_2,31,tpc_commit,2.04964280128479,28795,51,1
1771374666.3697562,30_2,30,tpc_lock,5.878940582275391,46561,52,1
1771374668.534094,31_2,31,tpc_lock,8.027797222137451,46561,52,1
1771374670.579493,31_2,31,tpc_lock,2.045389413833618,46561,52,1
1771374670.6580844,30_2,30,tpc_lock,4.288319110870361,46561,52,1
1771374682.5825143,31_2,31,das_work,2.66957426071167,48258,53,1
1771374682.5882187,30_2,30,das_work,9.038170337677002,48258,53,1
1771374690.369545,30_2,30,tpc_commit,7.78131365776062,28795,54,1
1771374692.527172,31_2,31,tpc_commit,9.944647073745728,28795,54,1
1771374694.6171966,31_2,31,tpc_commit,2.090015411376953,28795,54,1
1771374694.636191,30_2,30,tpc_commit,4.266638517379761,28795,54,1
1771374702.376662,30_3,30,tpc_lock,6.378439426422119,46561,55,1
1771374704.5753489,31_3,31,tpc_lock,8.939690113067627,46549,55,1
1771374706.5979612,30_3,30,tpc_lock,4.221291303634644,46561,55,1
1771374706.6105888,31_3,31,tpc_lock,2.035230159759521,46549,55,1
1771374718.5699265,30_3,30,das_work,2.8539862632751465,48258,56,1
1771374718.57344,31_3,31,das_work,5.1422741413116455,48258,56,1
1771374726.346003,30_3,30,tpc_commit,7.7760655879974365,28795,57,1
1771374728.5167964,31_3,31,tpc_commit,9.9433491230011,28783,57,1
1771374730.5677097,30_3,30,tpc_commit,4.221697807312012,28795,57,1
1771374730.5787263,31_3,31,tpc_commit,2.061918258666992,28783,57,1
1771374738.358361,30_3,30,tpc_lock,6.165816783905029,46561,58,1
1771374740.5314066,31_3,31,tpc_lock,8.112818241119385,46561,58,1
1771374742.5717635,31_3,31,tpc_lock,2.040343761444092,46561,58,1
1771374742.5901437,30_3,30,tpc_lock,4.231771945953369,46561,58,1
1771374754.561044,31_3,31,das_work,2.2720675468444824,48258,59,1
1771374754.5623667,30_3,30,das_work,9.461193561553957,48258,59,1
1771374762.3993952,30_3,30,tpc_commit,7.837021589279175,28795,60,1
1771374764.5453713,31_3,31,tpc_commit,9.984318733215332,28795,60,1
1771374766.5754237,31_3,31,tpc_commit,2.030040979385376,28795,60,1
1771374766.6301062,30_3,30,tpc_commit,4.230702877044678,28795,60,1
1771374774.4073875,30_3,30,tpc_lock,6.974613428115845,46561,61,1
1771374776.5260053,31_3,31,tpc_lock,9.242246389389038,46561,61,1
1771374778.5786076,31_3,31,tpc_lock,2.0525927543640137,46561,61,1
1771374778.6010203,30_3,30,tpc_lock,4.193568468093872,46561,61,1
1771374790.5627546,30_3,30,das_work,4.387497425079346,48258,62,1
1771374790.615879,31_3,31,das_work,4.167548894882202,48258,62,1
1771374798.339905,30_3,30,tpc_commit,7.777143478393555,28795,63,1
1771374800.5015173,31_3,31,tpc_commit,9.8856303691864,28795,63,1
1771374802.566855,30_3,30,tpc_commit,4.226941823959351,28795,63,1
1771374802.608292,31_3,31,tpc_commit,2.1067662239074707,28795,63,1
1771374810.378914,30_3,30,tpc_lock,6.177908420562744,46561,64,1
1771374812.5675485,31_3,31,tpc_lock,8.613919734954834,46561,64,1
1771374814.5593092,30_3,30,tpc_lock,4.180382966995239,46561,64,1
1771374814.5795228,31_3,31,tpc_lock,2.011964797973633,46561,64,1
1771374826.5874825,30_3,30,das_work,8.86528754234314,48258,65,1
1771374826.6041255,31_3,31,das_work,7.467133522033691,48258,65,1
1771374834.3479464,30_3,30,tpc_commit,7.760454177856445,28795,66,1
1771374836.521686,31_3,31,tpc_commit,9.917550086975098,28795,66,1
1771374838.5784347,31_3,31,tpc_commit,2.056739091873169,28795,66,1
1771374838.6293817,30_3,30,tpc_commit,4.28142786026001,28795,66,1
1771374846.3306575,30_3,30,tpc_lock,6.375209331512451,46561,67,1
1771374848.511363,31_3,31,tpc_lock,9.35637354850769,46561,67,1
1771374850.5719028,31_3,31,tpc_lock,2.060528039932251,46561,67,1
1771374850.5726595,30_3,30,tpc_lock,4.241992473602295,46561,67,1
1771374862.5853057,30_3,30,das_work,9.214895486831663,48258,68,1
1771374862.621975,31_3,31,das_work,4.399599552154541,48258,68,1
1771374870.3494582,30_3,30,tpc_commit,7.764143228530884,28795,69,1
1771374872.5242448,31_3,31,tpc_commit,9.902259349822998,28795,69,1
1771374874.5562146,30_3,30,tpc_commit,4.206748723983765,28795,69,1
1771374874.624203,31_3,31,tpc_commit,2.099948644638061,28795,69,1
1771374882.3303294,30_4,30,tpc_lock,6.476598501205444,46561,70,1
1771374884.5067322,31_4,31,tpc_lock,8.594325065612793,46561,70,1
1771374886.556132,30_4,30,tpc_lock,4.225794315338135,46561,70,1
1771374886.6033933,31_4,31,tpc_lock,2.096652030944824,46561,70,1
1771374898.5852652,31_4,31,das_work,4.374288082122803,48258,71,1
1771374898.597945,30_4,30,das_work,9.9928560256958,48258,71,1
1771374906.3703036,30_4,30,tpc_commit,7.772346496582031,28795,72,1
1771374908.5114143,31_4,31,tpc_commit,9.926140308380129,28795,72,1
1771374910.5537477,31_4,31,tpc_commit,2.0423240661621094,28795,72,1
1771374910.5622675,30_4,30,tpc_commit,4.191956043243408,28795,72,1
1771374918.3274589,30_4,30,tpc_lock,6.778151512145996,46561,73,1
1771374920.5430815,31_4,31,tpc_lock,8.92008638381958,46561,73,1
1771374922.5530047,31_4,31,tpc_lock,2.009913921356201,46561,73,1
1771374922.6034606,30_4,30,tpc_lock,4.275992631912232,46561,73,1
1771374934.585153,30_4,30,das_work,3.776686668395996,48258,74,1
1771374934.5926516,31_4,31,das_work,5.308485507965088,48258,74,1
1771374942.3777194,30_4,30,tpc_commit,7.792558670043945,28795,75,1
1771374944.5191212,31_4,31,tpc_commit,9.926461458206177,28795,75,1
1771374946.5903835,30_4,30,tpc_commit,4.212653160095215,28795,75,1
1771374946.6344194,31_4,31,tpc_commit,2.115290880203247,28795,75,1
1771374954.3329294,30_4,30,tpc_lock,6.290106773376465,46561,76,1
1771374956.4867876,31_4,31,tpc_lock,8.422593116760254,46561,76,1
1771374958.56056,30_4,30,tpc_lock,4.227619171142578,46561,76,1
1771374958.6277795,31_4,31,tpc_lock,2.140984058380127,46561,76,1
1771374970.546838,30_4,30,das_work,7.986912965774536,48258,77,1
1771374970.5653553,31_4,31,das_work,10.257025718688965,48258,77,1
1771374978.3186655,30_4,30,tpc_commit,7.771820306777954,28795,78,1
1771374980.495181,31_4,31,tpc_commit,9.929816484451294,28795,78,1
1771374982.5733273,31_4,31,tpc_commit,2.078137159347534,28795,78,1
1771374982.6174684,30_4,30,tpc_commit,4.298794746398926,28795,78,1
1771374990.397117,30_4,30,tpc_lock,6.62859034538269,46561,79,1
1771374992.5545154,31_4,31,tpc_lock,8.775099992752075,46561,79,1
1771374994.5912604,30_4,30,tpc_lock,4.194134712219238,46561,79,1
1771374994.6019032,31_4,31,tpc_lock,2.047377347946167,46561,79,1
1771375006.5529492,30_4,30,das_work,7.771162986755371,48258,80,1
1771375006.598003,31_4,31,das_work,7.511106491088867,48258,80,1
1771375014.3603697,30_4,30,tpc_commit,7.807410717010498,28795,81,1
1771375016.5179503,31_4,31,tpc_commit,9.919939517974854,28795,81,1
1771375018.5595367,30_4,30,tpc_commit,4.199158668518066,28795,81,1
1771375018.622288,31_4,31,tpc_commit,2.104328393936157,28795,81,1
1771375026.335985,30_4,30,tpc_lock,6.90377402305603,46561,82,1
1771375028.5108228,31_4,31,tpc_lock,8.945661544799805,46561,82,1
1771375030.5524316,31_4,31,tpc_lock,2.0415992736816406,46561,82,1
1771375030.5561454,30_4,30,tpc_lock,4.220150470733643,46561,82,1
1771375042.5587466,31_4,31,das_work,10.452519416809082,48258,83,1
1771375042.5719,30_4,30,das_work,10.308884620666504,48258,83,1
1771375050.3115485,30_4,30,tpc_commit,7.739420413970947,28795,84,1
1771375052.550329,31_4,31,tpc_commit,9.99157214164734,28795,84,1
1771375054.5706549,31_4,31,tpc_commit,2.020315408706665,28795,84,1
1771375054.5887666,30_4,30,tpc_commit,4.277209043502808,28795,84,1
1771374162.3981173,32_0,32,tpc_lock,4.5532286167144775,46561,10,1
1771374166.6395838,32_0,32,tpc_lock,4.241459369659424,46561,10,1
1771374176.5648198,33_0,33,tpc_lock,8.546370267868042,46561,11,1
1771374178.5736833,33_0,33,tpc_lock,2.008857011795044,46561,11,1
1771374178.654336,32_0,32,das_work,6.184353113174439,48258,11,1
1771374186.375529,32_0,32,tpc_commit,7.721181631088257,28795,12,1
1771374190.62003,32_0,32,tpc_commit,4.2444908618927,28795,12,1
1771374190.650338,33_0,33,das_work,2.2914090156555176,48258,12,1
1771374198.3840427,32_0,32,tpc_lock,6.455036401748657,46561,13,1
1771374200.630213,33_0,33,tpc_commit,9.979865074157717,28795,13,1
1771374202.5856214,32_0,32,tpc_lock,4.201567888259888,46561,13,1
1771374202.586374,33_0,33,tpc_commit,1.9561517238616943,28795,13,1
1771374212.542493,33_0,33,tpc_lock,8.545628309249878,46549,14,1
1771374214.620325,32_0,32,das_work,10.90011978149414,48258,14,1
1771374214.6400342,33_0,33,tpc_lock,2.097533226013184,46549,14,1
1771374222.388301,32_0,32,tpc_commit,7.767963171005249,28795,15,1
1771374226.6627553,32_0,32,tpc_commit,4.274448156356812,28795,15,1
1771374226.6741009,33_0,33,das_work,8.491207122802734,48258,15,1
1771374234.4379995,32_0,32,tpc_lock,6.588241100311279,46561,16,1
1771374236.605441,33_0,33,tpc_commit,9.931329250335692,28783,16,1
1771374238.6799605,32_0,32,tpc_lock,4.241949081420898,46561,16,1
1771374238.719699,33_0,33,tpc_commit,2.114248514175415,28783,16,1
1771374248.5590584,33_0,33,tpc_lock,9.146885633468628,46561,17,1
1771374250.610573,32_0,32,das_work,2.0662238597869877,48258,17,1
1771374250.6751618,33_0,33,tpc_lock,2.116093158721924,46561,17,1
1771374258.381467,32_0,32,tpc_commit,7.770884990692139,28795,18,1
1771374262.6226866,32_0,32,tpc_commit,4.241209983825684,28795,18,1
1771374262.7088912,33_0,33,das_work,9.515987634658812,48258,18,1
1771374270.410741,32_0,32,tpc_lock,6.603899717330933,46561,19,1
1771374272.5582955,33_0,33,tpc_commit,9.849393129348757,28795,19,1
1771374274.695681,33_0,33,tpc_commit,2.1373775005340576,28795,19,1
1771374274.6971571,32_0,32,tpc_lock,4.286407232284546,46561,19,1
1771374284.6172712,33_0,33,tpc_lock,8.843488693237305,46549,20,1
1771374286.6599033,33_0,33,tpc_lock,2.042619228363037,46549,20,1
1771374286.6611762,32_0,32,das_work,9.211787462234495,48258,20,1
1771374294.4505613,32_0,32,tpc_commit,7.789374113082886,28795,21,1
1771374298.6565492,32_0,32,tpc_commit,4.205976963043213,28795,21,1
1771374298.691851,33_0,33,das_work,7.584439516067505,48258,21,1
1771374306.3772757,32_0,32,tpc_lock,6.085927963256836,46561,22,1
1771374308.6015787,33_0,33,tpc_commit,9.90971851348877,28783,22,1
1771374310.6647294,33_0,33,tpc_commit,2.063140153884888,28783,22,1
1771374310.6880524,32_0,32,tpc_lock,4.31076717376709,46561,22,1
1771374320.598581,33_0,33,tpc_lock,9.045908212661743,46549,23,1
1771374322.6261156,32_0,32,das_work,9.553802967071531,48258,23,1
1771374322.633414,33_0,33,tpc_lock,2.034822702407837,46549,23,1
1771374330.3716204,32_0,32,tpc_commit,7.74549388885498,28795,24,1
1771374334.6068294,32_0,32,tpc_commit,4.235198974609375,28795,24,1
1771374334.6269686,33_0,33,das_work,2.201249837875366,48258,24,1
1771374342.3886137,32_1,32,tpc_lock,5.860245704650879,46561,25,1
1771374344.5561583,33_0,33,tpc_commit,9.929179430007936,28783,25,1
1771374346.598349,33_0,33,tpc_commit,2.042179107666016,28783,25,1
1771374346.6870697,32_1,32,tpc_lock,4.298449277877808,46561,25,1
1771374356.5827875,33_1,33,tpc_lock,9.443073272705078,46561,26,1
1771374358.605392,33_1,33,tpc_lock,2.022596597671509,46561,26,1
1771374358.625868,32_1,32,das_work,2.371399164199829,48258,26,1
1771374366.4022274,32_1,32,tpc_commit,7.776347637176514,28795,27,1
1771374370.6056635,32_1,32,tpc_commit,4.203407526016235,28795,27,1
1771374370.6810749,33_1,33,das_work,3.835669040679932,48258,27,1
1771374378.3681014,32_1,32,tpc_lock,7.096473932266235,46561,28,1
1771374380.598205,33_1,33,tpc_commit,9.917122602462769,28795,28,1
1771374382.6852732,33_1,33,tpc_commit,2.0870583057403564,28795,28,1
1771374382.7123036,32_1,32,tpc_lock,4.344194889068604,46561,28,1
1771374392.579677,33_1,33,tpc_lock,8.836794376373291,46561,29,1
1771374394.676365,32_1,32,das_work,2.9975008964538574,48258,29,1
1771374394.6881638,33_1,33,tpc_lock,2.1084744930267334,46561,29,1
1771374402.4382076,32_1,32,tpc_commit,7.76183271408081,28795,30,1
1771374406.6046247,32_1,32,tpc_commit,4.166406393051148,28795,30,1
1771374406.6728363,33_1,33,das_work,4.724624633789063,48258,30,1
1771374414.380977,32_1,32,tpc_lock,5.978867292404175,46561,31,1
1771374416.5719635,33_1,33,tpc_commit,9.899115085601808,28795,31,1
1771374418.6054957,32_1,32,tpc_lock,4.22450852394104,46561,31,1
1771374418.607555,33_1,33,tpc_commit,2.035581111907959,28795,31,1
1771374428.5625162,33_1,33,tpc_lock,8.610861778259277,46561,32,1
1771374430.624673,32_1,32,das_work,4.877918481826782,48258,32,1
1771374430.6343868,33_1,33,tpc_lock,2.071859359741211,46561,32,1
1771374438.396208,32_1,32,tpc_commit,7.771525382995605,28795,33,1
1771374442.6541128,32_1,32,tpc_commit,4.257894277572632,28795,33,1
1771374442.6646595,33_1,33,das_work,5.085953235626221,48258,33,1
1771374450.372429,32_1,32,tpc_lock,6.917587041854858,46561,34,1
1771374452.5345433,33_1,33,tpc_commit,9.86987328529358,28795,34,1
1771374454.600242,32_1,32,tpc_lock,4.227804660797119,46561,34,1
1771374454.628256,33_1,33,tpc_commit,2.093701124191284,28795,34,1
1771374464.5529044,33_1,33,tpc_lock,8.92876148223877,46561,35,1
1771374466.5905955,32_1,32,das_work,10.439509868621826,48258,35,1
1771374466.603692,33_1,33,tpc_lock,2.0507774353027344,46561,35,1
1771374474.4310346,32_1,32,tpc_commit,7.840429782867432,28795,36,1
1771374478.602375,32_1,32,tpc_commit,4.171333074569702,28795,36,1
1771374478.6328216,33_1,33,das_work,6.650283336639404,48258,36,1
1771374486.4107797,32_1,32,tpc_lock,6.807272672653198,46561,37,1
1771374488.5687604,33_1,33,tpc_commit,9.935929775238035,28795,37,1
1771374490.6151958,33_1,33,tpc_commit,2.0464258193969727,28795,37,1
1771374490.6196198,32_1,32,tpc_lock,4.208796977996826,46561,37,1
1771374500.5298474,33_1,33,tpc_lock,8.234512329101562,46561,38,1
1771374502.5845697,32_1,32,das_work,4.569295644760132,48258,38,1
1771374502.6034043,33_1,33,tpc_lock,2.0735230445861816,46561,38,1
1771374510.3934915,32_1,32,tpc_commit,7.808912515640259,28795,39,1
1771374514.62261,32_1,32,tpc_commit,4.2291100025177,28795,39,1
1771374514.6480076,33_1,33,das_work,9.945674419403076,48258,39,1
1771374522.4214487,32_2,32,tpc_lock,7.074407577514648,46561,40,1
1771374524.5343318,33_1,33,tpc_commit,9.886316299438477,28795,40,1
1771374526.6530964,32_2,32,tpc_lock,4.231637477874756,46561,40,1
1771374526.654128,33_1,33,tpc_commit,2.119786262512207,28795,40,1
1771374536.5250626,33_2,33,tpc_lock,8.028131008148193,46549,41,1
1771374538.5847824,33_2,33,tpc_lock,2.059709072113037,46549,41,1
1771374538.58681,32_2,32,das_work,10.770405769348145,48258,41,1
1771374546.424228,32_2,32,tpc_commit,7.83740758895874,28795,42,1
1771374550.5866675,32_2,32,tpc_commit,4.162432670593262,28795,42,1
1771374550.6224852,33_2,33,das_work,3.389547824859619,48258,42,1
1771374558.4324453,32_2,32,tpc_lock,6.256426811218262,46561,43,1
1771374560.5165708,33_2,33,tpc_commit,9.894076108932495,28783,43,1
1771374562.5878456,33_2,33,tpc_commit,2.071249723434448,28783,43,1
1771374562.6729262,32_2,32,tpc_lock,4.240468978881836,46561,43,1
1771374572.530559,33_2,33,tpc_lock,9.2251455783844,46561,44,1
1771374574.6079774,32_2,32,das_work,9.898029804229736,48258,44,1
1771374574.6113656,33_2,33,tpc_lock,2.080798387527466,46561,44,1
1771374582.361931,32_2,32,tpc_commit,7.753945827484131,28795,45,1
1771374586.5987165,32_2,32,tpc_commit,4.236776828765869,28795,45,1
1771374586.639267,33_2,33,das_work,7.6670982837677,48258,45,1
1771374594.4066718,32_2,32,tpc_lock,5.961771965026856,46561,46,1
1771374596.5373025,33_2,33,tpc_commit,9.898024320602415,28795,46,1
1771374598.593671,33_2,33,tpc_commit,2.056360244750977,28795,46,1
1771374598.6095676,32_2,32,tpc_lock,4.202887296676636,46561,46,1
1771374608.556727,33_2,33,tpc_lock,8.118780851364136,46561,47,1
1771374610.586207,32_2,32,das_work,2.4256832599639893,48258,47,1
1771374610.636532,33_2,33,tpc_lock,2.079794406890869,46561,47,1
1771374618.3476255,32_2,32,tpc_commit,7.761409282684326,28795,48,1
1771374622.5726178,32_2,32,tpc_commit,4.2249839305877686,28795,48,1
1771374622.5773888,33_2,33,das_work,5.702980041503906,48258,48,1
1771374630.4092822,32_2,32,tpc_lock,6.791149377822876,46561,49,1
1771374632.5181894,33_2,33,tpc_commit,9.940793991088867,28795,49,1
1771374634.5729015,32_2,32,tpc_lock,4.163608312606812,46561,49,1
1771374634.6416235,33_2,33,tpc_commit,2.1234242916107178,28795,49,1
1771374644.51659,33_2,33,tpc_lock,9.15450930595398,46549,50,1
1771374646.5721378,32_2,32,das_work,5.425205230712891,48258,50,1
1771374646.6389835,33_2,33,tpc_lock,2.122385025024414,46549,50,1
1771374654.4024043,32_2,32,tpc_commit,7.830257654190063,28795,51,1
1771374658.580569,32_2,32,tpc_commit,4.178154230117798,28795,51,1
1771374658.639336,33_2,33,das_work,3.758371591567993,48258,51,1
1771374666.4226732,32_2,32,tpc_lock,6.897410869598389,46561,52,1
1771374668.533588,33_2,33,tpc_commit,9.894158363342283,28783,52,1
1771374670.5804863,33_2,33,tpc_commit,2.0468881130218506,28783,52,1
1771374670.5864427,32_2,32,tpc_lock,4.163759708404541,46561,52,1
1771374680.5634956,33_2,33,tpc_lock,9.029200553894045,46561,53,1
1771374682.6268666,32_2,32,das_work,10.04612159729004,48258,53,1
1771374682.6601343,33_2,33,tpc_lock,2.096627950668335,46561,53,1
1771374690.3774176,32_2,32,tpc_commit,7.750540018081665,28795,54,1
1771374694.5698454,32_2,32,tpc_commit,4.192419052124023,28795,54,1
1771374694.5952966,33_2,33,das_work,3.3711369037628174,48258,54,1
1771374702.4229782,32_3,32,tpc_lock,5.876468896865845,46561,55,1
1771374704.533552,33_2,33,tpc_commit,9.938245058059692,28795,55,1
1771374706.5862434,32_3,32,tpc_lock,4.163252592086792,46561,55,1
1771374706.621695,33_2,33,tpc_commit,2.08813214302063,28795,55,1
1771374716.5021894,33_3,33,tpc_lock,8.73390007019043,46561,56,1
1771374718.5663755,32_3,32,das_work,2.677565813064575,48258,56,1
1771374718.6187987,33_3,33,tpc_lock,2.11660099029541,46561,56,1
1771374726.408263,32_3,32,tpc_commit,7.841880083084106,28795,57,1
1771374730.575076,32_3,32,tpc_commit,4.166804790496826,28795,57,1
1771374730.6031845,33_3,33,das_work,8.764370441436768,48258,57,1
1771374738.3400428,32_3,32,tpc_lock,5.8595871925354,46561,58,1
1771374740.5038474,33_3,33,tpc_commit,9.900654315948486,28795,58,1
1771374742.6341696,33_3,33,tpc_commit,2.130313873291016,28795,58,1
1771374742.6553988,32_3,32,tpc_lock,4.3153486251831055,46561,58,1
1771374752.5300937,33_3,33,tpc_lock,9.142605066299438,46561,59,1
1771374754.578997,33_3,33,tpc_lock,2.048893451690674,46561,59,1
1771374754.6221168,32_3,32,das_work,7.273748874664307,48258,59,1
1771374762.3666494,32_3,32,tpc_commit,7.744521141052246,28795,60,1
1771374766.5706837,32_3,32,tpc_commit,4.204024076461792,28795,60,1
1771374766.580135,33_3,33,das_work,5.979629993438721,48258,60,1
1771374774.335843,32_3,32,tpc_lock,6.58921480178833,46561,61,1
1771374776.5130315,33_3,33,tpc_commit,9.9328875541687,28795,61,1
1771374778.5743084,33_3,33,tpc_commit,2.061265468597412,28795,61,1
1771374778.6012394,32_3,32,tpc_lock,4.265389680862427,46561,61,1
1771374788.5060875,33_3,33,tpc_lock,8.118613958358765,46561,62,1
1771374790.5698414,33_3,33,tpc_lock,2.0637450218200684,46561,62,1
1771374790.638734,32_3,32,das_work,2.5578155517578125,48258,62,1
1771374798.3576565,32_3,32,tpc_commit,7.7189130783081055,28795,63,1
1771374802.562312,32_3,32,tpc_commit,4.204645872116089,28795,63,1
1771374802.5972548,33_3,33,das_work,6.637804746627808,48258,63,1
1771374810.392775,32_3,32,tpc_lock,5.953053712844849,46561,64,1
1771374812.507886,33_3,33,tpc_commit,9.910618782043455,28795,64,1
1771374814.5728445,33_3,33,tpc_commit,2.0649516582489014,28795,64,1
1771374814.587005,32_3,32,tpc_lock,4.194221019744873,46561,64,1
1771374824.5053215,33_3,33,tpc_lock,7.992518663406372,46561,65,1
1771374826.6024442,33_3,33,tpc_lock,2.097114324569702,46561,65,1
1771374826.6120098,32_3,32,das_work,7.068660259246826,48258,65,1
1771374834.3530731,32_3,32,tpc_commit,7.741053819656372,28795,66,1
1771374838.618296,32_3,32,tpc_commit,4.265211343765259,28795,66,1
1771374838.6289766,33_3,33,das_work,2.077420473098755,48258,66,1
1771374846.361462,32_3,32,tpc_lock,7.095542907714844,46549,67,1
1771374848.5119088,33_3,33,tpc_commit,9.882922649383543,28795,67,1
1771374850.5700312,32_3,32,tpc_lock,4.208558082580566,46549,67,1
1771374850.5771255,33_3,33,tpc_commit,2.0652074813842773,28795,67,1
1771374860.5274408,33_3,33,tpc_lock,9.036353826522827,46561,68,1
1771374862.5627966,32_3,32,das_work,4.723771095275879,48258,68,1
1771374862.575461,33_3,33,tpc_lock,2.048007011413574,46561,68,1
1771374870.3556287,32_3,32,tpc_commit,7.792821884155273,28783,69,1
1771374874.557877,32_3,32,tpc_commit,4.202238321304321,28783,69,1
1771374874.623322,33_3,33,das_work,6.99449610710144,48258,69,1
1771374882.3307376,32_4,32,tpc_lock,6.773484468460083,46561,70,1
1771374884.4963508,33_3,33,tpc_commit,9.873018741607666,28795,70,1
1771374886.6184516,33_3,33,tpc_commit,2.1220898628234863,28795,70,1
1771374886.6197226,32_4,32,tpc_lock,4.288977384567261,46561,70,1
1771374896.5101576,33_4,33,tpc_lock,8.830247402191162,46561,71,1
1771374898.56143,33_4,33,tpc_lock,2.051259994506836,46561,71,1
1771374898.5952673,32_4,32,das_work,4.694780111312866,48258,71,1
1771374906.3644383,32_4,32,tpc_commit,7.769158363342285,28795,72,1
1771374910.556213,33_4,33,das_work,9.798507452011108,48258,72,1
1771374910.582725,32_4,32,tpc_commit,4.218278169631958,28795,72,1
1771374918.398805,32_4,32,tpc_lock,5.947444915771484,46549,73,1
1771374920.542197,33_4,33,tpc_commit,9.9859721660614,28795,73,1
1771374922.562903,33_4,33,tpc_commit,2.0206942558288574,28795,73,1
1771374922.563026,32_4,32,tpc_lock,4.164211273193359,46549,73,1
1771374932.493377,33_4,33,tpc_lock,9.1247456073761,46561,74,1
1771374934.5581746,33_4,33,tpc_lock,2.0647897720336914,46561,74,1
1771374934.5697894,32_4,32,das_work,9.22101068496704,48258,74,1
1771374942.402986,32_4,32,tpc_commit,7.833185911178589,28783,75,1
1771374946.5846636,33_4,33,das_work,5.721282958984375,48258,75,1
1771374946.6116486,32_4,32,tpc_commit,4.20865273475647,28783,75,1
1771374954.3865037,32_4,32,tpc_lock,6.358364820480347,46561,76,1
1771374956.4858265,33_4,33,tpc_commit,9.901152849197388,28795,76,1
1771374958.5633426,32_4,32,tpc_lock,4.176828861236572,46561,76,1
1771374958.6297834,33_4,33,tpc_commit,2.143948793411255,28795,76,1
1771374968.5269504,33_4,33,tpc_lock,9.03213667869568,46561,77,1
1771374970.5744803,33_4,33,tpc_lock,2.047520160675049,46561,77,1
1771374970.6202805,32_4,32,das_work,5.867080450057983,48258,77,1
1771374978.341303,32_4,32,tpc_commit,7.721012830734253,28795,78,1
1771374982.5568554,32_4,32,tpc_commit,4.215542554855347,28795,78,1
1771374982.623878,33_4,33,das_work,5.546758413314819,48258,78,1
1771374990.3205411,32_4,32,tpc_lock,6.8683483600616455,46561,79,1
1771374992.5063384,33_4,33,tpc_commit,9.882449388504028,28795,79,1
1771374994.5510397,32_4,32,tpc_lock,4.230486631393433,46561,79,1
1771374994.598133,33_4,33,tpc_commit,2.0917863845825195,28795,79,1
1771375004.522394,33_4,33,tpc_lock,8.130861043930054,46549,80,1
1771375006.5637732,32_4,32,das_work,2.075232982635498,48258,80,1
1771375006.5795014,33_4,33,tpc_lock,2.0570952892303467,46549,80,1
1771375014.3600998,32_4,32,tpc_commit,7.796318292617798,28795,81,1
1771375018.5579348,33_4,33,das_work,8.580594062805176,48258,81,1
1771375018.5707495,32_4,32,tpc_commit,4.210641384124756,28795,81,1
1771375026.376503,32_4,32,tpc_lock,6.192897796630859,46561,82,1
1771375028.4810362,33_4,33,tpc_commit,9.92309069633484,28783,82,1
1771375030.5948057,32_4,32,tpc_lock,4.218291759490967,46561,82,1
1771375030.6300287,33_4,33,tpc_commit,2.1489851474761963,28783,82,1
1771375040.5365338,33_4,33,tpc_lock,8.534616708755493,46561,83,1
1771375042.563819,33_4,33,tpc_lock,2.027167320251465,46561,83,1
1771375042.565227,32_4,32,das_work,8.598146677017212,48258,83,1
1771375050.3644135,32_4,32,tpc_commit,7.799177408218384,28795,84,1
1771375054.5371327,32_4,32,tpc_commit,4.172707557678223,28795,84,1
1771375054.5611863,33_4,33,das_work,3.815673112869263,48258,84,1
1771375064.4739296,33_4,33,tpc_commit,9.912734031677246,28795,85,1
1771375066.58102,33_4,33,tpc_commit,2.107079267501831,28795,85,1
1771374164.60726,35_0,35,tpc_lock,3.224130868911743,46561,10,1
1771374166.6045544,35_0,35,tpc_lock,1.9972848892211916,46561,10,1
1771374174.455492,34_0,34,tpc_lock,9.340896844863892,46561,11,1
1771374178.645911,35_0,35,das_work,9.70333981513977,48258,11,1
1771374178.6467462,34_0,34,tpc_lock,4.191246032714844,46561,11,1
1771374188.6159654,35_0,35,tpc_commit,9.970044374465942,28795,12,1
1771374190.5850189,34_0,34,das_work,4.999342203140259,48258,12,1
1771374190.5859134,35_0,35,tpc_commit,1.9699299335479736,28795,12,1
1771374198.4464223,34_0,34,tpc_commit,7.861394882202148,28795,13,1
1771374200.6281545,35_0,35,tpc_lock,8.525309324264526,46561,13,1
1771374202.5880466,35_0,35,tpc_lock,1.959880352020264,46561,13,1
1771374202.62263,34_0,34,tpc_commit,4.176194667816162,28795,13,1
1771374210.4502656,34_0,34,tpc_lock,7.08565878868103,46561,14,1
1771374214.6231089,34_0,34,tpc_lock,4.172835826873779,46561,14,1
1771374214.6347706,35_0,35,das_work,5.301911115646362,48258,14,1
1771374224.571504,35_0,35,tpc_commit,9.936724424362184,28795,15,1
1771374226.629528,34_0,34,das_work,9.14795708656311,48258,15,1
1771374226.661764,35_0,35,tpc_commit,2.09024977684021,28795,15,1
1771374234.4527285,34_0,34,tpc_commit,7.823190927505493,28795,16,1
1771374236.571521,35_0,35,tpc_lock,8.532787799835205,46561,16,1
1771374238.6372316,35_0,35,tpc_lock,2.0656983852386475,46561,16,1
1771374238.7128897,34_0,34,tpc_commit,4.260151624679565,28795,16,1
1771374246.386717,34_0,34,tpc_lock,6.107237339019775,46561,17,1
1771374250.6404786,35_0,35,das_work,7.695764541625977,48258,17,1
1771374250.6419866,34_0,34,tpc_lock,4.2552573680877686,46561,17,1
1771374260.553887,35_0,35,tpc_commit,9.91339874267578,28795,18,1
1771374262.653699,35_0,35,tpc_commit,2.0998010635375977,28795,18,1
1771374262.657171,34_0,34,das_work,2.3238296508789062,48258,18,1
1771374270.455686,34_0,34,tpc_commit,7.798502683639526,28795,19,1
1771374272.544398,35_0,35,tpc_lock,9.275038003921509,46549,19,1
1771374274.6120005,35_0,35,tpc_lock,2.067591667175293,46549,19,1
1771374274.7039137,34_0,34,tpc_commit,4.248218536376953,28795,19,1
1771374282.440399,34_0,34,tpc_lock,7.115107297897339,46561,20,1
1771374286.6088798,35_0,35,das_work,5.462486028671265,48258,20,1
1771374286.695771,34_0,34,tpc_lock,4.255362272262573,46561,20,1
1771374296.5455248,35_0,35,tpc_commit,9.936635732650757,28783,21,1
1771374298.5980573,35_0,35,tpc_commit,2.0525238513946533,28783,21,1
1771374298.6622653,34_0,34,das_work,3.116997718811035,48258,21,1
1771374306.3927138,34_0,34,tpc_commit,7.730437994003296,28795,22,1
1771374308.5387807,35_0,35,tpc_lock,8.053395509719849,46561,22,1
1771374310.6452394,34_0,34,tpc_commit,4.252516984939575,28795,22,1
1771374310.666747,35_0,35,tpc_lock,2.1279566287994385,46561,22,1
1771374318.381336,34_0,34,tpc_lock,7.095593452453613,46561,23,1
1771374322.629324,34_0,34,tpc_lock,4.247980833053589,46561,23,1
1771374322.6471922,35_0,35,das_work,8.901171445846558,48258,23,1
1771374332.596763,35_0,35,tpc_commit,9.949560642242432,28795,24,1
1771374334.6030777,35_0,35,tpc_commit,2.006303071975708,28795,24,1
1771374334.653442,34_0,34,das_work,2.649601459503174,48258,24,1
1771374342.4453676,34_0,34,tpc_commit,7.791916131973267,28795,25,1
1771374344.5613554,35_1,35,tpc_lock,8.521244287490845,46561,25,1
1771374346.6016393,34_0,34,tpc_commit,4.15626335144043,28795,25,1
1771374346.6119578,35_1,35,tpc_lock,2.050590991973877,46561,25,1
1771374354.3779848,34_1,34,tpc_lock,6.511677265167236,46561,26,1
1771374358.605382,35_1,35,das_work,10.07099461555481,48258,26,1
1771374358.629918,34_1,34,tpc_lock,4.251921653747559,46561,26,1
1771374368.5524845,35_1,35,tpc_commit,9.947091102600098,28795,27,1
1771374370.618957,35_1,35,tpc_commit,2.0664613246917725,28795,27,1
1771374370.6450305,34_1,34,das_work,7.919289112091064,48258,27,1
1771374378.366328,34_1,34,tpc_commit,7.721287965774536,28795,28,1
1771374380.5705771,35_1,35,tpc_lock,9.362138509750366,46561,28,1
1771374382.654362,35_1,35,tpc_lock,2.083773612976074,46561,28,1
1771374382.7139566,34_1,34,tpc_commit,4.347620964050293,28795,28,1
1771374390.4405282,34_1,34,tpc_lock,7.19015908241272,46561,29,1
1771374394.61419,35_1,35,das_work,4.321957111358643,48258,29,1
1771374394.6579828,34_1,34,tpc_lock,4.217446565628052,46561,29,1
1771374404.5353694,35_1,35,tpc_commit,9.921077966690063,28795,30,1
1771374406.6084356,34_1,34,das_work,9.199016332626345,48258,30,1
1771374406.652822,35_1,35,tpc_commit,2.1174445152282715,28795,30,1
1771374414.4229915,34_1,34,tpc_commit,7.814546346664429,28795,31,1
1771374416.5710478,35_1,35,tpc_lock,8.254678010940552,46561,31,1
1771374418.5979047,35_1,35,tpc_lock,2.0268471240997314,46561,31,1
1771374418.6165855,34_1,34,tpc_commit,4.193586826324463,28795,31,1
1771374426.3704798,34_1,34,tpc_lock,5.886759042739868,46561,32,1
1771374430.608496,35_1,35,das_work,7.412075519561768,48258,32,1
1771374430.6790783,34_1,34,tpc_lock,4.3085877895355225,46561,32,1
1771374440.5394485,35_1,35,tpc_commit,9.930942296981812,28795,33,1
1771374442.6004703,34_1,34,das_work,5.201927423477173,48258,33,1
1771374442.6897624,35_1,35,tpc_commit,2.150305986404419,28795,33,1
1771374450.4060163,34_1,34,tpc_commit,7.805537223815918,28795,34,1
1771374452.5486517,35_1,35,tpc_lock,9.035620927810667,46561,34,1
1771374454.6008198,34_1,34,tpc_commit,4.194795370101929,28795,34,1
1771374454.605235,35_1,35,tpc_lock,2.0565733909606934,46561,34,1
1771374462.433106,34_1,34,tpc_lock,5.856293201446533,46561,35,1
1771374466.5977068,35_1,35,das_work,7.871179103851318,48258,35,1
1771374466.6347969,34_1,34,tpc_lock,4.201678991317749,46561,35,1
1771374476.527579,35_1,35,tpc_commit,9.929864406585692,28795,36,1
1771374478.6052575,34_1,34,das_work,10.22383975982666,48258,36,1
1771374478.626196,35_1,35,tpc_commit,2.098609685897827,28795,36,1
1771374486.3930285,34_1,34,tpc_commit,7.787763118743896,28795,37,1
1771374488.5961828,35_1,35,tpc_lock,8.222493886947632,46561,37,1
1771374490.5903106,34_1,34,tpc_commit,4.197268486022949,28795,37,1
1771374490.6426952,35_1,35,tpc_lock,2.0465028285980225,46561,37,1
1771374498.429621,34_1,34,tpc_lock,6.979539155960083,46561,38,1
1771374502.6122153,35_1,35,das_work,10.345990896224976,48258,38,1
1771374502.6393569,34_1,34,tpc_lock,4.2097249031066895,46561,38,1
1771374512.5610082,35_1,35,tpc_commit,9.948779344558716,28795,39,1
1771374514.5827577,35_1,35,tpc_commit,2.0217390060424805,28795,39,1
1771374514.5855937,34_1,34,das_work,6.916499137878418,48258,39,1
1771374522.3770902,34_1,34,tpc_commit,7.791484832763672,28795,40,1
1771374524.5509703,35_2,35,tpc_lock,8.009434223175049,46549,40,1
1771374526.6090596,35_2,35,tpc_lock,2.0580801963806152,46549,40,1
1771374526.6310349,34_1,34,tpc_commit,4.2539355754852295,28795,40,1
1771374534.44279,34_2,34,tpc_lock,6.678677082061768,46561,41,1
1771374538.6273792,35_2,35,das_work,8.60783338546753,48258,41,1
1771374538.6415164,34_2,34,tpc_lock,4.198716402053833,46561,41,1
1771374548.549477,35_2,35,tpc_commit,9.922086238861084,28783,42,1
1771374550.6298854,35_2,35,tpc_commit,2.080397844314575,28783,42,1
1771374550.6455765,34_2,34,das_work,3.2950267791748047,48258,42,1
1771374558.3970594,34_2,34,tpc_commit,7.75147271156311,28795,43,1
1771374560.5178998,35_2,35,tpc_lock,8.428088665008545,46561,43,1
1771374562.588098,35_2,35,tpc_lock,2.0701889991760254,46561,43,1
1771374562.5929484,34_2,34,tpc_commit,4.195878505706787,28795,43,1
1771374570.354186,34_2,34,tpc_lock,7.096881628036499,46561,44,1
1771374574.5820866,34_2,34,tpc_lock,4.227892160415649,46561,44,1
1771374574.5839362,35_2,35,das_work,2.8469953536987305,48258,44,1
1771374584.5703268,35_2,35,tpc_commit,9.986382961273192,28795,45,1
1771374586.6002932,34_2,34,das_work,7.880961179733276,48258,45,1
1771374586.61023,35_2,35,tpc_commit,2.039893865585327,28795,45,1
1771374594.3864532,34_2,34,tpc_commit,7.786148309707642,28795,46,1
1771374596.5916915,35_2,35,tpc_lock,8.946037769317627,46561,46,1
1771374598.5854695,34_2,34,tpc_commit,4.199005365371704,28795,46,1
1771374598.6198986,35_2,35,tpc_lock,2.028196096420288,46561,46,1
1771374606.3507297,34_2,34,tpc_lock,6.884379863739014,46549,47,1
1771374610.5817716,34_2,34,tpc_lock,4.231032848358154,46549,47,1
1771374610.643531,35_2,35,das_work,2.240818738937378,48258,47,1
1771374620.5225062,35_2,35,tpc_commit,9.878964185714722,28795,48,1
1771374622.582942,35_2,35,tpc_commit,2.0604286193847656,28795,48,1
1771374622.6417592,34_2,34,das_work,5.668626070022583,48258,48,1
1771374630.4294207,34_2,34,tpc_commit,7.78765058517456,28783,49,1
1771374632.5743778,35_2,35,tpc_lock,8.23379111289978,46549,49,1
1771374634.5928037,35_2,35,tpc_lock,2.0184166431427,46549,49,1
1771374634.608962,34_2,34,tpc_commit,4.17953085899353,28783,49,1
1771374642.3877788,34_2,34,tpc_lock,6.288511991500855,46561,50,1
1771374646.5731516,35_2,35,das_work,6.286694765090942,48258,50,1
1771374646.6355069,34_2,34,tpc_lock,4.24771785736084,46561,50,1
1771374656.577996,35_2,35,tpc_commit,10.004834175109863,28783,51,1
1771374658.6484623,35_2,35,tpc_commit,2.070454835891724,28783,51,1
1771374658.6528518,34_2,34,das_work,3.178715944290161,48258,51,1
1771374666.3439035,34_2,34,tpc_commit,7.691042423248291,28795,52,1
1771374668.5767834,35_2,35,tpc_lock,9.352611541748049,46549,52,1
1771374670.6238563,34_2,34,tpc_commit,4.279919385910034,28795,52,1
1771374670.6650114,35_2,35,tpc_lock,2.088216781616211,46549,52,1
1771374678.361221,34_2,34,tpc_lock,7.178692817687988,46561,53,1
1771374682.5708628,35_2,35,das_work,7.383786916732788,48258,53,1
1771374682.5732446,34_2,34,tpc_lock,4.21201491355896,46561,53,1
1771374692.574508,35_2,35,tpc_commit,10.003633260726929,28783,54,1
1771374694.5798137,35_2,35,tpc_commit,2.0052945613861084,28783,54,1
1771374694.6273916,34_2,34,das_work,9.92148780822754,48258,54,1
1771374702.4129229,34_2,34,tpc_commit,7.785521030426025,28795,55,1
1771374704.536203,35_3,35,tpc_lock,8.935110569000244,46561,55,1
1771374706.5782268,34_2,34,tpc_commit,4.165274143218994,28795,55,1
1771374706.6000023,35_3,35,tpc_lock,2.0637903213500977,46561,55,1
1771374714.3868966,34_3,34,tpc_lock,6.687592267990112,46561,56,1
1771374718.5695372,35_3,35,das_work,7.592036008834839,48258,56,1
1771374718.6131198,34_3,34,tpc_lock,4.226212739944458,46561,56,1
1771374728.5873692,35_3,35,tpc_commit,10.017819881439207,28795,57,1
1771374730.5945144,34_3,34,das_work,9.119494676589966,48258,57,1
1771374730.6466763,35_3,35,tpc_commit,2.0592968463897705,28795,57,1
1771374738.380431,34_3,34,tpc_commit,7.785905599594116,28795,58,1
1771374740.548505,35_3,35,tpc_lock,9.030123949050903,46561,58,1
1771374742.584778,35_3,35,tpc_lock,2.0362610816955566,46561,58,1
1771374742.588931,34_3,34,tpc_commit,4.208489179611206,28795,58,1
1771374750.3564966,34_3,34,tpc_lock,6.163976669311523,46561,59,1
1771374754.5914931,34_3,34,tpc_lock,4.234987258911133,46561,59,1
1771374754.6266372,35_3,35,das_work,9.303737878799438,48258,59,1
1771374764.5119574,35_3,35,tpc_commit,9.88530945777893,28795,60,1
1771374766.5870464,34_3,34,das_work,10.954744815826416,48258,60,1
1771374766.6055436,35_3,35,tpc_commit,2.093576192855835,28795,60,1
1771374774.392047,34_3,34,tpc_commit,7.804990291595459,28795,61,1
1771374776.5375535,35_3,35,tpc_lock,9.135483503341677,46561,61,1
1771374778.5805993,35_3,35,tpc_lock,2.0430383682250977,46561,61,1
1771374778.5822284,34_3,34,tpc_commit,4.190173149108887,28795,61,1
1771374786.3964446,34_3,34,tpc_lock,6.977843999862671,46549,62,1
1771374790.5637732,35_3,35,das_work,10.108289957046509,48258,62,1
1771374790.6323657,34_3,34,tpc_lock,4.235911130905151,46549,62,1
1771374800.529954,35_3,35,tpc_commit,9.966172933578491,28795,63,1
1771374802.5832908,34_3,34,das_work,2.182431221008301,48258,63,1
1771374802.6066144,35_3,35,tpc_commit,2.076653003692627,28795,63,1
1771374810.3688476,34_3,34,tpc_commit,7.78554630279541,28783,64,1
1771374812.5166912,35_3,35,tpc_lock,9.00874662399292,46549,64,1
1771374814.5684996,34_3,34,tpc_commit,4.199641942977905,28783,64,1
1771374814.6067638,35_3,35,tpc_lock,2.0900652408599854,46549,64,1
1771374822.3939471,34_3,34,tpc_lock,7.285069942474365,46561,65,1
1771374826.585336,34_3,34,tpc_lock,4.191378355026245,46561,65,1
1771374826.627135,35_3,35,das_work,8.312865257263184,48258,65,1
1771374836.5360198,35_3,35,tpc_commit,9.908873081207275,28783,66,1
1771374838.5926173,35_3,35,tpc_commit,2.0565860271453857,28783,66,1
1771374838.6183767,34_3,34,das_work,2.3405966758728027,48258,66,1
1771374846.3716912,34_3,34,tpc_commit,7.75330376625061,28795,67,1
1771374848.529919,35_3,35,tpc_lock,8.206895589828491,46561,67,1
1771374850.5586617,34_3,34,tpc_commit,4.186960458755493,28795,67,1
1771374850.5756817,35_3,35,tpc_lock,2.04575252532959,46561,67,1
1771374858.3915825,34_3,34,tpc_lock,7.291607856750488,46561,68,1
1771374862.5730877,35_3,35,das_work,7.7890167236328125,48258,68,1
1771374862.6455414,34_3,34,tpc_lock,4.2539472579956055,46561,68,1
1771374872.498006,35_3,35,tpc_commit,9.92490816116333,28795,69,1
1771374874.5618758,35_3,35,tpc_commit,2.063859224319458,28795,69,1
1771374874.6228166,34_3,34,das_work,3.698197603225708,48258,69,1
1771374882.3992834,34_3,34,tpc_commit,7.776455402374268,28795,70,1
1771374884.544171,35_4,35,tpc_lock,8.133695602416992,46561,70,1
1771374886.559538,34_3,34,tpc_commit,4.160246133804321,28795,70,1
1771374886.5656755,35_4,35,tpc_lock,2.0214955806732178,46561,70,1
1771374894.4080586,34_4,34,tpc_lock,7.042638301849365,46561,71,1
1771374898.5742984,34_4,34,tpc_lock,4.16623067855835,46561,71,1
1771374898.5750227,35_4,35,das_work,10.806279182434082,48258,71,1
1771374908.519631,35_4,35,tpc_commit,9.94459867477417,28795,72,1
1771374910.5557704,35_4,35,tpc_commit,2.03613018989563,28795,72,1
1771374910.583643,34_4,34,das_work,7.585148334503174,48258,72,1
1771374918.3543828,34_4,34,tpc_commit,7.77073073387146,28795,73,1
1771374920.5464363,35_4,35,tpc_lock,8.808672428131104,46561,73,1
1771374922.5685482,34_4,34,tpc_commit,4.214156866073608,28795,73,1
1771374922.5758228,35_4,35,tpc_lock,2.0293757915496826,46561,73,1
1771374930.336543,34_4,34,tpc_lock,6.580573797225952,46561,74,1
1771374934.55331,34_4,34,tpc_lock,4.2167603969573975,46561,74,1
1771374934.556168,35_4,35,das_work,7.280142784118652,48258,74,1
1771374944.5454736,35_4,35,tpc_commit,9.98929762840271,28795,75,1
1771374946.5518312,35_4,35,tpc_commit,2.0063488483428955,28795,75,1
1771374946.6278462,34_4,34,das_work,4.646264314651489,48258,75,1
1771374954.3794217,34_4,34,tpc_commit,7.751566171646118,28795,76,1
1771374956.5257254,35_4,35,tpc_lock,9.46862530708313,46561,76,1
1771374958.5654142,34_4,34,tpc_commit,4.18598222732544,28795,76,1
1771374958.5899282,35_4,35,tpc_lock,2.064194917678833,46561,76,1
1771374966.3771918,34_4,34,tpc_lock,6.587579011917114,46561,77,1
1771374970.606309,34_4,34,tpc_lock,4.229107618331909,46561,77,1
1771374970.6210215,35_4,35,das_work,6.58083701133728,48258,77,1
1771374980.4984226,35_4,35,tpc_commit,9.87739086151123,28795,78,1
1771374982.6146193,35_4,35,tpc_commit,2.1161835193634038,28795,78,1
1771374982.615621,34_4,34,das_work,10.65440273284912,48258,78,1
1771374990.362846,34_4,34,tpc_commit,7.747216463088989,28795,79,1
1771374992.485852,35_4,35,tpc_lock,8.816543817520142,46561,79,1
1771374994.5784097,35_4,35,tpc_lock,2.092547416687012,46561,79,1
1771374994.6175437,34_4,34,tpc_commit,4.254689931869507,28795,79,1
1771375002.3938122,34_4,34,tpc_lock,7.197106122970581,46561,80,1
1771375006.5766706,35_4,35,das_work,6.31923770904541,48258,80,1
1771375006.5876696,34_4,34,tpc_lock,4.193845510482788,46561,80,1
1771375016.528407,35_4,35,tpc_commit,9.95172953605652,28795,81,1
1771375018.5815,35_4,35,tpc_commit,2.0530848503112797,28795,81,1
1771375018.5900116,34_4,34,das_work,5.405366897583008,48258,81,1
1771375026.324546,34_4,34,tpc_commit,7.734524726867676,28795,82,1
1771375028.5590255,35_4,35,tpc_lock,8.541154146194458,46561,82,1
1771375030.5677714,35_4,35,tpc_lock,2.0087358951568604,46561,82,1
1771375030.628971,34_4,34,tpc_commit,4.304416656494141,28795,82,1
1771375038.359352,34_4,34,tpc_lock,7.201749801635742,46561,83,1
1771375042.560455,34_4,34,tpc_lock,4.201095819473267,46561,83,1
1771375042.6020448,35_4,35,das_work,8.550401449203491,48258,83,1
1771375052.5172915,35_4,35,tpc_commit,9.915236473083496,28795,84,1
1771375054.5369668,34_4,34,das_work,8.000129222869873,48258,84,1
1771375054.5482018,35_4,35,tpc_commit,2.0308992862701416,28795,84,1
1771375062.322003,34_4,34,tpc_commit,7.785028696060181,28795,85,1
1771375066.594279,34_4,34,tpc_commit,4.272266149520874,28795,85,1
1771374174.4023666,36_0,36,tpc_lock,9.25438928604126,46561,11,1
1771374176.6096072,37_0,37,tpc_lock,10.472189903259276,46561,11,1
1771374178.5724647,36_0,36,tpc_lock,4.170090198516846,46561,11,1
1771374178.6170452,37_0,37,tpc_lock,2.007429361343384,46561,11,1
1771374190.5851274,36_0,36,das_work,3.4462730884552,48258,12,1
1771374190.601659,37_0,37,das_work,8.31839108467102,48258,12,1
1771374198.3710794,36_0,36,tpc_commit,7.785941123962402,28795,13,1
1771374200.6292129,37_0,37,tpc_commit,10.027539491653442,28795,13,1
1771374202.5914383,37_0,37,tpc_commit,1.9622132778167725,28795,13,1
1771374202.626876,36_0,36,tpc_commit,4.255789279937744,28795,13,1
1771374210.4385476,36_0,36,tpc_lock,7.108333349227905,46561,14,1
1771374212.586551,37_0,37,tpc_lock,8.556164264678955,46561,14,1
1771374214.6054635,37_0,37,tpc_lock,2.0189037322998047,46561,14,1
1771374214.6148012,36_0,36,tpc_lock,4.1762449741363525,46561,14,1
1771374226.6123445,37_0,37,das_work,8.021627187728882,48258,15,1
1771374226.652102,36_0,36,das_work,5.1471498012542725,48258,15,1
1771374234.456966,36_0,36,tpc_commit,7.804854869842529,28795,16,1
1771374236.5424476,37_0,37,tpc_commit,9.930091857910156,28795,16,1
1771374238.6108935,36_0,36,tpc_commit,4.153916120529175,28795,16,1
1771374238.6186018,37_0,37,tpc_commit,2.076144218444824,28795,16,1
1771374246.4053566,36_0,36,tpc_lock,7.093745470046997,46561,17,1
1771374248.5538754,37_0,37,tpc_lock,7.954436540603638,46561,17,1
1771374250.6693869,37_0,37,tpc_lock,2.1155025959014893,46561,17,1
1771374250.6755705,36_0,36,tpc_lock,4.270205020904541,46561,17,1
1771374262.6290488,36_0,36,das_work,6.277704000473023,48258,18,1
1771374262.6553054,37_0,37,das_work,3.5832009315490723,48258,18,1
1771374270.410476,36_0,36,tpc_commit,7.781416654586792,28795,19,1
1771374272.5578542,37_0,37,tpc_commit,9.90253758430481,28795,19,1
1771374274.656422,37_0,37,tpc_commit,2.098557710647583,28795,19,1
1771374274.721634,36_0,36,tpc_commit,4.3111491203308105,28795,19,1
1771374282.4377134,36_0,36,tpc_lock,6.280314683914185,46561,20,1
1771374284.5430508,37_0,37,tpc_lock,8.622219800949097,46561,20,1
1771374286.6163032,37_0,37,tpc_lock,2.07324481010437,46561,20,1
1771374286.6869967,36_0,36,tpc_lock,4.24927020072937,46561,20,1
1771374298.6037898,36_0,36,das_work,5.652140855789185,48258,21,1
1771374298.669161,37_0,37,das_work,10.295370101928713,48258,21,1
1771374306.4384089,36_0,36,tpc_commit,7.834608316421509,28795,22,1
1771374308.5999594,37_0,37,tpc_commit,9.930788516998293,28795,22,1
1771374310.61125,37_0,37,tpc_commit,2.0112833976745605,28795,22,1
1771374310.6746788,36_0,36,tpc_commit,4.236260890960693,28795,22,1
1771374318.4151926,36_0,36,tpc_lock,5.859179735183716,46561,23,1
1771374320.595189,37_0,37,tpc_lock,8.214572191238403,46549,23,1
1771374322.6045227,37_0,37,tpc_lock,2.009324550628662,46549,23,1
1771374322.6697743,36_0,36,tpc_lock,4.25457239151001,46561,23,1
1771374334.615631,37_0,37,das_work,2.0907442569732666,48258,24,1
1771374334.6756537,36_0,36,das_work,10.56535792350769,48258,24,1
1771374342.443978,36_0,36,tpc_commit,7.768314838409424,28795,25,1
1771374344.5466287,37_0,37,tpc_commit,9.930986166000366,28783,25,1
1771374346.609486,36_0,36,tpc_commit,4.165497779846191,28795,25,1
1771374346.6956863,37_0,37,tpc_commit,2.1490471363067627,28783,25,1
1771374354.3782318,36_1,36,tpc_lock,7.214367151260376,46561,26,1
1771374356.5698955,37_1,37,tpc_lock,8.125537157058716,46561,26,1
1771374358.6083584,36_1,36,tpc_lock,4.230115175247192,46561,26,1
1771374358.622304,37_1,37,tpc_lock,2.052398443222046,46561,26,1
1771374370.6189632,36_1,36,das_work,8.028690814971924,48258,27,1
1771374370.684456,37_1,37,das_work,3.937554121017456,48258,27,1
1771374378.3878825,36_1,36,tpc_commit,7.768911600112915,28795,28,1
1771374380.544591,37_1,37,tpc_commit,9.860125541687012,28795,28,1
1771374382.6103303,37_1,37,tpc_commit,2.0657312870025635,28795,28,1
1771374382.6188917,36_1,36,tpc_commit,4.230979919433594,28795,28,1
1771374390.4277256,36_1,36,tpc_lock,5.979803085327148,46561,29,1
1771374392.5573006,37_1,37,tpc_lock,8.426164150238037,46561,29,1
1771374394.6795754,36_1,36,tpc_lock,4.251838684082031,46561,29,1
1771374394.682134,37_1,37,tpc_lock,2.124821424484253,46561,29,1
1771374406.6221857,37_1,37,das_work,6.068115472793579,48258,30,1
1771374406.669186,36_1,36,das_work,4.405531644821167,48258,30,1
1771374414.3641207,36_1,36,tpc_commit,7.694923639297485,28795,31,1
1771374416.5687258,37_1,37,tpc_commit,9.946528673171995,28795,31,1
1771374418.5981038,37_1,37,tpc_commit,2.029366970062256,28795,31,1
1771374418.6118762,36_1,36,tpc_commit,4.24774694442749,28795,31,1
1771374426.3835337,36_1,36,tpc_lock,6.569001197814941,46561,32,1
1771374428.5497603,37_1,37,tpc_lock,9.032442331314089,46561,32,1
1771374430.5922096,37_1,37,tpc_lock,2.0424392223358154,46561,32,1
1771374430.615948,36_1,36,tpc_lock,4.232401371002197,46561,32,1
1771374442.618142,37_1,37,das_work,10.111496686935425,48258,33,1
1771374442.6758685,36_1,36,das_work,2.1939244270324707,48258,33,1
1771374450.446525,36_1,36,tpc_commit,7.770643711090088,28795,34,1
1771374452.55229,37_1,37,tpc_commit,9.934139966964722,28795,34,1
1771374454.592804,37_1,37,tpc_commit,2.04050350189209,28795,34,1
1771374454.612342,36_1,36,tpc_commit,4.165807008743286,28795,34,1
1771374462.3816285,36_1,36,tpc_lock,6.295790195465088,46549,35,1
1771374464.5482342,37_1,37,tpc_lock,8.665676832199097,46561,35,1
1771374466.636516,37_1,37,tpc_lock,2.088270425796509,46561,35,1
1771374466.644542,36_1,36,tpc_lock,4.262903690338135,46549,35,1
1771374478.5930283,37_1,37,das_work,6.682364940643311,48258,36,1
1771374478.596842,36_1,36,das_work,10.766537189483644,48258,36,1
1771374486.4302866,36_1,36,tpc_commit,7.833436012268066,28783,37,1
1771374488.600929,37_1,37,tpc_commit,10.007891416549684,28795,37,1
1771374490.5968404,36_1,36,tpc_commit,4.1665449142456055,28783,37,1
1771374490.6745908,37_1,37,tpc_commit,2.07365083694458,28795,37,1
1771374498.4464204,36_1,36,tpc_lock,6.213389873504639,46561,38,1
1771374500.5898948,37_1,37,tpc_lock,8.144303560256958,46561,38,1
1771374502.6536407,36_1,36,tpc_lock,4.207210540771484,46561,38,1
1771374502.6654384,37_1,37,tpc_lock,2.075535535812378,46561,38,1
1771374514.585889,37_1,37,das_work,7.835144996643066,48258,39,1
1771374514.639323,36_1,36,das_work,9.78430724143982,48258,39,1
1771374522.411893,36_1,36,tpc_commit,7.772557973861694,28795,40,1
1771374524.585821,37_1,37,tpc_commit,9.999922513961792,28795,40,1
1771374526.6309726,36_1,36,tpc_commit,4.219069242477417,28795,40,1
1771374526.6617646,37_1,37,tpc_commit,2.0759339332580566,28795,40,1
1771374534.357845,36_2,36,tpc_lock,7.0939483642578125,46561,41,1
1771374536.5408626,37_2,37,tpc_lock,8.62275218963623,46561,41,1
1771374538.58796,37_2,37,tpc_lock,2.0470874309539795,46561,41,1
1771374538.5967016,36_2,36,tpc_lock,4.23884916305542,46561,41,1
1771374550.6080723,37_2,37,das_work,8.191474676132202,48258,42,1
1771374550.621161,36_2,36,das_work,3.4591636657714844,48258,42,1
1771374558.4018164,36_2,36,tpc_commit,7.780645132064819,28795,43,1
1771374560.520991,37_2,37,tpc_commit,9.91291117668152,28795,43,1
1771374562.5901408,36_2,36,tpc_commit,4.188313007354736,28795,43,1
1771374562.6012878,37_2,37,tpc_commit,2.080287218093872,28795,43,1
1771374570.4169016,36_2,36,tpc_lock,7.085291862487793,46561,44,1
1771374572.6044493,37_2,37,tpc_lock,9.136214017868042,46561,44,1
1771374574.5946822,36_2,36,tpc_lock,4.177772998809815,46561,44,1
1771374574.6515677,37_2,37,tpc_lock,2.0471060276031494,46561,44,1
1771374586.5791428,37_2,37,das_work,8.807420492172241,48258,45,1
1771374586.6489074,36_2,36,das_work,3.986273765563965,48258,45,1
1771374594.4074235,36_2,36,tpc_commit,7.758506774902344,28795,46,1
1771374596.5954883,37_2,37,tpc_commit,10.016335010528564,28795,46,1
1771374598.5846384,36_2,36,tpc_commit,4.177204370498657,28795,46,1
1771374598.632372,37_2,37,tpc_commit,2.0368714332580566,28795,46,1
1771374606.3513606,36_2,36,tpc_lock,6.775510311126709,46561,47,1
1771374608.5182104,37_2,37,tpc_lock,9.332978010177612,46561,47,1
1771374610.5808618,37_2,37,tpc_lock,2.0626440048217773,46561,47,1
1771374610.6010053,36_2,36,tpc_lock,4.249634265899658,46561,47,1
1771374622.5731845,37_2,37,das_work,7.144961357116699,48258,48,1
1771374622.6263547,36_2,36,das_work,3.0087780952453613,48258,48,1
1771374630.414019,36_2,36,tpc_commit,7.787655353546143,28795,49,1
1771374632.520994,37_2,37,tpc_commit,9.94779896736145,28795,49,1
1771374634.6047792,36_2,36,tpc_commit,4.190752506256104,28795,49,1
1771374634.6638367,37_2,37,tpc_commit,2.1428310871124268,28795,49,1
1771374642.3694346,36_2,36,tpc_lock,6.968928337097168,46537,50,1
1771374644.5802176,37_2,37,tpc_lock,9.239452838897703,46561,50,1
1771374646.6283438,36_2,36,tpc_lock,4.2588982582092285,46537,50,1
1771374646.642109,37_2,37,tpc_lock,2.0618813037872314,46561,50,1
1771374658.5971758,37_2,37,das_work,8.434609174728394,48258,51,1
1771374658.6336806,36_2,36,das_work,3.1651628017425537,48258,51,1
1771374666.4014864,36_2,36,tpc_commit,7.767794370651245,28771,52,1
1771374668.5121424,37_2,37,tpc_commit,9.914953470230104,28795,52,1
1771374670.580304,36_2,36,tpc_commit,4.178807973861694,28771,52,1
1771374670.61591,37_2,37,tpc_commit,2.1037590503692627,28795,52,1
1771374678.3499737,36_2,36,tpc_lock,6.685758829116821,46561,53,1
1771374680.5236714,37_2,37,tpc_lock,8.728286266326904,46561,53,1
1771374682.5930371,36_2,36,tpc_lock,4.243054389953613,46561,53,1
1771374682.62862,37_2,37,tpc_lock,2.1049396991729736,46561,53,1
1771374694.642604,36_2,36,das_work,8.686425685882568,48258,54,1
1771374694.655896,37_2,37,das_work,3.6993565559387207,48258,54,1
1771374702.3873062,36_2,36,tpc_commit,7.744692087173462,28795,55,1
1771374704.536642,37_2,37,tpc_commit,9.880736112594604,28795,55,1
1771374706.5788958,36_2,36,tpc_commit,4.191580772399902,28795,55,1
1771374706.607476,37_2,37,tpc_commit,2.0708224773406982,28795,55,1
1771374714.4178,36_3,36,tpc_lock,7.000654220581055,46549,56,1
1771374716.541603,37_3,37,tpc_lock,8.029547929763794,46561,56,1
1771374718.5634043,36_3,36,tpc_lock,4.14559531211853,46549,56,1
1771374718.6137989,37_3,37,tpc_lock,2.072187662124634,46561,56,1
1771374730.5849705,36_3,36,das_work,5.557064056396484,48258,57,1
1771374730.638924,37_3,37,das_work,9.62459135055542,48258,57,1
1771374738.3751736,36_3,36,tpc_commit,7.790192127227783,28783,58,1
1771374740.5475652,37_3,37,tpc_commit,9.908630847930908,28795,58,1
1771374742.5722852,36_3,36,tpc_commit,4.197105407714844,28783,58,1
1771374742.5781198,37_3,37,tpc_commit,2.0305445194244385,28795,58,1
1771374750.3694124,36_3,36,tpc_lock,5.8633763790130615,46549,59,1
1771374752.5076904,37_3,37,tpc_lock,9.044203519821169,46561,59,1
1771374754.602095,36_3,36,tpc_lock,4.232671022415161,46549,59,1
1771374754.6249385,37_3,37,tpc_lock,2.11724066734314,46561,59,1
1771374766.5839,37_3,37,das_work,3.4304311275482178,48258,60,1
1771374766.6243043,36_3,36,das_work,3.285206079483032,48258,60,1
1771374774.379069,36_3,36,tpc_commit,7.75475549697876,28783,61,1
1771374776.5266056,37_3,37,tpc_commit,9.942695379257202,28795,61,1
1771374778.5729988,37_3,37,tpc_commit,2.046383857727051,28795,61,1
1771374778.59697,36_3,36,tpc_commit,4.217891454696655,28783,61,1
1771374786.4114964,36_3,36,tpc_lock,6.783648252487183,46549,62,1
1771374788.534946,37_3,37,tpc_lock,9.425225973129272,46561,62,1
1771374790.587051,37_3,37,tpc_lock,2.0520942211151123,46561,62,1
1771374790.5981798,36_3,36,tpc_lock,4.186675071716309,46549,62,1
1771374802.5932868,36_3,36,das_work,9.53038477897644,48258,63,1
1771374802.613419,37_3,37,das_work,2.3448336124420166,48258,63,1
1771374810.334846,36_3,36,tpc_commit,7.741549730300903,28783,64,1
1771374812.5650055,37_3,37,tpc_commit,9.951576709747314,28795,64,1
1771374814.6176553,37_3,37,tpc_commit,2.052640199661255,28795,64,1
1771374814.6243374,36_3,36,tpc_commit,4.289482355117798,28783,64,1
1771374822.3376484,36_3,36,tpc_lock,5.7476487159729,46561,65,1
1771374824.5568504,37_3,37,tpc_lock,9.253544807434082,46561,65,1
1771374826.5667906,37_3,37,tpc_lock,2.009929180145264,46561,65,1
1771374826.603922,36_3,36,tpc_lock,4.266266107559204,46561,65,1
1771374838.6114466,36_3,36,das_work,6.743604421615601,48258,66,1
1771374838.6396692,37_3,37,das_work,7.8748838901519775,48258,66,1
1771374846.330182,36_3,36,tpc_commit,7.718724966049194,28795,67,1
1771374848.5644126,37_3,37,tpc_commit,9.924729585647585,28795,67,1
1771374850.5639606,37_3,37,tpc_commit,1.9995386600494385,28795,67,1
1771374850.5649817,36_3,36,tpc_commit,4.234791994094849,28795,67,1
1771374858.3867376,36_3,36,tpc_lock,7.285841703414917,46549,68,1
1771374860.5028188,37_3,37,tpc_lock,8.404028415679932,46561,68,1
1771374862.5631883,37_3,37,tpc_lock,2.0603621006011963,46561,68,1
1771374862.6424592,36_3,36,tpc_lock,4.255712509155273,46549,68,1
1771374874.581811,37_3,37,das_work,7.9783570766448975,48258,69,1
1771374874.629386,36_3,36,das_work,2.33652400970459,48258,69,1
1771374882.3703406,36_3,36,tpc_commit,7.740944147109985,28783,70,1
1771374884.57851,37_3,37,tpc_commit,9.996690273284912,28795,70,1
1771374886.5563514,37_3,37,tpc_commit,1.9778316020965576,28795,70,1
1771374886.557783,36_3,36,tpc_commit,4.187432765960693,28783,70,1
1771374894.4063468,36_4,36,tpc_lock,5.972334146499634,46561,71,1
1771374896.5232708,37_4,37,tpc_lock,8.30278992652893,46549,71,1
1771374898.5591629,37_4,37,tpc_lock,2.0358831882476807,46549,71,1
1771374898.5727575,36_4,36,tpc_lock,4.166400909423828,46561,71,1
1771374910.5664,36_4,36,das_work,10.715688705444336,48258,72,1
1771374910.5992498,37_4,37,das_work,4.384622573852539,48258,72,1
1771374918.3927228,36_4,36,tpc_commit,7.826314210891724,28795,73,1
1771374920.534773,37_4,37,tpc_commit,9.93551254272461,28783,73,1
1771374922.568231,36_4,36,tpc_commit,4.1754982471466064,28795,73,1
1771374922.5726285,37_4,37,tpc_commit,2.0378448963165283,28783,73,1
1771374930.3297126,36_4,36,tpc_lock,6.212113618850708,46561,74,1
1771374932.492592,37_4,37,tpc_lock,8.36211895942688,46561,74,1
1771374934.5558696,37_4,37,tpc_lock,2.063270807266236,46561,74,1
1771374934.5640368,36_4,36,tpc_lock,4.234312772750855,46561,74,1
1771374946.5800817,36_4,36,das_work,2.357217073440552,48258,75,1
1771374946.5993285,37_4,37,das_work,3.581605195999145,48258,75,1
1771374954.3942742,36_4,36,tpc_commit,7.814184665679932,28795,76,1
1771374956.538877,37_4,37,tpc_commit,9.939540386199951,28795,76,1
1771374958.5565803,37_4,37,tpc_commit,2.017693519592285,28795,76,1
1771374958.5585957,36_4,36,tpc_commit,4.164312362670898,28795,76,1
1771374966.3510635,36_4,36,tpc_lock,6.8871846199035645,46561,77,1
1771374968.5445764,37_4,37,tpc_lock,8.014939308166504,46561,77,1
1771374970.566112,36_4,36,tpc_lock,4.215037345886231,46561,77,1
1771374970.6159997,37_4,37,tpc_lock,2.071413278579712,46561,77,1
1771374982.5488105,36_4,36,das_work,2.980122327804565,48258,78,1
1771374982.5541153,37_4,37,das_work,7.465083599090576,48258,78,1
1771374990.3663683,36_4,36,tpc_commit,7.817547559738159,28795,79,1
1771374992.566512,37_4,37,tpc_commit,10.012388944625854,28795,79,1
1771374994.572178,37_4,37,tpc_commit,2.0056560039520264,28795,79,1
1771374994.6153824,36_4,36,tpc_commit,4.249002933502197,28795,79,1
1771375002.3392398,36_4,36,tpc_lock,5.769190549850464,46561,80,1
1771375004.5167844,37_4,37,tpc_lock,8.764384269714355,46561,80,1
1771375006.570502,36_4,36,tpc_lock,4.231251001358032,46561,80,1
1771375006.5842588,37_4,37,tpc_lock,2.067462205886841,46561,80,1
1771375018.5644042,37_4,37,das_work,7.787147760391235,48258,81,1
1771375018.6327355,36_4,36,das_work,5.647436141967773,48258,81,1
1771375026.327361,36_4,36,tpc_commit,7.6946141719818115,28795,82,1
1771375028.484926,37_4,37,tpc_commit,9.920509576797484,28795,82,1
1771375030.548352,36_4,36,tpc_commit,4.22096061706543,28795,82,1
1771375030.6092465,37_4,37,tpc_commit,2.124311208724976,28795,82,1
1771375038.4005609,36_4,36,tpc_lock,6.899084329605103,46561,83,1
1771375040.559231,37_4,37,tpc_lock,9.14840817451477,46561,83,1
1771375042.5497408,36_4,36,tpc_lock,4.149168968200684,46561,83,1
1771375042.5636165,37_4,37,tpc_lock,2.004375696182251,46561,83,1
1771375054.539294,36_4,36,das_work,4.076987504959106,48258,84,1
1771375054.5805705,37_4,37,das_work,9.78142476081848,48258,84,1
1771375062.3925283,36_4,36,tpc_commit,7.853221654891968,28795,85,1
1771375064.5356543,37_4,37,tpc_commit,9.955074071884155,28795,85,1
1771375066.536906,37_4,37,tpc_commit,2.0012400150299072,28795,85,1
1771375066.5602202,36_4,36,tpc_commit,4.167681217193604,28795,85,1
1771374176.585143,39_0,39,tpc_lock,2.914958477020264,46561,11,1
1771374178.6144536,39_0,39,tpc_lock,2.0292999744415283,46561,11,1
1771374186.4236033,38_0,38,tpc_lock,10.27867317199707,46561,12,1
1771374190.58477,38_0,38,tpc_lock,4.161153078079224,46561,12,1
1771374190.6561,39_0,39,das_work,4.467377662658691,48258,12,1
1771374200.630057,39_0,39,tpc_commit,9.97394585609436,28795,13,1
1771374202.5930882,38_0,38,das_work,9.506019353866575,48258,13,1
1771374202.5958557,39_0,39,tpc_commit,1.9657824039459229,28795,13,1
1771374210.449943,38_0,38,tpc_commit,7.856840372085571,28795,14,1
1771374212.5579164,39_0,39,tpc_lock,9.263386964797974,46561,14,1
1771374214.619228,38_0,38,tpc_commit,4.169277191162109,28795,14,1
1771374214.6592226,39_0,39,tpc_lock,2.1012966632843018,46561,14,1
1771374222.444675,38_0,38,tpc_lock,6.580823421478272,46561,15,1
1771374226.6125145,39_0,39,das_work,10.705871820449827,48258,15,1
1771374226.6679752,38_0,38,tpc_lock,4.22329044342041,46561,15,1
1771374236.5423248,39_0,39,tpc_commit,9.929802894592283,28795,16,1
1771374238.613832,38_0,38,das_work,4.961704254150391,48258,16,1
1771374238.627609,39_0,39,tpc_commit,2.085273742675781,28795,16,1
1771374246.3857296,38_0,38,tpc_commit,7.7718825340271,28795,17,1
1771374248.5698311,39_0,39,tpc_lock,8.417358875274658,46561,17,1
1771374250.627777,38_0,38,tpc_commit,4.242037057876587,28795,17,1
1771374250.7024171,39_0,39,tpc_lock,2.1325786113739014,46561,17,1
1771374258.4132986,38_0,38,tpc_lock,6.391376256942749,46561,18,1
1771374262.6727197,38_0,38,tpc_lock,4.2594099044799805,46561,18,1
1771374262.684817,39_0,39,das_work,4.962037801742554,48258,18,1
1771374272.6056037,39_0,39,tpc_commit,9.920777082443236,28795,19,1
1771374274.6035707,39_0,39,tpc_commit,1.9979565143585205,28795,19,1
1771374274.72229,38_0,38,das_work,7.02069091796875,48258,19,1
1771374282.402433,38_0,38,tpc_commit,7.680130958557129,28795,20,1
1771374284.5425286,39_0,39,tpc_lock,8.126631259918213,46561,20,1
1771374286.605325,39_0,39,tpc_lock,2.0627870559692383,46561,20,1
1771374286.649475,38_0,38,tpc_commit,4.2470316886901855,28795,20,1
1771374294.4101024,38_0,38,tpc_lock,7.088619232177734,46561,21,1
1771374298.599526,39_0,39,das_work,5.467685461044312,48258,21,1
1771374298.6547222,38_0,38,tpc_lock,4.244609832763672,46561,21,1
1771374308.5377288,39_0,39,tpc_commit,9.938194036483765,28795,22,1
1771374310.6289015,39_0,39,tpc_commit,2.091165781021118,28795,22,1
1771374310.6654515,38_0,38,das_work,6.751848936080933,48258,22,1
1771374318.4622111,38_0,38,tpc_commit,7.796750783920288,28795,23,1
1771374320.543013,39_0,39,tpc_lock,8.418780326843262,46561,23,1
1771374322.6112304,38_0,38,tpc_commit,4.14901065826416,28795,23,1
1771374322.6405158,39_0,39,tpc_lock,2.097495079040528,46561,23,1
1771374330.4460769,38_0,38,tpc_lock,7.193211078643799,46561,24,1
1771374334.6037257,39_0,39,das_work,7.401766777038574,48258,24,1
1771374334.6702306,38_0,38,tpc_lock,4.224143743515015,46561,24,1
1771374344.5377395,39_0,39,tpc_commit,9.934002876281738,28795,25,1
1771374346.676654,38_0,38,das_work,10.317033529281616,48258,25,1
1771374346.7040174,39_0,39,tpc_commit,2.1662700176239014,28795,25,1
1771374354.3758,38_0,38,tpc_commit,7.699136257171631,28795,26,1
1771374356.5447536,39_1,39,tpc_lock,8.862757682800293,46561,26,1
1771374358.676233,38_0,38,tpc_commit,4.300424814224243,28795,26,1
1771374358.7027366,39_1,39,tpc_lock,2.1579723358154297,46561,26,1
1771374366.421916,38_1,38,tpc_lock,5.764265298843384,46561,27,1
1771374370.6311069,38_1,38,tpc_lock,4.209178686141968,46561,27,1
1771374370.6574316,39_1,39,das_work,3.123483419418335,48258,27,1
1771374380.579398,39_1,39,tpc_commit,9.921953678131104,28795,28,1
1771374382.6235695,39_1,39,tpc_commit,2.044161796569824,28795,28,1
1771374382.6845615,38_1,38,das_work,2.1907167434692383,48258,28,1
1771374390.382331,38_1,38,tpc_commit,7.697760105133057,28795,29,1
1771374392.5386505,39_1,39,tpc_lock,8.44717264175415,46561,29,1
1771374394.6251194,38_1,38,tpc_commit,4.242777109146118,28795,29,1
1771374394.648086,39_1,39,tpc_lock,2.109424829483032,46561,29,1
1771374402.4471557,38_1,38,tpc_lock,6.685699939727783,46561,30,1
1771374406.627782,38_1,38,tpc_lock,4.180619478225708,46561,30,1
1771374406.655838,39_1,39,das_work,9.333755731582642,48258,30,1
1771374416.5724814,39_1,39,tpc_commit,9.916633605957031,28795,31,1
1771374418.594134,39_1,39,tpc_commit,2.0216431617736816,28795,31,1
1771374418.6689715,38_1,38,das_work,2.283521175384521,48258,31,1
1771374426.3710704,38_1,38,tpc_commit,7.7020862102508545,28795,32,1
1771374428.5387492,39_1,39,tpc_lock,9.267343759536743,46549,32,1
1771374430.6561182,39_1,39,tpc_lock,2.1173572540283203,46549,32,1
1771374430.658938,38_1,38,tpc_commit,4.287856340408325,28795,32,1
1771374438.4248235,38_1,38,tpc_lock,6.385428190231323,46561,33,1
1771374442.6142385,39_1,39,das_work,4.638408184051514,48258,33,1
1771374442.61956,38_1,38,tpc_lock,4.194725513458252,46561,33,1
1771374452.5519872,39_1,39,tpc_commit,9.937734365463257,28783,34,1
1771374454.5927022,39_1,39,tpc_commit,2.0407042503356934,28783,34,1
1771374454.667622,38_1,38,das_work,2.9634652137756348,48258,34,1
1771374462.415748,38_1,38,tpc_commit,7.7481160163879395,28795,35,1
1771374464.56003,39_1,39,tpc_lock,8.16708493232727,46561,35,1
1771374466.6086054,39_1,39,tpc_lock,2.048563003540039,46561,35,1
1771374466.637235,38_1,38,tpc_commit,4.221476316452026,28795,35,1
1771374474.4236374,38_1,38,tpc_lock,6.280331373214722,46561,36,1
1771374478.598905,38_1,38,tpc_lock,4.175257444381714,46561,36,1
1771374478.6568255,39_1,39,das_work,8.278259754180908,48258,36,1
1771374488.540382,39_1,39,tpc_commit,9.883545637130736,28795,37,1
1771374490.59701,38_1,38,das_work,4.699258804321289,48258,37,1
1771374490.6444385,39_1,39,tpc_commit,2.104045867919922,28795,37,1
1771374498.3764026,38_1,38,tpc_commit,7.779383897781372,28795,38,1
1771374500.5617902,39_1,39,tpc_lock,8.323880195617676,46561,38,1
1771374502.6026018,38_1,38,tpc_commit,4.226189851760864,28795,38,1
1771374502.620214,39_1,39,tpc_lock,2.058414936065674,46561,38,1
1771374510.373162,38_1,38,tpc_lock,6.379807233810425,46561,39,1
1771374514.5884717,38_1,38,tpc_lock,4.215299129486084,46561,39,1
1771374514.595205,39_1,39,das_work,9.60154104232788,48258,39,1
1771374524.5318785,39_1,39,tpc_commit,9.936663389205933,28795,40,1
1771374526.5988672,38_1,38,das_work,8.632060289382935,48258,40,1
1771374526.6427205,39_1,39,tpc_commit,2.110833168029785,28795,40,1
1771374534.4097126,38_1,38,tpc_commit,7.810834646224976,28795,41,1
1771374536.581325,39_2,39,tpc_lock,8.22649598121643,46549,41,1
1771374538.6157167,39_2,39,tpc_lock,2.03438401222229,46549,41,1
1771374538.6171336,38_1,38,tpc_commit,4.207410097122192,28795,41,1
1771374546.402956,38_2,38,tpc_lock,7.092696666717529,46561,42,1
1771374550.5868285,39_2,39,das_work,5.336249351501465,48258,42,1
1771374550.6219652,38_2,38,tpc_lock,4.218995332717896,46561,42,1
1771374560.5635517,39_2,39,tpc_commit,9.97671365737915,28783,43,1
1771374562.642186,39_2,39,tpc_commit,2.0786237716674805,28783,43,1
1771374562.6584191,38_2,38,das_work,6.459086418151856,48258,43,1
1771374570.36067,38_2,38,tpc_commit,7.702241897583008,28795,44,1
1771374572.582024,39_2,39,tpc_lock,9.035871028900146,46549,44,1
1771374574.5918229,38_2,38,tpc_commit,4.231144189834595,28795,44,1
1771374574.6305077,39_2,39,tpc_lock,2.048474073410034,46549,44,1
1771374582.364889,38_2,38,tpc_lock,6.578146696090698,46549,45,1
1771374586.5809667,39_2,39,das_work,5.50031304359436,48258,45,1
1771374586.585142,38_2,38,tpc_lock,4.220243692398071,46549,45,1
1771374596.594667,39_2,39,tpc_commit,10.013691186904907,28783,46,1
1771374598.6066024,38_2,38,das_work,4.190598249435425,48258,46,1
1771374598.6552444,39_2,39,tpc_commit,2.0605647563934326,28783,46,1
1771374606.4130878,38_2,38,tpc_commit,7.806475877761841,28783,47,1
1771374608.5334585,39_2,39,tpc_lock,9.226274251937866,46561,47,1
1771374610.6124268,38_2,38,tpc_commit,4.199329376220703,28783,47,1
1771374610.6482103,39_2,39,tpc_lock,2.114739418029785,46561,47,1
1771374618.3683996,38_2,38,tpc_lock,5.868310928344727,46561,48,1
1771374622.646351,38_2,38,tpc_lock,4.27794075012207,46561,48,1
1771374622.6600976,39_2,39,das_work,4.638644218444824,48258,48,1
1771374632.5937135,39_2,39,tpc_commit,9.933606147766112,28795,49,1
1771374634.5787528,38_2,38,das_work,10.443264245986938,48258,49,1
1771374634.5927668,39_2,39,tpc_commit,1.9990458488464355,28795,49,1
1771374642.4216695,38_2,38,tpc_commit,7.842908143997192,28795,50,1
1771374644.566525,39_2,39,tpc_lock,9.168084144592283,46561,50,1
1771374646.6215718,39_2,39,tpc_lock,2.0550355911254883,46561,50,1
1771374646.6420944,38_2,38,tpc_commit,4.220396757125855,28795,50,1
1771374654.3972542,38_2,38,tpc_lock,5.76401686668396,46561,51,1
1771374658.5912018,38_2,38,tpc_lock,4.193936586380005,46561,51,1
1771374658.633475,39_2,39,das_work,6.74361252784729,48258,51,1
1771374668.5419693,39_2,39,tpc_commit,9.908485889434814,28795,52,1
1771374670.599315,39_2,39,tpc_commit,2.0573363304138184,28795,52,1
1771374670.6693344,38_2,38,das_work,7.176544189453125,48258,52,1
1771374678.35255,38_2,38,tpc_commit,7.683204889297485,28795,53,1
1771374680.5678546,39_2,39,tpc_lock,8.514621496200562,46561,53,1
1771374682.5723567,38_2,38,tpc_commit,4.219796419143677,28795,53,1
1771374682.642938,39_2,39,tpc_lock,2.075073719024658,46561,53,1
1771374690.4139175,38_2,38,tpc_lock,7.09143590927124,46561,54,1
1771374694.5936234,38_2,38,tpc_lock,4.179697513580322,46561,54,1
1771374694.5948608,39_2,39,das_work,4.950665235519409,48258,54,1
1771374704.5203578,39_2,39,tpc_commit,9.925487279891968,28795,55,1
1771374706.5772238,39_2,39,tpc_commit,2.0568575859069824,28795,55,1
1771374706.638229,38_2,38,das_work,7.790270805358887,48258,55,1
1771374714.4157588,38_2,38,tpc_commit,7.777517557144165,28795,56,1
1771374716.5794828,39_3,39,tpc_lock,8.618557214736938,46561,56,1
1771374718.6238434,38_2,38,tpc_commit,4.208073616027832,28795,56,1
1771374718.6255448,39_3,39,tpc_lock,2.0460517406463623,46561,56,1
1771374726.383111,38_3,38,tpc_lock,6.461378812789917,46561,57,1
1771374730.5803282,38_3,38,tpc_lock,4.197207927703857,46561,57,1
1771374730.584791,39_3,39,das_work,10.760485887527466,48258,57,1
1771374740.5081675,39_3,39,tpc_commit,9.923364162445068,28795,58,1
1771374742.614235,39_3,39,tpc_commit,2.106060028076172,28795,58,1
1771374742.661352,38_3,38,das_work,7.01614236831665,48258,58,1
1771374750.4009106,38_3,38,tpc_commit,7.739547252655029,28795,59,1
1771374752.5511951,39_3,39,tpc_lock,8.779700517654419,46561,59,1
1771374754.5796957,39_3,39,tpc_lock,2.0284905433654785,46561,59,1
1771374754.616653,38_3,38,tpc_commit,4.215730428695679,28795,59,1
1771374762.389265,38_3,38,tpc_lock,6.778612852096558,46561,60,1
1771374766.5625267,39_3,39,das_work,9.032114505767822,48258,60,1
1771374766.5869036,38_3,38,tpc_lock,4.197628974914551,46561,60,1
1771374776.5633771,39_3,39,tpc_commit,10.000842332839966,28795,61,1
1771374778.5716543,39_3,39,tpc_commit,2.0082688331604004,28795,61,1
1771374778.5817337,38_3,38,das_work,6.864630937576294,48258,61,1
1771374786.3802392,38_3,38,tpc_commit,7.798497915267944,28795,62,1
1771374788.5080345,39_3,39,tpc_lock,9.157176494598389,46561,62,1
1771374790.5628414,39_3,39,tpc_lock,2.054797410964966,46561,62,1
1771374790.580133,38_3,38,tpc_commit,4.199881315231323,28795,62,1
1771374798.3805,38_3,38,tpc_lock,6.152248859405518,46561,63,1
1771374802.5756514,39_3,39,das_work,3.482395648956299,48258,63,1
1771374802.589352,38_3,38,tpc_lock,4.2088398933410645,46561,63,1
1771374812.4959912,39_3,39,tpc_commit,9.920332193374634,28795,64,1
1771374814.5685637,38_3,38,das_work,7.644367456436157,48258,64,1
1771374814.6377325,39_3,39,tpc_commit,2.141732692718506,28795,64,1
1771374822.3480914,38_3,38,tpc_commit,7.779520273208618,28795,65,1
1771374824.5042455,39_3,39,tpc_lock,8.912209749221802,46561,65,1
1771374826.5576923,38_3,38,tpc_commit,4.209592342376709,28795,65,1
1771374826.575427,39_3,39,tpc_lock,2.071171760559082,46561,65,1
1771374834.4042888,38_3,38,tpc_lock,7.291462421417236,46561,66,1
1771374838.575421,38_3,38,tpc_lock,4.171123027801514,46561,66,1
1771374838.595582,39_3,39,das_work,4.942643642425537,48258,66,1
1771374848.4990363,39_3,39,tpc_commit,9.90344524383545,28795,67,1
1771374850.6138434,39_3,39,tpc_commit,2.1147985458374023,28795,67,1
1771374850.6457694,38_3,38,das_work,7.467925548553467,48258,67,1
1771374858.344074,38_3,38,tpc_commit,7.698294162750244,28795,68,1
1771374860.4967551,39_3,39,tpc_lock,8.668256998062134,46561,68,1
1771374862.5585656,38_3,38,tpc_commit,4.214478015899658,28795,68,1
1771374862.5747406,39_3,39,tpc_lock,2.0779783725738525,46561,68,1
1771374870.3580663,38_3,38,tpc_lock,6.379373073577881,46561,69,1
1771374874.5615497,38_3,38,tpc_lock,4.2034759521484375,46561,69,1
1771374874.586306,39_3,39,das_work,4.294872999191284,48258,69,1
1771374884.4895785,39_3,39,tpc_commit,9.903262853622437,28795,70,1
1771374886.6033614,38_3,38,das_work,5.780689001083374,48258,70,1
1771374886.6151495,39_3,39,tpc_commit,2.125563144683838,28795,70,1
1771374894.406736,38_3,38,tpc_commit,7.803364038467407,28795,71,1
1771374896.5270996,39_4,39,tpc_lock,9.338130235671995,46549,71,1
1771374898.570263,38_3,38,tpc_commit,4.16351580619812,28795,71,1
1771374898.587243,39_4,39,tpc_lock,2.060133218765259,46549,71,1
1771374906.3688312,38_4,38,tpc_lock,7.0752904415130615,46549,72,1
1771374910.5714123,39_4,39,das_work,7.789387226104736,48258,72,1
1771374910.6046262,38_4,38,tpc_lock,4.235788106918335,46549,72,1
1771374920.5424726,39_4,39,tpc_commit,9.971050500869753,28783,73,1
1771374922.560048,39_4,39,tpc_commit,2.017566680908203,28783,73,1
1771374922.5997894,38_4,38,das_work,6.724337577819824,48258,73,1
1771374930.4054236,38_4,38,tpc_commit,7.805622577667236,28783,74,1
1771374932.4931014,39_4,39,tpc_lock,8.540987014770508,46561,74,1
1771374934.563647,39_4,39,tpc_lock,2.0705389976501465,46561,74,1
1771374934.569981,38_4,38,tpc_commit,4.164548397064209,28783,74,1
1771374942.3454134,38_4,38,tpc_lock,7.174295902252197,46561,75,1
1771374946.5622358,38_4,38,tpc_lock,4.21681022644043,46561,75,1
1771374946.5695186,39_4,39,das_work,9.315492391586304,48258,75,1
1771374956.4900074,39_4,39,tpc_commit,9.92047882080078,28795,76,1
1771374958.5681987,38_4,38,das_work,10.399067640304564,48258,76,1
1771374958.6455636,39_4,39,tpc_commit,2.1555445194244385,28795,76,1
1771374966.3836946,38_4,38,tpc_commit,7.815485954284668,28795,77,1
1771374968.5576074,39_4,39,tpc_lock,8.100605487823486,46549,77,1
1771374970.6078007,39_4,39,tpc_lock,2.0501842498779297,46549,77,1
1771374970.612365,38_4,38,tpc_commit,4.228659152984619,28795,77,1
1771374978.3473847,38_4,38,tpc_lock,6.461868047714233,46561,78,1
1771374982.5589478,38_4,38,tpc_lock,4.211552381515503,46561,78,1
1771374982.5726726,39_4,39,das_work,10.327230453491213,48258,78,1
1771374992.5602171,39_4,39,tpc_commit,9.987535238265991,28783,79,1
1771374994.5624847,39_4,39,tpc_commit,2.002260446548462,28783,79,1
1771374994.580717,38_4,38,das_work,2.2776424884796143,48258,79,1
1771375002.390299,38_4,38,tpc_commit,7.809571504592895,28795,80,1
1771375004.4997172,39_4,39,tpc_lock,8.427494764328003,46561,80,1
1771375006.5591738,39_4,39,tpc_lock,2.0594441890716557,46561,80,1
1771375006.601818,38_4,38,tpc_commit,4.211508750915527,28795,80,1
1771375014.318618,38_4,38,tpc_lock,6.904210805892944,46561,81,1
1771375018.5690818,38_4,38,tpc_lock,4.250453233718872,46561,81,1
1771375018.5922678,39_4,39,das_work,10.05767560005188,48258,81,1
1771375028.5112376,39_4,39,tpc_commit,9.918958902359009,28795,82,1
1771375030.5498345,39_4,39,tpc_commit,2.0385868549346924,28795,82,1
1771375030.5552163,38_4,38,das_work,6.445880174636841,48258,82,1
1771375038.3565907,38_4,38,tpc_commit,7.80136251449585,28795,83,1
1771375040.5659635,39_4,39,tpc_lock,8.113652229309082,46561,83,1
1771375042.5760872,38_4,38,tpc_commit,4.219484567642212,28795,83,1
1771375042.5768602,39_4,39,tpc_lock,2.010885000228882,46561,83,1
1771375050.3867514,38_4,38,tpc_lock,6.07671046257019,46561,84,1
1771375054.547593,38_4,38,tpc_lock,4.160830736160278,46561,84,1
1771375054.5661695,39_4,39,das_work,9.392691135406494,48258,84,1
1771375064.4722824,39_4,39,tpc_commit,9.906102895736694,28795,85,1
1771375066.5877044,39_4,39,tpc_commit,2.115414619445801,28795,85,1
1771375066.5897346,38_4,38,das_work,6.995503187179565,48258,85,1
1771375074.3221602,38_4,38,tpc_commit,7.732418060302734,28795,86,1
1771375078.5320077,38_4,38,tpc_commit,4.209837913513184,28795,86,1
1771374140.587411,3_0,3,tpc_lock,6.408817291259766,46561,8,1
1771374142.585176,3_0,3,tpc_lock,1.9977548122406008,46561,8,1
1771374150.4652278,2_0,2,tpc_lock,11.33028531074524,46561,9,1
1771374154.586296,3_0,3,das_work,7.62503457069397,48258,9,1
1771374154.600406,2_0,2,tpc_lock,4.135172128677368,46561,9,1
1771374164.554741,3_0,3,tpc_commit,9.96843671798706,28795,10,1
1771374166.5733678,2_0,2,das_work,8.447365283966064,48258,10,1
1771374166.6489098,3_0,3,tpc_commit,2.094157457351685,28795,10,1
1771374174.455478,2_0,2,tpc_commit,7.882096767425537,28795,11,1
1771374176.606347,3_0,3,tpc_lock,8.796807765960693,46561,11,1
1771374178.6211786,3_0,3,tpc_lock,2.014819622039795,46561,11,1
1771374178.621705,2_0,2,tpc_commit,4.166215896606445,28795,11,1
1771374186.4511409,2_0,2,tpc_lock,6.175226926803589,46561,12,1
1771374190.5987642,2_0,2,tpc_lock,4.147615909576416,46561,12,1
1771374190.636381,3_0,3,das_work,3.831464767456055,48258,12,1
1771374200.6016676,3_0,3,tpc_commit,9.965275764465332,28795,13,1
1771374202.649325,2_0,2,das_work,2.4110326766967773,48258,13,1
1771374202.6550932,3_0,3,tpc_commit,2.053415536880493,28795,13,1
1771374210.4458578,2_0,2,tpc_commit,7.796521425247192,28795,14,1
1771374212.5948503,3_0,3,tpc_lock,9.1868896484375,46561,14,1
1771374214.5995617,3_0,3,tpc_lock,2.004699230194092,46561,14,1
1771374214.6214943,2_0,2,tpc_commit,4.175625324249268,28795,14,1
1771374222.3889227,2_0,2,tpc_lock,6.697395086288452,46561,15,1
1771374226.6304786,3_0,3,das_work,2.13100814819336,48258,15,1
1771374226.6744876,2_0,2,tpc_lock,4.285557270050049,46561,15,1
1771374236.5708563,3_0,3,tpc_commit,9.940369606018066,28795,16,1
1771374238.6264236,3_0,3,tpc_commit,2.0555567741394043,28795,16,1
1771374238.6583729,2_0,2,das_work,10.828960418701172,48258,16,1
1771374246.385101,2_0,2,tpc_commit,7.726718902587891,28795,17,1
1771374248.5774815,3_0,3,tpc_lock,8.635927677154541,46561,17,1
1771374250.6116247,3_0,3,tpc_lock,2.034135103225708,46561,17,1
1771374250.6196263,2_0,2,tpc_commit,4.2345170974731445,28795,17,1
1771374258.4365673,2_0,2,tpc_lock,7.188345670700073,46561,18,1
1771374262.6893268,3_0,3,das_work,2.9953691959381104,48258,18,1
1771374262.7142851,2_0,2,tpc_lock,4.27770733833313,46561,18,1
1771374272.5393822,3_0,3,tpc_commit,9.850042819976808,28795,19,1
1771374274.6770854,3_0,3,tpc_commit,2.137695074081421,28795,19,1
1771374274.7226915,2_0,2,das_work,2.287802696228028,48258,19,1
1771374282.4077644,2_0,2,tpc_commit,7.685063362121582,28795,20,1
1771374284.6152234,3_0,3,tpc_lock,9.3459312915802,46561,20,1
1771374286.6828568,3_0,3,tpc_lock,2.067623376846313,46561,20,1
1771374286.6948469,2_0,2,tpc_commit,4.287074565887451,28795,20,1
1771374294.4144318,2_0,2,tpc_lock,6.598723411560059,46561,21,1
1771374298.642351,3_0,3,das_work,9.985269546508787,48258,21,1
1771374298.6929665,2_0,2,tpc_lock,4.2785258293151855,46561,21,1
1771374308.584435,3_0,3,tpc_commit,9.942073583602903,28795,22,1
1771374310.6176972,3_0,3,tpc_commit,2.033252477645874,28795,22,1
1771374310.6223214,2_0,2,das_work,4.9409143924713135,48258,22,1
1771374318.4579906,2_0,2,tpc_commit,7.8356614112854,28795,23,1
1771374320.5745063,3_1,3,tpc_lock,8.829975128173828,46561,23,1
1771374322.61772,3_1,3,tpc_lock,2.0432050228118896,46561,23,1
1771374322.6197238,2_0,2,tpc_commit,4.16172194480896,28795,23,1
1771374330.4008858,2_1,2,tpc_lock,6.099416732788086,46561,24,1
1771374334.624022,2_1,2,tpc_lock,4.223124504089356,46561,24,1
1771374334.6399653,3_1,3,das_work,8.504744529724121,48258,24,1
1771374344.560425,3_1,3,tpc_commit,9.920447826385498,28795,25,1
1771374346.6662655,2_1,2,das_work,5.370171070098877,48258,25,1
1771374346.676216,3_1,3,tpc_commit,2.11578106880188,28795,25,1
1771374354.3776925,2_1,2,tpc_commit,7.711414337158203,28795,26,1
1771374356.5590105,3_1,3,tpc_lock,9.158518075942991,46561,26,1
1771374358.6019025,3_1,3,tpc_lock,2.042881727218628,46561,26,1
1771374358.6630244,2_1,2,tpc_commit,4.285321474075317,28795,26,1
1771374366.4032671,2_1,2,tpc_lock,5.896160364151001,46561,27,1
1771374370.6100583,2_1,2,tpc_lock,4.206779003143311,46561,27,1
1771374370.6322696,3_1,3,das_work,10.102196216583252,48258,27,1
1771374380.5509996,3_1,3,tpc_commit,9.918657302856444,28795,28,1
1771374382.6680765,2_1,2,das_work,2.580632448196411,48258,28,1
1771374382.6785803,3_1,3,tpc_commit,2.127573251724243,28795,28,1
1771374390.372006,2_1,2,tpc_commit,7.703915596008301,28795,29,1
1771374392.5889697,3_1,3,tpc_lock,7.922496318817139,46561,29,1
1771374394.598647,2_1,2,tpc_commit,4.226631164550781,28795,29,1
1771374394.7030568,3_1,3,tpc_lock,2.114076852798462,46561,29,1
1771374402.4385996,2_1,2,tpc_lock,6.076396226882935,46561,30,1
1771374406.5936072,3_1,3,das_work,2.1460976600646973,48258,30,1
1771374406.6365426,2_1,2,tpc_lock,4.197931528091431,46561,30,1
1771374416.6030433,3_1,3,tpc_commit,10.009428262710571,28795,31,1
1771374418.652012,3_1,3,tpc_commit,2.048959255218506,28795,31,1
1771374418.6951797,2_1,2,das_work,2.3200433254241943,48258,31,1
1771374426.439715,2_1,2,tpc_commit,7.7445244789123535,28795,32,1
1771374428.5868232,3_1,3,tpc_lock,8.893434762954712,46561,32,1
1771374430.603615,2_1,2,tpc_commit,4.1638898849487305,28795,32,1
1771374430.6093478,3_1,3,tpc_lock,2.022513628005981,46561,32,1
1771374438.4314504,2_1,2,tpc_lock,6.0778117179870605,46561,33,1
1771374442.6603632,3_1,3,das_work,8.961368322372437,48258,33,1
1771374442.6828718,2_1,2,tpc_lock,4.25141167640686,46561,33,1
1771374452.5947573,3_1,3,tpc_commit,9.934383153915403,28795,34,1
1771374454.590972,2_1,2,das_work,8.715281963348389,48258,34,1
1771374454.6109903,3_1,3,tpc_commit,2.016225099563598,28795,34,1
1771374462.3923514,2_1,2,tpc_commit,7.801372766494751,28795,35,1
1771374464.555661,3_1,3,tpc_lock,8.622556209564209,46561,35,1
1771374466.6167245,3_1,3,tpc_lock,2.0610387325286865,46561,35,1
1771374466.6193275,2_1,2,tpc_commit,4.226967096328735,28795,35,1
1771374474.393416,2_1,2,tpc_lock,7.080930233001709,46561,36,1
1771374478.6035955,3_1,3,das_work,2.6925954818725586,48258,36,1
1771374478.6131446,2_1,2,tpc_lock,4.219716310501099,46561,36,1
1771374488.607533,3_1,3,tpc_commit,10.003929138183594,28795,37,1
1771374490.5888617,3_1,3,tpc_commit,1.981321096420288,28795,37,1
1771374490.603657,2_1,2,das_work,7.663755655288696,48258,37,1
1771374498.4229867,2_1,2,tpc_commit,7.819317817687988,28795,38,1
1771374500.529328,3_2,3,tpc_lock,8.557037591934204,46561,38,1
1771374502.5974054,3_2,3,tpc_lock,2.068066358566284,46561,38,1
1771374502.6463494,2_1,2,tpc_commit,4.22335147857666,28795,38,1
1771374510.4218507,2_2,2,tpc_lock,6.482634782791138,46561,39,1
1771374514.6169147,3_2,3,das_work,7.759846448898315,48258,39,1
1771374514.6364405,2_2,2,tpc_lock,4.214578866958618,46561,39,1
1771374524.5202603,3_2,3,tpc_commit,9.9033362865448,28795,40,1
1771374526.6561372,3_2,3,tpc_commit,2.13586950302124,28795,40,1
1771374526.6600122,2_2,2,das_work,2.981091260910034,48258,40,1
1771374534.438302,2_2,2,tpc_commit,7.778280019760132,28795,41,1
1771374536.5280762,3_2,3,tpc_lock,8.121779203414917,46549,41,1
1771374538.5852766,3_2,3,tpc_lock,2.057189702987671,46549,41,1
1771374538.6161833,2_2,2,tpc_commit,4.177851438522339,28795,41,1
1771374546.354554,2_2,2,tpc_lock,6.887778997421265,46561,42,1
1771374550.5885563,3_2,3,das_work,3.1646523475646973,48258,42,1
1771374550.6464107,2_2,2,tpc_lock,4.29184889793396,46561,42,1
1771374560.5644317,3_2,3,tpc_commit,9.975864887237549,28783,43,1
1771374562.6060247,3_2,3,tpc_commit,2.0415854454040527,28783,43,1
1771374562.6550534,2_2,2,das_work,8.525621175765991,48258,43,1
1771374570.358584,2_2,2,tpc_commit,7.7035205364227295,28795,44,1
1771374572.5287104,3_2,3,tpc_lock,9.045186519622805,46549,44,1
1771374574.5899377,3_2,3,tpc_lock,2.061215877532959,46549,44,1
1771374574.5917108,2_2,2,tpc_commit,4.233116865158081,28795,44,1
1771374582.4301963,2_2,2,tpc_lock,6.370468378067017,46561,45,1
1771374586.59063,2_2,2,tpc_lock,4.160423755645752,46561,45,1
1771374586.6299431,3_2,3,das_work,7.031060218811035,48258,45,1
1771374596.5393088,3_2,3,tpc_commit,9.909356832504272,28783,46,1
1771374598.5950787,3_2,3,tpc_commit,2.0557377338409424,28783,46,1
1771374598.649962,2_2,2,das_work,3.867499828338623,48258,46,1
1771374606.349753,2_2,2,tpc_commit,7.699779987335205,28795,47,1
1771374608.594024,3_2,3,tpc_lock,8.743402481079102,46561,47,1
1771374610.5793245,2_2,2,tpc_commit,4.229562759399414,28795,47,1
1771374610.604412,3_2,3,tpc_lock,2.010380744934082,46561,47,1
1771374618.4119954,2_2,2,tpc_lock,6.672965288162232,46561,48,1
1771374622.586518,3_2,3,das_work,3.301239490509033,48258,48,1
1771374622.6412446,2_2,2,tpc_lock,4.229239463806152,46561,48,1
1771374632.5241587,3_2,3,tpc_commit,9.937628030776978,28795,49,1
1771374634.651596,3_2,3,tpc_commit,2.127429246902466,28795,49,1
1771374634.6644523,2_2,2,das_work,9.521641969680786,48258,49,1
1771374642.3644528,2_2,2,tpc_commit,7.699993371963501,28795,50,1
1771374644.5532548,3_2,3,tpc_lock,8.03213357925415,46561,50,1
1771374646.600303,2_2,2,tpc_commit,4.235838890075684,28795,50,1
1771374646.6043055,3_2,3,tpc_lock,2.051039695739746,46561,50,1
1771374654.349613,2_2,2,tpc_lock,6.784804821014404,46561,51,1
1771374658.5859103,2_2,2,tpc_lock,4.236284732818604,46561,51,1
1771374658.6187668,3_2,3,das_work,7.03061842918396,48258,51,1
1771374668.515286,3_2,3,tpc_commit,9.896509408950806,28795,52,1
1771374670.6330085,2_2,2,das_work,10.521726369857788,48258,52,1
1771374670.662418,3_2,3,tpc_commit,2.147122859954834,28795,52,1
1771374678.4281178,2_2,2,tpc_commit,7.79509973526001,28795,53,1
1771374680.521566,3_3,3,tpc_lock,8.346706628799438,46561,53,1
1771374682.6446872,2_2,2,tpc_commit,4.216557264328003,28795,53,1
1771374682.6560657,3_3,3,tpc_lock,2.1344916820526123,46561,53,1
1771374690.3670447,2_3,2,tpc_lock,6.781722068786621,46561,54,1
1771374694.5825431,2_3,2,tpc_lock,4.215488433837891,46561,54,1
1771374694.6009014,3_3,3,das_work,6.868743419647217,48258,54,1
1771374704.520758,3_3,3,tpc_commit,9.919847011566162,28795,55,1
1771374706.585431,3_3,3,tpc_commit,2.064661979675293,28795,55,1
1771374706.646787,2_3,2,das_work,3.576484203338623,48258,55,1
1771374714.3454714,2_3,2,tpc_commit,7.698672294616699,28795,56,1
1771374716.5547924,3_3,3,tpc_lock,8.940372705459595,46549,56,1
1771374718.5638402,2_3,2,tpc_commit,4.21835994720459,28795,56,1
1771374718.6269948,3_3,3,tpc_lock,2.072194576263428,46549,56,1
1771374726.4085338,2_3,2,tpc_lock,7.278313398361206,46561,57,1
1771374730.5724046,2_3,2,tpc_lock,4.163862705230713,46561,57,1
1771374730.5761297,3_3,3,das_work,7.580782890319824,48258,57,1
1771374740.500602,3_3,3,tpc_commit,9.92446517944336,28783,58,1
1771374742.6060145,3_3,3,tpc_commit,2.1054046154022217,28783,58,1
1771374742.6078448,2_3,2,das_work,8.70934510231018,48258,58,1
1771374750.3428466,2_3,2,tpc_commit,7.734992027282715,28795,59,1
1771374752.5776412,3_3,3,tpc_lock,9.142574787139893,46561,59,1
1771374754.57277,2_3,2,tpc_commit,4.229910850524902,28795,59,1
1771374754.6202328,3_3,3,tpc_lock,2.042579174041748,46561,59,1
1771374762.3963664,2_3,2,tpc_lock,7.284944772720337,46561,60,1
1771374766.6038637,2_3,2,tpc_lock,4.207486152648926,46561,60,1
1771374766.611313,3_3,3,das_work,6.33376145362854,48258,60,1
1771374776.510276,3_3,3,tpc_commit,9.898954629898071,28795,61,1
1771374778.5741918,3_3,3,tpc_commit,2.063904285430908,28795,61,1
1771374778.6262996,2_3,2,das_work,8.889879703521729,48258,61,1
1771374786.4135642,2_3,2,tpc_commit,7.787253618240356,28795,62,1
1771374788.5165217,3_3,3,tpc_lock,8.819039106369019,46561,62,1
1771374790.589831,3_3,3,tpc_lock,2.073281764984131,46561,62,1
1771374790.5944333,2_3,2,tpc_commit,4.180856704711914,28795,62,1
1771374798.343407,2_3,2,tpc_lock,5.757688999176025,46561,63,1
1771374802.5603433,2_3,2,tpc_lock,4.216927766799927,46561,63,1
1771374802.5677347,3_3,3,das_work,10.824914932250977,48258,63,1
1771374812.5749962,3_3,3,tpc_commit,10.007227182388306,28795,64,1
1771374814.5612974,3_3,3,tpc_commit,1.9862902164459229,28795,64,1
1771374814.592005,2_3,2,das_work,4.516774654388428,48258,64,1
1771374822.377818,2_3,2,tpc_commit,7.785803318023682,28795,65,1
1771374824.573137,3_3,3,tpc_lock,8.506455898284912,46561,65,1
1771374826.5688505,2_3,2,tpc_commit,4.191023588180542,28795,65,1
1771374826.6136923,3_3,3,tpc_lock,2.040541648864746,46561,65,1
1771374834.3474777,2_3,2,tpc_lock,6.877555847167969,46561,66,1
1771374838.560629,3_3,3,das_work,5.922590255737305,48258,66,1
1771374838.6253445,2_3,2,tpc_lock,4.277856349945068,46561,66,1
1771374848.5110788,3_3,3,tpc_commit,9.95044231414795,28795,67,1
1771374850.5583982,3_3,3,tpc_commit,2.047309637069702,28795,67,1
1771374850.62947,2_3,2,das_work,9.147468566894531,48258,67,1
1771374858.3925428,2_3,2,tpc_commit,7.763062000274658,28795,68,1
1771374860.57018,3_4,3,tpc_lock,8.602114915847778,46549,68,1
1771374862.6025846,3_4,3,tpc_lock,2.0323965549468994,46549,68,1
1771374862.6482184,2_3,2,tpc_commit,4.255664587020874,28795,68,1
1771374870.3936138,2_4,2,tpc_lock,6.563928604125977,46561,69,1
1771374874.5519428,3_4,3,das_work,6.249356269836426,48258,69,1
1771374874.5686796,2_4,2,tpc_lock,4.1750569343566895,46561,69,1
1771374884.506267,3_4,3,tpc_commit,9.954317092895508,28783,70,1
1771374886.565287,2_4,2,das_work,3.4301700592041016,48258,70,1
1771374886.6291208,3_4,3,tpc_commit,2.122844934463501,28783,70,1
1771374894.364532,2_4,2,tpc_commit,7.79923415184021,28795,71,1
1771374896.5002525,3_4,3,tpc_lock,8.454663753509521,46561,71,1
1771374898.57559,2_4,2,tpc_commit,4.211047410964966,28795,71,1
1771374898.6145203,3_4,3,tpc_lock,2.114256858825684,46561,71,1
1771374906.3257906,2_4,2,tpc_lock,7.191454648971558,46561,72,1
1771374910.5618794,2_4,2,tpc_lock,4.23607873916626,46561,72,1
1771374910.6299295,3_4,3,das_work,6.024182319641113,48258,72,1
1771374920.5176077,3_4,3,tpc_commit,9.8876690864563,28795,73,1
1771374922.5504022,3_4,3,tpc_commit,2.0327842235565186,28795,73,1
1771374922.550979,2_4,2,das_work,2.76526403427124,48258,73,1
1771374930.342792,2_4,2,tpc_commit,7.79180645942688,28795,74,1
1771374932.4920363,3_4,3,tpc_lock,9.160024881362917,46561,74,1
1771374934.5535266,3_4,3,tpc_lock,2.061483144760132,46561,74,1
1771374934.5793505,2_4,2,tpc_commit,4.236549615859985,28795,74,1
1771374942.3946352,2_4,2,tpc_lock,6.572538614273071,46561,75,1
1771374946.5611908,3_4,3,das_work,6.9074788093566895,48258,75,1
1771374946.568169,2_4,2,tpc_lock,4.173525094985962,46561,75,1
1771374956.4861276,3_4,3,tpc_commit,9.924927473068236,28795,76,1
1771374958.572281,3_4,3,tpc_commit,2.086144208908081,28795,76,1
1771374958.5813158,2_4,2,das_work,4.342090606689453,48258,76,1
1771374966.3522234,2_4,2,tpc_commit,7.770897150039673,28795,77,1
1771374968.4893606,3_4,3,tpc_lock,8.967890977859497,46561,77,1
1771374970.546582,2_4,2,tpc_commit,4.194350957870483,28795,77,1
1771374970.6097264,3_4,3,tpc_lock,2.120358228683472,46561,77,1
1771374978.373361,2_4,2,tpc_lock,6.8756067752838135,46549,78,1
1771374982.573431,3_4,3,das_work,4.644221067428589,48258,78,1
1771374982.5978224,2_4,2,tpc_lock,4.224448919296265,46549,78,1
1771374992.5620372,3_4,3,tpc_commit,9.98859405517578,28795,79,1
1771374994.550864,3_4,3,tpc_commit,1.988816499710083,28795,79,1
1771374994.5515485,2_4,2,das_work,6.4976966381073,48258,79,1
1771375002.338632,2_4,2,tpc_commit,7.787075996398926,28783,80,1
1771375004.4958673,3_4,3,tpc_lock,8.454581260681152,46561,80,1
1771375006.612372,2_4,2,tpc_commit,4.273726224899292,28783,80,1
1771375006.6138785,3_4,3,tpc_lock,2.118004560470581,46561,80,1
1771375014.347974,2_4,2,tpc_lock,5.874309062957764,46561,81,1
1771375018.5770216,3_4,3,das_work,6.179593086242676,48258,81,1
1771375018.6496377,2_4,2,tpc_lock,4.301656007766724,46561,81,1
1771375028.5107102,3_4,3,tpc_commit,9.93367838859558,28795,82,1
1771375030.5693097,3_4,3,tpc_commit,2.058588981628418,28795,82,1
1771375030.622821,2_4,2,das_work,10.582289934158323,48258,82,1
1771375038.403811,2_4,2,tpc_commit,7.78097939491272,28795,83,1
1771375042.59617,2_4,2,tpc_commit,4.192346572875977,28795,83,1
1771374174.4332263,40_0,40,tpc_lock,2.6078014373779297,46561,11,1
1771374178.5870554,40_0,40,tpc_lock,4.153820276260376,46561,11,1
1771374188.5641038,41_0,41,tpc_lock,10.771820783615112,46561,12,1
1771374190.584792,41_0,41,tpc_lock,2.020681619644165,46561,12,1
1771374190.5861516,40_0,40,das_work,6.689123153686523,48258,12,1
1771374198.4157531,40_0,40,tpc_commit,7.829591512680054,28795,13,1
1771374202.5875533,41_0,41,das_work,4.165409803390503,48258,13,1
1771374202.5890262,40_0,40,tpc_commit,4.173264980316162,28795,13,1
1771374210.3807385,40_0,40,tpc_lock,6.289422988891602,46549,14,1
1771374212.598903,41_0,41,tpc_commit,10.01134181022644,28795,14,1
1771374214.620787,41_0,41,tpc_commit,2.0218727588653564,28795,14,1
1771374214.6314044,40_0,40,tpc_lock,4.2506103515625,46549,14,1
1771374224.5667512,41_0,41,tpc_lock,8.719592094421387,46561,15,1
1771374226.6143093,41_0,41,tpc_lock,2.04754900932312,46561,15,1
1771374226.6813126,40_0,40,das_work,7.291918754577637,48258,15,1
1771374234.3833797,40_0,40,tpc_commit,7.702059030532837,28783,16,1
1771374238.6359737,40_0,40,tpc_commit,4.2525835037231445,28783,16,1
1771374238.649429,41_0,41,das_work,2.1031510829925537,48258,16,1
1771374246.4549613,40_0,40,tpc_lock,6.809343576431274,46561,17,1
1771374248.560333,41_0,41,tpc_commit,9.910892724990845,28795,17,1
1771374250.6271422,41_0,41,tpc_commit,2.066798448562622,28795,17,1
1771374250.660159,40_0,40,tpc_lock,4.205188274383545,46561,17,1
1771374260.553066,41_0,41,tpc_lock,8.835174798965454,46561,18,1
1771374262.6703565,41_0,41,tpc_lock,2.1172778606414795,46561,18,1
1771374262.7067533,40_0,40,das_work,3.538173198699951,48258,18,1
1771374270.3908088,40_0,40,tpc_commit,7.684043884277344,28795,19,1
1771374274.6171126,40_0,40,tpc_commit,4.226294755935669,28795,19,1
1771374274.6223185,41_0,41,das_work,8.954802513122559,48258,19,1
1771374282.3794813,40_0,40,tpc_lock,6.282178163528442,46561,20,1
1771374284.545189,41_0,41,tpc_commit,9.92285966873169,28795,20,1
1771374286.689134,40_0,40,tpc_lock,4.3096442222595215,46561,20,1
1771374286.7007048,41_0,41,tpc_commit,2.155507802963257,28795,20,1
1771374296.6052852,41_0,41,tpc_lock,8.947710275650024,46561,21,1
1771374298.6037552,41_0,41,tpc_lock,1.998460292816162,46561,21,1
1771374298.6192043,40_0,40,das_work,3.103246688842773,48258,21,1
1771374306.4528413,40_0,40,tpc_commit,7.833625078201294,28795,22,1
1771374310.656807,40_0,40,tpc_commit,4.203953742980957,28795,22,1
1771374310.6893947,41_0,41,das_work,8.003857135772705,48258,22,1
1771374318.4271736,40_0,40,tpc_lock,7.237819194793701,46549,23,1
1771374320.5870347,41_0,41,tpc_commit,9.897629261016846,28795,23,1
1771374322.6081524,41_0,41,tpc_commit,2.021106243133545,28795,23,1
1771374322.696841,40_0,40,tpc_lock,4.26965856552124,46549,23,1
1771374332.5556824,41_0,41,tpc_lock,8.433403015136719,46561,24,1
1771374334.618293,41_0,41,tpc_lock,2.0626001358032227,46561,24,1
1771374334.6737506,40_0,40,das_work,2.2796733379364014,48258,24,1
1771374342.3712263,40_0,40,tpc_commit,7.697465896606445,28783,25,1
1771374346.6117015,41_0,41,das_work,8.71830677986145,48258,25,1
1771374346.6278818,40_0,40,tpc_commit,4.256646633148193,28783,25,1
1771374354.4170573,40_1,40,tpc_lock,7.001258373260498,46561,26,1
1771374356.5867422,41_0,41,tpc_commit,9.975030183792114,28795,26,1
1771374358.614207,40_1,40,tpc_lock,4.197139263153076,46561,26,1
1771374358.6423872,41_0,41,tpc_commit,2.055635690689087,28795,26,1
1771374368.598816,41_1,41,tpc_lock,8.72651219367981,46561,27,1
1771374370.5960348,40_1,40,das_work,6.823464393615723,48258,27,1
1771374370.607778,41_1,41,tpc_lock,2.0089497566223145,46561,27,1
1771374378.4029872,40_1,40,tpc_commit,7.806944370269775,28795,28,1
1771374382.623681,40_1,40,tpc_commit,4.220681667327881,28795,28,1
1771374382.6244884,41_1,41,das_work,4.054171800613403,48258,28,1
1771374390.4367876,40_1,40,tpc_lock,7.083913087844849,46561,29,1
1771374392.568253,41_1,41,tpc_commit,9.943755388259888,28795,29,1
1771374394.6565533,40_1,40,tpc_lock,4.21975564956665,46561,29,1
1771374394.6989007,41_1,41,tpc_commit,2.130640983581543,28795,29,1
1771374404.6029356,41_1,41,tpc_lock,9.132943868637083,46549,30,1
1771374406.6538582,41_1,41,tpc_lock,2.050912380218506,46549,30,1
1771374406.660829,40_1,40,das_work,8.802409172058105,48258,30,1
1771374414.4460008,40_1,40,tpc_commit,7.785161972045898,28795,31,1
1771374418.636981,40_1,40,tpc_commit,4.190970659255981,28795,31,1
1771374418.6921227,41_1,41,das_work,11.02311372756958,48258,31,1
1771374426.4334033,40_1,40,tpc_lock,7.149041891098023,46549,32,1
1771374428.5940282,41_1,41,tpc_commit,9.90189528465271,28783,32,1
1771374430.591054,41_1,41,tpc_commit,1.9970147609710691,28783,32,1
1771374430.6608992,40_1,40,tpc_lock,4.227488279342651,46549,32,1
1771374440.558489,41_1,41,tpc_lock,9.292276382446287,46561,33,1
1771374442.6171556,40_1,40,das_work,10.62723708152771,48258,33,1
1771374442.6251562,41_1,41,tpc_lock,2.0666582584381104,46561,33,1
1771374450.4334824,40_1,40,tpc_commit,7.816317558288574,28783,34,1
1771374454.5948982,41_1,41,das_work,3.8533639907836914,48258,34,1
1771374454.6204813,40_1,40,tpc_commit,4.186988353729248,28783,34,1
1771374462.4032598,40_1,40,tpc_lock,7.080545663833618,46561,35,1
1771374464.5547605,41_1,41,tpc_commit,9.959853887557983,28795,35,1
1771374466.6136503,40_1,40,tpc_lock,4.210379123687744,46561,35,1
1771374466.6311293,41_1,41,tpc_commit,2.0763590335845947,28795,35,1
1771374476.5977566,41_1,41,tpc_lock,9.127050638198853,46561,36,1
1771374478.6146326,41_1,41,tpc_lock,2.0168652534484863,46561,36,1
1771374478.6457584,40_1,40,das_work,3.1845059394836426,48258,36,1
1771374486.426031,40_1,40,tpc_commit,7.780261993408203,28795,37,1
1771374490.589683,40_1,40,tpc_commit,4.163639545440674,28795,37,1
1771374490.603937,41_1,41,das_work,10.153059720993042,48258,37,1
1771374498.4268415,40_1,40,tpc_lock,6.921838760375977,46549,38,1
1771374500.5835297,41_1,41,tpc_commit,9.97958278656006,28795,38,1
1771374502.5918276,40_1,40,tpc_lock,4.164971351623535,46549,38,1
1771374502.6186695,41_1,41,tpc_commit,2.035129308700561,28795,38,1
1771374512.534376,41_1,41,tpc_lock,9.052473783493042,46561,39,1
1771374514.5971112,41_1,41,tpc_lock,2.06272292137146,46561,39,1
1771374514.6295636,40_1,40,das_work,5.110349416732788,48258,39,1
1771374522.4068174,40_1,40,tpc_commit,7.777245998382568,28783,40,1
1771374526.650048,41_1,41,das_work,7.539936542510986,48258,40,1
1771374526.654418,40_1,40,tpc_commit,4.247590065002441,28783,40,1
1771374534.3989215,40_2,40,tpc_lock,7.096190929412842,46549,41,1
1771374536.5900345,41_1,41,tpc_commit,9.939977407455444,28795,41,1
1771374538.6063137,40_2,40,tpc_lock,4.207379102706909,46549,41,1
1771374538.6069407,41_1,41,tpc_commit,2.016894817352295,28795,41,1
1771374548.526454,41_2,41,tpc_lock,7.995398998260498,46561,42,1
1771374550.5852623,40_2,40,das_work,10.227545261383057,48258,42,1
1771374550.587279,41_2,41,tpc_lock,2.0608158111572266,46561,42,1
1771374558.4278717,40_2,40,tpc_commit,7.842601299285889,28783,43,1
1771374562.5983112,41_2,41,das_work,10.03752613067627,48258,43,1
1771374562.638761,40_2,40,tpc_commit,4.2108776569366455,28783,43,1
1771374570.361033,40_2,40,tpc_lock,6.366346836090088,46561,44,1
1771374572.5538442,41_2,41,tpc_commit,9.95552396774292,28795,44,1
1771374574.5931716,40_2,40,tpc_lock,4.2321295738220215,46561,44,1
1771374574.5940032,41_2,41,tpc_commit,2.0401501655578613,28795,44,1
1771374584.5387614,41_2,41,tpc_lock,8.62210464477539,46561,45,1
1771374586.5968904,40_2,40,das_work,6.54868745803833,48258,45,1
1771374586.598444,41_2,41,tpc_lock,2.059671640396118,46561,45,1
1771374594.3886943,40_2,40,tpc_commit,7.791794776916504,28795,46,1
1771374598.5882795,40_2,40,tpc_commit,4.19957447052002,28795,46,1
1771374598.6433036,41_2,41,das_work,9.134926319122314,48258,46,1
1771374606.4153342,40_2,40,tpc_lock,6.786739110946655,46561,47,1
1771374608.5187082,41_2,41,tpc_commit,9.875394582748411,28795,47,1
1771374610.582552,41_2,41,tpc_commit,2.063833236694336,28795,47,1
1771374610.6462762,40_2,40,tpc_lock,4.230930328369141,46561,47,1
1771374620.53333,41_2,41,tpc_lock,9.013721466064451,46561,48,1
1771374622.575747,40_2,40,das_work,3.0863614082336426,48258,48,1
1771374622.6364875,41_2,41,tpc_lock,2.103149890899658,46561,48,1
1771374630.3484054,40_2,40,tpc_commit,7.772648811340332,28795,49,1
1771374634.580318,40_2,40,tpc_commit,4.231904983520508,28795,49,1
1771374634.6386082,41_2,41,das_work,10.529853582382202,48258,49,1
1771374642.3514404,40_2,40,tpc_lock,6.598256826400757,46549,50,1
1771374644.5920436,41_2,41,tpc_commit,9.953423261642456,28795,50,1
1771374646.5763764,40_2,40,tpc_lock,4.224926948547363,46549,50,1
1771374646.6399145,41_2,41,tpc_commit,2.047860145568848,28795,50,1
1771374656.5828707,41_2,41,tpc_lock,9.324897527694702,46561,51,1
1771374658.6372514,41_2,41,tpc_lock,2.054371118545532,46561,51,1
1771374658.6505787,40_2,40,das_work,7.474507570266724,48258,51,1
1771374666.4301066,40_2,40,tpc_commit,7.779518604278564,28783,52,1
1771374670.5851572,40_2,40,tpc_commit,4.15504002571106,28783,52,1
1771374670.6020384,41_2,41,das_work,7.994980812072754,48258,52,1
1771374678.4211884,40_2,40,tpc_lock,7.198013067245483,46549,53,1
1771374680.519652,41_2,41,tpc_commit,9.917601823806764,28795,53,1
1771374682.6043212,41_2,41,tpc_commit,2.084656238555908,28795,53,1
1771374682.613659,40_2,40,tpc_lock,4.19245982170105,46549,53,1
1771374692.564372,41_2,41,tpc_lock,9.34467887878418,46549,54,1
1771374694.5683262,41_2,41,tpc_lock,2.0039448738098145,46549,54,1
1771374694.589259,40_2,40,das_work,4.646839618682861,48258,54,1
1771374702.378512,40_2,40,tpc_commit,7.789220333099365,28783,55,1
1771374706.5866735,41_2,41,das_work,5.149941682815552,48258,55,1
1771374706.662028,40_2,40,tpc_commit,4.283505439758301,28783,55,1
1771374714.351038,40_3,40,tpc_lock,6.202143907546997,46561,56,1
1771374716.5375724,41_2,41,tpc_commit,9.950886964797974,28783,56,1
1771374718.564219,40_3,40,tpc_lock,4.213170289993286,46561,56,1
1771374718.5652566,41_2,41,tpc_commit,2.0276758670806885,28783,56,1
1771374728.586685,41_3,41,tpc_lock,9.225286722183228,46561,57,1
1771374730.632153,41_3,41,tpc_lock,2.045457363128662,46561,57,1
1771374730.6372612,40_3,40,das_work,8.167443752288818,48258,57,1
1771374738.3868375,40_3,40,tpc_commit,7.749567031860352,28795,58,1
1771374742.575627,40_3,40,tpc_commit,4.188780307769775,28795,58,1
1771374742.6637218,41_3,41,das_work,5.475786685943604,48258,58,1
1771374750.3678436,40_3,40,tpc_lock,7.285156726837158,46549,59,1
1771374752.5066624,41_3,41,tpc_commit,9.842930555343628,28795,59,1
1771374754.5962262,40_3,40,tpc_lock,4.228370428085327,46549,59,1
1771374754.6262467,41_3,41,tpc_commit,2.1195764541625977,28795,59,1
1771374764.5776172,41_3,41,tpc_lock,8.918385744094849,46561,60,1
1771374766.5678198,40_3,40,das_work,2.6499345302581787,48258,60,1
1771374766.5868652,41_3,41,tpc_lock,2.009237051010132,46561,60,1
1771374774.3595052,40_3,40,tpc_commit,7.791677474975586,28783,61,1
1771374778.5752013,40_3,40,tpc_commit,4.21568775177002,28783,61,1
1771374778.5863132,41_3,41,das_work,4.151835918426514,48258,61,1
1771374786.338995,40_3,40,tpc_lock,6.782795667648315,46561,62,1
1771374788.5344746,41_3,41,tpc_commit,9.94815182685852,28795,62,1
1771374790.5735528,41_3,41,tpc_commit,2.0390686988830566,28795,62,1
1771374790.6383138,40_3,40,tpc_lock,4.299309015274048,46561,62,1
1771374800.5237415,41_3,41,tpc_lock,8.411245346069336,46549,63,1
1771374802.6062202,41_3,41,tpc_lock,2.0824644565582275,46549,63,1
1771374802.621844,40_3,40,das_work,5.333287954330444,48258,63,1
1771374810.377392,40_3,40,tpc_commit,7.75553822517395,28795,64,1
1771374814.5787318,41_3,41,das_work,6.950756549835205,48258,64,1
1771374814.6156497,40_3,40,tpc_commit,4.238245964050293,28795,64,1
1771374822.4088187,40_3,40,tpc_lock,6.677426338195801,46561,65,1
1771374824.5141244,41_3,41,tpc_commit,9.93538236618042,28783,65,1
1771374826.6095805,41_3,41,tpc_commit,2.095447063446045,28783,65,1
1771374826.6123943,40_3,40,tpc_lock,4.203566074371338,46561,65,1
1771374836.5679293,41_3,41,tpc_lock,9.434094190597534,46561,66,1
1771374838.561307,40_3,40,das_work,2.3602771759033203,48258,66,1
1771374838.6130955,41_3,41,tpc_lock,2.045154571533203,46561,66,1
1771374846.3301983,40_3,40,tpc_commit,7.7688798904418945,28795,67,1
1771374850.6069076,41_3,41,das_work,8.477763175964355,48258,67,1
1771374850.6441314,40_3,40,tpc_commit,4.313924312591553,28795,67,1
1771374858.3446865,40_3,40,tpc_lock,6.629222631454468,46561,68,1
1771374860.5700574,41_3,41,tpc_commit,9.963138341903688,28795,68,1
1771374862.5937784,40_3,40,tpc_lock,4.24907922744751,46561,68,1
1771374862.6204245,41_3,41,tpc_commit,2.0503573417663574,28795,68,1
1771374872.543351,41_3,41,tpc_lock,8.925734519958496,46549,69,1
1771374874.5895574,40_3,40,das_work,6.107609987258911,48258,69,1
1771374874.603293,41_3,41,tpc_lock,2.0599331855773926,46549,69,1
1771374882.3541746,40_3,40,tpc_commit,7.764607906341553,28795,70,1
1771374886.5551162,40_3,40,tpc_commit,4.200932502746582,28795,70,1
1771374886.5642076,41_3,41,das_work,3.673377752304077,48258,70,1
1771374894.3280666,40_4,40,tpc_lock,5.821953535079956,46561,71,1
1771374896.5578642,41_3,41,tpc_commit,9.993621349334717,28783,71,1
1771374898.5731225,40_4,40,tpc_lock,4.24504828453064,46561,71,1
1771374898.5820706,41_3,41,tpc_commit,2.0241951942443848,28783,71,1
1771374908.517401,41_4,41,tpc_lock,8.73377513885498,46561,72,1
1771374910.5582013,41_4,41,tpc_lock,2.0407893657684326,46561,72,1
1771374910.622287,40_4,40,das_work,5.308070421218872,48258,72,1
1771374918.3738906,40_4,40,tpc_commit,7.751591682434082,28795,73,1
1771374922.5656056,40_4,40,tpc_commit,4.191702365875244,28795,73,1
1771374922.577667,41_4,41,das_work,3.999323606491089,48258,73,1
1771374930.3336234,40_4,40,tpc_lock,6.471636056900024,46561,74,1
1771374932.552143,41_4,41,tpc_commit,9.974465370178224,28795,74,1
1771374934.5783277,40_4,40,tpc_lock,4.244697093963623,46561,74,1
1771374934.6169002,41_4,41,tpc_commit,2.064746141433716,28795,74,1
1771374944.5033302,41_4,41,tpc_lock,8.20003366470337,46549,75,1
1771374946.558727,41_4,41,tpc_lock,2.055387258529663,46549,75,1
1771374946.622219,40_4,40,das_work,3.4952139854431152,48258,75,1
1771374954.36299,40_4,40,tpc_commit,7.740689992904663,28795,76,1
1771374958.5789611,40_4,40,tpc_commit,4.215960741043091,28795,76,1
1771374958.6380851,41_4,41,das_work,3.5840933322906494,48258,76,1
1771374966.38895,40_4,40,tpc_lock,6.983764410018921,46561,77,1
1771374968.561272,41_4,41,tpc_commit,9.923176765441896,28783,77,1
1771374970.5444903,41_4,41,tpc_commit,1.9832079410552976,28783,77,1
1771374970.6050751,40_4,40,tpc_lock,4.216114521026611,46561,77,1
1771374980.4980116,41_4,41,tpc_lock,9.01402735710144,46561,78,1
1771374982.5492132,40_4,40,das_work,9.323509216308594,48258,78,1
1771374982.578691,41_4,41,tpc_lock,2.080669641494751,46561,78,1
1771374990.3197205,40_4,40,tpc_commit,7.770498991012573,28795,79,1
1771374994.5653656,40_4,40,tpc_commit,4.245636701583862,28795,79,1
1771374994.6126325,41_4,41,das_work,3.076584577560425,48258,79,1
1771375002.406882,40_4,40,tpc_lock,6.171620607376099,46561,80,1
1771375004.4953592,41_4,41,tpc_commit,9.882719039916992,28795,80,1
1771375006.564036,41_4,41,tpc_commit,2.068665742874145,28795,80,1
1771375006.6097827,40_4,40,tpc_lock,4.202890157699585,46561,80,1
1771375016.5580552,41_4,41,tpc_lock,8.423892736434937,46561,81,1
1771375018.5699637,41_4,41,tpc_lock,2.011897087097168,46561,81,1
1771375018.585044,40_4,40,das_work,6.499027729034424,48258,81,1
1771375026.40019,40_4,40,tpc_commit,7.815134763717651,28795,82,1
1771375030.5648377,40_4,40,tpc_commit,4.164637088775635,28795,82,1
1771375030.5927896,41_4,41,das_work,6.194119930267334,48258,82,1
1771375038.361931,40_4,40,tpc_lock,6.066343069076538,46561,83,1
1771375040.5479252,41_4,41,tpc_commit,9.955125093460085,28795,83,1
1771375042.5720842,41_4,41,tpc_commit,2.024133682250977,28795,83,1
1771375042.580499,40_4,40,tpc_lock,4.218557834625244,46561,83,1
1771375052.4800508,41_4,41,tpc_lock,8.93402647972107,46561,84,1
1771375054.5405395,40_4,40,das_work,8.192260503768921,48258,84,1
1771375054.5848656,41_4,41,tpc_lock,2.104772090911865,46561,84,1
1771375062.3228407,40_4,40,tpc_commit,7.782268762588501,28795,85,1
1771375066.532727,40_4,40,tpc_commit,4.209875822067261,28795,85,1
1771375066.5930855,41_4,41,das_work,5.183496475219727,48258,85,1
1771375076.509947,41_4,41,tpc_commit,9.91685152053833,28795,86,1
1771375078.552735,41_4,41,tpc_commit,2.0426347255706787,28795,86,1
1771374176.5913384,43_0,43,tpc_lock,0.3560056686401367,46561,11,1
1771374178.614805,43_0,43,tpc_lock,2.023458480834961,46561,11,1
1771374186.3760896,42_0,42,tpc_lock,7.0890278816223145,46549,12,1
1771374190.61803,42_0,42,tpc_lock,4.241931915283203,46549,12,1
1771374190.6562047,43_0,43,das_work,4.461309909820557,48258,12,1
1771374200.6307683,43_0,43,tpc_commit,9.974553346633911,28795,13,1
1771374202.5858104,43_0,43,tpc_commit,1.9550273418426516,28795,13,1
1771374202.6505733,42_0,42,das_work,8.239742279052734,48258,13,1
1771374210.407177,42_0,42,tpc_commit,7.756592988967895,28783,14,1
1771374212.5493755,43_0,43,tpc_lock,8.845593690872192,46561,14,1
1771374214.6007285,42_0,42,tpc_commit,4.193518161773682,28783,14,1
1771374214.6521907,43_0,43,tpc_lock,2.102802991867065,46561,14,1
1771374222.4238584,42_0,42,tpc_lock,6.809662342071533,46549,15,1
1771374226.6288884,43_0,43,das_work,3.998701810836792,48258,15,1
1771374226.6446714,42_0,42,tpc_lock,4.220803737640381,46549,15,1
1771374236.5743392,43_0,43,tpc_commit,9.945440769195557,28795,16,1
1771374238.6284077,43_0,43,tpc_commit,2.0540590286254883,28795,16,1
1771374238.6422863,42_0,42,das_work,10.55902338027954,48258,16,1
1771374246.4019787,42_0,42,tpc_commit,7.759682178497314,28783,17,1
1771374248.5543792,43_0,43,tpc_lock,8.486412286758423,46561,17,1
1771374250.6748607,43_0,43,tpc_lock,2.1204700469970703,46561,17,1
1771374250.6965785,42_0,42,tpc_commit,4.294588565826416,28783,17,1
1771374258.4571505,42_0,42,tpc_lock,5.866389513015747,46549,18,1
1771374262.6604471,42_0,42,tpc_lock,4.20328688621521,46549,18,1
1771374262.685495,43_0,43,das_work,6.969579219818115,48258,18,1
1771374272.6051965,43_0,43,tpc_commit,9.919692277908323,28795,19,1
1771374274.6109364,42_0,42,das_work,8.098561763763428,48258,19,1
1771374274.6127503,43_0,43,tpc_commit,2.0075438022613525,28795,19,1
1771374282.389228,42_0,42,tpc_commit,7.778281211853027,28783,20,1
1771374284.5448763,43_0,43,tpc_lock,8.580292701721191,46561,20,1
1771374286.6065063,42_0,42,tpc_commit,4.2172698974609375,28783,20,1
1771374286.607607,43_0,43,tpc_lock,2.062719821929932,46561,20,1
1771374294.4281025,42_0,42,tpc_lock,7.201462030410767,46561,21,1
1771374298.6044536,42_0,42,tpc_lock,4.176340818405151,46561,21,1
1771374298.7077837,43_0,43,das_work,3.1618905067443848,48258,21,1
1771374308.60127,43_0,43,tpc_commit,9.893476247787476,28795,22,1
1771374310.6324725,43_0,43,tpc_commit,2.0311930179595947,28795,22,1
1771374310.6388342,42_0,42,das_work,8.632774114608765,48258,22,1
1771374318.4549737,42_0,42,tpc_commit,7.816129684448242,28795,23,1
1771374320.55112,43_0,43,tpc_lock,8.318447828292847,46561,23,1
1771374322.6235852,42_0,42,tpc_commit,4.168604373931885,28795,23,1
1771374322.6626828,43_0,43,tpc_lock,2.111551523208618,46561,23,1
1771374330.3679042,42_0,42,tpc_lock,6.690174341201782,46561,24,1
1771374334.6138978,43_0,43,das_work,6.92052698135376,48258,24,1
1771374334.6235676,42_0,42,tpc_lock,4.2556562423706055,46561,24,1
1771374344.5357258,43_0,43,tpc_commit,9.921818733215332,28795,25,1
1771374346.6244445,42_0,42,das_work,2.7827014923095703,48258,25,1
1771374346.6814456,43_0,43,tpc_commit,2.145712614059448,28795,25,1
1771374354.431595,42_0,42,tpc_commit,7.807140111923218,28795,26,1
1771374356.5454264,43_1,43,tpc_lock,8.325893640518188,46561,26,1
1771374358.637613,42_0,42,tpc_commit,4.206008195877075,28795,26,1
1771374358.6832,43_1,43,tpc_lock,2.137766599655152,46561,26,1
1771374366.4197688,42_1,42,tpc_lock,5.866381645202637,46561,27,1
1771374370.610647,42_1,42,tpc_lock,4.190868854522705,46561,27,1
1771374370.635821,43_1,43,das_work,6.753313064575195,48258,27,1
1771374380.5500314,43_1,43,tpc_commit,9.914200067520142,28795,28,1
1771374382.6218266,42_1,42,das_work,8.107074499130249,48258,28,1
1771374382.629712,43_1,43,tpc_commit,2.079671859741211,28795,28,1
1771374390.430503,42_1,42,tpc_commit,7.808665990829468,28795,29,1
1771374392.5527277,43_1,43,tpc_lock,8.635603427886963,46561,29,1
1771374394.5942545,42_1,42,tpc_commit,4.163739442825317,28795,29,1
1771374394.6395166,43_1,43,tpc_lock,2.0867786407470703,46561,29,1
1771374402.3915017,42_1,42,tpc_lock,7.086039543151856,46561,30,1
1771374406.632584,43_1,43,das_work,3.501617431640625,48258,30,1
1771374406.649652,42_1,42,tpc_lock,4.258141279220581,46561,30,1
1771374416.5695932,43_1,43,tpc_commit,9.93699836730957,28795,31,1
1771374418.59569,43_1,43,tpc_commit,2.026084423065185,28795,31,1
1771374418.6067696,42_1,42,das_work,4.812497854232788,48258,31,1
1771374426.4097726,42_1,42,tpc_commit,7.802991628646851,28795,32,1
1771374428.5442328,43_1,43,tpc_lock,8.13215947151184,46561,32,1
1771374430.6518846,42_1,42,tpc_commit,4.242100715637207,28795,32,1
1771374430.6809933,43_1,43,tpc_lock,2.1367506980896,46561,32,1
1771374438.3591852,42_1,42,tpc_lock,5.979769468307495,46561,33,1
1771374442.612209,42_1,42,tpc_lock,4.253015756607056,46561,33,1
1771374442.6595814,43_1,43,das_work,2.968386173248291,48258,33,1
1771374452.589048,43_1,43,tpc_commit,9.929451704025269,28795,34,1
1771374454.589766,43_1,43,tpc_commit,2.000707626342773,28795,34,1
1771374454.6426876,42_1,42,das_work,3.787865877151489,48258,34,1
1771374462.3711588,42_1,42,tpc_commit,7.728459358215332,28795,35,1
1771374464.5392733,43_1,43,tpc_lock,9.3677978515625,46549,35,1
1771374466.5864615,42_1,42,tpc_commit,4.215292930603027,28795,35,1
1771374466.5945156,43_1,43,tpc_lock,2.0552327632904053,46549,35,1
1771374474.3672888,42_1,42,tpc_lock,6.471361398696899,46561,36,1
1771374478.5893974,43_1,43,das_work,6.890558958053589,48258,36,1
1771374478.6057155,42_1,42,tpc_lock,4.238415956497192,46561,36,1
1771374488.570849,43_1,43,tpc_commit,9.981444358825684,28783,37,1
1771374490.607883,43_1,43,tpc_commit,2.037027597427368,28783,37,1
1771374490.6768017,42_1,42,das_work,6.773571729660034,48258,37,1
1771374498.3616438,42_1,42,tpc_commit,7.684832572937012,28795,38,1
1771374500.577017,43_1,43,tpc_lock,9.131595134735107,46561,38,1
1771374502.5959654,42_1,42,tpc_commit,4.23431396484375,28795,38,1
1771374502.659474,43_1,43,tpc_lock,2.0824458599090576,46561,38,1
1771374510.3689637,42_1,42,tpc_lock,5.854490280151367,46561,39,1
1771374514.5814776,43_1,43,das_work,9.6885347366333,48258,39,1
1771374514.5908844,42_1,42,tpc_lock,4.221911668777466,46561,39,1
1771374524.5717494,43_1,43,tpc_commit,9.990263938903809,28795,40,1
1771374526.594765,43_1,43,tpc_commit,2.023005962371826,28795,40,1
1771374526.632509,42_1,42,das_work,4.55916690826416,48258,40,1
1771374534.359364,42_1,42,tpc_commit,7.726844310760498,28795,41,1
1771374536.5963364,43_2,43,tpc_lock,8.3359956741333,46561,41,1
1771374538.604558,43_2,43,tpc_lock,2.008209466934204,46561,41,1
1771374538.6237142,42_1,42,tpc_commit,4.26434326171875,28795,41,1
1771374546.426444,42_2,42,tpc_lock,7.091333866119385,46561,42,1
1771374550.5947893,43_2,43,das_work,3.7975709438323975,48258,42,1
1771374550.648388,42_2,42,tpc_lock,4.221935272216797,46561,42,1
1771374560.594868,43_2,43,tpc_commit,10.00006866455078,28795,43,1
1771374562.6161375,42_2,42,das_work,2.365633964538574,48258,43,1
1771374562.632033,43_2,43,tpc_commit,2.0371549129486084,28795,43,1
1771374570.428861,42_2,42,tpc_commit,7.812712669372559,28795,44,1
1771374572.603778,43_2,43,tpc_lock,8.430719375610352,46561,44,1
1771374574.6164918,42_2,42,tpc_commit,4.1876208782196045,28795,44,1
1771374574.634885,43_2,43,tpc_lock,2.031096935272217,46561,44,1
1771374582.3570266,42_2,42,tpc_lock,7.087934255599976,46549,45,1
1771374586.6457632,43_2,43,das_work,8.310638904571533,48258,45,1
1771374586.649047,42_2,42,tpc_lock,4.29201340675354,46549,45,1
1771374596.540301,43_2,43,tpc_commit,9.894506692886353,28795,46,1
1771374598.5957105,43_2,43,tpc_commit,2.0553994178771973,28795,46,1
1771374598.6477184,42_2,42,das_work,10.146180391311646,48258,46,1
1771374606.3501143,42_2,42,tpc_commit,7.7023842334747314,28783,47,1
1771374608.5661402,43_2,43,tpc_lock,8.62501311302185,46561,47,1
1771374610.580998,43_2,43,tpc_lock,2.014847040176392,46561,47,1
1771374610.5874798,42_2,42,tpc_commit,4.237356901168823,28783,47,1
1771374618.3817315,42_2,42,tpc_lock,6.560600280761719,46561,48,1
1771374622.6117873,43_2,43,das_work,10.436012744903564,48258,48,1
1771374622.6641364,42_2,42,tpc_lock,4.282395839691162,46561,48,1
1771374632.551299,43_2,43,tpc_commit,9.9395010471344,28795,49,1
1771374634.575919,43_2,43,tpc_commit,2.024609088897705,28795,49,1
1771374634.578196,42_2,42,das_work,3.371954679489136,48258,49,1
1771374642.379244,42_2,42,tpc_commit,7.801024436950684,28795,50,1
1771374644.5242138,43_2,43,tpc_lock,8.027713298797607,46561,50,1
1771374646.572999,43_2,43,tpc_lock,2.0487759113311768,46561,50,1
1771374646.6034603,42_2,42,tpc_commit,4.224208116531372,28795,50,1
1771374654.350813,42_2,42,tpc_lock,6.573360443115234,46561,51,1
1771374658.5831592,42_2,42,tpc_lock,4.232335329055786,46561,51,1
1771374658.609764,43_2,43,das_work,2.0703163146972656,48258,51,1
1771374668.5104885,43_2,43,tpc_commit,9.90066409111023,28795,52,1
1771374670.5923688,42_2,42,das_work,5.546066999435425,48258,52,1
1771374670.667886,43_2,43,tpc_commit,2.157390117645264,28795,52,1
1771374678.3854537,42_2,42,tpc_commit,7.793070793151855,28795,53,1
1771374680.516901,43_2,43,tpc_lock,9.035595893859863,46561,53,1
1771374682.572729,43_2,43,tpc_lock,2.055821418762207,46561,53,1
1771374682.6106086,42_2,42,tpc_commit,4.225146055221558,28795,53,1
1771374690.3526103,42_2,42,tpc_lock,6.4779791831970215,46549,54,1
1771374694.586023,42_2,42,tpc_lock,4.233404874801636,46549,54,1
1771374694.5928926,43_2,43,das_work,4.742979288101196,48258,54,1
1771374704.5207243,43_2,43,tpc_commit,9.927820682525637,28795,55,1
1771374706.6007242,42_2,42,das_work,5.212276220321655,48258,55,1
1771374706.61083,43_2,43,tpc_commit,2.0900967121124268,28795,55,1
1771374714.3710914,42_2,42,tpc_commit,7.770356893539429,28783,56,1
1771374716.581925,43_3,43,tpc_lock,8.11884331703186,46561,56,1
1771374718.6196194,43_3,43,tpc_lock,2.0376827716827397,46561,56,1
1771374718.6254694,42_2,42,tpc_commit,4.254369258880615,28783,56,1
1771374726.3678954,42_3,42,tpc_lock,6.881792306900024,46561,57,1
1771374730.5686774,42_3,42,tpc_lock,4.200772523880005,46561,57,1
1771374730.5919025,43_3,43,das_work,2.542436122894287,48258,57,1
1771374740.5040238,43_3,43,tpc_commit,9.912113904953005,28795,58,1
1771374742.5700698,43_3,43,tpc_commit,2.0660386085510254,28795,58,1
1771374742.6221335,42_3,42,das_work,7.39621639251709,48258,58,1
1771374750.3406234,42_3,42,tpc_commit,7.718480348587036,28795,59,1
1771374752.5846963,43_3,43,tpc_lock,8.233667373657227,46561,59,1
1771374754.5651114,42_3,42,tpc_commit,4.224479675292969,28795,59,1
1771374754.6214223,43_3,43,tpc_lock,2.0367186069488525,46561,59,1
1771374762.337978,42_3,42,tpc_lock,7.088228464126587,46549,60,1
1771374766.5760412,43_3,43,das_work,9.04442048072815,48258,60,1
1771374766.5768824,42_3,42,tpc_lock,4.238897085189819,46549,60,1
1771374776.5068436,43_3,43,tpc_commit,9.930795192718506,28795,61,1
1771374778.5859225,42_3,42,das_work,5.012357950210571,48258,61,1
1771374778.643805,43_3,43,tpc_commit,2.1369543075561523,28795,61,1
1771374786.412302,42_3,42,tpc_commit,7.826369285583496,28783,62,1
1771374788.519723,43_3,43,tpc_lock,8.101767778396606,46549,62,1
1771374790.5754197,43_3,43,tpc_lock,2.055686712265014,46549,62,1
1771374790.615593,42_3,42,tpc_commit,4.203280210494995,28783,62,1
1771374798.3741827,42_3,42,tpc_lock,6.46864914894104,46561,63,1
1771374802.562377,42_3,42,tpc_lock,4.188181638717651,46561,63,1
1771374802.589554,43_3,43,das_work,9.3878071308136,48258,63,1
1771374812.5215232,43_3,43,tpc_commit,9.931960105895996,28783,64,1
1771374814.638634,43_3,43,tpc_commit,2.1170990467071533,28783,64,1
1771374814.6479075,42_3,42,das_work,9.325053453445436,48258,64,1
1771374822.4039724,42_3,42,tpc_commit,7.756055593490601,28795,65,1
1771374824.5631533,43_3,43,tpc_lock,8.922353982925415,46561,65,1
1771374826.557742,43_3,43,tpc_lock,1.9945783615112305,46561,65,1
1771374826.5827024,42_3,42,tpc_commit,4.178722858428955,28795,65,1
1771374834.3280044,42_3,42,tpc_lock,6.084896326065064,46561,66,1
1771374838.605589,42_3,42,tpc_lock,4.277576446533203,46561,66,1
1771374838.6188135,43_3,43,das_work,9.801438331604004,48258,66,1
1771374848.509935,43_3,43,tpc_commit,9.891112565994264,28795,67,1
1771374850.5716014,43_3,43,tpc_commit,2.0616588592529297,28795,67,1
1771374850.5816371,42_3,42,das_work,4.448703050613403,48258,67,1
1771374858.357809,42_3,42,tpc_commit,7.776162624359131,28795,68,1
1771374860.5093875,43_3,43,tpc_lock,8.914978504180908,46561,68,1
1771374862.5715785,43_3,43,tpc_lock,2.0621798038482666,46561,68,1
1771374862.628657,42_3,42,tpc_commit,4.270838499069214,28795,68,1
1771374870.3303213,42_3,42,tpc_lock,6.685004234313965,46561,69,1
1771374874.553934,43_3,43,das_work,6.022506237030029,48258,69,1
1771374874.5866427,42_3,42,tpc_lock,4.256313323974609,46561,69,1
1771374884.5222836,43_3,43,tpc_commit,9.968307733535768,28795,70,1
1771374886.5569477,43_3,43,tpc_commit,2.034656286239624,28795,70,1
1771374886.5925777,42_3,42,das_work,5.333444356918335,48258,70,1
1771374894.386341,42_3,42,tpc_commit,7.79375433921814,28795,71,1
1771374896.5005064,43_4,43,tpc_lock,8.127513647079468,46561,71,1
1771374898.5570176,43_4,43,tpc_lock,2.056504726409912,46561,71,1
1771374898.5679274,42_3,42,tpc_commit,4.181577682495117,28795,71,1
1771374906.3248267,42_4,42,tpc_lock,6.8025963306427,46549,72,1
1771374910.5662026,42_4,42,tpc_lock,4.241364240646362,46549,72,1
1771374910.6120615,43_4,43,das_work,9.509437084197998,48258,72,1
1771374920.5170565,43_4,43,tpc_commit,9.904984712600708,28795,73,1
1771374922.5570202,43_4,43,tpc_commit,2.0399508476257324,28795,73,1
1771374922.5862534,42_4,42,das_work,3.298940420150757,48258,73,1
1771374930.3267393,42_4,42,tpc_commit,7.740478754043579,28783,74,1
1771374932.5631278,43_4,43,tpc_lock,8.443551540374756,46561,74,1
1771374934.5809422,42_4,42,tpc_commit,4.254195690155029,28783,74,1
1771374934.6095188,43_4,43,tpc_lock,2.046380043029785,46561,74,1
1771374942.3283956,42_4,42,tpc_lock,6.049002408981323,46561,75,1
1771374946.5545928,42_4,42,tpc_lock,4.226184368133545,46561,75,1
1771374946.572656,43_4,43,das_work,7.388676881790161,48258,75,1
1771374956.5238974,43_4,43,tpc_commit,9.951233863830566,28795,76,1
1771374958.6151462,43_4,43,tpc_commit,2.091240882873535,28795,76,1
1771374958.6258764,42_4,42,das_work,10.862200498580933,48258,76,1
1771374966.3446226,42_4,42,tpc_commit,7.718735933303833,28795,77,1
1771374968.489467,43_4,43,tpc_lock,8.621145009994507,46561,77,1
1771374970.5769506,42_4,42,tpc_commit,4.232317686080933,28795,77,1
1771374970.6234915,43_4,43,tpc_lock,2.1340153217315674,46561,77,1
1771374978.3474057,42_4,42,tpc_lock,7.196126699447632,46561,78,1
1771374982.5528033,42_4,42,tpc_lock,4.205385208129883,46561,78,1
1771374982.5978162,43_4,43,das_work,4.007582426071167,48258,78,1
1771374992.4851627,43_4,43,tpc_commit,9.887335300445557,28795,79,1
1771374994.5537956,42_4,42,das_work,2.8244376182556152,48258,79,1
1771374994.5576956,43_4,43,tpc_commit,2.0725255012512207,28795,79,1
1771375002.339455,42_4,42,tpc_commit,7.785649299621582,28795,80,1
1771375004.537819,43_4,43,tpc_lock,8.830040693283081,46561,80,1
1771375006.5584354,43_4,43,tpc_lock,2.0206058025360107,46561,80,1
1771375006.5593996,42_4,42,tpc_commit,4.2199320793151855,28795,80,1
1771375014.3798883,42_4,42,tpc_lock,6.097736358642578,46561,81,1
1771375018.5927632,42_4,42,tpc_lock,4.212863922119141,46561,81,1
1771375018.6244924,43_4,43,das_work,10.161176681518556,48258,81,1
1771375028.5561087,43_4,43,tpc_commit,9.931604385375977,28795,82,1
1771375030.5589752,42_4,42,das_work,4.058760166168213,48258,82,1
1771375030.6158652,43_4,43,tpc_commit,2.0597453117370605,28795,82,1
1771375038.36432,42_4,42,tpc_commit,7.805336236953735,28795,83,1
1771375040.539163,43_4,43,tpc_lock,8.213127136230469,46561,83,1
1771375042.5500858,42_4,42,tpc_commit,4.185756683349609,28795,83,1
1771375042.559816,43_4,43,tpc_lock,2.0206456184387207,46561,83,1
1771375050.389929,42_4,42,tpc_lock,6.27393651008606,46561,84,1
1771375054.547259,42_4,42,tpc_lock,4.15732216835022,46561,84,1
1771375054.5961308,43_4,43,das_work,9.095868587493896,48258,84,1
1771375064.480906,43_4,43,tpc_commit,9.884764432907104,28795,85,1
1771375066.5337129,43_4,43,tpc_commit,2.0527994632720947,28795,85,1
1771375066.560694,42_4,42,das_work,2.999255895614624,48258,85,1
1771375074.3082998,42_4,42,tpc_commit,7.74759578704834,28795,86,1
1771375078.5713778,42_4,42,tpc_commit,4.2630698680877686,28795,86,1
1771374174.379253,44_0,44,tpc_lock,4.140644311904907,46561,11,1
1771374178.620327,44_0,44,tpc_lock,4.241068124771118,46561,11,1
1771374188.542415,45_0,45,tpc_lock,10.249926805496216,46561,12,1
1771374190.657166,44_0,44,das_work,10.583455801010132,48258,12,1
1771374190.65898,45_0,45,tpc_lock,2.1165592670440674,46561,12,1
1771374198.370979,44_0,44,tpc_commit,7.713802576065063,28795,13,1
1771374202.617258,45_0,45,das_work,10.890889883041382,48258,13,1
1771374202.628487,44_0,44,tpc_commit,4.257497072219849,28795,13,1
1771374210.38123,44_0,44,tpc_lock,7.102160453796387,46561,14,1
1771374212.5724232,45_0,45,tpc_commit,9.955156326293944,28795,14,1
1771374214.6000118,45_0,45,tpc_commit,2.0275795459747314,28795,14,1
1771374214.6405964,44_0,44,tpc_lock,4.259358882904053,46561,14,1
1771374224.6201563,45_0,45,tpc_lock,8.424949645996094,46561,15,1
1771374226.6272883,45_0,45,tpc_lock,2.007121562957764,46561,15,1
1771374226.6385455,44_0,44,das_work,6.817512035369873,48258,15,1
1771374234.4582212,44_0,44,tpc_commit,7.81966495513916,28795,16,1
1771374238.6101584,45_0,45,das_work,9.564440488815308,48258,16,1
1771374238.6759388,44_0,44,tpc_commit,4.21770977973938,28795,16,1
1771374246.3853614,44_0,44,tpc_lock,5.790257453918457,46561,17,1
1771374248.5970447,45_0,45,tpc_commit,9.986875772476196,28795,17,1
1771374250.6394565,44_0,44,tpc_lock,4.254085302352905,46561,17,1
1771374250.6624084,45_0,45,tpc_commit,2.065354108810425,28795,17,1
1771374260.589346,45_0,45,tpc_lock,9.269137620925903,46549,18,1
1771374262.6331418,45_0,45,tpc_lock,2.043785572052002,46549,18,1
1771374262.6932297,44_0,44,das_work,5.226068496704102,48258,18,1
1771374270.3901331,44_0,44,tpc_commit,7.696895599365234,28795,19,1
1771374274.7331235,45_0,45,das_work,2.975869655609131,48258,19,1
1771374274.7482514,44_0,44,tpc_commit,4.3581085205078125,28795,19,1
1771374282.4281328,44_0,44,tpc_lock,7.006467342376709,46561,20,1
1771374284.5886312,45_0,45,tpc_commit,9.855495929718018,28783,20,1
1771374286.6455853,45_0,45,tpc_commit,2.056945562362671,28783,20,1
1771374286.6932025,44_0,44,tpc_lock,4.26505970954895,46561,20,1
1771374296.6305032,45_0,45,tpc_lock,8.867372035980225,46561,21,1
1771374298.6273131,45_0,45,tpc_lock,1.9967992305755613,46561,21,1
1771374298.6774898,44_0,44,das_work,5.665294885635376,48258,21,1
1771374306.4538698,44_0,44,tpc_commit,7.7763671875,28795,22,1
1771374310.633962,45_0,45,das_work,4.497180938720703,48258,22,1
1771374310.6472666,44_0,44,tpc_commit,4.193386793136597,28795,22,1
1771374318.3803043,44_0,44,tpc_lock,6.514745235443115,46561,23,1
1771374320.6017191,45_0,45,tpc_commit,9.967747926712036,28795,23,1
1771374322.6181796,45_0,45,tpc_commit,2.0164506435394287,28795,23,1
1771374322.633122,44_0,44,tpc_lock,4.252810478210449,46561,23,1
1771374332.5461464,45_0,45,tpc_lock,9.16270899772644,46561,24,1
1771374334.6038308,44_0,44,das_work,7.865514993667602,48258,24,1
1771374334.6483932,45_0,45,tpc_lock,2.1022379398345947,46561,24,1
1771374342.3716614,44_0,44,tpc_commit,7.767819166183472,28795,25,1
1771374346.6329858,45_0,45,das_work,5.904987573623657,48258,25,1
1771374346.652443,44_0,44,tpc_commit,4.280771255493164,28795,25,1
1771374354.4374497,44_1,44,tpc_lock,6.471099376678467,46561,26,1
1771374356.5352526,45_0,45,tpc_commit,9.902258157730104,28795,26,1
1771374358.6032343,44_1,44,tpc_lock,4.165773868560791,46561,26,1
1771374358.6739054,45_0,45,tpc_commit,2.138643741607666,28795,26,1
1771374368.5986876,45_1,45,tpc_lock,8.73809003829956,46561,27,1
1771374370.6166394,44_1,44,das_work,4.659904003143311,48258,27,1
1771374370.6671765,45_1,45,tpc_lock,2.068479299545288,46561,27,1
1771374378.408115,44_1,44,tpc_commit,7.791465997695923,28795,28,1
1771374382.6432264,45_1,45,das_work,9.698767185211182,48258,28,1
1771374382.667666,44_1,44,tpc_commit,4.259539842605591,28795,28,1
1771374390.4361792,44_1,44,tpc_lock,6.176835060119629,46561,29,1
1771374392.54338,45_1,45,tpc_commit,9.900142431259155,28795,29,1
1771374394.5939765,45_1,45,tpc_commit,2.050588846206665,28795,29,1
1771374394.6531584,44_1,44,tpc_lock,4.21696925163269,46561,29,1
1771374404.6074853,45_1,45,tpc_lock,8.32181167602539,46561,30,1
1771374406.6519592,45_1,45,tpc_lock,2.044466257095337,46561,30,1
1771374406.6872544,44_1,44,das_work,9.579665184020996,48258,30,1
1771374414.364543,44_1,44,tpc_commit,7.677276849746704,28795,31,1
1771374418.594696,45_1,45,das_work,7.697454929351807,48258,31,1
1771374418.6032689,44_1,44,tpc_commit,4.238718271255493,28795,31,1
1771374426.4160528,44_1,44,tpc_lock,6.877225160598755,46561,32,1
1771374428.5431304,45_1,45,tpc_commit,9.948423147201538,28795,32,1
1771374430.6120968,45_1,45,tpc_commit,2.0689547061920166,28795,32,1
1771374430.6724918,44_1,44,tpc_lock,4.25642991065979,46561,32,1
1771374440.5652266,45_1,45,tpc_lock,9.340838193893433,46561,33,1
1771374442.6244607,44_1,44,das_work,3.549184560775757,48258,33,1
1771374442.632661,45_1,45,tpc_lock,2.067425489425659,46561,33,1
1771374450.437306,44_1,44,tpc_commit,7.812833547592163,28795,34,1
1771374454.6186996,44_1,44,tpc_commit,4.181383848190308,28795,34,1
1771374454.630478,45_1,45,das_work,8.907847881317139,48258,34,1
1771374462.4275713,44_1,44,tpc_lock,6.790271520614624,46561,35,1
1771374464.5266483,45_1,45,tpc_commit,9.896158933639526,28795,35,1
1771374466.5965345,45_1,45,tpc_commit,2.0698790550231934,28795,35,1
1771374466.623237,44_1,44,tpc_lock,4.195657014846802,46561,35,1
1771374476.5279188,45_1,45,tpc_lock,9.1376211643219,46561,36,1
1771374478.5992477,45_1,45,tpc_lock,2.071319818496704,46561,36,1
1771374478.6101153,44_1,44,das_work,2.257852792739868,48258,36,1
1771374486.3907735,44_1,44,tpc_commit,7.780649662017822,28795,37,1
1771374490.5886898,44_1,44,tpc_commit,4.197906494140625,28795,37,1
1771374490.6569648,45_1,45,das_work,2.847543239593506,48258,37,1
1771374498.3621008,44_1,44,tpc_lock,6.473099946975708,46561,38,1
1771374500.529533,45_1,45,tpc_commit,9.872555255889893,28795,38,1
1771374502.5806737,44_1,44,tpc_lock,4.2185657024383545,46561,38,1
1771374502.6008344,45_1,45,tpc_commit,2.071265697479248,28795,38,1
1771374512.5890045,45_1,45,tpc_lock,8.420878887176514,46561,39,1
1771374514.587877,44_1,44,das_work,3.3898370265960693,48258,39,1
1771374514.6412735,45_1,45,tpc_lock,2.052255630493164,46561,39,1
1771374522.4097216,44_1,44,tpc_commit,7.821836709976196,28795,40,1
1771374526.6165638,45_1,45,das_work,9.09050178527832,48258,40,1
1771374526.6330092,44_1,44,tpc_commit,4.223276138305664,28795,40,1
1771374534.3622403,44_2,44,tpc_lock,6.260672330856323,46561,41,1
1771374536.5836868,45_1,45,tpc_commit,9.967113494873049,28795,41,1
1771374538.6214702,44_2,44,tpc_lock,4.259222984313965,46561,41,1
1771374538.6261418,45_1,45,tpc_commit,2.042445182800293,28795,41,1
1771374548.5882266,45_2,45,tpc_lock,8.094035863876343,46561,42,1
1771374550.6061163,44_2,44,das_work,3.675652027130127,48258,42,1
1771374550.652953,45_2,45,tpc_lock,2.06471586227417,46561,42,1
1771374558.400198,44_2,44,tpc_commit,7.794071674346924,28795,43,1
1771374562.6198616,45_2,45,das_work,2.9657652378082275,48258,43,1
1771374562.662397,44_2,44,tpc_commit,4.262190341949463,28795,43,1
1771374570.4231372,44_2,44,tpc_lock,5.9670069217681885,46549,44,1
1771374572.5607932,45_2,45,tpc_commit,9.940922260284424,28795,44,1
1771374574.6099875,44_2,44,tpc_lock,4.186839580535889,46549,44,1
1771374574.6147976,45_2,45,tpc_commit,2.0539968013763428,28795,44,1
1771374584.584866,45_2,45,tpc_lock,9.067656993865969,46561,45,1
1771374586.5861337,44_2,44,das_work,7.49722695350647,48258,45,1
1771374586.6093462,45_2,45,tpc_lock,2.024469375610352,46561,45,1
1771374594.4301343,44_2,44,tpc_commit,7.843992233276367,28783,46,1
1771374598.6382802,44_2,44,tpc_commit,4.208136320114136,28783,46,1
1771374598.654526,45_2,45,das_work,9.634450435638428,48258,46,1
1771374606.41722,44_2,44,tpc_lock,6.8633131980896,46549,47,1
1771374608.5223162,45_2,45,tpc_commit,9.867779970169067,28795,47,1
1771374610.629844,45_2,45,tpc_commit,2.1075186729431152,28795,47,1
1771374610.6350508,44_2,44,tpc_lock,4.217822790145874,46549,47,1
1771374620.5214813,45_2,45,tpc_lock,8.419733762741089,46561,48,1
1771374622.5739682,45_2,45,tpc_lock,2.0524797439575195,46561,48,1
1771374622.611131,44_2,44,das_work,9.52530598640442,48258,48,1
1771374630.4129288,44_2,44,tpc_commit,7.801787853240967,28783,49,1
1771374634.5960443,44_2,44,tpc_commit,4.18310809135437,28783,49,1
1771374634.6268106,45_2,45,das_work,2.2002947330474854,48258,49,1
1771374642.3951857,44_2,44,tpc_lock,7.020548582077026,46561,50,1
1771374644.5343614,45_2,45,tpc_commit,9.90753984451294,28795,50,1
1771374646.572852,45_2,45,tpc_commit,2.0384809970855717,28795,50,1
1771374646.6149378,44_2,44,tpc_lock,4.219744443893433,46561,50,1
1771374656.5364485,45_2,45,tpc_lock,9.136240482330322,46561,51,1
1771374658.608446,44_2,44,das_work,7.286239624023437,48258,51,1
1771374658.63614,45_2,45,tpc_lock,2.0996835231781006,46561,51,1
1771374666.3918502,44_2,44,tpc_commit,7.783392906188965,28795,52,1
1771374670.580962,44_2,44,tpc_commit,4.189102411270142,28795,52,1
1771374670.6575303,45_2,45,das_work,8.81603741645813,48258,52,1
1771374678.3624077,44_2,44,tpc_lock,5.8588855266571045,46561,53,1
1771374680.5146134,45_2,45,tpc_commit,9.857072591781616,28795,53,1
1771374682.577571,45_2,45,tpc_commit,2.062949657440185,28795,53,1
1771374682.583097,44_2,44,tpc_lock,4.22067928314209,46561,53,1
1771374692.567127,45_2,45,tpc_lock,8.835186243057251,46561,54,1
1771374694.6331947,44_2,44,das_work,2.4639389514923096,48258,54,1
1771374694.6382804,45_2,45,tpc_lock,2.071143865585327,46561,54,1
1771374702.4188714,44_2,44,tpc_commit,7.78566575050354,28795,55,1
1771374706.5753937,44_2,44,tpc_commit,4.156496286392212,28795,55,1
1771374706.5783944,45_2,45,das_work,7.899322032928467,48258,55,1
1771374714.3456762,44_3,44,tpc_lock,6.475689649581909,46561,56,1
1771374716.535056,45_2,45,tpc_commit,9.95661973953247,28795,56,1
1771374718.5784943,45_2,45,tpc_commit,2.043430089950561,28795,56,1
1771374718.6168256,44_3,44,tpc_lock,4.27114200592041,46561,56,1
1771374728.5504608,45_3,45,tpc_lock,9.123838186264038,46561,57,1
1771374730.6153753,44_3,44,das_work,3.676536083221436,48258,57,1
1771374730.6179285,45_3,45,tpc_lock,2.0674564838409424,46561,57,1
1771374738.383814,44_3,44,tpc_commit,7.768431186676025,28795,58,1
1771374742.5946903,45_3,45,das_work,10.330565452575684,48258,58,1
1771374742.6042874,44_3,44,tpc_commit,4.220460891723633,28795,58,1
1771374750.3409927,44_3,44,tpc_lock,5.857279300689697,46561,59,1
1771374752.549894,45_3,45,tpc_commit,9.955192804336548,28795,59,1
1771374754.568298,44_3,44,tpc_lock,4.227298021316528,46561,59,1
1771374754.5779526,45_3,45,tpc_commit,2.028047800064087,28795,59,1
1771374764.512212,45_3,45,tpc_lock,8.717191219329834,46561,60,1
1771374766.5717597,45_3,45,tpc_lock,2.059540271759033,46561,60,1
1771374766.5876567,44_3,44,das_work,3.209192514419556,48258,60,1
1771374774.391192,44_3,44,tpc_commit,7.8035242557525635,28795,61,1
1771374778.607639,45_3,45,das_work,7.246824502944946,48258,61,1
1771374778.6234322,44_3,44,tpc_commit,4.232232570648193,28795,61,1
1771374786.3369615,44_3,44,tpc_lock,6.371490240097046,46561,62,1
1771374788.522077,45_3,45,tpc_commit,9.914429187774658,28795,62,1
1771374790.5874758,44_3,44,tpc_lock,4.250507116317749,46561,62,1
1771374790.588441,45_3,45,tpc_commit,2.066355466842652,28795,62,1
1771374800.5013032,45_3,45,tpc_lock,9.331096649169922,46561,63,1
1771374802.5652704,45_3,45,tpc_lock,2.0639588832855225,46561,63,1
1771374802.5782256,44_3,44,das_work,3.9110207557678223,48258,63,1
1771374810.335161,44_3,44,tpc_commit,7.756925821304321,28795,64,1
1771374814.6034894,45_3,45,das_work,6.714044094085693,48258,64,1
1771374814.620057,44_3,44,tpc_commit,4.284866094589233,28795,64,1
1771374822.3664176,44_3,44,tpc_lock,6.464944839477539,46561,65,1
1771374824.5604043,45_3,45,tpc_commit,9.956905841827393,28795,65,1
1771374826.5585778,45_3,45,tpc_commit,1.9981625080108645,28795,65,1
1771374826.5628965,44_3,44,tpc_lock,4.196467399597168,46561,65,1
1771374836.546069,45_3,45,tpc_lock,9.0315420627594,46561,66,1
1771374838.6214156,44_3,44,das_work,3.678723573684693,48258,66,1
1771374838.636276,45_3,45,tpc_lock,2.090175151824951,46561,66,1
1771374846.3738768,44_3,44,tpc_commit,7.752450704574585,28795,67,1
1771374850.5695682,44_3,44,tpc_commit,4.195682048797607,28795,67,1
1771374850.5926914,45_3,45,das_work,2.0678300857543945,48258,67,1
1771374858.3955088,44_3,44,tpc_lock,5.862483263015747,46561,68,1
1771374860.5283358,45_3,45,tpc_commit,9.935633420944214,28795,68,1
1771374862.5750332,45_3,45,tpc_commit,2.046689510345459,28795,68,1
1771374862.6160326,44_3,44,tpc_lock,4.220512866973877,46561,68,1
1771374872.5366888,45_3,45,tpc_lock,8.735769748687744,46561,69,1
1771374874.5907438,44_3,44,das_work,9.8813738822937,48258,69,1
1771374874.6223822,45_3,45,tpc_lock,2.0856857299804688,46561,69,1
1771374882.349012,44_3,44,tpc_commit,7.758259773254394,28795,70,1
1771374886.5967407,45_3,45,das_work,2.946827173233032,48258,70,1
1771374886.6314597,44_3,44,tpc_commit,4.28242301940918,28795,70,1
1771374894.3385148,44_4,44,tpc_lock,5.763144016265869,46561,71,1
1771374896.5598676,45_3,45,tpc_commit,9.963117599487305,28795,71,1
1771374898.5691593,45_3,45,tpc_commit,2.009282112121582,28795,71,1
1771374898.598299,44_4,44,tpc_lock,4.259776592254639,46561,71,1
1771374908.558911,45_4,45,tpc_lock,9.129859685897827,46561,72,1
1771374910.5622654,44_4,44,das_work,10.309260129928589,48258,72,1
1771374910.6071746,45_4,45,tpc_lock,2.0482540130615234,46561,72,1
1771374918.38131,44_4,44,tpc_commit,7.819033145904541,28795,73,1
1771374922.5504036,44_4,44,tpc_commit,4.169084787368774,28795,73,1
1771374922.61416,45_4,45,das_work,8.805773258209229,48258,73,1
1771374930.3486674,44_4,44,tpc_lock,6.0990824699401855,46561,74,1
1771374932.4997685,45_4,45,tpc_commit,9.885597467422484,28795,74,1
1771374934.5585034,45_4,45,tpc_commit,2.0587234497070312,28795,74,1
1771374934.583653,44_4,44,tpc_lock,4.23497486114502,46561,74,1
1771374944.492525,45_4,45,tpc_lock,9.360994815826416,46561,75,1
1771374946.5685072,45_4,45,tpc_lock,2.075974702835083,46561,75,1
1771374946.5865438,44_4,44,das_work,7.857184648513794,48258,75,1
1771374954.3631637,44_4,44,tpc_commit,7.776610851287842,28795,76,1
1771374958.5804677,45_4,45,das_work,10.72067666053772,48258,76,1
1771374958.5905013,44_4,44,tpc_commit,4.227324485778809,28795,76,1
1771374966.3537388,44_4,44,tpc_lock,5.862244367599487,46561,77,1
1771374968.5412445,45_4,45,tpc_commit,9.96076726913452,28795,77,1
1771374970.5894928,44_4,44,tpc_lock,4.235743999481201,46561,77,1
1771374970.6128948,45_4,45,tpc_commit,2.0716419219970703,28795,77,1
1771374980.5005474,45_4,45,tpc_lock,9.112540245056152,46561,78,1
1771374982.5902402,44_4,44,das_work,2.643939256668091,48258,78,1
1771374982.623741,45_4,45,tpc_lock,2.1231820583343506,46561,78,1
1771374990.361119,44_4,44,tpc_commit,7.770871162414551,28795,79,1
1771374994.632702,44_4,44,tpc_commit,4.271570682525635,28795,79,1
1771374994.6381,45_4,45,das_work,3.905253171920776,48258,79,1
1771375002.3590813,44_4,44,tpc_lock,6.915613889694214,46561,80,1
1771375004.5086646,45_4,45,tpc_commit,9.870554208755491,28795,80,1
1771375006.570149,44_4,44,tpc_lock,4.211057186126709,46561,80,1
1771375006.6226132,45_4,45,tpc_commit,2.1139392852783203,28795,80,1
1771375016.5227897,45_4,45,tpc_lock,8.042944431304932,46549,81,1
1771375018.604192,45_4,45,tpc_lock,2.0813894271850586,46549,81,1
1771375018.6171155,44_4,44,das_work,8.008340835571289,48258,81,1
1771375026.3277886,44_4,44,tpc_commit,7.710662603378296,28795,82,1
1771375030.556948,44_4,44,tpc_commit,4.229148387908936,28795,82,1
1771375030.5618253,45_4,45,das_work,6.958370685577393,48258,82,1
1771375038.3710873,44_4,44,tpc_lock,5.886913061141968,46561,83,1
1771375040.5212307,45_4,45,tpc_commit,9.959372997283936,28783,83,1
1771375042.552359,45_4,45,tpc_commit,2.031116247177124,28783,83,1
1771375042.5772226,44_4,44,tpc_lock,4.206122875213623,46561,83,1
1771375052.5342183,45_4,45,tpc_lock,8.42799162864685,46561,84,1
1771375054.564339,45_4,45,tpc_lock,2.03010892868042,46561,84,1
1771375054.5898209,44_4,44,das_work,3.859748363494873,48258,84,1
1771375062.3810456,44_4,44,tpc_commit,7.791216850280762,28795,85,1
1771375066.526911,45_4,45,das_work,10.36530089378357,48258,85,1
1771375066.550788,44_4,44,tpc_commit,4.169732093811035,28795,85,1
1771375076.5536056,45_4,45,tpc_commit,10.026687383651732,28795,86,1
1771375078.5252712,45_4,45,tpc_commit,1.9716529846191408,28795,86,1
1771374174.3731258,46_0,46,tpc_lock,1.685971736907959,46561,11,1
1771374178.6142778,46_0,46,tpc_lock,4.241144418716431,46561,11,1
1771374188.5789454,47_0,47,tpc_lock,9.019461631774902,46561,12,1
1771374190.6265886,46_0,46,das_work,4.14163875579834,48258,12,1
1771374190.6274414,47_0,47,tpc_lock,2.0484883785247803,46561,12,1
1771374198.4598265,46_0,46,tpc_commit,7.833230257034302,28795,13,1
1771374202.6041188,47_0,47,das_work,2.395254850387573,48258,13,1
1771374202.6551788,46_0,46,tpc_commit,4.195344924926758,28795,13,1
1771374210.3811443,46_0,46,tpc_lock,7.216503143310547,46561,14,1
1771374212.5459268,47_0,47,tpc_commit,9.941797494888306,28795,14,1
1771374214.641673,46_0,46,tpc_lock,4.260520458221436,46561,14,1
1771374214.6497066,47_0,47,tpc_commit,2.103771209716797,28795,14,1
1771374224.5874312,47_0,47,tpc_lock,9.345131397247314,46561,15,1
1771374226.6244078,46_0,46,das_work,5.852149248123169,48258,15,1
1771374226.6307583,47_0,47,tpc_lock,2.043318510055542,46561,15,1
1771374234.424039,46_0,46,tpc_commit,7.79961895942688,28795,16,1
1771374238.6115282,46_0,46,tpc_commit,4.187479496002197,28795,16,1
1771374238.623813,47_0,47,das_work,8.687972784042358,48258,16,1
1771374246.485483,46_0,46,tpc_lock,5.897099494934082,46561,17,1
1771374248.55121,47_0,47,tpc_commit,9.927386999130247,28795,17,1
1771374250.6881917,47_0,47,tpc_commit,2.1369740962982178,28795,17,1
1771374250.6924045,46_0,46,tpc_lock,4.206908226013184,46561,17,1
1771374260.6228845,47_0,47,tpc_lock,8.345213174819946,46561,18,1
1771374262.6304271,47_0,47,tpc_lock,2.007530689239502,46561,18,1
1771374262.666433,46_0,46,das_work,7.342255115509033,48258,18,1
1771374270.3745315,46_0,46,tpc_commit,7.708090782165527,28795,19,1
1771374274.6105127,47_0,47,das_work,6.369909763336182,48258,19,1
1771374274.7446628,46_0,46,tpc_commit,4.370120525360107,28795,19,1
1771374282.4356732,46_0,46,tpc_lock,6.174174547195435,46561,20,1
1771374284.5456474,47_0,47,tpc_commit,9.935099124908447,28795,20,1
1771374286.608556,47_0,47,tpc_commit,2.062897205352783,28795,20,1
1771374286.6592486,46_0,46,tpc_lock,4.223566770553589,46561,20,1
1771374296.621572,47_0,47,tpc_lock,9.143449068069458,46561,21,1
1771374298.626021,47_0,47,tpc_lock,2.004438638687134,46561,21,1
1771374298.6754324,46_0,46,das_work,4.642921447753906,48258,21,1
1771374306.3774223,46_0,46,tpc_commit,7.701942443847656,28795,22,1
1771374310.6426785,46_0,46,tpc_commit,4.265247106552124,28795,22,1
1771374310.6952977,47_0,47,das_work,5.066519260406494,48258,22,1
1771374318.406562,46_0,46,tpc_lock,7.18285870552063,46561,23,1
1771374320.54133,47_0,47,tpc_commit,9.84602165222168,28795,23,1
1771374322.6477406,47_0,47,tpc_commit,2.10640287399292,28795,23,1
1771374322.6845148,46_0,46,tpc_lock,4.277943134307861,46561,23,1
1771374332.5457218,47_0,47,tpc_lock,8.146358489990234,46561,24,1
1771374334.659023,46_0,46,das_work,5.905017852783203,48258,24,1
1771374334.6809542,47_0,47,tpc_lock,2.1352243423461914,46561,24,1
1771374342.4327357,46_0,46,tpc_commit,7.773703336715698,28795,25,1
1771374346.6017785,46_0,46,tpc_commit,4.169033527374268,28795,25,1
1771374346.6272554,47_0,47,das_work,9.386981010437012,48258,25,1
1771374354.3861194,46_1,46,tpc_lock,5.861473798751831,46561,26,1
1771374356.607967,47_0,47,tpc_commit,9.98069977760315,28795,26,1
1771374358.6125305,47_0,47,tpc_commit,2.00455379486084,28795,26,1
1771374358.6763942,46_1,46,tpc_lock,4.290265321731567,46561,26,1
1771374368.586872,47_1,47,tpc_lock,8.226685285568237,46537,27,1
1771374370.621541,46_1,46,das_work,4.188028573989868,48258,27,1
1771374370.6260536,47_1,47,tpc_lock,2.039171934127808,46537,27,1
1771374378.4274092,46_1,46,tpc_commit,7.80585789680481,28795,28,1
1771374382.6526604,46_1,46,tpc_commit,4.225242137908936,28795,28,1
1771374382.6838872,47_1,47,das_work,5.847347974777222,48258,28,1
1771374390.4230258,46_1,46,tpc_lock,6.685370922088623,46561,29,1
1771374392.5604446,47_1,47,tpc_commit,9.876546859741213,28771,29,1
1771374394.6542804,47_1,47,tpc_commit,2.0938262939453125,28771,29,1
1771374394.6984055,46_1,46,tpc_lock,4.2753682136535645,46561,29,1
1771374404.540572,47_1,47,tpc_lock,8.316774606704712,46561,30,1
1771374406.6169014,47_1,47,tpc_lock,2.076319456100464,46561,30,1
1771374406.6596694,46_1,46,das_work,6.795985460281372,48258,30,1
1771374414.3912249,46_1,46,tpc_commit,7.731541633605957,28795,31,1
1771374418.6450503,47_1,47,das_work,10.990026950836182,48258,31,1
1771374418.6680734,46_1,46,tpc_commit,4.276835918426514,28795,31,1
1771374426.4145396,46_1,46,tpc_lock,6.7158520221710205,46561,32,1
1771374428.5504365,47_1,47,tpc_commit,9.905376672744753,28795,32,1
1771374430.6151545,47_1,47,tpc_commit,2.0647077560424805,28795,32,1
1771374430.6494093,46_1,46,tpc_lock,4.2348597049713135,46561,32,1
1771374440.5742235,47_1,47,tpc_lock,8.209875106811523,46561,33,1
1771374442.6259818,47_1,47,tpc_lock,2.0517473220825195,46561,33,1
1771374442.6568358,46_1,46,das_work,6.3589231967926025,48258,33,1
1771374450.443058,46_1,46,tpc_commit,7.786211252212524,28795,34,1
1771374454.627472,47_1,47,das_work,5.520299673080444,48258,34,1
1771374454.6396604,46_1,46,tpc_commit,4.196593284606934,28795,34,1
1771374462.3948376,46_1,46,tpc_lock,7.193584442138672,46561,35,1
1771374464.5897715,47_1,47,tpc_commit,9.962287187576294,28795,35,1
1771374466.618669,46_1,46,tpc_lock,4.22382116317749,46561,35,1
1771374466.6238213,47_1,47,tpc_commit,2.034018039703369,28795,35,1
1771374476.6003966,47_1,47,tpc_lock,9.009068489074709,46561,36,1
1771374478.6212497,47_1,47,tpc_lock,2.0208449363708496,46561,36,1
1771374478.6575184,46_1,46,das_work,10.944244146347046,48258,36,1
1771374486.4152288,46_1,46,tpc_commit,7.757701635360718,28795,37,1
1771374490.6014142,47_1,47,das_work,3.8007073402404794,48258,37,1
1771374490.612033,46_1,46,tpc_commit,4.196794271469116,28795,37,1
1771374498.3630404,46_1,46,tpc_lock,6.89442253112793,46561,38,1
1771374500.5251153,47_1,47,tpc_commit,9.923691749572754,28795,38,1
1771374502.621686,47_1,47,tpc_commit,2.096562623977661,28795,38,1
1771374502.6347077,46_1,46,tpc_lock,4.271660327911377,46561,38,1
1771374512.5697446,47_1,47,tpc_lock,8.528310298919678,46561,39,1
1771374514.5997918,46_1,46,das_work,7.77080488204956,48258,39,1
1771374514.6213558,47_1,47,tpc_lock,2.0515999794006348,46561,39,1
1771374522.3969877,46_1,46,tpc_commit,7.797185659408569,28795,40,1
1771374526.606195,47_1,47,das_work,8.4889554977417,48258,40,1
1771374526.6208148,46_1,46,tpc_commit,4.223818063735962,28795,40,1
1771374534.3748014,46_2,46,tpc_lock,7.238250494003296,46549,41,1
1771374536.5255897,47_1,47,tpc_commit,9.919386863708496,28795,41,1
1771374538.5890622,47_1,47,tpc_commit,2.063465118408203,28795,41,1
1771374538.589882,46_2,46,tpc_lock,4.215072393417358,46549,41,1
1771374548.579335,47_2,47,tpc_lock,8.5162935256958,46561,42,1
1771374550.62281,47_2,47,tpc_lock,2.043464422225952,46561,42,1
1771374550.6252198,46_2,46,das_work,9.98551607131958,48258,42,1
1771374558.3939214,46_2,46,tpc_commit,7.7686927318573,28783,43,1
1771374562.589769,46_2,46,tpc_commit,4.195838451385498,28783,43,1
1771374562.6292443,47_2,47,das_work,6.223133325576782,48258,43,1
1771374570.4294302,46_2,46,tpc_lock,6.275537252426148,46561,44,1
1771374572.5281594,47_2,47,tpc_commit,9.898907899856567,28795,44,1
1771374574.6154902,47_2,47,tpc_commit,2.087322235107422,28795,44,1
1771374574.6333594,46_2,46,tpc_lock,4.203921318054199,46561,44,1
1771374584.5409224,47_2,47,tpc_lock,8.727006196975708,46561,45,1
1771374586.597185,47_2,47,tpc_lock,2.0562548637390137,46561,45,1
1771374586.6443825,46_2,46,das_work,7.152416944503784,48258,45,1
1771374594.406164,46_2,46,tpc_commit,7.761771202087402,28795,46,1
1771374598.591768,46_2,46,tpc_commit,4.185593843460083,28795,46,1
1771374598.65011,47_2,47,das_work,2.292647361755371,48258,46,1
1771374606.3665068,46_2,46,tpc_lock,6.977633237838745,46561,47,1
1771374608.5230677,47_2,47,tpc_commit,9.872943878173828,28795,47,1
1771374610.6141326,47_2,47,tpc_commit,2.091057777404785,28795,47,1
1771374610.6507888,46_2,46,tpc_lock,4.284271240234375,46561,47,1
1771374620.5532184,47_2,47,tpc_lock,9.232462882995604,46561,48,1
1771374622.6246016,46_2,46,das_work,7.959176063537598,48258,48,1
1771374622.6261816,47_2,47,tpc_lock,2.0729527473449707,46561,48,1
1771374630.4176972,46_2,46,tpc_commit,7.793084144592285,28795,49,1
1771374634.6440942,46_2,46,tpc_commit,4.226370096206665,28795,49,1
1771374634.6487825,47_2,47,das_work,2.839164018630981,48258,49,1
1771374642.399919,46_2,46,tpc_lock,6.726152420043945,46561,50,1
1771374644.5408351,47_2,47,tpc_commit,9.892019987106323,28795,50,1
1771374646.5766912,47_2,47,tpc_commit,2.035846471786499,28795,50,1
1771374646.6359365,46_2,46,tpc_lock,4.236004114151001,46561,50,1
1771374656.5886846,47_2,47,tpc_lock,8.92847990989685,46561,51,1
1771374658.6448324,47_2,47,tpc_lock,2.056133270263672,46561,51,1
1771374658.6509695,46_2,46,das_work,5.744757652282715,48258,51,1
1771374666.3980322,46_2,46,tpc_commit,7.747051239013672,28795,52,1
1771374670.5831144,46_2,46,tpc_commit,4.185071706771851,28795,52,1
1771374670.5887773,47_2,47,das_work,9.430261611938477,48258,52,1
1771374678.3529878,46_2,46,tpc_lock,6.308967351913452,46561,53,1
1771374680.5203378,47_2,47,tpc_commit,9.9315505027771,28795,53,1
1771374682.5804093,47_2,47,tpc_commit,2.0600602626800537,28795,53,1
1771374682.6393008,46_2,46,tpc_lock,4.286302804946899,46561,53,1
1771374692.51658,47_2,47,tpc_lock,8.134052515029907,46561,54,1
1771374694.5770333,47_2,47,tpc_lock,2.060445547103882,46561,54,1
1771374694.6476135,46_2,46,das_work,7.490941524505615,48258,54,1
1771374702.3417425,46_2,46,tpc_commit,7.69411826133728,28795,55,1
1771374706.576888,47_2,47,das_work,5.629345655441284,48258,55,1
1771374706.635635,46_2,46,tpc_commit,4.293884515762329,28795,55,1
1771374714.3474083,46_3,46,tpc_lock,5.778111934661865,46549,56,1
1771374716.5626233,47_2,47,tpc_commit,9.985726356506348,28795,56,1
1771374718.5856664,46_3,46,tpc_lock,4.238230705261231,46549,56,1
1771374718.6143258,47_2,47,tpc_commit,2.051692008972168,28795,56,1
1771374728.5770235,47_3,47,tpc_lock,8.206300258636475,46561,57,1
1771374730.6124132,47_3,47,tpc_lock,2.035379409790039,46561,57,1
1771374730.6262696,46_3,46,das_work,10.695837020874023,48258,57,1
1771374738.3757088,46_3,46,tpc_commit,7.749414682388306,28783,58,1
1771374742.5686915,47_3,47,das_work,10.534022092819214,48258,58,1
1771374742.5827904,46_3,46,tpc_commit,4.207072019577026,28783,58,1
1771374750.398079,46_3,46,tpc_lock,7.283360958099365,46561,59,1
1771374752.5162065,47_3,47,tpc_commit,9.947506427764893,28795,59,1
1771374754.5647092,47_3,47,tpc_commit,2.0484936237335205,28795,59,1
1771374754.6145136,46_3,46,tpc_lock,4.2164225578308105,46561,59,1
1771374764.542604,47_3,47,tpc_lock,8.120025873184204,46561,60,1
1771374766.5611756,47_3,47,tpc_lock,2.018563270568848,46561,60,1
1771374766.6282532,46_3,46,das_work,8.715370178222656,48258,60,1
1771374774.377143,46_3,46,tpc_commit,7.74888014793396,28795,61,1
1771374778.5686293,46_3,46,tpc_commit,4.191477537155151,28795,61,1
1771374778.5872023,47_3,47,das_work,8.568824052810669,48258,61,1
1771374786.3402224,46_3,46,tpc_lock,6.789484024047852,46549,62,1
1771374788.5187778,47_3,47,tpc_commit,9.931565523147585,28795,62,1
1771374790.5620272,46_3,46,tpc_lock,4.221797943115234,46549,62,1
1771374790.5884967,47_3,47,tpc_commit,2.069708585739136,28795,62,1
1771374800.523384,47_3,47,tpc_lock,8.402751684188843,46561,63,1
1771374802.558696,47_3,47,tpc_lock,2.0352988243103027,46561,63,1
1771374802.6262803,46_3,46,das_work,2.1424686908721924,48258,63,1
1771374810.384616,46_3,46,tpc_commit,7.758326292037964,28783,64,1
1771374814.589064,46_3,46,tpc_commit,4.204440355300903,28783,64,1
1771374814.6255088,47_3,47,das_work,7.657254934310913,48258,64,1
1771374822.3383615,46_3,46,tpc_lock,6.40822172164917,46561,65,1
1771374824.5646918,47_3,47,tpc_commit,9.939172744750977,28795,65,1
1771374826.586256,46_3,46,tpc_lock,4.247883081436157,46561,65,1
1771374826.6127095,47_3,47,tpc_commit,2.0479702949523926,28795,65,1
1771374836.554953,47_3,47,tpc_lock,8.425082921981812,46561,66,1
1771374838.5800962,46_3,46,das_work,4.199855089187622,48258,66,1
1771374838.5888083,47_3,47,tpc_lock,2.0338423252105717,46561,66,1
1771374846.3681908,46_3,46,tpc_commit,7.78807806968689,28795,67,1
1771374850.5776973,46_3,46,tpc_commit,4.209495306015015,28795,67,1
1771374850.6337512,47_3,47,das_work,10.426775693893433,48258,67,1
1771374858.3923156,46_3,46,tpc_lock,6.264540910720825,46561,68,1
1771374860.56401,47_3,47,tpc_commit,9.930249452590942,28795,68,1
1771374862.6239254,47_3,47,tpc_commit,2.0599052906036377,28795,68,1
1771374862.6449964,46_3,46,tpc_lock,4.252668857574463,46561,68,1
1771374872.4995944,47_3,47,tpc_lock,8.53673791885376,46561,69,1
1771374874.554756,47_3,47,tpc_lock,2.0551512241363525,46561,69,1
1771374874.5791044,46_3,46,das_work,6.006364107131958,48258,69,1
1771374882.3446312,46_3,46,tpc_commit,7.76551628112793,28795,70,1
1771374886.5757887,47_3,47,das_work,8.372023344039917,48258,70,1
1771374886.620821,46_3,46,tpc_commit,4.276180505752564,28795,70,1
1771374894.3287976,46_4,46,tpc_lock,7.114087104797363,46561,71,1
1771374896.544454,47_3,47,tpc_commit,9.968655824661257,28795,71,1
1771374898.561853,46_4,46,tpc_lock,4.233048439025879,46561,71,1
1771374898.5761275,47_3,47,tpc_commit,2.0316641330718994,28795,71,1
1771374908.52003,47_4,47,tpc_lock,8.018829345703125,46561,72,1
1771374910.5680945,46_4,46,das_work,10.411015272140505,48258,72,1
1771374910.5704792,47_4,47,tpc_lock,2.0504419803619385,46561,72,1
1771374918.3280137,46_4,46,tpc_commit,7.759907960891724,28795,73,1
1771374922.5521498,46_4,46,tpc_commit,4.224123239517212,28795,73,1
1771374922.6192942,47_4,47,das_work,10.217705488204956,48258,73,1
1771374930.337281,46_4,46,tpc_lock,6.458756923675537,46561,74,1
1771374932.565236,47_4,47,tpc_commit,9.945931434631348,28795,74,1
1771374934.5579407,46_4,46,tpc_lock,4.220652341842651,46561,74,1
1771374934.581127,47_4,47,tpc_commit,2.0158817768096924,28795,74,1
1771374944.4948938,47_4,47,tpc_lock,8.43255090713501,46549,75,1
1771374946.5531244,47_4,47,tpc_lock,2.0582211017608643,46549,75,1
1771374946.6125212,46_4,46,das_work,7.990640878677368,48258,75,1
1771374954.3718965,46_4,46,tpc_commit,7.759363889694214,28795,76,1
1771374958.556532,46_4,46,tpc_commit,4.184602975845337,28795,76,1
1771374958.5640996,47_4,47,das_work,5.880496263504028,48258,76,1
1771374966.396217,46_4,46,tpc_lock,6.468553304672241,46561,77,1
1771374968.5263078,47_4,47,tpc_commit,9.962198495864868,28783,77,1
1771374970.565244,47_4,47,tpc_commit,2.038926601409912,28783,77,1
1771374970.577197,46_4,46,tpc_lock,4.180967569351196,46561,77,1
1771374980.499218,47_4,47,tpc_lock,9.225492715835571,46561,78,1
1771374982.5652294,46_4,46,das_work,10.642471075057983,48258,78,1
1771374982.604807,47_4,47,tpc_lock,2.105576753616333,46561,78,1
1771374990.3616798,46_4,46,tpc_commit,7.796440839767456,28795,79,1
1771374994.5687256,47_4,47,das_work,4.525250673294067,48258,79,1
1771374994.5703113,46_4,46,tpc_commit,4.208619356155396,28795,79,1
1771375002.3997788,46_4,46,tpc_lock,7.103015661239624,46561,80,1
1771375004.562593,47_4,47,tpc_commit,9.99385952949524,28795,80,1
1771375006.5541384,47_4,47,tpc_commit,1.9915342330932615,28795,80,1
1771375006.6066847,46_4,46,tpc_lock,4.206895351409912,46561,80,1
1771375016.529045,47_4,47,tpc_lock,9.460480451583862,46561,81,1
1771375018.5695624,47_4,47,tpc_lock,2.04050874710083,46561,81,1
1771375018.5721197,46_4,46,das_work,3.746246814727783,48258,81,1
1771375026.3287928,46_4,46,tpc_commit,7.75666069984436,28795,82,1
1771375030.5585449,46_4,46,tpc_commit,4.229739904403687,28795,82,1
1771375030.5694015,47_4,47,das_work,10.260393857955933,48258,82,1
1771375038.3244638,46_4,46,tpc_lock,6.904819011688232,46561,83,1
1771375040.5366895,47_4,47,tpc_commit,9.967277526855469,28795,83,1
1771375042.5640385,47_4,47,tpc_commit,2.027339220046997,28795,83,1
1771375042.6061888,46_4,46,tpc_lock,4.281712055206299,46561,83,1
1771375052.479914,47_4,47,tpc_lock,8.228315830230713,46561,84,1
1771375054.5342796,47_4,47,tpc_lock,2.0543553829193115,46561,84,1
1771375054.5651948,46_4,46,das_work,10.5118727684021,48258,84,1
1771375062.3577988,46_4,46,tpc_commit,7.792594194412231,28795,85,1
1771375066.5325334,47_4,47,das_work,4.212516069412232,48258,85,1
1771375066.5552282,46_4,46,tpc_commit,4.197418928146362,28795,85,1
1771375076.4802835,47_4,47,tpc_commit,9.9477379322052,28795,86,1
1771375078.5246384,47_4,47,tpc_commit,2.044344902038574,28795,86,1
1771374174.4550996,48_0,48,tpc_lock,2.3068974018096924,46561,11,1
1771374178.615162,48_0,48,tpc_lock,4.160053968429565,46561,11,1
1771374188.540891,49_0,49,tpc_lock,10.177322626113892,46561,12,1
1771374190.620993,48_0,48,das_work,7.811378479003906,48258,12,1
1771374190.6549957,49_0,49,tpc_lock,2.1140987873077397,46561,12,1
1771374198.4616733,48_0,48,tpc_commit,7.840668201446533,28795,13,1
1771374202.620726,49_0,49,das_work,8.220274925231934,48258,13,1
1771374202.650946,48_0,48,tpc_commit,4.189258575439453,28795,13,1
1771374210.4113,48_0,48,tpc_lock,6.789535284042358,46561,14,1
1771374212.5589576,49_0,49,tpc_commit,9.938221216201782,28795,14,1
1771374214.6190195,48_0,48,tpc_lock,4.207712173461914,46561,14,1
1771374214.6339629,49_0,49,tpc_commit,2.07499623298645,28795,14,1
1771374224.6202033,49_0,49,tpc_lock,8.013607025146484,46561,15,1
1771374226.621459,49_0,49,tpc_lock,2.001246213912964,46561,15,1
1771374226.680157,48_0,48,das_work,10.341498613357544,48258,15,1
1771374234.4575088,48_0,48,tpc_commit,7.77733850479126,28795,16,1
1771374238.6228974,49_0,49,das_work,2.490589141845703,48258,16,1
1771374238.7087617,48_0,48,tpc_commit,4.251238107681274,28795,16,1
1771374246.385976,48_0,48,tpc_lock,6.486834764480591,46561,17,1
1771374248.624567,49_0,49,tpc_commit,10.001657962799072,28795,17,1
1771374250.6130168,49_0,49,tpc_commit,1.988440752029419,28795,17,1
1771374250.6437595,48_0,48,tpc_lock,4.257774591445923,46561,17,1
1771374260.6278803,49_0,49,tpc_lock,8.540920972824097,46561,18,1
1771374262.6415708,49_0,49,tpc_lock,2.013679981231689,46561,18,1
1771374262.6732705,48_0,48,das_work,5.080658912658691,48258,18,1
1771374270.391622,48_0,48,tpc_commit,7.718340635299683,28795,19,1
1771374274.6448278,49_0,49,das_work,7.2116851806640625,48258,19,1
1771374274.6708992,48_0,48,tpc_commit,4.279267072677612,28795,19,1
1771374282.3837037,48_0,48,tpc_lock,6.2850518226623535,46561,20,1
1771374284.5450602,49_0,49,tpc_commit,9.900221824645996,28795,20,1
1771374286.608141,48_0,48,tpc_lock,4.224428653717041,46561,20,1
1771374286.647894,49_0,49,tpc_commit,2.1028239727020264,28795,20,1
1771374296.5497572,49_0,49,tpc_lock,9.258495569229126,46561,21,1
1771374298.6063063,48_0,48,das_work,5.489196062088013,48258,21,1
1771374298.624956,49_0,49,tpc_lock,2.075190305709839,46561,21,1
1771374306.434828,48_0,48,tpc_commit,7.828509569168091,28795,22,1
1771374310.6435454,48_0,48,tpc_commit,4.208703279495239,28795,22,1
1771374310.6613183,49_0,49,das_work,8.888411283493042,48258,22,1
1771374318.40585,48_0,48,tpc_lock,6.780484199523926,46561,23,1
1771374320.6085763,49_0,49,tpc_commit,9.947247505187988,28795,23,1
1771374322.6085413,48_0,48,tpc_lock,4.20268177986145,46561,23,1
1771374322.6176074,49_0,49,tpc_commit,2.0090227127075195,28795,23,1
1771374332.5925026,49_0,49,tpc_lock,8.430543899536133,46561,24,1
1771374334.6028876,49_0,49,tpc_lock,2.0103743076324463,46561,24,1
1771374334.6332629,48_0,48,das_work,6.287215948104858,48258,24,1
1771374342.3714082,48_0,48,tpc_commit,7.738136768341064,28795,25,1
1771374346.654495,48_0,48,tpc_commit,4.283076524734497,28795,25,1
1771374346.658657,49_0,49,das_work,11.01892876625061,48258,25,1
1771374354.436978,48_1,48,tpc_lock,6.883536815643311,46561,26,1
1771374356.6136243,49_0,49,tpc_commit,9.954959630966188,28795,26,1
1771374358.6025734,49_0,49,tpc_commit,1.9889392852783203,28795,26,1
1771374358.620338,48_1,48,tpc_lock,4.183350324630737,46561,26,1
1771374368.5500631,49_1,49,tpc_lock,8.025675773620605,46561,27,1
1771374370.639284,48_1,48,das_work,2.959299087524414,48258,27,1
1771374370.6860356,49_1,49,tpc_lock,2.135963201522827,46561,27,1
1771374378.430137,48_1,48,tpc_commit,7.790841817855835,28795,28,1
1771374382.6334116,48_1,48,tpc_commit,4.203266382217407,28795,28,1
1771374382.6972978,49_1,49,das_work,4.476790904998779,48258,28,1
1771374390.398199,48_1,48,tpc_lock,6.78619909286499,46561,29,1
1771374392.538662,49_1,49,tpc_commit,9.841351509094238,28795,29,1
1771374394.5937753,49_1,49,tpc_commit,2.0551059246063232,28795,29,1
1771374394.636758,48_1,48,tpc_lock,4.23854923248291,46561,29,1
1771374404.5379615,49_1,49,tpc_lock,9.140517473220823,46561,30,1
1771374406.5933774,49_1,49,tpc_lock,2.0554044246673584,46561,30,1
1771374406.6485748,48_1,48,das_work,10.763967752456663,48258,30,1
1771374414.4348578,48_1,48,tpc_commit,7.786250591278076,28795,31,1
1771374418.6406362,48_1,48,tpc_commit,4.2057719230651855,28795,31,1
1771374418.6833208,49_1,49,das_work,5.574238300323486,48258,31,1
1771374426.4180038,48_1,48,tpc_lock,6.405823469161987,46561,32,1
1771374428.536006,49_1,49,tpc_commit,9.852675437927246,28795,32,1
1771374430.594507,49_1,49,tpc_commit,2.058490514755249,28795,32,1
1771374430.6434753,48_1,48,tpc_lock,4.225458383560181,46561,32,1
1771374440.56877,49_1,49,tpc_lock,8.740737199783325,46561,33,1
1771374442.6367035,48_1,48,das_work,4.149353742599487,48258,33,1
1771374442.667082,49_1,49,tpc_lock,2.0983026027679443,46561,33,1
1771374450.4403808,48_1,48,tpc_commit,7.803666830062866,28795,34,1
1771374454.6220367,48_1,48,tpc_commit,4.181648254394531,28795,34,1
1771374454.628626,49_1,49,das_work,9.32336449623108,48258,34,1
1771374462.425459,48_1,48,tpc_lock,6.583761930465698,46561,35,1
1771374464.5495772,49_1,49,tpc_commit,9.9209406375885,28795,35,1
1771374466.6007483,48_1,48,tpc_lock,4.175278902053833,46561,35,1
1771374466.6116145,49_1,49,tpc_commit,2.0620243549346924,28795,35,1
1771374476.549013,49_1,49,tpc_lock,8.739232778549194,46549,36,1
1771374478.5953388,48_1,48,das_work,7.484939813613892,48258,36,1
1771374478.6401856,49_1,49,tpc_lock,2.091160297393799,46549,36,1
1771374486.3574634,48_1,48,tpc_commit,7.762115716934204,28795,37,1
1771374490.6114748,48_1,48,tpc_commit,4.254003524780273,28795,37,1
1771374490.6838195,49_1,49,das_work,4.474069118499756,48258,37,1
1771374498.3683898,48_1,48,tpc_lock,6.785876274108887,46549,38,1
1771374500.525506,49_1,49,tpc_commit,9.841676235198976,28783,38,1
1771374502.5795016,49_1,49,tpc_commit,2.053986072540283,28783,38,1
1771374502.589737,48_1,48,tpc_lock,4.221338748931885,46549,38,1
1771374512.5880406,49_1,49,tpc_lock,8.30270504951477,46561,39,1
1771374514.6003592,48_1,48,das_work,6.709749221801758,48258,39,1
1771374514.6217773,49_1,49,tpc_lock,2.033726453781128,46561,39,1
1771374522.3868492,48_1,48,tpc_commit,7.786481142044067,28783,40,1
1771374526.6329782,49_1,49,das_work,3.0005533695220947,48258,40,1
1771374526.6621077,48_1,48,tpc_commit,4.275246381759644,28783,40,1
1771374534.4047256,48_2,48,tpc_lock,6.89382004737854,46561,41,1
1771374536.5890408,49_1,49,tpc_commit,9.956052303314207,28795,41,1
1771374538.5879743,48_2,48,tpc_lock,4.183241844177246,46561,41,1
1771374538.6287315,49_1,49,tpc_commit,2.039680957794189,28795,41,1
1771374548.5661705,49_2,49,tpc_lock,9.027389764785768,46561,42,1
1771374550.6437397,49_2,49,tpc_lock,2.0775630474090576,46561,42,1
1771374550.670938,48_2,48,das_work,2.3664357662200928,48258,42,1
1771374558.4028547,48_2,48,tpc_commit,7.73190712928772,28795,43,1
1771374562.645592,49_2,49,das_work,10.770187377929688,48258,43,1
1771374562.652491,48_2,48,tpc_commit,4.249625205993652,28795,43,1
1771374570.420276,48_2,48,tpc_lock,6.784203290939331,46561,44,1
1771374572.5290024,49_2,49,tpc_commit,9.883400201797484,28795,44,1
1771374574.5907054,49_2,49,tpc_commit,2.0616912841796875,28795,44,1
1771374574.5978649,48_2,48,tpc_lock,4.177579641342163,46561,44,1
1771374584.540361,49_2,49,tpc_lock,8.512884616851807,46561,45,1
1771374586.5798264,49_2,49,tpc_lock,2.039454460144043,46561,45,1
1771374586.642145,48_2,48,das_work,9.93694257736206,48258,45,1
1771374594.4030216,48_2,48,tpc_commit,7.76086688041687,28795,46,1
1771374598.585771,49_2,49,das_work,4.7850401401519775,48258,46,1
1771374598.595583,48_2,48,tpc_commit,4.192551374435425,28795,46,1
1771374606.4232566,48_2,48,tpc_lock,6.3161704540252686,46561,47,1
1771374608.5702937,49_2,49,tpc_commit,9.98451018333435,28795,47,1
1771374610.5877483,49_2,49,tpc_commit,2.017444372177124,28795,47,1
1771374610.6592033,48_2,48,tpc_lock,4.235937118530273,46561,47,1
1771374620.5610795,49_2,49,tpc_lock,9.239516973495483,46561,48,1
1771374622.620885,48_2,48,das_work,2.14202094078064,48258,48,1
1771374622.652927,49_2,49,tpc_lock,2.091836929321289,46561,48,1
1771374630.420182,48_2,48,tpc_commit,7.799286127090454,28795,49,1
1771374634.575546,48_2,48,tpc_commit,4.155354261398315,28795,49,1
1771374634.6054797,49_2,49,das_work,3.0729422569274902,48258,49,1
1771374642.3642623,48_2,48,tpc_lock,6.696990251541138,46561,50,1
1771374644.5882905,49_2,49,tpc_commit,9.9827983379364,28795,50,1
1771374646.5960495,48_2,48,tpc_lock,4.231775999069214,46561,50,1
1771374646.6146696,49_2,49,tpc_commit,2.0263712406158447,28795,50,1
1771374656.5746286,49_2,49,tpc_lock,8.221662521362305,46561,51,1
1771374658.588654,48_2,48,das_work,2.0821940898895264,48258,51,1
1771374658.6436949,49_2,49,tpc_lock,2.069056510925293,46561,51,1
1771374666.3884745,48_2,48,tpc_commit,7.799813747406006,28795,52,1
1771374670.5713775,48_2,48,tpc_commit,4.182893991470337,28795,52,1
1771374670.6675062,49_2,49,das_work,3.8812739849090576,48258,52,1
1771374678.38389,48_2,48,tpc_lock,7.023131608963013,46561,53,1
1771374680.5339046,49_2,49,tpc_commit,9.866388082504272,28795,53,1
1771374682.5722334,49_2,49,tpc_commit,2.0383191108703613,28795,53,1
1771374682.6593697,48_2,48,tpc_lock,4.275471687316895,46561,53,1
1771374692.5196135,49_2,49,tpc_lock,8.243135929107666,46561,54,1
1771374694.571852,48_2,48,das_work,9.615835189819336,48258,54,1
1771374694.5971453,49_2,49,tpc_lock,2.0775203704833984,46561,54,1
1771374702.4183962,48_2,48,tpc_commit,7.84653639793396,28795,55,1
1771374706.6058092,48_2,48,tpc_commit,4.187402963638306,28795,55,1
1771374706.63927,49_2,49,das_work,4.2661073207855225,48258,55,1
1771374714.395826,48_3,48,tpc_lock,6.173548460006714,46561,56,1
1771374716.5564556,49_2,49,tpc_commit,9.917175769805908,28795,56,1
1771374718.595167,49_2,49,tpc_commit,2.038704633712769,28795,56,1
1771374718.634168,48_3,48,tpc_lock,4.23832893371582,46561,56,1
1771374728.5094495,49_3,49,tpc_lock,8.698713064193726,46561,57,1
1771374730.576337,49_3,49,tpc_lock,2.0668811798095703,46561,57,1
1771374730.5789323,48_3,48,das_work,7.067937135696411,48258,57,1
1771374738.3590336,48_3,48,tpc_commit,7.780093669891357,28795,58,1
1771374742.614066,49_3,49,das_work,8.03205919265747,48258,58,1
1771374742.6519396,48_3,48,tpc_commit,4.292897701263428,28795,58,1
1771374750.41688,48_3,48,tpc_lock,6.2656409740448,46549,59,1
1771374752.5164137,49_3,49,tpc_commit,9.902337074279783,28795,59,1
1771374754.5656426,49_3,49,tpc_commit,2.049219846725464,28795,59,1
1771374754.6127267,48_3,48,tpc_lock,4.195840120315552,46549,59,1
1771374764.5802305,49_3,49,tpc_lock,9.132014274597168,46561,60,1
1771374766.584519,49_3,49,tpc_lock,2.004277467727661,46561,60,1
1771374766.6298451,48_3,48,das_work,10.244099140167236,48258,60,1
1771374774.3795457,48_3,48,tpc_commit,7.749692678451538,28783,61,1
1771374778.5736885,48_3,48,tpc_commit,4.194131851196289,28783,61,1
1771374778.6254623,49_3,49,das_work,5.60632848739624,48258,61,1
1771374786.3396232,48_3,48,tpc_lock,7.090804815292358,46561,62,1
1771374788.561508,49_3,49,tpc_commit,9.936035633087158,28795,62,1
1771374790.6009483,49_3,49,tpc_commit,2.0394320487976074,28795,62,1
1771374790.617978,48_3,48,tpc_lock,4.278345823287964,46561,62,1
1771374800.508779,49_3,49,tpc_lock,8.921193838119507,46561,63,1
1771374802.567236,48_3,48,das_work,8.685202598571777,48258,63,1
1771374802.5854309,49_3,49,tpc_lock,2.0766408443450928,46561,63,1
1771374810.33802,48_3,48,tpc_commit,7.7707719802856445,28795,64,1
1771374814.5602772,48_3,48,tpc_commit,4.222247362136841,28795,64,1
1771374814.61226,49_3,49,das_work,10.815547466278076,48258,64,1
1771374822.3388295,48_3,48,tpc_lock,6.938769817352295,46561,65,1
1771374824.565384,49_3,49,tpc_commit,9.953117370605469,28795,65,1
1771374826.5671406,49_3,49,tpc_commit,2.001746892929077,28795,65,1
1771374826.5868895,48_3,48,tpc_lock,4.248051881790161,46561,65,1
1771374836.53995,49_3,49,tpc_lock,8.430302858352661,46561,66,1
1771374838.563198,48_3,48,das_work,9.95872449874878,48258,66,1
1771374838.5995126,49_3,49,tpc_lock,2.059549331665039,46561,66,1
1771374846.3562615,48_3,48,tpc_commit,7.793052196502685,28795,67,1
1771374850.5819666,48_3,48,tpc_commit,4.225691080093384,28795,67,1
1771374850.6285098,49_3,49,das_work,5.710106372833252,48258,67,1
1771374858.381756,48_3,48,tpc_lock,6.372050762176514,46561,68,1
1771374860.567985,49_3,49,tpc_commit,9.939466714859009,28795,68,1
1771374862.5965805,48_3,48,tpc_lock,4.21481466293335,46561,68,1
1771374862.6209426,49_3,49,tpc_commit,2.052950859069824,28795,68,1
1771374872.5770311,49_3,49,tpc_lock,8.526146173477173,46561,69,1
1771374874.5772457,48_3,48,das_work,7.164153337478638,48258,69,1
1771374874.5938666,49_3,49,tpc_lock,2.016824960708618,46561,69,1
1771374882.355017,48_3,48,tpc_commit,7.777760982513428,28795,70,1
1771374886.565076,48_3,48,tpc_commit,4.210050106048584,28795,70,1
1771374886.5710692,49_3,49,das_work,3.8818767070770255,48258,70,1
1771374894.345663,48_4,48,tpc_lock,6.9864771366119385,46549,71,1
1771374896.5440948,49_3,49,tpc_commit,9.973016500473022,28795,71,1
1771374898.5681052,48_4,48,tpc_lock,4.222431659698486,46549,71,1
1771374898.5802572,49_3,49,tpc_commit,2.0361523628234863,28795,71,1
1771374908.516997,49_4,49,tpc_lock,8.104482412338257,46561,72,1
1771374910.5553775,49_4,49,tpc_lock,2.038369655609131,46561,72,1
1771374910.56301,48_4,48,das_work,6.872251987457275,48258,72,1
1771374918.330543,48_4,48,tpc_commit,7.76752233505249,28783,73,1
1771374922.594985,48_4,48,tpc_commit,4.264432430267334,28783,73,1
1771374922.6061094,49_4,49,das_work,8.961484432220459,48258,73,1
1771374930.3263614,48_4,48,tpc_lock,6.789855718612671,46561,74,1
1771374932.5510144,49_4,49,tpc_commit,9.944874286651611,28795,74,1
1771374934.5958428,48_4,48,tpc_lock,4.269473552703857,46561,74,1
1771374934.618106,49_4,49,tpc_commit,2.067078828811645,28795,74,1
1771374944.5038407,49_4,49,tpc_lock,8.803541898727417,46561,75,1
1771374946.5598366,49_4,49,tpc_lock,2.05598521232605,46561,75,1
1771374946.5624433,48_4,48,das_work,3.092450857162476,48258,75,1
1771374954.3340683,48_4,48,tpc_commit,7.7716169357299805,28795,76,1
1771374958.5993211,48_4,48,tpc_commit,4.265241146087647,28795,76,1
1771374958.6132808,49_4,49,das_work,8.385813236236572,48258,76,1
1771374966.354078,48_4,48,tpc_lock,6.982743740081787,46561,77,1
1771374968.5623162,49_4,49,tpc_commit,9.94902801513672,28795,77,1
1771374970.5529048,48_4,48,tpc_lock,4.198800086975098,46561,77,1
1771374970.6205623,49_4,49,tpc_commit,2.058237075805664,28795,77,1
1771374980.5523758,49_4,49,tpc_lock,8.002085447311401,46561,78,1
1771374982.5705986,48_4,48,das_work,7.459980487823486,48258,78,1
1771374982.6289375,49_4,49,tpc_lock,2.076552152633667,46561,78,1
1771374990.366547,48_4,48,tpc_commit,7.795938014984131,28795,79,1
1771374994.5618258,48_4,48,tpc_commit,4.195268392562866,28795,79,1
1771374994.562678,49_4,49,das_work,6.060935974121094,48258,79,1
1771375002.3397293,48_4,48,tpc_lock,6.6867835521698,46561,80,1
1771375004.5529864,49_4,49,tpc_commit,9.990299463272097,28795,80,1
1771375006.5941792,48_4,48,tpc_lock,4.254438400268555,46561,80,1
1771375006.596919,49_4,49,tpc_commit,2.0438928604125977,28795,80,1
1771375016.4955308,49_4,49,tpc_lock,8.446025609970093,46561,81,1
1771375018.5703526,48_4,48,das_work,3.003307342529297,48258,81,1
1771375018.5859764,49_4,49,tpc_lock,2.0904369354248047,46561,81,1
1771375026.3773031,48_4,48,tpc_commit,7.806938171386719,28795,82,1
1771375030.612851,49_4,49,das_work,8.939695119857788,48258,82,1
1771375030.625589,48_4,48,tpc_commit,4.24827766418457,28795,82,1
1771375038.375904,48_4,48,tpc_lock,6.270622968673706,46561,83,1
1771375040.5644536,49_4,49,tpc_commit,9.95159363746643,28795,83,1
1771375042.5858903,48_4,48,tpc_lock,4.2099769115448,46561,83,1
1771375042.6078897,49_4,49,tpc_commit,2.0434255599975586,28795,83,1
1771375052.5108638,49_4,49,tpc_lock,8.64949631690979,46561,84,1
1771375054.5351508,48_4,48,das_work,7.820107936859131,48258,84,1
1771375054.5406,49_4,49,tpc_lock,2.0297272205352783,46561,84,1
1771375062.3413928,48_4,48,tpc_commit,7.806234359741211,28795,85,1
1771375066.5405338,49_4,49,das_work,6.686261415481567,48258,85,1
1771375066.546359,48_4,48,tpc_commit,4.204957246780396,28795,85,1
1771375076.5563953,49_4,49,tpc_commit,10.015851736068726,28795,86,1
1771375078.5269506,49_4,49,tpc_commit,1.9705476760864256,28795,86,1
1771374186.4367385,50_0,50,tpc_lock,4.327611923217773,46561,12,1
1771374188.5469673,51_0,51,tpc_lock,8.023764371871948,46561,12,1
1771374190.584139,51_0,51,tpc_lock,2.037165880203247,46561,12,1
1771374190.5929549,50_0,50,tpc_lock,4.1562089920043945,46561,12,1
1771374202.5886583,51_0,51,das_work,2.0451560020446777,48258,13,1
1771374202.5917065,50_0,50,das_work,5.300162076950073,48258,13,1
1771374210.385652,50_0,50,tpc_commit,7.793929576873779,28795,14,1
1771374212.5626397,51_0,51,tpc_commit,9.973971605300903,28795,14,1
1771374214.6117704,51_0,51,tpc_commit,2.049121856689453,28795,14,1
1771374214.6310687,50_0,50,tpc_commit,4.245408058166504,28795,14,1
1771374222.4058633,50_0,50,tpc_lock,6.409703969955444,46561,15,1
1771374224.5503094,51_0,51,tpc_lock,8.761500120162964,46561,15,1
1771374226.617785,50_0,50,tpc_lock,4.211912393569946,46561,15,1
1771374226.623005,51_0,51,tpc_lock,2.072688341140747,46561,15,1
1771374238.623373,51_0,51,das_work,9.303271770477297,48258,16,1
1771374238.7152505,50_0,50,das_work,2.300259590148926,48258,16,1
1771374246.4798105,50_0,50,tpc_commit,7.76455020904541,28795,17,1
1771374248.6104362,51_0,51,tpc_commit,9.987053632736206,28795,17,1
1771374250.622488,51_0,51,tpc_commit,2.0120418071746826,28795,17,1
1771374250.636552,50_0,50,tpc_commit,4.156730890274048,28795,17,1
1771374258.4271257,50_0,50,tpc_lock,5.880154848098755,46549,18,1
1771374260.558526,51_0,51,tpc_lock,8.134653329849243,46561,18,1
1771374262.6260085,51_0,51,tpc_lock,2.0674729347229004,46561,18,1
1771374262.6642182,50_0,50,tpc_lock,4.237082004547119,46549,18,1
1771374274.6468892,50_0,50,das_work,8.138104438781738,48258,19,1
1771374274.7377942,51_0,51,das_work,4.366015672683716,48258,19,1
1771374282.395753,50_0,50,tpc_commit,7.748852968215942,28783,20,1
1771374284.5820918,51_0,51,tpc_commit,9.844283819198608,28795,20,1
1771374286.6397214,50_0,50,tpc_commit,4.243958950042725,28783,20,1
1771374286.6537027,51_0,51,tpc_commit,2.071603536605835,28795,20,1
1771374294.3842137,50_0,50,tpc_lock,6.390209436416626,46537,21,1
1771374296.612385,51_0,51,tpc_lock,9.16259503364563,46561,21,1
1771374298.6716082,50_0,50,tpc_lock,4.287386417388916,46537,21,1
1771374298.698325,51_0,51,tpc_lock,2.085927724838257,46561,21,1
1771374310.6129546,50_0,50,das_work,7.854867696762085,48258,22,1
1771374310.6318157,51_0,51,das_work,10.85121250152588,48258,22,1
1771374318.4455383,50_0,50,tpc_commit,7.832573413848877,28771,23,1
1771374320.5510793,51_0,51,tpc_commit,9.919256210327148,28795,23,1
1771374322.6297069,50_0,50,tpc_commit,4.184157371520996,28771,23,1
1771374322.6999316,51_0,51,tpc_commit,2.1488423347473145,28795,23,1
1771374330.4451983,50_0,50,tpc_lock,6.7994465827941895,46561,24,1
1771374332.555941,51_0,51,tpc_lock,8.830123662948608,46549,24,1
1771374334.6422906,50_0,50,tpc_lock,4.1970813274383545,46561,24,1
1771374334.6802683,51_0,51,tpc_lock,2.124316692352295,46549,24,1
1771374346.6352365,51_0,51,das_work,9.114503622055054,48258,25,1
1771374346.6826885,50_0,50,das_work,3.0795376300811768,48258,25,1
1771374354.3760612,50_0,50,tpc_commit,7.693361282348633,28795,26,1
1771374356.6085792,51_0,51,tpc_commit,9.973335027694702,28783,26,1
1771374358.6242876,51_0,51,tpc_commit,2.0156984329223637,28783,26,1
1771374358.695149,50_0,50,tpc_commit,4.319080114364624,28795,26,1
1771374366.45563,50_1,50,tpc_lock,6.079079627990723,46561,27,1
1771374368.540972,51_1,51,tpc_lock,9.163493394851685,46561,27,1
1771374370.6278777,51_1,51,tpc_lock,2.086895227432251,46561,27,1
1771374370.6385078,50_1,50,tpc_lock,4.182868003845215,46561,27,1
1771374382.6499276,51_1,51,das_work,8.92700982093811,48258,28,1
1771374382.674625,50_1,50,das_work,3.282961130142212,48258,28,1
1771374390.3818684,50_1,50,tpc_commit,7.7072319984436035,28795,29,1
1771374392.5392342,51_1,51,tpc_commit,9.889297723770142,28795,29,1
1771374394.5967314,51_1,51,tpc_commit,2.057487726211548,28795,29,1
1771374394.672177,50_1,50,tpc_commit,4.2902991771698,28795,29,1
1771374402.4489937,50_1,50,tpc_lock,6.813663005828857,46561,30,1
1771374404.6062508,51_1,51,tpc_lock,8.565734148025513,46561,30,1
1771374406.6270397,50_1,50,tpc_lock,4.178036212921143,46561,30,1
1771374406.672495,51_1,51,tpc_lock,2.066235303878784,46561,30,1
1771374418.5984845,51_1,51,das_work,4.128978252410889,48258,31,1
1771374418.6821425,50_1,50,das_work,9.95418643951416,48258,31,1
1771374426.3680527,50_1,50,tpc_commit,7.685900926589966,28795,32,1
1771374428.5858123,51_1,51,tpc_commit,9.987319469451904,28795,32,1
1771374430.6003177,51_1,51,tpc_commit,2.0144941806793213,28795,32,1
1771374430.6535394,50_1,50,tpc_commit,4.285477876663208,28795,32,1
1771374438.426509,50_1,50,tpc_lock,6.283489465713501,46549,33,1
1771374440.5358093,51_1,51,tpc_lock,8.238393068313599,46561,33,1
1771374442.6607156,51_1,51,tpc_lock,2.124894857406616,46561,33,1
1771374442.6654282,50_1,50,tpc_lock,4.238910675048828,46549,33,1
1771374454.6595502,50_1,50,das_work,5.558575630187988,48258,34,1
1771374454.6692295,51_1,51,das_work,8.004593133926392,48258,34,1
1771374462.3806145,50_1,50,tpc_commit,7.721056222915649,28783,35,1
1771374464.5444212,51_1,51,tpc_commit,9.875179529190063,28795,35,1
1771374466.6060553,50_1,50,tpc_commit,4.225377082824707,28783,35,1
1771374466.6113024,51_1,51,tpc_commit,2.0668721199035645,28795,35,1
1771374474.3666573,50_1,50,tpc_lock,6.990349054336548,46561,36,1
1771374476.5413125,51_1,51,tpc_lock,8.332473039627075,46561,36,1
1771374478.6085663,50_1,50,tpc_lock,4.241898536682129,46561,36,1
1771374478.648533,51_1,51,tpc_lock,2.1072094440460205,46561,36,1
1771374490.6404223,51_1,51,das_work,5.808535099029541,48258,37,1
1771374490.6808589,50_1,50,das_work,6.988696575164795,48258,37,1
1771374498.3626647,50_1,50,tpc_commit,7.681796789169311,28795,38,1
1771374500.5795746,51_1,51,tpc_commit,9.939142227172852,28795,38,1
1771374502.591463,50_1,50,tpc_commit,4.228792667388916,28795,38,1
1771374502.6349683,51_1,51,tpc_commit,2.0553829669952397,28795,38,1
1771374510.424226,50_1,50,tpc_lock,6.886288166046143,46561,39,1
1771374512.5999477,51_1,51,tpc_lock,9.228728771209717,46549,39,1
1771374514.5944,50_1,50,tpc_lock,4.170163869857788,46561,39,1
1771374514.626491,51_1,51,tpc_lock,2.0265345573425293,46549,39,1
1771374526.5890229,51_1,51,das_work,9.274440050125122,48258,40,1
1771374526.6545637,50_1,50,das_work,7.062858819961548,48258,40,1
1771374534.357331,50_1,50,tpc_commit,7.702755451202393,28795,41,1
1771374536.5880735,51_1,51,tpc_commit,9.999043226242064,28783,41,1
1771374538.5958953,51_1,51,tpc_commit,2.007815361022949,28783,41,1
1771374538.6279266,50_1,50,tpc_commit,4.270587921142578,28795,41,1
1771374546.3558445,50_2,50,tpc_lock,5.970957040786743,46561,42,1
1771374548.551342,51_2,51,tpc_lock,8.726016283035278,46561,42,1
1771374550.6084323,51_2,51,tpc_lock,2.0570809841156006,46561,42,1
1771374550.6650145,50_2,50,tpc_lock,4.309162378311157,46561,42,1
1771374562.5813713,51_2,51,das_work,6.883272171020508,48258,43,1
1771374562.5827098,50_2,50,das_work,10.85785174369812,48258,43,1
1771374570.3877006,50_2,50,tpc_commit,7.804983139038086,28795,44,1
1771374572.5466297,51_2,51,tpc_commit,9.965251445770264,28795,44,1
1771374574.5861998,51_2,51,tpc_commit,2.039562940597534,28795,44,1
1771374574.6104076,50_2,50,tpc_commit,4.222697019577026,28795,44,1
1771374582.373837,50_2,50,tpc_lock,6.678789377212524,46561,45,1
1771374584.5270617,51_2,51,tpc_lock,8.111088991165161,46549,45,1
1771374586.6323545,51_2,51,tpc_lock,2.105285167694092,46549,45,1
1771374586.638116,50_2,50,tpc_lock,4.264270067214966,46561,45,1
1771374598.594481,50_2,50,das_work,7.17050838470459,48258,46,1
1771374598.6427972,51_2,51,das_work,8.982563018798828,48258,46,1
1771374606.3933935,50_2,50,tpc_commit,7.798902988433838,28795,47,1
1771374608.5230389,51_2,51,tpc_commit,9.880229949951172,28783,47,1
1771374610.604039,51_2,51,tpc_commit,2.080989360809326,28783,47,1
1771374610.645816,50_2,50,tpc_commit,4.252413988113403,28795,47,1
1771374618.3783226,50_2,50,tpc_lock,6.184000253677368,46561,48,1
1771374620.5897198,51_2,51,tpc_lock,9.135237216949465,46561,48,1
1771374622.605827,51_2,51,tpc_lock,2.0160975456237797,46561,48,1
1771374622.6212993,50_2,50,tpc_lock,4.242966413497925,46561,48,1
1771374634.6577573,50_2,50,das_work,8.488909006118774,48258,49,1
1771374634.664165,51_2,51,das_work,9.52961254119873,48258,49,1
1771374642.3979704,50_2,50,tpc_commit,7.740206241607666,28795,50,1
1771374644.538077,51_2,51,tpc_commit,9.87390422821045,28795,50,1
1771374646.5765724,51_2,51,tpc_commit,2.0384857654571533,28795,50,1
1771374646.6061594,50_2,50,tpc_commit,4.208178758621216,28795,50,1
1771374654.413002,50_2,50,tpc_lock,5.859265565872192,46561,51,1
1771374656.5488942,51_2,51,tpc_lock,8.825238704681396,46561,51,1
1771374658.5794191,50_2,50,tpc_lock,4.166407823562622,46561,51,1
1771374658.6149335,51_2,51,tpc_lock,2.0660290718078613,46561,51,1
1771374670.5715766,51_2,51,das_work,8.754730939865112,48258,52,1
1771374670.6310146,50_2,50,das_work,5.111903667449951,48258,52,1
1771374678.396416,50_2,50,tpc_commit,7.765390634536743,28795,53,1
1771374680.5413563,51_2,51,tpc_commit,9.969771385192873,28795,53,1
1771374682.622919,50_2,50,tpc_commit,4.226494550704956,28795,53,1
1771374682.6335642,51_2,51,tpc_commit,2.092196464538574,28795,53,1
1771374690.3535564,50_2,50,tpc_lock,6.472625970840454,46561,54,1
1771374692.5343466,51_2,51,tpc_lock,8.71624231338501,46561,54,1
1771374694.607515,50_2,50,tpc_lock,4.253951072692871,46561,54,1
1771374694.6227396,51_2,51,tpc_lock,2.088383436203003,46561,54,1
1771374706.5878704,51_2,51,das_work,9.005985021591187,48258,55,1
1771374706.6361983,50_2,50,das_work,9.82988953590393,48258,55,1
1771374714.4167814,50_2,50,tpc_commit,7.780573129653931,28795,56,1
1771374716.5369956,51_2,51,tpc_commit,9.949114322662354,28795,56,1
1771374718.587171,51_2,51,tpc_commit,2.050146579742432,28795,56,1
1771374718.6118186,50_2,50,tpc_commit,4.195026874542236,28795,56,1
1771374726.419289,50_3,50,tpc_lock,6.671351909637451,46561,57,1
1771374728.587008,51_3,51,tpc_lock,8.613025426864624,46561,57,1
1771374730.5676796,51_3,51,tpc_lock,1.9806585311889648,46561,57,1
1771374730.5805218,50_3,50,tpc_lock,4.161221027374268,46561,57,1
1771374742.6022289,50_3,50,das_work,7.147269487380981,48258,58,1
1771374742.625231,51_3,51,das_work,9.1838800907135,48258,58,1
1771374750.3464017,50_3,50,tpc_commit,7.744163274765015,28795,59,1
1771374752.5073235,51_3,51,tpc_commit,9.882084608078005,28795,59,1
1771374754.5624096,51_3,51,tpc_commit,2.0550785064697266,28795,59,1
1771374754.5696504,50_3,50,tpc_commit,4.223238706588745,28795,59,1
1771374762.340366,50_3,50,tpc_lock,6.88372802734375,46549,60,1
1771374764.5458915,51_3,51,tpc_lock,8.21562123298645,46561,60,1
1771374766.5681393,50_3,50,tpc_lock,4.227762699127197,46549,60,1
1771374766.6359923,51_3,51,tpc_lock,2.09009051322937,46561,60,1
1771374778.5957036,50_3,50,das_work,2.355581760406494,48258,61,1
1771374778.633263,51_3,51,das_work,4.412906169891357,48258,61,1
1771374786.336775,50_3,50,tpc_commit,7.741062164306641,28783,62,1
1771374788.5671515,51_3,51,tpc_commit,9.933878183364868,28795,62,1
1771374790.5737464,50_3,50,tpc_commit,4.236963272094727,28783,62,1
1771374790.6060922,51_3,51,tpc_commit,2.038931369781494,28795,62,1
1771374798.3443844,50_3,50,tpc_lock,5.848861455917358,46549,63,1
1771374800.5462964,51_3,51,tpc_lock,8.506938695907593,46561,63,1
1771374802.580946,50_3,50,tpc_lock,4.23655104637146,46549,63,1
1771374802.613695,51_3,51,tpc_lock,2.067387580871582,46561,63,1
1771374814.6200745,51_3,51,das_work,7.933124542236328,48258,64,1
1771374814.64236,50_3,50,das_work,5.632047176361084,48258,64,1
1771374822.3511295,50_3,50,tpc_commit,7.708758354187012,28783,65,1
1771374824.504205,51_3,51,tpc_commit,9.884119987487791,28795,65,1
1771374826.5858176,51_3,51,tpc_commit,2.0816049575805664,28795,65,1
1771374826.5951097,50_3,50,tpc_commit,4.243968963623047,28783,65,1
1771374834.3771355,50_3,50,tpc_lock,6.379409790039063,46561,66,1
1771374836.5422192,51_3,51,tpc_lock,9.03748631477356,46561,66,1
1771374838.5648985,51_3,51,tpc_lock,2.022670030593872,46561,66,1
1771374838.573733,50_3,50,tpc_lock,4.19658899307251,46561,66,1
1771374850.576535,51_3,51,das_work,2.1628780364990234,48258,67,1
1771374850.6011434,50_3,50,das_work,4.963998079299927,48258,67,1
1771374858.4017236,50_3,50,tpc_commit,7.800569295883179,28795,68,1
1771374860.5450082,51_3,51,tpc_commit,9.968461751937866,28795,68,1
1771374862.627889,50_3,50,tpc_commit,4.226155042648315,28795,68,1
1771374862.642604,51_3,51,tpc_commit,2.0975866317749023,28795,68,1
1771374870.3300607,50_3,50,tpc_lock,6.87779426574707,46561,69,1
1771374872.5396607,51_3,51,tpc_lock,8.410065650939941,46561,69,1
1771374874.5754652,51_3,51,tpc_lock,2.0357940196990967,46561,69,1
1771374874.5936997,50_3,50,tpc_lock,4.263631820678711,46561,69,1
1771374886.5703745,50_3,50,das_work,5.925778150558472,48258,70,1
1771374886.622363,51_3,51,das_work,2.9517035484313965,48258,70,1
1771374894.366079,50_3,50,tpc_commit,7.79569673538208,28795,71,1
1771374896.5705705,51_3,51,tpc_commit,9.948198318481444,28795,71,1
1771374898.577162,50_3,50,tpc_commit,4.211075305938721,28795,71,1
1771374898.6001945,51_3,51,tpc_commit,2.0296146869659424,28795,71,1
1771374906.32637,50_4,50,tpc_lock,7.080669164657593,46561,72,1
1771374908.5218368,51_4,51,tpc_lock,8.418744325637817,46561,72,1
1771374910.612825,51_4,51,tpc_lock,2.090980768203736,46561,72,1
1771374910.62335,50_4,50,tpc_lock,4.29696798324585,46561,72,1
1771374922.5626884,50_4,50,das_work,8.278496980667114,48258,73,1
1771374922.5750732,51_4,51,das_work,9.838486194610596,48258,73,1
1771374930.3682406,50_4,50,tpc_commit,7.805545091629028,28795,74,1
1771374932.535722,51_4,51,tpc_commit,9.960641384124756,28795,74,1
1771374934.6063485,50_4,50,tpc_commit,4.238098382949829,28795,74,1
1771374934.6217158,51_4,51,tpc_commit,2.0859832763671875,28795,74,1
1771374942.3222575,50_4,50,tpc_lock,5.870951175689697,46561,75,1
1771374944.4931717,51_4,51,tpc_lock,8.022064924240112,46561,75,1
1771374946.55808,50_4,50,tpc_lock,4.235815525054932,46561,75,1
1771374946.563922,51_4,51,tpc_lock,2.070739507675171,46561,75,1
1771374958.5770426,50_4,50,das_work,3.458768367767334,48258,76,1
1771374958.6399777,51_4,51,das_work,8.905182600021362,48258,76,1
1771374966.3779335,50_4,50,tpc_commit,7.8008811473846436,28795,77,1
1771374968.4899418,51_4,51,tpc_commit,9.849952459335327,28795,77,1
1771374970.545585,51_4,51,tpc_commit,2.0556318759918213,28795,77,1
1771374970.5820706,50_4,50,tpc_commit,4.204127550125122,28795,77,1
1771374978.3596532,50_4,50,tpc_lock,6.201918840408325,46561,78,1
1771374980.5092337,51_4,51,tpc_lock,8.146763563156128,46561,78,1
1771374982.5655956,50_4,50,tpc_lock,4.205932855606079,46561,78,1
1771374982.625502,51_4,51,tpc_lock,2.115501880645752,46561,78,1
1771374994.588298,50_4,50,das_work,8.517967224121094,48258,79,1
1771374994.6097655,51_4,51,das_work,10.499789714813232,48258,79,1
1771375002.4075873,50_4,50,tpc_commit,7.819277286529541,28795,80,1
1771375004.4980557,51_4,51,tpc_commit,9.888282060623167,28795,80,1
1771375006.553869,51_4,51,tpc_commit,2.055805921554565,28795,80,1
1771375006.6185305,50_4,50,tpc_commit,4.210931301116943,28795,80,1
1771375014.334829,50_4,50,tpc_lock,6.267057657241821,46561,81,1
1771375016.4951904,51_4,51,tpc_lock,9.188859224319458,46561,81,1
1771375018.5558963,51_4,51,tpc_lock,2.0606980323791504,46561,81,1
1771375018.563591,50_4,50,tpc_lock,4.228753328323364,46561,81,1
1771375030.594385,50_4,50,das_work,6.944215059280396,48258,82,1
1771375030.6166997,51_4,51,das_work,7.089766263961792,48258,82,1
1771375038.4046006,50_4,50,tpc_commit,7.810204744338989,28795,83,1
1771375040.5656912,51_4,51,tpc_commit,9.948982238769531,28795,83,1
1771375042.60167,50_4,50,tpc_commit,4.19705867767334,28795,83,1
1771375042.61507,51_4,51,tpc_commit,2.049370765686035,28795,83,1
1771375050.3727748,50_4,50,tpc_lock,6.578795433044434,46549,84,1
1771375052.5494304,51_4,51,tpc_lock,9.03026819229126,46561,84,1
1771375054.5399995,51_4,51,tpc_lock,1.9905576705932615,46561,84,1
1771375054.5537806,50_4,50,tpc_lock,4.180995225906372,46549,84,1
1771375066.5261416,51_4,51,das_work,7.250404119491577,48258,85,1
1771375066.5275402,50_4,50,das_work,5.523388624191284,48258,85,1
1771375074.39494,50_4,50,tpc_commit,7.867392301559448,28783,86,1
1771375076.5404902,51_4,51,tpc_commit,10.014341592788696,28795,86,1
1771375078.5493174,50_4,50,tpc_commit,4.154367446899414,28783,86,1
1771375078.581058,51_4,51,tpc_commit,2.040555953979492,28795,86,1
1771374186.4011407,52_0,52,tpc_lock,10.1634361743927,46561,12,1
1771374188.540671,53_0,53,tpc_lock,7.002068996429443,46561,12,1
1771374190.5861096,52_0,52,tpc_lock,4.184962511062622,46561,12,1
1771374190.6460896,53_0,53,tpc_lock,2.105411529541016,46561,12,1
1771374202.5856352,52_0,52,das_work,7.6047751903533936,48258,13,1
1771374202.596689,53_0,53,das_work,3.556759595870972,48258,13,1
1771374210.4182944,52_0,52,tpc_commit,7.832650423049927,28795,14,1
1771374212.564714,53_0,53,tpc_commit,9.9680073261261,28795,14,1
1771374214.5989597,52_0,52,tpc_commit,4.180656909942627,28795,14,1
1771374214.6019146,53_0,53,tpc_commit,2.0371930599212646,28795,14,1
1771374222.4359858,52_0,52,tpc_lock,6.485168933868408,46561,15,1
1771374224.5506887,53_0,53,tpc_lock,8.253974914550781,46561,15,1
1771374226.618353,52_0,52,tpc_lock,4.182356834411621,46561,15,1
1771374226.6191514,53_0,53,tpc_lock,2.0684525966644287,46561,15,1
1771374238.615116,52_0,52,das_work,2.353802442550659,48258,16,1
1771374238.64038,53_0,53,das_work,9.501533031463625,48258,16,1
1771374246.4515464,52_0,52,tpc_commit,7.83642053604126,28795,17,1
1771374248.6058173,53_0,53,tpc_commit,9.965426683425903,28795,17,1
1771374250.6240032,53_0,53,tpc_commit,2.0181760787963867,28795,17,1
1771374250.6857665,52_0,52,tpc_commit,4.234208106994629,28795,17,1
1771374258.4459722,52_0,52,tpc_lock,7.121198654174805,46549,18,1
1771374260.610623,53_0,53,tpc_lock,8.364390134811401,46561,18,1
1771374262.6274066,53_0,53,tpc_lock,2.0167713165283203,46561,18,1
1771374262.6987336,52_0,52,tpc_lock,4.252750873565674,46549,18,1
1771374274.6650116,53_0,53,das_work,8.20404601097107,48258,19,1
1771374274.7460902,52_0,52,das_work,8.703547954559326,48258,19,1
1771374282.379781,52_0,52,tpc_commit,7.633677244186401,28783,20,1
1771374284.542651,53_0,53,tpc_commit,9.877629280090332,28795,20,1
1771374286.6253123,53_0,53,tpc_commit,2.0826549530029297,28795,20,1
1771374286.6359203,52_0,52,tpc_commit,4.256130456924439,28783,20,1
1771374294.3814886,52_0,52,tpc_lock,7.093118190765381,46561,21,1
1771374296.594036,53_0,53,tpc_lock,9.259056806564333,46561,21,1
1771374298.6415625,53_0,53,tpc_lock,2.047516107559204,46561,21,1
1771374298.675197,52_0,52,tpc_lock,4.293700456619263,46561,21,1
1771374310.638152,53_0,53,das_work,5.890219449996948,48258,22,1
1771374310.6790402,52_0,52,das_work,3.798257350921631,48258,22,1
1771374318.4189289,52_0,52,tpc_commit,7.739880561828613,28795,23,1
1771374320.5715692,53_0,53,tpc_commit,9.933405876159668,28795,23,1
1771374322.6100843,52_0,52,tpc_commit,4.191148042678833,28795,23,1
1771374322.6617224,53_0,53,tpc_commit,2.0901436805725098,28795,23,1
1771374330.44552,52_0,52,tpc_lock,7.309739112854004,46561,24,1
1771374332.6030943,53_0,53,tpc_lock,8.1053626537323,46561,24,1
1771374334.612882,52_0,52,tpc_lock,4.167351484298706,46561,24,1
1771374334.671404,53_0,53,tpc_lock,2.068298816680908,46561,24,1
1771374346.619668,53_0,53,das_work,8.502078771591187,48258,25,1
1771374346.6853485,52_0,52,das_work,2.679880380630493,48258,25,1
1771374354.4036665,52_0,52,tpc_commit,7.718304872512817,28795,26,1
1771374356.5537865,53_0,53,tpc_commit,9.9341082572937,28795,26,1
1771374358.609798,52_0,52,tpc_commit,4.206121206283569,28795,26,1
1771374358.697816,53_0,53,tpc_commit,2.144019842147827,28795,26,1
1771374366.411209,52_1,52,tpc_lock,5.998303890228272,46549,27,1
1771374368.6138413,53_1,53,tpc_lock,8.837040901184082,46561,27,1
1771374370.6139123,52_1,52,tpc_lock,4.202694654464722,46549,27,1
1771374370.653396,53_1,53,tpc_lock,2.039543390274048,46561,27,1
1771374382.6160026,52_1,52,das_work,6.630890369415283,48258,28,1
1771374382.622664,53_1,53,das_work,9.824660778045654,48258,28,1
1771374390.4191637,52_1,52,tpc_commit,7.80315089225769,28783,29,1
1771374392.5600836,53_1,53,tpc_commit,9.93740940093994,28795,29,1
1771374394.650215,53_1,53,tpc_commit,2.090120315551758,28795,29,1
1771374394.691891,52_1,52,tpc_commit,4.272717952728272,28783,29,1
1771374402.43934,52_1,52,tpc_lock,6.283908128738403,46561,30,1
1771374404.56414,53_1,53,tpc_lock,8.332004070281982,46561,30,1
1771374406.6050313,53_1,53,tpc_lock,2.0408802032470703,46561,30,1
1771374406.6079228,52_1,52,tpc_lock,4.168571710586548,46561,30,1
1771374418.6250226,52_1,52,das_work,5.479150295257568,48258,31,1
1771374418.628111,53_1,53,das_work,9.439254522323608,48258,31,1
1771374426.421797,52_1,52,tpc_commit,7.796761989593506,28795,32,1
1771374428.569137,53_1,53,tpc_commit,9.94101595878601,28795,32,1
1771374430.600515,53_1,53,tpc_commit,2.03136682510376,28795,32,1
1771374430.619001,52_1,52,tpc_commit,4.197197198867798,28795,32,1
1771374438.3794217,52_1,52,tpc_lock,6.484575510025024,46561,33,1
1771374440.5645409,53_1,53,tpc_lock,9.246179580688477,46561,33,1
1771374442.605889,52_1,52,tpc_lock,4.226457118988037,46561,33,1
1771374442.6114624,53_1,53,tpc_lock,2.046912670135498,46561,33,1
1771374454.60375,52_1,52,das_work,9.60186529159546,48258,34,1
1771374454.659279,53_1,53,das_work,9.918168306350708,48258,34,1
1771374462.430916,52_1,52,tpc_commit,7.827158451080322,28795,35,1
1771374464.6023464,53_1,53,tpc_commit,9.943056344985962,28795,35,1
1771374466.651733,53_1,53,tpc_commit,2.0493767261505127,28795,35,1
1771374466.6581018,52_1,52,tpc_commit,4.227174997329712,28795,35,1
1771374474.3729951,52_1,52,tpc_lock,6.692301511764526,46561,36,1
1771374476.528767,53_1,53,tpc_lock,8.239600419998169,46561,36,1
1771374478.6026902,52_1,52,tpc_lock,4.22968316078186,46561,36,1
1771374478.616854,53_1,53,tpc_lock,2.0880794525146484,46561,36,1
1771374490.6223629,52_1,52,das_work,10.034027576446531,48258,37,1
1771374490.6422374,53_1,53,das_work,9.692931652069092,48258,37,1
1771374498.4290252,52_1,52,tpc_commit,7.806652307510376,28795,38,1
1771374500.584103,53_1,53,tpc_commit,9.941855907440186,28795,38,1
1771374502.6029294,52_1,52,tpc_commit,4.173894882202148,28795,38,1
1771374502.6419375,53_1,53,tpc_commit,2.057824850082397,28795,38,1
1771374510.4398148,52_1,52,tpc_lock,6.513909101486206,46561,39,1
1771374512.5863602,53_1,53,tpc_lock,9.379070520401,46549,39,1
1771374514.6045656,52_1,52,tpc_lock,4.164743185043335,46561,39,1
1771374514.6370764,53_1,53,tpc_lock,2.0507044792175293,46549,39,1
1771374526.608225,52_1,52,das_work,2.1324269771575928,48258,40,1
1771374526.6350856,53_1,53,das_work,2.36780047416687,48258,40,1
1771374534.4090106,52_1,52,tpc_commit,7.800776958465576,28795,41,1
1771374536.5974584,53_1,53,tpc_commit,9.962364673614502,28783,41,1
1771374538.6100354,52_1,52,tpc_commit,4.201013088226318,28795,41,1
1771374538.612368,53_1,53,tpc_commit,2.014901638031006,28783,41,1
1771374546.3528233,52_2,52,tpc_lock,6.6799092292785645,46561,42,1
1771374548.5508711,53_2,53,tpc_lock,8.930994033813477,46561,42,1
1771374550.6054842,52_2,52,tpc_lock,4.252654075622559,46561,42,1
1771374550.6328912,53_2,53,tpc_lock,2.0820109844207764,46561,42,1
1771374562.6461484,53_2,53,das_work,4.413629531860352,48258,43,1
1771374562.6671662,52_2,52,das_work,8.38479995727539,48258,43,1
1771374570.407418,52_2,52,tpc_commit,7.740241289138794,28795,44,1
1771374572.55356,53_2,53,tpc_commit,9.907402276992798,28795,44,1
1771374574.596069,52_2,52,tpc_commit,4.18864369392395,28795,44,1
1771374574.6064692,53_2,53,tpc_commit,2.0528993606567383,28795,44,1
1771374582.4211369,52_2,52,tpc_lock,6.988890886306763,46561,45,1
1771374584.5781949,53_2,53,tpc_lock,8.616422653198242,46561,45,1
1771374586.6107304,52_2,52,tpc_lock,4.189583778381348,46561,45,1
1771374586.619652,53_2,53,tpc_lock,2.0414469242095947,46561,45,1
1771374598.602255,53_2,53,das_work,9.176092386245728,48258,46,1
1771374598.656484,52_2,52,das_work,6.3584277629852295,48258,46,1
1771374606.356641,52_2,52,tpc_commit,7.700145244598389,28795,47,1
1771374608.5783002,53_2,53,tpc_commit,9.976038455963137,28795,47,1
1771374610.5882032,53_2,53,tpc_commit,2.009895086288452,28795,47,1
1771374610.6111724,52_2,52,tpc_commit,4.254520416259766,28795,47,1
1771374618.4125416,52_2,52,tpc_lock,6.366433382034302,46537,48,1
1771374620.521879,53_2,53,tpc_lock,8.419440984725952,46561,48,1
1771374622.6231062,53_2,53,tpc_lock,2.10121488571167,46561,48,1
1771374622.6514378,52_2,52,tpc_lock,4.23888635635376,46537,48,1
1771374634.6034074,53_2,53,das_work,6.655705213546753,48258,49,1
1771374634.6349795,52_2,52,das_work,3.85009503364563,48258,49,1
1771374642.3532014,52_2,52,tpc_commit,7.718212842941284,28771,50,1
1771374644.5768738,53_2,53,tpc_commit,9.973458766937256,28795,50,1
1771374646.5789146,52_2,52,tpc_commit,4.225705623626709,28771,50,1
1771374646.6081512,53_2,53,tpc_commit,2.031267642974853,28795,50,1
1771374654.3478606,52_2,52,tpc_lock,6.482496738433838,46549,51,1
1771374656.5465171,53_2,53,tpc_lock,8.623382806777954,46561,51,1
1771374658.5848656,52_2,52,tpc_lock,4.236997842788696,46549,51,1
1771374658.6045034,53_2,53,tpc_lock,2.057977199554444,46561,51,1
1771374670.597935,52_2,52,das_work,5.592651605606079,48258,52,1
1771374670.611632,53_2,53,das_work,3.057182788848877,48258,52,1
1771374678.3859477,52_2,52,tpc_commit,7.787997961044311,28783,53,1
1771374680.518451,53_2,53,tpc_commit,9.906806707382202,28795,53,1
1771374682.590773,53_2,53,tpc_commit,2.0723135471343994,28795,53,1
1771374682.6041312,52_2,52,tpc_commit,4.2181715965271,28783,53,1
1771374690.3868036,52_2,52,tpc_lock,6.356854438781738,46561,54,1
1771374692.5780177,53_2,53,tpc_lock,9.326696634292604,46561,54,1
1771374694.579088,52_2,52,tpc_lock,4.192271709442139,46561,54,1
1771374694.5940087,53_2,53,tpc_lock,2.015981674194336,46561,54,1
1771374706.6029978,53_2,53,das_work,10.89856457710266,48258,55,1
1771374706.6256108,52_2,52,das_work,9.591850519180298,48258,55,1
1771374714.4125988,52_2,52,tpc_commit,7.786976337432861,28795,56,1
1771374716.5632956,53_2,53,tpc_commit,9.960288763046265,28795,56,1
1771374718.5653312,52_2,52,tpc_commit,4.15272331237793,28795,56,1
1771374718.5984387,53_2,53,tpc_commit,2.03513240814209,28795,56,1
1771374726.3803048,52_3,52,tpc_lock,7.071840286254883,46561,57,1
1771374728.5124152,53_3,53,tpc_lock,8.922237157821655,46561,57,1
1771374730.5690415,52_3,52,tpc_lock,4.188726902008057,46561,57,1
1771374730.5813608,53_3,53,tpc_lock,2.068937301635742,46561,57,1
1771374742.5728507,53_3,53,das_work,5.401889801025391,48258,58,1
1771374742.6660216,52_3,52,das_work,7.189706087112427,48258,58,1
1771374750.354585,52_3,52,tpc_commit,7.688555717468262,28795,59,1
1771374752.540722,53_3,53,tpc_commit,9.96786093711853,28795,59,1
1771374754.562245,53_3,53,tpc_commit,2.021512746810913,28795,59,1
1771374754.5767465,52_3,52,tpc_commit,4.222149133682251,28795,59,1
1771374762.3800664,52_3,52,tpc_lock,7.096231698989868,46561,60,1
1771374764.539593,53_3,53,tpc_lock,9.166712284088137,46561,60,1
1771374766.6085236,52_3,52,tpc_lock,4.22844934463501,46561,60,1
1771374766.620797,53_3,53,tpc_lock,2.0811917781829834,46561,60,1
1771374778.582573,52_3,52,das_work,2.517894983291626,48258,61,1
1771374778.5878656,53_3,53,das_work,2.7279438972473145,48258,61,1
1771374786.3960302,52_3,52,tpc_commit,7.813449144363403,28795,62,1
1771374788.5617712,53_3,53,tpc_commit,9.973894834518433,28795,62,1
1771374790.627535,53_3,53,tpc_commit,2.065756797790528,28795,62,1
1771374790.640273,52_3,52,tpc_commit,4.244231939315796,28795,62,1
1771374798.3441937,52_3,52,tpc_lock,6.0493927001953125,46561,63,1
1771374800.5297482,53_3,53,tpc_lock,8.115560531616211,46561,63,1
1771374802.5587606,53_3,53,tpc_lock,2.029003858566284,46561,63,1
1771374802.5747523,52_3,52,tpc_lock,4.230547904968262,46561,63,1
1771374814.57525,52_3,52,das_work,2.2331645488739014,48258,64,1
1771374814.6114151,53_3,53,das_work,3.7658183574676514,48258,64,1
1771374822.377539,52_3,52,tpc_commit,7.8022780418396,28795,65,1
1771374824.5615623,53_3,53,tpc_commit,9.950137615203856,28795,65,1
1771374826.5630329,53_3,53,tpc_commit,2.0014588832855225,28795,65,1
1771374826.595368,52_3,52,tpc_commit,4.217820167541504,28795,65,1
1771374834.3871126,52_3,52,tpc_lock,6.381460189819336,46561,66,1
1771374836.5102234,53_3,53,tpc_lock,9.031171083450316,46561,66,1
1771374838.5644517,52_3,52,tpc_lock,4.17732834815979,46561,66,1
1771374838.587381,53_3,53,tpc_lock,2.0771470069885254,46561,66,1
1771374850.5979407,53_3,53,das_work,8.190491437911987,48258,67,1
1771374850.6123648,52_3,52,das_work,4.714982271194458,48258,67,1
1771374858.3420908,52_3,52,tpc_commit,7.729716539382935,28795,68,1
1771374860.497076,53_3,53,tpc_commit,9.899124145507812,28795,68,1
1771374862.574534,52_3,52,tpc_commit,4.232434511184692,28795,68,1
1771374862.631843,53_3,53,tpc_commit,2.134756803512573,28795,68,1
1771374870.3644774,52_3,52,tpc_lock,6.264662981033325,46561,69,1
1771374872.5392587,53_3,53,tpc_lock,8.027642965316772,46561,69,1
1771374874.5586195,52_3,52,tpc_lock,4.194133996963501,46561,69,1
1771374874.5596654,53_3,53,tpc_lock,2.0203945636749268,46561,69,1
1771374886.559231,52_3,52,das_work,2.9850785732269287,48258,70,1
1771374886.5619185,53_3,53,das_work,10.61437201499939,48258,70,1
1771374894.4035864,52_3,52,tpc_commit,7.844348192214966,28795,71,1
1771374896.5516531,53_3,53,tpc_commit,9.989724159240724,28795,71,1
1771374898.59433,52_3,52,tpc_commit,4.190735578536987,28795,71,1
1771374898.5990496,53_3,53,tpc_commit,2.0473849773406982,28795,71,1
1771374906.371811,52_4,52,tpc_lock,6.464715003967285,46561,72,1
1771374908.559327,53_4,53,tpc_lock,9.424530267715454,46561,72,1
1771374910.5533178,52_4,52,tpc_lock,4.181494235992432,46561,72,1
1771374910.5737815,53_4,53,tpc_lock,2.0144431591033936,46561,72,1
1771374922.5976262,53_4,53,das_work,10.943265914916992,48258,73,1
1771374922.6198714,52_4,52,das_work,6.645403146743774,48258,73,1
1771374930.3651836,52_4,52,tpc_commit,7.745302677154541,28795,74,1
1771374932.5041313,53_4,53,tpc_commit,9.906494617462158,28795,74,1
1771374934.5635774,52_4,52,tpc_commit,4.198384761810303,28795,74,1
1771374934.577752,53_4,53,tpc_commit,2.0736098289489746,28795,74,1
1771374942.346598,52_4,52,tpc_lock,5.948023319244385,46561,75,1
1771374944.506638,53_4,53,tpc_lock,8.707075119018555,46561,75,1
1771374946.5601275,52_4,52,tpc_lock,4.213519811630249,46561,75,1
1771374946.63216,53_4,53,tpc_lock,2.1255125999450684,46561,75,1
1771374958.5630808,53_4,53,das_work,4.159791469573975,48258,76,1
1771374958.6001053,52_4,52,das_work,6.022477626800537,48258,76,1
1771374966.3388152,52_4,52,tpc_commit,7.7387001514434814,28795,77,1
1771374968.5204215,53_4,53,tpc_commit,9.957332372665403,28795,77,1
1771374970.5537596,52_4,52,tpc_commit,4.214934587478638,28795,77,1
1771374970.567692,53_4,53,tpc_commit,2.047262668609619,28795,77,1
1771374978.3437097,52_4,52,tpc_lock,5.840772390365601,46561,78,1
1771374980.5120616,53_4,53,tpc_lock,9.317244291305542,46561,78,1
1771374982.5522203,52_4,52,tpc_lock,4.208500385284424,46561,78,1
1771374982.6001348,53_4,53,tpc_lock,2.088063240051269,46561,78,1
1771374994.5917044,53_4,53,das_work,9.17644715309143,48258,79,1
1771374994.607483,52_4,52,das_work,5.281284809112549,48258,79,1
1771375002.3571763,52_4,52,tpc_commit,7.74968409538269,28795,80,1
1771375004.4955225,53_4,53,tpc_commit,9.90380835533142,28795,80,1
1771375006.5639987,53_4,53,tpc_commit,2.068468809127808,28795,80,1
1771375006.6244884,52_4,52,tpc_commit,4.267302513122559,28795,80,1
1771375014.3925314,52_4,52,tpc_lock,6.989135265350342,46561,81,1
1771375016.5225,53_4,53,tpc_lock,8.747235536575317,46561,81,1
1771375018.573775,53_4,53,tpc_lock,2.0512640476226807,46561,81,1
1771375018.5854688,52_4,52,tpc_lock,4.192925453186035,46561,81,1
1771375030.5540087,53_4,53,das_work,9.86230731010437,48258,82,1
1771375030.5717547,52_4,52,das_work,8.943883657455444,48258,82,1
1771375038.4015582,52_4,52,tpc_commit,7.829793691635132,28795,83,1
1771375040.505528,53_4,53,tpc_commit,9.95150661468506,28795,83,1
1771375042.589914,52_4,52,tpc_commit,4.188345193862915,28795,83,1
1771375042.6247356,53_4,53,tpc_commit,2.119196653366089,28795,83,1
1771375050.324927,52_4,52,tpc_lock,6.489314794540405,46561,84,1
1771375052.5105605,53_4,53,tpc_lock,8.54437255859375,46561,84,1
1771375054.5357747,53_4,53,tpc_lock,2.025205373764038,46561,84,1
1771375054.5386157,52_4,52,tpc_lock,4.213679552078247,46561,84,1
1771375066.5257738,53_4,53,das_work,6.005767107009888,48258,85,1
1771375066.5303836,52_4,52,das_work,7.624768495559692,48258,85,1
1771375074.3050628,52_4,52,tpc_commit,7.774671316146851,28795,86,1
1771375076.4786546,53_4,53,tpc_commit,9.95287275314331,28795,86,1
1771375078.5206578,53_4,53,tpc_commit,2.0419931411743164,28795,86,1
1771375078.5706398,52_4,52,tpc_commit,4.265569448471069,28795,86,1
1771374186.452222,54_0,54,tpc_lock,3.829542875289917,46561,12,1
1771374188.5743043,55_0,55,tpc_lock,2.292232751846313,46561,12,1
1771374190.6206446,55_0,55,tpc_lock,2.0463337898254395,46561,12,1
1771374190.623147,54_0,54,tpc_lock,4.1709160804748535,46561,12,1
1771374202.606935,55_0,55,das_work,8.027484655380249,48258,13,1
1771374202.6531444,54_0,54,das_work,3.025160312652588,48258,13,1
1771374210.410664,54_0,54,tpc_commit,7.757506847381592,28795,14,1
1771374212.5422463,55_0,55,tpc_commit,9.935301303863524,28795,14,1
1771374214.6459796,55_0,55,tpc_commit,2.1037251949310303,28795,14,1
1771374214.6620798,54_0,54,tpc_commit,4.251404762268066,28795,14,1
1771374222.439727,54_0,54,tpc_lock,7.0895068645477295,46549,15,1
1771374224.5682468,55_0,55,tpc_lock,8.520772218704224,46561,15,1
1771374226.6219664,54_0,54,tpc_lock,4.182229042053223,46549,15,1
1771374226.6504087,55_0,55,tpc_lock,2.082152843475342,46561,15,1
1771374238.6151392,54_0,54,das_work,7.987726449966431,48258,16,1
1771374238.6181734,55_0,55,das_work,10.572752714157104,48258,16,1
1771374246.4848297,54_0,54,tpc_commit,7.869679689407349,28783,17,1
1771374248.549295,55_0,55,tpc_commit,9.931112051010132,28795,17,1
1771374250.6837373,54_0,54,tpc_commit,4.198896646499634,28783,17,1
1771374250.6846726,55_0,55,tpc_commit,2.135369062423706,28795,17,1
1771374258.386146,54_0,54,tpc_lock,7.0022852420806885,46561,18,1
1771374260.5496447,55_0,55,tpc_lock,7.949869155883789,46561,18,1
1771374262.6467874,54_0,54,tpc_lock,4.2606306076049805,46561,18,1
1771374262.668466,55_0,55,tpc_lock,2.118809938430786,46561,18,1
1771374274.6031778,54_0,54,das_work,5.4856812953948975,48258,19,1
1771374274.6483018,55_0,55,das_work,4.325685262680054,48258,19,1
1771374282.4344091,54_0,54,tpc_commit,7.831223964691162,28795,20,1
1771374284.5615523,55_0,55,tpc_commit,9.91323947906494,28795,20,1
1771374286.6190226,55_0,55,tpc_commit,2.0574593544006348,28795,20,1
1771374286.6710715,54_0,54,tpc_commit,4.236653804779053,28795,20,1
1771374294.3732655,54_0,54,tpc_lock,7.016878128051758,46549,21,1
1771374296.6247334,55_0,55,tpc_lock,9.053251266479492,46549,21,1
1771374298.5965514,54_0,54,tpc_lock,4.223278522491455,46549,21,1
1771374298.640705,55_0,55,tpc_lock,2.0159614086151123,46549,21,1
1771374310.6037865,54_0,54,das_work,2.53672456741333,48258,22,1
1771374310.6544542,55_0,55,das_work,7.143421173095703,48258,22,1
1771374318.414782,54_0,54,tpc_commit,7.810986757278442,28783,23,1
1771374320.5507553,55_0,55,tpc_commit,9.896291255950928,28783,23,1
1771374322.6218789,55_0,55,tpc_commit,2.071113586425781,28783,23,1
1771374322.6650364,54_0,54,tpc_commit,4.2502429485321045,28783,23,1
1771374330.4110246,54_0,54,tpc_lock,6.374522924423218,46561,24,1
1771374332.5470324,55_0,55,tpc_lock,8.041330099105835,46561,24,1
1771374334.6635334,54_0,54,tpc_lock,4.252498149871826,46561,24,1
1771374334.6664922,55_0,55,tpc_lock,2.119451999664306,46561,24,1
1771374346.6022415,55_0,55,das_work,6.557204723358154,48258,25,1
1771374346.6800425,54_0,54,das_work,10.35299563407898,48258,25,1
1771374354.3756094,54_0,54,tpc_commit,7.695558786392212,28795,26,1
1771374356.588884,55_0,55,tpc_commit,9.98661470413208,28795,26,1
1771374358.6669197,54_0,54,tpc_commit,4.291303396224976,28795,26,1
1771374358.6744823,55_0,55,tpc_commit,2.0855913162231445,28795,26,1
1771374366.4039266,54_1,54,tpc_lock,6.075650930404663,46561,27,1
1771374368.613627,55_1,55,tpc_lock,9.156935930252075,46561,27,1
1771374370.609727,54_1,54,tpc_lock,4.205788850784302,46561,27,1
1771374370.6720936,55_1,55,tpc_lock,2.058453321456909,46561,27,1
1771374382.6228764,55_1,55,das_work,6.7030415534973145,48258,28,1
1771374382.6342964,54_1,54,das_work,2.1675992012023926,48258,28,1
1771374390.3717597,54_1,54,tpc_commit,7.737454175949097,28795,29,1
1771374392.543944,55_1,55,tpc_commit,9.921058177947998,28795,29,1
1771374394.5956194,55_1,55,tpc_commit,2.0516645908355717,28795,29,1
1771374394.6016395,54_1,54,tpc_commit,4.229870319366455,28795,29,1
1771374402.3730955,54_1,54,tpc_lock,7.08273196220398,46561,30,1
1771374404.602366,55_1,55,tpc_lock,9.04787564277649,46561,30,1
1771374406.653484,55_1,55,tpc_lock,2.051105737686157,46561,30,1
1771374406.6639793,54_1,54,tpc_lock,4.290873050689697,46561,30,1
1771374418.606367,55_1,55,das_work,9.853171110153198,48258,31,1
1771374418.6829534,54_1,54,das_work,2.5855605602264404,48258,31,1
1771374426.3788989,54_1,54,tpc_commit,7.695932865142822,28795,32,1
1771374428.5908127,55_1,55,tpc_commit,9.984434604644775,28795,32,1
1771374430.645789,54_1,54,tpc_commit,4.266882658004761,28795,32,1
1771374430.664074,55_1,55,tpc_commit,2.0732510089874268,28795,32,1
1771374438.3822198,54_1,54,tpc_lock,5.759470701217651,46561,33,1
1771374440.5713325,55_1,55,tpc_lock,8.330767631530762,46561,33,1
1771374442.6156557,55_1,55,tpc_lock,2.044298887252808,46561,33,1
1771374442.6877143,54_1,54,tpc_lock,4.305485248565674,46561,33,1
1771374454.6235566,54_1,54,das_work,4.393876075744629,48258,34,1
1771374454.6690876,55_1,55,das_work,9.51763916015625,48258,34,1
1771374462.367303,54_1,54,tpc_commit,7.743736982345581,28795,35,1
1771374464.5388477,55_1,55,tpc_commit,9.869750022888184,28795,35,1
1771374466.5941815,54_1,54,tpc_commit,4.226870059967041,28795,35,1
1771374466.59623,55_1,55,tpc_commit,2.057373285293579,28795,35,1
1771374474.3600252,54_1,54,tpc_lock,5.772011280059815,46561,36,1
1771374476.56628,55_1,55,tpc_lock,8.313798427581787,46561,36,1
1771374478.6307552,55_1,55,tpc_lock,2.0644631385803223,46561,36,1
1771374478.6575415,54_1,54,tpc_lock,4.297508716583252,46561,36,1
1771374490.6610615,54_1,54,das_work,6.929982662200928,48258,37,1
1771374490.667245,55_1,55,das_work,6.76083254814148,48258,37,1
1771374498.4317038,54_1,54,tpc_commit,7.770633220672607,28795,38,1
1771374500.5263011,55_1,55,tpc_commit,9.85904598236084,28795,38,1
1771374502.5882146,55_1,55,tpc_commit,2.0619025230407715,28795,38,1
1771374502.6456702,54_1,54,tpc_commit,4.21395754814148,28795,38,1
1771374510.3769567,54_1,54,tpc_lock,6.381952047348023,46561,39,1
1771374512.5362084,55_1,55,tpc_lock,8.515164136886597,46549,39,1
1771374514.5794644,55_1,55,tpc_lock,2.0432448387146,46549,39,1
1771374514.5863822,54_1,54,tpc_lock,4.209415674209595,46561,39,1
1771374526.6234608,55_1,55,das_work,4.380977392196655,48258,40,1
1771374526.6413236,54_1,54,das_work,10.008743047714232,48258,40,1
1771374534.3723335,54_1,54,tpc_commit,7.730999231338501,28795,41,1
1771374536.5261984,55_1,55,tpc_commit,9.902724504470823,28783,41,1
1771374538.5876389,55_1,55,tpc_commit,2.061431407928467,28783,41,1
1771374538.5894544,54_1,54,tpc_commit,4.217112064361572,28795,41,1
1771374546.363605,54_2,54,tpc_lock,7.179419040679932,46561,42,1
1771374548.5963042,55_2,55,tpc_lock,8.300053119659424,46561,42,1
1771374550.5984428,54_2,54,tpc_lock,4.234827280044556,46561,42,1
1771374550.655228,55_2,55,tpc_lock,2.0589137077331543,46561,42,1
1771374562.6411724,54_2,54,das_work,8.483156442642212,48258,43,1
1771374562.652667,55_2,55,das_work,9.341066360473633,48258,43,1
1771374570.403819,54_2,54,tpc_commit,7.762634754180908,28795,44,1
1771374572.5455189,55_2,55,tpc_commit,9.892842054367064,28795,44,1
1771374574.6222577,55_2,55,tpc_commit,2.0767295360565186,28795,44,1
1771374574.6516912,54_2,54,tpc_commit,4.247863292694092,28795,44,1
1771374582.3623807,54_2,54,tpc_lock,6.985059499740601,46561,45,1
1771374584.5957782,55_2,55,tpc_lock,8.617204427719116,46561,45,1
1771374586.592847,54_2,54,tpc_lock,4.230456829071045,46561,45,1
1771374586.6403742,55_2,55,tpc_lock,2.044588327407837,46561,45,1
1771374598.6167493,54_2,54,das_work,5.846439123153687,48258,46,1
1771374598.6468956,55_2,55,das_work,7.336027383804321,48258,46,1
1771374606.4164665,54_2,54,tpc_commit,7.799707889556885,28795,47,1
1771374608.5955813,55_2,55,tpc_commit,9.948675632476808,28795,47,1
1771374610.588805,55_2,55,tpc_commit,1.9932119846343996,28795,47,1
1771374610.6415274,54_2,54,tpc_commit,4.225053310394287,28795,47,1
1771374618.3460214,54_2,54,tpc_lock,6.885321617126465,46549,48,1
1771374620.5261424,55_2,55,tpc_lock,8.81886339187622,46561,48,1
1771374622.572948,55_2,55,tpc_lock,2.046794891357422,46561,48,1
1771374622.637308,54_2,54,tpc_lock,4.291279554367065,46549,48,1
1771374634.5728283,55_2,55,das_work,7.451547622680664,48258,49,1
1771374634.6303675,54_2,54,das_work,6.958695888519287,48258,49,1
1771374642.3802598,54_2,54,tpc_commit,7.749884128570557,28783,50,1
1771374644.5244682,55_2,55,tpc_commit,9.951631784439089,28795,50,1
1771374646.5882776,55_2,55,tpc_commit,2.0638020038604736,28795,50,1
1771374646.6047928,54_2,54,tpc_commit,4.224524736404419,28783,50,1
1771374654.3487897,54_2,54,tpc_lock,7.006885290145874,46561,51,1
1771374656.54948,55_2,55,tpc_lock,9.15534257888794,46561,51,1
1771374658.631197,55_2,55,tpc_lock,2.081709861755371,46561,51,1
1771374658.6481674,54_2,54,tpc_lock,4.299365043640137,46561,51,1
1771374670.6262968,55_2,55,das_work,8.98278546333313,48258,52,1
1771374670.6374466,54_2,54,das_work,6.67554497718811,48258,52,1
1771374678.3957458,54_2,54,tpc_commit,7.758204221725464,28795,53,1
1771374680.5409834,55_2,55,tpc_commit,9.914674758911133,28795,53,1
1771374682.601179,54_2,54,tpc_commit,4.205420255661011,28795,53,1
1771374682.628059,55_2,55,tpc_commit,2.087066888809204,28795,53,1
1771374690.4172218,54_2,54,tpc_lock,6.588050365447998,46549,54,1
1771374692.5175889,55_2,55,tpc_lock,8.334625482559204,46561,54,1
1771374694.5994418,54_2,54,tpc_lock,4.182209968566895,46549,54,1
1771374694.628296,55_2,55,tpc_lock,2.1106996536254883,46561,54,1
1771374706.584749,55_2,55,das_work,9.894542932510376,48258,55,1
1771374706.6634352,54_2,54,das_work,9.20417094230652,48258,55,1
1771374714.4269087,54_2,54,tpc_commit,7.763462781906128,28783,56,1
1771374716.5413053,55_2,55,tpc_commit,9.956545352935793,28795,56,1
1771374718.566051,54_2,54,tpc_commit,4.139132738113403,28783,56,1
1771374718.6050754,55_2,55,tpc_commit,2.063760995864868,28795,56,1
1771374726.3392353,54_3,54,tpc_lock,6.576687335968018,46561,57,1
1771374728.5537574,55_3,55,tpc_lock,9.123692512512209,46561,57,1
1771374730.6334894,55_3,55,tpc_lock,2.079721450805664,46561,57,1
1771374730.6423287,54_3,54,tpc_lock,4.303086280822754,46561,57,1
1771374742.5934076,55_3,55,das_work,6.384603023529053,48258,58,1
1771374742.6103442,54_3,54,das_work,4.875485897064209,48258,58,1
1771374750.340249,54_3,54,tpc_commit,7.729893922805786,28795,59,1
1771374752.5722437,55_3,55,tpc_commit,9.978825569152832,28795,59,1
1771374754.5621002,54_3,54,tpc_commit,4.221843242645264,28795,59,1
1771374754.624503,55_3,55,tpc_commit,2.052248954772949,28795,59,1
1771374762.3742044,54_3,54,tpc_lock,5.857970714569092,46549,60,1
1771374764.5688274,55_3,55,tpc_lock,9.245539665222168,46561,60,1
1771374766.572539,55_3,55,tpc_lock,2.0037007331848145,46561,60,1
1771374766.6337914,54_3,54,tpc_lock,4.2595765590667725,46549,60,1
1771374778.580624,54_3,54,das_work,10.44641661643982,48258,61,1
1771374778.5825677,55_3,55,das_work,6.534416913986206,48258,61,1
1771374786.3490615,54_3,54,tpc_commit,7.768424034118652,28783,62,1
1771374788.5084567,55_3,55,tpc_commit,9.92586612701416,28795,62,1
1771374790.585781,55_3,55,tpc_commit,2.0773162841796875,28795,62,1
1771374790.6325033,54_3,54,tpc_commit,4.28343391418457,28783,62,1
1771374798.3676124,54_3,54,tpc_lock,6.769482374191284,46561,63,1
1771374800.560608,55_3,55,tpc_lock,9.23354959487915,46561,63,1
1771374802.566692,54_3,54,tpc_lock,4.1990721225738525,46561,63,1
1771374802.600633,55_3,55,tpc_lock,2.0400140285491943,46561,63,1
1771374814.5627923,54_3,54,das_work,8.863632917404175,48258,64,1
1771374814.5645308,55_3,55,das_work,8.186403751373291,48258,64,1
1771374822.3738928,54_3,54,tpc_commit,7.8110902309417725,28795,65,1
1771374824.5484874,55_3,55,tpc_commit,9.983949661254885,28795,65,1
1771374826.561369,54_3,54,tpc_commit,4.187466144561768,28795,65,1
1771374826.5728762,55_3,55,tpc_commit,2.024378538131714,28795,65,1
1771374834.334876,54_3,54,tpc_lock,6.264148473739624,46561,66,1
1771374836.51212,55_3,55,tpc_lock,8.53569769859314,46561,66,1
1771374838.5595489,55_3,55,tpc_lock,2.047417402267456,46561,66,1
1771374838.6427798,54_3,54,tpc_lock,4.307893753051758,46561,66,1
1771374850.5592349,54_3,54,das_work,2.651958703994751,48258,67,1
1771374850.584933,55_3,55,das_work,10.35772705078125,48258,67,1
1771374858.3444958,54_3,54,tpc_commit,7.785253286361694,28795,68,1
1771374860.5392945,55_3,55,tpc_commit,9.954351902008057,28795,68,1
1771374862.5638528,54_3,54,tpc_commit,4.21934700012207,28795,68,1
1771374862.6267262,55_3,55,tpc_commit,2.087421417236328,28795,68,1
1771374870.3489072,54_3,54,tpc_lock,5.966590166091919,46561,69,1
1771374872.55921,55_3,55,tpc_lock,8.30396294593811,46561,69,1
1771374874.563485,54_3,54,tpc_lock,4.214567422866821,46561,69,1
1771374874.6142793,55_3,55,tpc_lock,2.055060863494873,46561,69,1
1771374886.5622425,54_3,54,das_work,6.242150783538818,48258,70,1
1771374886.5910704,55_3,55,das_work,5.236409425735474,48258,70,1
1771374894.3637304,54_3,54,tpc_commit,7.801479816436768,28795,71,1
1771374896.5523603,55_3,55,tpc_commit,9.961282014846802,28795,71,1
1771374898.5687392,54_3,54,tpc_commit,4.204997301101685,28795,71,1
1771374898.5836017,55_3,55,tpc_commit,2.031231641769409,28795,71,1
1771374906.362227,54_4,54,tpc_lock,7.291801452636719,46561,72,1
1771374908.5167358,55_4,55,tpc_lock,8.106297254562378,46561,72,1
1771374910.5566442,55_4,55,tpc_lock,2.039898157119751,46561,72,1
1771374910.5740871,54_4,54,tpc_lock,4.211848974227905,46561,72,1
1771374922.573382,55_4,55,das_work,3.874274015426636,48258,73,1
1771374922.5761423,54_4,54,das_work,10.553747415542604,48258,73,1
1771374930.405586,54_4,54,tpc_commit,7.82943320274353,28795,74,1
1771374932.565535,55_4,55,tpc_commit,9.992144346237184,28795,74,1
1771374934.609652,54_4,54,tpc_commit,4.204055070877075,28795,74,1
1771374934.6104417,55_4,55,tpc_commit,2.044897079467773,28795,74,1
1771374942.3279555,54_4,54,tpc_lock,6.574566841125488,46549,75,1
1771374944.5002017,55_4,55,tpc_lock,9.21613097190857,46561,75,1
1771374946.5616918,54_4,54,tpc_lock,4.233725070953369,46549,75,1
1771374946.5657148,55_4,55,tpc_lock,2.065504550933838,46561,75,1
1771374958.5667374,54_4,54,das_work,6.050380706787109,48258,76,1
1771374958.5824971,55_4,55,das_work,9.585088968276978,48258,76,1
1771374966.3474512,54_4,54,tpc_commit,7.780702352523804,28783,77,1
1771374968.553717,55_4,55,tpc_commit,9.971208572387695,28795,77,1
1771374970.5525577,54_4,54,tpc_commit,4.205097913742065,28783,77,1
1771374970.5706537,55_4,55,tpc_commit,2.016925573348999,28795,77,1
1771374978.3779058,54_4,54,tpc_lock,5.855187177658081,46549,78,1
1771374980.569355,55_4,55,tpc_lock,8.333313703536987,46561,78,1
1771374982.6065402,54_4,54,tpc_lock,4.228625059127808,46549,78,1
1771374982.624264,55_4,55,tpc_lock,2.054896354675293,46561,78,1
1771374994.5650196,55_4,55,das_work,7.658736228942871,48258,79,1
1771374994.5841093,54_4,54,das_work,2.3643620014190674,48258,79,1
1771375002.342808,54_4,54,tpc_commit,7.758688688278198,28783,80,1
1771375004.5033543,55_4,55,tpc_commit,9.938327074050903,28795,80,1
1771375006.5644767,54_4,54,tpc_commit,4.221660375595093,28783,80,1
1771375006.6276796,55_4,55,tpc_commit,2.1243159770965576,28795,80,1
1771375014.3714046,54_4,54,tpc_lock,6.09069561958313,46561,81,1
1771375016.5547252,55_4,55,tpc_lock,8.013036727905273,46561,81,1
1771375018.5645337,55_4,55,tpc_lock,2.0097978115081787,46561,81,1
1771375018.598071,54_4,54,tpc_lock,4.226656675338745,46561,81,1
1771375030.5809157,55_4,55,das_work,7.569507598876953,48258,82,1
1771375030.5971715,54_4,54,das_work,7.6181254386901855,48258,82,1
1771375038.364576,54_4,54,tpc_commit,7.767395257949829,28795,83,1
1771375040.5059118,55_4,55,tpc_commit,9.924984216690063,28795,83,1
1771375042.587844,54_4,54,tpc_commit,4.223258972167969,28795,83,1
1771375042.6086695,55_4,55,tpc_commit,2.1027474403381348,28795,83,1
1771375050.3365502,54_4,54,tpc_lock,7.197068929672241,46561,84,1
1771375052.4803967,55_4,55,tpc_lock,9.159088850021362,46561,84,1
1771375054.5382738,55_4,55,tpc_lock,2.057868719100952,46561,84,1
1771375054.5685318,54_4,54,tpc_lock,4.231971025466919,46561,84,1
1771375066.525936,55_4,55,das_work,6.122318267822266,48258,85,1
1771375066.5902066,54_4,54,das_work,8.8472421169281,48258,85,1
1771375074.330745,54_4,54,tpc_commit,7.740527153015137,28795,86,1
1771375076.5297055,55_4,55,tpc_commit,10.003762006759644,28795,86,1
1771375078.5343904,54_4,54,tpc_commit,4.203635215759277,28795,86,1
1771375078.5796504,55_4,55,tpc_commit,2.049934148788452,28795,86,1
1771374188.5637484,57_0,57,tpc_lock,2.810028314590454,46561,12,1
1771374190.5853682,57_0,57,tpc_lock,2.0216100215911865,46561,12,1
1771374198.3878567,56_0,56,tpc_lock,7.798860788345337,46561,13,1
1771374202.585138,56_0,56,tpc_lock,4.197271108627319,46561,13,1
1771374202.5999432,57_0,57,das_work,10.116507530212402,48258,13,1
1771374212.5516276,57_0,57,tpc_commit,9.951672315597534,28795,14,1
1771374214.6010182,56_0,56,das_work,5.077228546142578,48258,14,1
1771374214.64925,57_0,57,tpc_commit,2.0976102352142334,28795,14,1
1771374222.4651752,56_0,56,tpc_commit,7.8641486167907715,28795,15,1
1771374224.5646694,57_0,57,tpc_lock,8.62508773803711,46561,15,1
1771374226.641756,56_0,56,tpc_commit,4.176569700241089,28795,15,1
1771374226.685271,57_0,57,tpc_lock,2.120592832565308,46561,15,1
1771374234.428133,56_0,56,tpc_lock,6.996304035186768,46561,16,1
1771374238.6422918,56_0,56,tpc_lock,4.214149236679077,46561,16,1
1771374238.6739306,57_0,57,das_work,2.3625471591949463,48258,16,1
1771374248.5584671,57_0,57,tpc_commit,9.884525299072266,28795,17,1
1771374250.6761887,57_0,57,tpc_commit,2.117710828781128,28795,17,1
1771374250.7019668,56_0,56,das_work,3.711527824401856,48258,17,1
1771374258.378947,56_0,56,tpc_commit,7.676970720291138,28795,18,1
1771374260.6184912,57_0,57,tpc_lock,8.876140117645264,46561,18,1
1771374262.6276212,56_0,56,tpc_commit,4.248666286468506,28795,18,1
1771374262.6296704,57_0,57,tpc_lock,2.0111684799194336,46561,18,1
1771374270.374678,56_0,56,tpc_lock,5.774484395980835,46561,19,1
1771374274.6042757,57_0,57,das_work,7.674328804016113,48258,19,1
1771374274.6219325,56_0,56,tpc_lock,4.247246742248535,46561,19,1
1771374284.5722022,57_0,57,tpc_commit,9.967918872833252,28795,20,1
1771374286.6198292,57_0,57,tpc_commit,2.0476179122924805,28795,20,1
1771374286.6243424,56_0,56,das_work,2.171945810317993,48258,20,1
1771374294.4491658,56_0,56,tpc_commit,7.824811935424805,28795,21,1
1771374296.600213,57_0,57,tpc_lock,8.58198618888855,46561,21,1
1771374298.617534,57_0,57,tpc_lock,2.017308235168457,46561,21,1
1771374298.7056396,56_0,56,tpc_commit,4.256463766098023,28795,21,1
1771374306.434564,56_0,56,tpc_lock,6.59943151473999,46561,22,1
1771374310.6260762,56_0,56,tpc_lock,4.191500186920166,46561,22,1
1771374310.652181,57_0,57,das_work,5.458214282989502,48258,22,1
1771374320.6030917,57_0,57,tpc_commit,9.950899124145508,28795,23,1
1771374322.6674457,56_0,56,das_work,3.998910188674927,48258,23,1
1771374322.6942294,57_0,57,tpc_commit,2.0911242961883545,28795,23,1
1771374330.3681335,56_0,56,tpc_commit,7.7006754875183105,28795,24,1
1771374332.6075552,57_0,57,tpc_lock,8.559476375579834,46561,24,1
1771374334.684013,57_0,57,tpc_lock,2.0764498710632324,46561,24,1
1771374334.6927402,56_0,56,tpc_commit,4.324599266052246,28795,24,1
1771374342.403085,56_0,56,tpc_lock,6.282634258270264,46561,25,1
1771374346.60801,56_0,56,tpc_lock,4.204911947250366,46561,25,1
1771374346.66284,57_0,57,das_work,4.090959310531616,48258,25,1
1771374356.535924,57_0,57,tpc_commit,9.873076915740969,28795,26,1
1771374358.6077876,56_0,56,das_work,5.774009466171265,48258,26,1
1771374358.6863828,57_0,57,tpc_commit,2.150448799133301,28795,26,1
1771374366.374129,56_0,56,tpc_commit,7.766332387924194,28795,27,1
1771374368.5699046,57_1,57,tpc_lock,9.125089168548584,46561,27,1
1771374370.6168115,56_0,56,tpc_commit,4.242671251296997,28795,27,1
1771374370.67247,57_1,57,tpc_lock,2.1025538444519043,46561,27,1
1771374378.4279542,56_1,56,tpc_lock,6.572450637817383,46561,28,1
1771374382.6282258,56_1,56,tpc_lock,4.200260639190674,46561,28,1
1771374382.7071466,57_1,57,das_work,10.22240686416626,48258,28,1
1771374392.544554,57_1,57,tpc_commit,9.837397575378418,28795,29,1
1771374394.6202283,57_1,57,tpc_commit,2.0756635665893555,28795,29,1
1771374394.6269364,56_1,56,das_work,4.937357664108276,48258,29,1
1771374402.380766,56_1,56,tpc_commit,7.753818988800049,28795,30,1
1771374404.6096606,57_1,57,tpc_lock,8.013776540756226,46561,30,1
1771374406.6138177,56_1,56,tpc_commit,4.23304295539856,28795,30,1
1771374406.6933978,57_1,57,tpc_lock,2.0837278366088867,46561,30,1
1771374414.365079,56_1,56,tpc_lock,5.88192892074585,46549,31,1
1771374418.615324,57_1,57,das_work,6.744553565979004,48258,31,1
1771374418.6220305,56_1,56,tpc_lock,4.256944179534912,46549,31,1
1771374428.602577,57_1,57,tpc_commit,9.987242937088013,28795,32,1
1771374430.6393464,57_1,57,tpc_commit,2.036757230758667,28795,32,1
1771374430.6600258,56_1,56,das_work,10.843669891357422,48258,32,1
1771374438.4408784,56_1,56,tpc_commit,7.780842065811157,28783,33,1
1771374440.5945191,57_1,57,tpc_lock,9.268463373184204,46561,33,1
1771374442.6069386,57_1,57,tpc_lock,2.0124075412750244,46561,33,1
1771374442.655631,56_1,56,tpc_commit,4.214740991592407,28783,33,1
1771374450.3720086,56_1,56,tpc_lock,5.863106489181519,46561,34,1
1771374454.6473794,57_1,57,das_work,5.333882093429565,48258,34,1
1771374454.6669958,56_1,56,tpc_lock,4.294979572296143,46561,34,1
1771374464.5542853,57_1,57,tpc_commit,9.90689468383789,28795,35,1
1771374466.631734,57_1,57,tpc_commit,2.077439785003662,28795,35,1
1771374466.6581802,56_1,56,das_work,7.604477167129517,48258,35,1
1771374474.398527,56_1,56,tpc_commit,7.740335464477539,28795,36,1
1771374476.572473,57_1,57,tpc_lock,8.829433679580688,46561,36,1
1771374478.5948482,56_1,56,tpc_commit,4.196311235427856,28795,36,1
1771374478.605898,57_1,57,tpc_lock,2.033414363861084,46561,36,1
1771374486.4289186,56_1,56,tpc_lock,6.2726731300354,46549,37,1
1771374490.5915082,57_1,57,das_work,10.936654329299929,48258,37,1
1771374490.664417,56_1,56,tpc_lock,4.2354888916015625,46549,37,1
1771374500.583093,57_1,57,tpc_commit,9.991575002670288,28795,38,1
1771374502.5803764,56_1,56,das_work,4.545857191085815,48258,38,1
1771374502.651663,57_1,57,tpc_commit,2.0685627460479736,28795,38,1
1771374510.3565423,56_1,56,tpc_commit,7.776155233383179,28783,39,1
1771374512.572966,57_1,57,tpc_lock,8.634994983673096,46561,39,1
1771374514.5967276,56_1,56,tpc_commit,4.2401769161224365,28783,39,1
1771374514.6178,57_1,57,tpc_lock,2.044823169708252,46561,39,1
1771374522.4033213,56_1,56,tpc_lock,7.086338520050049,46561,40,1
1771374526.6269784,57_1,57,das_work,6.93641996383667,48258,40,1
1771374526.6581876,56_1,56,tpc_lock,4.254855632781982,46561,40,1
1771374536.584334,57_1,57,tpc_commit,9.957345724105837,28795,41,1
1771374538.6242917,57_1,57,tpc_commit,2.039947748184204,28795,41,1
1771374538.6299343,56_1,56,das_work,3.6534464359283447,48258,41,1
1771374546.3889918,56_1,56,tpc_commit,7.759024381637573,28795,42,1
1771374548.5220337,57_2,57,tpc_lock,8.926595449447632,46561,42,1
1771374550.5943837,56_1,56,tpc_commit,4.205380916595459,28795,42,1
1771374550.6153555,57_2,57,tpc_lock,2.093312740325928,46561,42,1
1771374558.4336414,56_2,56,tpc_lock,6.15194582939148,46561,43,1
1771374562.5872371,57_2,57,das_work,2.3334364891052246,48258,43,1
1771374562.6805325,56_2,56,tpc_lock,4.24688196182251,46561,43,1
1771374572.5422845,57_2,57,tpc_commit,9.95503830909729,28795,44,1
1771374574.5834968,57_2,57,tpc_commit,2.0412042140960693,28795,44,1
1771374574.6216128,56_2,56,das_work,9.214823246002195,48258,44,1
1771374582.3915176,56_2,56,tpc_commit,7.769895792007446,28795,45,1
1771374584.5775497,57_2,57,tpc_lock,8.547461748123169,46561,45,1
1771374586.5864928,56_2,56,tpc_commit,4.194961309432983,28795,45,1
1771374586.629888,57_2,57,tpc_lock,2.0523266792297363,46561,45,1
1771374594.39755,56_2,56,tpc_lock,6.291281223297119,46561,46,1
1771374598.5968995,56_2,56,tpc_lock,4.199337005615234,46561,46,1
1771374598.6473925,57_2,57,das_work,5.856422424316406,48258,46,1
1771374608.596671,57_2,57,tpc_commit,9.94926691055298,28795,47,1
1771374610.6174738,56_2,56,das_work,9.637088298797607,48258,47,1
1771374610.636844,57_2,57,tpc_commit,2.040161371231079,28795,47,1
1771374618.3709576,56_2,56,tpc_commit,7.753474950790405,28795,48,1
1771374620.5603926,57_2,57,tpc_lock,8.118661880493164,46561,48,1
1771374622.6531854,56_2,56,tpc_commit,4.282218933105469,28795,48,1
1771374622.6561296,57_2,57,tpc_lock,2.0957252979278564,46561,48,1
1771374630.413268,56_2,56,tpc_lock,6.389544486999512,46561,49,1
1771374634.574715,56_2,56,tpc_lock,4.161437749862671,46561,49,1
1771374634.6407895,57_2,57,das_work,4.1016600131988525,48258,49,1
1771374644.5158496,57_2,57,tpc_commit,9.875049829483032,28795,50,1
1771374646.5760293,57_2,57,tpc_commit,2.0601720809936523,28795,50,1
1771374646.5994968,56_2,56,das_work,4.293487071990967,48258,50,1
1771374654.358506,56_2,56,tpc_commit,7.758998394012451,28795,51,1
1771374656.5843878,57_2,57,tpc_lock,9.425188064575195,46561,51,1
1771374658.580404,56_2,56,tpc_commit,4.221886157989502,28795,51,1
1771374658.6256464,57_2,57,tpc_lock,2.041250705718994,46561,51,1
1771374666.3662517,56_2,56,tpc_lock,6.981978893280029,46537,52,1
1771374670.5769796,57_2,57,das_work,2.046769857406616,48258,52,1
1771374670.5871432,56_2,56,tpc_lock,4.220880746841431,46537,52,1
1771374680.5154345,57_2,57,tpc_commit,9.938443422317505,28795,53,1
1771374682.595527,56_2,56,das_work,3.2370445728302,48258,53,1
1771374682.60704,57_2,57,tpc_commit,2.0915987491607666,28795,53,1
1771374690.3818383,56_2,56,tpc_commit,7.786298990249634,28771,54,1
1771374692.5197015,57_2,57,tpc_lock,8.027716636657715,46561,54,1
1771374694.5685182,56_2,56,tpc_commit,4.186666011810303,28771,54,1
1771374694.6139462,57_2,57,tpc_lock,2.09423565864563,46561,54,1
1771374702.3408694,56_2,56,tpc_lock,6.016539812088013,46561,55,1
1771374706.57927,57_2,57,das_work,9.54309868812561,48258,55,1
1771374706.5899324,56_2,56,tpc_lock,4.24905252456665,46561,55,1
1771374716.5336292,57_2,57,tpc_commit,9.954347133636476,28795,56,1
1771374718.5755267,56_2,56,das_work,6.9323248863220215,48258,56,1
1771374718.587365,57_2,57,tpc_commit,2.053729295730591,28795,56,1
1771374726.339456,56_2,56,tpc_commit,7.763919830322266,28795,57,1
1771374728.5132034,57_3,57,tpc_lock,9.3370258808136,46561,57,1
1771374730.5700915,57_3,57,tpc_lock,2.056858777999878,46561,57,1
1771374730.6101527,56_2,56,tpc_commit,4.270689010620117,28795,57,1
1771374738.403434,56_3,56,tpc_lock,6.362257957458496,46561,58,1
1771374742.606032,56_3,56,tpc_lock,4.202584266662598,46561,58,1
1771374742.6282313,57_3,57,das_work,3.708028793334961,48258,58,1
1771374752.5784342,57_3,57,tpc_commit,9.950191497802734,28795,59,1
1771374754.6281433,57_3,57,tpc_commit,2.0496983528137207,28795,59,1
1771374754.6332192,56_3,56,das_work,5.948288917541504,48258,59,1
1771374762.3647826,56_3,56,tpc_commit,7.731552362442017,28795,60,1
1771374764.5314162,57_3,57,tpc_lock,8.44670057296753,46561,60,1
1771374766.5622537,56_3,56,tpc_commit,4.197459936141968,28795,60,1
1771374766.6096773,57_3,57,tpc_lock,2.078249931335449,46561,60,1
1771374774.3357008,56_3,56,tpc_lock,6.8969902992248535,46561,61,1
1771374778.5717254,56_3,56,tpc_lock,4.236016750335693,46561,61,1
1771374778.622696,57_3,57,das_work,3.666979312896729,48258,61,1
1771374788.5641785,57_3,57,tpc_commit,9.941472053527832,28795,62,1
1771374790.5652995,56_3,56,das_work,6.549983263015747,48258,62,1
1771374790.6013932,57_3,57,tpc_commit,2.0372073650360107,28795,62,1
1771374798.4017773,56_3,56,tpc_commit,7.836466789245605,28795,63,1
1771374800.5343068,57_3,57,tpc_lock,8.92171025276184,46561,63,1
1771374802.5656238,56_3,56,tpc_commit,4.163834810256958,28795,63,1
1771374802.601242,57_3,57,tpc_lock,2.0669260025024414,46561,63,1
1771374810.3377242,56_3,56,tpc_lock,6.620727062225342,46561,64,1
1771374814.61011,56_3,56,tpc_lock,4.272374868392944,46561,64,1
1771374814.6181626,57_3,57,das_work,10.188038110733032,48258,64,1
1771374824.5598228,57_3,57,tpc_commit,9.941652059555054,28795,65,1
1771374826.575492,57_3,57,tpc_commit,2.01565933227539,28795,65,1
1771374826.624607,56_3,56,das_work,3.0610384941101074,48258,65,1
1771374834.358088,56_3,56,tpc_commit,7.733468770980835,28795,66,1
1771374836.5466137,57_3,57,tpc_lock,8.528512716293335,46561,66,1
1771374838.5641055,57_3,57,tpc_lock,2.0174806118011475,46561,66,1
1771374838.5705352,56_3,56,tpc_commit,4.212437391281128,28795,66,1
1771374846.3664887,56_3,56,tpc_lock,6.6773762702941895,46561,67,1
1771374850.5637865,57_3,57,das_work,3.8621127605438232,48258,67,1
1771374850.5852032,56_3,56,tpc_lock,4.218704700469971,46561,67,1
1771374860.5769167,57_3,57,tpc_commit,10.013120651245115,28795,68,1
1771374862.5746014,56_3,56,das_work,6.046254634857178,48258,68,1
1771374862.6330817,57_3,57,tpc_commit,2.05615496635437,28795,68,1
1771374870.3442514,56_3,56,tpc_commit,7.76963996887207,28795,69,1
1771374872.5608346,57_3,57,tpc_lock,9.424689292907717,46561,69,1
1771374874.5583298,56_3,56,tpc_commit,4.214071035385132,28795,69,1
1771374874.596676,57_3,57,tpc_lock,2.0358316898345947,46561,69,1
1771374882.382304,56_3,56,tpc_lock,6.1471147537231445,46549,70,1
1771374886.5619907,56_3,56,tpc_lock,4.179677724838257,46549,70,1
1771374886.5755684,57_3,57,das_work,7.949325799942017,48258,70,1
1771374896.5247903,57_3,57,tpc_commit,9.949212551116943,28795,71,1
1771374898.5628674,57_3,57,tpc_commit,2.038069486618042,28795,71,1
1771374898.5763075,56_3,56,das_work,7.082400798797607,48258,71,1
1771374906.3672428,56_3,56,tpc_commit,7.7909228801727295,28783,72,1
1771374908.556787,57_4,57,tpc_lock,9.028301239013672,46561,72,1
1771374910.6109002,57_4,57,tpc_lock,2.054104804992676,46561,72,1
1771374910.6286044,56_3,56,tpc_commit,4.261350870132446,28783,72,1
1771374918.3796446,56_4,56,tpc_lock,6.171051025390625,46561,73,1
1771374922.5560305,57_4,57,das_work,8.448861122131348,48258,73,1
1771374922.57208,56_4,56,tpc_lock,4.192425966262817,46561,73,1
1771374932.4952197,57_4,57,tpc_commit,9.939178466796877,28795,74,1
1771374934.5546544,56_4,56,das_work,9.305943250656128,48258,74,1
1771374934.5857315,57_4,57,tpc_commit,2.0905025005340576,28795,74,1
1771374942.374715,56_4,56,tpc_commit,7.8200523853302,28795,75,1
1771374944.502718,57_4,57,tpc_lock,9.007246971130373,46561,75,1
1771374946.6030908,56_4,56,tpc_commit,4.228364944458008,28795,75,1
1771374946.6219308,57_4,57,tpc_lock,2.119205474853516,46561,75,1
1771374954.3606915,56_4,56,tpc_lock,6.781339883804321,46549,76,1
1771374958.5694883,56_4,56,tpc_lock,4.208786725997925,46549,76,1
1771374958.6071887,57_4,57,das_work,3.336064577102661,48258,76,1
1771374968.5556931,57_4,57,tpc_commit,9.948493480682371,28795,77,1
1771374970.5487752,57_4,57,tpc_commit,1.9930744171142576,28795,77,1
1771374970.551349,56_4,56,das_work,7.721559286117554,48258,77,1
1771374978.319499,56_4,56,tpc_commit,7.768142223358154,28783,78,1
1771374980.4949012,57_4,57,tpc_lock,8.832678318023682,46561,78,1
1771374982.5603952,57_4,57,tpc_lock,2.065485954284668,46561,78,1
1771374982.6172516,56_4,56,tpc_commit,4.297742605209351,28783,78,1
1771374990.3976202,56_4,56,tpc_lock,6.873632192611694,46549,79,1
1771374994.554734,57_4,57,das_work,6.398522615432739,48258,79,1
1771374994.598365,56_4,56,tpc_lock,4.2007341384887695,46549,79,1
1771375004.497815,57_4,57,tpc_commit,9.943073272705078,28795,80,1
1771375006.5628405,57_4,57,tpc_commit,2.0650174617767334,28795,80,1
1771375006.6189756,56_4,56,das_work,7.857685565948486,48258,80,1
1771375014.390069,56_4,56,tpc_commit,7.771084308624268,28783,81,1
1771375016.5184076,57_4,57,tpc_lock,9.162161350250244,46561,81,1
1771375018.6207232,56_4,56,tpc_commit,4.23064661026001,28783,81,1
1771375018.6325946,57_4,57,tpc_lock,2.114176034927368,46561,81,1
1771375026.3743503,56_4,56,tpc_lock,6.59086537361145,46561,82,1
1771375030.554561,56_4,56,tpc_lock,4.180199861526489,46561,82,1
1771375030.562436,57_4,57,das_work,3.847370386123657,48258,82,1
1771375040.5239224,57_4,57,tpc_commit,9.961442708969116,28795,83,1
1771375042.5678265,57_4,57,tpc_commit,2.0438926219940186,28795,83,1
1771375042.623283,56_4,56,das_work,4.825122117996216,48258,83,1
1771375050.3158584,56_4,56,tpc_commit,7.6925647258758545,28795,84,1
1771375052.4814866,57_4,57,tpc_lock,8.70007610321045,46561,84,1
1771375054.54972,56_4,56,tpc_commit,4.233853816986084,28795,84,1
1771375054.5966868,57_4,57,tpc_lock,2.115188837051392,46561,84,1
1771375062.3726802,56_4,56,tpc_lock,6.881642818450928,46561,85,1
1771375066.5747175,57_4,57,das_work,10.381763935089111,48258,85,1
1771375066.5764675,56_4,56,tpc_lock,4.203754663467407,46561,85,1
1771375076.5324938,57_4,57,tpc_commit,9.95776343345642,28795,86,1
1771375078.5200422,56_4,56,das_work,10.031611919403076,48258,86,1
1771375078.52647,57_4,57,tpc_commit,1.9939682483673096,28795,86,1
1771375086.362468,56_4,56,tpc_commit,7.842417478561401,28795,87,1
1771375090.5200186,56_4,56,tpc_commit,4.157541513442993,28795,87,1
1771374198.435473,58_0,58,tpc_lock,9.201868534088137,46561,13,1
1771374200.5754132,59_0,59,tpc_lock,11.45905375480652,46561,13,1
1771374202.6064613,59_0,59,tpc_lock,2.03104019165039,46561,13,1
1771374202.615983,58_0,58,tpc_lock,4.180499792098999,46561,13,1
1771374214.6291602,59_0,59,das_work,4.517608404159546,48258,14,1
1771374214.6310165,58_0,58,das_work,6.862191438674927,48258,14,1
1771374222.4480407,58_0,58,tpc_commit,7.81700849533081,28795,15,1
1771374224.5996668,59_0,59,tpc_commit,9.970494985580444,28795,15,1
1771374226.6233635,59_0,59,tpc_commit,2.023685932159424,28795,15,1
1771374226.6754124,58_0,58,tpc_commit,4.227359771728516,28795,15,1
1771374234.4515777,58_0,58,tpc_lock,6.180565118789673,46561,16,1
1771374236.6244662,59_0,59,tpc_lock,8.522578716278076,46549,16,1
1771374238.6700962,59_0,59,tpc_lock,2.045619010925293,46549,16,1
1771374238.687827,58_0,58,tpc_lock,4.236238479614258,46561,16,1
1771374250.6085443,58_0,58,das_work,2.9126555919647217,48258,17,1
1771374250.626866,59_0,59,das_work,8.254802465438843,48258,17,1
1771374258.3904035,58_0,58,tpc_commit,7.781851530075073,28795,18,1
1771374260.5581715,59_0,59,tpc_commit,9.931291580200195,28783,18,1
1771374262.6263154,58_0,58,tpc_commit,4.235902547836304,28795,18,1
1771374262.6365132,59_0,59,tpc_commit,2.0783286094665527,28783,18,1
1771374270.3906972,58_0,58,tpc_lock,7.041556358337402,46561,19,1
1771374272.542511,59_0,59,tpc_lock,9.39913249015808,46561,19,1
1771374274.6314356,59_0,59,tpc_lock,2.0889174938201904,46561,19,1
1771374274.658913,58_0,58,tpc_lock,4.268207311630249,46561,19,1
1771374286.6111696,58_0,58,das_work,7.405714750289917,48258,20,1
1771374286.619349,59_0,59,das_work,4.9698100090026855,48258,20,1
1771374294.3914397,58_0,58,tpc_commit,7.780254602432251,28795,21,1
1771374296.5663738,59_0,59,tpc_commit,9.947014331817629,28795,21,1
1771374298.6049364,59_0,59,tpc_commit,2.0385522842407227,28795,21,1
1771374298.6829424,58_0,58,tpc_commit,4.291492462158203,28795,21,1
1771374306.4507809,58_0,58,tpc_lock,6.99835467338562,46549,22,1
1771374308.570119,59_0,59,tpc_lock,8.106839179992676,46561,22,1
1771374310.6885877,59_0,59,tpc_lock,2.1184585094451904,46561,22,1
1771374310.6893313,58_0,58,tpc_lock,4.238539218902588,46549,22,1
1771374322.612583,59_0,59,das_work,10.06519079208374,48258,23,1
1771374322.6339886,58_0,58,das_work,4.070881843566895,48258,23,1
1771374330.4040549,58_0,58,tpc_commit,7.770058870315552,28783,24,1
1771374332.595978,59_0,59,tpc_commit,9.983383655548096,28795,24,1
1771374334.6281958,58_0,58,tpc_commit,4.224131345748901,28783,24,1
1771374334.6824045,59_0,59,tpc_commit,2.086413860321045,28795,24,1
1771374342.3738294,58_0,58,tpc_lock,6.785223007202148,46561,25,1
1771374344.557023,59_0,59,tpc_lock,9.253953456878662,46549,25,1
1771374346.6765077,58_0,58,tpc_lock,4.302669525146484,46561,25,1
1771374346.6947129,59_0,59,tpc_lock,2.137680053710937,46549,25,1
1771374358.6578455,59_0,59,das_work,6.006691932678223,48258,26,1
1771374358.6883798,58_0,58,das_work,3.831529378890991,48258,26,1
1771374366.3729105,58_0,58,tpc_commit,7.684517860412598,28795,27,1
1771374368.5409648,59_0,59,tpc_commit,9.883109092712402,28783,27,1
1771374370.5957274,58_0,58,tpc_commit,4.22280740737915,28795,27,1
1771374370.629326,59_0,59,tpc_commit,2.088353157043457,28783,27,1
1771374378.3925126,58_1,58,tpc_lock,5.85884428024292,46561,28,1
1771374380.5933185,59_1,59,tpc_lock,8.628342628479004,46561,28,1
1771374382.6477773,58_1,58,tpc_lock,4.2552549839019775,46561,28,1
1771374382.6943662,59_1,59,tpc_lock,2.1010375022888184,46561,28,1
1771374394.6004407,58_1,58,das_work,2.7017860412597656,48258,29,1
1771374394.62498,59_1,59,das_work,5.126082420349121,48258,29,1
1771374402.3878915,58_1,58,tpc_commit,7.787439584732056,28795,30,1
1771374404.5795703,59_1,59,tpc_commit,9.954580307006836,28795,30,1
1771374406.604191,58_1,58,tpc_commit,4.216292142868042,28795,30,1
1771374406.658149,59_1,59,tpc_commit,2.0785717964172363,28795,30,1
1771374414.391644,58_1,58,tpc_lock,6.704085111618042,46561,31,1
1771374416.535866,59_1,59,tpc_lock,8.244198083877563,46561,31,1
1771374418.6055057,59_1,59,tpc_lock,2.0696325302124023,46561,31,1
1771374418.6261363,58_1,58,tpc_lock,4.234483957290649,46561,31,1
1771374430.5910678,58_1,58,das_work,4.237502098083496,48258,32,1
1771374430.6787086,59_1,59,das_work,7.117110729217529,48258,32,1
1771374438.3587425,58_1,58,tpc_commit,7.767666816711426,28795,33,1
1771374440.5681975,59_1,59,tpc_commit,9.88947868347168,28795,33,1
1771374442.6153195,59_1,59,tpc_commit,2.047112464904785,28795,33,1
1771374442.6366863,58_1,58,tpc_commit,4.277936458587647,28795,33,1
1771374450.4213133,58_1,58,tpc_lock,6.575801134109497,46561,34,1
1771374452.58171,59_1,59,tpc_lock,9.350098848342896,46561,34,1
1771374454.60822,59_1,59,tpc_lock,2.026500940322876,46561,34,1
1771374454.6131215,58_1,58,tpc_lock,4.191799640655518,46561,34,1
1771374466.5886595,59_1,59,das_work,3.874577045440674,48258,35,1
1771374466.638793,58_1,58,das_work,9.808035612106323,48258,35,1
1771374474.3980758,58_1,58,tpc_commit,7.759273290634155,28795,36,1
1771374476.597159,59_1,59,tpc_commit,10.008489608764648,28795,36,1
1771374478.600104,58_1,58,tpc_commit,4.202018022537232,28795,36,1
1771374478.60705,59_1,59,tpc_commit,2.0098798274993896,28795,36,1
1771374486.3582468,58_1,58,tpc_lock,7.121905326843262,46561,37,1
1771374488.602766,59_1,59,tpc_lock,8.96741247177124,46561,37,1
1771374490.6111598,58_1,58,tpc_lock,4.252904891967773,46561,37,1
1771374490.657928,59_1,59,tpc_lock,2.0551505088806152,46561,37,1
1771374502.5802195,59_1,59,das_work,3.0538923740386963,48258,38,1
1771374502.6229222,58_1,58,das_work,4.618209838867188,48258,38,1
1771374510.3905478,58_1,58,tpc_commit,7.767617702484131,28795,39,1
1771374512.5858824,59_1,59,tpc_commit,10.00565481185913,28795,39,1
1771374514.6061254,58_1,58,tpc_commit,4.215567111968994,28795,39,1
1771374514.6207583,59_1,59,tpc_commit,2.0348660945892334,28795,39,1
1771374522.3579805,58_1,58,tpc_lock,5.963515996932983,46561,40,1
1771374524.5204947,59_1,59,tpc_lock,8.711873292922974,46561,40,1
1771374526.5938864,58_1,58,tpc_lock,4.235896587371826,46561,40,1
1771374526.6486754,59_1,59,tpc_lock,2.128173351287842,46561,40,1
1771374538.6058288,59_1,59,das_work,4.147525310516357,48258,41,1
1771374538.628385,58_1,58,das_work,8.879297733306885,48258,41,1
1771374546.389679,58_1,58,tpc_commit,7.761281967163086,28795,42,1
1771374548.521659,59_1,59,tpc_commit,9.915819883346558,28795,42,1
1771374550.6192522,58_1,58,tpc_commit,4.2295637130737305,28795,42,1
1771374550.6482084,59_1,59,tpc_commit,2.1265416145324707,28795,42,1
1771374558.4243772,58_2,58,tpc_lock,7.198154449462891,46561,43,1
1771374560.5929198,59_2,59,tpc_lock,9.13202667236328,46561,43,1
1771374562.611772,59_2,59,tpc_lock,2.0188450813293457,46561,43,1
1771374562.664195,58_2,58,tpc_lock,4.239809513092041,46561,43,1
1771374574.5904422,58_2,58,das_work,3.990856409072876,48258,44,1
1771374574.5941174,59_2,59,das_work,9.606294393539429,48258,44,1
1771374582.364371,58_2,58,tpc_commit,7.7739176750183105,28795,45,1
1771374584.543949,59_2,59,tpc_commit,9.949822187423706,28795,45,1
1771374586.585064,59_2,59,tpc_commit,2.041104555130005,28795,45,1
1771374586.6103606,58_2,58,tpc_commit,4.245980501174927,28795,45,1
1771374594.3512158,58_2,58,tpc_lock,7.199541330337524,46561,46,1
1771374596.5407732,59_2,59,tpc_lock,8.720678567886353,46561,46,1
1771374598.6148634,59_2,59,tpc_lock,2.074079990386963,46561,46,1
1771374598.6298888,58_2,58,tpc_lock,4.278665065765381,46561,46,1
1771374610.5780234,59_2,59,das_work,8.000988721847534,48258,47,1
1771374610.5895948,58_2,58,das_work,5.436163425445557,48258,47,1
1771374618.4023976,58_2,58,tpc_commit,7.812795877456665,28795,48,1
1771374620.5459838,59_2,59,tpc_commit,9.967947006225586,28795,48,1
1771374622.617002,59_2,59,tpc_commit,2.0710036754608154,28795,48,1
1771374622.6492407,58_2,58,tpc_commit,4.246833086013794,28795,48,1
1771374630.3610263,58_2,58,tpc_lock,6.122674703598023,46561,49,1
1771374632.5154555,59_2,59,tpc_lock,8.274651050567627,46561,49,1
1771374634.6243298,58_2,58,tpc_lock,4.263296365737915,46561,49,1
1771374634.644861,59_2,59,tpc_lock,2.129394292831421,46561,49,1
1771374646.5778923,59_2,59,das_work,3.3534014225006104,48258,50,1
1771374646.5831916,58_2,58,das_work,6.680349588394165,48258,50,1
1771374654.349748,58_2,58,tpc_commit,7.766546249389648,28795,51,1
1771374656.5133617,59_2,59,tpc_commit,9.93545699119568,28795,51,1
1771374658.6082644,59_2,59,tpc_commit,2.0948944091796875,28795,51,1
1771374658.6420612,58_2,58,tpc_commit,4.292302131652832,28795,51,1
1771374666.390709,58_2,58,tpc_lock,6.27890682220459,46561,52,1
1771374668.5880306,59_2,59,tpc_lock,8.418772459030151,46561,52,1
1771374670.5778654,58_2,58,tpc_lock,4.187144756317139,46561,52,1
1771374670.604009,59_2,59,tpc_lock,2.0159659385681152,46561,52,1
1771374682.5749855,58_2,58,das_work,5.4216814041137695,48258,53,1
1771374682.595266,59_2,59,das_work,4.269000291824341,48258,53,1
1771374690.349394,58_2,58,tpc_commit,7.774398565292358,28795,54,1
1771374692.5278263,59_2,59,tpc_commit,9.932548999786375,28795,54,1
1771374694.5826416,58_2,58,tpc_commit,4.233240365982056,28795,54,1
1771374694.598711,59_2,59,tpc_commit,2.070873975753784,28795,54,1
1771374702.4288127,58_2,58,tpc_lock,6.060867071151733,46561,55,1
1771374704.560085,59_2,59,tpc_lock,9.135904312133787,46549,55,1
1771374706.6213326,58_2,58,tpc_lock,4.192508697509766,46561,55,1
1771374706.6597714,59_2,59,tpc_lock,2.0996756553649902,46549,55,1
1771374718.5657537,58_2,58,das_work,5.368378639221191,48258,56,1
1771374718.5733187,59_2,59,das_work,5.970759153366089,48258,56,1
1771374726.4196606,58_2,58,tpc_commit,7.853898286819458,28795,57,1
1771374728.5079775,59_2,59,tpc_commit,9.934648036956789,28783,57,1
1771374730.570851,58_2,58,tpc_commit,4.151180982589722,28795,57,1
1771374730.5821822,59_2,59,tpc_commit,2.0741963386535645,28783,57,1
1771374738.3722663,58_3,58,tpc_lock,5.861752033233643,46561,58,1
1771374740.5478024,59_3,59,tpc_lock,8.516144514083862,46561,58,1
1771374742.5716288,59_3,59,tpc_lock,2.0238165855407715,46561,58,1
1771374742.605253,58_3,58,tpc_lock,4.232975959777832,46561,58,1
1771374754.5685768,58_3,58,das_work,2.058681964874268,48258,59,1
1771374754.5740926,59_3,59,das_work,5.456451654434204,48258,59,1
1771374762.411471,58_3,58,tpc_commit,7.842886686325073,28795,60,1
1771374764.5637856,59_3,59,tpc_commit,9.989684343338013,28795,60,1
1771374766.5612206,59_3,59,tpc_commit,1.9974267482757568,28795,60,1
1771374766.601688,58_3,58,tpc_commit,4.190210103988648,28795,60,1
1771374774.4070668,58_3,58,tpc_lock,6.876282215118408,46561,61,1
1771374776.5051527,59_3,59,tpc_lock,8.515333890914917,46561,61,1
1771374778.577002,58_3,58,tpc_lock,4.169923782348633,46561,61,1
1771374778.5898526,59_3,59,tpc_lock,2.0846915245056152,46561,61,1
1771374790.5633898,58_3,58,das_work,8.799754619598389,48258,62,1
1771374790.6106613,59_3,59,das_work,7.85269021987915,48258,62,1
1771374798.344984,58_3,58,tpc_commit,7.781588077545166,28795,63,1
1771374800.502057,59_3,59,tpc_commit,9.89138913154602,28795,63,1
1771374802.5753212,59_3,59,tpc_commit,2.0732569694519043,28795,63,1
1771374802.5842814,58_3,58,tpc_commit,4.239287376403809,28795,63,1
1771374810.4040985,58_3,58,tpc_lock,6.358911275863648,46561,64,1
1771374812.5450952,59_3,59,tpc_lock,9.022171974182127,46561,64,1
1771374814.559667,58_3,58,tpc_lock,4.155559301376343,46561,64,1
1771374814.5841558,59_3,59,tpc_lock,2.03900408744812,46561,64,1
1771374826.5648036,58_3,58,das_work,6.152040719985962,48258,65,1
1771374826.6273105,59_3,59,das_work,6.760152339935303,48258,65,1
1771374834.3352802,58_3,58,tpc_commit,7.770467519760132,28795,66,1
1771374836.532944,59_3,59,tpc_commit,9.905624389648438,28795,66,1
1771374838.580958,59_3,59,tpc_commit,2.048006296157837,28795,66,1
1771374838.6361058,58_3,58,tpc_commit,4.300815582275391,28795,66,1
1771374846.3625576,58_3,58,tpc_lock,6.069550514221191,46549,67,1
1771374848.5343685,59_3,59,tpc_lock,9.115697383880615,46561,67,1
1771374850.584991,59_3,59,tpc_lock,2.0506131649017334,46561,67,1
1771374850.602724,58_3,58,tpc_lock,4.240158796310425,46549,67,1
1771374862.573827,58_3,58,das_work,8.75670051574707,48258,68,1
1771374862.6042795,59_3,59,das_work,8.659789323806763,48258,68,1
1771374870.355586,58_3,58,tpc_commit,7.781748056411743,28783,69,1
1771374872.5250297,59_3,59,tpc_commit,9.920742750167848,28795,69,1
1771374874.5701594,59_3,59,tpc_commit,2.045119285583496,28795,69,1
1771374874.5754604,58_3,58,tpc_commit,4.219865322113037,28783,69,1
1771374882.3674386,58_3,58,tpc_lock,7.272715091705322,46561,70,1
1771374884.5238345,59_3,59,tpc_lock,8.799848794937134,46561,70,1
1771374886.5571146,58_3,58,tpc_lock,4.189667701721191,46561,70,1
1771374886.565333,59_3,59,tpc_lock,2.041490316390991,46561,70,1
1771374898.5689137,59_3,59,das_work,6.8638670444488525,48258,71,1
1771374898.5856209,58_3,58,das_work,6.624820947647095,48258,71,1
1771374906.3248012,58_3,58,tpc_commit,7.739170789718628,28795,72,1
1771374908.5628529,59_3,59,tpc_commit,9.993928909301758,28795,72,1
1771374910.5559638,58_3,58,tpc_commit,4.231151342391968,28795,72,1
1771374910.6141772,59_3,59,tpc_commit,2.051313877105713,28795,72,1
1771374918.3983614,58_4,58,tpc_lock,6.964851379394531,46561,73,1
1771374920.5714114,59_4,59,tpc_lock,9.423665523529053,46561,73,1
1771374922.5522645,59_4,59,tpc_lock,1.9808428287506104,46561,73,1
1771374922.559466,58_4,58,tpc_lock,4.161093235015869,46561,73,1
1771374934.5559971,59_4,59,das_work,4.88544487953186,48258,74,1
1771374934.5915322,58_4,58,das_work,6.763637542724609,48258,74,1
1771374942.3490274,58_4,58,tpc_commit,7.757485151290893,28795,75,1
1771374944.4923074,59_4,59,tpc_commit,9.936301469802856,28795,75,1
1771374946.5770364,59_4,59,tpc_commit,2.0847203731536865,28795,75,1
1771374946.5991485,58_4,58,tpc_commit,4.250111103057861,28795,75,1
1771374954.329625,58_4,58,tpc_lock,6.597429513931274,46561,76,1
1771374956.4997966,59_4,59,tpc_lock,9.027183771133425,46561,76,1
1771374958.5955956,58_4,58,tpc_lock,4.265961885452271,46561,76,1
1771374958.6194763,59_4,59,tpc_lock,2.119671106338501,46561,76,1
1771374970.5535142,58_4,58,das_work,9.226741075515749,48258,77,1
1771374970.6011422,59_4,59,das_work,4.732231140136719,48258,77,1
1771374978.3219695,58_4,58,tpc_commit,7.768417596817017,28795,78,1
1771374980.4987066,59_4,59,tpc_commit,9.897554397583008,28795,78,1
1771374982.546306,59_4,59,tpc_commit,2.0475881099700928,28795,78,1
1771374982.5574956,58_4,58,tpc_commit,4.235514879226685,28795,78,1
1771374990.3360589,58_4,58,tpc_lock,6.766148567199707,46561,79,1
1771374992.5062149,59_4,59,tpc_lock,8.213102102279663,46561,79,1
1771374994.6025062,59_4,59,tpc_lock,2.096280813217163,46561,79,1
1771374994.6221583,58_4,58,tpc_lock,4.286088705062866,46561,79,1
1771375006.5533953,58_4,58,das_work,10.453689813613892,48258,80,1
1771375006.6065967,59_4,59,das_work,3.797554016113281,48258,80,1
1771375014.3242304,58_4,58,tpc_commit,7.770823240280151,28795,81,1
1771375016.534897,59_4,59,tpc_commit,9.928290605545044,28795,81,1
1771375018.5654972,59_4,59,tpc_commit,2.030588865280152,28795,81,1
1771375018.6212983,58_4,58,tpc_commit,4.29706072807312,28795,81,1
1771375026.3642097,58_4,58,tpc_lock,7.109203338623047,46561,82,1
1771375028.553572,59_4,59,tpc_lock,8.854895114898682,46561,82,1
1771375030.5734136,58_4,58,tpc_lock,4.209192514419556,46561,82,1
1771375030.5954266,59_4,59,tpc_lock,2.0418426990509038,46561,82,1
1771375042.5555406,59_4,59,das_work,8.711684226989746,48258,83,1
1771375042.6243076,58_4,58,das_work,8.604345560073853,48258,83,1
1771375050.3719003,58_4,58,tpc_commit,7.747558832168579,28795,84,1
1771375052.5182576,59_4,59,tpc_commit,9.96270751953125,28795,84,1
1771375054.5463133,59_4,59,tpc_commit,2.028045654296875,28795,84,1
1771375054.55707,58_4,58,tpc_commit,4.185158491134644,28795,84,1
1771375062.371128,58_4,58,tpc_lock,7.07817816734314,46561,85,1
1771375064.4720204,59_4,59,tpc_lock,8.020066738128662,46561,85,1
1771375066.5367904,59_4,59,tpc_lock,2.064762592315674,46561,85,1
1771375066.557686,58_4,58,tpc_lock,4.186547756195068,46561,85,1
1771375078.520893,59_4,59,das_work,2.0916707515716557,48258,86,1
1771375078.5604317,58_4,58,das_work,7.939215898513794,48258,86,1
1771375086.3965654,58_4,58,tpc_commit,7.83612322807312,28795,87,1
1771375088.513095,59_4,59,tpc_commit,9.992194175720217,28795,87,1
1771375090.5491354,58_4,58,tpc_commit,4.152559280395508,28795,87,1
1771375090.5678594,59_4,59,tpc_commit,2.0547518730163574,28795,87,1
1771374138.3841226,4_0,4,tpc_lock,2.805447816848755,46561,8,1
1771374140.587478,5_0,5,tpc_lock,8.751702070236206,46561,8,1
1771374142.5802572,5_0,5,tpc_lock,1.992772102355957,46561,8,1
1771374142.6249042,4_0,4,tpc_lock,4.240774154663086,46561,8,1
1771374154.5859897,5_0,5,das_work,8.654383420944214,48258,9,1
1771374154.600214,4_0,4,das_work,7.517989635467529,48258,9,1
1771374162.3711195,4_0,4,tpc_commit,7.7708916664123535,28795,10,1
1771374164.580934,5_0,5,tpc_commit,9.99493670463562,28795,10,1
1771374166.5871527,5_0,5,tpc_commit,2.006208896636963,28795,10,1
1771374166.606321,4_0,4,tpc_commit,4.235194206237793,28795,10,1
1771374174.3791468,4_0,4,tpc_lock,6.376923322677612,46561,11,1
1771374176.565358,5_0,5,tpc_lock,8.72575855255127,46561,11,1
1771374178.573944,5_0,5,tpc_lock,2.0085790157318115,46561,11,1
1771374178.6152844,4_0,4,tpc_lock,4.236130237579346,46561,11,1
1771374190.6396627,4_0,4,das_work,7.505916595458984,48258,12,1
1771374190.641493,5_0,5,das_work,2.4022791385650635,48258,12,1
1771374198.396587,4_0,4,tpc_commit,7.75691556930542,28795,13,1
1771374200.5416725,5_0,5,tpc_commit,9.900168418884276,28795,13,1
1771374202.5861893,5_0,5,tpc_commit,2.0445077419281006,28795,13,1
1771374202.5952775,4_0,4,tpc_commit,4.19867753982544,28795,13,1
1771374210.4438896,4_0,4,tpc_lock,6.718224048614502,46561,14,1
1771374212.595328,5_0,5,tpc_lock,9.39218521118164,46561,14,1
1771374214.6032069,5_0,5,tpc_lock,2.0078701972961426,46561,14,1
1771374214.6173725,4_0,4,tpc_lock,4.173472881317139,46561,14,1
1771374226.6247778,5_0,5,das_work,7.809804916381836,48258,15,1
1771374226.6276891,4_0,4,das_work,5.244682550430298,48258,15,1
1771374234.3906052,4_0,4,tpc_commit,7.762906551361084,28795,16,1
1771374236.6058156,5_0,5,tpc_commit,9.981028318405151,28795,16,1
1771374238.6282687,4_0,4,tpc_commit,4.237656354904175,28795,16,1
1771374238.7213411,5_0,5,tpc_commit,2.115516185760498,28795,16,1
1771374246.4186842,4_0,4,tpc_lock,5.865315198898315,46561,17,1
1771374248.5488496,5_0,5,tpc_lock,8.672293663024902,46561,17,1
1771374250.6432295,4_0,4,tpc_lock,4.22453498840332,46561,17,1
1771374250.6564884,5_0,5,tpc_lock,2.107606887817383,46561,17,1
1771374262.6411595,4_0,4,das_work,8.56903862953186,48258,18,1
1771374262.6557093,5_0,5,das_work,3.103291273117065,48258,18,1
1771374270.403299,4_0,4,tpc_commit,7.762128114700317,28795,19,1
1771374272.598877,5_0,5,tpc_commit,9.943158149719238,28795,19,1
1771374274.619029,5_0,5,tpc_commit,2.0201399326324463,28795,19,1
1771374274.6829822,4_0,4,tpc_commit,4.279672622680664,28795,19,1
1771374282.3793075,4_0,4,tpc_lock,6.435193061828613,46561,20,1
1771374284.6187017,5_0,5,tpc_lock,9.485794305801392,46549,20,1
1771374286.63922,4_0,4,tpc_lock,4.259904623031616,46561,20,1
1771374286.6887355,5_0,5,tpc_lock,2.070024251937866,46549,20,1
1771374298.6079593,4_0,4,das_work,6.815660715103149,48258,21,1
1771374298.7083368,5_0,5,das_work,4.183865785598755,48258,21,1
1771374306.4302082,4_0,4,tpc_commit,7.822237730026245,28795,22,1
1771374308.6104298,5_0,5,tpc_commit,9.902083158493042,28783,22,1
1771374310.6112404,4_0,4,tpc_commit,4.1810221672058105,28795,22,1
1771374310.657208,5_0,5,tpc_commit,2.046769618988037,28783,22,1
1771374318.3813317,4_1,4,tpc_lock,6.17620062828064,46561,23,1
1771374320.5954895,5_1,5,tpc_lock,8.127172231674194,46561,23,1
1771374322.6258929,5_1,5,tpc_lock,2.0303916931152344,46561,23,1
1771374322.645385,4_1,4,tpc_lock,4.264045476913452,46561,23,1
1771374334.6054754,4_1,4,das_work,6.545664548873901,48258,24,1
1771374334.6701374,5_1,5,das_work,2.9889371395111084,48258,24,1
1771374342.3719685,4_1,4,tpc_commit,7.766481637954712,28795,25,1
1771374344.564488,5_1,5,tpc_commit,9.894341468811035,28795,25,1
1771374346.604701,5_1,5,tpc_commit,2.04020357131958,28795,25,1
1771374346.655749,4_1,4,tpc_commit,4.283769845962524,28795,25,1
1771374354.4353454,4_1,4,tpc_lock,6.490091562271118,46561,26,1
1771374356.571226,5_1,5,tpc_lock,8.440925598144531,46561,26,1
1771374358.6137238,5_1,5,tpc_lock,2.042487859725952,46561,26,1
1771374358.6152167,4_1,4,tpc_lock,4.179860830307007,46561,26,1
1771374370.5954866,4_1,4,das_work,3.1699469089508057,48258,27,1
1771374370.6467226,5_1,5,das_work,10.279364824295044,48258,27,1
1771374378.392559,4_1,4,tpc_commit,7.7970640659332275,28795,28,1
1771374380.5738218,5_1,5,tpc_commit,9.927090406417848,28795,28,1
1771374382.6170676,5_1,5,tpc_commit,2.043238401412964,28795,28,1
1771374382.698754,4_1,4,tpc_commit,4.306185007095337,28795,28,1
1771374390.4237597,4_1,4,tpc_lock,6.187288522720337,46561,29,1
1771374392.5576756,5_1,5,tpc_lock,8.655096769332886,46561,29,1
1771374394.6024735,4_1,4,tpc_lock,4.178706407546997,46561,29,1
1771374394.603789,5_1,5,tpc_lock,2.046104669570923,46561,29,1
1771374406.593824,5_1,5,das_work,5.382587671279907,48258,30,1
1771374406.6770403,4_1,4,das_work,6.4916605949401855,48258,30,1
1771374414.363715,4_1,4,tpc_commit,7.686665296554565,28795,31,1
1771374416.5254953,5_1,5,tpc_commit,9.93166160583496,28795,31,1
1771374418.5954225,4_1,4,tpc_commit,4.231698513031006,28795,31,1
1771374418.5963526,5_1,5,tpc_commit,2.0708487033843994,28795,31,1
1771374426.3713875,4_1,4,tpc_lock,6.4337685108184814,46561,32,1
1771374428.605409,5_1,5,tpc_lock,8.369677782058716,46561,32,1
1771374430.5912137,4_1,4,tpc_lock,4.2198145389556885,46561,32,1
1771374430.598343,5_1,5,tpc_lock,1.9929203987121584,46561,32,1
1771374442.6014383,4_1,4,das_work,3.1006178855896,48258,33,1
1771374442.6145072,5_1,5,das_work,2.8168725967407227,48258,33,1
1771374450.4301722,4_1,4,tpc_commit,7.828722238540649,28795,34,1
1771374452.552734,5_1,5,tpc_commit,9.938215732574465,28795,34,1
1771374454.5893276,4_1,4,tpc_commit,4.159144639968872,28795,34,1
1771374454.6050615,5_1,5,tpc_commit,2.0521411895751958,28795,34,1
1771374462.425465,4_1,4,tpc_lock,6.526390552520752,46561,35,1
1771374464.5763943,5_1,5,tpc_lock,8.170175075531006,46561,35,1
1771374466.6315975,4_1,4,tpc_lock,4.20612096786499,46561,35,1
1771374466.6570785,5_1,5,tpc_lock,2.080673933029175,46561,35,1
1771374478.640623,5_1,5,das_work,7.061932325363159,48258,36,1
1771374478.6523328,4_1,4,das_work,5.918045997619629,48258,36,1
1771374486.4380264,4_1,4,tpc_commit,7.785682439804077,28795,37,1
1771374488.5910342,5_1,5,tpc_commit,9.950398921966553,28795,37,1
1771374490.6200824,5_1,5,tpc_commit,2.029040575027466,28795,37,1
1771374490.6351926,4_1,4,tpc_commit,4.197156190872192,28795,37,1
1771374498.4221096,4_2,4,tpc_lock,6.787639617919922,46561,38,1
1771374500.574427,5_2,5,tpc_lock,8.016463994979858,46561,38,1
1771374502.6316533,4_2,4,tpc_lock,4.209533452987671,46561,38,1
1771374502.6496177,5_2,5,tpc_lock,2.075183629989624,46561,38,1
1771374514.5784812,4_2,4,das_work,7.535754442214966,48258,39,1
1771374514.6461012,5_2,5,das_work,2.8560445308685303,48258,39,1
1771374522.3850205,4_2,4,tpc_commit,7.806530952453613,28795,40,1
1771374524.5374706,5_2,5,tpc_commit,9.891360998153688,28795,40,1
1771374526.590733,5_2,5,tpc_commit,2.05324935913086,28795,40,1
1771374526.6583323,4_2,4,tpc_commit,4.2733001708984375,28795,40,1
1771374534.3596213,4_2,4,tpc_lock,6.0723419189453125,46561,41,1
1771374536.527383,5_2,5,tpc_lock,8.418035984039307,46561,41,1
1771374538.6400585,4_2,4,tpc_lock,4.280427932739258,46561,41,1
1771374538.644979,5_2,5,tpc_lock,2.1175849437713623,46561,41,1
1771374550.610304,5_2,5,das_work,8.598169565200806,48258,42,1
1771374550.6294017,4_2,4,das_work,6.769310712814331,48258,42,1
1771374558.402314,4_2,4,tpc_commit,7.772902965545654,28795,43,1
1771374560.5213742,5_2,5,tpc_commit,9.911060810089111,28795,43,1
1771374562.5899165,5_2,5,tpc_commit,2.0685348510742188,28795,43,1
1771374562.6409876,4_2,4,tpc_commit,4.238663673400879,28795,43,1
1771374570.385326,4_2,4,tpc_lock,6.070827484130859,46561,44,1
1771374572.578612,5_2,5,tpc_lock,8.0088050365448,46561,44,1
1771374574.5881562,4_2,4,tpc_lock,4.202820539474487,46561,44,1
1771374574.6192274,5_2,5,tpc_lock,2.040603876113892,46561,44,1
1771374586.6062229,5_2,5,das_work,10.1678307056427,48258,45,1
1771374586.6456263,4_2,4,das_work,2.539458751678467,48258,45,1
1771374594.4081411,4_2,4,tpc_commit,7.762505292892456,28795,46,1
1771374596.5395896,5_2,5,tpc_commit,9.933195114135742,28795,46,1
1771374598.593238,4_2,4,tpc_commit,4.1850244998931885,28795,46,1
1771374598.594004,5_2,5,tpc_commit,2.054403305053711,28795,46,1
1771374606.3906083,4_2,4,tpc_lock,6.058366060256958,46561,47,1
1771374608.569631,5_2,5,tpc_lock,8.931132316589355,46561,47,1
1771374610.6180964,5_2,5,tpc_lock,2.048456907272339,46561,47,1
1771374610.651772,4_2,4,tpc_lock,4.261155843734741,46561,47,1
1771374622.5989368,5_2,5,das_work,10.156634092330933,48258,48,1
1771374622.648935,4_2,4,das_work,3.804915189743042,48258,48,1
1771374630.4198246,4_2,4,tpc_commit,7.770879030227661,28795,49,1
1771374632.5451896,5_2,5,tpc_commit,9.94624400138855,28795,49,1
1771374634.5755868,5_2,5,tpc_commit,2.030388832092285,28795,49,1
1771374634.578937,4_2,4,tpc_commit,4.159102439880371,28795,49,1
1771374642.360375,4_2,4,tpc_lock,7.193394899368286,46549,50,1
1771374644.531191,5_2,5,tpc_lock,9.331809520721436,46561,50,1
1771374646.5795553,5_2,5,tpc_lock,2.048353672027588,46561,50,1
1771374646.589191,4_2,4,tpc_lock,4.228809356689453,46549,50,1
1771374658.5997863,4_2,4,das_work,7.499947309494018,48258,51,1
1771374658.6473968,5_2,5,das_work,2.9820892810821533,48258,51,1
1771374666.3722136,4_2,4,tpc_commit,7.7724175453186035,28783,52,1
1771374668.5375347,5_2,5,tpc_commit,9.890128374099731,28795,52,1
1771374670.5888374,5_2,5,tpc_commit,2.0512943267822266,28795,52,1
1771374670.597688,4_2,4,tpc_commit,4.225466251373291,28783,52,1
1771374678.3489852,4_3,4,tpc_lock,6.075998783111572,46561,53,1
1771374680.5292056,5_3,5,tpc_lock,9.32901120185852,46561,53,1
1771374682.584249,4_3,4,tpc_lock,4.235253810882568,46561,53,1
1771374682.6375437,5_3,5,tpc_lock,2.108328104019165,46561,53,1
1771374694.580268,5_3,5,das_work,3.681015729904175,48258,54,1
1771374694.6079834,4_3,4,das_work,9.647902011871338,48258,54,1
1771374702.3811674,4_3,4,tpc_commit,7.773173093795776,28795,55,1
1771374704.5152335,5_3,5,tpc_commit,9.93495488166809,28795,55,1
1771374706.5786068,5_3,5,tpc_commit,2.0633654594421387,28795,55,1
1771374706.598406,4_3,4,tpc_commit,4.217228889465332,28795,55,1
1771374714.3987937,4_3,4,tpc_lock,5.969353675842285,46561,56,1
1771374716.5025308,5_3,5,tpc_lock,9.35165286064148,46561,56,1
1771374718.619377,4_3,4,tpc_lock,4.220569372177124,46561,56,1
1771374718.6210167,5_3,5,tpc_lock,2.118478536605835,46561,56,1
1771374730.5837214,4_3,4,das_work,3.908943891525269,48258,57,1
1771374730.6418936,5_3,5,das_work,8.807828426361084,48258,57,1
1771374738.374905,4_3,4,tpc_commit,7.791173219680786,28795,58,1
1771374740.5481803,5_3,5,tpc_commit,9.90627908706665,28795,58,1
1771374742.589444,4_3,4,tpc_commit,4.2145302295684814,28795,58,1
1771374742.6087952,5_3,5,tpc_commit,2.060603141784668,28795,58,1
1771374750.4155028,4_3,4,tpc_lock,5.85931396484375,46561,59,1
1771374752.5468135,5_3,5,tpc_lock,8.716485500335693,46561,59,1
1771374754.5950787,4_3,4,tpc_lock,4.179565906524658,46561,59,1
1771374754.6085722,5_3,5,tpc_lock,2.0617475509643555,46561,59,1
1771374766.5863476,4_3,4,das_work,8.13115382194519,48258,60,1
1771374766.597404,5_3,5,das_work,6.662387609481812,48258,60,1
1771374774.401201,4_3,4,tpc_commit,7.814842939376831,28795,61,1
1771374776.5409951,5_3,5,tpc_commit,9.943581819534302,28795,61,1
1771374778.5676773,5_3,5,tpc_commit,2.02667236328125,28795,61,1
1771374778.6104412,4_3,4,tpc_commit,4.209230899810791,28795,61,1
1771374786.412037,4_3,4,tpc_lock,7.208265781402588,46561,62,1
1771374788.5120037,5_3,5,tpc_lock,8.008933067321777,46561,62,1
1771374790.5856776,5_3,5,tpc_lock,2.073664903640747,46561,62,1
1771374790.6299298,4_3,4,tpc_lock,4.21788215637207,46561,62,1
1771374802.6080742,4_3,4,das_work,8.057552099227905,48258,63,1
1771374802.6191828,5_3,5,das_work,4.901532888412476,48258,63,1
1771374810.3816009,4_3,4,tpc_commit,7.773514986038208,28795,64,1
1771374812.5163195,5_3,5,tpc_commit,9.89712643623352,28795,64,1
1771374814.6079874,5_3,5,tpc_commit,2.091660499572754,28795,64,1
1771374814.6224184,4_3,4,tpc_commit,4.24080753326416,28795,64,1
1771374822.3381011,4_3,4,tpc_lock,6.836491823196411,46561,65,1
1771374824.5045724,5_3,5,tpc_lock,8.082008600234985,46561,65,1
1771374826.5908482,5_3,5,tpc_lock,2.086265563964844,46561,65,1
1771374826.596878,4_3,4,tpc_lock,4.258767604827881,46561,65,1
1771374838.5708077,4_3,4,das_work,7.745953559875488,48258,66,1
1771374838.59603,5_3,5,das_work,6.216298818588257,48258,66,1
1771374846.4090393,4_3,4,tpc_commit,7.838220596313477,28795,67,1
1771374848.552678,5_3,5,tpc_commit,9.956639051437378,28795,67,1
1771374850.588886,5_3,5,tpc_commit,2.036200046539306,28795,67,1
1771374850.609336,4_3,4,tpc_commit,4.200286388397217,28795,67,1
1771374858.3963957,4_4,4,tpc_lock,6.571629047393799,46561,68,1
1771374860.5422676,5_4,5,tpc_lock,8.21536636352539,46561,68,1
1771374862.6028264,5_4,5,tpc_lock,2.0605475902557373,46561,68,1
1771374862.6189432,4_4,4,tpc_lock,4.222537040710449,46561,68,1
1771374874.6061332,5_4,5,das_work,5.446127414703369,48258,69,1
1771374874.609935,4_4,4,das_work,4.100158452987671,48258,69,1
1771374882.4120026,4_4,4,tpc_commit,7.80205774307251,28795,70,1
1771374884.5536883,5_4,5,tpc_commit,9.947544813156128,28795,70,1
1771374886.5843508,4_4,4,tpc_commit,4.17233943939209,28795,70,1
1771374886.613439,5_4,5,tpc_commit,2.0597381591796875,28795,70,1
1771374894.3845437,4_4,4,tpc_lock,6.596832036972046,46549,71,1
1771374896.5400434,5_4,5,tpc_lock,8.76609992980957,46561,71,1
1771374898.6034958,4_4,4,tpc_lock,4.218942403793335,46549,71,1
1771374898.609083,5_4,5,tpc_lock,2.0690274238586426,46561,71,1
1771374910.555292,5_4,5,das_work,6.928117275238037,48258,72,1
1771374910.6176708,4_4,4,das_work,6.553243398666382,48258,72,1
1771374918.377068,4_4,4,tpc_commit,7.759387493133545,28783,73,1
1771374920.5576222,5_4,5,tpc_commit,10.00231647491455,28795,73,1
1771374922.5554912,5_4,5,tpc_commit,1.9978601932525637,28795,73,1
1771374922.570047,4_4,4,tpc_commit,4.192968845367432,28783,73,1
1771374930.3932347,4_4,4,tpc_lock,6.101966857910156,46561,74,1
1771374932.5391216,5_4,5,tpc_lock,9.06320595741272,46561,74,1
1771374934.58895,5_4,5,tpc_lock,2.049816846847534,46561,74,1
1771374934.5904057,4_4,4,tpc_lock,4.197160482406616,46561,74,1
1771374946.5576808,4_4,4,das_work,6.690896034240723,48258,75,1
1771374946.6203508,5_4,5,das_work,10.155314683914185,48258,75,1
1771374954.333877,4_4,4,tpc_commit,7.776149034500122,28795,76,1
1771374956.5105724,5_4,5,tpc_commit,9.890211820602415,28795,76,1
1771374958.567221,5_4,5,tpc_commit,2.056637763977051,28795,76,1
1771374958.6130123,4_4,4,tpc_commit,4.279125690460205,28795,76,1
1771374966.3313773,4_4,4,tpc_lock,6.586196660995483,46561,77,1
1771374968.4968176,5_4,5,tpc_lock,9.219648599624634,46549,77,1
1771374970.5460217,5_4,5,tpc_lock,2.049192428588867,46549,77,1
1771374970.5577247,4_4,4,tpc_lock,4.226337909698486,46561,77,1
1771374982.576032,5_4,5,das_work,3.28222131729126,48258,78,1
1771374982.5948908,4_4,4,das_work,6.147429466247559,48258,78,1
1771374990.365934,4_4,4,tpc_commit,7.771008014678955,28795,79,1
1771374992.4866722,5_4,5,tpc_commit,9.910629749298096,28783,79,1
1771374994.571702,5_4,5,tpc_commit,2.0850205421447754,28783,79,1
1771374994.6049469,4_4,4,tpc_commit,4.239001750946045,28795,79,1
1771375002.3401213,4_4,4,tpc_lock,6.578817367553711,46561,80,1
1771375004.5575235,5_4,5,tpc_lock,8.133159160614014,46561,80,1
1771375006.570266,5_4,5,tpc_lock,2.012731075286865,46561,80,1
1771375006.6181908,4_4,4,tpc_lock,4.27805757522583,46561,80,1
1771375018.6084857,4_4,4,das_work,7.577608346939087,48258,81,1
1771375018.6182525,5_4,5,das_work,6.570877552032471,48258,81,1
1771375026.341611,4_4,4,tpc_commit,7.7331154346466064,28795,82,1
1771375028.5592797,5_4,5,tpc_commit,9.941016912460327,28795,82,1
1771375030.5498028,5_4,5,tpc_commit,1.9905147552490237,28795,82,1
1771375030.5977874,4_4,4,tpc_commit,4.25616717338562,28795,82,1
1771374198.4603026,60_0,60,tpc_lock,10.879361152648926,46561,13,1
1771374200.548134,61_0,61,tpc_lock,6.671922922134399,46549,13,1
1771374202.593876,61_0,61,tpc_lock,2.0457334518432617,46549,13,1
1771374202.64291,60_0,60,tpc_lock,4.182599782943726,46561,13,1
1771374214.5986123,60_0,60,das_work,3.4620487689971924,48258,14,1
1771374214.6055112,61_0,61,das_work,3.4452476501464844,48258,14,1
1771374222.418948,60_0,60,tpc_commit,7.82032299041748,28795,15,1
1771374224.5517206,61_0,61,tpc_commit,9.946197032928469,28783,15,1
1771374226.618331,61_0,61,tpc_commit,2.066600799560547,28783,15,1
1771374226.6260574,60_0,60,tpc_commit,4.20710015296936,28795,15,1
1771374234.385214,60_0,60,tpc_lock,6.802290201187134,46561,16,1
1771374236.574974,61_0,61,tpc_lock,9.346075296401978,46561,16,1
1771374238.609496,60_0,60,tpc_lock,4.224271059036255,46561,16,1
1771374238.643963,61_0,61,tpc_lock,2.068978071212769,46561,16,1
1771374250.6240082,60_0,60,das_work,9.200107097625732,48258,17,1
1771374250.650076,61_0,61,das_work,2.808781623840332,48258,17,1
1771374258.4164665,60_0,60,tpc_commit,7.79244589805603,28795,18,1
1771374260.591782,61_0,61,tpc_commit,9.94169783592224,28795,18,1
1771374262.6554158,61_0,61,tpc_commit,2.0636229515075684,28795,18,1
1771374262.6719344,60_0,60,tpc_commit,4.255454778671265,28795,18,1
1771374270.4315858,60_0,60,tpc_lock,6.168887615203857,46561,19,1
1771374272.5480208,61_0,61,tpc_lock,8.964702606201172,46561,19,1
1771374274.638634,61_0,61,tpc_lock,2.09055495262146,46561,19,1
1771374274.6535554,60_0,60,tpc_lock,4.221960067749023,46561,19,1
1771374286.6211622,60_0,60,das_work,7.098852634429932,48258,20,1
1771374286.688222,61_0,61,das_work,8.407484531402588,48258,20,1
1771374294.4208834,60_0,60,tpc_commit,7.799710512161255,28795,21,1
1771374296.5819566,61_0,61,tpc_commit,9.89372420310974,28795,21,1
1771374298.595976,61_0,61,tpc_commit,2.0140087604522705,28795,21,1
1771374298.672447,60_0,60,tpc_commit,4.251552104949951,28795,21,1
1771374306.3792975,60_0,60,tpc_lock,7.189708471298218,46561,22,1
1771374308.559667,61_0,61,tpc_lock,8.32271933555603,46561,22,1
1771374310.6030698,60_0,60,tpc_lock,4.223761796951294,46561,22,1
1771374310.6534376,61_0,61,tpc_lock,2.093759298324585,46561,22,1
1771374322.608206,61_0,61,das_work,6.499974489212036,48258,23,1
1771374322.7013888,60_0,60,das_work,8.335147380828857,48258,23,1
1771374330.4440732,60_0,60,tpc_commit,7.742677450180054,28795,24,1
1771374332.5464191,61_0,61,tpc_commit,9.93820309638977,28795,24,1
1771374334.615491,60_0,60,tpc_commit,4.171406030654907,28795,24,1
1771374334.6461785,61_0,61,tpc_commit,2.099748134613037,28795,24,1
1771374342.3718667,60_0,60,tpc_lock,6.1896820068359375,46561,25,1
1771374344.563597,61_0,61,tpc_lock,9.03248381614685,46561,25,1
1771374346.6136632,61_0,61,tpc_lock,2.050055980682373,46561,25,1
1771374346.638799,60_0,60,tpc_lock,4.266924142837524,46561,25,1
1771374358.602411,60_0,60,das_work,5.569594621658325,48258,26,1
1771374358.704759,61_0,61,das_work,10.955015659332275,48258,26,1
1771374366.3743649,60_0,60,tpc_commit,7.771946430206299,28795,27,1
1771374368.541099,61_0,61,tpc_commit,9.836330890655518,28795,27,1
1771374370.6020474,60_0,60,tpc_commit,4.227670669555664,28795,27,1
1771374370.603428,61_0,61,tpc_commit,2.062321424484253,28795,27,1
1771374378.4078336,60_1,60,tpc_lock,7.191210985183716,46561,28,1
1771374380.6021483,61_1,61,tpc_lock,9.135412454605104,46561,28,1
1771374382.669405,60_1,60,tpc_lock,4.26155948638916,46561,28,1
1771374382.693296,61_1,61,tpc_lock,2.091135263442993,46561,28,1
1771374394.6053026,60_1,60,das_work,8.23314619064331,48258,29,1
1771374394.6086802,61_1,61,das_work,9.879637241363524,48258,29,1
1771374402.3733566,60_1,60,tpc_commit,7.7680439949035645,28795,30,1
1771374404.5997658,61_1,61,tpc_commit,9.991076469421388,28795,30,1
1771374406.6338356,61_1,61,tpc_commit,2.0340614318847656,28795,30,1
1771374406.690642,60_1,60,tpc_commit,4.317278146743774,28795,30,1
1771374414.4261806,60_1,60,tpc_lock,6.180671691894531,46561,31,1
1771374416.5259376,61_1,61,tpc_lock,7.929559707641602,46561,31,1
1771374418.5941164,61_1,61,tpc_lock,2.0681700706481934,46561,31,1
1771374418.594938,60_1,60,tpc_lock,4.168746948242188,46561,31,1
1771374430.5900507,60_1,60,das_work,2.4687819480896,48258,32,1
1771374430.6570597,61_1,61,das_work,6.991403818130493,48258,32,1
1771374438.3783135,60_1,60,tpc_commit,7.788255453109741,28795,33,1
1771374440.5493991,61_1,61,tpc_commit,9.892329692840576,28795,33,1
1771374442.6193242,60_1,60,tpc_commit,4.2409987449646,28795,33,1
1771374442.6787803,61_1,61,tpc_commit,2.129372358322144,28795,33,1
1771374450.3719256,60_1,60,tpc_lock,6.889193058013916,46561,34,1
1771374452.5882988,61_1,61,tpc_lock,8.928553104400635,46561,34,1
1771374454.590569,61_1,61,tpc_lock,2.002260446548462,46561,34,1
1771374454.6160722,60_1,60,tpc_lock,4.244136810302734,46561,34,1
1771374466.5966923,60_1,60,das_work,3.720944404602051,48258,35,1
1771374466.6541862,61_1,61,das_work,3.376056432723999,48258,35,1
1771374474.3632412,60_1,60,tpc_commit,7.766537427902222,28795,36,1
1771374476.54926,61_1,61,tpc_commit,9.895066022872925,28795,36,1
1771374478.604426,60_1,60,tpc_commit,4.241177797317505,28795,36,1
1771374478.6285057,61_1,61,tpc_commit,2.079235553741455,28795,36,1
1771374486.3942394,60_1,60,tpc_lock,6.358763694763184,46561,37,1
1771374488.5741909,61_1,61,tpc_lock,8.417576789855957,46561,37,1
1771374490.5997844,60_1,60,tpc_lock,4.20553731918335,46561,37,1
1771374490.623609,61_1,61,tpc_lock,2.049410820007324,46561,37,1
1771374502.5877917,60_1,60,das_work,10.048948287963867,48258,38,1
1771374502.5905156,61_1,61,das_work,9.297972917556764,48258,38,1
1771374510.3876529,60_1,60,tpc_commit,7.799851417541504,28795,39,1
1771374512.535644,61_1,61,tpc_commit,9.945095539093018,28795,39,1
1771374514.579052,60_1,60,tpc_commit,4.191387176513672,28795,39,1
1771374514.5816877,61_1,61,tpc_commit,2.0460333824157715,28795,39,1
1771374522.3581347,60_1,60,tpc_lock,6.17344331741333,46561,40,1
1771374524.5748749,61_1,61,tpc_lock,8.703611373901367,46561,40,1
1771374526.5881586,60_1,60,tpc_lock,4.230016231536865,46561,40,1
1771374526.5993657,61_1,61,tpc_lock,2.024482727050781,46561,40,1
1771374538.5803812,60_1,60,das_work,6.561039447784424,48258,41,1
1771374538.5860505,61_1,61,das_work,7.6872711181640625,48258,41,1
1771374546.3566926,60_1,60,tpc_commit,7.776303052902222,28795,42,1
1771374548.5228322,61_1,61,tpc_commit,9.936773777008057,28795,42,1
1771374550.5993676,60_1,60,tpc_commit,4.242666006088257,28795,42,1
1771374550.6020503,61_1,61,tpc_commit,2.0792112350463867,28795,42,1
1771374558.3502512,60_2,60,tpc_lock,7.192379713058472,46549,43,1
1771374560.5184755,61_2,61,tpc_lock,8.013469934463501,46561,43,1
1771374562.5835643,61_2,61,tpc_lock,2.0650758743286133,46561,43,1
1771374562.584143,60_2,60,tpc_lock,4.233885288238525,46549,43,1
1771374574.6055636,60_2,60,das_work,5.04197096824646,48258,44,1
1771374574.6233883,61_2,61,das_work,5.745953798294067,48258,44,1
1771374582.3887894,60_2,60,tpc_commit,7.783215522766113,28783,45,1
1771374584.5393338,61_2,61,tpc_commit,9.915938138961792,28795,45,1
1771374586.5871778,60_2,60,tpc_commit,4.1983795166015625,28783,45,1
1771374586.5938797,61_2,61,tpc_commit,2.0545356273651123,28795,45,1
1771374594.351795,60_2,60,tpc_lock,6.897589683532715,46561,46,1
1771374596.535114,61_2,61,tpc_lock,8.727802515029907,46561,46,1
1771374598.5923522,61_2,61,tpc_lock,2.057204008102417,46561,46,1
1771374598.6380017,60_2,60,tpc_lock,4.286200046539307,46561,46,1
1771374610.587124,60_2,60,das_work,4.7086567878723145,48258,47,1
1771374610.629299,61_2,61,das_work,4.0073652267456055,48258,47,1
1771374618.3507805,60_2,60,tpc_commit,7.763645887374878,28795,48,1
1771374620.524824,61_2,61,tpc_commit,9.895517349243164,28795,48,1
1771374622.5908637,60_2,60,tpc_commit,4.240076065063477,28795,48,1
1771374622.611211,61_2,61,tpc_commit,2.0863754749298096,28795,48,1
1771374630.346168,60_2,60,tpc_lock,6.483623504638672,46561,49,1
1771374632.5525398,61_2,61,tpc_lock,8.91459345817566,46561,49,1
1771374634.5731514,60_2,60,tpc_lock,4.22697639465332,46561,49,1
1771374634.5783985,61_2,61,tpc_lock,2.025850772857666,46561,49,1
1771374646.606799,61_2,61,das_work,8.591249465942383,48258,50,1
1771374646.6432333,60_2,60,das_work,4.434594869613648,48258,50,1
1771374654.3808692,60_2,60,tpc_commit,7.737625360488892,28795,51,1
1771374656.5140064,61_2,61,tpc_commit,9.907198429107666,28795,51,1
1771374658.5773127,61_2,61,tpc_commit,2.0632991790771484,28795,51,1
1771374658.5866709,60_2,60,tpc_commit,4.205791711807251,28795,51,1
1771374666.421553,60_2,60,tpc_lock,6.992691993713379,46561,52,1
1771374668.506738,61_2,61,tpc_lock,8.019566297531128,46549,52,1
1771374670.579793,60_2,60,tpc_lock,4.158230543136597,46561,52,1
1771374670.6071756,61_2,61,tpc_lock,2.100428342819214,46549,52,1
1771374682.6328678,61_2,61,das_work,10.349952459335327,48258,53,1
1771374682.6426756,60_2,60,das_work,2.8926477432250977,48258,53,1
1771374690.4093678,60_2,60,tpc_commit,7.766681432723999,28795,54,1
1771374692.5537126,61_2,61,tpc_commit,9.920834064483644,28783,54,1
1771374694.5769093,60_2,60,tpc_commit,4.167534112930298,28795,54,1
1771374694.6526046,61_2,61,tpc_commit,2.0988805294036865,28783,54,1
1771374702.340935,60_2,60,tpc_lock,6.672289848327637,46561,55,1
1771374704.529354,61_2,61,tpc_lock,8.135922193527222,46561,55,1
1771374706.5855782,60_2,60,tpc_lock,4.244636058807373,46561,55,1
1771374706.6534188,61_2,61,tpc_lock,2.1240508556365967,46561,55,1
1771374718.570264,61_2,61,das_work,8.386054754257202,48258,56,1
1771374718.635894,60_2,60,das_work,8.51200556755066,48258,56,1
1771374726.3687086,60_2,60,tpc_commit,7.732803106307983,28795,57,1
1771374728.5076504,61_2,61,tpc_commit,9.93737530708313,28795,57,1
1771374730.5795352,60_2,60,tpc_commit,4.210793733596802,28795,57,1
1771374730.5806158,61_2,61,tpc_commit,2.072958707809448,28795,57,1
1771374738.3399398,60_3,60,tpc_lock,6.67865252494812,46561,58,1
1771374740.537845,61_3,61,tpc_lock,8.920434713363647,46561,58,1
1771374742.581221,61_3,61,tpc_lock,2.0433688163757324,46561,58,1
1771374742.6209671,60_3,60,tpc_lock,4.28101921081543,46561,58,1
1771374754.57321,60_3,60,das_work,6.046290874481201,48258,59,1
1771374754.6311822,61_3,61,das_work,3.393960952758789,48258,59,1
1771374762.3597903,60_3,60,tpc_commit,7.78657078742981,28795,60,1
1771374764.539955,61_3,61,tpc_commit,9.9087655544281,28795,60,1
1771374766.6016152,60_3,60,tpc_commit,4.241817235946655,28795,60,1
1771374766.6368434,61_3,61,tpc_commit,2.0968780517578125,28795,60,1
1771374774.3853688,60_3,60,tpc_lock,6.868690490722656,46561,61,1
1771374776.504491,61_3,61,tpc_lock,8.316128969192505,46561,61,1
1771374778.576642,60_3,60,tpc_lock,4.191265821456909,46561,61,1
1771374778.6469362,61_3,61,tpc_lock,2.1424360275268555,46561,61,1
1771374790.605334,60_3,60,das_work,10.215768337249756,48258,62,1
1771374790.6204443,61_3,61,das_work,4.100140571594238,48258,62,1
1771374798.3453534,60_3,60,tpc_commit,7.739991664886475,28795,63,1
1771374800.5023575,61_3,61,tpc_commit,9.881906270980837,28795,63,1
1771374802.5698087,61_3,61,tpc_commit,2.067441701889038,28795,63,1
1771374802.6086774,60_3,60,tpc_commit,4.26331353187561,28795,63,1
1771374810.3353033,60_3,60,tpc_lock,7.024415493011475,46561,64,1
1771374812.5676656,61_3,61,tpc_lock,8.043575763702393,46561,64,1
1771374814.5810587,61_3,61,tpc_lock,2.0133843421936035,46561,64,1
1771374814.6343942,60_3,60,tpc_lock,4.299082040786743,46561,64,1
1771374826.5730484,60_3,60,das_work,10.847129344940186,48258,65,1
1771374826.589252,61_3,61,das_work,7.563318729400635,48258,65,1
1771374834.3350804,60_3,60,tpc_commit,7.762019395828247,28795,66,1
1771374836.5152483,61_3,61,tpc_commit,9.925986766815186,28795,66,1
1771374838.6021128,61_3,61,tpc_commit,2.086854219436645,28795,66,1
1771374838.6294491,60_3,60,tpc_commit,4.294361352920532,28795,66,1
1771374846.352827,60_3,60,tpc_lock,6.583030223846436,46561,67,1
1771374848.4969933,61_3,61,tpc_lock,9.342961311340332,46561,67,1
1771374850.6250608,60_3,60,tpc_lock,4.272223472595215,46561,67,1
1771374850.6309395,61_3,61,tpc_lock,2.133938789367676,46561,67,1
1771374862.5643811,60_3,60,das_work,5.730258464813232,48258,68,1
1771374862.6136584,61_3,61,das_work,10.63504409790039,48258,68,1
1771374870.3551462,60_3,60,tpc_commit,7.790756464004517,28795,69,1
1771374872.5014894,61_3,61,tpc_commit,9.88782238960266,28795,69,1
1771374874.574255,61_3,61,tpc_commit,2.0727572441101074,28795,69,1
1771374874.631812,60_3,60,tpc_commit,4.276657819747925,28795,69,1
1771374882.3960774,60_3,60,tpc_lock,5.887258291244507,46561,70,1
1771374884.5360675,61_3,61,tpc_lock,8.93857741355896,46561,70,1
1771374886.56296,61_3,61,tpc_lock,2.026883363723755,46561,70,1
1771374886.5732298,60_3,60,tpc_lock,4.177143335342407,46561,70,1
1771374898.5909293,60_3,60,das_work,5.094936847686768,48258,71,1
1771374898.6068733,61_3,61,das_work,9.817137956619264,48258,71,1
1771374906.3743997,60_3,60,tpc_commit,7.783461093902588,28795,72,1
1771374908.5190485,61_3,61,tpc_commit,9.91216802597046,28795,72,1
1771374910.5585158,61_3,61,tpc_commit,2.0394537448883057,28795,72,1
1771374910.5816984,60_3,60,tpc_commit,4.2072913646698,28795,72,1
1771374918.3259485,60_4,60,tpc_lock,5.759050130844116,46549,73,1
1771374920.515531,61_4,61,tpc_lock,8.12802243232727,46561,73,1
1771374922.5620852,61_4,61,tpc_lock,2.04654312133789,46561,73,1
1771374922.6317708,60_4,60,tpc_lock,4.305813789367676,46549,73,1
1771374934.572124,61_4,61,das_work,6.236054182052612,48258,74,1
1771374934.592825,60_4,60,das_work,3.2431252002716064,48258,74,1
1771374942.383351,60_4,60,tpc_commit,7.790518760681152,28783,75,1
1771374944.5296087,61_4,61,tpc_commit,9.957477807998655,28795,75,1
1771374946.565972,61_4,61,tpc_commit,2.036353826522827,28795,75,1
1771374946.5989113,60_4,60,tpc_commit,4.215550184249878,28783,75,1
1771374954.3302343,60_4,60,tpc_lock,6.188248157501221,46561,76,1
1771374956.5338037,61_4,61,tpc_lock,8.194048881530762,46561,76,1
1771374958.5594935,61_4,61,tpc_lock,2.025679588317871,46561,76,1
1771374958.586754,60_4,60,tpc_lock,4.2565085887908936,46561,76,1
1771374970.5584111,61_4,61,das_work,10.925251722335815,48258,77,1
1771374970.6100345,60_4,60,das_work,9.914526462554932,48258,77,1
1771374978.338384,60_4,60,tpc_commit,7.728338718414307,28795,78,1
1771374980.48961,61_4,61,tpc_commit,9.931189060211182,28795,78,1
1771374982.5490224,61_4,61,tpc_commit,2.0594043731689453,28795,78,1
1771374982.5609877,60_4,60,tpc_commit,4.222593545913696,28795,78,1
1771374990.3823822,60_4,60,tpc_lock,6.262810230255127,46561,79,1
1771374992.509146,61_4,61,tpc_lock,9.237189769744871,46561,79,1
1771374994.5534668,60_4,60,tpc_lock,4.171074867248535,46561,79,1
1771374994.6085274,61_4,61,tpc_lock,2.099374294281006,46561,79,1
1771375006.5605657,60_4,60,das_work,5.185646057128906,48258,80,1
1771375006.5626998,61_4,61,das_work,8.775152206420898,48258,80,1
1771375014.318362,60_4,60,tpc_commit,7.757785081863403,28795,81,1
1771375016.5661402,61_4,61,tpc_commit,10.00343132019043,28795,81,1
1771375018.6293387,60_4,60,tpc_commit,4.310967206954956,28795,81,1
1771375018.6362128,61_4,61,tpc_commit,2.070064783096313,28795,81,1
1771375026.3787827,60_4,60,tpc_lock,6.591379880905151,46561,82,1
1771375028.5111475,61_4,61,tpc_lock,8.339528322219849,46561,82,1
1771375030.5555449,61_4,61,tpc_lock,2.044386863708496,46561,82,1
1771375030.589998,60_4,60,tpc_lock,4.211206436157227,46561,82,1
1771375042.565122,61_4,61,das_work,7.680915355682373,48258,83,1
1771375042.611812,60_4,60,das_work,8.16525912284851,48258,83,1
1771375050.3729916,60_4,60,tpc_commit,7.761167287826538,28795,84,1
1771375052.5082974,61_4,61,tpc_commit,9.943166017532349,28795,84,1
1771375054.5353532,61_4,61,tpc_commit,2.027047872543335,28795,84,1
1771375054.5886953,60_4,60,tpc_commit,4.215691089630127,28795,84,1
1771375062.3138533,60_4,60,tpc_lock,5.871756076812744,46549,85,1
1771375064.4736223,61_4,61,tpc_lock,8.931295156478882,46561,85,1
1771375066.5332818,61_4,61,tpc_lock,2.059648275375366,46561,85,1
1771375066.5679953,60_4,60,tpc_lock,4.254133939743042,46549,85,1
1771375078.5229096,60_4,60,das_work,5.233101844787598,48258,86,1
1771375078.5315108,61_4,61,das_work,7.479012727737427,48258,86,1
1771375086.3052692,60_4,60,tpc_commit,7.782346963882446,28783,87,1
1771375088.5444388,61_4,61,tpc_commit,10.012917041778564,28795,87,1
1771375090.5087926,61_4,61,tpc_commit,1.9643421173095703,28795,87,1
1771375090.5608244,60_4,60,tpc_commit,4.25554633140564,28783,87,1
1771374198.396468,62_0,62,tpc_lock,11.239100694656372,46561,13,1
1771374200.5413315,63_0,63,tpc_lock,11.626738548278809,46561,13,1
1771374202.5880125,63_0,63,tpc_lock,2.046672344207764,46561,13,1
1771374202.5928457,62_0,62,tpc_lock,4.196370124816895,46561,13,1
1771374214.6209178,62_0,62,das_work,10.521437883377075,48258,14,1
1771374214.6639574,63_0,63,das_work,3.7596709728240967,48258,14,1
1771374222.4445083,62_0,62,tpc_commit,7.8235790729522705,28795,15,1
1771374224.6054523,63_0,63,tpc_commit,9.941479921340942,28795,15,1
1771374226.625562,63_0,63,tpc_commit,2.020099639892578,28795,15,1
1771374226.6481936,62_0,62,tpc_commit,4.203676462173462,28795,15,1
1771374234.392161,62_0,62,tpc_lock,7.096819877624512,46549,16,1
1771374236.6158698,63_0,63,tpc_lock,9.25208592414856,46561,16,1
1771374238.6269376,62_0,62,tpc_lock,4.234770059585571,46549,16,1
1771374238.701291,63_0,63,tpc_lock,2.085411310195923,46561,16,1
1771374250.6120114,62_0,62,das_work,4.726063013076782,48258,17,1
1771374250.6381054,63_0,63,das_work,7.538562059402466,48258,17,1
1771374258.3848436,62_0,62,tpc_commit,7.772820472717285,28783,18,1
1771374260.5890284,63_0,63,tpc_commit,9.95091438293457,28795,18,1
1771374262.6271474,63_0,63,tpc_commit,2.038106679916382,28795,18,1
1771374262.6597311,62_0,62,tpc_commit,4.274877309799194,28783,18,1
1771374270.4097743,62_0,62,tpc_lock,5.961749792098999,46561,19,1
1771374272.5445406,63_0,63,tpc_lock,8.858011960983276,46561,19,1
1771374274.6175568,63_0,63,tpc_lock,2.073007106781006,46561,19,1
1771374274.7397754,62_0,62,tpc_lock,4.32999062538147,46561,19,1
1771374286.6058023,62_0,62,das_work,5.800300359725952,48258,20,1
1771374286.653412,63_0,63,das_work,9.39433455467224,48258,20,1
1771374294.3965356,62_0,62,tpc_commit,7.790719747543335,28795,21,1
1771374296.576401,63_0,63,tpc_commit,9.922977209091188,28795,21,1
1771374298.6463337,63_0,63,tpc_commit,2.0699245929718018,28795,21,1
1771374298.6941288,62_0,62,tpc_commit,4.297580242156982,28795,21,1
1771374306.387337,62_0,62,tpc_lock,7.08423924446106,46561,22,1
1771374308.5375354,63_0,63,tpc_lock,8.020730257034302,46561,22,1
1771374310.6247215,62_0,62,tpc_lock,4.237374305725098,46561,22,1
1771374310.692161,63_0,63,tpc_lock,2.1546151638031006,46561,22,1
1771374322.6336527,63_0,63,das_work,8.195673942565918,48258,23,1
1771374322.6479874,62_0,62,das_work,10.95375394821167,48258,23,1
1771374330.3776126,62_0,62,tpc_commit,7.729613065719604,28795,24,1
1771374332.5518656,63_0,63,tpc_commit,9.9182026386261,28795,24,1
1771374334.6754694,63_0,63,tpc_commit,2.123595952987671,28795,24,1
1771374334.6886864,62_0,62,tpc_commit,4.311062812805176,28795,24,1
1771374342.3840213,62_0,62,tpc_lock,6.372683048248291,46561,25,1
1771374344.540562,63_0,63,tpc_lock,9.055901527404783,46561,25,1
1771374346.6921246,63_0,63,tpc_lock,2.151552438735962,46561,25,1
1771374346.6988802,62_0,62,tpc_lock,4.31484842300415,46561,25,1
1771374358.621783,63_0,63,das_work,2.914135456085205,48258,26,1
1771374358.6676643,62_0,62,das_work,9.453096389770508,48258,26,1
1771374366.3827343,62_0,62,tpc_commit,7.715060710906982,28795,27,1
1771374368.5498245,63_0,63,tpc_commit,9.928028583526611,28795,27,1
1771374370.6285777,63_0,63,tpc_commit,2.0787429809570312,28795,27,1
1771374370.6343288,62_0,62,tpc_commit,4.251587390899658,28795,27,1
1771374378.3695524,62_1,62,tpc_lock,7.172756671905518,46561,28,1
1771374380.6048162,63_1,63,tpc_lock,9.202219009399414,46561,28,1
1771374382.677241,63_1,63,tpc_lock,2.072415351867676,46561,28,1
1771374382.680992,62_1,62,tpc_lock,4.311430215835571,46561,28,1
1771374394.6740646,62_1,62,das_work,9.969938278198242,48258,29,1
1771374394.6915271,63_1,63,das_work,4.559320688247681,48258,29,1
1771374402.391869,62_1,62,tpc_commit,7.717793941497803,28795,30,1
1771374404.538597,63_1,63,tpc_commit,9.84705924987793,28795,30,1
1771374406.6373482,62_1,62,tpc_commit,4.245470285415649,28795,30,1
1771374406.692842,63_1,63,tpc_commit,2.154237508773804,28795,30,1
1771374414.36433,62_1,62,tpc_lock,6.905304193496704,46549,31,1
1771374416.5357423,63_1,63,tpc_lock,8.559371948242188,46561,31,1
1771374418.5950322,62_1,62,tpc_lock,4.230690956115723,46549,31,1
1771374418.6402247,63_1,63,tpc_lock,2.104473352432251,46561,31,1
1771374430.589802,63_1,63,das_work,8.781248331069946,48258,32,1
1771374430.6470914,62_1,62,das_work,3.4834601879119877,48258,32,1
1771374438.4129508,62_1,62,tpc_commit,7.765849590301514,28783,33,1
1771374440.5347338,63_1,63,tpc_commit,9.944923877716064,28795,33,1
1771374442.6686096,63_1,63,tpc_commit,2.133864641189575,28795,33,1
1771374442.6938949,62_1,62,tpc_commit,4.2809367179870605,28783,33,1
1771374450.4087412,62_1,62,tpc_lock,6.67119574546814,46561,34,1
1771374452.5483518,63_1,63,tpc_lock,8.23766016960144,46561,34,1
1771374454.5918891,62_1,62,tpc_lock,4.183138132095337,46561,34,1
1771374454.5983973,63_1,63,tpc_lock,2.0500376224517822,46561,34,1
1771374466.588166,62_1,62,das_work,6.077936410903931,48258,35,1
1771374466.5966754,63_1,63,das_work,8.340242385864258,48258,35,1
1771374474.358759,62_1,62,tpc_commit,7.770579099655151,28795,36,1
1771374476.529357,63_1,63,tpc_commit,9.932673454284668,28795,36,1
1771374478.5900362,63_1,63,tpc_commit,2.0606689453125,28795,36,1
1771374478.6427934,62_1,62,tpc_commit,4.284026622772217,28795,36,1
1771374486.3577845,62_1,62,tpc_lock,6.993359565734863,46561,37,1
1771374488.5406492,63_1,63,tpc_lock,9.237043619155884,46561,37,1
1771374490.592908,62_1,62,tpc_lock,4.235113620758057,46561,37,1
1771374490.6363828,63_1,63,tpc_lock,2.095721960067749,46561,37,1
1771374502.5841198,63_1,63,das_work,3.280513286590576,48258,38,1
1771374502.5966403,62_1,62,das_work,8.740233182907104,48258,38,1
1771374510.3888266,62_1,62,tpc_commit,7.792174816131592,28795,39,1
1771374512.587251,63_1,63,tpc_commit,10.003122568130491,28795,39,1
1771374514.582173,62_1,62,tpc_commit,4.1933369636535645,28795,39,1
1771374514.6148362,63_1,63,tpc_commit,2.0275747776031494,28795,39,1
1771374522.386562,62_1,62,tpc_lock,7.079638957977295,46561,40,1
1771374524.5530746,63_1,63,tpc_lock,9.32363748550415,46561,40,1
1771374526.5869422,62_1,62,tpc_lock,4.2003679275512695,46561,40,1
1771374526.6443338,63_1,63,tpc_lock,2.091249942779541,46561,40,1
1771374538.5862153,63_1,63,das_work,7.142208099365234,48258,41,1
1771374538.6280591,62_1,62,das_work,10.33843445777893,48258,41,1
1771374546.3882654,62_1,62,tpc_commit,7.76019549369812,28795,42,1
1771374548.5995944,63_1,63,tpc_commit,10.013370990753174,28795,42,1
1771374550.6064742,62_1,62,tpc_commit,4.218195676803589,28795,42,1
1771374550.628989,63_1,63,tpc_commit,2.029384136199951,28795,42,1
1771374558.3502357,62_2,62,tpc_lock,6.821904182434082,46549,43,1
1771374560.5877516,63_2,63,tpc_lock,9.160773038864136,46561,43,1
1771374562.5956042,62_2,62,tpc_lock,4.245361566543579,46549,43,1
1771374562.6278856,63_2,63,tpc_lock,2.040123701095581,46561,43,1
1771374574.587578,63_2,63,das_work,9.187769412994385,48258,44,1
1771374574.6556628,62_2,62,das_work,2.262854814529419,48258,44,1
1771374582.3923752,62_2,62,tpc_commit,7.736701488494873,28783,45,1
1771374584.5268574,63_2,63,tpc_commit,9.9392671585083,28795,45,1
1771374586.5807147,63_2,63,tpc_commit,2.053849458694458,28795,45,1
1771374586.5819526,62_2,62,tpc_commit,4.189566373825073,28783,45,1
1771374594.3847828,62_2,62,tpc_lock,6.682805776596069,46561,46,1
1771374596.5405772,63_2,63,tpc_lock,9.435949563980104,46561,46,1
1771374598.586724,63_2,63,tpc_lock,2.0461370944976807,46561,46,1
1771374598.5887532,62_2,62,tpc_lock,4.203960418701172,46561,46,1
1771374610.6410322,62_2,62,das_work,4.285248517990112,48258,47,1
1771374610.647758,63_2,63,das_work,7.805720567703247,48258,47,1
1771374618.3813214,62_2,62,tpc_commit,7.740278959274292,28795,48,1
1771374620.5300014,63_2,63,tpc_commit,9.88223433494568,28795,48,1
1771374622.5740657,63_2,63,tpc_commit,2.044027328491211,28795,48,1
1771374622.6361215,62_2,62,tpc_commit,4.254791021347046,28795,48,1
1771374630.3854382,62_2,62,tpc_lock,6.723297834396362,46561,49,1
1771374632.5272684,63_2,63,tpc_lock,8.661887407302856,46561,49,1
1771374634.5832002,62_2,62,tpc_lock,4.19775390625,46561,49,1
1771374634.585219,63_2,63,tpc_lock,2.0579419136047363,46561,49,1
1771374646.5799198,63_2,63,das_work,6.674830675125122,48258,50,1
1771374646.6387346,62_2,62,das_work,7.467412233352661,48258,50,1
1771374654.3822434,62_2,62,tpc_commit,7.743499040603638,28795,51,1
1771374656.5743444,63_2,63,tpc_commit,9.994415760040283,28795,51,1
1771374658.6367626,62_2,62,tpc_commit,4.254509687423706,28795,51,1
1771374658.6397278,63_2,63,tpc_commit,2.0653738975524902,28795,51,1
1771374666.4257653,62_2,62,tpc_lock,5.968109369277954,46561,52,1
1771374668.5418887,63_2,63,tpc_lock,8.309930562973022,46561,52,1
1771374670.5771985,62_2,62,tpc_lock,4.151388168334961,46561,52,1
1771374670.5883458,63_2,63,tpc_lock,2.0464491844177246,46561,52,1
1771374682.589439,63_2,63,das_work,8.53460168838501,48258,53,1
1771374682.6343205,62_2,62,das_work,7.576661109924316,48258,53,1
1771374690.4090035,62_2,62,tpc_commit,7.774675130844116,28795,54,1
1771374692.5673914,63_2,63,tpc_commit,9.977941513061523,28795,54,1
1771374694.593007,62_2,62,tpc_commit,4.183994293212891,28795,54,1
1771374694.6126485,63_2,63,tpc_commit,2.0452473163604736,28795,54,1
1771374702.3503668,62_2,62,tpc_lock,6.97422194480896,46561,55,1
1771374704.563025,63_2,63,tpc_lock,8.821316957473755,46561,55,1
1771374706.5780015,62_2,62,tpc_lock,4.227627754211426,46561,55,1
1771374706.624558,63_2,63,tpc_lock,2.0615227222442627,46561,55,1
1771374718.602668,62_2,62,das_work,10.734509229660034,48258,56,1
1771374718.6342454,63_2,63,das_work,5.443514108657837,48258,56,1
1771374726.3879857,62_2,62,tpc_commit,7.785307884216309,28795,57,1
1771374728.5318942,63_2,63,tpc_commit,9.89763879776001,28795,57,1
1771374730.5685446,62_2,62,tpc_commit,4.180551290512085,28795,57,1
1771374730.5748308,63_2,63,tpc_commit,2.0429275035858154,28795,57,1
1771374738.3937275,62_3,62,tpc_lock,7.2888994216918945,46561,58,1
1771374740.5239706,63_3,63,tpc_lock,9.026920795440674,46561,58,1
1771374742.598015,63_3,63,tpc_lock,2.0740349292755127,46561,58,1
1771374742.633782,62_3,62,tpc_lock,4.2400453090667725,46561,58,1
1771374754.565385,62_3,62,das_work,5.541213750839233,48258,59,1
1771374754.6362846,63_3,63,das_work,7.878211975097656,48258,59,1
1771374762.3411186,62_3,62,tpc_commit,7.775723457336426,28795,60,1
1771374764.5350876,63_3,63,tpc_commit,9.898791074752808,28795,60,1
1771374766.58487,62_3,62,tpc_commit,4.243740797042847,28795,60,1
1771374766.627467,63_3,63,tpc_commit,2.092370748519897,28795,60,1
1771374774.3587084,62_3,62,tpc_lock,7.010002374649048,46561,61,1
1771374776.5104537,63_3,63,tpc_lock,8.453331708908081,46561,61,1
1771374778.5682137,62_3,62,tpc_lock,4.209495544433594,46561,61,1
1771374778.5716152,63_3,63,tpc_lock,2.061152935028076,46561,61,1
1771374790.5623891,63_3,63,das_work,10.010481357574465,48258,62,1
1771374790.569741,62_3,62,das_work,2.5599441528320312,48258,62,1
1771374798.3438978,62_3,62,tpc_commit,7.774145364761352,28795,63,1
1771374800.564202,63_3,63,tpc_commit,10.00180459022522,28795,63,1
1771374802.559232,62_3,62,tpc_commit,4.2153236865997314,28795,63,1
1771374802.6172533,63_3,63,tpc_commit,2.052984952926636,28795,63,1
1771374810.385331,62_3,62,tpc_lock,6.19313645362854,46561,64,1
1771374812.5236037,63_3,63,tpc_lock,8.11435055732727,46561,64,1
1771374814.564751,62_3,62,tpc_lock,4.1794114112854,46561,64,1
1771374814.6097777,63_3,63,tpc_lock,2.0861639976501465,46561,64,1
1771374826.5799384,63_3,63,das_work,2.6431210041046143,48258,65,1
1771374826.589877,62_3,62,das_work,7.292457580566406,48258,65,1
1771374834.391187,62_3,62,tpc_commit,7.801300287246704,28795,66,1
1771374836.5420623,63_3,63,tpc_commit,9.962114095687866,28795,66,1
1771374838.564768,63_3,63,tpc_commit,2.022695541381836,28795,66,1
1771374838.569163,62_3,62,tpc_commit,4.177966117858887,28795,66,1
1771374846.355048,62_3,62,tpc_lock,5.899584770202637,46561,67,1
1771374848.5072,63_3,63,tpc_lock,8.537649631500244,46561,67,1
1771374850.604058,62_3,62,tpc_lock,4.249001264572144,46561,67,1
1771374850.6064377,63_3,63,tpc_lock,2.0992298126220703,46561,67,1
1771374862.6130185,63_3,63,das_work,5.254159688949585,48258,68,1
1771374862.640315,62_3,62,das_work,9.575268507003784,48258,68,1
1771374870.3885183,62_3,62,tpc_commit,7.748190641403198,28795,69,1
1771374872.5021536,63_3,63,tpc_commit,9.889127731323242,28795,69,1
1771374874.5557082,62_3,62,tpc_commit,4.167179822921753,28795,69,1
1771374874.5619104,63_3,63,tpc_commit,2.059744119644165,28795,69,1
1771374882.3304377,62_3,62,tpc_lock,6.412344217300415,46561,70,1
1771374884.5729067,63_3,63,tpc_lock,8.140647888183594,46561,70,1
1771374886.5565004,62_3,62,tpc_lock,4.226055145263672,46561,70,1
1771374886.5879693,63_3,63,tpc_lock,2.0150516033172607,46561,70,1
1771374898.5600538,62_3,62,das_work,9.186442375183104,48258,71,1
1771374898.6126134,63_3,63,das_work,9.818409204483032,48258,71,1
1771374906.33,62_3,62,tpc_commit,7.769933700561523,28795,72,1
1771374908.5213823,63_3,63,tpc_commit,9.908758401870728,28795,72,1
1771374910.601394,63_3,63,tpc_commit,2.080005168914795,28795,72,1
1771374910.6061134,62_3,62,tpc_commit,4.276105880737305,28795,72,1
1771374918.3257573,62_4,62,tpc_lock,6.457394123077393,46561,73,1
1771374920.513521,63_4,63,tpc_lock,8.53121566772461,46561,73,1
1771374922.5989316,63_4,63,tpc_lock,2.085402250289917,46561,73,1
1771374922.601836,62_4,62,tpc_lock,4.27607011795044,46561,73,1
1771374934.5884004,63_4,63,das_work,3.5652735233306885,48258,74,1
1771374934.6032522,62_4,62,das_work,8.702427864074707,48258,74,1
1771374942.398561,62_4,62,tpc_commit,7.795300245285034,28795,75,1
1771374944.540917,63_4,63,tpc_commit,9.952507495880129,28795,75,1
1771374946.5622802,63_4,63,tpc_commit,2.0213558673858643,28795,75,1
1771374946.5855682,62_4,62,tpc_commit,4.186998605728149,28795,75,1
1771374954.3811889,62_4,62,tpc_lock,6.159987688064575,46561,76,1
1771374956.554072,63_4,63,tpc_lock,8.006396055221558,46561,76,1
1771374958.576116,62_4,62,tpc_lock,4.194917440414429,46561,76,1
1771374958.6435554,63_4,63,tpc_lock,2.089473962783813,46561,76,1
1771374970.566959,63_4,63,das_work,10.205077648162842,48258,77,1
1771374970.6154263,62_4,62,das_work,8.809637546539307,48258,77,1
1771374978.3756478,62_4,62,tpc_commit,7.760213375091553,28795,78,1
1771374980.522794,63_4,63,tpc_commit,9.955827236175535,28795,78,1
1771374982.574032,62_4,62,tpc_commit,4.198375940322876,28795,78,1
1771374982.6069837,63_4,63,tpc_commit,2.084179401397705,28795,78,1
1771374990.3662376,62_4,62,tpc_lock,6.268678665161133,46537,79,1
1771374992.4861684,63_4,63,tpc_lock,9.32654356956482,46561,79,1
1771374994.554464,63_4,63,tpc_lock,2.068287134170532,46561,79,1
1771374994.5814488,62_4,62,tpc_lock,4.215200901031494,46537,79,1
1771375006.564213,62_4,62,das_work,2.3955745697021484,48258,80,1
1771375006.6179426,63_4,63,das_work,7.650297403335571,48258,80,1
1771375014.358089,62_4,62,tpc_commit,7.79386830329895,28771,81,1
1771375016.5487676,63_4,63,tpc_commit,9.930813550949097,28795,81,1
1771375018.5608213,62_4,62,tpc_commit,4.20272159576416,28771,81,1
1771375018.614153,63_4,63,tpc_commit,2.0653746128082275,28795,81,1
1771375026.3770542,62_4,62,tpc_lock,7.308441400527954,46561,82,1
1771375028.484388,63_4,63,tpc_lock,8.649284601211548,46561,82,1
1771375030.555866,62_4,62,tpc_lock,4.178804397583008,46561,82,1
1771375030.597101,63_4,63,tpc_lock,2.1127028465271,46561,82,1
1771375042.5601218,63_4,63,das_work,8.409067869186401,48258,83,1
1771375042.5850337,62_4,62,das_work,7.063911437988281,48258,83,1
1771375050.3722498,62_4,62,tpc_commit,7.78720498085022,28795,84,1
1771375052.5086153,63_4,63,tpc_commit,9.948482275009155,28795,84,1
1771375054.5487142,63_4,63,tpc_commit,2.040091037750244,28795,84,1
1771375054.5606945,62_4,62,tpc_commit,4.188434362411499,28795,84,1
1771375062.322641,62_4,62,tpc_lock,6.375369071960449,46561,85,1
1771375064.5243845,63_4,63,tpc_lock,8.518801927566528,46561,85,1
1771375066.5244186,63_4,63,tpc_lock,2.0000221729278564,46561,85,1
1771375066.5830524,62_4,62,tpc_lock,4.260403633117676,46561,85,1
1771375078.520229,62_4,62,das_work,8.204161643981934,48258,86,1
1771375078.531196,63_4,63,das_work,9.643468618392944,48258,86,1
1771375086.3769104,62_4,62,tpc_commit,7.856673240661621,28795,87,1
1771375088.5467453,63_4,63,tpc_commit,10.015539407730104,28795,87,1
1771375090.5119808,63_4,63,tpc_commit,1.9652252197265625,28795,87,1
1771375090.5320528,62_4,62,tpc_commit,4.155113697052002,28795,87,1
1771374200.6025558,65_0,65,tpc_lock,9.1348237991333,46561,13,1
1771374202.6279871,65_0,65,tpc_lock,2.0254218578338623,46561,13,1
1771374210.381674,64_0,64,tpc_lock,9.055405378341677,46561,14,1
1771374214.654516,65_0,65,das_work,4.586587190628052,48258,14,1
1771374214.661459,64_0,64,tpc_lock,4.279778480529785,46561,14,1
1771374224.5784976,65_0,65,tpc_commit,9.923969984054564,28795,15,1
1771374226.6265595,64_0,64,das_work,9.018126487731934,48258,15,1
1771374226.680892,65_0,65,tpc_commit,2.102380990982056,28795,15,1
1771374234.4384975,64_0,64,tpc_commit,7.811925649642944,28795,16,1
1771374236.6219976,65_0,65,tpc_lock,8.318990707397461,46561,16,1
1771374238.6089392,64_0,64,tpc_commit,4.170433282852173,28795,16,1
1771374238.7237022,65_0,65,tpc_lock,2.101694107055664,46561,16,1
1771374246.4206324,64_0,64,tpc_lock,7.085747241973877,46561,17,1
1771374250.6136997,65_0,65,das_work,9.800500631332396,48258,17,1
1771374250.6308186,64_0,64,tpc_lock,4.210176229476929,46561,17,1
1771374260.570289,65_0,65,tpc_commit,9.956579208374023,28795,18,1
1771374262.628605,64_0,64,das_work,3.391005277633667,48258,18,1
1771374262.6511986,65_0,65,tpc_commit,2.0809011459350586,28795,18,1
1771374270.4390576,64_0,64,tpc_commit,7.810439825057983,28795,19,1
1771374272.5990984,65_0,65,tpc_lock,8.63732647895813,46561,19,1
1771374274.606164,65_0,65,tpc_lock,2.0070555210113525,46561,19,1
1771374274.645376,64_0,64,tpc_commit,4.206308364868164,28795,19,1
1771374282.438218,64_0,64,tpc_lock,6.481544733047485,46561,20,1
1771374286.6458614,64_0,64,tpc_lock,4.207634210586548,46561,20,1
1771374286.6650794,65_0,65,das_work,10.843783617019652,48258,20,1
1771374296.583088,65_0,65,tpc_commit,9.917996406555176,28795,21,1
1771374298.6475754,65_0,65,tpc_commit,2.0644752979278564,28795,21,1
1771374298.699227,64_0,64,das_work,7.263195753097534,48258,21,1
1771374306.3767571,64_0,64,tpc_commit,7.677517890930176,28795,22,1
1771374308.6215937,65_0,65,tpc_lock,8.930577993392944,46549,22,1
1771374310.606886,64_0,64,tpc_commit,4.230118751525879,28795,22,1
1771374310.6304984,65_0,65,tpc_lock,2.008894443511963,46549,22,1
1771374318.4521222,64_0,64,tpc_lock,5.866103649139404,46561,23,1
1771374322.6270666,65_0,65,das_work,3.196000099182129,48258,23,1
1771374322.6605136,64_0,64,tpc_lock,4.208379507064819,46561,23,1
1771374332.5617423,65_0,65,tpc_commit,9.934665203094482,28783,24,1
1771374334.6277378,65_0,65,tpc_commit,2.065985679626465,28783,24,1
1771374334.6864164,64_0,64,das_work,2.414577007293701,48258,24,1
1771374342.439397,64_0,64,tpc_commit,7.75297212600708,28795,25,1
1771374344.5359502,65_0,65,tpc_lock,9.050817489624023,46561,25,1
1771374346.5987077,65_0,65,tpc_lock,2.0627477169036865,46561,25,1
1771374346.6246333,64_0,64,tpc_commit,4.185228109359741,28795,25,1
1771374354.4359808,64_0,64,tpc_lock,6.592202663421631,46561,26,1
1771374358.60574,64_0,64,tpc_lock,4.1697492599487305,46561,26,1
1771374358.650499,65_0,65,das_work,5.566289663314819,48258,26,1
1771374368.541505,65_0,65,tpc_commit,9.890995264053345,28795,27,1
1771374370.6275048,65_0,65,tpc_commit,2.0859909057617188,28795,27,1
1771374370.643778,64_0,64,das_work,9.347262382507324,48258,27,1
1771374378.369074,64_0,64,tpc_commit,7.7252867221832275,28795,28,1
1771374380.5732062,65_1,65,tpc_lock,9.439335346221924,46549,28,1
1771374382.6089714,65_1,65,tpc_lock,2.035757541656494,46549,28,1
1771374382.6361363,64_0,64,tpc_commit,4.267053842544556,28795,28,1
1771374390.439541,64_1,64,tpc_lock,5.96778678894043,46561,29,1
1771374394.5987885,65_1,65,das_work,3.608693599700928,48258,29,1
1771374394.6845224,64_1,64,tpc_lock,4.244969844818115,46561,29,1
1771374404.534823,65_1,65,tpc_commit,9.936023950576782,28783,30,1
1771374406.5985918,64_1,64,das_work,9.72246479988098,48258,30,1
1771374406.6121733,65_1,65,tpc_commit,2.0772924423217773,28783,30,1
1771374414.375059,64_1,64,tpc_commit,7.776459693908691,28795,31,1
1771374416.5674827,65_1,65,tpc_lock,8.140262842178345,46561,31,1
1771374418.5974257,64_1,64,tpc_commit,4.222356557846069,28795,31,1
1771374418.604494,65_1,65,tpc_lock,2.0369997024536133,46561,31,1
1771374426.4163258,64_1,64,tpc_lock,6.896081924438477,46561,32,1
1771374430.6218855,65_1,65,das_work,5.206314325332642,48258,32,1
1771374430.6727948,64_1,64,tpc_lock,4.256459474563599,46561,32,1
1771374440.5530314,65_1,65,tpc_commit,9.931135654449465,28795,33,1
1771374442.6164615,64_1,64,das_work,10.56849193572998,48258,33,1
1771374442.6196015,65_1,65,tpc_commit,2.066560983657837,28795,33,1
1771374450.4311695,64_1,64,tpc_commit,7.814699172973633,28795,34,1
1771374452.5462532,65_1,65,tpc_lock,8.648379802703857,46549,34,1
1771374454.593084,64_1,64,tpc_commit,4.161904573440552,28795,34,1
1771374454.606561,65_1,65,tpc_lock,2.060300350189209,46549,34,1
1771374462.4105878,64_1,64,tpc_lock,6.777865648269653,46561,35,1
1771374466.6379497,65_1,65,das_work,9.422760009765623,48258,35,1
1771374466.6548924,64_1,64,tpc_lock,4.244295358657837,46561,35,1
1771374476.5549698,65_1,65,tpc_commit,9.917009830474854,28783,36,1
1771374478.625388,64_1,64,das_work,6.003034114837647,48258,36,1
1771374478.6519222,65_1,65,tpc_commit,2.0969412326812744,28783,36,1
1771374486.4277833,64_1,64,tpc_commit,7.80238151550293,28795,37,1
1771374488.5394228,65_1,65,tpc_lock,8.098224401473999,46561,37,1
1771374490.630171,64_1,64,tpc_commit,4.202376127243042,28795,37,1
1771374490.6812346,65_1,65,tpc_lock,2.141803979873657,46561,37,1
1771374498.4165251,64_1,64,tpc_lock,6.168599367141724,46561,38,1
1771374502.6088414,65_1,65,das_work,10.820680141448976,48258,38,1
1771374502.6468298,64_1,64,tpc_lock,4.230291128158569,46561,38,1
1771374512.5312977,65_1,65,tpc_commit,9.922446489334106,28795,39,1
1771374514.5947251,65_1,65,tpc_commit,2.063417196273804,28795,39,1
1771374514.6057022,64_1,64,das_work,4.186371088027954,48258,39,1
1771374522.4196186,64_1,64,tpc_commit,7.813908100128174,28795,40,1
1771374524.5661194,65_1,65,tpc_lock,8.33777642250061,46549,40,1
1771374526.5951226,65_1,65,tpc_lock,2.028991460800171,46549,40,1
1771374526.6717217,64_1,64,tpc_commit,4.252095460891724,28795,40,1
1771374534.4101405,64_1,64,tpc_lock,6.1881279945373535,46561,41,1
1771374538.585722,65_1,65,das_work,4.200621604919434,48258,41,1
1771374538.6205554,64_1,64,tpc_lock,4.210402965545654,46561,41,1
1771374548.6023066,65_1,65,tpc_commit,10.016574144363403,28783,42,1
1771374550.5852966,64_1,64,das_work,10.11905598640442,48258,42,1
1771374550.6315863,65_1,65,tpc_commit,2.02927041053772,28783,42,1
1771374558.3513362,64_1,64,tpc_commit,7.766031503677368,28795,43,1
1771374560.5492048,65_2,65,tpc_lock,8.71128511428833,46561,43,1
1771374562.5904324,64_1,64,tpc_commit,4.239088773727417,28795,43,1
1771374562.6116529,65_2,65,tpc_lock,2.0624403953552246,46561,43,1
1771374570.3882651,64_2,64,tpc_lock,7.083600997924805,46561,44,1
1771374574.5866342,64_2,64,tpc_lock,4.19835638999939,46561,44,1
1771374574.599507,65_2,65,das_work,10.26353359222412,48258,44,1
1771374584.529009,65_2,65,tpc_commit,9.929494380950928,28795,45,1
1771374586.5796578,65_2,65,tpc_commit,2.0506391525268555,28795,45,1
1771374586.5869513,64_2,64,das_work,10.217235565185549,48258,45,1
1771374594.4344988,64_2,64,tpc_commit,7.847537517547607,28795,46,1
1771374596.531993,65_2,65,tpc_lock,9.134043216705322,46561,46,1
1771374598.5873103,65_2,65,tpc_lock,2.055307388305664,46561,46,1
1771374598.638772,64_2,64,tpc_commit,4.204262971878052,28795,46,1
1771374606.4243522,64_2,64,tpc_lock,6.703856945037842,46561,47,1
1771374610.5859988,65_2,65,das_work,9.749502658843994,48258,47,1
1771374610.6588798,64_2,64,tpc_lock,4.234520196914673,46561,47,1
1771374620.5923913,65_2,65,tpc_commit,10.006381750106812,28795,48,1
1771374622.577696,65_2,65,tpc_commit,1.985292911529541,28795,48,1
1771374622.5818484,64_2,64,das_work,10.645009994506836,48258,48,1
1771374630.3459766,64_2,64,tpc_commit,7.764119863510132,28795,49,1
1771374632.5969331,65_2,65,tpc_lock,9.151078939437866,46561,49,1
1771374634.5888965,64_2,64,tpc_commit,4.242912769317627,28795,49,1
1771374634.599972,65_2,65,tpc_lock,2.003023862838745,46561,49,1
1771374642.3541822,64_2,64,tpc_lock,6.289170503616333,46561,50,1
1771374646.5908208,64_2,64,tpc_lock,4.2366273403167725,46561,50,1
1771374646.643648,65_2,65,das_work,9.924880504608154,48258,50,1
1771374656.552515,65_2,65,tpc_commit,9.908856868743896,28795,51,1
1771374658.5813594,64_2,64,das_work,10.065528631210327,48258,51,1
1771374658.6356833,65_2,65,tpc_commit,2.0831570625305176,28795,51,1
1771374666.3432667,64_2,64,tpc_commit,7.76189923286438,28795,52,1
1771374668.5080476,65_2,65,tpc_lock,9.13290548324585,46561,52,1
1771374670.6186628,64_2,64,tpc_commit,4.275385618209839,28795,52,1
1771374670.628815,65_2,65,tpc_lock,2.120756149291992,46561,52,1
1771374678.4182537,64_2,64,tpc_lock,6.67600154876709,46561,53,1
1771374682.5857716,65_2,65,das_work,2.2777228355407715,48258,53,1
1771374682.6140096,64_2,64,tpc_lock,4.195747375488281,46561,53,1
1771374692.5290754,65_2,65,tpc_commit,9.943292617797852,28795,54,1
1771374694.589012,64_2,64,das_work,8.096736907958984,48258,54,1
1771374694.5988169,65_2,65,tpc_commit,2.0697312355041504,28795,54,1
1771374702.3416717,64_2,64,tpc_commit,7.75264835357666,28795,55,1
1771374704.5748506,65_2,65,tpc_lock,8.652832508087158,46561,55,1
1771374706.6257746,64_2,64,tpc_commit,4.284092903137207,28795,55,1
1771374706.626562,65_2,65,tpc_lock,2.051699161529541,46561,55,1
1771374714.4102223,64_2,64,tpc_lock,6.194925308227539,46561,56,1
1771374718.570994,65_2,65,das_work,10.33826208114624,48258,56,1
1771374718.6319537,64_2,64,tpc_lock,4.221721649169922,46561,56,1
1771374728.5815468,65_2,65,tpc_commit,10.01054549217224,28795,57,1
1771374730.6130807,64_2,64,das_work,6.739970684051514,48258,57,1
1771374730.6221037,65_2,65,tpc_commit,2.040544271469116,28795,57,1
1771374738.377038,64_2,64,tpc_commit,7.76394510269165,28795,58,1
1771374740.5715094,65_3,65,tpc_lock,8.913475036621094,46561,58,1
1771374742.5728354,64_2,64,tpc_commit,4.195789813995361,28795,58,1
1771374742.594804,65_3,65,tpc_lock,2.023282289505005,46561,58,1
1771374750.4188654,64_3,64,tpc_lock,6.8741774559021,46549,59,1
1771374754.5786412,65_3,65,das_work,5.345855474472046,48258,59,1
1771374754.6075344,64_3,64,tpc_lock,4.188659906387329,46549,59,1
1771374764.5126643,65_3,65,tpc_commit,9.934012413024902,28795,60,1
1771374766.5879502,64_3,64,das_work,7.698155164718628,48258,60,1
1771374766.610041,65_3,65,tpc_commit,2.097368001937866,28795,60,1
1771374774.3631256,64_3,64,tpc_commit,7.775166034698486,28783,61,1
1771374776.5301208,65_3,65,tpc_lock,9.014663934707642,46561,61,1
1771374778.5679653,65_3,65,tpc_lock,2.0378336906433105,46561,61,1
1771374778.578299,64_3,64,tpc_commit,4.215165853500366,28783,61,1
1771374786.3754587,64_3,64,tpc_lock,5.860732316970825,46561,62,1
1771374790.5639915,64_3,64,tpc_lock,4.188521862030029,46561,62,1
1771374790.5880632,65_3,65,das_work,8.632698774337769,48258,62,1
1771374800.5629048,65_3,65,tpc_commit,9.974832773208618,28795,63,1
1771374802.6259675,64_3,64,das_work,10.935633420944214,48258,63,1
1771374802.6302643,65_3,65,tpc_commit,2.067351818084717,28795,63,1
1771374810.3745046,64_3,64,tpc_commit,7.748524665832519,28795,64,1
1771374812.5769413,65_3,65,tpc_lock,8.605254888534546,46561,64,1
1771374814.5721254,65_3,65,tpc_lock,1.995173692703247,46561,64,1
1771374814.6432486,64_3,64,tpc_commit,4.268734931945801,28795,64,1
1771374822.342383,64_3,64,tpc_lock,6.190356254577637,46561,65,1
1771374826.558052,64_3,64,tpc_lock,4.215658664703369,46561,65,1
1771374826.5890477,65_3,65,das_work,7.894396305084228,48258,65,1
1771374836.5118842,65_3,65,tpc_commit,9.922826528549194,28795,66,1
1771374838.580026,64_3,64,das_work,7.482481956481934,48258,66,1
1771374838.5827858,65_3,65,tpc_commit,2.070889472961426,28795,66,1
1771374846.3585389,64_3,64,tpc_commit,7.778504133224487,28795,67,1
1771374848.5697775,65_3,65,tpc_lock,8.620851755142212,46561,67,1
1771374850.5696523,65_3,65,tpc_lock,1.999863862991333,46561,67,1
1771374850.578483,64_3,64,tpc_commit,4.219933748245239,28795,67,1
1771374858.3450468,64_3,64,tpc_lock,7.02534556388855,46561,68,1
1771374862.5661533,65_3,65,das_work,8.16356110572815,48258,68,1
1771374862.604434,64_3,64,tpc_lock,4.259377956390381,46561,68,1
1771374872.4990215,65_3,65,tpc_commit,9.932859659194946,28795,69,1
1771374874.6203463,65_3,65,tpc_commit,2.121315717697144,28795,69,1
1771374874.6321225,64_3,64,das_work,5.119619369506836,48258,69,1
1771374882.3669405,64_3,64,tpc_commit,7.734807252883911,28795,70,1
1771374884.5463998,65_3,65,tpc_lock,8.30613899230957,46561,70,1
1771374886.557655,65_3,65,tpc_lock,2.011246919631958,46561,70,1
1771374886.558683,64_3,64,tpc_commit,4.191731691360474,28795,70,1
1771374894.3286448,64_3,64,tpc_lock,6.69835638999939,46549,71,1
1771374898.5797431,64_3,64,tpc_lock,4.251090049743652,46549,71,1
1771374898.601161,65_3,65,das_work,5.405499219894409,48258,71,1
1771374908.5344567,65_3,65,tpc_commit,9.933288097381592,28795,72,1
1771374910.5808604,64_3,64,das_work,7.411261558532715,48258,72,1
1771374910.6055346,65_3,65,tpc_commit,2.071067571640014,28795,72,1
1771374918.3929603,64_3,64,tpc_commit,7.812089443206787,28783,73,1
1771374920.5364456,65_4,65,tpc_lock,8.858813524246216,46561,73,1
1771374922.574016,65_4,65,tpc_lock,2.037559032440185,46561,73,1
1771374922.5935707,64_3,64,tpc_commit,4.200599908828735,28783,73,1
1771374930.3336704,64_4,64,tpc_lock,7.199928045272827,46561,74,1
1771374934.582071,64_4,64,tpc_lock,4.248391151428223,46561,74,1
1771374934.5903883,65_4,65,das_work,9.030819654464722,48258,74,1
1771374944.502985,65_4,65,tpc_commit,9.91258668899536,28795,75,1
1771374946.5664887,65_4,65,tpc_commit,2.063494205474853,28795,75,1
1771374946.6248584,64_4,64,das_work,8.103048086166382,48258,75,1
1771374954.3938816,64_4,64,tpc_commit,7.769015312194824,28795,76,1
1771374956.5340974,65_4,65,tpc_lock,9.347455739974976,46561,76,1
1771374958.563781,64_4,64,tpc_commit,4.169890403747559,28795,76,1
1771374958.5857909,65_4,65,tpc_lock,2.0516858100891118,46561,76,1
1771374966.351591,64_4,64,tpc_lock,5.980620384216309,46561,77,1
1771374970.5520003,65_4,65,das_work,10.231962203979492,48258,77,1
1771374970.554397,64_4,64,tpc_lock,4.202797174453735,46561,77,1
1771374980.552842,65_4,65,tpc_commit,10.000834703445436,28795,78,1
1771374982.5543182,64_4,64,das_work,9.420828819274902,48258,78,1
1771374982.6109352,65_4,65,tpc_commit,2.058084011077881,28795,78,1
1771374990.3225734,64_4,64,tpc_commit,7.768245458602905,28795,79,1
1771374992.5647955,65_4,65,tpc_lock,8.507832288742065,46561,79,1
1771374994.5516713,64_4,64,tpc_commit,4.229088544845581,28795,79,1
1771374994.556055,65_4,65,tpc_lock,1.9912514686584477,46561,79,1
1771375002.350079,64_4,64,tpc_lock,6.989876747131348,46537,80,1
1771375006.562118,65_4,65,das_work,2.488852977752685,48258,80,1
1771375006.5768807,64_4,64,tpc_lock,4.226583480834961,46537,80,1
1771375016.5037043,65_4,65,tpc_commit,9.941572666168211,28795,81,1
1771375018.562932,64_4,64,das_work,3.9970180988311768,48258,81,1
1771375018.565556,65_4,65,tpc_commit,2.0618433952331543,28795,81,1
1771375026.3417344,64_4,64,tpc_commit,7.778788089752197,28771,82,1
1771375028.523163,65_4,65,tpc_lock,8.429543495178223,46561,82,1
1771375030.551188,64_4,64,tpc_commit,4.2094433307647705,28771,82,1
1771375030.5645747,65_4,65,tpc_lock,2.0414040088653564,46561,82,1
1771375038.32194,64_4,64,tpc_lock,6.801028728485107,46561,83,1
1771375042.5831704,64_4,64,tpc_lock,4.261219501495361,46561,83,1
1771375042.6135287,65_4,65,das_work,9.392128467559814,48258,83,1
1771375052.5215783,65_4,65,tpc_commit,9.908038854599,28795,84,1
1771375054.5492566,64_4,64,das_work,2.477320432662964,48258,84,1
1771375054.5532436,65_4,65,tpc_commit,2.031654596328736,28795,84,1
1771375062.3417854,64_4,64,tpc_commit,7.792516708374023,28795,85,1
1771375064.4717202,65_4,65,tpc_lock,8.54267930984497,46561,85,1
1771375066.5380857,64_4,64,tpc_commit,4.19628643989563,28795,85,1
1771375066.5886793,65_4,65,tpc_lock,2.116950511932373,46561,85,1
1771375074.362328,64_4,64,tpc_lock,5.898028135299683,46561,86,1
1771375078.5210743,64_4,64,tpc_lock,4.15873646736145,46561,86,1
1771375078.5231645,65_4,65,das_work,7.443111181259155,48258,86,1
1771375088.5139143,65_4,65,tpc_commit,9.990737676620483,28795,87,1
1771375090.5066748,64_4,64,das_work,2.610785722732544,48258,87,1
1771375090.5673032,65_4,65,tpc_commit,2.053377151489258,28795,87,1
1771375098.3318954,64_4,64,tpc_commit,7.825212717056274,28795,88,1
1771375102.5770774,64_4,64,tpc_commit,4.245173931121826,28795,88,1
1771374200.630442,67_0,67,tpc_lock,2.234386444091797,46561,13,1
1771374202.5862212,67_0,67,tpc_lock,1.9557700157165527,46561,13,1
1771374210.411029,66_0,66,tpc_lock,9.56143593788147,46561,14,1
1771374214.5989847,66_0,66,tpc_lock,4.187947988510132,46561,14,1
1771374214.6034284,67_0,67,das_work,3.035572052001953,48258,14,1
1771374224.5966988,67_0,67,tpc_commit,9.993259191513062,28795,15,1
1771374226.6124492,67_0,67,tpc_commit,2.015735149383545,28795,15,1
1771374226.6929188,66_0,66,das_work,2.613510847091675,48258,15,1
1771374234.3961697,66_0,66,tpc_commit,7.703240156173706,28795,16,1
1771374236.5425043,67_0,67,tpc_lock,7.942789316177368,46561,16,1
1771374238.6085413,66_0,66,tpc_commit,4.21235728263855,28795,16,1
1771374238.6721654,67_0,67,tpc_lock,2.1296534538269043,46561,16,1
1771374246.4889257,66_0,66,tpc_lock,7.147305488586426,46549,17,1
1771374250.6102436,66_0,66,tpc_lock,4.121307611465454,46549,17,1
1771374250.616225,67_0,67,das_work,7.697633743286133,48258,17,1
1771374260.5531223,67_0,67,tpc_commit,9.93688678741455,28795,18,1
1771374262.6344151,66_0,66,das_work,2.3175880908966064,48258,18,1
1771374262.6376016,67_0,67,tpc_commit,2.084470272064209,28795,18,1
1771374270.435405,66_0,66,tpc_commit,7.800976991653442,28783,19,1
1771374272.6051517,67_0,67,tpc_lock,9.237274408340454,46561,19,1
1771374274.6130772,66_0,66,tpc_commit,4.17765998840332,28783,19,1
1771374274.699195,67_0,67,tpc_lock,2.0940327644348145,46561,19,1
1771374282.419279,66_0,66,tpc_lock,6.483017683029175,46561,20,1
1771374286.6492145,66_0,66,tpc_lock,4.22992467880249,46561,20,1
1771374286.667582,67_0,67,das_work,10.848665237426758,48258,20,1
1771374296.591123,67_0,67,tpc_commit,9.923529624938965,28795,21,1
1771374298.595996,66_0,66,das_work,6.394699096679688,48258,21,1
1771374298.6315503,67_0,67,tpc_commit,2.040417194366455,28795,21,1
1771374306.4353175,66_0,66,tpc_commit,7.83931040763855,28795,22,1
1771374308.5383532,67_0,67,tpc_lock,8.528053760528564,46561,22,1
1771374310.6053896,67_0,67,tpc_lock,2.067024946212769,46561,22,1
1771374310.6283755,66_0,66,tpc_commit,4.193050622940064,28795,22,1
1771374318.3984911,66_0,66,tpc_lock,6.82269811630249,46549,23,1
1771374322.675479,66_0,66,tpc_lock,4.276976823806763,46549,23,1
1771374322.6800723,67_0,67,das_work,9.45139217376709,48258,23,1
1771374332.5965202,67_0,67,tpc_commit,9.91643762588501,28795,24,1
1771374334.656391,67_0,67,tpc_commit,2.059859037399292,28795,24,1
1771374334.688452,66_0,66,das_work,3.11372447013855,48258,24,1
1771374342.4447746,66_0,66,tpc_commit,7.756312847137451,28783,25,1
1771374344.5599244,67_0,67,tpc_lock,8.940698146820068,46561,25,1
1771374346.5989797,66_0,66,tpc_commit,4.1541948318481445,28783,25,1
1771374346.6051826,67_0,67,tpc_lock,2.0452470779418945,46561,25,1
1771374354.387347,66_0,66,tpc_lock,6.3719704151153564,46561,26,1
1771374358.6085396,67_0,67,das_work,5.216847896575928,48258,26,1
1771374358.6934316,66_0,66,tpc_lock,4.306075572967529,46561,26,1
1771374368.5529172,67_0,67,tpc_commit,9.944369316101074,28795,27,1
1771374370.609754,67_0,67,tpc_commit,2.056824922561645,28795,27,1
1771374370.6540585,66_0,66,das_work,2.129024744033813,48258,27,1
1771374378.3684058,66_0,66,tpc_commit,7.714335918426514,28795,28,1
1771374380.5427277,67_1,67,tpc_lock,8.204548597335815,46561,28,1
1771374382.6243138,67_1,67,tpc_lock,2.0815796852111816,46561,28,1
1771374382.65514,66_0,66,tpc_commit,4.286726474761963,28795,28,1
1771374390.3781872,66_1,66,tpc_lock,6.808518409729004,46561,29,1
1771374394.6407769,66_1,66,tpc_lock,4.262578725814819,46561,29,1
1771374394.6827445,67_1,67,das_work,10.352625846862791,48258,29,1
1771374404.5888126,67_1,67,tpc_commit,9.906056880950928,28795,30,1
1771374406.6076744,66_1,66,das_work,7.36812162399292,48258,30,1
1771374406.6456156,67_1,67,tpc_commit,2.056793689727783,28795,30,1
1771374414.3829412,66_1,66,tpc_commit,7.775253772735596,28795,31,1
1771374416.5310712,67_1,67,tpc_lock,8.233074426651001,46549,31,1
1771374418.6147566,67_1,67,tpc_lock,2.0836737155914307,46549,31,1
1771374418.6770833,66_1,66,tpc_commit,4.294131517410278,28795,31,1
1771374426.4154632,66_1,66,tpc_lock,6.67989706993103,46561,32,1
1771374430.5970695,67_1,67,das_work,9.618330955505373,48258,32,1
1771374430.6105895,66_1,66,tpc_lock,4.195117473602295,46561,32,1
1771374440.5917993,67_1,67,tpc_commit,9.99472188949585,28783,33,1
1771374442.6009347,67_1,67,tpc_commit,2.009124755859375,28783,33,1
1771374442.6061368,66_1,66,das_work,9.338656663894652,48258,33,1
1771374450.4078932,66_1,66,tpc_commit,7.801745653152466,28795,34,1
1771374452.6054032,67_1,67,tpc_lock,8.016613245010376,46549,34,1
1771374454.58864,67_1,67,tpc_lock,1.983226299285889,46549,34,1
1771374454.5891683,66_1,66,tpc_commit,4.181262969970703,28795,34,1
1771374462.365266,66_1,66,tpc_lock,6.08608603477478,46561,35,1
1771374466.5887425,66_1,66,tpc_lock,4.223469018936157,46561,35,1
1771374466.60542,67_1,67,das_work,6.343379735946655,48258,35,1
1771374476.5486622,67_1,67,tpc_commit,9.943233013153076,28783,36,1
1771374478.6299214,67_1,67,tpc_commit,2.0812482833862305,28783,36,1
1771374478.6322937,66_1,66,das_work,8.699527263641357,48258,36,1
1771374486.424712,66_1,66,tpc_commit,7.7924110889434814,28795,37,1
1771374488.6055558,67_1,67,tpc_lock,9.02489185333252,46549,37,1
1771374490.6281836,66_1,66,tpc_commit,4.203461647033691,28795,37,1
1771374490.6627088,67_1,67,tpc_lock,2.0571444034576416,46549,37,1
1771374498.361911,66_1,66,tpc_lock,5.976879358291626,46561,38,1
1771374502.6039348,66_1,66,tpc_lock,4.242017030715942,46561,38,1
1771374502.617637,67_1,67,das_work,6.69940185546875,48258,38,1
1771374512.5308108,67_1,67,tpc_commit,9.913163423538208,28783,39,1
1771374514.5821593,66_1,66,das_work,6.753114938735962,48258,39,1
1771374514.5860472,67_1,67,tpc_commit,2.055227518081665,28783,39,1
1771374522.3575945,66_1,66,tpc_commit,7.775424242019653,28795,40,1
1771374524.5496943,67_1,67,tpc_lock,8.822066307067871,46549,40,1
1771374526.5863402,66_1,66,tpc_commit,4.2287373542785645,28795,40,1
1771374526.6395435,67_1,67,tpc_lock,2.089839220046997,46549,40,1
1771374534.4358113,66_1,66,tpc_lock,6.986007213592529,46561,41,1
1771374538.5938635,66_1,66,tpc_lock,4.158040046691895,46561,41,1
1771374538.634038,67_1,67,das_work,7.748586177825928,48258,41,1
1771374548.5309677,67_1,67,tpc_commit,9.896920204162598,28783,42,1
1771374550.5853777,67_1,67,tpc_commit,2.0544021129608154,28783,42,1
1771374550.6688013,66_1,66,das_work,2.295306921005249,48258,42,1
1771374558.4034865,66_1,66,tpc_commit,7.734675645828247,28795,43,1
1771374560.577045,67_2,67,tpc_lock,8.404990196228027,46561,43,1
1771374562.6163368,67_2,67,tpc_lock,2.0392837524414062,46561,43,1
1771374562.642846,66_1,66,tpc_commit,4.239351034164429,28795,43,1
1771374570.3874106,66_2,66,tpc_lock,6.979892253875732,46561,44,1
1771374574.5836847,66_2,66,tpc_lock,4.196238040924072,46561,44,1
1771374574.627396,67_2,67,das_work,8.476840019226074,48258,44,1
1771374584.545083,67_2,67,tpc_commit,9.9176766872406,28795,45,1
1771374586.585764,66_2,66,das_work,5.315340995788574,48258,45,1
1771374586.6012597,67_2,67,tpc_commit,2.056166172027588,28795,45,1
1771374594.3517628,66_2,66,tpc_commit,7.765987157821655,28795,46,1
1771374596.5400436,67_2,67,tpc_lock,9.221954345703123,46561,46,1
1771374598.5938635,67_2,67,tpc_lock,2.0538105964660645,46561,46,1
1771374598.6246526,66_2,66,tpc_commit,4.272881269454956,28795,46,1
1771374606.35933,66_2,66,tpc_lock,5.959957599639893,46561,47,1
1771374610.582373,67_2,67,das_work,10.85975456237793,48258,47,1
1771374610.655891,66_2,66,tpc_lock,4.296553134918213,46561,47,1
1771374620.520954,67_2,67,tpc_commit,9.938510179519652,28795,48,1
1771374622.5737114,67_2,67,tpc_commit,2.0527491569519043,28795,48,1
1771374622.592895,66_2,66,das_work,8.518887758255005,48258,48,1
1771374630.393669,66_2,66,tpc_commit,7.800764083862305,28795,49,1
1771374632.5585625,67_2,67,tpc_lock,9.131718397140505,46561,49,1
1771374634.5903268,66_2,66,tpc_commit,4.196650266647339,28795,49,1
1771374634.6207716,67_2,67,tpc_lock,2.062196969985962,46561,49,1
1771374642.3603396,66_2,66,tpc_lock,6.607971668243408,46561,50,1
1771374646.5884273,66_2,66,tpc_lock,4.228078126907349,46561,50,1
1771374646.6171582,67_2,67,das_work,3.335947036743164,48258,50,1
1771374656.513003,67_2,67,tpc_commit,9.89583420753479,28795,51,1
1771374658.5934455,67_2,67,tpc_commit,2.080432891845703,28795,51,1
1771374658.60753,66_2,66,das_work,5.844146490097046,48258,51,1
1771374666.3671236,66_2,66,tpc_commit,7.759582996368408,28795,52,1
1771374668.537291,67_2,67,tpc_lock,8.322778940200806,46561,52,1
1771374670.573474,67_2,67,tpc_lock,2.036175489425659,46561,52,1
1771374670.6370533,66_2,66,tpc_commit,4.2699174880981445,28795,52,1
1771374678.425181,66_2,66,tpc_lock,6.6869096755981445,46561,53,1
1771374682.581965,67_2,67,das_work,6.240548610687256,48258,53,1
1771374682.6232831,66_2,66,tpc_lock,4.198091745376587,46561,53,1
1771374692.517038,67_2,67,tpc_commit,9.935061931610107,28795,54,1
1771374694.6080325,67_2,67,tpc_commit,2.090985059738159,28795,54,1
1771374694.6383743,66_2,66,das_work,4.404539585113525,48258,54,1
1771374702.4105666,66_2,66,tpc_commit,7.772184610366821,28795,55,1
1771374704.5170534,67_2,67,tpc_lock,8.636302947998047,46561,55,1
1771374706.5841172,67_2,67,tpc_lock,2.06705641746521,46561,55,1
1771374706.6099727,66_2,66,tpc_commit,4.199396371841431,28795,55,1
1771374714.3511183,66_2,66,tpc_lock,6.291382551193237,46561,56,1
1771374718.5671897,66_2,66,tpc_lock,4.216062545776367,46561,56,1
1771374718.6148255,67_2,67,das_work,7.063190698623657,48258,56,1
1771374728.5233383,67_2,67,tpc_commit,9.908504724502563,28795,57,1
1771374730.5706325,66_2,66,das_work,2.1378719806671143,48258,57,1
1771374730.5782218,67_2,67,tpc_commit,2.054872512817383,28795,57,1
1771374738.4170566,66_2,66,tpc_commit,7.846416234970093,28795,58,1
1771374740.5831292,67_3,67,tpc_lock,8.201318740844727,46561,58,1
1771374742.5954888,67_3,67,tpc_lock,2.012352466583252,46561,58,1
1771374742.6352944,66_2,66,tpc_commit,4.218227386474609,28795,58,1
1771374750.413648,66_3,66,tpc_lock,6.180211067199707,46561,59,1
1771374754.569323,67_3,67,das_work,7.378678798675537,48258,59,1
1771374754.606918,66_3,66,tpc_lock,4.193258762359619,46561,59,1
1771374764.572422,67_3,67,tpc_commit,10.003092050552368,28795,60,1
1771374766.5705562,66_3,66,das_work,9.631909370422363,48258,60,1
1771374766.5837104,67_3,67,tpc_commit,2.011277914047241,28795,60,1
1771374774.3393188,66_3,66,tpc_commit,7.768751382827759,28795,61,1
1771374776.565928,67_3,67,tpc_lock,9.21847128868103,46561,61,1
1771374778.5748637,67_3,67,tpc_lock,2.0089259147644043,46561,61,1
1771374778.6206772,66_3,66,tpc_commit,4.281350612640381,28795,61,1
1771374786.4191668,66_3,66,tpc_lock,7.084155082702637,46561,62,1
1771374790.6049795,67_3,67,das_work,7.020569562911987,48258,62,1
1771374790.6236827,66_3,66,tpc_lock,4.204506158828735,46561,62,1
1771374800.5030148,67_3,67,tpc_commit,9.898024559020996,28795,63,1
1771374802.5784483,67_3,67,tpc_commit,2.075423002243042,28795,63,1
1771374802.63055,66_3,66,das_work,6.466531753540039,48258,63,1
1771374810.334841,66_3,66,tpc_commit,7.704280376434326,28795,64,1
1771374812.5586362,67_3,67,tpc_lock,8.052340984344482,46561,64,1
1771374814.5637405,67_3,67,tpc_lock,2.005094051361084,46561,64,1
1771374814.5673687,66_3,66,tpc_commit,4.232517242431641,28795,64,1
1771374822.341432,66_3,66,tpc_lock,6.1704206466674805,46561,65,1
1771374826.5633726,66_3,66,tpc_lock,4.221929550170898,46561,65,1
1771374826.5888932,67_3,67,das_work,6.273251295089722,48258,65,1
1771374836.5079255,67_3,67,tpc_commit,9.91902232170105,28795,66,1
1771374838.586512,67_3,67,tpc_commit,2.078577995300293,28795,66,1
1771374838.6062024,66_3,66,das_work,8.928236484527588,48258,66,1
1771374846.372897,66_3,66,tpc_commit,7.766684532165527,28795,67,1
1771374848.578682,67_3,67,tpc_lock,9.030205011367798,46561,67,1
1771374850.5777657,66_3,66,tpc_commit,4.204857349395752,28795,67,1
1771374850.580589,67_3,67,tpc_lock,2.001897096633911,46561,67,1
1771374858.3430412,66_3,66,tpc_lock,6.776275873184204,46561,68,1
1771374862.55821,67_3,67,das_work,10.33239483833313,48258,68,1
1771374862.6316853,66_3,66,tpc_lock,4.288635492324829,46561,68,1
1771374872.5630784,67_3,67,tpc_commit,10.00486183166504,28795,69,1
1771374874.601591,66_3,66,das_work,7.050575256347656,48258,69,1
1771374874.613333,67_3,67,tpc_commit,2.0502450466156006,28795,69,1
1771374882.3555229,66_3,66,tpc_commit,7.753921747207642,28795,70,1
1771374884.4939134,67_3,67,tpc_lock,7.895955324172974,46561,70,1
1771374886.55733,66_3,66,tpc_commit,4.2017974853515625,28795,70,1
1771374886.578282,67_3,67,tpc_lock,2.0843617916107178,46561,70,1
1771374894.3870175,66_3,66,tpc_lock,7.2016119956970215,46561,71,1
1771374898.5609434,66_3,66,tpc_lock,4.173914909362793,46561,71,1
1771374898.567384,67_3,67,das_work,3.5746352672576904,48258,71,1
1771374908.5727522,67_3,67,tpc_commit,10.005357503890991,28795,72,1
1771374910.57159,67_3,67,tpc_commit,1.9988305568695068,28795,72,1
1771374910.6173427,66_3,66,das_work,7.589053392410278,48258,72,1
1771374918.3781753,66_3,66,tpc_commit,7.760821580886841,28795,73,1
1771374920.570489,67_4,67,tpc_lock,9.115247011184692,46561,73,1
1771374922.55651,67_4,67,tpc_lock,1.986010789871216,46561,73,1
1771374922.5606742,66_3,66,tpc_commit,4.182485818862915,28795,73,1
1771374930.3300867,66_4,66,tpc_lock,5.872510194778442,46561,74,1
1771374934.5763214,66_4,66,tpc_lock,4.246224403381348,46561,74,1
1771374934.5854795,67_4,67,das_work,10.994843482971191,48258,74,1
1771374944.4938798,67_4,67,tpc_commit,9.908393621444702,28795,75,1
1771374946.57325,67_4,67,tpc_commit,2.079359292984009,28795,75,1
1771374946.5741606,66_4,66,das_work,4.229625940322876,48258,75,1
1771374954.3329196,66_4,66,tpc_commit,7.758749723434448,28795,76,1
1771374956.4903011,67_4,67,tpc_lock,8.50989580154419,46561,76,1
1771374958.5677164,66_4,66,tpc_commit,4.234785556793213,28795,76,1
1771374958.6474977,67_4,67,tpc_lock,2.1571881771087646,46561,76,1
1771374966.35753,66_4,66,tpc_lock,6.475772142410278,46561,77,1
1771374970.5574682,66_4,66,tpc_lock,4.199928045272827,46561,77,1
1771374970.6198657,67_4,67,das_work,4.813625335693359,48258,77,1
1771374980.489965,67_4,67,tpc_commit,9.870088338851929,28795,78,1
1771374982.5487504,66_4,66,das_work,6.260385751724243,48258,78,1
1771374982.605045,67_4,67,tpc_commit,2.115072727203369,28795,78,1
1771374990.3196514,66_4,66,tpc_commit,7.770893335342407,28795,79,1
1771374992.502659,67_4,67,tpc_lock,8.826295375823975,46561,79,1
1771374994.6124086,66_4,66,tpc_commit,4.292746782302856,28795,79,1
1771374994.6171472,67_4,67,tpc_lock,2.114478588104248,46561,79,1
1771375002.3383255,66_4,66,tpc_lock,6.602040767669678,46561,80,1
1771375006.5892143,66_4,66,tpc_lock,4.250877380371094,46561,80,1
1771375006.6274712,67_4,67,das_work,3.531687021255493,48258,80,1
1771375016.543074,67_4,67,tpc_commit,9.915567636489868,28795,81,1
1771375018.5672576,67_4,67,tpc_commit,2.024172306060791,28795,81,1
1771375018.594909,66_4,66,das_work,10.575867652893066,48258,81,1
1771375026.3406773,66_4,66,tpc_commit,7.74575924873352,28795,82,1
1771375028.559595,67_4,67,tpc_lock,9.362693786621094,46561,82,1
1771375030.5510583,67_4,67,tpc_lock,1.991454124450684,46561,82,1
1771375030.5652747,66_4,66,tpc_commit,4.224585056304932,28795,82,1
1771375038.3784049,66_4,66,tpc_lock,6.071489572525024,46561,83,1
1771375042.5685923,66_4,66,tpc_lock,4.1901726722717285,46561,83,1
1771375042.5700066,67_4,67,das_work,5.548003673553467,48258,83,1
1771375052.4904234,67_4,67,tpc_commit,9.92040991783142,28795,84,1
1771375054.538505,66_4,66,das_work,3.0566437244415283,48258,84,1
1771375054.557469,67_4,67,tpc_commit,2.067034721374512,28795,84,1
1771375062.3408191,66_4,66,tpc_commit,7.802303791046143,28795,85,1
1771375064.4724422,67_4,67,tpc_lock,8.428317070007324,46561,85,1
1771375066.5274754,67_4,67,tpc_lock,2.055025815963745,46561,85,1
1771375066.5439217,66_4,66,tpc_commit,4.203091382980347,28795,85,1
1771375074.3185115,66_4,66,tpc_lock,6.577112197875977,46561,86,1
1771375078.5204265,66_4,66,tpc_lock,4.201907873153687,46561,86,1
1771375078.5219686,67_4,67,das_work,3.241544246673584,48258,86,1
1771375088.5145037,67_4,67,tpc_commit,9.992521047592165,28795,87,1
1771375090.514955,66_4,66,das_work,5.982862234115601,48258,87,1
1771375090.5674934,67_4,67,tpc_commit,2.052978992462158,28795,87,1
1771375098.3311918,66_4,66,tpc_commit,7.816229104995727,28795,88,1
1771375102.5766923,66_4,66,tpc_commit,4.245492935180664,28795,88,1
1771374200.538592,69_0,69,tpc_lock,3.113714694976806,46561,13,1
1771374202.5953283,69_0,69,tpc_lock,2.056729793548584,46561,13,1
1771374210.3815668,68_0,68,tpc_lock,3.949195623397827,46561,14,1
1771374214.6373837,68_0,68,tpc_lock,4.255809545516968,46561,14,1
1771374214.6605127,69_0,69,das_work,10.393009901046751,48258,14,1
1771374224.5684688,69_0,69,tpc_commit,9.907944202423096,28795,15,1
1771374226.6194038,69_0,69,tpc_commit,2.0509185791015625,28795,15,1
1771374226.6596978,68_0,68,das_work,9.138975143432615,48258,15,1
1771374234.395538,68_0,68,tpc_commit,7.735830307006836,28795,16,1
1771374236.5429094,69_0,69,tpc_lock,8.580976009368896,46549,16,1
1771374238.6096923,68_0,68,tpc_commit,4.214142322540283,28795,16,1
1771374238.6544082,69_0,69,tpc_lock,2.1114919185638428,46549,16,1
1771374246.3845727,68_0,68,tpc_lock,6.792025089263916,46561,17,1
1771374250.619463,69_0,69,das_work,9.379685878753662,48258,17,1
1771374250.6728067,68_0,68,tpc_lock,4.2882256507873535,46561,17,1
1771374260.571112,69_0,69,tpc_commit,9.951637744903564,28783,18,1
1771374262.6282816,69_0,69,tpc_commit,2.0571601390838623,28783,18,1
1771374262.639284,68_0,68,das_work,8.15436840057373,48258,18,1
1771374270.3739972,68_0,68,tpc_commit,7.734703540802002,28795,19,1
1771374272.556841,69_0,69,tpc_lock,8.93008017539978,46561,19,1
1771374274.6354463,68_0,68,tpc_commit,4.261440992355347,28795,19,1
1771374274.6443882,69_0,69,tpc_lock,2.0875349044799805,46561,19,1
1771374282.4556684,68_0,68,tpc_lock,6.8848912715911865,46561,20,1
1771374286.6147842,69_0,69,das_work,3.7634437084198,48258,20,1
1771374286.6574173,68_0,68,tpc_lock,4.201739549636841,46561,20,1
1771374296.5674238,69_0,69,tpc_commit,9.952629089355469,28795,21,1
1771374298.600471,68_0,68,das_work,8.86219573020935,48258,21,1
1771374298.6024618,69_0,69,tpc_commit,2.0350284576416016,28795,21,1
1771374306.4007657,68_0,68,tpc_commit,7.80028510093689,28795,22,1
1771374308.6130764,69_0,69,tpc_lock,8.962692260742188,46561,22,1
1771374310.6202369,68_0,68,tpc_commit,4.219462633132935,28795,22,1
1771374310.634054,69_0,69,tpc_lock,2.0209689140319824,46561,22,1
1771374318.4070246,68_0,68,tpc_lock,6.372360944747925,46561,23,1
1771374322.6089146,69_0,69,das_work,6.112482309341431,48258,23,1
1771374322.6853251,68_0,68,tpc_lock,4.278288841247559,46561,23,1
1771374332.5551012,69_0,69,tpc_commit,9.946178436279297,28795,24,1
1771374334.6438785,68_0,68,das_work,3.463688373565674,48258,24,1
1771374334.6784625,69_0,69,tpc_commit,2.123351812362671,28795,24,1
1771374342.4194815,68_0,68,tpc_commit,7.775593996047974,28795,25,1
1771374344.5663743,69_0,69,tpc_lock,8.952840566635132,46561,25,1
1771374346.602602,69_0,69,tpc_lock,2.036218404769897,46561,25,1
1771374346.669103,68_0,68,tpc_commit,4.249610185623169,28795,25,1
1771374354.421493,68_0,68,tpc_lock,5.868223190307617,46561,26,1
1771374358.604535,68_0,68,tpc_lock,4.183014392852783,46561,26,1
1771374358.6585577,69_0,69,das_work,9.149930953979492,48258,26,1
1771374368.58326,69_0,69,tpc_commit,9.92469310760498,28795,27,1
1771374370.6115406,68_0,68,das_work,4.388514041900635,48258,27,1
1771374370.6194773,69_0,69,tpc_commit,2.036207675933838,28795,27,1
1771374378.4315166,68_0,68,tpc_commit,7.819966077804565,28795,28,1
1771374380.6071634,69_1,69,tpc_lock,8.09391713142395,46561,28,1
1771374382.6575425,69_1,69,tpc_lock,2.0503697395324707,46561,28,1
1771374382.6596904,68_0,68,tpc_commit,4.228164196014404,28795,28,1
1771374390.4282074,68_1,68,tpc_lock,6.688297986984253,46561,29,1
1771374394.6710613,68_1,68,tpc_lock,4.242844581604004,46561,29,1
1771374394.6943653,69_1,69,das_work,9.361709356307983,48258,29,1
1771374404.5885954,69_1,69,tpc_commit,9.894219398498535,28795,30,1
1771374406.598766,68_1,68,das_work,7.816366910934448,48258,30,1
1771374406.63995,69_1,69,tpc_commit,2.051341772079468,28795,30,1
1771374414.3727307,68_1,68,tpc_commit,7.773957967758179,28795,31,1
1771374416.59066,69_1,69,tpc_lock,8.83189082145691,46561,31,1
1771374418.625585,69_1,69,tpc_lock,2.034916639328003,46561,31,1
1771374418.6317968,68_1,68,tpc_commit,4.259057998657227,28795,31,1
1771374426.3828692,68_1,68,tpc_lock,6.876880168914795,46561,32,1
1771374430.611704,69_1,69,das_work,10.081263542175291,48258,32,1
1771374430.6610842,68_1,68,tpc_lock,4.278203010559082,46561,32,1
1771374440.535782,69_1,69,tpc_commit,9.924070835113524,28795,33,1
1771374442.6247947,68_1,68,das_work,4.338826894760132,48258,33,1
1771374442.667847,69_1,69,tpc_commit,2.132056713104248,28795,33,1
1771374450.442799,68_1,68,tpc_commit,7.817995071411133,28795,34,1
1771374452.5338802,69_1,69,tpc_lock,9.362963914871216,46561,34,1
1771374454.6142387,68_1,68,tpc_commit,4.171429395675659,28795,34,1
1771374454.652742,69_1,69,tpc_lock,2.1188526153564453,46561,34,1
1771374462.4310896,68_1,68,tpc_lock,6.372175455093384,46561,35,1
1771374466.59973,69_1,69,das_work,4.212550401687622,48258,35,1
1771374466.6558115,68_1,68,tpc_lock,4.224711656570435,46561,35,1
1771374476.5973034,69_1,69,tpc_commit,9.997563123703005,28795,36,1
1771374478.6154408,69_1,69,tpc_commit,2.0181262493133545,28795,36,1
1771374478.6307554,68_1,68,das_work,4.096292734146118,48258,36,1
1771374486.419651,68_1,68,tpc_commit,7.788886785507202,28795,37,1
1771374488.6031408,69_1,69,tpc_lock,9.020105838775637,46561,37,1
1771374490.6105416,68_1,68,tpc_commit,4.190882205963135,28795,37,1
1771374490.6448562,69_1,69,tpc_lock,2.041706085205078,46561,37,1
1771374498.378698,68_1,68,tpc_lock,6.778567314147949,46561,38,1
1771374502.5839288,69_1,69,das_work,7.368266105651855,48258,38,1
1771374502.5893638,68_1,68,tpc_lock,4.210655927658081,46561,38,1
1771374512.5852928,69_1,69,tpc_commit,10.001352071762083,28795,39,1
1771374514.6353943,69_1,69,tpc_commit,2.050092935562134,28795,39,1
1771374514.643994,68_1,68,das_work,6.348823308944702,48258,39,1
1771374522.4028156,68_1,68,tpc_commit,7.758810043334961,28795,40,1
1771374524.531388,69_1,69,tpc_lock,8.33033800125122,46561,40,1
1771374526.5851483,68_1,68,tpc_commit,4.182320594787598,28795,40,1
1771374526.6336298,69_1,69,tpc_lock,2.102231979370117,46561,40,1
1771374534.4095364,68_1,68,tpc_lock,5.981635570526123,46561,41,1
1771374538.5884547,68_1,68,tpc_lock,4.178904533386231,46561,41,1
1771374538.5991292,69_1,69,das_work,7.646144390106201,48258,41,1
1771374548.5314474,69_1,69,tpc_commit,9.932310104370115,28795,42,1
1771374550.588151,69_1,69,tpc_commit,2.056694746017456,28795,42,1
1771374550.6658878,68_1,68,das_work,6.680061340332031,48258,42,1
1771374558.4029016,68_1,68,tpc_commit,7.736999273300171,28795,43,1
1771374560.5159822,69_2,69,tpc_lock,8.330203771591187,46561,43,1
1771374562.6111948,69_2,69,tpc_lock,2.0952041149139404,46561,43,1
1771374562.6138716,68_1,68,tpc_commit,4.210963010787964,28795,43,1
1771374570.426119,68_2,68,tpc_lock,7.0806725025177,46561,44,1
1771374574.6167743,68_2,68,tpc_lock,4.190643787384033,46561,44,1
1771374574.627965,69_2,69,das_work,6.058197736740112,48258,44,1
1771374584.536688,69_2,69,tpc_commit,9.90871286392212,28795,45,1
1771374586.5868692,69_2,69,tpc_commit,2.050170660018921,28795,45,1
1771374586.6485689,68_2,68,das_work,7.259800910949707,48258,45,1
1771374594.3994155,68_2,68,tpc_commit,7.750809907913208,28795,46,1
1771374596.5951726,69_2,69,tpc_lock,8.827385425567627,46561,46,1
1771374598.5862815,68_2,68,tpc_commit,4.186855316162109,28795,46,1
1771374598.59977,69_2,69,tpc_lock,2.004587173461914,46561,46,1
1771374606.3764715,68_2,68,tpc_lock,6.398719072341919,46549,47,1
1771374610.5866814,68_2,68,tpc_lock,4.210203170776367,46549,47,1
1771374610.6481397,69_2,69,das_work,7.808762550354004,48258,47,1
1771374620.521255,69_2,69,tpc_commit,9.87310552597046,28795,48,1
1771374622.5827804,69_2,69,tpc_commit,2.061518669128418,28795,48,1
1771374622.6508543,68_2,68,das_work,2.0741560459136963,48258,48,1
1771374630.4204042,68_2,68,tpc_commit,7.769539833068848,28783,49,1
1771374632.5933282,69_2,69,tpc_lock,8.640896797180176,46561,49,1
1771374634.585313,69_2,69,tpc_lock,1.9919743537902832,46561,49,1
1771374634.5859096,68_2,68,tpc_commit,4.165495157241821,28783,49,1
1771374642.4040403,68_2,68,tpc_lock,7.203747272491455,46561,50,1
1771374646.5942848,68_2,68,tpc_lock,4.190236330032349,46561,50,1
1771374646.6297283,69_2,69,das_work,9.821895122528076,48258,50,1
1771374656.5233576,69_2,69,tpc_commit,9.893620491027832,28795,51,1
1771374658.5802083,69_2,69,tpc_commit,2.0568408966064453,28795,51,1
1771374658.580808,68_2,68,das_work,4.225986480712891,48258,51,1
1771374666.4299634,68_2,68,tpc_commit,7.849148273468018,28795,52,1
1771374668.5149958,69_2,69,tpc_lock,9.33915662765503,46561,52,1
1771374670.5843737,68_2,68,tpc_commit,4.154399394989014,28795,52,1
1771374670.6145978,69_2,69,tpc_lock,2.0995917320251465,46561,52,1
1771374678.3899238,68_2,68,tpc_lock,6.057221174240112,46561,53,1
1771374682.5912333,69_2,69,das_work,4.515199899673462,48258,53,1
1771374682.6370687,68_2,68,tpc_lock,4.247135639190674,46561,53,1
1771374692.5382674,69_2,69,tpc_commit,9.94702434539795,28795,54,1
1771374694.5917156,69_2,69,tpc_commit,2.0534393787384038,28795,54,1
1771374694.6574469,68_2,68,das_work,9.133782625198364,48258,54,1
1771374702.4285345,68_2,68,tpc_commit,7.77107572555542,28795,55,1
1771374704.5603683,69_2,69,tpc_lock,8.538331270217896,46549,55,1
1771374706.576262,68_2,68,tpc_commit,4.147717237472534,28795,55,1
1771374706.623414,69_2,69,tpc_lock,2.0630338191986084,46549,55,1
1771374714.4216294,68_2,68,tpc_lock,7.189991474151611,46561,56,1
1771374718.5642812,69_2,69,das_work,9.315934419631958,48258,56,1
1771374718.637051,68_2,68,tpc_lock,4.215410947799683,46561,56,1
1771374728.5825295,69_2,69,tpc_commit,10.01823592185974,28783,57,1
1771374730.626149,69_2,69,tpc_commit,2.04360580444336,28783,57,1
1771374730.6269808,68_2,68,das_work,10.42270040512085,48258,57,1
1771374738.3833654,68_2,68,tpc_commit,7.7563560009002686,28795,58,1
1771374740.5030663,69_3,69,tpc_lock,9.227193355560305,46561,58,1
1771374742.6413646,69_3,69,tpc_lock,2.1382906436920166,46561,58,1
1771374742.658945,68_2,68,tpc_commit,4.27557110786438,28795,58,1
1771374750.3937287,68_3,68,tpc_lock,5.957796812057495,46561,59,1
1771374754.576281,68_3,68,tpc_lock,4.182543754577637,46561,59,1
1771374754.618637,69_3,69,das_work,5.963850498199463,48258,59,1
1771374764.511238,69_3,69,tpc_commit,9.89259123802185,28795,60,1
1771374766.601995,69_3,69,tpc_commit,2.090747356414795,28795,60,1
1771374766.637137,68_3,68,das_work,5.329489231109619,48258,60,1
1771374774.382361,68_3,68,tpc_commit,7.745215177536011,28795,61,1
1771374776.5238774,69_3,69,tpc_lock,8.224545955657959,46561,61,1
1771374778.5684526,69_3,69,tpc_lock,2.04456639289856,46561,61,1
1771374778.6448238,68_3,68,tpc_commit,4.262453556060791,28795,61,1
1771374786.3463647,68_3,68,tpc_lock,7.171355724334717,46561,62,1
1771374790.5625827,69_3,69,das_work,7.069790840148926,48258,62,1
1771374790.574715,68_3,68,tpc_lock,4.228341579437256,46561,62,1
1771374800.5514414,69_3,69,tpc_commit,9.988851308822632,28795,63,1
1771374802.5841646,68_3,68,das_work,4.908953905105591,48258,63,1
1771374802.6147149,69_3,69,tpc_commit,2.063262939453125,28795,63,1
1771374810.3385277,68_3,68,tpc_commit,7.754351854324341,28795,64,1
1771374812.5460253,69_3,69,tpc_lock,9.42643404006958,46561,64,1
1771374814.6297972,69_3,69,tpc_lock,2.083760976791382,46561,64,1
1771374814.6331978,68_3,68,tpc_commit,4.294658899307251,28795,64,1
1771374822.3418286,68_3,68,tpc_lock,6.794349193572998,46561,65,1
1771374826.573594,68_3,68,tpc_lock,4.231757402420044,46561,65,1
1771374826.5884566,69_3,69,das_work,7.899934768676758,48258,65,1
1771374836.5081823,69_3,69,tpc_commit,9.919714450836182,28795,66,1
1771374838.5658998,68_3,68,das_work,3.589918851852417,48258,66,1
1771374838.579973,69_3,69,tpc_commit,2.071777820587158,28795,66,1
1771374846.3516777,68_3,68,tpc_commit,7.78576922416687,28795,67,1
1771374848.5175507,69_3,69,tpc_lock,8.920719385147095,46549,67,1
1771374850.5632694,68_3,68,tpc_commit,4.211581468582153,28795,67,1
1771374850.5644262,69_3,69,tpc_lock,2.046864748001098,46549,67,1
1771374858.3582635,68_3,68,tpc_lock,6.66144871711731,46561,68,1
1771374862.5629127,68_3,68,tpc_lock,4.204638242721558,46561,68,1
1771374862.574149,69_3,69,das_work,8.827495336532593,48258,68,1
1771374872.566277,69_3,69,tpc_commit,9.992117643356323,28783,69,1
1771374874.562735,68_3,68,das_work,10.413883686065674,48258,69,1
1771374874.6120276,69_3,69,tpc_commit,2.045740365982056,28783,69,1
1771374882.410079,68_3,68,tpc_commit,7.847334623336792,28795,70,1
1771374884.4944952,69_3,69,tpc_lock,9.117780923843384,46561,70,1
1771374886.57008,68_3,68,tpc_commit,4.159989356994629,28795,70,1
1771374886.631986,69_3,69,tpc_lock,2.137484073638916,46561,70,1
1771374894.3459232,68_3,68,tpc_lock,6.8885111808776855,46561,71,1
1771374898.5585103,69_3,69,das_work,6.256044864654541,48258,71,1
1771374898.602888,68_3,68,tpc_lock,4.25695538520813,46561,71,1
1771374908.5756512,69_3,69,tpc_commit,10.01712942123413,28795,72,1
1771374910.5652337,68_3,68,das_work,6.139680624008179,48258,72,1
1771374910.6042674,69_3,69,tpc_commit,2.028604507446289,28795,72,1
1771374918.3302968,68_3,68,tpc_commit,7.76505184173584,28795,73,1
1771374920.5131657,69_4,69,tpc_lock,8.734816789627075,46561,73,1
1771374922.6304958,69_4,69,tpc_lock,2.1173224449157715,46561,73,1
1771374922.6316905,68_3,68,tpc_commit,4.301385164260864,28795,73,1
1771374930.3365316,68_4,68,tpc_lock,5.957822799682617,46561,74,1
1771374934.5534503,68_4,68,tpc_lock,4.216904163360596,46561,74,1
1771374934.5702808,69_4,69,das_work,6.176035642623901,48258,74,1
1771374944.4919257,69_4,69,tpc_commit,9.921638488769531,28795,75,1
1771374946.5520124,69_4,69,tpc_commit,2.06007981300354,28795,75,1
1771374946.5644038,68_4,68,das_work,5.947566509246826,48258,75,1
1771374954.342121,68_4,68,tpc_commit,7.777707815170288,28795,76,1
1771374956.5146816,69_4,69,tpc_lock,8.601309776306152,46561,76,1
1771374958.5820162,69_4,69,tpc_lock,2.067323923110962,46561,76,1
1771374958.5975847,68_4,68,tpc_commit,4.2554545402526855,28795,76,1
1771374966.3511243,68_4,68,tpc_lock,6.897794723510742,46561,77,1
1771374970.5449896,68_4,68,tpc_lock,4.1938347816467285,46561,77,1
1771374970.5858738,69_4,69,das_work,6.024668455123901,48258,77,1
1771374980.4909348,69_4,69,tpc_commit,9.905050992965698,28795,78,1
1771374982.5540452,68_4,68,das_work,10.835978031158447,48258,78,1
1771374982.5831,69_4,69,tpc_commit,2.092154264450073,28795,78,1
1771374990.3386524,68_4,68,tpc_commit,7.784597396850586,28795,79,1
1771374992.5103264,69_4,69,tpc_lock,9.125457763671877,46561,79,1
1771374994.5513384,69_4,69,tpc_lock,2.0410056114196777,46561,79,1
1771374994.6172163,68_4,68,tpc_commit,4.278554439544678,28795,79,1
1771375002.409516,68_4,68,tpc_lock,6.589853525161743,46561,80,1
1771375006.603426,68_4,68,tpc_lock,4.193900108337402,46561,80,1
1771375006.6131775,69_4,69,das_work,2.5967884063720703,48258,80,1
1771375016.5434158,69_4,69,tpc_commit,9.930225849151611,28795,81,1
1771375018.5762453,69_4,69,tpc_commit,2.032820224761963,28795,81,1
1771375018.5878046,68_4,68,das_work,3.866577386856079,48258,81,1
1771375026.3225026,68_4,68,tpc_commit,7.734683513641357,28795,82,1
1771375028.4849432,69_4,69,tpc_lock,8.864373445510864,46561,82,1
1771375030.5586846,68_4,68,tpc_commit,4.236172676086426,28795,82,1
1771375030.6197898,69_4,69,tpc_lock,2.134835720062256,46561,82,1
1771375038.3614943,68_4,68,tpc_lock,5.962202072143555,46561,83,1
1771375042.5912335,68_4,68,tpc_lock,4.229727268218994,46561,83,1
1771375042.5969615,69_4,69,das_work,4.720928430557251,48258,83,1
1771375052.5161269,69_4,69,tpc_commit,9.91915225982666,28795,84,1
1771375054.5389895,68_4,68,das_work,8.889754295349121,48258,84,1
1771375054.5426238,69_4,69,tpc_commit,2.026484489440918,28795,84,1
1771375062.3809175,68_4,68,tpc_commit,7.841919898986816,28795,85,1
1771375064.525077,69_4,69,tpc_lock,9.282676458358765,46561,85,1
1771375066.540866,69_4,69,tpc_lock,2.0157783031463623,46561,85,1
1771375066.5544727,68_4,68,tpc_commit,4.17354416847229,28795,85,1
1771375074.3823736,68_4,68,tpc_lock,6.395066022872925,46561,86,1
1771375078.5543113,68_4,68,tpc_lock,4.171926736831665,46561,86,1
1771375078.5810497,69_4,69,das_work,2.819365978240967,48258,86,1
1771375088.5555458,69_4,69,tpc_commit,9.974481344223022,28795,87,1
1771375090.5064096,68_4,68,das_work,9.488667726516724,48258,87,1
1771375090.5079525,69_4,69,tpc_commit,1.9523959159851076,28795,87,1
1771375098.3317478,68_4,68,tpc_commit,7.825330495834351,28795,88,1
1771375102.5762506,68_4,68,tpc_commit,4.244494199752808,28795,88,1
1771374210.4122236,70_0,70,tpc_lock,7.718511819839477,46537,14,1
1771374212.600828,71_0,71,tpc_lock,10.58465576171875,46561,14,1
1771374214.608595,71_0,71,tpc_lock,2.007757663726806,46561,14,1
1771374214.6232302,70_0,70,tpc_lock,4.211000680923462,46537,14,1
1771374226.6143792,71_0,71,das_work,10.512864351272585,48258,15,1
1771374226.6512403,70_0,70,das_work,7.422884225845337,48258,15,1
1771374234.4577038,70_0,70,tpc_commit,7.80644965171814,28771,16,1
1771374236.542703,71_0,71,tpc_commit,9.928313732147217,28795,16,1
1771374238.664157,70_0,70,tpc_commit,4.20644211769104,28771,16,1
1771374238.6817496,71_0,71,tpc_commit,2.139035701751709,28795,16,1
1771374246.3863728,70_0,70,tpc_lock,6.48754096031189,46561,17,1
1771374248.6234412,71_0,71,tpc_lock,8.437770366668701,46549,17,1
1771374250.6156962,70_0,70,tpc_lock,4.229314088821411,46561,17,1
1771374250.6248634,71_0,71,tpc_lock,2.001414060592652,46549,17,1
1771374262.6699471,71_0,71,das_work,8.78148889541626,48258,18,1
1771374262.703063,70_0,70,das_work,7.724694728851318,48258,18,1
1771374270.3955774,70_0,70,tpc_commit,7.692503690719604,28795,19,1
1771374272.548138,71_0,71,tpc_commit,9.878180503845217,28783,19,1
1771374274.605976,71_0,71,tpc_commit,2.0578255653381348,28783,19,1
1771374274.649818,70_0,70,tpc_commit,4.254205942153931,28795,19,1
1771374282.3861077,70_0,70,tpc_lock,6.432979345321655,46561,20,1
1771374284.5432498,71_0,71,tpc_lock,8.798795938491821,46561,20,1
1771374286.6112375,71_0,71,tpc_lock,2.0679781436920166,46561,20,1
1771374286.6301036,70_0,70,tpc_lock,4.2439844608306885,46561,20,1
1771374298.623872,70_0,70,das_work,4.01811671257019,48258,21,1
1771374298.6801455,71_0,71,das_work,10.358527421951294,48258,21,1
1771374306.4559832,70_0,70,tpc_commit,7.832098484039307,28795,22,1
1771374308.600465,71_0,71,tpc_commit,9.920311212539673,28795,22,1
1771374310.605661,71_0,71,tpc_commit,2.0051863193511963,28795,22,1
1771374310.686104,70_0,70,tpc_commit,4.230111360549927,28795,22,1
1771374318.451513,70_0,70,tpc_lock,7.109638690948486,46549,23,1
1771374320.5435157,71_0,71,tpc_lock,8.945036888122559,46561,23,1
1771374322.6061249,70_0,70,tpc_lock,4.154600381851196,46549,23,1
1771374322.6543264,71_0,71,tpc_lock,2.1107993125915527,46561,23,1
1771374334.6238458,71_0,71,das_work,4.875479459762573,48258,24,1
1771374334.6315105,70_0,70,das_work,5.459397315979004,48258,24,1
1771374342.4443371,70_0,70,tpc_commit,7.812819004058838,28783,25,1
1771374344.5471056,71_0,71,tpc_commit,9.923251152038574,28795,25,1
1771374346.6090436,70_0,70,tpc_commit,4.164669036865234,28783,25,1
1771374346.6993935,71_0,71,tpc_commit,2.1522791385650635,28795,25,1
1771374354.3771682,70_0,70,tpc_lock,6.611225128173828,46561,26,1
1771374356.5361822,71_0,71,tpc_lock,8.853518009185791,46561,26,1
1771374358.608251,70_0,70,tpc_lock,4.231071710586548,46561,26,1
1771374358.6463509,71_0,71,tpc_lock,2.110158443450928,46561,26,1
1771374370.6113777,71_0,71,das_work,3.4855434894561768,48258,27,1
1771374370.6786823,70_0,70,das_work,8.694187879562378,48258,27,1
1771374378.4484625,70_0,70,tpc_commit,7.769769906997681,28795,28,1
1771374380.6071932,71_0,71,tpc_commit,9.995806455612184,28795,28,1
1771374382.6385355,71_0,71,tpc_commit,2.0313336849212646,28795,28,1
1771374382.7098477,70_0,70,tpc_commit,4.261375427246094,28795,28,1
1771374390.3901143,70_1,70,tpc_lock,6.802976131439209,46561,29,1
1771374392.5511894,71_1,71,tpc_lock,9.236717462539673,46561,29,1
1771374394.6465633,71_1,71,tpc_lock,2.095366716384888,46561,29,1
1771374394.7002158,70_1,70,tpc_lock,4.310091972351074,46561,29,1
1771374406.6178768,70_1,70,das_work,7.26234245300293,48258,30,1
1771374406.661749,71_1,71,das_work,5.472646474838257,48258,30,1
1771374414.4111142,70_1,70,tpc_commit,7.7932288646698,28795,31,1
1771374416.573421,71_1,71,tpc_commit,9.911664485931396,28795,31,1
1771374418.6036465,71_1,71,tpc_commit,2.0302178859710693,28795,31,1
1771374418.6318204,70_1,70,tpc_commit,4.220696449279785,28795,31,1
1771374426.4315758,70_1,70,tpc_lock,7.087968111038208,46561,32,1
1771374428.5367815,71_1,71,tpc_lock,8.746289730072021,46561,32,1
1771374430.6006243,71_1,71,tpc_lock,2.063835382461548,46561,32,1
1771374430.6256874,70_1,70,tpc_lock,4.194100856781006,46561,32,1
1771374442.616675,70_1,70,das_work,10.577019691467283,48258,33,1
1771374442.6513896,71_1,71,das_work,8.37123703956604,48258,33,1
1771374450.3632035,70_1,70,tpc_commit,7.746519565582275,28795,34,1
1771374452.60562,71_1,71,tpc_commit,9.954219818115234,28795,34,1
1771374454.588327,71_1,71,tpc_commit,1.9826974868774412,28795,34,1
1771374454.5925195,70_1,70,tpc_commit,4.229308843612671,28795,34,1
1771374462.3762138,70_1,70,tpc_lock,7.080946207046509,46561,35,1
1771374464.580234,71_1,71,tpc_lock,8.007282495498657,46561,35,1
1771374466.601256,70_1,70,tpc_lock,4.225031852722168,46561,35,1
1771374466.6046555,71_1,71,tpc_lock,2.024413824081421,46561,35,1
1771374478.5997906,71_1,71,das_work,2.7860493659973145,48258,36,1
1771374478.6090198,70_1,70,das_work,7.4574503898620605,48258,36,1
1771374486.417459,70_1,70,tpc_commit,7.808432817459106,28795,37,1
1771374488.535189,71_1,71,tpc_commit,9.935389280319214,28795,37,1
1771374490.5930245,70_1,70,tpc_commit,4.175553560256958,28795,37,1
1771374490.6303613,71_1,71,tpc_commit,2.095165014266968,28795,37,1
1771374498.4317596,70_1,70,tpc_lock,6.066633224487305,46561,38,1
1771374500.5258138,71_1,71,tpc_lock,8.840005874633789,46549,38,1
1771374502.602832,71_1,71,tpc_lock,2.0770082473754883,46549,38,1
1771374502.6468406,70_1,70,tpc_lock,4.215071678161621,46561,38,1
1771374514.6031284,71_1,71,das_work,5.639210939407349,48258,39,1
1771374514.6469102,70_1,70,das_work,10.511194467544556,48258,39,1
1771374522.407302,70_1,70,tpc_commit,7.760383129119873,28795,40,1
1771374524.5261967,71_1,71,tpc_commit,9.923057794570925,28783,40,1
1771374526.5933723,70_1,70,tpc_commit,4.186061859130859,28795,40,1
1771374526.6730585,71_1,71,tpc_commit,2.1468541622161865,28783,40,1
1771374534.3577242,70_1,70,tpc_lock,7.195482492446899,46561,41,1
1771374536.58313,71_1,71,tpc_lock,8.73491907119751,46561,41,1
1771374538.5989552,71_1,71,tpc_lock,2.0158145427703857,46561,41,1
1771374538.6482625,70_1,70,tpc_lock,4.290531158447266,46561,41,1
1771374550.588746,70_1,70,das_work,8.711258888244629,48258,42,1
1771374550.6489985,71_1,71,das_work,2.960249423980713,48258,42,1
1771374558.350403,70_1,70,tpc_commit,7.761647701263428,28795,43,1
1771374560.542999,71_1,71,tpc_commit,9.89399003982544,28795,43,1
1771374562.5956914,70_1,70,tpc_commit,4.24528169631958,28795,43,1
1771374562.596389,71_1,71,tpc_commit,2.0533812046051025,28795,43,1
1771374570.36568,70_2,70,tpc_lock,6.571008205413818,46561,44,1
1771374572.5336137,71_2,71,tpc_lock,8.110372304916382,46561,44,1
1771374574.5828712,70_2,70,tpc_lock,4.217181921005249,46561,44,1
1771374574.585405,71_2,71,tpc_lock,2.0517818927764893,46561,44,1
1771374586.58401,71_2,71,das_work,6.164139986038208,48258,45,1
1771374586.6035695,70_2,70,das_work,8.251259088516235,48258,45,1
1771374594.3891828,70_2,70,tpc_commit,7.785602331161499,28795,46,1
1771374596.5171497,71_2,71,tpc_commit,9.933128118515016,28795,46,1
1771374598.6110055,70_2,70,tpc_commit,4.22181510925293,28795,46,1
1771374598.6403444,71_2,71,tpc_commit,2.1231882572174072,28795,46,1
1771374606.391131,70_2,70,tpc_lock,6.669006109237671,46561,47,1
1771374608.5270076,71_2,71,tpc_lock,9.13385796546936,46561,47,1
1771374610.646882,71_2,71,tpc_lock,2.1198630332946777,46561,47,1
1771374610.6476862,70_2,70,tpc_lock,4.256547927856445,46561,47,1
1771374622.5726254,71_2,71,das_work,8.833937883377075,48258,48,1
1771374622.5869591,70_2,70,das_work,2.4605438709259038,48258,48,1
1771374630.428526,70_2,70,tpc_commit,7.841556549072266,28795,49,1
1771374632.5754511,71_2,71,tpc_commit,10.002815008163452,28795,49,1
1771374634.5799477,71_2,71,tpc_commit,2.004485845565796,28795,49,1
1771374634.6344707,70_2,70,tpc_commit,4.205914258956909,28795,49,1
1771374642.3537564,70_2,70,tpc_lock,5.7812793254852295,46561,50,1
1771374644.5514288,71_2,71,tpc_lock,8.323733806610107,46561,50,1
1771374646.578513,71_2,71,tpc_lock,2.027073383331299,46561,50,1
1771374646.5949628,70_2,70,tpc_lock,4.241194725036621,46561,50,1
1771374658.582302,70_2,70,das_work,8.01537799835205,48258,51,1
1771374658.5848198,71_2,71,das_work,3.2902486324310303,48258,51,1
1771374666.3435,70_2,70,tpc_commit,7.761186599731445,28795,52,1
1771374668.5065758,71_2,71,tpc_commit,9.921746730804443,28795,52,1
1771374670.598331,71_2,71,tpc_commit,2.091722011566162,28795,52,1
1771374670.6622064,70_2,70,tpc_commit,4.318695783615112,28795,52,1
1771374678.3802986,70_2,70,tpc_lock,5.991121768951416,46561,53,1
1771374680.5308669,71_2,71,tpc_lock,7.947202444076538,46561,53,1
1771374682.6320405,71_2,71,tpc_lock,2.1011643409729004,46561,53,1
1771374682.6423297,70_2,70,tpc_lock,4.26202130317688,46561,53,1
1771374694.592729,71_2,71,das_work,7.063197135925293,48258,54,1
1771374694.6521533,70_2,70,das_work,8.501333475112915,48258,54,1
1771374702.4250064,70_2,70,tpc_commit,7.772842645645142,28795,55,1
1771374704.5264423,71_2,71,tpc_commit,9.933703184127808,28795,55,1
1771374706.5858722,70_2,70,tpc_commit,4.160858392715454,28795,55,1
1771374706.6133077,71_2,71,tpc_commit,2.0868544578552246,28795,55,1
1771374714.3475883,70_2,70,tpc_lock,6.902646780014038,46561,56,1
1771374716.5026357,71_2,71,tpc_lock,8.152318716049194,46561,56,1
1771374718.5752783,70_2,70,tpc_lock,4.227682113647461,46561,56,1
1771374718.6170304,71_2,71,tpc_lock,2.1143877506256104,46561,56,1
1771374730.5676906,71_2,71,das_work,2.975534439086914,48258,57,1
1771374730.6241198,70_2,70,das_work,3.555858612060547,48258,57,1
1771374738.3890004,70_2,70,tpc_commit,7.764870882034302,28795,58,1
1771374740.573296,71_2,71,tpc_commit,10.005595207214355,28795,58,1
1771374742.580198,71_2,71,tpc_commit,2.00689435005188,28795,58,1
1771374742.6349852,70_2,70,tpc_commit,4.245975017547607,28795,58,1
1771374750.3403668,70_3,70,tpc_lock,7.121395111083984,46561,59,1
1771374752.5844884,71_3,71,tpc_lock,8.245526552200317,46561,59,1
1771374754.570844,70_3,70,tpc_lock,4.230469465255737,46561,59,1
1771374754.6158228,71_3,71,tpc_lock,2.03132700920105,46561,59,1
1771374766.5972807,70_3,70,das_work,10.73264741897583,48258,60,1
1771374766.609098,71_3,71,das_work,2.3307735919952397,48258,60,1
1771374774.4009893,70_3,70,tpc_commit,7.803697347640991,28795,61,1
1771374776.5405543,71_3,71,tpc_commit,9.93144679069519,28795,61,1
1771374778.57718,71_3,71,tpc_commit,2.036616325378418,28795,61,1
1771374778.6359432,70_3,70,tpc_commit,4.234945774078369,28795,61,1
1771374786.379938,70_3,70,tpc_lock,5.962782382965088,46561,62,1
1771374788.5795252,71_3,71,tpc_lock,8.205541133880615,46561,62,1
1771374790.5796337,70_3,70,tpc_lock,4.199660301208496,46561,62,1
1771374790.6133237,71_3,71,tpc_lock,2.033787965774536,46561,62,1
1771374802.5676184,70_3,70,das_work,8.159536838531494,48258,63,1
1771374802.623278,71_3,71,das_work,2.644214630126953,48258,63,1
1771374810.385299,70_3,70,tpc_commit,7.817671537399292,28795,64,1
1771374812.52275,71_3,71,tpc_commit,9.8994619846344,28795,64,1
1771374814.6020477,70_3,70,tpc_commit,4.2167394161224365,28795,64,1
1771374814.6085029,71_3,71,tpc_commit,2.0857458114624023,28795,64,1
1771374822.341548,70_3,70,tpc_lock,7.191589832305908,46549,65,1
1771374824.5582614,71_3,71,tpc_lock,9.027024030685425,46561,65,1
1771374826.5991912,71_3,71,tpc_lock,2.0409188270568848,46561,65,1
1771374826.6047816,70_3,70,tpc_lock,4.263223886489868,46549,65,1
1771374838.5631073,71_3,71,das_work,3.470744609832764,48258,66,1
1771374838.5728931,70_3,70,das_work,9.29665470123291,48258,66,1
1771374846.371506,70_3,70,tpc_commit,7.798602819442749,28783,67,1
1771374848.5701308,71_3,71,tpc_commit,10.007014989852903,28795,67,1
1771374850.5762217,70_3,70,tpc_commit,4.204704523086548,28783,67,1
1771374850.582168,71_3,71,tpc_commit,2.012027740478516,28795,67,1
1771374858.3479395,70_3,70,tpc_lock,6.617247819900513,46561,68,1
1771374860.5430207,71_3,71,tpc_lock,8.209754943847656,46561,68,1
1771374862.5768106,70_3,70,tpc_lock,4.228859901428223,46561,68,1
1771374862.6309,71_3,71,tpc_lock,2.0878682136535645,46561,68,1
1771374874.5512898,71_3,71,das_work,3.2768023014068604,48258,69,1
1771374874.561055,70_3,70,das_work,4.068430185317993,48258,69,1
1771374882.355276,70_3,70,tpc_commit,7.794209957122803,28795,70,1
1771374884.5523882,71_3,71,tpc_commit,10.001091241836548,28795,70,1
1771374886.555027,70_3,70,tpc_commit,4.199742317199707,28795,70,1
1771374886.5708578,71_3,71,tpc_commit,2.01845932006836,28795,70,1
1771374894.3283832,70_3,70,tpc_lock,7.11051082611084,46561,71,1
1771374896.5251346,71_3,71,tpc_lock,8.104149103164673,46549,71,1
1771374898.5577056,71_3,71,tpc_lock,2.0325629711151123,46549,71,1
1771374898.6142335,70_3,70,tpc_lock,4.2858428955078125,46561,71,1
1771374910.6147056,71_3,71,das_work,7.260858058929443,48258,72,1
1771374910.6296177,70_3,70,das_work,6.645116329193115,48258,72,1
1771374918.3783555,70_3,70,tpc_commit,7.748730421066284,28795,73,1
1771374920.493544,71_3,71,tpc_commit,9.87882947921753,28783,73,1
1771374922.635524,70_3,70,tpc_commit,4.257158279418945,28795,73,1
1771374922.6404235,71_3,71,tpc_commit,2.146871566772461,28783,73,1
1771374930.4004364,70_4,70,tpc_lock,6.271547317504883,46561,74,1
1771374932.5002153,71_4,71,tpc_lock,8.914790630340576,46549,74,1
1771374934.561227,70_4,70,tpc_lock,4.160781145095825,46561,74,1
1771374934.5643694,71_4,71,tpc_lock,2.0641443729400635,46549,74,1
1771374946.56113,71_4,71,das_work,5.458712339401245,48258,75,1
1771374946.595182,70_4,70,das_work,4.228663921356201,48258,75,1
1771374954.369684,70_4,70,tpc_commit,7.774495363235474,28795,76,1
1771374956.4846091,71_4,71,tpc_commit,9.923466444015505,28783,76,1
1771374958.5650618,70_4,70,tpc_commit,4.195366621017456,28795,76,1
1771374958.6293082,71_4,71,tpc_commit,2.144690752029419,28783,76,1
1771374966.3598793,70_4,70,tpc_lock,6.579947710037232,46549,77,1
1771374968.553012,71_4,71,tpc_lock,8.626180171966553,46561,77,1
1771374970.6053233,70_4,70,tpc_lock,4.245436429977417,46549,77,1
1771374970.606217,71_4,71,tpc_lock,2.053194284439087,46561,77,1
1771374982.5694065,70_4,70,das_work,10.646209239959717,48258,78,1
1771374982.5789206,71_4,71,das_work,10.097174167633057,48258,78,1
1771374990.385543,70_4,70,tpc_commit,7.816126585006714,28783,79,1
1771374992.5267532,71_4,71,tpc_commit,9.94782280921936,28795,79,1
1771374994.5612595,70_4,70,tpc_commit,4.175707578659058,28783,79,1
1771374994.6381574,71_4,71,tpc_commit,2.111393928527832,28795,79,1
1771375002.3422132,70_4,70,tpc_lock,5.79644513130188,46561,80,1
1771375004.503986,71_4,71,tpc_lock,8.771113395690918,46561,80,1
1771375006.5543227,70_4,70,tpc_lock,4.212099075317383,46561,80,1
1771375006.5612502,71_4,71,tpc_lock,2.057252883911133,46561,80,1
1771375018.5710208,71_4,71,das_work,8.128270626068115,48258,81,1
1771375018.5816371,70_4,70,das_work,10.38399624824524,48258,81,1
1771375026.3217964,70_4,70,tpc_commit,7.740148067474365,28795,82,1
1771375028.5198746,71_4,71,tpc_commit,9.948841333389282,28795,82,1
1771375030.5489018,71_4,71,tpc_commit,2.029019832611084,28795,82,1
1771375030.6305923,70_4,70,tpc_commit,4.308787107467651,28795,82,1
1771375038.3207448,70_4,70,tpc_lock,5.86306095123291,46561,83,1
1771375040.5243492,71_4,71,tpc_lock,9.470958709716797,46561,83,1
1771375042.5577734,70_4,70,tpc_lock,4.237020254135132,46561,83,1
1771375042.5684986,71_4,71,tpc_lock,2.0441393852233887,46561,83,1
1771375054.539891,71_4,71,das_work,8.967507123947144,48258,84,1
1771375054.581262,70_4,70,das_work,4.593111038208008,48258,84,1
1771375062.355704,70_4,70,tpc_commit,7.774435043334961,28795,85,1
1771375064.473353,71_4,71,tpc_commit,9.93345308303833,28795,85,1
1771375066.5277236,71_4,71,tpc_commit,2.05436372756958,28795,85,1
1771375066.5487792,70_4,70,tpc_commit,4.193065404891968,28795,85,1
1771375074.330852,70_4,70,tpc_lock,5.887081623077393,46561,86,1
1771375076.4788597,71_4,71,tpc_lock,8.14815354347229,46549,86,1
1771375078.53115,70_4,70,tpc_lock,4.200285196304321,46561,86,1
1771375078.5314603,71_4,71,tpc_lock,2.0525898933410645,46549,86,1
1771375090.5090215,71_4,71,das_work,9.48955535888672,48258,87,1
1771375090.5431676,70_4,70,das_work,3.221708297729492,48258,87,1
1771375098.355311,70_4,70,tpc_commit,7.812130928039551,28795,88,1
1771375100.476033,71_4,71,tpc_commit,9.967002630233765,28783,88,1
1771375102.5000775,70_4,70,tpc_commit,4.144758939743042,28795,88,1
1771375102.5534425,71_4,71,tpc_commit,2.0774025917053223,28783,88,1
1771374198.4098637,72_0,72,tpc_lock,0.5610744953155518,46561,13,1
1771374202.599484,72_0,72,tpc_lock,4.189611911773682,46561,13,1
1771374212.5686553,73_0,73,tpc_lock,4.63496208190918,46561,14,1
1771374214.609336,73_0,73,tpc_lock,2.0406742095947266,46561,14,1
1771374214.6473188,72_0,72,das_work,3.7547976970672607,48258,14,1
1771374222.4233904,72_0,72,tpc_commit,7.7760608196258545,28795,15,1
1771374226.645278,72_0,72,tpc_commit,4.221875905990601,28795,15,1
1771374226.679473,73_0,73,das_work,3.62081527709961,48258,15,1
1771374234.3904586,72_0,72,tpc_lock,6.397872686386108,46561,16,1
1771374236.6054208,73_0,73,tpc_commit,9.925937414169312,28795,16,1
1771374238.6315997,72_0,72,tpc_lock,4.241109609603882,46561,16,1
1771374238.709475,73_0,73,tpc_commit,2.104042291641236,28795,16,1
1771374248.5535555,73_0,73,tpc_lock,9.170665979385376,46561,17,1
1771374250.633021,72_0,72,das_work,2.6115543842315674,48258,17,1
1771374250.70127,73_0,73,tpc_lock,2.147701501846313,46561,17,1
1771374258.413982,72_0,72,tpc_commit,7.780949831008911,28795,18,1
1771374262.6766016,73_0,73,das_work,7.442493200302124,48258,18,1
1771374262.6954436,72_0,72,tpc_commit,4.281453609466553,28795,18,1
1771374270.4549632,72_0,72,tpc_lock,6.278968572616577,46561,19,1
1771374272.6075273,73_0,73,tpc_commit,9.930912256240845,28795,19,1
1771374274.6252122,72_0,72,tpc_lock,4.170240879058838,46561,19,1
1771374274.719123,73_0,73,tpc_commit,2.1115872859954834,28795,19,1
1771374284.6135545,73_0,73,tpc_lock,8.842578887939453,46561,20,1
1771374286.6836832,73_0,73,tpc_lock,2.070118188858032,46561,20,1
1771374286.7046604,72_0,72,das_work,9.764286756515505,48258,20,1
1771374294.3741243,72_0,72,tpc_commit,7.669455051422119,28795,21,1
1771374298.6515872,73_0,73,das_work,7.326757907867432,48258,21,1
1771374298.6531975,72_0,72,tpc_commit,4.279066324234009,28795,21,1
1771374306.3757515,72_0,72,tpc_lock,5.8869242668151855,46561,22,1
1771374308.5885751,73_0,73,tpc_commit,9.936976671218872,28795,22,1
1771374310.6078672,73_0,73,tpc_commit,2.0192830562591557,28795,22,1
1771374310.672392,72_0,72,tpc_lock,4.296632051467896,46561,22,1
1771374320.561692,73_0,73,tpc_lock,8.211197137832642,46561,23,1
1771374322.6721177,73_0,73,tpc_lock,2.1104180812835693,46561,23,1
1771374322.687899,72_0,72,das_work,4.14251708984375,48258,23,1
1771374330.443559,72_0,72,tpc_commit,7.755650758743286,28795,24,1
1771374334.6138246,72_0,72,tpc_commit,4.170254230499268,28795,24,1
1771374334.6608534,73_0,73,das_work,8.302012205123901,48258,24,1
1771374342.3772807,72_0,72,tpc_lock,7.083627223968506,46549,25,1
1771374344.547434,73_0,73,tpc_commit,9.886571168899536,28795,25,1
1771374346.598484,73_0,73,tpc_commit,2.051039457321167,28795,25,1
1771374346.6916428,72_0,72,tpc_lock,4.314350605010986,46549,25,1
1771374356.612611,73_0,73,tpc_lock,9.053504943847656,46561,26,1
1771374358.650183,73_0,73,tpc_lock,2.037562131881714,46561,26,1
1771374358.6953568,72_0,72,das_work,5.204184293746948,48258,26,1
1771374366.3735378,72_0,72,tpc_commit,7.67816948890686,28783,27,1
1771374370.6731386,72_0,72,tpc_commit,4.299590110778809,28783,27,1
1771374370.674651,73_0,73,das_work,4.98324465751648,48258,27,1
1771374378.3723197,72_1,72,tpc_lock,6.378170967102051,46561,28,1
1771374380.5749414,73_0,73,tpc_commit,9.900281429290771,28795,28,1
1771374382.6172583,72_1,72,tpc_lock,4.244931221008301,46561,28,1
1771374382.6627543,73_0,73,tpc_commit,2.0878024101257324,28795,28,1
1771374392.6032708,73_1,73,tpc_lock,8.218735456466675,46561,29,1
1771374394.5945687,72_1,72,das_work,6.071337699890137,48258,29,1
1771374394.6790814,73_1,73,tpc_lock,2.0757980346679688,46561,29,1
1771374402.3683429,72_1,72,tpc_commit,7.7737672328948975,28795,30,1
1771374406.5912695,73_1,73,das_work,3.0723726749420166,48258,30,1
1771374406.657729,72_1,72,tpc_commit,4.289377689361572,28795,30,1
1771374414.425629,72_1,72,tpc_lock,6.283902883529663,46549,31,1
1771374416.5807977,73_1,73,tpc_commit,9.989520788192747,28795,31,1
1771374418.6007187,73_1,73,tpc_commit,2.019911527633667,28795,31,1
1771374418.655658,72_1,72,tpc_lock,4.230020046234131,46549,31,1
1771374428.5346684,73_1,73,tpc_lock,8.537515640258789,46561,32,1
1771374430.5972471,72_1,72,das_work,7.785616397857666,48258,32,1
1771374430.6689646,73_1,73,tpc_lock,2.134286403656006,46561,32,1
1771374438.3798726,72_1,72,tpc_commit,7.782615423202515,28783,33,1
1771374442.6175437,72_1,72,tpc_commit,4.237661838531494,28783,33,1
1771374442.6720226,73_1,73,das_work,3.696730136871338,48258,33,1
1771374450.3881416,72_1,72,tpc_lock,7.045997142791748,46561,34,1
1771374452.533961,73_1,73,tpc_commit,9.86192774772644,28795,34,1
1771374454.5984504,72_1,72,tpc_lock,4.210299730300903,46561,34,1
1771374454.6143062,73_1,73,tpc_commit,2.0803353786468506,28795,34,1
1771374464.5264528,73_1,73,tpc_lock,9.350188493728638,46561,35,1
1771374466.585295,72_1,72,das_work,5.671970367431641,48258,35,1
1771374466.5873427,73_1,73,tpc_lock,2.0608832836151123,46561,35,1
1771374474.4288218,72_1,72,tpc_commit,7.843518972396851,28795,36,1
1771374478.6107335,72_1,72,tpc_commit,4.181903123855591,28795,36,1
1771374478.618358,73_1,73,das_work,4.135254383087158,48258,36,1
1771374486.3988552,72_1,72,tpc_lock,5.982889413833618,46549,37,1
1771374488.5416503,73_1,73,tpc_commit,9.923284769058228,28795,37,1
1771374490.6160965,72_1,72,tpc_lock,4.217230081558228,46549,37,1
1771374490.6638951,73_1,73,tpc_commit,2.122233629226685,28795,37,1
1771374500.5261402,73_1,73,tpc_lock,9.25850248336792,46561,38,1
1771374502.5909686,73_1,73,tpc_lock,2.0648186206817627,46561,38,1
1771374502.592589,72_1,72,das_work,2.5887680053710938,48258,38,1
1771374510.37647,72_1,72,tpc_commit,7.783870697021484,28783,39,1
1771374514.5973911,73_1,73,das_work,10.025383234024048,48258,39,1
1771374514.651971,72_1,72,tpc_commit,4.275489091873169,28783,39,1
1771374522.4120998,72_1,72,tpc_lock,6.990694046020508,46561,40,1
1771374524.519967,73_1,73,tpc_commit,9.92256784439087,28795,40,1
1771374526.5916862,72_1,72,tpc_lock,4.179576635360718,46561,40,1
1771374526.6573296,73_1,73,tpc_commit,2.137355327606201,28795,40,1
1771374536.526002,73_1,73,tpc_lock,8.514803409576416,46549,41,1
1771374538.5887983,73_1,73,tpc_lock,2.0627880096435547,46549,41,1
1771374538.6333938,72_1,72,das_work,5.1029582023620605,48258,41,1
1771374546.393308,72_1,72,tpc_commit,7.759904861450195,28795,42,1
1771374550.5879457,72_1,72,tpc_commit,4.194627046585083,28795,42,1
1771374550.6066716,73_1,73,das_work,7.166929721832275,48258,42,1
1771374558.4276445,72_2,72,tpc_lock,6.675114870071411,46561,43,1
1771374560.599224,73_1,73,tpc_commit,9.99254274368286,28783,43,1
1771374562.636235,73_1,73,tpc_commit,2.0370006561279297,28783,43,1
1771374562.6581037,72_2,72,tpc_lock,4.230451345443726,46561,43,1
1771374572.5891902,73_2,73,tpc_lock,8.022925853729248,46561,44,1
1771374574.647576,73_2,73,tpc_lock,2.058377981185913,46561,44,1
1771374574.648341,72_2,72,das_work,7.059189796447754,48258,44,1
1771374582.3936756,72_2,72,tpc_commit,7.745326280593872,28795,45,1
1771374586.5879035,73_2,73,das_work,7.359127759933472,48258,45,1
1771374586.5930178,72_2,72,tpc_commit,4.199331045150757,28795,45,1
1771374594.4001458,72_2,72,tpc_lock,6.2904582023620605,46561,46,1
1771374596.5918925,73_2,73,tpc_commit,10.003981590270996,28795,46,1
1771374598.5944908,72_2,72,tpc_lock,4.1943347454071045,46561,46,1
1771374598.6090896,73_2,73,tpc_commit,2.017188310623169,28795,46,1
1771374608.56614,73_2,73,tpc_lock,8.110938310623169,46561,47,1
1771374610.5811152,72_2,72,das_work,9.36987042427063,48258,47,1
1771374610.6099482,73_2,73,tpc_lock,2.0437986850738525,46561,47,1
1771374618.3816955,72_2,72,tpc_commit,7.800573348999023,28795,48,1
1771374622.6438675,72_2,72,tpc_commit,4.262162446975708,28795,48,1
1771374622.6454847,73_2,73,das_work,9.554861307144163,48258,48,1
1771374630.371631,72_2,72,tpc_lock,6.68206000328064,46561,49,1
1771374632.568668,73_2,73,tpc_commit,9.923171281814575,28795,49,1
1771374634.572546,72_2,72,tpc_lock,4.200906038284302,46561,49,1
1771374634.5804386,73_2,73,tpc_commit,2.0117595195770264,28795,49,1
1771374644.5534892,73_2,73,tpc_lock,9.344643831253052,46561,50,1
1771374646.574627,73_2,73,tpc_lock,2.021126747131348,46561,50,1
1771374646.6069465,72_2,72,das_work,10.91837477684021,48258,50,1
1771374654.36824,72_2,72,tpc_commit,7.761283874511719,28795,51,1
1771374658.5852587,72_2,72,tpc_commit,4.217009544372559,28795,51,1
1771374658.6217103,73_2,73,das_work,5.0209808349609375,48258,51,1
1771374666.3427408,72_2,72,tpc_lock,6.952499866485596,46561,52,1
1771374668.5722797,73_2,73,tpc_commit,9.950558423995972,28795,52,1
1771374670.5833187,72_2,72,tpc_lock,4.240569591522217,46561,52,1
1771374670.586975,73_2,73,tpc_commit,2.01468825340271,28795,52,1
1771374680.5159342,73_2,73,tpc_lock,8.310823440551758,46561,53,1
1771374682.599975,73_2,73,tpc_lock,2.084030866622925,46561,53,1
1771374682.6145194,72_2,72,das_work,9.627532243728638,48258,53,1
1771374690.3729117,72_2,72,tpc_commit,7.7583818435668945,28795,54,1
1771374694.5919569,73_2,73,das_work,4.7248618602752686,48258,54,1
1771374694.6112812,72_2,72,tpc_commit,4.238358974456787,28795,54,1
1771374702.3837783,72_2,72,tpc_lock,6.164366006851196,46549,55,1
1771374704.5175428,73_2,73,tpc_commit,9.925575494766235,28795,55,1
1771374706.5821884,73_2,73,tpc_commit,2.06463360786438,28795,55,1
1771374706.6506526,72_2,72,tpc_lock,4.266862630844116,46549,55,1
1771374716.5289044,73_2,73,tpc_lock,8.628109693527222,46561,56,1
1771374718.5652266,72_2,72,das_work,3.6052210330963135,48258,56,1
1771374718.581561,73_2,73,tpc_lock,2.052645444869995,46561,56,1
1771374726.4103255,72_2,72,tpc_commit,7.845089197158813,28783,57,1
1771374730.581839,73_2,73,das_work,6.342329263687134,48258,57,1
1771374730.5899236,72_2,72,tpc_commit,4.179589033126831,28783,57,1
1771374738.388071,72_3,72,tpc_lock,5.963568210601807,46561,58,1
1771374740.507936,73_2,73,tpc_commit,9.926085948944092,28795,58,1
1771374742.6171465,73_2,73,tpc_commit,2.109201192855835,28795,58,1
1771374742.6655672,72_3,72,tpc_lock,4.277485370635986,46561,58,1
1771374752.5695448,73_3,73,tpc_lock,9.032564640045166,46549,59,1
1771374754.5718029,72_3,72,das_work,4.31338906288147,48258,59,1
1771374754.6064208,73_3,73,tpc_lock,2.036867380142212,46549,59,1
1771374762.3412838,72_3,72,tpc_commit,7.769470691680908,28795,60,1
1771374766.564824,72_3,72,tpc_commit,4.223529815673828,28795,60,1
1771374766.6028912,73_3,73,das_work,4.997492551803589,48258,60,1
1771374774.387089,72_3,72,tpc_lock,5.944924354553223,46561,61,1
1771374776.5135243,73_3,73,tpc_commit,9.91062355041504,28783,61,1
1771374778.612618,73_3,73,tpc_commit,2.099085092544556,28783,61,1
1771374778.6289723,72_3,72,tpc_lock,4.2418742179870605,46561,61,1
1771374788.519143,73_3,73,tpc_lock,9.1476731300354,46561,62,1
1771374790.5765567,73_3,73,tpc_lock,2.057404041290283,46561,62,1
1771374790.6248467,72_3,72,das_work,9.63485836982727,48258,62,1
1771374798.3446937,72_3,72,tpc_commit,7.719837188720703,28795,63,1
1771374802.5984828,73_3,73,das_work,7.673021554946899,48258,63,1
1771374802.6314695,72_3,72,tpc_commit,4.286765098571777,28795,63,1
1771374810.3798988,72_3,72,tpc_lock,5.880465030670166,46561,64,1
1771374812.4943814,73_3,73,tpc_commit,9.895889282226562,28795,64,1
1771374814.5715685,73_3,73,tpc_commit,2.077179193496704,28795,64,1
1771374814.5805967,72_3,72,tpc_lock,4.200688362121582,46561,64,1
1771374824.5773995,73_3,73,tpc_lock,8.29411005973816,46561,65,1
1771374826.5582309,72_3,72,das_work,9.70288610458374,48258,65,1
1771374826.6181898,73_3,73,tpc_lock,2.040780067443848,46561,65,1
1771374834.4048183,72_3,72,tpc_commit,7.846579313278198,28795,66,1
1771374838.5710518,72_3,72,tpc_commit,4.166223526000977,28795,66,1
1771374838.6138482,73_3,73,das_work,2.0055387020111084,48258,66,1
1771374846.376896,72_3,72,tpc_lock,6.690120697021484,46561,67,1
1771374848.5188727,73_3,73,tpc_commit,9.90501594543457,28795,67,1
1771374850.5678377,73_3,73,tpc_commit,2.048954486846924,28795,67,1
1771374850.5706756,72_3,72,tpc_lock,4.193771123886108,46561,67,1
1771374860.5364883,73_3,73,tpc_lock,8.518324375152588,46561,68,1
1771374862.5618217,72_3,72,das_work,9.615293264389038,48258,68,1
1771374862.595952,73_3,73,tpc_lock,2.059455394744873,46561,68,1
1771374870.3439443,72_3,72,tpc_commit,7.782114505767822,28795,69,1
1771374874.5515256,72_3,72,tpc_commit,4.207573652267456,28795,69,1
1771374874.574426,73_3,73,das_work,4.622425079345703,48258,69,1
1771374882.3651338,72_3,72,tpc_lock,6.97259259223938,46561,70,1
1771374884.5582883,73_3,73,tpc_commit,9.983853340148926,28795,70,1
1771374886.5598116,73_3,73,tpc_commit,2.0015134811401367,28795,70,1
1771374886.562772,72_3,72,tpc_lock,4.197627544403076,46561,70,1
1771374896.560069,73_3,73,tpc_lock,8.423805713653564,46561,71,1
1771374898.564273,72_3,72,das_work,6.165715217590332,48258,71,1
1771374898.594134,73_3,73,tpc_lock,2.034057378768921,46561,71,1
1771374906.339349,72_3,72,tpc_commit,7.775066375732422,28795,72,1
1771374910.5618222,73_3,73,das_work,6.1542627811431885,48258,72,1
1771374910.6258347,72_3,72,tpc_commit,4.286474943161011,28795,72,1
1771374918.3286653,72_4,72,tpc_lock,7.120675802230835,46561,73,1
1771374920.5606456,73_3,73,tpc_commit,9.99881100654602,28795,73,1
1771374922.5569184,73_3,73,tpc_commit,1.996265172958374,28795,73,1
1771374922.572203,72_4,72,tpc_lock,4.243525743484497,46561,73,1
1771374932.4932263,73_4,73,tpc_lock,8.424585819244385,46561,74,1
1771374934.5520294,72_4,72,das_work,3.694637298583984,48258,74,1
1771374934.618436,73_4,73,tpc_lock,2.125201463699341,46561,74,1
1771374942.4043443,72_4,72,tpc_commit,7.852304697036743,28795,75,1
1771374946.566421,72_4,72,tpc_commit,4.162067413330078,28795,75,1
1771374946.5773215,73_4,73,das_work,2.984362840652466,48258,75,1
1771374954.3667045,72_4,72,tpc_lock,5.850193023681641,46561,76,1
1771374956.5040164,73_4,73,tpc_commit,9.926687002182009,28795,76,1
1771374958.5545795,73_4,73,tpc_commit,2.050555467605591,28795,76,1
1771374958.5955176,72_4,72,tpc_lock,4.22880482673645,46561,76,1
1771374968.4884918,73_4,73,tpc_lock,9.346930503845217,46561,77,1
1771374970.545965,72_4,72,das_work,9.82628059387207,48258,77,1
1771374970.5594957,73_4,73,tpc_lock,2.0709962844848637,46561,77,1
1771374978.319636,72_4,72,tpc_commit,7.773662805557251,28795,78,1
1771374982.5502868,73_4,73,das_work,8.706797122955322,48258,78,1
1771374982.578148,72_4,72,tpc_commit,4.258503198623657,28795,78,1
1771374990.3209853,72_4,72,tpc_lock,6.157663822174072,46561,79,1
1771374992.5271597,73_4,73,tpc_commit,9.976865530014038,28795,79,1
1771374994.5712044,72_4,72,tpc_lock,4.250211238861084,46561,79,1
1771374994.6042488,73_4,73,tpc_commit,2.0770797729492188,28795,79,1
1771375004.4957438,73_4,73,tpc_lock,9.043209075927734,46561,80,1
1771375006.5937405,73_4,73,tpc_lock,2.0979878902435303,46561,80,1
1771375006.6018257,72_4,72,das_work,8.492770433425903,48258,80,1
1771375014.383994,72_4,72,tpc_commit,7.7821574211120605,28795,81,1
1771375018.5655348,72_4,72,tpc_commit,4.181529760360718,28795,81,1
1771375018.6128736,73_4,73,das_work,3.100823879241944,48258,81,1
1771375026.379181,72_4,72,tpc_lock,6.07464337348938,46561,82,1
1771375028.5214984,73_4,73,tpc_commit,9.908612489700316,28795,82,1
1771375030.5492344,72_4,72,tpc_lock,4.170042991638184,46561,82,1
1771375030.5858576,73_4,73,tpc_commit,2.064351797103882,28795,82,1
1771375040.4806905,73_4,73,tpc_lock,8.002647399902344,46561,83,1
1771375042.5522008,72_4,72,das_work,7.494133234024048,48258,83,1
1771375042.561666,73_4,73,tpc_lock,2.080967664718628,46561,83,1
1771375050.320481,72_4,72,tpc_commit,7.768272399902344,28795,84,1
1771375054.5681107,73_4,73,das_work,3.689815044403076,48258,84,1
1771375054.5822475,72_4,72,tpc_commit,4.2617552280426025,28795,84,1
1771375062.372105,72_4,72,tpc_lock,7.28323769569397,46561,85,1
1771375064.4736598,73_4,73,tpc_commit,9.905536413192747,28795,85,1
1771375066.5288348,73_4,73,tpc_commit,2.055166959762573,28795,85,1
1771375066.547503,72_4,72,tpc_lock,4.175387382507324,46561,85,1
1771375076.5155988,73_4,73,tpc_lock,8.866726636886597,46561,86,1
1771375078.5216043,72_4,72,das_work,7.614652633666992,48258,86,1
1771375078.5852883,73_4,73,tpc_lock,2.069677352905273,46561,86,1
1771375086.3630636,72_4,72,tpc_commit,7.841444969177246,28795,87,1
1771375090.5227656,72_4,72,tpc_commit,4.159693002700806,28795,87,1
1771375090.5617716,73_4,73,das_work,2.306207656860352,48258,87,1
1771375100.508717,73_4,73,tpc_commit,9.946938037872314,28795,88,1
1771375102.4982257,73_4,73,tpc_commit,1.989499807357788,28795,88,1
1771374210.4184449,74_0,74,tpc_lock,2.300632238388061,46549,14,1
1771374212.5630472,75_0,75,tpc_lock,2.8008134365081787,46561,14,1
1771374214.6090186,75_0,75,tpc_lock,2.0459635257720947,46561,14,1
1771374214.611079,74_0,74,tpc_lock,4.192627668380737,46549,14,1
1771374226.6190634,74_0,74,das_work,4.2834179401397705,48258,15,1
1771374226.6920102,75_0,75,das_work,7.519608497619629,48258,15,1
1771374234.378046,74_0,74,tpc_commit,7.758974552154541,28783,16,1
1771374236.608708,75_0,75,tpc_commit,9.916680335998535,28795,16,1
1771374238.6317806,74_0,74,tpc_commit,4.253727436065674,28783,16,1
1771374238.7233195,75_0,75,tpc_commit,2.1146016120910645,28795,16,1
1771374246.421379,74_0,74,tpc_lock,7.086853504180908,46561,17,1
1771374248.5490737,75_0,75,tpc_lock,8.749871969223022,46561,17,1
1771374250.6555789,74_0,74,tpc_lock,4.234192371368408,46561,17,1
1771374250.687097,75_0,75,tpc_lock,2.1380162239074707,46561,17,1
1771374262.635486,74_0,74,das_work,8.74561595916748,48258,18,1
1771374262.6983297,75_0,75,das_work,4.047155857086182,48258,18,1
1771374270.3750627,74_0,74,tpc_commit,7.739565372467041,28795,19,1
1771374272.539565,75_0,75,tpc_commit,9.841223001480104,28795,19,1
1771374274.6350863,74_0,74,tpc_commit,4.259995937347412,28795,19,1
1771374274.7233868,75_0,75,tpc_commit,2.18381404876709,28795,19,1
1771374282.4356997,74_0,74,tpc_lock,6.984322547912598,46561,20,1
1771374284.583983,75_0,75,tpc_lock,8.838715314865112,46561,20,1
1771374286.6157105,75_0,75,tpc_lock,2.0317182540893555,46561,20,1
1771374286.668111,74_0,74,tpc_lock,4.232400178909302,46561,20,1
1771374298.6351318,75_0,75,das_work,6.382150650024414,48258,21,1
1771374298.6994853,74_0,74,das_work,8.352328300476074,48258,21,1
1771374306.3768368,74_0,74,tpc_commit,7.677342414855957,28795,22,1
1771374308.5972884,75_0,75,tpc_commit,9.962145328521729,28795,22,1
1771374310.6060982,75_0,75,tpc_commit,2.0087993144989014,28795,22,1
1771374310.6344454,74_0,74,tpc_commit,4.2576003074646,28795,22,1
1771374318.3803403,74_0,74,tpc_lock,6.798961639404297,46561,23,1
1771374320.563993,75_0,75,tpc_lock,8.948376417160034,46561,23,1
1771374322.6089785,74_0,74,tpc_lock,4.228630542755127,46561,23,1
1771374322.6687012,75_0,75,tpc_lock,2.1046979427337646,46561,23,1
1771374334.6383257,74_0,74,das_work,10.081789493560793,48258,24,1
1771374334.6685338,75_0,75,das_work,5.475850820541382,48258,24,1
1771374342.380031,74_0,74,tpc_commit,7.741696834564209,28795,25,1
1771374344.5372214,75_0,75,tpc_commit,9.868676662445068,28795,25,1
1771374346.6538827,74_0,74,tpc_commit,4.273839950561523,28795,25,1
1771374346.6996324,75_0,75,tpc_commit,2.162404060363769,28795,25,1
1771374354.432114,74_0,74,tpc_lock,6.792717933654785,46561,26,1
1771374356.563072,75_0,75,tpc_lock,8.028403759002686,46561,26,1
1771374358.6045392,74_0,74,tpc_lock,4.172418594360352,46561,26,1
1771374358.625666,75_0,75,tpc_lock,2.062582731246948,46561,26,1
1771374370.6256871,74_0,74,das_work,9.818358421325684,48258,27,1
1771374370.6485362,75_0,75,das_work,4.680439710617065,48258,27,1
1771374378.39,74_0,74,tpc_commit,7.76430344581604,28795,28,1
1771374380.543829,75_0,75,tpc_commit,9.895282983779907,28795,28,1
1771374382.6426344,75_0,75,tpc_commit,2.098798513412476,28795,28,1
1771374382.68786,74_0,74,tpc_commit,4.297852516174316,28795,28,1
1771374390.3811543,74_1,74,tpc_lock,5.887810707092285,46561,29,1
1771374392.5831623,75_1,75,tpc_lock,8.9538414478302,46561,29,1
1771374394.629887,75_1,75,tpc_lock,2.04671311378479,46561,29,1
1771374394.6422467,74_1,74,tpc_lock,4.261079072952271,46561,29,1
1771374406.6007864,74_1,74,das_work,9.426568508148192,48258,30,1
1771374406.6026638,75_1,75,das_work,9.716466426849363,48258,30,1
1771374414.426587,74_1,74,tpc_commit,7.825789451599121,28795,31,1
1771374416.5392196,75_1,75,tpc_commit,9.93654441833496,28795,31,1
1771374418.6176412,75_1,75,tpc_commit,2.078413248062134,28795,31,1
1771374418.6710389,74_1,74,tpc_commit,4.244442462921143,28795,31,1
1771374426.3689642,74_1,74,tpc_lock,5.884178876876831,46561,32,1
1771374428.5582926,75_1,75,tpc_lock,9.130634307861328,46561,32,1
1771374430.597932,74_1,74,tpc_lock,4.22895884513855,46561,32,1
1771374430.603542,75_1,75,tpc_lock,2.045213222503662,46561,32,1
1771374442.602563,74_1,74,das_work,2.040877342224121,48258,33,1
1771374442.672603,75_1,75,das_work,3.0845155715942383,48258,33,1
1771374450.4040766,74_1,74,tpc_commit,7.801501512527466,28795,34,1
1771374452.5888577,75_1,75,tpc_commit,9.916224241256714,28795,34,1
1771374454.5906565,75_1,75,tpc_commit,2.001788854598999,28795,34,1
1771374454.5967016,74_1,74,tpc_commit,4.192615270614624,28795,34,1
1771374462.4334664,74_1,74,tpc_lock,7.084449052810669,46561,35,1
1771374464.5416532,75_1,75,tpc_lock,9.245845794677734,46561,35,1
1771374466.6155584,75_1,75,tpc_lock,2.073896169662476,46561,35,1
1771374466.648073,74_1,74,tpc_lock,4.214595794677734,46561,35,1
1771374478.597019,74_1,74,das_work,3.494311571121216,48258,36,1
1771374478.5989685,75_1,75,das_work,4.52293586730957,48258,36,1
1771374486.4236786,74_1,74,tpc_commit,7.826649904251099,28795,37,1
1771374488.6059606,75_1,75,tpc_commit,10.00698208808899,28795,37,1
1771374490.6044972,74_1,74,tpc_commit,4.1807825565338135,28795,37,1
1771374490.666904,75_1,75,tpc_commit,2.060933828353882,28795,37,1
1771374498.4247434,74_1,74,tpc_lock,5.8570098876953125,46561,38,1
1771374500.5775034,75_1,75,tpc_lock,8.63519024848938,46561,38,1
1771374502.603911,74_1,74,tpc_lock,4.179156541824341,46561,38,1
1771374502.648492,75_1,75,tpc_lock,2.0709805488586426,46561,38,1
1771374514.60394,75_1,75,das_work,8.00697636604309,48258,39,1
1771374514.643782,74_1,74,das_work,5.920060157775879,48258,39,1
1771374522.4034214,74_1,74,tpc_commit,7.759627103805542,28795,40,1
1771374524.5308986,75_1,75,tpc_commit,9.926950693130491,28795,40,1
1771374526.6725812,74_1,74,tpc_commit,4.269152402877808,28795,40,1
1771374526.6732068,75_1,75,tpc_commit,2.142296314239502,28795,40,1
1771374534.4296143,74_1,74,tpc_lock,7.188194036483765,46561,41,1
1771374536.5279813,75_1,75,tpc_lock,8.035064697265625,46561,41,1
1771374538.5855784,75_1,75,tpc_lock,2.057586193084717,46561,41,1
1771374538.6134653,74_1,74,tpc_lock,4.183842420578003,46561,41,1
1771374550.5981033,75_1,75,das_work,7.415647029876709,48258,42,1
1771374550.6124704,74_1,74,das_work,8.244335651397705,48258,42,1
1771374558.4032078,74_1,74,tpc_commit,7.790727615356445,28795,43,1
1771374560.519367,75_1,75,tpc_commit,9.921255350112917,28795,43,1
1771374562.5840456,75_1,75,tpc_commit,2.064668893814087,28795,43,1
1771374562.603071,74_1,74,tpc_commit,4.199856519699097,28795,43,1
1771374570.3648615,74_2,74,tpc_lock,5.975980043411255,46561,44,1
1771374572.5290174,75_2,75,tpc_lock,8.537083864212036,46561,44,1
1771374574.590918,74_2,74,tpc_lock,4.226047515869141,46561,44,1
1771374574.5927734,75_2,75,tpc_lock,2.0637431144714355,46561,44,1
1771374586.6279,74_2,74,das_work,8.004804849624634,48258,45,1
1771374586.634617,75_2,75,das_work,5.223295450210571,48258,45,1
1771374594.411918,74_2,74,tpc_commit,7.784010171890259,28795,46,1
1771374596.5601022,75_2,75,tpc_commit,9.925474882125854,28795,46,1
1771374598.5857975,74_2,74,tpc_commit,4.173870801925659,28795,46,1
1771374598.597587,75_2,75,tpc_commit,2.0374755859375,28795,46,1
1771374606.4273822,74_2,74,tpc_lock,7.144778728485107,46561,47,1
1771374608.5679946,75_2,75,tpc_lock,8.364380836486816,46561,47,1
1771374610.619327,75_2,75,tpc_lock,2.05132269859314,46561,47,1
1771374610.622738,74_2,74,tpc_lock,4.195345401763916,46561,47,1
1771374622.5925682,75_2,75,das_work,7.474241018295288,48258,48,1
1771374622.6642492,74_2,74,das_work,6.676958799362183,48258,48,1
1771374630.3458276,74_2,74,tpc_commit,7.681568384170532,28795,49,1
1771374632.545913,75_2,75,tpc_commit,9.95333456993103,28795,49,1
1771374634.5734236,75_2,75,tpc_commit,2.027500867843628,28795,49,1
1771374634.604226,74_2,74,tpc_commit,4.258390426635742,28795,49,1
1771374642.3987043,74_2,74,tpc_lock,6.42641806602478,46561,50,1
1771374644.5375288,75_2,75,tpc_lock,9.061163187026978,46549,50,1
1771374646.595018,75_2,75,tpc_lock,2.057479858398437,46549,50,1
1771374646.5983274,74_2,74,tpc_lock,4.199614524841309,46561,50,1
1771374658.577071,75_2,75,das_work,4.10578727722168,48258,51,1
1771374658.591846,74_2,74,das_work,7.23099160194397,48258,51,1
1771374666.4013977,74_2,74,tpc_commit,7.809541463851929,28795,52,1
1771374668.565693,75_2,75,tpc_commit,9.988612651824951,28783,52,1
1771374670.577564,74_2,74,tpc_commit,4.176156520843506,28795,52,1
1771374670.57857,75_2,75,tpc_commit,2.012866497039795,28783,52,1
1771374678.4309833,74_2,74,tpc_lock,6.05715012550354,46561,53,1
1771374680.529154,75_2,75,tpc_lock,9.16934585571289,46549,53,1
1771374682.646737,75_2,75,tpc_lock,2.117570400238037,46549,53,1
1771374682.6534994,74_2,74,tpc_lock,4.222508668899536,46561,53,1
1771374694.5963953,74_2,74,das_work,3.47426986694336,48258,54,1
1771374694.617173,75_2,75,das_work,2.865915060043335,48258,54,1
1771374702.391151,74_2,74,tpc_commit,7.794743776321411,28795,55,1
1771374704.537097,75_2,75,tpc_commit,9.919914245605469,28783,55,1
1771374706.5775137,74_2,74,tpc_commit,4.186352729797363,28795,55,1
1771374706.6602292,75_2,75,tpc_commit,2.12312126159668,28783,55,1
1771374714.3708184,74_2,74,tpc_lock,6.909344434738159,46549,56,1
1771374716.5308027,75_2,75,tpc_lock,9.046039581298828,46561,56,1
1771374718.594057,75_2,75,tpc_lock,2.063241481781006,46561,56,1
1771374718.613569,74_2,74,tpc_lock,4.242741584777832,46549,56,1
1771374730.5756896,75_2,75,das_work,7.89024019241333,48258,57,1
1771374730.6277788,74_2,74,das_work,6.429637432098389,48258,57,1
1771374738.3927932,74_2,74,tpc_commit,7.765006065368652,28783,58,1
1771374740.5836053,75_2,75,tpc_commit,10.007906436920166,28795,58,1
1771374742.572284,75_2,75,tpc_commit,1.9886705875396729,28795,58,1
1771374742.6547067,74_2,74,tpc_commit,4.261902332305908,28783,58,1
1771374750.3742285,74_3,74,tpc_lock,6.076407194137573,46561,59,1
1771374752.512747,75_3,75,tpc_lock,9.257498741149902,46561,59,1
1771374754.5721247,75_3,75,tpc_lock,2.059368371963501,46561,59,1
1771374754.588759,74_3,74,tpc_lock,4.21451997756958,46561,59,1
1771374766.563413,75_3,75,das_work,2.5620453357696533,48258,60,1
1771374766.5710635,74_3,74,das_work,8.526413440704346,48258,60,1
1771374774.3566024,74_3,74,tpc_commit,7.785531044006348,28795,61,1
1771374776.506627,75_3,75,tpc_commit,9.943208456039429,28795,61,1
1771374778.570505,74_3,74,tpc_commit,4.213894844055176,28795,61,1
1771374778.5866425,75_3,75,tpc_commit,2.080006599426269,28795,61,1
1771374786.3809743,74_3,74,tpc_lock,6.934363603591919,46561,62,1
1771374788.5183892,75_3,75,tpc_lock,8.661806583404541,46549,62,1
1771374790.571487,74_3,74,tpc_lock,4.19050407409668,46561,62,1
1771374790.5750868,75_3,75,tpc_lock,2.0566906929016118,46549,62,1
1771374802.5615776,75_3,75,das_work,10.837998867034912,48258,63,1
1771374802.5842478,74_3,74,das_work,3.045109987258911,48258,63,1
1771374810.3738835,74_3,74,tpc_commit,7.789627552032471,28795,64,1
1771374812.57016,75_3,75,tpc_commit,10.00857424736023,28783,64,1
1771374814.5634644,75_3,75,tpc_commit,1.993295669555664,28783,64,1
1771374814.63136,74_3,74,tpc_commit,4.25746750831604,28795,64,1
1771374822.3729386,74_3,74,tpc_lock,6.162042617797852,46561,65,1
1771374824.5687025,75_3,75,tpc_lock,9.111944675445557,46549,65,1
1771374826.5673006,74_3,74,tpc_lock,4.194352626800537,46561,65,1
1771374826.577204,75_3,75,tpc_lock,2.0084917545318604,46549,65,1
1771374838.5669658,74_3,74,das_work,4.35787558555603,48258,66,1
1771374838.5688162,75_3,75,das_work,3.787143468856812,48258,66,1
1771374846.392852,74_3,74,tpc_commit,7.825876951217651,28795,67,1
1771374848.5350633,75_3,75,tpc_commit,9.966236352920532,28783,67,1
1771374850.5666718,75_3,75,tpc_commit,2.031599521636963,28783,67,1
1771374850.587547,74_3,74,tpc_commit,4.1946861743927,28795,67,1
1771374858.3701618,74_3,74,tpc_lock,6.586348295211792,46561,68,1
1771374860.511148,75_3,75,tpc_lock,8.008816719055176,46561,68,1
1771374862.570752,75_3,75,tpc_lock,2.059593677520752,46561,68,1
1771374862.5947435,74_3,74,tpc_lock,4.224573850631714,46561,68,1
1771374874.5580504,74_3,74,das_work,9.207674980163574,48258,69,1
1771374874.614719,75_3,75,das_work,7.572624683380127,48258,69,1
1771374882.4106698,74_3,74,tpc_commit,7.852609395980835,28795,70,1
1771374884.4976852,75_3,75,tpc_commit,9.882956743240356,28795,70,1
1771374886.5825062,75_3,75,tpc_commit,2.084812879562378,28795,70,1
1771374886.592312,74_3,74,tpc_commit,4.18162989616394,28795,70,1
1771374894.382579,74_3,74,tpc_lock,5.982760667800903,46561,71,1
1771374896.5701008,75_3,75,tpc_lock,8.726223707199097,46561,71,1
1771374898.571322,74_3,74,tpc_lock,4.188730716705322,46561,71,1
1771374898.590647,75_3,75,tpc_lock,2.020516395568848,46561,71,1
1771374910.554083,74_3,74,das_work,6.349252462387085,48258,72,1
1771374910.5858605,75_3,75,das_work,4.947222948074341,48258,72,1
1771374918.3295424,74_3,74,tpc_commit,7.775451183319092,28795,73,1
1771374920.493192,75_3,75,tpc_commit,9.90732455253601,28795,73,1
1771374922.561241,75_3,75,tpc_commit,2.0680384635925293,28795,73,1
1771374922.60369,74_3,74,tpc_commit,4.274137496948242,28795,73,1
1771374930.3249257,74_4,74,tpc_lock,6.297264814376831,46561,74,1
1771374932.492396,75_4,75,tpc_lock,8.227377891540527,46561,74,1
1771374934.5835154,75_4,75,tpc_lock,2.0911097526550293,46561,74,1
1771374934.5874178,74_4,74,tpc_lock,4.262485027313232,46561,74,1
1771374946.559693,74_4,74,das_work,7.808729887008667,48258,75,1
1771374946.5951495,75_4,75,das_work,8.08116340637207,48258,75,1
1771374954.3424044,74_4,74,tpc_commit,7.782702445983887,28795,76,1
1771374956.4921613,75_4,75,tpc_commit,9.897002220153809,28795,76,1
1771374958.6498768,74_4,74,tpc_commit,4.307461738586426,28795,76,1
1771374958.651978,75_4,75,tpc_commit,2.159806728363037,28795,76,1
1771374966.341086,74_4,74,tpc_lock,6.301529884338379,46561,77,1
1771374968.488937,75_4,75,tpc_lock,9.231057167053224,46561,77,1
1771374970.559152,74_4,74,tpc_lock,4.218055248260498,46561,77,1
1771374970.5880742,75_4,75,tpc_lock,2.0991289615631104,46561,77,1
1771374982.5619943,75_4,75,das_work,9.404395818710327,48258,78,1
1771374982.6027536,74_4,74,das_work,10.929654836654665,48258,78,1
1771374990.3654108,74_4,74,tpc_commit,7.762647390365601,28795,79,1
1771374992.5622718,75_4,75,tpc_commit,10.000269174575806,28795,79,1
1771374994.6094522,75_4,75,tpc_commit,2.0471720695495605,28795,79,1
1771374994.6299465,74_4,74,tpc_commit,4.26452374458313,28795,79,1
1771375002.3824606,74_4,74,tpc_lock,5.966419458389282,46561,80,1
1771375004.5151966,75_4,75,tpc_lock,8.236400842666626,46561,80,1
1771375006.5590398,75_4,75,tpc_lock,2.043831586837769,46561,80,1
1771375006.5742786,74_4,74,tpc_lock,4.191808462142944,46561,80,1
1771375018.5614407,74_4,74,das_work,10.456276416778564,48258,81,1
1771375018.6196637,75_4,75,das_work,2.8925156593322754,48258,81,1
1771375026.376223,74_4,74,tpc_commit,7.81476902961731,28795,82,1
1771375028.5429597,75_4,75,tpc_commit,9.923284769058228,28795,82,1
1771375030.5507882,75_4,75,tpc_commit,2.0078182220458984,28795,82,1
1771375030.5767372,74_4,74,tpc_commit,4.200504779815674,28795,82,1
1771375038.3571482,74_4,74,tpc_lock,6.579009294509888,46561,83,1
1771375040.5652378,75_4,75,tpc_lock,8.419095993041992,46561,83,1
1771375042.556747,74_4,74,tpc_lock,4.199591398239136,46561,83,1
1771375042.5848954,75_4,75,tpc_lock,2.0196475982666016,46561,83,1
1771375054.5637996,75_4,75,das_work,8.463744401931763,48258,84,1
1771375054.5845711,74_4,74,das_work,3.445366382598877,48258,84,1
1771375062.3541632,74_4,74,tpc_commit,7.76958155632019,28795,85,1
1771375064.4730017,75_4,75,tpc_commit,9.909192085266112,28795,85,1
1771375066.5265346,75_4,75,tpc_commit,2.053523063659668,28795,85,1
1771375066.5600765,74_4,74,tpc_commit,4.205905437469482,28795,85,1
1771375074.3619475,74_4,74,tpc_lock,6.30070424079895,46561,86,1
1771375076.5544882,75_4,75,tpc_lock,9.453324317932127,46561,86,1
1771375078.5225053,74_4,74,tpc_lock,4.1605494022369385,46561,86,1
1771375078.531487,75_4,75,tpc_lock,1.976989984512329,46561,86,1
1771375090.531908,75_4,75,das_work,6.68780517578125,48258,87,1
1771375090.5670247,74_4,74,das_work,7.519690275192261,48258,87,1
1771375098.3738525,74_4,74,tpc_commit,7.806818723678589,28795,88,1
1771375100.5082214,75_4,75,tpc_commit,9.976304054260254,28795,88,1
1771375102.4986262,75_4,75,tpc_commit,1.9903976917266848,28795,88,1
1771375102.5021954,74_4,74,tpc_commit,4.128310680389404,28795,88,1
1771374210.4164586,76_0,76,tpc_lock,7.77652907371521,46561,14,1
1771374214.600207,76_0,76,tpc_lock,4.183740615844727,46561,14,1
1771374224.563691,77_0,77,tpc_lock,11.412736415863035,46561,15,1
1771374226.686469,76_0,76,das_work,10.168031215667725,48258,15,1
1771374226.6952908,77_0,77,tpc_lock,2.1315906047821045,46561,15,1
1771374234.39606,76_0,76,tpc_commit,7.709580659866333,28795,16,1
1771374238.6388707,76_0,76,tpc_commit,4.242796897888184,28795,16,1
1771374238.6981337,77_0,77,das_work,10.3034565448761,48258,16,1
1771374246.3868332,76_0,76,tpc_lock,6.498295545578003,46561,17,1
1771374248.589666,77_0,77,tpc_commit,9.89151930809021,28795,17,1
1771374250.6208782,76_0,76,tpc_lock,4.23403787612915,46561,17,1
1771374250.650422,77_0,77,tpc_commit,2.0607471466064453,28795,17,1
1771374260.5475266,77_0,77,tpc_lock,8.537116050720215,46561,18,1
1771374262.6145325,77_0,77,tpc_lock,2.066997766494751,46561,18,1
1771374262.634187,76_0,76,das_work,5.87003493309021,48258,18,1
1771374270.376866,76_0,76,tpc_commit,7.742668390274048,28795,19,1
1771374274.6734262,76_0,76,tpc_commit,4.2965521812438965,28795,19,1
1771374274.7294817,77_0,77,das_work,10.699968814849854,48258,19,1
1771374282.377142,76_0,76,tpc_lock,5.775716781616211,46561,20,1
1771374284.58226,77_0,77,tpc_commit,9.852767705917358,28795,20,1
1771374286.604478,76_0,76,tpc_lock,4.227328538894653,46561,20,1
1771374286.633279,77_0,77,tpc_commit,2.051009178161621,28795,20,1
1771374296.5934868,77_0,77,tpc_lock,9.08322548866272,46561,21,1
1771374298.61189,76_0,76,das_work,9.159293413162231,48258,21,1
1771374298.6268237,77_0,77,tpc_lock,2.033324241638184,46561,21,1
1771374306.449119,76_0,76,tpc_commit,7.837216854095459,28795,22,1
1771374310.6469376,76_0,76,tpc_commit,4.197808265686035,28795,22,1
1771374310.6803875,77_0,77,das_work,7.690623760223389,48258,22,1
1771374318.4492753,76_0,76,tpc_lock,6.075197696685791,46561,23,1
1771374320.5469291,77_0,77,tpc_commit,9.866530895233154,28795,23,1
1771374322.6131103,76_0,76,tpc_lock,4.163777112960815,46561,23,1
1771374322.6441886,77_0,77,tpc_commit,2.0972485542297363,28795,23,1
1771374332.5545294,77_0,77,tpc_lock,8.869027614593506,46561,24,1
1771374334.6557035,76_0,76,das_work,3.1226911544799805,48258,24,1
1771374334.6880195,77_0,77,tpc_lock,2.1334824562072754,46561,24,1
1771374342.4342916,76_0,76,tpc_commit,7.77857780456543,28795,25,1
1771374346.6101356,76_0,76,tpc_commit,4.175833940505981,28795,25,1
1771374346.67,77_0,77,das_work,4.192595958709717,48258,25,1
1771374354.411841,76_0,76,tpc_lock,5.882261753082275,46561,26,1
1771374356.5371675,77_0,77,tpc_commit,9.867157697677612,28795,26,1
1771374358.6327329,77_0,77,tpc_commit,2.0955538749694824,28795,26,1
1771374358.6714764,76_0,76,tpc_lock,4.259625911712647,46561,26,1
1771374368.5502846,77_0,77,tpc_lock,8.1379873752594,46561,27,1
1771374370.608135,77_0,77,tpc_lock,2.05784273147583,46561,27,1
1771374370.6627097,76_0,76,das_work,6.119291067123413,48258,27,1
1771374378.3724844,76_0,76,tpc_commit,7.709762096405029,28795,28,1
1771374382.630909,77_0,77,das_work,9.726671695709229,48258,28,1
1771374382.7032614,76_0,76,tpc_commit,4.330769300460815,28795,28,1
1771374390.382915,76_1,76,tpc_lock,6.122313022613525,46561,29,1
1771374392.5393977,77_0,77,tpc_commit,9.908478260040283,28795,29,1
1771374394.6199956,76_1,76,tpc_lock,4.237069845199585,46561,29,1
1771374394.6541364,77_0,77,tpc_commit,2.114731550216675,28795,29,1
1771374404.563957,77_1,77,tpc_lock,9.346266746520996,46549,30,1
1771374406.6417534,77_1,77,tpc_lock,2.077786922454834,46549,30,1
1771374406.6522007,76_1,76,das_work,5.946029186248779,48258,30,1
1771374414.445619,76_1,76,tpc_commit,7.79340672492981,28795,31,1
1771374418.6034205,76_1,76,tpc_commit,4.157790184020996,28795,31,1
1771374418.609112,77_1,77,das_work,2.673710823059082,48258,31,1
1771374426.412455,76_1,76,tpc_lock,5.973107099533081,46561,32,1
1771374428.609063,77_1,77,tpc_commit,9.999940633773804,28783,32,1
1771374430.6589575,77_1,77,tpc_commit,2.0498828887939453,28783,32,1
1771374430.6751466,76_1,76,tpc_lock,4.2626793384552,46561,32,1
1771374440.5698493,77_1,77,tpc_lock,8.830140829086304,46561,33,1
1771374442.607488,77_1,77,tpc_lock,2.037628412246704,46561,33,1
1771374442.612244,76_1,76,das_work,4.570910453796387,48258,33,1
1771374450.4280877,76_1,76,tpc_commit,7.815834522247314,28795,34,1
1771374454.5954125,76_1,76,tpc_commit,4.167314291000366,28795,34,1
1771374454.6063106,77_1,77,das_work,10.565344333648682,48258,34,1
1771374462.4002304,76_1,76,tpc_lock,6.529232025146484,46561,35,1
1771374464.5536475,77_1,77,tpc_commit,9.947326183319092,28795,35,1
1771374466.6003287,76_1,76,tpc_lock,4.200086355209351,46561,35,1
1771374466.616335,77_1,77,tpc_commit,2.062674760818481,28795,35,1
1771374476.5392203,77_1,77,tpc_lock,8.61468768119812,46561,36,1
1771374478.60018,76_1,76,das_work,8.382797479629517,48258,36,1
1771374478.6563215,77_1,77,tpc_lock,2.1170923709869385,46561,36,1
1771374486.3940568,76_1,76,tpc_commit,7.793869495391846,28795,37,1
1771374490.5972764,76_1,76,tpc_commit,4.203212022781372,28795,37,1
1771374490.610706,77_1,77,das_work,6.588027477264404,48258,37,1
1771374498.431318,76_1,76,tpc_lock,6.872583389282227,46561,38,1
1771374500.5728576,77_1,77,tpc_commit,9.962141752243042,28795,38,1
1771374502.608133,77_1,77,tpc_commit,2.035268068313598,28795,38,1
1771374502.6133296,76_1,76,tpc_lock,4.182001352310181,46561,38,1
1771374512.5315638,77_1,77,tpc_lock,8.721526622772217,46561,39,1
1771374514.5849817,76_1,76,das_work,9.49378490447998,48258,39,1
1771374514.5872202,77_1,77,tpc_lock,2.0556459426879883,46561,39,1
1771374522.379779,76_1,76,tpc_commit,7.79478907585144,28795,40,1
1771374526.5929024,77_1,77,das_work,5.184908866882324,48258,40,1
1771374526.6490283,76_1,76,tpc_commit,4.269236564636231,28795,40,1
1771374534.4396503,76_1,76,tpc_lock,6.989609479904175,46561,41,1
1771374536.5418367,77_1,77,tpc_commit,9.948923826217651,28795,41,1
1771374538.5903325,77_1,77,tpc_commit,2.048488140106201,28795,41,1
1771374538.593354,76_1,76,tpc_lock,4.153693437576294,46561,41,1
1771374548.5499942,77_1,77,tpc_lock,8.218929052352905,46561,42,1
1771374550.5894666,77_1,77,tpc_lock,2.0394606590271,46561,42,1
1771374550.6118703,76_1,76,das_work,10.643071174621582,48258,42,1
1771374558.3998492,76_1,76,tpc_commit,7.787968873977661,28795,43,1
1771374562.583194,76_1,76,tpc_commit,4.183334112167358,28795,43,1
1771374562.605662,77_1,77,das_work,4.722014665603638,48258,43,1
1771374570.4301963,76_2,76,tpc_lock,6.584869861602783,46561,44,1
1771374572.564093,77_1,77,tpc_commit,9.95842170715332,28795,44,1
1771374574.6194944,76_2,76,tpc_lock,4.18928861618042,46561,44,1
1771374574.625696,77_1,77,tpc_commit,2.061592102050781,28795,44,1
1771374584.5446725,77_2,77,tpc_lock,8.123605489730835,46549,45,1
1771374586.6127849,77_2,77,tpc_lock,2.0681002140045166,46549,45,1
1771374586.6407087,76_2,76,das_work,2.452345609664917,48258,45,1
1771374594.3986192,76_2,76,tpc_commit,7.757899761199951,28795,46,1
1771374598.587083,77_2,77,das_work,3.463961124420166,48258,46,1
1771374598.5889125,76_2,76,tpc_commit,4.190282821655273,28795,46,1
1771374606.4174142,76_2,76,tpc_lock,6.668823719024658,46561,47,1
1771374608.526744,77_2,77,tpc_commit,9.939650535583496,28783,47,1
1771374610.582166,77_2,77,tpc_commit,2.055410861968994,28783,47,1
1771374610.6503534,76_2,76,tpc_lock,4.232929468154907,46561,47,1
1771374620.592672,77_2,77,tpc_lock,8.405733823776245,46561,48,1
1771374622.5832446,77_2,77,tpc_lock,1.990563154220581,46561,48,1
1771374622.654896,76_2,76,das_work,5.169933557510376,48258,48,1
1771374630.415929,76_2,76,tpc_commit,7.761023044586182,28795,49,1
1771374634.5781288,76_2,76,tpc_commit,4.16218900680542,28795,49,1
1771374634.6285372,77_2,77,das_work,2.303447961807251,48258,49,1
1771374642.3504276,76_2,76,tpc_lock,6.499186754226685,46561,50,1
1771374644.591365,77_2,77,tpc_commit,9.962817668914797,28795,50,1
1771374646.5880742,76_2,76,tpc_lock,4.237632513046265,46561,50,1
1771374646.6330593,77_2,77,tpc_commit,2.0416817665100098,28795,50,1
1771374656.5764103,77_2,77,tpc_lock,8.006033182144165,46561,51,1
1771374658.5818603,76_2,76,das_work,10.645965576171877,48258,51,1
1771374658.6253595,77_2,77,tpc_lock,2.048937559127808,46561,51,1
1771374666.3588672,76_2,76,tpc_commit,7.776995420455933,28795,52,1
1771374670.6331725,76_2,76,tpc_commit,4.2742955684661865,28795,52,1
1771374670.633422,77_2,77,das_work,7.571309089660644,48258,52,1
1771374678.4208524,76_2,76,tpc_lock,6.894452095031738,46561,53,1
1771374680.5190315,77_2,77,tpc_commit,9.885601997375488,28795,53,1
1771374682.6535468,77_2,77,tpc_commit,2.1345036029815674,28795,53,1
1771374682.6606393,76_2,76,tpc_lock,4.239776849746704,46561,53,1
1771374692.5546622,77_2,77,tpc_lock,9.321336269378662,46561,54,1
1771374694.6562555,77_2,77,tpc_lock,2.1015818119049072,46561,54,1
1771374694.658727,76_2,76,das_work,5.655505418777466,48258,54,1
1771374702.422703,76_2,76,tpc_commit,7.763964414596558,28795,55,1
1771374706.6404057,76_2,76,tpc_commit,4.217693328857422,28795,55,1
1771374706.650909,77_2,77,das_work,10.066964626312256,48258,55,1
1771374714.396053,76_2,76,tpc_lock,6.481969594955444,46561,56,1
1771374716.5810308,77_2,77,tpc_commit,9.930112838745115,28795,56,1
1771374718.5890586,76_2,76,tpc_lock,4.192994594573975,46561,56,1
1771374718.6259618,77_2,77,tpc_commit,2.0449202060699463,28795,56,1
1771374728.587929,77_2,77,tpc_lock,9.422134399414062,46561,57,1
1771374730.5913415,76_2,76,das_work,7.7870934009552,48258,57,1
1771374730.6379635,77_2,77,tpc_lock,2.050024032592773,46561,57,1
1771374738.3730164,76_2,76,tpc_commit,7.781665563583374,28795,58,1
1771374742.5739176,76_2,76,tpc_commit,4.200890302658081,28795,58,1
1771374742.621622,77_2,77,das_work,2.6970560550689697,48258,58,1
1771374750.3546653,76_3,76,tpc_lock,6.76906943321228,46561,59,1
1771374752.5762014,77_2,77,tpc_commit,9.954569101333618,28795,59,1
1771374754.5759656,76_3,76,tpc_lock,4.221291780471802,46561,59,1
1771374754.6231446,77_2,77,tpc_commit,2.0469343662261963,28795,59,1
1771374764.570892,77_3,77,tpc_lock,8.731221199035645,46561,60,1
1771374766.5612044,77_3,77,tpc_lock,1.990302801132202,46561,60,1
1771374766.62659,76_3,76,das_work,2.6736886501312256,48258,60,1
1771374774.3820455,76_3,76,tpc_commit,7.755447864532471,28795,61,1
1771374778.5698247,76_3,76,tpc_commit,4.187768697738648,28795,61,1
1771374778.6397283,77_3,77,das_work,6.918024063110352,48258,61,1
1771374786.3716471,76_3,76,tpc_lock,7.080669403076172,46561,62,1
1771374788.5660894,77_3,77,tpc_commit,9.926352500915527,28795,62,1
1771374790.6069293,77_3,77,tpc_commit,2.0408291816711426,28795,62,1
1771374790.623271,76_3,76,tpc_lock,4.25161600112915,46561,62,1
1771374800.5774448,77_3,77,tpc_lock,9.027215719223022,46561,63,1
1771374802.6166775,76_3,76,das_work,10.264156341552734,48258,63,1
1771374802.634091,77_3,77,tpc_lock,2.0566346645355225,46561,63,1
1771374810.3758628,76_3,76,tpc_commit,7.759174346923828,28795,64,1
1771374814.575086,77_3,77,das_work,8.10728120803833,48258,64,1
1771374814.5908797,76_3,76,tpc_commit,4.215007305145264,28795,64,1
1771374822.3376596,76_3,76,tpc_lock,6.483408689498901,46561,65,1
1771374824.513801,77_3,77,tpc_commit,9.938707113265991,28795,65,1
1771374826.6067884,77_3,77,tpc_commit,2.092978239059448,28795,65,1
1771374826.60773,76_3,76,tpc_lock,4.270062685012817,46561,65,1
1771374836.532496,77_3,77,tpc_lock,8.726540565490723,46561,66,1
1771374838.616391,76_3,76,das_work,9.10681176185608,48258,66,1
1771374838.6370225,77_3,77,tpc_lock,2.1045143604278564,46561,66,1
1771374846.3720984,76_3,76,tpc_commit,7.755696058273315,28795,67,1
1771374850.6162348,76_3,76,tpc_commit,4.244126081466675,28795,67,1
1771374850.6183162,77_3,77,das_work,5.202030181884766,48258,67,1
1771374858.35155,76_3,76,tpc_lock,6.160373210906982,46561,68,1
1771374860.5343072,77_3,77,tpc_commit,9.915980577468872,28795,68,1
1771374862.5561955,77_3,77,tpc_commit,2.021879911422729,28795,68,1
1771374862.556749,76_3,76,tpc_lock,4.205191373825073,46561,68,1
1771374872.498303,77_3,77,tpc_lock,9.228644609451294,46561,69,1
1771374874.563709,77_3,77,tpc_lock,2.065398931503296,46561,69,1
1771374874.6272123,76_3,76,das_work,8.489347457885742,48258,69,1
1771374882.372033,76_3,76,tpc_commit,7.744812726974487,28795,70,1
1771374886.5748804,77_3,77,das_work,4.24850606918335,48258,70,1
1771374886.6022637,76_3,76,tpc_commit,4.230222225189209,28795,70,1
1771374894.3290224,76_3,76,tpc_lock,6.711239099502564,46561,71,1
1771374896.558398,77_3,77,tpc_commit,9.983509063720703,28795,71,1
1771374898.5695052,76_3,76,tpc_lock,4.240475177764893,46561,71,1
1771374898.612783,77_3,77,tpc_commit,2.054378032684326,28795,71,1
1771374908.5765872,77_3,77,tpc_lock,8.812320470809937,46561,72,1
1771374910.5884538,77_3,77,tpc_lock,2.0118556022644043,46561,72,1
1771374910.6259892,76_3,76,das_work,5.412091016769409,48258,72,1
1771374918.3703115,76_3,76,tpc_commit,7.7443108558654785,28795,73,1
1771374922.5544095,77_3,77,das_work,4.4008073806762695,48258,73,1
1771374922.560052,76_3,76,tpc_commit,4.189728498458862,28795,73,1
1771374930.3853192,76_4,76,tpc_lock,5.907548666000366,46561,74,1
1771374932.5386505,77_3,77,tpc_commit,9.984228372573853,28795,74,1
1771374934.5611348,76_4,76,tpc_lock,4.175805807113648,46561,74,1
1771374934.60074,77_3,77,tpc_commit,2.062077522277832,28795,74,1
1771374944.4918177,77_4,77,tpc_lock,8.734632968902588,46549,75,1
1771374946.5585268,77_4,77,tpc_lock,2.0667011737823486,46549,75,1
1771374946.613243,76_4,76,das_work,6.47700834274292,48258,75,1
1771374954.3684723,76_4,76,tpc_commit,7.755219459533691,28795,76,1
1771374958.555777,76_4,76,tpc_commit,4.187293767929077,28795,76,1
1771374958.6087146,77_4,77,das_work,9.252134323120115,48258,76,1
1771374966.3349812,76_4,76,tpc_lock,6.688986778259277,46561,77,1
1771374968.5584452,77_4,77,tpc_commit,9.949719429016112,28783,77,1
1771374970.5594866,76_4,76,tpc_lock,4.224498748779297,46561,77,1
1771374970.6009896,77_4,77,tpc_commit,2.04253363609314,28783,77,1
1771374980.4896262,77_4,77,tpc_lock,8.331307888031006,46561,78,1
1771374982.5638378,77_4,77,tpc_lock,2.0742032527923584,46561,78,1
1771374982.5801532,76_4,76,das_work,5.516371011734009,48258,78,1
1771374990.3620183,76_4,76,tpc_commit,7.781855821609497,28795,79,1
1771374994.6296618,76_4,76,tpc_commit,4.267634153366089,28795,79,1
1771374994.6457317,77_4,77,das_work,2.1301283836364746,48258,79,1
1771375002.385776,76_4,76,tpc_lock,6.584415912628174,46561,80,1
1771375004.5048287,77_4,77,tpc_commit,9.859087944030762,28795,80,1
1771375006.5614634,76_4,76,tpc_lock,4.17567777633667,46561,80,1
1771375006.5666437,77_4,77,tpc_commit,2.061800241470337,28795,80,1
1771375016.500661,77_4,77,tpc_lock,9.257583379745483,46561,81,1
1771375018.5926883,77_4,77,tpc_lock,2.0920181274414062,46561,81,1
1771375018.646659,76_4,76,das_work,6.413326740264893,48258,81,1
1771375026.3245633,76_4,76,tpc_commit,7.6778929233551025,28795,82,1
1771375030.6192312,77_4,77,das_work,5.9595787525177,48258,82,1
1771375030.627385,76_4,76,tpc_commit,4.302813053131104,28795,82,1
1771375038.36528,76_4,76,tpc_lock,6.530699253082275,46561,83,1
1771375040.511315,77_4,77,tpc_commit,9.892072439193726,28795,83,1
1771375042.5556643,76_4,76,tpc_lock,4.19037675857544,46561,83,1
1771375042.5646524,77_4,77,tpc_commit,2.0533270835876465,28795,83,1
1771375052.5134764,77_4,77,tpc_lock,8.017454385757446,46561,84,1
1771375054.55908,77_4,77,tpc_lock,2.045595407485962,46561,84,1
1771375054.5711606,76_4,76,das_work,10.8287935256958,48258,84,1
1771375062.3534596,76_4,76,tpc_commit,7.782288074493408,28795,85,1
1771375066.5467114,76_4,76,tpc_commit,4.193242073059082,28795,85,1
1771375066.5822306,77_4,77,das_work,8.428579092025757,48258,85,1
1771375074.3297234,76_4,76,tpc_lock,6.177725315093994,46561,86,1
1771375076.5134754,77_4,77,tpc_commit,9.931234359741213,28795,86,1
1771375078.529779,76_4,76,tpc_lock,4.200042486190796,46561,86,1
1771375078.583815,77_4,77,tpc_commit,2.070332288742065,28795,86,1
1771375088.5273428,77_4,77,tpc_lock,9.247522830963137,46561,87,1
1771375090.5115664,76_4,76,das_work,9.872477531433104,48258,87,1
1771375090.5129876,77_4,77,tpc_lock,1.985631227493286,46561,87,1
1771375098.3472407,76_4,76,tpc_commit,7.835665464401245,28795,88,1
1771375102.498098,76_4,76,tpc_commit,4.1508495807647705,28795,88,1
1771375102.5323625,77_4,77,das_work,6.994219303131104,48258,88,1
1771375112.5106063,77_4,77,tpc_commit,9.97823691368103,28795,89,1
1771375114.4876995,77_4,77,tpc_commit,1.9770865440368648,28795,89,1
1771374212.6074002,79_0,79,tpc_lock,8.42948842048645,46561,14,1
1771374214.6218169,79_0,79,tpc_lock,2.0144073963165283,46561,14,1
1771374222.4517884,78_0,78,tpc_lock,6.3690478801727295,46561,15,1
1771374226.6361566,79_0,79,das_work,3.558135509490967,48258,15,1
1771374226.655787,78_0,78,tpc_lock,4.203990697860718,46561,15,1
1771374236.574032,79_0,79,tpc_commit,9.937861680984495,28795,16,1
1771374238.6705394,79_0,79,tpc_commit,2.0964903831481934,28795,16,1
1771374238.721975,78_0,78,das_work,9.992359161376951,48258,16,1
1771374246.396716,78_0,78,tpc_commit,7.674729347229004,28795,17,1
1771374248.5536897,79_0,79,tpc_lock,8.065504789352417,46561,17,1
1771374250.624946,78_0,78,tpc_commit,4.228219747543335,28795,17,1
1771374250.6981738,79_0,79,tpc_lock,2.1444754600524902,46561,17,1
1771374258.428397,78_0,78,tpc_lock,7.130664825439453,46561,18,1
1771374262.6281085,79_0,79,das_work,9.904147148132324,48258,18,1
1771374262.703389,78_0,78,tpc_lock,4.274981021881104,46561,18,1
1771374272.5405414,79_0,79,tpc_commit,9.912420749664308,28795,19,1
1771374274.6856785,78_0,78,das_work,7.284058570861816,48258,19,1
1771374274.729682,79_0,79,tpc_commit,2.18913197517395,28795,19,1
1771374282.401154,78_0,78,tpc_commit,7.715465307235718,28795,20,1
1771374284.5851984,79_0,79,tpc_lock,8.945974588394165,46561,20,1
1771374286.6134686,79_0,79,tpc_lock,2.028261184692383,46561,20,1
1771374286.6754944,78_0,78,tpc_commit,4.2743330001831055,28795,20,1
1771374294.3738809,78_0,78,tpc_lock,5.883536100387573,46561,21,1
1771374298.6504238,78_0,78,tpc_lock,4.276534795761108,46561,21,1
1771374298.6957018,79_0,79,das_work,4.2640790939331055,48258,21,1
1771374308.6128187,79_0,79,tpc_commit,9.917108535766602,28795,22,1
1771374310.6072936,79_0,79,tpc_commit,1.9944641590118408,28795,22,1
1771374310.6774747,78_0,78,das_work,2.3406906127929688,48258,22,1
1771374318.3830545,78_0,78,tpc_commit,7.705569744110107,28795,23,1
1771374320.560915,79_0,79,tpc_lock,9.446517705917358,46561,23,1
1771374322.6765604,79_0,79,tpc_lock,2.115638256072998,46561,23,1
1771374322.679112,78_0,78,tpc_commit,4.2960498332977295,28795,23,1
1771374330.4468856,78_0,78,tpc_lock,6.293642520904541,46561,24,1
1771374334.612701,79_0,79,das_work,2.998633861541748,48258,24,1
1771374334.623086,78_0,78,tpc_lock,4.176187515258789,46561,24,1
1771374344.542016,79_0,79,tpc_commit,9.929304599761965,28795,25,1
1771374346.6044147,78_0,78,das_work,5.944282054901123,48258,25,1
1771374346.6801262,79_0,79,tpc_commit,2.138099670410156,28795,25,1
1771374354.3766615,78_0,78,tpc_commit,7.772237539291382,28795,26,1
1771374356.6087358,79_0,79,tpc_lock,8.133704900741577,46561,26,1
1771374358.6022108,78_0,78,tpc_commit,4.2255401611328125,28795,26,1
1771374358.6119616,79_0,79,tpc_lock,2.00321626663208,46561,26,1
1771374366.426371,78_0,78,tpc_lock,7.0851006507873535,46561,27,1
1771374370.623489,79_0,79,das_work,7.887893199920654,48258,27,1
1771374370.6255314,78_0,78,tpc_lock,4.199151039123535,46561,27,1
1771374380.550516,79_0,79,tpc_commit,9.927014112472534,28795,28,1
1771374382.6236506,79_0,79,tpc_commit,2.07312560081482,28795,28,1
1771374382.6342292,78_0,78,das_work,4.129305601119995,48258,28,1
1771374390.378499,78_0,78,tpc_commit,7.74426007270813,28795,29,1
1771374392.543933,79_1,79,tpc_lock,9.168829917907717,46561,29,1
1771374394.5965712,79_1,79,tpc_lock,2.0526270866394043,46561,29,1
1771374394.6263676,78_0,78,tpc_commit,4.247858762741089,28795,29,1
1771374402.3677728,78_1,78,tpc_lock,6.900304794311523,46561,30,1
1771374406.6184475,78_1,78,tpc_lock,4.250666379928589,46561,30,1
1771374406.6650293,79_1,79,das_work,6.95161509513855,48258,30,1
1771374416.5265405,79_1,79,tpc_commit,9.86150050163269,28795,31,1
1771374418.6597672,79_1,79,tpc_commit,2.13321852684021,28795,31,1
1771374418.666059,78_1,78,das_work,9.60139775276184,48258,31,1
1771374426.3686347,78_1,78,tpc_commit,7.702565908432007,28795,32,1
1771374428.5890613,79_1,79,tpc_lock,8.934991836547852,46561,32,1
1771374430.590195,78_1,78,tpc_commit,4.221549034118652,28795,32,1
1771374430.6428266,79_1,79,tpc_lock,2.053755283355713,46561,32,1
1771374438.3816438,78_1,78,tpc_lock,6.774545669555664,46561,33,1
1771374442.611725,78_1,78,tpc_lock,4.230072975158691,46561,33,1
1771374442.6717024,79_1,79,das_work,3.60659384727478,48258,33,1
1771374452.587628,79_1,79,tpc_commit,9.915915966033936,28795,34,1
1771374454.5886798,79_1,79,tpc_commit,2.0010416507720947,28795,34,1
1771374454.6220877,78_1,78,das_work,5.161223888397217,48258,34,1
1771374462.3651094,78_1,78,tpc_commit,7.743010282516479,28795,35,1
1771374464.5778618,79_1,79,tpc_lock,8.514113426208496,46549,35,1
1771374466.587884,78_1,78,tpc_commit,4.222766637802124,28795,35,1
1771374466.627068,79_1,79,tpc_lock,2.0491983890533447,46549,35,1
1771374474.4249508,78_1,78,tpc_lock,6.882461071014404,46561,36,1
1771374478.5926998,78_1,78,tpc_lock,4.167738199234009,46561,36,1
1771374478.6546066,79_1,79,das_work,8.083330392837524,48258,36,1
1771374488.5707722,79_1,79,tpc_commit,9.916154384613035,28783,37,1
1771374490.6354356,78_1,78,das_work,9.326011657714844,48258,37,1
1771374490.6566768,79_1,79,tpc_commit,2.0858943462371826,28783,37,1
1771374498.4257624,78_1,78,tpc_commit,7.790316343307495,28795,38,1
1771374500.5300558,79_1,79,tpc_lock,8.241109609603882,46561,38,1
1771374502.5825996,79_1,79,tpc_lock,2.052537202835083,46561,38,1
1771374502.6483924,78_1,78,tpc_commit,4.222620487213135,28795,38,1
1771374510.380848,78_1,78,tpc_lock,5.755808591842651,46561,39,1
1771374514.6401124,78_1,78,tpc_lock,4.259256601333618,46561,39,1
1771374514.6498442,79_1,79,das_work,4.341253280639648,48258,39,1
1771374524.535632,79_1,79,tpc_commit,9.885780334472656,28795,40,1
1771374526.5846314,78_1,78,das_work,9.924834489822388,48258,40,1
1771374526.6512775,79_1,79,tpc_commit,2.1156351566314697,28795,40,1
1771374534.401871,78_1,78,tpc_commit,7.817230939865112,28795,41,1
1771374536.5949385,79_1,79,tpc_lock,9.344305515289308,46561,41,1
1771374538.5861602,78_1,78,tpc_commit,4.184278726577759,28795,41,1
1771374538.6135168,79_1,79,tpc_lock,2.018568277359009,46561,41,1
1771374546.3781197,78_1,78,tpc_lock,6.291378498077393,46561,42,1
1771374550.5870197,78_1,78,tpc_lock,4.2088892459869385,46561,42,1
1771374550.649342,79_1,79,das_work,8.208953142166138,48258,42,1
1771374560.5472643,79_1,79,tpc_commit,9.897912979125977,28795,43,1
1771374562.6027513,79_1,79,tpc_commit,2.055476427078247,28795,43,1
1771374562.6660995,78_1,78,das_work,10.627550601959229,48258,43,1
1771374570.3676229,78_1,78,tpc_commit,7.701513051986694,28795,44,1
1771374572.5300162,79_2,79,tpc_lock,9.1771399974823,46561,44,1
1771374574.5940404,78_1,78,tpc_commit,4.226409196853638,28795,44,1
1771374574.607627,79_2,79,tpc_lock,2.077601432800293,46561,44,1
1771374582.3932805,78_2,78,tpc_lock,6.892935276031494,46549,45,1
1771374586.614385,78_2,78,tpc_lock,4.221093416213989,46549,45,1
1771374586.646213,79_2,79,das_work,8.278030633926392,48258,45,1
1771374596.5323927,79_2,79,tpc_commit,9.886170387268066,28795,46,1
1771374598.5880885,78_2,78,das_work,4.3305981159210205,48258,46,1
1771374598.6410997,79_2,79,tpc_commit,2.108699083328247,28795,46,1
1771374606.3605034,78_2,78,tpc_commit,7.772404909133911,28783,47,1
1771374608.536114,79_2,79,tpc_lock,8.005286455154419,46561,47,1
1771374610.5902045,78_2,78,tpc_commit,4.229688882827759,28783,47,1
1771374610.6417136,79_2,79,tpc_lock,2.1055922508239746,46561,47,1
1771374618.376659,78_2,78,tpc_lock,6.9908833503723145,46561,48,1
1771374622.5808237,79_2,79,das_work,6.237176418304443,48258,48,1
1771374622.6156783,78_2,78,tpc_lock,4.239009141921997,46561,48,1
1771374632.5214047,79_2,79,tpc_commit,9.940568447113035,28795,49,1
1771374634.5893388,78_2,78,das_work,4.109448194503784,48258,49,1
1771374634.6246655,79_2,79,tpc_commit,2.1032509803771973,28795,49,1
1771374642.4074967,78_2,78,tpc_commit,7.818147897720337,28795,50,1
1771374644.5164444,79_2,79,tpc_lock,8.718607187271118,46561,50,1
1771374646.5786133,79_2,79,tpc_lock,2.062161445617676,46561,50,1
1771374646.631944,78_2,78,tpc_commit,4.224436044692993,28795,50,1
1771374654.4025311,78_2,78,tpc_lock,6.268036127090454,46561,51,1
1771374658.590341,79_2,79,das_work,6.655475378036499,48258,51,1
1771374658.5920074,78_2,78,tpc_lock,4.189468860626221,46561,51,1
1771374668.5071363,79_2,79,tpc_commit,9.91678500175476,28795,52,1
1771374670.625008,78_2,78,das_work,7.59228253364563,48258,52,1
1771374670.6510134,79_2,79,tpc_commit,2.1438703536987305,28795,52,1
1771374678.421724,78_2,78,tpc_commit,7.796704053878784,28795,53,1
1771374680.5192437,79_2,79,tpc_lock,9.15278697013855,46561,53,1
1771374682.59129,78_2,78,tpc_commit,4.169554710388184,28795,53,1
1771374682.5936234,79_2,79,tpc_lock,2.074368476867676,46561,53,1
1771374690.343373,78_2,78,tpc_lock,6.492960691452026,46561,54,1
1771374694.6447632,79_2,79,das_work,7.182308912277222,48258,54,1
1771374694.6479986,78_2,78,tpc_lock,4.304617881774902,46561,54,1
1771374704.5430417,79_2,79,tpc_commit,9.89827036857605,28795,55,1
1771374706.6289675,79_2,79,tpc_commit,2.0859134197235107,28795,55,1
1771374706.656366,78_2,78,das_work,10.664141654968262,48258,55,1
1771374714.4217887,78_2,78,tpc_commit,7.765411376953125,28795,56,1
1771374716.559877,79_2,79,tpc_lock,9.350268363952637,46561,56,1
1771374718.5844588,79_2,79,tpc_lock,2.024571895599365,46561,56,1
1771374718.633014,78_2,78,tpc_commit,4.211215734481812,28795,56,1
1771374726.3417451,78_2,78,tpc_lock,6.964967966079712,46561,57,1
1771374730.5829573,79_2,79,das_work,8.502012252807617,48258,57,1
1771374730.6352468,78_2,78,tpc_lock,4.293491363525391,46561,57,1
1771374740.585653,79_2,79,tpc_commit,10.002685070037842,28795,58,1
1771374742.612227,79_2,79,tpc_commit,2.026564598083496,28795,58,1
1771374742.6214814,78_2,78,das_work,7.418998718261719,48258,58,1
1771374750.345595,78_2,78,tpc_commit,7.724103212356567,28795,59,1
1771374752.5770605,79_3,79,tpc_lock,8.938979864120483,46561,59,1
1771374754.561647,78_2,78,tpc_commit,4.21604323387146,28795,59,1
1771374754.6342485,79_3,79,tpc_lock,2.057177782058716,46561,59,1
1771374762.337842,78_3,78,tpc_lock,6.079326868057251,46561,60,1
1771374766.573855,78_3,78,tpc_lock,4.236002445220947,46561,60,1
1771374766.5807636,79_3,79,das_work,8.342845916748047,48258,60,1
1771374776.5099823,79_3,79,tpc_commit,9.929208993911743,28795,61,1
1771374778.5744505,79_3,79,tpc_commit,2.064457654953003,28795,61,1
1771374778.6346333,78_3,78,das_work,8.891136884689331,48258,61,1
1771374786.4150765,78_3,78,tpc_commit,7.780432224273682,28795,62,1
1771374788.506148,79_3,79,tpc_lock,9.060755491256714,46561,62,1
1771374790.5755522,79_3,79,tpc_lock,2.069397211074829,46561,62,1
1771374790.592966,78_3,78,tpc_commit,4.177877902984619,28795,62,1
1771374798.3415792,78_3,78,tpc_lock,7.229882001876831,46561,63,1
1771374802.6168482,79_3,79,das_work,10.486205339431764,48258,63,1
1771374802.6319475,78_3,78,tpc_lock,4.290357828140259,46561,63,1
1771374812.5144334,79_3,79,tpc_commit,9.897541046142578,28795,64,1
1771374814.6094038,79_3,79,tpc_commit,2.094963788986206,28795,64,1
1771374814.6112638,78_3,78,das_work,5.332788228988648,48258,64,1
1771374822.40014,78_3,78,tpc_commit,7.78886604309082,28795,65,1
1771374824.5036216,79_3,79,tpc_lock,8.931994676589966,46561,65,1
1771374826.5720558,79_3,79,tpc_lock,2.0684244632720947,46561,65,1
1771374826.5845995,78_3,78,tpc_commit,4.184449434280396,28795,65,1
1771374834.333555,78_3,78,tpc_lock,6.26319146156311,46561,66,1
1771374838.5735097,79_3,79,das_work,2.278307676315308,48258,66,1
1771374838.5886729,78_3,78,tpc_lock,4.2551093101501465,46561,66,1
1771374848.5708408,79_3,79,tpc_commit,9.997321128845217,28795,67,1
1771374850.561279,79_3,79,tpc_commit,1.9904310703277588,28795,67,1
1771374850.6443105,78_3,78,das_work,5.647180557250977,48258,67,1
1771374858.387159,78_3,78,tpc_commit,7.742840766906738,28795,68,1
1771374860.5387452,79_3,79,tpc_lock,9.426969051361084,46561,68,1
1771374862.6109917,78_3,78,tpc_commit,4.223823070526123,28795,68,1
1771374862.61755,79_3,79,tpc_lock,2.078796148300171,46561,68,1
1771374870.362381,78_3,78,tpc_lock,6.565722465515137,46561,69,1
1771374874.558797,78_3,78,tpc_lock,4.196406602859497,46561,69,1
1771374874.5598776,79_3,79,das_work,2.451912641525269,48258,69,1
1771374884.5467384,79_3,79,tpc_commit,9.98685336112976,28795,70,1
1771374886.5559094,79_3,79,tpc_commit,2.0091609954833984,28795,70,1
1771374886.59073,78_3,78,das_work,6.5499656200408936,48258,70,1
1771374894.3946793,78_3,78,tpc_commit,7.803942203521728,28795,71,1
1771374896.5682414,79_3,79,tpc_lock,8.215785503387451,46561,71,1
1771374898.558402,78_3,78,tpc_commit,4.163712024688721,28795,71,1
1771374898.5921588,79_3,79,tpc_lock,2.023909330368042,46561,71,1
1771374906.4054966,78_3,78,tpc_lock,6.481505393981934,46561,72,1
1771374910.5564644,79_3,79,das_work,8.981582164764404,48258,72,1
1771374910.5770023,78_3,78,tpc_lock,4.171495199203491,46561,72,1
1771374920.5358956,79_3,79,tpc_commit,9.979418754577637,28795,73,1
1771374922.5629592,78_3,78,das_work,2.8559277057647705,48258,73,1
1771374922.5678265,79_3,79,tpc_commit,2.03192138671875,28795,73,1
1771374930.364891,78_3,78,tpc_commit,7.801922082901001,28795,74,1
1771374932.545291,79_4,79,tpc_lock,8.932159423828125,46549,74,1
1771374934.553755,78_3,78,tpc_commit,4.188854455947876,28795,74,1
1771374934.6151593,79_4,79,tpc_lock,2.0698587894439697,46549,74,1
1771374942.358782,78_4,78,tpc_lock,6.867457866668701,46561,75,1
1771374946.5704217,79_4,79,das_work,4.0136191844940186,48258,75,1
1771374946.6080174,78_4,78,tpc_lock,4.249226093292236,46561,75,1
1771374956.485271,79_4,79,tpc_commit,9.91484022140503,28783,76,1
1771374958.6247385,78_4,78,das_work,2.8417534828186035,48258,76,1
1771374958.6440756,79_4,79,tpc_commit,2.1587953567504883,28783,76,1
1771374966.3448942,78_4,78,tpc_commit,7.720146179199219,28795,77,1
1771374968.5399668,79_4,79,tpc_lock,8.815629243850708,46561,77,1
1771374970.5657787,78_4,78,tpc_commit,4.220874786376953,28795,77,1
1771374970.6108098,79_4,79,tpc_lock,2.070833206176758,46561,77,1
1771374978.3188677,78_4,78,tpc_lock,7.081151247024536,46561,78,1
1771374982.5505917,78_4,78,tpc_lock,4.231716632843018,46561,78,1
1771374982.5619953,79_4,79,das_work,3.1813459396362305,48258,78,1
1771374992.5390315,79_4,79,tpc_commit,9.977028846740724,28795,79,1
1771374994.568339,79_4,79,tpc_commit,2.0292961597442627,28795,79,1
1771374994.5691023,78_4,78,das_work,5.795018196105957,48258,79,1
1771375002.389664,78_4,78,tpc_commit,7.820553302764893,28795,80,1
1771375004.5147855,79_4,79,tpc_lock,8.850967168807983,46561,80,1
1771375006.5943236,79_4,79,tpc_lock,2.0795254707336426,46561,80,1
1771375006.6222675,78_4,78,tpc_commit,4.232592821121216,28795,80,1
1771375014.373773,78_4,78,tpc_lock,5.993147134780884,46561,81,1
1771375018.5885065,78_4,78,tpc_lock,4.214722633361816,46561,81,1
1771375018.5998745,79_4,79,das_work,7.15648078918457,48258,81,1
1771375028.5196178,79_4,79,tpc_commit,9.919730186462402,28795,82,1
1771375030.5503953,79_4,79,tpc_commit,2.0307679176330566,28795,82,1
1771375030.5708916,78_4,78,das_work,4.34210467338562,48258,82,1
1771375038.3620722,78_4,78,tpc_commit,7.791172981262207,28795,83,1
1771375040.4800816,79_4,79,tpc_lock,8.323155879974365,46561,83,1
1771375042.5570908,79_4,79,tpc_lock,2.077002048492432,46561,83,1
1771375042.5919366,78_4,78,tpc_commit,4.229854345321655,28795,83,1
1771375050.3742504,78_4,78,tpc_lock,6.690144777297974,46561,84,1
1771375054.5462208,78_4,78,tpc_lock,4.171935558319092,46561,84,1
1771375054.5469763,79_4,79,das_work,4.800595045089722,48258,84,1
1771375064.537511,79_4,79,tpc_commit,9.990525245666504,28795,85,1
1771375066.5449364,79_4,79,tpc_commit,2.007415771484375,28795,85,1
1771375066.551563,78_4,78,das_work,9.34500813484192,48258,85,1
1771375074.305442,78_4,78,tpc_commit,7.753868818283081,28795,86,1
1771375076.5273702,79_4,79,tpc_lock,9.051316738128662,46561,86,1
1771375078.554176,78_4,78,tpc_commit,4.248726844787598,28795,86,1
1771375078.5761957,79_4,79,tpc_lock,2.048816204071045,46561,86,1
1771375086.3364763,78_4,78,tpc_lock,6.3748931884765625,46561,87,1
1771375090.5063157,78_4,78,tpc_lock,4.169828414916992,46561,87,1
1771375090.5074313,79_4,79,das_work,5.490228652954102,48258,87,1
1771375100.4758208,79_4,79,tpc_commit,9.968381881713867,28795,88,1
1771375102.553903,79_4,79,tpc_commit,2.0780746936798096,28795,88,1
1771375102.5741315,78_4,78,das_work,8.106053113937378,48258,88,1
1771375110.371026,78_4,78,tpc_commit,7.796884775161743,28795,89,1
1771375114.4894214,78_4,78,tpc_commit,4.118388175964356,28795,89,1
1771374138.4152863,6_0,6,tpc_lock,6.182067155838013,46561,8,1
1771374140.5351107,7_0,7,tpc_lock,10.089259386062622,46561,8,1
1771374142.6344514,7_0,7,tpc_lock,2.099332809448242,46561,8,1
1771374142.6502354,6_0,6,tpc_lock,4.234942197799683,46561,8,1
1771374154.5865889,6_0,6,das_work,10.796187400817873,48258,9,1
1771374154.622941,7_0,7,das_work,6.085537672042847,48258,9,1
1771374162.4064395,6_0,6,tpc_commit,7.81984281539917,28795,10,1
1771374164.6232233,7_0,7,tpc_commit,10.00027060508728,28795,10,1
1771374166.5668604,6_0,6,tpc_commit,4.160414218902588,28795,10,1
1771374166.6224656,7_0,7,tpc_commit,1.999234676361084,28795,10,1
1771374174.4086108,6_0,6,tpc_lock,5.980085372924805,46561,11,1
1771374176.5840766,7_0,7,tpc_lock,8.422188997268677,46561,11,1
1771374178.573503,6_0,6,tpc_lock,4.164884567260742,46561,11,1
1771374178.611551,7_0,7,tpc_lock,2.0274646282196045,46561,11,1
1771374190.5855596,7_0,7,das_work,5.383660316467285,48258,12,1
1771374190.587559,6_0,6,das_work,9.853002548217772,48258,12,1
1771374198.464737,6_0,6,tpc_commit,7.877166509628296,28795,13,1
1771374200.6008973,7_0,7,tpc_commit,10.01533031463623,28795,13,1
1771374202.6415124,6_0,6,tpc_commit,4.176727533340454,28795,13,1
1771374202.6488123,7_0,7,tpc_commit,2.047904253005981,28795,13,1
1771374210.4152555,6_0,6,tpc_lock,7.092844486236572,46561,14,1
1771374212.541041,7_0,7,tpc_lock,9.05426549911499,46561,14,1
1771374214.597961,6_0,6,tpc_lock,4.182692766189575,46561,14,1
1771374214.6483133,7_0,7,tpc_lock,2.107264757156372,46561,14,1
1771374226.6189284,7_0,7,das_work,1.972683668136597,48258,15,1
1771374226.6720145,6_0,6,das_work,3.484574556350708,48258,15,1
1771374234.3794253,6_0,6,tpc_commit,7.707400321960449,28795,16,1
1771374236.570216,7_0,7,tpc_commit,9.95127773284912,28795,16,1
1771374238.6104064,7_0,7,tpc_commit,2.040179967880249,28795,16,1
1771374238.6245284,6_0,6,tpc_commit,4.2450947761535645,28795,16,1
1771374246.468734,6_0,6,tpc_lock,6.490909576416016,46561,17,1
1771374248.592627,7_0,7,tpc_lock,8.326007843017578,46561,17,1
1771374250.6258683,6_0,6,tpc_lock,4.157124996185303,46561,17,1
1771374250.671647,7_0,7,tpc_lock,2.079011917114258,46561,17,1
1771374262.6819458,6_0,6,das_work,4.028892993927002,48258,18,1
1771374262.6998816,7_0,7,das_work,3.7477457523345943,48258,18,1
1771374270.406,6_0,6,tpc_commit,7.724043369293213,28795,19,1
1771374272.5409987,7_0,7,tpc_commit,9.841109275817873,28795,19,1
1771374274.6099815,6_0,6,tpc_commit,4.203973054885864,28795,19,1
1771374274.636774,7_0,7,tpc_commit,2.095768690109253,28795,19,1
1771374282.4510946,6_0,6,tpc_lock,6.909386873245239,46561,20,1
1771374284.5957367,7_0,7,tpc_lock,9.370760917663574,46561,20,1
1771374286.6632493,7_0,7,tpc_lock,2.067500352859497,46561,20,1
1771374286.6638837,6_0,6,tpc_lock,4.212780475616455,46561,20,1
1771374298.6154416,7_0,7,das_work,3.6185028553009033,48258,21,1
1771374298.672974,6_0,6,das_work,4.232605695724487,48258,21,1
1771374306.375873,6_0,6,tpc_commit,7.702891111373901,28795,22,1
1771374308.6017373,7_0,7,tpc_commit,9.986283302307127,28795,22,1
1771374310.6079378,7_0,7,tpc_commit,2.006192684173584,28795,22,1
1771374310.627698,6_0,6,tpc_commit,4.2518150806427,28795,22,1
1771374318.4591706,6_1,6,tpc_lock,6.273399829864502,46561,23,1
1771374320.5931368,7_1,7,tpc_lock,8.846749067306519,46561,23,1
1771374322.60724,6_1,6,tpc_lock,4.148060083389282,46561,23,1
1771374322.6868072,7_1,7,tpc_lock,2.0936594009399414,46561,23,1
1771374334.63087,7_1,7,das_work,6.903110504150391,48258,24,1
1771374334.6674156,6_1,6,das_work,7.301177501678467,48258,24,1
1771374342.4324071,6_1,6,tpc_commit,7.764981985092163,28795,25,1
1771374344.5640252,7_1,7,tpc_commit,9.933146238327026,28795,25,1
1771374346.5995958,6_1,6,tpc_commit,4.167179346084595,28795,25,1
1771374346.6437433,7_1,7,tpc_commit,2.0797080993652344,28795,25,1
1771374354.419279,6_1,6,tpc_lock,7.207152843475342,46561,26,1
1771374356.588755,7_1,7,tpc_lock,8.62287163734436,46561,26,1
1771374358.6214452,7_1,7,tpc_lock,2.0326807498931885,46561,26,1
1771374358.63316,6_1,6,tpc_lock,4.213870048522949,46561,26,1
1771374370.6084056,6_1,6,das_work,7.044354438781738,48258,27,1
1771374370.687,7_1,7,das_work,3.32774019241333,48258,27,1
1771374378.4254837,6_1,6,tpc_commit,7.817065954208374,28795,28,1
1771374380.593122,7_1,7,tpc_commit,9.906113624572754,28795,28,1
1771374382.6092796,6_1,6,tpc_commit,4.183786153793335,28795,28,1
1771374382.6186616,7_1,7,tpc_commit,2.0255298614501958,28795,28,1
1771374390.382675,6_1,6,tpc_lock,6.077659368515015,46561,29,1
1771374392.56821,7_1,7,tpc_lock,9.038321256637571,46549,29,1
1771374394.6452444,6_1,6,tpc_lock,4.262558937072754,46561,29,1
1771374394.653882,7_1,7,tpc_lock,2.0856611728668213,46549,29,1
1771374406.6115074,6_1,6,das_work,4.805334568023682,48258,30,1
1771374406.67846,7_1,7,das_work,6.569104433059692,48258,30,1
1771374414.407439,6_1,6,tpc_commit,7.79592227935791,28795,31,1
1771374416.5812967,7_1,7,tpc_commit,9.90282654762268,28783,31,1
1771374418.5970688,7_1,7,tpc_commit,2.0157623291015625,28783,31,1
1771374418.6597571,6_1,6,tpc_commit,4.252310276031494,28795,31,1
1771374426.3718646,6_1,6,tpc_lock,6.17830228805542,46561,32,1
1771374428.5488908,7_1,7,tpc_lock,8.834904432296753,46561,32,1
1771374430.607858,6_1,6,tpc_lock,4.235982894897461,46561,32,1
1771374430.6153643,7_1,7,tpc_lock,2.066465139389038,46561,32,1
1771374442.6072423,7_1,7,das_work,6.396030426025391,48258,33,1
1771374442.6616898,6_1,6,das_work,2.5824012756347656,48258,33,1
1771374450.443538,6_1,6,tpc_commit,7.781838655471802,28795,34,1
1771374452.5334923,7_1,7,tpc_commit,9.9262375831604,28795,34,1
1771374454.6033208,6_1,6,tpc_commit,4.1597740650177,28795,34,1
1771374454.634967,7_1,7,tpc_commit,2.1014621257781982,28795,34,1
1771374462.3670754,6_1,6,tpc_lock,5.891861438751221,46561,35,1
1771374464.6029787,7_1,7,tpc_lock,8.540378332138062,46561,35,1
1771374466.5958903,6_1,6,tpc_lock,4.2288079261779785,46561,35,1
1771374466.6351297,7_1,7,tpc_lock,2.0321414470672607,46561,35,1
1771374478.6077943,6_1,6,das_work,3.912652015686035,48258,36,1
1771374478.6440463,7_1,7,das_work,10.924806594848633,48258,36,1
1771374486.3911836,6_1,6,tpc_commit,7.783378839492798,28795,37,1
1771374488.5692549,7_1,7,tpc_commit,9.92519474029541,28795,37,1
1771374490.5938137,7_1,7,tpc_commit,2.0245471000671387,28795,37,1
1771374490.6319177,6_1,6,tpc_commit,4.240726709365845,28795,37,1
1771374498.3679206,6_2,6,tpc_lock,6.365891695022583,46561,38,1
1771374500.574744,7_2,7,tpc_lock,8.734561204910278,46561,38,1
1771374502.582221,6_2,6,tpc_lock,4.214290142059326,46561,38,1
1771374502.6577926,7_2,7,tpc_lock,2.0830249786376958,46561,38,1
1771374514.6149678,6_2,6,das_work,4.203888654708862,48258,39,1
1771374514.6497076,7_2,7,das_work,5.943377494812012,48258,39,1
1771374522.3583498,6_2,6,tpc_commit,7.743374586105347,28795,40,1
1771374524.594525,7_2,7,tpc_commit,9.944810628890991,28795,40,1
1771374526.586339,6_2,6,tpc_commit,4.227979898452759,28795,40,1
1771374526.6180706,7_2,7,tpc_commit,2.0235371589660645,28795,40,1
1771374534.4104376,6_2,6,tpc_lock,5.857496500015259,46561,41,1
1771374536.5876987,7_2,7,tpc_lock,9.026914834976196,46561,41,1
1771374538.6161854,7_2,7,tpc_lock,2.0284783840179443,46561,41,1
1771374538.6290488,6_2,6,tpc_lock,4.218601226806641,46561,41,1
1771374550.6131134,6_2,6,das_work,3.1777708530426025,48258,42,1
1771374550.6399207,7_2,7,das_work,2.661743640899658,48258,42,1
1771374558.3508682,6_2,6,tpc_commit,7.737747430801392,28795,43,1
1771374560.5909486,7_2,7,tpc_commit,9.95101833343506,28795,43,1
1771374562.623032,7_2,7,tpc_commit,2.0320725440979004,28795,43,1
1771374562.6317005,6_2,6,tpc_commit,4.280824422836304,28795,43,1
1771374570.3590648,6_2,6,tpc_lock,6.079309940338135,46561,44,1
1771374572.5661304,7_2,7,tpc_lock,8.734811782836914,46561,44,1
1771374574.5870864,6_2,6,tpc_lock,4.22801399230957,46561,44,1
1771374574.605935,7_2,7,tpc_lock,2.0397934913635254,46561,44,1
1771374586.6108966,7_2,7,das_work,7.901262283325195,48258,45,1
1771374586.6252372,6_2,6,das_work,10.56212306022644,48258,45,1
1771374594.397617,6_2,6,tpc_commit,7.772371530532837,28795,46,1
1771374596.5282054,7_2,7,tpc_commit,9.917298555374146,28795,46,1
1771374598.584159,7_2,7,tpc_commit,2.0559444427490234,28795,46,1
1771374598.61722,6_2,6,tpc_commit,4.219483852386475,28795,46,1
1771374606.3583157,6_2,6,tpc_lock,5.9574875831604,46561,47,1
1771374608.5338714,7_2,7,tpc_lock,8.820417404174805,46561,47,1
1771374610.5772936,7_2,7,tpc_lock,2.043410539627075,46561,47,1
1771374610.595462,6_2,6,tpc_lock,4.237132549285889,46561,47,1
1771374622.5774188,6_2,6,das_work,9.817862510681152,48258,48,1
1771374622.585991,7_2,7,das_work,8.915039539337158,48258,48,1
1771374630.395105,6_2,6,tpc_commit,7.817677974700928,28795,49,1
1771374632.552005,7_2,7,tpc_commit,9.966002464294434,28795,49,1
1771374634.5746906,6_2,6,tpc_commit,4.179576396942139,28795,49,1
1771374634.590518,7_2,7,tpc_commit,2.038501262664795,28795,49,1
1771374642.3693438,6_2,6,tpc_lock,6.601855516433716,46561,50,1
1771374644.5297415,7_2,7,tpc_lock,8.218618869781494,46561,50,1
1771374646.5758247,7_2,7,tpc_lock,2.046073198318481,46561,50,1
1771374646.6300335,6_2,6,tpc_lock,4.260678768157959,46561,50,1
1771374658.597563,7_2,7,das_work,4.896310329437256,48258,51,1
1771374658.6458616,6_2,6,das_work,7.482518434524536,48258,51,1
1771374666.4249249,6_2,6,tpc_commit,7.779053211212158,28795,52,1
1771374668.519292,7_2,7,tpc_commit,9.92172145843506,28795,52,1
1771374670.5929625,6_2,6,tpc_commit,4.16802716255188,28795,52,1
1771374670.6612558,7_2,7,tpc_commit,2.141953468322754,28795,52,1
1771374678.360469,6_3,6,tpc_lock,6.675859689712524,46561,53,1
1771374680.5684905,7_3,7,tpc_lock,8.09819507598877,46561,53,1
1771374682.6069474,6_3,6,tpc_lock,4.2464683055877686,46561,53,1
1771374682.659367,7_3,7,tpc_lock,2.090867042541504,46561,53,1
1771374694.5702682,7_3,7,das_work,5.011961936950684,48258,54,1
1771374694.6199958,6_3,6,das_work,4.307467460632324,48258,54,1
1771374702.425309,6_3,6,tpc_commit,7.805302143096924,28795,55,1
1771374704.5824018,7_3,7,tpc_commit,10.012125253677368,28795,55,1
1771374706.6067626,6_3,6,tpc_commit,4.181445121765137,28795,55,1
1771374706.6244242,7_3,7,tpc_commit,2.0420145988464355,28795,55,1
1771374714.385126,6_3,6,tpc_lock,6.997673034667969,46549,56,1
1771374716.5595484,7_3,7,tpc_lock,8.02179741859436,46561,56,1
1771374718.5903616,6_3,6,tpc_lock,4.20522403717041,46549,56,1
1771374718.6269286,7_3,7,tpc_lock,2.067366361618042,46561,56,1
1771374730.6060808,7_3,7,das_work,2.436387777328491,48258,57,1
1771374730.635162,6_3,6,das_work,6.5430521965026855,48258,57,1
1771374738.3993711,6_3,6,tpc_commit,7.764198541641235,28783,58,1
1771374740.515385,7_3,7,tpc_commit,9.909292697906494,28795,58,1
1771374742.5740345,7_3,7,tpc_commit,2.058640241622925,28795,58,1
1771374742.653728,6_3,6,tpc_commit,4.254345417022705,28783,58,1
1771374750.4002964,6_3,6,tpc_lock,5.804804086685181,46561,59,1
1771374752.5473683,7_3,7,tpc_lock,9.276560068130491,46549,59,1
1771374754.5919075,7_3,7,tpc_lock,2.044529438018799,46549,59,1
1771374754.5963452,6_3,6,tpc_lock,4.19603705406189,46561,59,1
1771374766.563291,6_3,6,das_work,6.987289667129517,48258,60,1
1771374766.6098616,7_3,7,das_work,6.732396125793457,48258,60,1
1771374774.3363638,6_3,6,tpc_commit,7.77306604385376,28795,61,1
1771374776.5264084,7_3,7,tpc_commit,9.916505098342896,28783,61,1
1771374778.5734198,7_3,7,tpc_commit,2.0470004081726074,28783,61,1
1771374778.6049917,6_3,6,tpc_commit,4.268621683120728,28795,61,1
1771374786.4094286,6_3,6,tpc_lock,6.89208984375,46561,62,1
1771374788.537307,7_3,7,tpc_lock,8.817710638046265,46561,62,1
1771374790.5915165,7_3,7,tpc_lock,2.0541980266571045,46561,62,1
1771374790.6321585,6_3,6,tpc_lock,4.2227184772491455,46561,62,1
1771374802.5892546,7_3,7,das_work,9.065287113189695,48258,63,1
1771374802.6212249,6_3,6,das_work,9.287405490875244,48258,63,1
1771374810.3783712,6_3,6,tpc_commit,7.757136583328247,28795,64,1
1771374812.4961674,7_3,7,tpc_commit,9.906903266906738,28795,64,1
1771374814.5600076,6_3,6,tpc_commit,4.1816229820251465,28795,64,1
1771374814.6485083,7_3,7,tpc_commit,2.1523337364196777,28795,64,1
1771374822.3392365,6_3,6,tpc_lock,6.274188756942749,46561,65,1
1771374824.5490854,7_3,7,tpc_lock,8.101433038711548,46561,65,1
1771374826.5622492,7_3,7,tpc_lock,2.013152599334717,46561,65,1
1771374826.5717204,6_3,6,tpc_lock,4.232474088668823,46561,65,1
1771374838.5593677,7_3,7,das_work,8.814451217651367,48258,66,1
1771374838.5663247,6_3,6,das_work,5.549138784408569,48258,66,1
1771374846.3649127,6_3,6,tpc_commit,7.798579931259155,28795,67,1
1771374848.4975605,7_3,7,tpc_commit,9.938185214996338,28795,67,1
1771374850.6124282,6_3,6,tpc_commit,4.24750566482544,28795,67,1
1771374850.6374986,7_3,7,tpc_commit,2.1399314403533936,28795,67,1
1771374858.3735547,6_4,6,tpc_lock,6.804272651672363,46561,68,1
1771374860.519534,7_4,7,tpc_lock,8.439338445663452,46561,68,1
1771374862.5569384,7_4,7,tpc_lock,2.037395000457764,46561,68,1
1771374862.6178975,6_4,6,tpc_lock,4.2443320751190186,46561,68,1
1771374874.5550835,7_4,7,das_work,8.150691509246826,48258,69,1
1771374874.576543,6_4,6,das_work,7.314543485641479,48258,69,1
1771374882.35123,6_4,6,tpc_commit,7.774679660797119,28795,70,1
1771374884.555823,7_4,7,tpc_commit,10.000729084014893,28795,70,1
1771374886.5774384,7_4,7,tpc_commit,2.0216064453125,28795,70,1
1771374886.633405,6_4,6,tpc_commit,4.2821667194366455,28795,70,1
1771374894.3866231,6_4,6,tpc_lock,6.792990446090698,46561,71,1
1771374896.540768,7_4,7,tpc_lock,9.245198726654053,46549,71,1
1771374898.5705402,6_4,6,tpc_lock,4.183905839920044,46561,71,1
1771374898.5742435,7_4,7,tpc_lock,2.0334651470184326,46549,71,1
1771374910.5598588,7_4,7,das_work,3.22312331199646,48258,72,1
1771374910.6039884,6_4,6,das_work,2.441953182220459,48258,72,1
1771374918.3779097,6_4,6,tpc_commit,7.773913383483887,28795,73,1
1771374920.5569177,7_4,7,tpc_commit,9.997048139572144,28783,73,1
1771374922.5619817,6_4,6,tpc_commit,4.184061527252197,28795,73,1
1771374922.562649,7_4,7,tpc_commit,2.0057244300842285,28783,73,1
1771374930.3622153,6_4,6,tpc_lock,6.66806960105896,46561,74,1
1771374932.5514011,7_4,7,tpc_lock,8.116976261138916,46561,74,1
1771374934.5669708,6_4,6,tpc_lock,4.204746246337891,46561,74,1
1771374934.6138885,7_4,7,tpc_lock,2.062476873397827,46561,74,1
1771374946.5593836,6_4,6,das_work,9.438141107559204,48258,75,1
1771374946.6071556,7_4,7,das_work,5.12631368637085,48258,75,1
1771374954.3788722,6_4,6,tpc_commit,7.819474935531616,28795,76,1
1771374956.523682,7_4,7,tpc_commit,9.916513919830322,28795,76,1
1771374958.5589511,7_4,7,tpc_commit,2.0352582931518555,28795,76,1
1771374958.5655882,6_4,6,tpc_commit,4.186708211898804,28795,76,1
1771374966.3297992,6_4,6,tpc_lock,6.700676202774048,46561,77,1
1771374968.5304914,7_4,7,tpc_lock,9.328290939331056,46561,77,1
1771374970.5620334,6_4,6,tpc_lock,4.232227087020874,46561,77,1
1771374970.563241,7_4,7,tpc_lock,2.032738208770752,46561,77,1
1771374982.6304574,6_4,6,das_work,9.468557357788086,48258,78,1
1771374982.6321716,7_4,7,das_work,9.778466701507568,48258,78,1
1771374990.398331,6_4,6,tpc_commit,7.767863512039185,28795,79,1
1771374992.555043,7_4,7,tpc_commit,9.922861337661743,28795,79,1
1771374994.575417,7_4,7,tpc_commit,2.020364761352539,28795,79,1
1771374994.6385157,6_4,6,tpc_commit,4.240175724029541,28795,79,1
1771375002.356833,6_4,6,tpc_lock,6.491556882858276,46561,80,1
1771375004.523839,7_4,7,tpc_lock,8.53876256942749,46561,80,1
1771375006.5892694,7_4,7,tpc_lock,2.0654211044311523,46561,80,1
1771375006.610368,6_4,6,tpc_lock,4.253492832183838,46561,80,1
1771375018.5580935,6_4,6,das_work,4.214381456375122,48258,81,1
1771375018.6475766,7_4,7,das_work,8.120760917663574,48258,81,1
1771375026.3784862,6_4,6,tpc_commit,7.820385217666626,28795,82,1
1771375028.5515833,7_4,7,tpc_commit,9.903997421264648,28795,82,1
1771375030.6299691,7_4,7,tpc_commit,2.078378438949585,28795,82,1
1771375030.634278,6_4,6,tpc_commit,4.255780458450317,28795,82,1
1771374222.4246645,80_0,80,tpc_lock,8.544994831085205,46561,15,1
1771374224.5502162,81_0,81,tpc_lock,9.979702949523926,46561,15,1
1771374226.6249006,80_0,80,tpc_lock,4.200228691101074,46561,15,1
1771374226.6285348,81_0,81,tpc_lock,2.078312635421753,46561,15,1
1771374238.6310704,80_0,80,das_work,5.267441511154175,48258,16,1
1771374238.6520617,81_0,81,das_work,7.461970329284668,48258,16,1
1771374246.4734583,80_0,80,tpc_commit,7.842375993728638,28795,17,1
1771374248.5609286,81_0,81,tpc_commit,9.908850193023682,28795,17,1
1771374250.6103466,81_0,81,tpc_commit,2.049411535263061,28795,17,1
1771374250.6846375,80_0,80,tpc_commit,4.211167573928833,28795,17,1
1771374258.381168,80_0,80,tpc_lock,5.865113973617554,46561,18,1
1771374260.547349,81_0,81,tpc_lock,9.27251434326172,46561,18,1
1771374262.629258,80_0,80,tpc_lock,4.248080015182495,46561,18,1
1771374262.6783109,81_0,81,tpc_lock,2.130953788757324,46561,18,1
1771374274.613822,80_0,80,das_work,7.402998447418213,48258,19,1
1771374274.6420193,81_0,81,das_work,5.7189130783081055,48258,19,1
1771374282.4514146,80_0,80,tpc_commit,7.837583541870117,28795,20,1
1771374284.5965247,81_0,81,tpc_commit,9.954495191574097,28795,20,1
1771374286.6419528,81_0,81,tpc_commit,2.045418500900269,28795,20,1
1771374286.703566,80_0,80,tpc_commit,4.252143144607544,28795,20,1
1771374294.381913,80_0,80,tpc_lock,6.803828954696655,46561,21,1
1771374296.547501,81_0,81,tpc_lock,8.2301185131073,46561,21,1
1771374298.617871,81_0,81,tpc_lock,2.0703577995300293,46561,21,1
1771374298.6709044,80_0,80,tpc_lock,4.28893518447876,46561,21,1
1771374310.6064358,80_0,80,das_work,4.723692893981934,48258,22,1
1771374310.6510632,81_0,81,das_work,4.2486326694488525,48258,22,1
1771374318.4586053,80_0,80,tpc_commit,7.852156639099121,28795,23,1
1771374320.6062877,81_0,81,tpc_commit,9.955213785171509,28795,23,1
1771374322.632702,81_0,81,tpc_commit,2.02640438079834,28795,23,1
1771374322.6643093,80_0,80,tpc_commit,4.205693244934082,28795,23,1
1771374330.3769355,80_0,80,tpc_lock,5.967512369155884,46561,24,1
1771374332.5486434,81_0,81,tpc_lock,7.92746639251709,46561,24,1
1771374334.612085,80_0,80,tpc_lock,4.235138416290283,46561,24,1
1771374334.682017,81_0,81,tpc_lock,2.1333658695220947,46561,24,1
1771374346.6077392,81_0,81,das_work,2.263281345367432,48258,25,1
1771374346.623862,80_0,80,das_work,10.3145649433136,48258,25,1
1771374354.375123,80_0,80,tpc_commit,7.751251220703125,28795,26,1
1771374356.5388696,81_0,81,tpc_commit,9.931119918823242,28795,26,1
1771374358.6320362,81_0,81,tpc_commit,2.093155860900879,28795,26,1
1771374358.663763,80_0,80,tpc_commit,4.288629055023193,28795,26,1
1771374366.3726246,80_0,80,tpc_lock,6.4902894496917725,46561,27,1
1771374368.540006,81_0,81,tpc_lock,8.232492446899414,46561,27,1
1771374370.5989623,81_0,81,tpc_lock,2.0589487552642822,46561,27,1
1771374370.6378143,80_0,80,tpc_lock,4.2651801109313965,46561,27,1
1771374382.607378,80_0,80,das_work,3.0695137977600098,48258,28,1
1771374382.7054448,81_0,81,das_work,7.042950630187988,48258,28,1
1771374390.3965266,80_0,80,tpc_commit,7.789135217666626,28795,29,1
1771374392.54116,81_0,81,tpc_commit,9.835704803466797,28795,29,1
1771374394.598053,81_0,81,tpc_commit,2.056884765625,28795,29,1
1771374394.68491,80_0,80,tpc_commit,4.288370370864868,28795,29,1
1771374402.3681626,80_1,80,tpc_lock,6.182055950164795,46537,30,1
1771374404.6030917,81_1,81,tpc_lock,8.546440124511719,46561,30,1
1771374406.5983613,81_1,81,tpc_lock,1.9952609539031985,46561,30,1
1771374406.6149366,80_1,80,tpc_lock,4.246767044067383,46537,30,1
1771374418.597747,80_1,80,das_work,4.501566648483276,48258,31,1
1771374418.65063,81_1,81,das_work,10.620153188705444,48258,31,1
1771374426.3881874,80_1,80,tpc_commit,7.790433168411255,28771,32,1
1771374428.5435705,81_1,81,tpc_commit,9.892929553985596,28795,32,1
1771374430.6134362,81_1,81,tpc_commit,2.0698559284210205,28795,32,1
1771374430.652568,80_1,80,tpc_commit,4.264370441436768,28771,32,1
1771374438.4317555,80_1,80,tpc_lock,6.472657680511475,46561,33,1
1771374440.5336275,81_1,81,tpc_lock,8.857375860214233,46561,33,1
1771374442.6500003,80_1,80,tpc_lock,4.218235015869141,46561,33,1
1771374442.6664755,81_1,81,tpc_lock,2.132841825485229,46561,33,1
1771374454.598611,80_1,80,das_work,9.620975732803345,48258,34,1
1771374454.6466594,81_1,81,das_work,8.324885845184326,48258,34,1
1771374462.3961568,80_1,80,tpc_commit,7.797537803649902,28795,35,1
1771374464.5258346,81_1,81,tpc_commit,9.879164457321169,28795,35,1
1771374466.602746,81_1,81,tpc_commit,2.0769004821777344,28795,35,1
1771374466.6292,80_1,80,tpc_commit,4.233033180236816,28795,35,1
1771374474.4292364,80_1,80,tpc_lock,6.262097120285034,46561,36,1
1771374476.5514903,81_1,81,tpc_lock,9.153334856033323,46549,36,1
1771374478.6029923,80_1,80,tpc_lock,4.173743724822998,46561,36,1
1771374478.6371677,81_1,81,tpc_lock,2.0856680870056152,46549,36,1
1771374490.5933714,81_1,81,das_work,3.690993070602417,48258,37,1
1771374490.6703842,80_1,80,das_work,2.503450632095337,48258,37,1
1771374498.4295597,80_1,80,tpc_commit,7.759164810180664,28795,38,1
1771374500.5999446,81_1,81,tpc_commit,10.00656533241272,28783,38,1
1771374502.5790522,81_1,81,tpc_commit,1.9790987968444824,28783,38,1
1771374502.6650178,80_1,80,tpc_commit,4.235447645187378,28795,38,1
1771374510.4241817,80_1,80,tpc_lock,6.575060129165649,46561,39,1
1771374512.530259,81_1,81,tpc_lock,8.814094305038452,46549,39,1
1771374514.578827,80_1,80,tpc_lock,4.154634952545166,46561,39,1
1771374514.583035,81_1,81,tpc_lock,2.0527639389038086,46549,39,1
1771374526.602893,81_1,81,das_work,6.875218868255615,48258,40,1
1771374526.6436489,80_1,80,das_work,8.463629245758057,48258,40,1
1771374534.3720405,80_1,80,tpc_commit,7.72838568687439,28795,41,1
1771374536.5271428,81_1,81,tpc_commit,9.924240112304688,28783,41,1
1771374538.5798204,81_1,81,tpc_commit,2.052666187286377,28783,41,1
1771374538.588163,80_1,80,tpc_commit,4.216113805770874,28795,41,1
1771374546.3527453,80_1,80,tpc_lock,6.985553741455078,46561,42,1
1771374548.5223684,81_1,81,tpc_lock,8.621394634246826,46561,42,1
1771374550.6086142,81_1,81,tpc_lock,2.0862350463867188,46561,42,1
1771374550.6574917,80_1,80,tpc_lock,4.304737567901611,46561,42,1
1771374562.625765,80_1,80,das_work,2.360270977020264,48258,43,1
1771374562.6381586,81_1,81,das_work,8.409853458404541,48258,43,1
1771374570.4244423,80_1,80,tpc_commit,7.798668384552002,28795,44,1
1771374572.5283897,81_1,81,tpc_commit,9.890220642089844,28795,44,1
1771374574.604741,80_1,80,tpc_commit,4.180287599563599,28795,44,1
1771374574.6062906,81_1,81,tpc_commit,2.0778913497924805,28795,44,1
1771374582.360539,80_2,80,tpc_lock,6.780187129974365,46561,45,1
1771374584.5797942,81_2,81,tpc_lock,9.140079021453856,46561,45,1
1771374586.5899007,80_2,80,tpc_lock,4.229353666305542,46561,45,1
1771374586.6154563,81_2,81,tpc_lock,2.0356521606445312,46561,45,1
1771374598.643503,81_2,81,das_work,6.877938985824585,48258,46,1
1771374598.6635244,80_2,80,das_work,8.319071531295776,48258,46,1
1771374606.350942,80_2,80,tpc_commit,7.687407493591309,28795,47,1
1771374608.526124,81_2,81,tpc_commit,9.882610321044922,28795,47,1
1771374610.5933344,80_2,80,tpc_commit,4.242383241653442,28795,47,1
1771374610.6533022,81_2,81,tpc_commit,2.1271674633026123,28795,47,1
1771374618.38581,80_2,80,tpc_lock,6.987356424331665,46561,48,1
1771374620.5328898,81_2,81,tpc_lock,9.239620923995972,46561,48,1
1771374622.5752246,81_2,81,tpc_lock,2.042323112487793,46561,48,1
1771374622.6428802,80_2,80,tpc_lock,4.257061719894409,46561,48,1
1771374634.5786097,80_2,80,das_work,7.774391412734985,48258,49,1
1771374634.6028788,81_2,81,das_work,7.9775848388671875,48258,49,1
1771374642.4083304,80_2,80,tpc_commit,7.829713344573975,28795,50,1
1771374644.589381,81_2,81,tpc_commit,9.98649001121521,28795,50,1
1771374646.6147752,80_2,80,tpc_commit,4.206435441970825,28795,50,1
1771374646.625167,81_2,81,tpc_commit,2.035778045654297,28795,50,1
1771374654.3589003,80_2,80,tpc_lock,6.777180910110474,46561,51,1
1771374656.5228634,81_2,81,tpc_lock,9.226112365722656,46561,51,1
1771374658.6011186,80_2,80,tpc_lock,4.242206573486328,46561,51,1
1771374658.6121778,81_2,81,tpc_lock,2.0893032550811768,46561,51,1
1771374670.5937414,81_2,81,das_work,8.986502647399902,48258,52,1
1771374670.6522045,80_2,80,das_work,3.899770498275757,48258,52,1
1771374678.363627,80_2,80,tpc_commit,7.711413383483887,28795,53,1
1771374680.5218885,81_2,81,tpc_commit,9.928137302398682,28795,53,1
1771374682.57013,81_2,81,tpc_commit,2.0482330322265625,28795,53,1
1771374682.6023498,80_2,80,tpc_commit,4.23871374130249,28795,53,1
1771374690.3812015,80_2,80,tpc_lock,7.07824969291687,46561,54,1
1771374692.516823,81_2,81,tpc_lock,8.336164474487305,46549,54,1
1771374694.6209047,80_2,80,tpc_lock,4.23969316482544,46561,54,1
1771374694.621091,81_2,81,tpc_lock,2.104259729385376,46549,54,1
1771374706.594039,81_2,81,das_work,6.900252819061279,48258,55,1
1771374706.6175208,80_2,80,das_work,8.364931583404541,48258,55,1
1771374714.414853,80_2,80,tpc_commit,7.797322988510132,28795,56,1
1771374716.5430052,81_2,81,tpc_commit,9.948955535888672,28783,56,1
1771374718.5675535,80_2,80,tpc_commit,4.152693033218384,28795,56,1
1771374718.5927606,81_2,81,tpc_commit,2.049747943878174,28783,56,1
1771374726.41995,80_2,80,tpc_lock,6.257451295852661,46561,57,1
1771374728.5561442,81_2,81,tpc_lock,9.016347646713257,46549,57,1
1771374730.5704403,80_2,80,tpc_lock,4.150480508804321,46561,57,1
1771374730.6175358,81_2,81,tpc_lock,2.0613837242126465,46549,57,1
1771374742.5844111,80_2,80,das_work,6.281096458435059,48258,58,1
1771374742.6187077,81_2,81,das_work,9.989418745040894,48258,58,1
1771374750.392727,80_2,80,tpc_commit,7.808302879333496,28795,59,1
1771374752.507538,81_2,81,tpc_commit,9.888819456100464,28783,59,1
1771374754.5645032,81_2,81,tpc_commit,2.056958675384521,28783,59,1
1771374754.5829036,80_2,80,tpc_commit,4.1901679039001465,28795,59,1
1771374762.388167,80_3,80,tpc_lock,6.374667644500732,46561,60,1
1771374764.544636,81_3,81,tpc_lock,8.821958303451538,46561,60,1
1771374766.612853,80_3,80,tpc_lock,4.224674224853516,46561,60,1
1771374766.638834,81_3,81,tpc_lock,2.0941872596740723,46561,60,1
1771374778.5753078,81_3,81,das_work,9.92302179336548,48258,61,1
1771374778.6158855,80_3,80,das_work,3.0584399700164795,48258,61,1
1771374786.4174452,80_3,80,tpc_commit,7.801548480987549,28795,62,1
1771374788.52241,81_3,81,tpc_commit,9.947088718414308,28795,62,1
1771374790.5910978,81_3,81,tpc_commit,2.0686802864074707,28795,62,1
1771374790.5941072,80_3,80,tpc_commit,4.176652431488037,28795,62,1
1771374798.3890066,80_3,80,tpc_lock,7.217357635498047,46561,63,1
1771374800.5342207,81_3,81,tpc_lock,8.331274271011353,46561,63,1
1771374802.5787628,80_3,80,tpc_lock,4.189745187759399,46561,63,1
1771374802.624524,81_3,81,tpc_lock,2.0902912616729736,46561,63,1
1771374814.5946894,81_3,81,das_work,3.2967653274536133,48258,64,1
1771374814.598707,80_3,80,das_work,3.807362318038941,48258,64,1
1771374822.3942623,80_3,80,tpc_commit,7.795546770095825,28795,65,1
1771374824.562183,81_3,81,tpc_commit,9.96748399734497,28795,65,1
1771374826.569811,81_3,81,tpc_commit,2.0076169967651367,28795,65,1
1771374826.5848846,80_3,80,tpc_commit,4.190613746643066,28795,65,1
1771374834.3532674,80_3,80,tpc_lock,5.850828409194946,46561,66,1
1771374836.511557,81_3,81,tpc_lock,9.249877452850342,46561,66,1
1771374838.5884287,81_3,81,tpc_lock,2.076859712600708,46561,66,1
1771374838.6104045,80_3,80,tpc_lock,4.257129192352295,46561,66,1
1771374850.5588703,81_3,81,das_work,8.284850835800171,48258,67,1
1771374850.5611,80_3,80,das_work,4.290294408798218,48258,67,1
1771374858.3438983,80_3,80,tpc_commit,7.782789945602417,28795,68,1
1771374860.536611,81_3,81,tpc_commit,9.977733135223389,28795,68,1
1771374862.5594623,80_3,80,tpc_commit,4.215553522109985,28795,68,1
1771374862.6350522,81_3,81,tpc_commit,2.0984318256378174,28795,68,1
1771374870.358302,80_3,80,tpc_lock,5.856513738632202,46561,69,1
1771374872.5435114,81_3,81,tpc_lock,8.535164594650269,46561,69,1
1771374874.605848,81_3,81,tpc_lock,2.0623278617858887,46561,69,1
1771374874.629157,80_3,80,tpc_lock,4.270845413208008,46561,69,1
1771374886.5600786,81_3,81,das_work,8.481799602508545,48258,70,1
1771374886.5876708,80_3,80,das_work,3.268042087554932,48258,70,1
1771374894.3927057,80_3,80,tpc_commit,7.805025100708008,28795,71,1
1771374896.5067377,81_3,81,tpc_commit,9.946651697158812,28795,71,1
1771374898.558031,81_3,81,tpc_commit,2.0512852668762207,28795,71,1
1771374898.559143,80_3,80,tpc_commit,4.166428089141846,28795,71,1
1771374906.325526,80_3,80,tpc_lock,6.887955904006958,46561,72,1
1771374908.494026,81_3,81,tpc_lock,9.121604681015016,46561,72,1
1771374910.5701756,80_3,80,tpc_lock,4.244640350341797,46561,72,1
1771374910.5807977,81_3,81,tpc_lock,2.0867648124694824,46561,72,1
1771374922.552699,81_3,81,das_work,2.847714424133301,48258,73,1
1771374922.596989,80_3,80,das_work,3.955136299133301,48258,73,1
1771374930.4032989,80_3,80,tpc_commit,7.806299686431885,28795,74,1
1771374932.4947016,81_3,81,tpc_commit,9.941991090774536,28795,74,1
1771374934.5704377,80_3,80,tpc_commit,4.167128562927246,28795,74,1
1771374934.5879917,81_3,81,tpc_commit,2.093281984329224,28795,74,1
1771374942.3981204,80_4,80,tpc_lock,6.481289625167847,46561,75,1
1771374944.545244,81_4,81,tpc_lock,8.318259954452515,46561,75,1
1771374946.551861,81_4,81,tpc_lock,2.0066075325012207,46561,75,1
1771374946.5853176,80_4,80,tpc_lock,4.187185764312744,46561,75,1
1771374958.5607524,81_4,81,das_work,5.5376386642456055,48258,76,1
1771374958.6044478,80_4,80,das_work,3.210360288619995,48258,76,1
1771374966.39667,80_4,80,tpc_commit,7.79221510887146,28795,77,1
1771374968.52812,81_4,81,tpc_commit,9.967357635498049,28795,77,1
1771374970.5909984,81_4,81,tpc_commit,2.0628702640533447,28795,77,1
1771374970.6105142,80_4,80,tpc_commit,4.213835716247559,28795,77,1
1771374978.3591995,80_4,80,tpc_lock,6.045850992202759,46561,78,1
1771374980.4895368,81_4,81,tpc_lock,8.223954200744629,46537,78,1
1771374982.5464292,80_4,80,tpc_lock,4.187222242355347,46561,78,1
1771374982.550428,81_4,81,tpc_lock,2.060879230499268,46537,78,1
1771374994.552135,80_4,80,das_work,4.969423770904541,48258,79,1
1771374994.5567243,81_4,81,das_work,7.927279710769653,48258,79,1
1771375002.3696666,80_4,80,tpc_commit,7.817523002624512,28795,80,1
1771375004.5578113,81_4,81,tpc_commit,10.00107717514038,28771,80,1
1771375006.5609343,81_4,81,tpc_commit,2.0031135082244877,28771,80,1
1771375006.5749354,80_4,80,tpc_commit,4.20525860786438,28795,80,1
1771375014.3175929,80_4,80,tpc_lock,6.193542003631592,46561,81,1
1771375016.5437815,81_4,81,tpc_lock,8.252159357070923,46561,81,1
1771375018.5672736,81_4,81,tpc_lock,2.02348256111145,46561,81,1
1771375018.6423864,80_4,80,tpc_lock,4.324782371520996,46561,81,1
1771375030.599532,81_4,81,das_work,9.057022094726562,48258,82,1
1771375030.637404,80_4,80,das_work,9.176174640655518,48258,82,1
1771375038.3289602,80_4,80,tpc_commit,7.691547393798828,28795,83,1
1771375040.4803207,81_4,81,tpc_commit,9.880778789520264,28795,83,1
1771375042.5559056,80_4,80,tpc_commit,4.226938724517822,28795,83,1
1771375042.5650537,81_4,81,tpc_commit,2.0847268104553223,28795,83,1
1771375050.3195555,80_4,80,tpc_lock,6.09133505821228,46561,84,1
1771375052.544661,81_4,81,tpc_lock,9.340001821517944,46561,84,1
1771375054.5671024,80_4,80,tpc_lock,4.247535467147827,46561,84,1
1771375054.5839767,81_4,81,tpc_lock,2.0393052101135254,46561,84,1
1771375066.5269878,80_4,80,das_work,7.527681112289429,48258,85,1
1771375066.542491,81_4,81,das_work,10.18677544593811,48258,85,1
1771375074.380009,80_4,80,tpc_commit,7.853011131286621,28795,86,1
1771375076.515102,81_4,81,tpc_commit,9.972600221633911,28795,86,1
1771375078.5361433,80_4,80,tpc_commit,4.156123161315918,28795,86,1
1771375078.575864,81_4,81,tpc_commit,2.060750722885132,28795,86,1
1771375086.3370426,80_4,80,tpc_lock,6.075080394744873,46561,87,1
1771375088.5559847,81_4,81,tpc_lock,8.632960081100464,46561,87,1
1771375090.5074325,80_4,80,tpc_lock,4.17037844657898,46561,87,1
1771375090.5082078,81_4,81,tpc_lock,1.9522128105163572,46561,87,1
1771375102.5290132,81_4,81,das_work,6.264272928237915,48258,88,1
1771375102.56189,80_4,80,das_work,9.941195964813232,48258,88,1
1771375110.3713028,80_4,80,tpc_commit,7.809402942657471,28795,89,1
1771375112.5059645,81_4,81,tpc_commit,9.976944208145142,28795,89,1
1771375114.4883063,81_4,81,tpc_commit,1.982335329055786,28795,89,1
1771375114.489243,80_4,80,tpc_commit,4.11793327331543,28795,89,1
1771374210.4292524,82_0,82,tpc_lock,3.1192917823791504,46561,14,1
1771374214.623808,82_0,82,tpc_lock,4.194547176361084,46561,14,1
1771374224.596087,83_0,83,tpc_lock,10.66889214515686,46561,15,1
1771374226.6131089,83_0,83,tpc_lock,2.017014503479004,46561,15,1
1771374226.6132357,82_0,82,das_work,4.372708320617676,48258,15,1
1771374234.395305,82_0,82,tpc_commit,7.782060623168945,28795,16,1
1771374238.623062,83_0,83,das_work,6.666902780532837,48258,16,1
1771374238.6651337,82_0,82,tpc_commit,4.269810914993286,28795,16,1
1771374246.4119914,82_0,82,tpc_lock,5.757673740386963,46561,17,1
1771374248.5512576,83_0,83,tpc_commit,9.928184747695925,28795,17,1
1771374250.612012,82_0,82,tpc_lock,4.200014114379883,46561,17,1
1771374250.6731217,83_0,83,tpc_commit,2.121857166290283,28795,17,1
1771374260.5710251,83_0,83,tpc_lock,8.547267198562622,46561,18,1
1771374262.6514094,83_0,83,tpc_lock,2.0803747177124023,46561,18,1
1771374262.7135446,82_0,82,das_work,5.237276792526245,48258,18,1
1771374270.4058404,82_0,82,tpc_commit,7.6922852993011475,28795,19,1
1771374274.731738,82_0,82,tpc_commit,4.325887203216553,28795,19,1
1771374274.7354877,83_0,83,das_work,8.334476947784424,48258,19,1
1771374282.4339707,82_0,82,tpc_lock,6.2800703048706055,46561,20,1
1771374284.5717766,83_0,83,tpc_commit,9.836275815963743,28795,20,1
1771374286.6078582,83_0,83,tpc_commit,2.03606915473938,28795,20,1
1771374286.657331,82_0,82,tpc_lock,4.223353147506714,46561,20,1
1771374296.5469902,83_0,83,tpc_lock,8.25208830833435,46561,21,1
1771374298.595018,82_0,82,das_work,7.446727514266968,48258,21,1
1771374298.606416,83_0,83,tpc_lock,2.0594170093536377,46561,21,1
1771374306.4011471,82_0,82,tpc_commit,7.806118249893188,28795,22,1
1771374310.6157122,82_0,82,tpc_commit,4.214556455612183,28795,22,1
1771374310.661338,83_0,83,das_work,4.17662501335144,48258,22,1
1771374318.3903294,82_0,82,tpc_lock,6.096858501434326,46549,23,1
1771374320.5385597,83_0,83,tpc_commit,9.877211332321169,28795,23,1
1771374322.6528492,83_0,83,tpc_commit,2.114281415939331,28795,23,1
1771374322.6598406,82_0,82,tpc_lock,4.269503593444824,46549,23,1
1771374332.5663629,83_0,83,tpc_lock,8.839426755905151,46549,24,1
1771374334.6638072,82_0,82,das_work,9.929363012313845,48258,24,1
1771374334.690124,83_0,83,tpc_lock,2.123751401901245,46549,24,1
1771374342.4197996,82_0,82,tpc_commit,7.755981206893921,28783,25,1
1771374346.6086524,83_0,83,das_work,6.854938983917236,48258,25,1
1771374346.6253202,82_0,82,tpc_commit,4.205510854721069,28783,25,1
1771374354.44689,82_0,82,tpc_lock,6.906331777572632,46561,26,1
1771374356.5916803,83_0,83,tpc_commit,9.98301649093628,28783,26,1
1771374358.6054015,83_0,83,tpc_commit,2.013710260391236,28783,26,1
1771374358.6276968,82_0,82,tpc_lock,4.180797100067139,46561,26,1
1771374368.598837,83_0,83,tpc_lock,9.456665754318236,46561,27,1
1771374370.6208954,82_0,82,das_work,3.1086435317993164,48258,27,1
1771374370.6228254,83_0,83,tpc_lock,2.023979663848877,46561,27,1
1771374378.428187,82_0,82,tpc_commit,7.807282447814941,28795,28,1
1771374382.6349676,82_0,82,tpc_commit,4.206771373748779,28795,28,1
1771374382.6389265,83_0,83,das_work,2.477273941040039,48258,28,1
1771374390.3909478,82_1,82,tpc_lock,6.48712968826294,46561,29,1
1771374392.600636,83_0,83,tpc_commit,9.96169638633728,28795,29,1
1771374394.6893833,82_1,82,tpc_lock,4.298425197601318,46561,29,1
1771374394.7008393,83_0,83,tpc_commit,2.1001923084259038,28795,29,1
1771374404.5865629,83_1,83,tpc_lock,7.919628143310547,46561,30,1
1771374406.6395326,83_1,83,tpc_lock,2.052961587905884,46561,30,1
1771374406.691954,82_1,82,das_work,7.184750556945801,48258,30,1
1771374414.3650303,82_1,82,tpc_commit,7.673065900802612,28795,31,1
1771374418.641041,82_1,82,tpc_commit,4.276002645492554,28795,31,1
1771374418.6785643,83_1,83,das_work,9.84968113899231,48258,31,1
1771374426.4106257,82_1,82,tpc_lock,6.389310359954834,46561,32,1
1771374428.5486567,83_1,83,tpc_commit,9.870080947875977,28795,32,1
1771374430.6214404,82_1,82,tpc_lock,4.210805177688599,46561,32,1
1771374430.625054,83_1,83,tpc_commit,2.0763864517211914,28795,32,1
1771374440.5352647,83_1,83,tpc_lock,8.352125406265259,46561,33,1
1771374442.6004684,83_1,83,tpc_lock,2.0651931762695312,46561,33,1
1771374442.6113496,82_1,82,das_work,5.754654884338379,48258,33,1
1771374450.4074638,82_1,82,tpc_commit,7.796104907989502,28795,34,1
1771374454.5913725,83_1,83,das_work,5.753984212875366,48258,34,1
1771374454.5939002,82_1,82,tpc_commit,4.186426401138306,28795,34,1
1771374462.3669634,82_1,82,tpc_lock,6.185286521911621,46561,35,1
1771374464.5366576,83_1,83,tpc_commit,9.945277690887451,28795,35,1
1771374466.58717,82_1,82,tpc_lock,4.2201988697052,46561,35,1
1771374466.5881338,83_1,83,tpc_commit,2.051466464996338,28795,35,1
1771374476.5407102,83_1,83,tpc_lock,8.013218879699707,46549,36,1
1771374478.5995443,82_1,82,das_work,4.719654083251953,48258,36,1
1771374478.6629193,83_1,83,tpc_lock,2.122200965881348,46549,36,1
1771374486.3907733,82_1,82,tpc_commit,7.79121994972229,28795,37,1
1771374490.6053138,82_1,82,tpc_commit,4.214531183242798,28795,37,1
1771374490.671123,83_1,83,das_work,3.175855875015259,48258,37,1
1771374498.4163318,82_1,82,tpc_lock,7.103794097900391,46561,38,1
1771374500.5285587,83_1,83,tpc_commit,9.857426643371582,28783,38,1
1771374502.579744,83_1,83,tpc_commit,2.05117416381836,28783,38,1
1771374502.660692,82_1,82,tpc_lock,4.244348049163818,46561,38,1
1771374512.5305078,83_1,83,tpc_lock,8.949335098266602,46561,39,1
1771374514.5938673,83_1,83,tpc_lock,2.063347578048706,46561,39,1
1771374514.6093595,82_1,82,das_work,3.753839254379273,48258,39,1
1771374522.3959732,82_1,82,tpc_commit,7.786600589752197,28795,40,1
1771374526.6088486,83_1,83,das_work,8.834116697311401,48258,40,1
1771374526.6126575,82_1,82,tpc_commit,4.216672897338867,28795,40,1
1771374534.4075837,82_1,82,tpc_lock,6.5873119831085205,46561,41,1
1771374536.5964997,83_1,83,tpc_commit,9.987640857696531,28795,41,1
1771374538.613135,82_1,82,tpc_lock,4.20553994178772,46561,41,1
1771374538.6251965,83_1,83,tpc_commit,2.028686046600342,28795,41,1
1771374548.5534785,83_1,83,tpc_lock,9.133079528808594,46561,42,1
1771374550.6304734,82_1,82,das_work,10.854913234710692,48258,42,1
1771374550.632132,83_1,83,tpc_lock,2.0786404609680176,46561,42,1
1771374558.396193,82_1,82,tpc_commit,7.765709638595581,28795,43,1
1771374562.584442,83_1,83,das_work,2.657434701919556,48258,43,1
1771374562.6047974,82_1,82,tpc_commit,4.208595037460327,28795,43,1
1771374570.426149,82_2,82,tpc_lock,6.06950569152832,46549,44,1
1771374572.543614,83_1,83,tpc_commit,9.959164142608644,28795,44,1
1771374574.5941815,83_1,83,tpc_commit,2.0505595207214355,28795,44,1
1771374574.6229997,82_2,82,tpc_lock,4.196840763092041,46549,44,1
1771374584.5981798,83_2,83,tpc_lock,8.517262935638428,46561,45,1
1771374586.6396382,83_2,83,tpc_lock,2.041449546813965,46561,45,1
1771374586.642995,82_2,82,das_work,6.642441987991333,48258,45,1
1771374594.4042728,82_2,82,tpc_commit,7.761267423629761,28783,46,1
1771374598.6017623,82_2,82,tpc_commit,4.197479724884033,28783,46,1
1771374598.6719372,83_2,83,das_work,9.236555337905884,48258,46,1
1771374606.3746605,82_2,82,tpc_lock,6.25991678237915,46561,47,1
1771374608.5203185,83_2,83,tpc_commit,9.848366022109984,28795,47,1
1771374610.5783,82_2,82,tpc_lock,4.203628063201904,46561,47,1
1771374610.5964932,83_2,83,tpc_commit,2.0761661529541016,28795,47,1
1771374620.587592,83_2,83,tpc_lock,8.41144609451294,46561,48,1
1771374622.5734315,82_2,82,das_work,7.468552350997925,48258,48,1
1771374622.6104946,83_2,83,tpc_lock,2.022894382476806,46561,48,1
1771374630.3479528,82_2,82,tpc_commit,7.774513483047485,28795,49,1
1771374634.5757248,83_2,83,das_work,10.598105430603027,48258,49,1
1771374634.58566,82_2,82,tpc_commit,4.237665891647339,28795,49,1
1771374642.4086971,82_2,82,tpc_lock,6.3868043422698975,46561,50,1
1771374644.5152898,83_2,83,tpc_commit,9.939558267593384,28795,50,1
1771374646.6062057,82_2,82,tpc_lock,4.197498798370361,46561,50,1
1771374646.6196108,83_2,83,tpc_commit,2.104313373565674,28795,50,1
1771374656.512625,83_2,83,tpc_lock,8.013956785202026,46561,51,1
1771374658.5791285,83_2,83,tpc_lock,2.0664939880371094,46561,51,1
1771374658.5823858,82_2,82,das_work,2.232386350631714,48258,51,1
1771374666.3575854,82_2,82,tpc_commit,7.775192022323608,28795,52,1
1771374670.6066544,83_2,83,das_work,3.6584298610687256,48258,52,1
1771374670.6457248,82_2,82,tpc_commit,4.2881293296813965,28795,52,1
1771374678.3551953,82_2,82,tpc_lock,5.951270818710327,46549,53,1
1771374680.5642478,83_2,83,tpc_commit,9.95758056640625,28795,53,1
1771374682.5827749,82_2,82,tpc_lock,4.227570056915283,46549,53,1
1771374682.6584425,83_2,83,tpc_commit,2.094183444976806,28795,53,1
1771374692.5192444,83_2,83,tpc_lock,8.847219705581665,46561,54,1
1771374694.5730176,83_2,83,tpc_lock,2.0537657737731934,46561,54,1
1771374694.596548,82_2,82,das_work,5.822512626647949,48258,54,1
1771374702.3873098,82_2,82,tpc_commit,7.790749788284302,28783,55,1
1771374706.6087053,82_2,82,tpc_commit,4.221383810043335,28783,55,1
1771374706.611233,83_2,83,das_work,9.184192419052124,48258,55,1
1771374714.3474646,82_2,82,tpc_lock,6.575099229812622,46561,56,1
1771374716.562143,83_2,83,tpc_commit,9.950900316238403,28795,56,1
1771374718.6231532,82_2,82,tpc_lock,4.2756781578063965,46561,56,1
1771374718.6373591,83_2,83,tpc_commit,2.0752041339874268,28795,56,1
1771374728.5245905,83_2,83,tpc_lock,9.145076990127563,46561,57,1
1771374730.5683758,83_2,83,tpc_lock,2.043775796890259,46561,57,1
1771374730.5819747,82_2,82,das_work,9.021503686904907,48258,57,1
1771374738.3586698,82_2,82,tpc_commit,7.7766852378845215,28795,58,1
1771374742.571926,82_2,82,tpc_commit,4.21324634552002,28795,58,1
1771374742.630011,83_2,83,das_work,9.454453468322754,48258,58,1
1771374750.3901825,82_3,82,tpc_lock,7.096854209899902,46561,59,1
1771374752.5069876,83_2,83,tpc_commit,9.87696623802185,28795,59,1
1771374754.5923605,82_3,82,tpc_lock,4.202166557312012,46561,59,1
1771374754.610248,83_2,83,tpc_commit,2.1032519340515137,28795,59,1
1771374764.5128653,83_3,83,tpc_lock,9.01734209060669,46561,60,1
1771374766.5927775,82_3,82,das_work,7.893992185592651,48258,60,1
1771374766.6150684,83_3,83,tpc_lock,2.102193117141724,46561,60,1
1771374774.3628478,82_3,82,tpc_commit,7.770059585571289,28795,61,1
1771374778.5740302,82_3,82,tpc_commit,4.2111756801605225,28795,61,1
1771374778.6391191,83_3,83,das_work,6.136964321136475,48258,61,1
1771374786.3463018,82_3,82,tpc_lock,6.511629343032837,46561,62,1
1771374788.5112,83_3,83,tpc_commit,9.872068881988524,28795,62,1
1771374790.5660443,82_3,82,tpc_lock,4.219733476638794,46561,62,1
1771374790.5734713,83_3,83,tpc_commit,2.0622572898864746,28795,62,1
1771374800.5274646,83_3,83,tpc_lock,8.612720727920532,46561,63,1
1771374802.5633492,82_3,82,das_work,8.252010583877563,48258,63,1
1771374802.625566,83_3,83,tpc_lock,2.098093271255493,46561,63,1
1771374810.396319,82_3,82,tpc_commit,7.832961797714233,28795,64,1
1771374814.5607867,82_3,82,tpc_commit,4.164457321166992,28795,64,1
1771374814.5620787,83_3,83,das_work,5.381916522979736,48258,64,1
1771374822.3689687,82_3,82,tpc_lock,6.192412376403809,46561,65,1
1771374824.5146873,83_3,83,tpc_commit,9.952598333358765,28795,65,1
1771374826.5586843,82_3,82,tpc_lock,4.1897053718566895,46561,65,1
1771374826.6224113,83_3,83,tpc_commit,2.107713222503662,28795,65,1
1771374836.5110948,83_3,83,tpc_lock,8.038771390914917,46561,66,1
1771374838.584406,83_3,83,tpc_lock,2.0732996463775635,46561,66,1
1771374838.587069,82_3,82,das_work,9.760932683944702,48258,66,1
1771374846.3673542,82_3,82,tpc_commit,7.78027606010437,28795,67,1
1771374850.559006,83_3,83,das_work,3.480351686477661,48258,67,1
1771374850.571476,82_3,82,tpc_commit,4.204110383987427,28795,67,1
1771374858.3430655,82_3,82,tpc_lock,6.10408878326416,46561,68,1
1771374860.5765994,83_3,83,tpc_commit,10.017586946487429,28795,68,1
1771374862.5577972,82_3,82,tpc_lock,4.214723825454712,46561,68,1
1771374862.59072,83_3,83,tpc_commit,2.014111280441284,28795,68,1
1771374872.542917,83_3,83,tpc_lock,8.411849737167358,46549,69,1
1771374874.575622,83_3,83,tpc_lock,2.0326955318450928,46549,69,1
1771374874.5859668,82_3,82,das_work,10.95202088356018,48258,69,1
1771374882.3549817,82_3,82,tpc_commit,7.769002914428711,28795,70,1
1771374886.5621843,82_3,82,tpc_commit,4.207193851470947,28795,70,1
1771374886.584798,83_3,83,das_work,3.039719581604004,48258,70,1
1771374894.397562,82_3,82,tpc_lock,7.082364320755005,46561,71,1
1771374896.5527098,83_3,83,tpc_commit,9.967902898788452,28783,71,1
1771374898.59472,83_3,83,tpc_commit,2.041998863220215,28783,71,1
1771374898.60592,82_3,82,tpc_lock,4.208344221115112,46561,71,1
1771374908.4933064,83_3,83,tpc_lock,9.33108115196228,46561,72,1
1771374910.6064885,83_3,83,tpc_lock,2.1131749153137207,46561,72,1
1771374910.6268914,82_3,82,das_work,9.805399656295776,48258,72,1
1771374918.377454,82_3,82,tpc_commit,7.750551223754883,28795,73,1
1771374922.6098714,83_3,83,das_work,2.967987537384033,48258,73,1
1771374922.638148,82_3,82,tpc_commit,4.260683536529541,28795,73,1
1771374930.350471,82_4,82,tpc_lock,6.566739082336426,46561,74,1
1771374932.5649917,83_3,83,tpc_commit,9.955111026763916,28795,74,1
1771374934.595574,83_3,83,tpc_commit,2.0305721759796143,28795,74,1
1771374934.601503,82_4,82,tpc_lock,4.251020431518555,46561,74,1
1771374944.5148296,83_4,83,tpc_lock,9.10870361328125,46561,75,1
1771374946.5540493,83_4,83,tpc_lock,2.0392098426818848,46561,75,1
1771374946.611055,82_4,82,das_work,9.51170539855957,48258,75,1
1771374954.3660746,82_4,82,tpc_commit,7.755008459091186,28795,76,1
1771374958.5628617,82_4,82,tpc_commit,4.196778535842896,28795,76,1
1771374958.6205187,83_4,83,das_work,10.99592399597168,48258,76,1
1771374966.3889973,82_4,82,tpc_lock,5.861443758010864,46561,77,1
1771374968.5581195,83_4,83,tpc_commit,9.93758988380432,28795,77,1
1771374970.6048748,82_4,82,tpc_lock,4.215866088867188,46561,77,1
1771374970.60864,83_4,83,tpc_commit,2.0505099296569824,28795,77,1
1771374980.50869,83_4,83,tpc_lock,9.113496780395508,46561,78,1
1771374982.6002114,83_4,83,tpc_lock,2.091510534286499,46561,78,1
1771374982.6126938,82_4,82,das_work,6.158475875854492,48258,78,1
1771374990.3667002,82_4,82,tpc_commit,7.753998756408691,28795,79,1
1771374994.558717,82_4,82,tpc_commit,4.192005157470703,28795,79,1
1771374994.6081212,83_4,83,das_work,3.8769419193267822,48258,79,1
1771375002.4145255,82_4,82,tpc_lock,5.974716663360596,46561,80,1
1771375004.5085344,83_4,83,tpc_commit,9.900405883789062,28795,80,1
1771375006.585703,82_4,82,tpc_lock,4.171167373657227,46561,80,1
1771375006.6111107,83_4,83,tpc_commit,2.1025655269622803,28795,80,1
1771375016.504662,83_4,83,tpc_lock,7.944769859313965,46549,81,1
1771375018.555547,83_4,83,tpc_lock,2.0508737564086914,46549,81,1
1771375018.640499,82_4,82,das_work,3.4196925163269043,48258,81,1
1771375026.3994124,82_4,82,tpc_commit,7.75890040397644,28795,82,1
1771375030.5495582,82_4,82,tpc_commit,4.15013575553894,28795,82,1
1771375030.619708,83_4,83,das_work,9.152381658554075,48258,82,1
1771375038.3215518,82_4,82,tpc_lock,7.114762544631958,46561,83,1
1771375040.564701,83_4,83,tpc_commit,9.944983005523682,28783,83,1
1771375042.592756,83_4,83,tpc_commit,2.0280447006225586,28783,83,1
1771375042.6024427,82_4,82,tpc_lock,4.280880689620972,46561,83,1
1771375052.515421,83_4,83,tpc_lock,8.543073415756226,46561,84,1
1771375054.5463548,82_4,82,das_work,2.5591862201690674,48258,84,1
1771375054.5533266,83_4,83,tpc_lock,2.037890911102295,46561,84,1
1771375062.341956,82_4,82,tpc_commit,7.795590877532959,28795,85,1
1771375066.5438707,82_4,82,tpc_commit,4.201904535293579,28795,85,1
1771375066.56444,83_4,83,das_work,2.910189628601074,48258,85,1
1771375074.3829618,82_4,82,tpc_lock,7.092344522476196,46561,86,1
1771375076.5161033,83_4,83,tpc_commit,9.95165491104126,28795,86,1
1771375078.5521953,82_4,82,tpc_lock,4.169221878051758,46561,86,1
1771375078.5717952,83_4,83,tpc_commit,2.055681705474853,28795,86,1
1771375088.5300674,83_4,83,tpc_lock,8.225206136703491,46561,87,1
1771375090.5632832,82_4,82,das_work,10.998281002044678,48258,87,1
1771375090.578061,83_4,83,tpc_lock,2.047981739044189,46561,87,1
1771375098.363638,82_4,82,tpc_commit,7.800347566604614,28795,88,1
1771375102.5355382,83_4,83,das_work,5.891359806060791,48258,88,1
1771375102.536992,82_4,82,tpc_commit,4.173343420028687,28795,88,1
1771375112.5074663,83_4,83,tpc_commit,9.97191834449768,28795,89,1
1771375114.4884446,83_4,83,tpc_commit,1.980967998504639,28795,89,1
1771374222.436204,84_0,84,tpc_lock,9.15371561050415,46561,15,1
1771374224.5514183,85_0,85,tpc_lock,7.417361259460449,46561,15,1
1771374226.6161366,85_0,85,tpc_lock,2.064711093902588,46561,15,1
1771374226.6886866,84_0,84,tpc_lock,4.252474308013916,46561,15,1
1771374238.6327617,85_0,85,das_work,3.4746334552764893,48258,16,1
1771374238.7205565,84_0,84,das_work,7.952809572219849,48258,16,1
1771374246.4203138,84_0,84,tpc_commit,7.699741840362549,28795,17,1
1771374248.5733805,85_0,85,tpc_commit,9.940606117248535,28795,17,1
1771374250.6577652,84_0,84,tpc_commit,4.237440347671509,28795,17,1
1771374250.6788514,85_0,85,tpc_commit,2.105461359024048,28795,17,1
1771374258.4580274,84_0,84,tpc_lock,7.093869924545288,46549,18,1
1771374260.592505,85_0,85,tpc_lock,9.052144289016724,46561,18,1
1771374262.6306176,84_0,84,tpc_lock,4.17258095741272,46549,18,1
1771374262.6886022,85_0,85,tpc_lock,2.0960865020751958,46561,18,1
1771374274.6303737,84_0,84,das_work,6.230128526687622,48258,19,1
1771374274.694908,85_0,85,das_work,4.539466857910156,48258,19,1
1771374282.3836296,84_0,84,tpc_commit,7.753246784210205,28783,20,1
1771374284.579522,85_0,85,tpc_commit,9.88460397720337,28795,20,1
1771374286.6153536,85_0,85,tpc_commit,2.035821914672852,28795,20,1
1771374286.6212509,84_0,84,tpc_commit,4.237611532211304,28783,20,1
1771374294.3744023,84_0,84,tpc_lock,6.313559055328369,46561,21,1
1771374296.576403,85_0,85,tpc_lock,8.117462873458862,46561,21,1
1771374298.60088,85_0,85,tpc_lock,2.024466753005981,46561,21,1
1771374298.6719463,84_0,84,tpc_lock,4.297536611557007,46561,21,1
1771374310.6084516,85_0,85,das_work,6.65899658203125,48258,22,1
1771374310.6166096,84_0,84,das_work,10.532701015472412,48258,22,1
1771374318.4530916,84_0,84,tpc_commit,7.836468458175659,28795,23,1
1771374320.6077368,85_0,85,tpc_commit,9.999274492263794,28795,23,1
1771374322.607831,85_0,85,tpc_commit,2.0000813007354736,28795,23,1
1771374322.696513,84_0,84,tpc_commit,4.243412494659424,28795,23,1
1771374330.422317,84_0,84,tpc_lock,6.4221155643463135,46561,24,1
1771374332.5692325,85_0,85,tpc_lock,9.386587142944336,46561,24,1
1771374334.6579726,84_0,84,tpc_lock,4.235644340515137,46561,24,1
1771374334.6695714,85_0,85,tpc_lock,2.100325584411621,46561,24,1
1771374346.6689706,84_0,84,das_work,10.45618748664856,48258,25,1
1771374346.6906283,85_0,85,das_work,3.295520544052124,48258,25,1
1771374354.3766017,84_0,84,tpc_commit,7.707618713378906,28795,26,1
1771374356.535329,85_0,85,tpc_commit,9.844688177108765,28795,26,1
1771374358.6605997,84_0,84,tpc_commit,4.283991098403931,28795,26,1
1771374358.7014818,85_0,85,tpc_commit,2.166145801544189,28795,26,1
1771374366.374748,84_0,84,tpc_lock,7.207148551940918,46561,27,1
1771374368.5529647,85_0,85,tpc_lock,8.83934473991394,46561,27,1
1771374370.6110008,84_0,84,tpc_lock,4.236242771148682,46561,27,1
1771374370.6246274,85_0,85,tpc_lock,2.0716540813446045,46561,27,1
1771374382.6669314,84_0,84,das_work,6.170253276824951,48258,28,1
1771374382.6740825,85_0,85,das_work,8.599102973937988,48258,28,1
1771374390.4309506,84_0,84,tpc_commit,7.764010190963745,28795,29,1
1771374392.5869763,85_0,85,tpc_commit,9.912882566452026,28795,29,1
1771374394.6655688,84_0,84,tpc_commit,4.234608173370361,28795,29,1
1771374394.6804564,85_0,85,tpc_commit,2.0934715270996094,28795,29,1
1771374402.4439328,84_1,84,tpc_lock,5.892205715179443,46549,30,1
1771374404.5423942,85_1,85,tpc_lock,9.13383674621582,46561,30,1
1771374406.6038969,84_1,84,tpc_lock,4.1599531173706055,46549,30,1
1771374406.6766355,85_1,85,tpc_lock,2.1342337131500244,46561,30,1
1771374418.6371932,85_1,85,das_work,9.66871428489685,48258,31,1
1771374418.6910625,84_1,84,das_work,9.464545965194702,48258,31,1
1771374426.4188492,84_1,84,tpc_commit,7.72777533531189,28783,32,1
1771374428.5592663,85_1,85,tpc_commit,9.922064065933228,28795,32,1
1771374430.5991096,84_1,84,tpc_commit,4.180250883102417,28783,32,1
1771374430.637451,85_1,85,tpc_commit,2.0781753063201904,28795,32,1
1771374438.3946235,84_1,84,tpc_lock,6.582377672195435,46549,33,1
1771374440.5825205,85_1,85,tpc_lock,8.517533302307129,46561,33,1
1771374442.6138442,85_1,85,tpc_lock,2.031313419342041,46561,33,1
1771374442.626453,84_1,84,tpc_lock,4.231818437576294,46549,33,1
1771374454.6047497,84_1,84,das_work,6.25519323348999,48258,34,1
1771374454.664853,85_1,85,das_work,5.364097595214844,48258,34,1
1771374462.4055204,84_1,84,tpc_commit,7.800742864608765,28783,35,1
1771374464.550455,85_1,85,tpc_commit,9.88559341430664,28795,35,1
1771374466.606216,84_1,84,tpc_commit,4.200684547424316,28783,35,1
1771374466.6247728,85_1,85,tpc_commit,2.074307441711426,28795,35,1
1771374474.366734,84_1,84,tpc_lock,7.07504153251648,46561,36,1
1771374476.578629,85_1,85,tpc_lock,8.028480768203735,46561,36,1
1771374478.6064708,84_1,84,tpc_lock,4.239725351333618,46561,36,1
1771374478.6531568,85_1,85,tpc_lock,2.0745177268981934,46561,36,1
1771374490.6082947,84_1,84,das_work,5.6340062618255615,48258,37,1
1771374490.6593285,85_1,85,das_work,9.945276260375977,48258,37,1
1771374498.4221828,84_1,84,tpc_commit,7.813878774642944,28795,38,1
1771374500.577825,85_1,85,tpc_commit,9.918484926223757,28795,38,1
1771374502.5867202,84_1,84,tpc_commit,4.164525270462036,28795,38,1
1771374502.631627,85_1,85,tpc_commit,2.05379319190979,28795,38,1
1771374510.4220483,84_1,84,tpc_lock,6.483280181884766,46561,39,1
1771374512.593563,85_1,85,tpc_lock,8.725784540176392,46561,39,1
1771374514.6442702,84_1,84,tpc_lock,4.222211837768555,46561,39,1
1771374514.6451728,85_1,85,tpc_lock,2.0515999794006348,46561,39,1
1771374526.588685,85_1,85,das_work,9.957773447036743,48258,40,1
1771374526.638752,84_1,84,das_work,9.24968647956848,48258,40,1
1771374534.35608,84_1,84,tpc_commit,7.717317581176758,28795,41,1
1771374536.5958822,85_1,85,tpc_commit,10.007184505462646,28795,41,1
1771374538.6136851,85_1,85,tpc_commit,2.0177927017211914,28795,41,1
1771374538.6499026,84_1,84,tpc_commit,4.293816328048706,28795,41,1
1771374546.3572478,84_1,84,tpc_lock,6.271019220352173,46549,42,1
1771374548.582251,85_1,85,tpc_lock,9.263976097106934,46561,42,1
1771374550.6229732,85_1,85,tpc_lock,2.040711641311645,46561,42,1
1771374550.6622024,84_1,84,tpc_lock,4.304945468902588,46549,42,1
1771374562.6021898,85_1,85,das_work,10.442396402359009,48258,43,1
1771374562.652787,84_1,84,das_work,8.326736688613892,48258,43,1
1771374570.3523152,84_1,84,tpc_commit,7.699519157409668,28783,44,1
1771374572.5894272,85_1,85,tpc_commit,9.987228155136108,28795,44,1
1771374574.604447,84_1,84,tpc_commit,4.252122163772583,28783,44,1
1771374574.6374338,85_1,85,tpc_commit,2.0479989051818848,28795,44,1
1771374582.3517244,84_2,84,tpc_lock,7.18755316734314,46561,45,1
1771374584.5390024,85_2,85,tpc_lock,8.514078617095947,46549,45,1
1771374586.627502,85_2,85,tpc_lock,2.0884902477264404,46549,45,1
1771374586.6375763,84_2,84,tpc_lock,4.285845994949341,46561,45,1
1771374598.59708,85_2,85,das_work,2.2614188194274902,48258,46,1
1771374598.6250217,84_2,84,das_work,3.189450263977051,48258,46,1
1771374606.3537593,84_2,84,tpc_commit,7.7287280559539795,28795,47,1
1771374608.5652075,85_2,85,tpc_commit,9.968117237091064,28783,47,1
1771374610.5798762,84_2,84,tpc_commit,4.226109504699707,28795,47,1
1771374610.621792,85_2,85,tpc_commit,2.0565736293792725,28783,47,1
1771374618.3502283,84_2,84,tpc_lock,6.06818699836731,46561,48,1
1771374620.5294185,85_2,85,tpc_lock,8.91848349571228,46561,48,1
1771374622.573502,85_2,85,tpc_lock,2.04407286643982,46561,48,1
1771374622.5780582,84_2,84,tpc_lock,4.2278220653533936,46561,48,1
1771374634.6275773,84_2,84,das_work,9.397982835769652,48258,49,1
1771374634.6581712,85_2,85,das_work,5.63531494140625,48258,49,1
1771374642.356751,84_2,84,tpc_commit,7.729162931442261,28795,50,1
1771374644.5172238,85_2,85,tpc_commit,9.859045505523682,28795,50,1
1771374646.5735178,84_2,84,tpc_commit,4.216759204864502,28795,50,1
1771374646.579298,85_2,85,tpc_commit,2.062067031860352,28795,50,1
1771374654.3845456,84_2,84,tpc_lock,6.886086463928223,46561,51,1
1771374656.5133307,85_2,85,tpc_lock,8.826483011245728,46561,51,1
1771374658.5855246,84_2,84,tpc_lock,4.200970888137817,46561,51,1
1771374658.5947497,85_2,85,tpc_lock,2.0814080238342285,46561,51,1
1771374670.6471243,85_2,85,das_work,8.897538900375366,48258,52,1
1771374670.6635876,84_2,84,das_work,3.6064491271972656,48258,52,1
1771374678.3930783,84_2,84,tpc_commit,7.729481220245361,28795,53,1
1771374680.5382438,85_2,85,tpc_commit,9.89111042022705,28795,53,1
1771374682.6187952,84_2,84,tpc_commit,4.2257068157196045,28795,53,1
1771374682.6451838,85_2,85,tpc_commit,2.106930494308472,28795,53,1
1771374690.3784676,84_2,84,tpc_lock,6.399480819702148,46549,54,1
1771374692.5267508,85_2,85,tpc_lock,8.247058391571045,46561,54,1
1771374694.5865088,85_2,85,tpc_lock,2.059746742248535,46561,54,1
1771374694.5920994,84_2,84,tpc_lock,4.213622331619263,46549,54,1
1771374706.57575,85_2,85,das_work,2.863147258758545,48258,55,1
1771374706.6034453,84_2,84,das_work,2.689504384994507,48258,55,1
1771374714.407353,84_2,84,tpc_commit,7.803816318511963,28783,56,1
1771374716.5189872,85_2,85,tpc_commit,9.94322919845581,28795,56,1
1771374718.5802195,85_2,85,tpc_commit,2.0612246990203857,28795,56,1
1771374718.5974164,84_2,84,tpc_commit,4.190054416656494,28783,56,1
1771374726.369205,84_2,84,tpc_lock,5.947741746902466,46561,57,1
1771374728.584845,85_2,85,tpc_lock,9.123768091201782,46561,57,1
1771374730.5830214,84_2,84,tpc_lock,4.213805675506592,46561,57,1
1771374730.6118898,85_2,85,tpc_lock,2.027036666870117,46561,57,1
1771374742.6380694,85_2,85,das_work,8.822380542755127,48258,58,1
1771374742.645125,84_2,84,das_work,2.789825439453125,48258,58,1
1771374750.3862436,84_2,84,tpc_commit,7.741105556488037,28795,59,1
1771374752.5351894,85_2,85,tpc_commit,9.89710807800293,28795,59,1
1771374754.5613432,85_2,85,tpc_commit,2.0261404514312744,28795,59,1
1771374754.58417,84_2,84,tpc_commit,4.197917699813843,28795,59,1
1771374762.336686,84_3,84,tpc_lock,7.007099628448486,46561,60,1
1771374764.532174,85_3,85,tpc_lock,8.417114019393921,46561,60,1
1771374766.579494,84_3,84,tpc_lock,4.242800712585449,46561,60,1
1771374766.6104825,85_3,85,tpc_lock,2.078300952911377,46561,60,1
1771374778.5799544,84_3,84,das_work,5.8252387046813965,48258,61,1
1771374778.5819707,85_3,85,das_work,7.863710641860962,48258,61,1
1771374786.3762033,84_3,84,tpc_commit,7.796237707138061,28795,62,1
1771374788.5666957,85_3,85,tpc_commit,9.984716415405272,28795,62,1
1771374790.5972238,85_3,85,tpc_commit,2.0305182933807373,28795,62,1
1771374790.6147292,84_3,84,tpc_commit,4.238516569137573,28795,62,1
1771374798.3766265,84_3,84,tpc_lock,6.350191116333008,46561,63,1
1771374800.5540936,85_3,85,tpc_lock,9.327980279922484,46561,63,1
1771374802.5710945,84_3,84,tpc_lock,4.194457292556763,46561,63,1
1771374802.5877662,85_3,85,tpc_lock,2.0336620807647705,46561,63,1
1771374814.55945,85_3,85,das_work,8.64517879486084,48258,64,1
1771374814.5722225,84_3,84,das_work,6.5403454303741455,48258,64,1
1771374822.3416717,84_3,84,tpc_commit,7.769439458847046,28795,65,1
1771374824.5653892,85_3,85,tpc_commit,10.005931615829468,28795,65,1
1771374826.5704484,84_3,84,tpc_commit,4.2287678718566895,28795,65,1
1771374826.5827026,85_3,85,tpc_commit,2.0173041820526123,28795,65,1
1771374834.403751,84_3,84,tpc_lock,6.979576587677002,46561,66,1
1771374836.5684862,85_3,85,tpc_lock,9.32332682609558,46561,66,1
1771374838.561831,84_3,84,tpc_lock,4.15807032585144,46561,66,1
1771374838.613725,85_3,85,tpc_lock,2.0452311038970947,46561,66,1
1771374850.6019597,85_3,85,das_work,9.004213094711304,48258,67,1
1771374850.613139,84_3,84,das_work,5.2171595096588135,48258,67,1
1771374858.3960192,84_3,84,tpc_commit,7.782869577407837,28795,68,1
1771374860.5637264,85_3,85,tpc_commit,9.961756467819214,28795,68,1
1771374862.5764244,85_3,85,tpc_commit,2.012688398361206,28795,68,1
1771374862.6250043,84_3,84,tpc_commit,4.228975057601929,28795,68,1
1771374870.400608,84_3,84,tpc_lock,6.982304096221924,46561,69,1
1771374872.5300865,85_3,85,tpc_lock,7.998864412307739,46561,69,1
1771374874.579535,84_3,84,tpc_lock,4.178913593292236,46561,69,1
1771374874.5969927,85_3,85,tpc_lock,2.066899299621582,46561,69,1
1771374886.5979288,84_3,84,das_work,9.938445329666138,48258,70,1
1771374886.6362638,85_3,85,das_work,8.06603455543518,48258,70,1
1771374894.3954196,84_3,84,tpc_commit,7.797483682632446,28795,71,1
1771374896.5621796,85_3,85,tpc_commit,9.92590594291687,28795,71,1
1771374898.582592,84_3,84,tpc_commit,4.187161445617676,28795,71,1
1771374898.593734,85_3,85,tpc_commit,2.031544685363769,28795,71,1
1771374906.366937,84_3,84,tpc_lock,6.269039869308472,46561,72,1
1771374908.5766363,85_3,85,tpc_lock,8.31948971748352,46561,72,1
1771374910.5996735,85_3,85,tpc_lock,2.0230255126953125,46561,72,1
1771374910.6162236,84_3,84,tpc_lock,4.249276399612427,46561,72,1
1771374922.5653746,84_3,84,das_work,6.441944599151611,48258,73,1
1771374922.607811,85_3,85,das_work,8.345543622970581,48258,73,1
1771374930.3860228,84_3,84,tpc_commit,7.820637226104736,28795,74,1
1771374932.5523615,85_3,85,tpc_commit,9.94454050064087,28795,74,1
1771374934.552998,84_3,84,tpc_commit,4.16696572303772,28795,74,1
1771374934.5854092,85_3,85,tpc_commit,2.0330398082733154,28795,74,1
1771374942.3258443,84_4,84,tpc_lock,5.957307815551758,46549,75,1
1771374944.5004938,85_4,85,tpc_lock,8.715981721878052,46561,75,1
1771374946.5556474,84_4,84,tpc_lock,4.229791879653931,46549,75,1
1771374946.5738182,85_4,85,tpc_lock,2.073312759399414,46561,75,1
1771374958.5555806,85_4,85,das_work,9.763493776321411,48258,76,1
1771374958.557222,84_4,84,das_work,10.120795488357544,48258,76,1
1771374966.329125,84_4,84,tpc_commit,7.771869897842407,28783,77,1
1771374968.5300643,85_4,85,tpc_commit,9.97447419166565,28795,77,1
1771374970.5551913,84_4,84,tpc_commit,4.226058721542358,28783,77,1
1771374970.566533,85_4,85,tpc_commit,2.036461353302002,28795,77,1
1771374978.3612823,84_4,84,tpc_lock,5.852752923965454,46561,78,1
1771374980.492245,85_4,85,tpc_lock,8.614824533462524,46549,78,1
1771374982.5670052,85_4,85,tpc_lock,2.0747525691986084,46549,78,1
1771374982.5745237,84_4,84,tpc_lock,4.213230848312378,46561,78,1
1771374994.615165,85_4,85,das_work,7.690037965774536,48258,79,1
1771374994.6293895,84_4,84,das_work,3.066885232925415,48258,79,1
1771375002.368817,84_4,84,tpc_commit,7.739417552947998,28795,80,1
1771375004.5203998,85_4,85,tpc_commit,9.905223608016968,28783,80,1
1771375006.591709,85_4,85,tpc_commit,2.071296215057373,28783,80,1
1771375006.597478,84_4,84,tpc_commit,4.228649616241455,28795,80,1
1771375014.3184016,84_4,84,tpc_lock,6.798290967941284,46561,81,1
1771375016.5129695,85_4,85,tpc_lock,8.646016120910645,46549,81,1
1771375018.5843403,84_4,84,tpc_lock,4.265930414199829,46561,81,1
1771375018.6071105,85_4,85,tpc_lock,2.094133853912353,46549,81,1
1771375030.5563807,85_4,85,das_work,7.190168142318726,48258,82,1
1771375030.5670264,84_4,84,das_work,2.4410276412963867,48258,82,1
1771375038.3411503,84_4,84,tpc_commit,7.774115324020386,28795,83,1
1771375040.4901128,85_4,85,tpc_commit,9.93371844291687,28783,83,1
1771375042.5560863,84_4,84,tpc_commit,4.214926958084106,28795,83,1
1771375042.5680144,85_4,85,tpc_commit,2.0778908729553223,28783,83,1
1771375050.362235,84_4,84,tpc_lock,6.709134340286255,46561,84,1
1771375052.4809406,85_4,85,tpc_lock,9.359184980392456,46549,84,1
1771375054.5383043,85_4,85,tpc_lock,2.057354211807251,46549,84,1
1771375054.5392764,84_4,84,tpc_lock,4.177027940750122,46561,84,1
1771375066.5239615,84_4,84,das_work,4.270705699920654,48258,85,1
1771375066.570031,85_4,85,das_work,3.310146808624268,48258,85,1
1771375074.3814769,84_4,84,tpc_commit,7.857506990432739,28795,86,1
1771375076.5132532,85_4,85,tpc_commit,9.943211793899536,28783,86,1
1771375078.5424132,84_4,84,tpc_commit,4.1609251499176025,28795,86,1
1771375078.5724163,85_4,85,tpc_commit,2.059154510498047,28783,86,1
1771375086.3444307,84_4,84,tpc_lock,7.2053382396698,46561,87,1
1771375088.4925742,85_4,85,tpc_lock,9.144161224365234,46561,87,1
1771375090.5068104,84_4,84,tpc_lock,4.162369728088379,46561,87,1
1771375090.5493455,85_4,85,tpc_lock,2.056759595870972,46561,87,1
1771375102.5013826,84_4,84,das_work,5.2472004890441895,48258,88,1
1771375102.552487,85_4,85,das_work,10.354748964309692,48258,88,1
1771375110.3005793,84_4,84,tpc_commit,7.799188613891602,28795,89,1
1771375112.5056274,85_4,85,tpc_commit,9.95313000679016,28795,89,1
1771375114.4877474,85_4,85,tpc_commit,1.982111930847168,28795,89,1
1771375114.5323286,84_4,84,tpc_commit,4.231741905212402,28795,89,1
1771374222.4250827,86_0,86,tpc_lock,3.636045217514038,46561,15,1
1771374224.5507932,87_0,87,tpc_lock,3.5550906658172607,46549,15,1
1771374226.6122973,86_0,86,tpc_lock,4.18720817565918,46561,15,1
1771374226.6325548,87_0,87,tpc_lock,2.0817551612854004,46549,15,1
1771374238.6113565,86_0,86,das_work,5.926641464233398,48258,16,1
1771374238.6850312,87_0,87,das_work,7.278733730316162,48258,16,1
1771374246.4595454,86_0,86,tpc_commit,7.848176717758179,28795,17,1
1771374248.6076148,87_0,87,tpc_commit,9.922567129135132,28783,17,1
1771374250.6598358,87_0,87,tpc_commit,2.052210092544556,28783,17,1
1771374250.673598,86_0,86,tpc_commit,4.21403956413269,28795,17,1
1771374258.4492488,86_0,86,tpc_lock,5.883476495742798,46561,18,1
1771374260.5670478,87_0,87,tpc_lock,8.14589786529541,46561,18,1
1771374262.635908,86_0,86,tpc_lock,4.186648368835449,46561,18,1
1771374262.651074,87_0,87,tpc_lock,2.084017276763916,46561,18,1
1771374274.6088958,87_0,87,das_work,9.014307498931885,48258,19,1
1771374274.6335788,86_0,86,das_work,4.450305700302124,48258,19,1
1771374282.3970404,86_0,86,tpc_commit,7.763448238372803,28795,20,1
1771374284.6208918,87_0,87,tpc_commit,10.011988639831545,28795,20,1
1771374286.6049137,86_0,86,tpc_commit,4.207863569259644,28795,20,1
1771374286.6819527,87_0,87,tpc_commit,2.0610504150390625,28795,20,1
1771374294.3994968,86_0,86,tpc_lock,7.062948942184448,46561,21,1
1771374296.5468297,87_0,87,tpc_lock,9.204461812973022,46549,21,1
1771374298.600139,87_0,87,tpc_lock,2.053299903869629,46549,21,1
1771374298.6844945,86_0,86,tpc_lock,4.284986734390259,46561,21,1
1771374310.6198564,87_0,87,das_work,7.310415267944336,48258,22,1
1771374310.638864,86_0,86,das_work,6.714590787887573,48258,22,1
1771374318.452778,86_0,86,tpc_commit,7.813903093338013,28795,23,1
1771374320.608027,87_0,87,tpc_commit,9.988160371780396,28783,23,1
1771374322.6171174,87_0,87,tpc_commit,2.0090808868408203,28783,23,1
1771374322.6726997,86_0,86,tpc_commit,4.219910621643066,28795,23,1
1771374330.4478366,86_0,86,tpc_lock,6.271930694580078,46549,24,1
1771374332.6003397,87_0,87,tpc_lock,9.46906876564026,46561,24,1
1771374334.6150725,86_0,86,tpc_lock,4.16722559928894,46549,24,1
1771374334.6284478,87_0,87,tpc_lock,2.02809739112854,46561,24,1
1771374346.598192,86_0,86,das_work,3.999326944351196,48258,25,1
1771374346.610727,87_0,87,das_work,8.685005187988281,48258,25,1
1771374354.4039438,86_0,86,tpc_commit,7.805741548538208,28783,26,1
1771374356.5543509,87_0,87,tpc_commit,9.943612813949583,28795,26,1
1771374358.637585,87_0,87,tpc_commit,2.0832252502441406,28795,26,1
1771374358.6956017,86_0,86,tpc_commit,4.291647434234619,28783,26,1
1771374366.4084396,86_0,86,tpc_lock,6.373578071594238,46561,27,1
1771374368.58086,87_0,87,tpc_lock,8.835317373275757,46561,27,1
1771374370.603373,86_0,86,tpc_lock,4.19492244720459,46561,27,1
1771374370.6599014,87_0,87,tpc_lock,2.079033374786377,46561,27,1
1771374382.6219845,87_0,87,das_work,9.01921010017395,48258,28,1
1771374382.659908,86_0,86,das_work,6.575912237167358,48258,28,1
1771374390.3773737,86_0,86,tpc_commit,7.717434167861938,28795,29,1
1771374392.5877557,87_0,87,tpc_commit,9.965760469436646,28795,29,1
1771374394.6216047,86_0,86,tpc_commit,4.244218587875366,28795,29,1
1771374394.6734052,87_0,87,tpc_commit,2.085639238357544,28795,29,1
1771374402.3846524,86_1,86,tpc_lock,6.076339721679688,46561,30,1
1771374404.607,87_1,87,tpc_lock,9.058799505233765,46561,30,1
1771374406.5918016,86_1,86,tpc_lock,4.207137584686279,46561,30,1
1771374406.6845455,87_1,87,tpc_lock,2.07753586769104,46561,30,1
1771374418.6717825,86_1,86,das_work,10.067447185516356,48258,31,1
1771374418.6811397,87_1,87,das_work,6.878108978271484,48258,31,1
1771374426.3751974,86_1,86,tpc_commit,7.703402519226074,28795,32,1
1771374428.54923,87_1,87,tpc_commit,9.868079662322998,28795,32,1
1771374430.599018,86_1,86,tpc_commit,4.223806858062744,28795,32,1
1771374430.603237,87_1,87,tpc_commit,2.0539979934692383,28795,32,1
1771374438.359388,86_1,86,tpc_lock,6.383824825286865,46561,33,1
1771374440.5341008,87_1,87,tpc_lock,8.027079820632935,46561,33,1
1771374442.6082897,86_1,86,tpc_lock,4.24889087677002,46561,33,1
1771374442.639644,87_1,87,tpc_lock,2.1055362224578857,46561,33,1
1771374454.6088588,87_1,87,das_work,8.009695053100586,48258,34,1
1771374454.643035,86_1,86,das_work,5.3318822383880615,48258,34,1
1771374462.3753643,86_1,86,tpc_commit,7.732318878173828,28795,35,1
1771374464.5394986,87_1,87,tpc_commit,9.930628061294556,28795,35,1
1771374466.6062703,87_1,87,tpc_commit,2.0667624473571777,28795,35,1
1771374466.6121922,86_1,86,tpc_commit,4.236817121505737,28795,35,1
1771374474.3629098,86_1,86,tpc_lock,6.480226278305054,46561,36,1
1771374476.580169,87_1,87,tpc_lock,9.027924537658691,46561,36,1
1771374478.5931003,86_1,86,tpc_lock,4.2301836013793945,46561,36,1
1771374478.646506,87_1,87,tpc_lock,2.066328525543213,46561,36,1
1771374490.58981,87_1,87,das_work,9.446907997131348,48258,37,1
1771374490.5913134,86_1,86,das_work,8.627732038497925,48258,37,1
1771374498.3788936,86_1,86,tpc_commit,7.787571907043457,28795,38,1
1771374500.5766482,87_1,87,tpc_commit,9.986829996109009,28795,38,1
1771374502.640437,87_1,87,tpc_commit,2.0637776851654053,28795,38,1
1771374502.6456566,86_1,86,tpc_commit,4.2667505741119385,28795,38,1
1771374510.3702953,86_1,86,tpc_lock,5.971692562103272,46561,39,1
1771374512.570337,87_1,87,tpc_lock,8.829570293426514,46561,39,1
1771374514.581045,86_1,86,tpc_lock,4.210741996765137,46561,39,1
1771374514.6107926,87_1,87,tpc_lock,2.0404460430145264,46561,39,1
1771374526.5958598,87_1,87,das_work,10.204533815383911,48258,40,1
1771374526.667249,86_1,86,das_work,10.73550581932068,48258,40,1
1771374534.4300897,86_1,86,tpc_commit,7.762831687927246,28795,41,1
1771374536.5576806,87_1,87,tpc_commit,9.961811780929564,28795,41,1
1771374538.5873413,87_1,87,tpc_commit,2.029652833938598,28795,41,1
1771374538.6094234,86_1,86,tpc_commit,4.179323673248291,28795,41,1
1771374546.3863046,86_1,86,tpc_lock,6.473486661911011,46561,42,1
1771374548.521669,87_1,87,tpc_lock,8.72477102279663,46561,42,1
1771374550.6015944,86_1,86,tpc_lock,4.215277194976807,46561,42,1
1771374550.6533954,87_1,87,tpc_lock,2.131718635559082,46561,42,1
1771374562.592443,86_1,86,das_work,7.8798508644104,48258,43,1
1771374562.6584938,87_1,87,das_work,6.750769376754761,48258,43,1
1771374570.4025252,86_1,86,tpc_commit,7.810070991516113,28795,44,1
1771374572.5532303,87_1,87,tpc_commit,9.89472770690918,28795,44,1
1771374574.591223,86_1,86,tpc_commit,4.18868899345398,28795,44,1
1771374574.6048472,87_1,87,tpc_commit,2.051605463027954,28795,44,1
1771374582.3655622,86_2,86,tpc_lock,6.570438385009766,46561,45,1
1771374584.5744972,87_2,87,tpc_lock,9.32439374923706,46561,45,1
1771374586.5807076,86_2,86,tpc_lock,4.21513557434082,46561,45,1
1771374586.6272554,87_2,87,tpc_lock,2.052748441696167,46561,45,1
1771374598.5950546,87_2,87,das_work,7.6022789478302,48258,46,1
1771374598.666424,86_2,86,das_work,2.556506395339966,48258,46,1
1771374606.3588438,86_2,86,tpc_commit,7.692406415939331,28795,47,1
1771374608.5615847,87_2,87,tpc_commit,9.96651816368103,28795,47,1
1771374610.5879862,86_2,86,tpc_commit,4.229130029678345,28795,47,1
1771374610.6413136,87_2,87,tpc_commit,2.0797195434570312,28795,47,1
1771374618.409351,86_2,86,tpc_lock,6.475255489349365,46561,48,1
1771374620.5248346,87_2,87,tpc_lock,8.512648344039917,46561,48,1
1771374622.5749984,87_2,87,tpc_lock,2.050154685974121,46561,48,1
1771374622.6280494,86_2,86,tpc_lock,4.218687772750855,46561,48,1
1771374634.6096597,86_2,86,das_work,9.35124659538269,48258,49,1
1771374634.6344583,87_2,87,das_work,6.8224146366119385,48258,49,1
1771374642.3543656,86_2,86,tpc_commit,7.744696140289307,28795,50,1
1771374644.517214,87_2,87,tpc_commit,9.882745027542114,28795,50,1
1771374646.5931494,86_2,86,tpc_commit,4.238773584365845,28795,50,1
1771374646.627754,87_2,87,tpc_commit,2.110530376434326,28795,50,1
1771374654.3983512,86_2,86,tpc_lock,6.274775981903076,46561,51,1
1771374656.5808127,87_2,87,tpc_lock,8.63998794555664,46549,51,1
1771374658.5835855,86_2,86,tpc_lock,4.185225486755371,46561,51,1
1771374658.5999706,87_2,87,tpc_lock,2.0191471576690674,46549,51,1
1771374670.6190896,87_2,87,das_work,7.856556177139282,48258,52,1
1771374670.6312184,86_2,86,das_work,4.6188695430755615,48258,52,1
1771374678.3533852,86_2,86,tpc_commit,7.722156763076782,28795,53,1
1771374680.5199046,87_2,87,tpc_commit,9.900805234909058,28783,53,1
1771374682.569316,86_2,86,tpc_commit,4.215917110443115,28795,53,1
1771374682.572855,87_2,87,tpc_commit,2.05293869972229,28783,53,1
1771374690.4185834,86_2,86,tpc_lock,6.913933753967285,46561,54,1
1771374692.5713851,87_2,87,tpc_lock,8.652575254440308,46561,54,1
1771374694.6352062,86_2,86,tpc_lock,4.216612339019775,46561,54,1
1771374694.6360693,87_2,87,tpc_lock,2.0646743774414062,46561,54,1
1771374706.5796175,86_2,86,das_work,7.759670495986938,48258,55,1
1771374706.6604378,87_2,87,das_work,8.526690244674683,48258,55,1
1771374714.3944292,86_2,86,tpc_commit,7.814800500869751,28795,56,1
1771374716.5351794,87_2,87,tpc_commit,9.874731540679932,28795,56,1
1771374718.5902784,87_2,87,tpc_commit,2.055088520050049,28795,56,1
1771374718.628255,86_2,86,tpc_commit,4.233814477920532,28795,56,1
1771374726.343865,86_2,86,tpc_lock,6.374224185943604,46561,57,1
1771374728.5274663,87_2,87,tpc_lock,8.200913906097412,46561,57,1
1771374730.5856128,87_2,87,tpc_lock,2.0581374168396,46561,57,1
1771374730.6330686,86_2,86,tpc_lock,4.289169549942017,46561,57,1
1771374742.6475406,87_2,87,das_work,9.245280027389526,48258,58,1
1771374742.6492305,86_2,86,das_work,6.292836904525757,48258,58,1
1771374750.3905337,86_2,86,tpc_commit,7.74129319190979,28795,59,1
1771374752.539969,87_2,87,tpc_commit,9.892416954040527,28795,59,1
1771374754.5983336,86_2,86,tpc_commit,4.207791090011597,28795,59,1
1771374754.600988,87_2,87,tpc_commit,2.0609917640686035,28795,59,1
1771374762.371418,86_3,86,tpc_lock,6.788695335388184,46561,60,1
1771374764.5048368,87_3,87,tpc_lock,8.946390867233276,46561,60,1
1771374766.562086,87_3,87,tpc_lock,2.0572402477264404,46561,60,1
1771374766.619449,86_3,86,tpc_lock,4.248019456863403,46561,60,1
1771374778.5756674,86_3,86,das_work,4.056331157684326,48258,61,1
1771374778.617253,87_3,87,das_work,8.583557367324829,48258,61,1
1771374786.376192,86_3,86,tpc_commit,7.800513505935669,28795,62,1
1771374788.5641358,87_3,87,tpc_commit,9.946876287460327,28795,62,1
1771374790.5836508,86_3,86,tpc_commit,4.207448959350586,28795,62,1
1771374790.5914755,87_3,87,tpc_commit,2.0273303985595703,28795,62,1
1771374798.3694625,86_3,86,tpc_lock,6.370972633361816,46549,63,1
1771374800.5482163,87_3,87,tpc_lock,7.988670587539673,46561,63,1
1771374802.5590606,86_3,86,tpc_lock,4.189588308334351,46549,63,1
1771374802.6257226,87_3,87,tpc_lock,2.077497959136963,46561,63,1
1771374814.561546,86_3,86,das_work,3.326767444610596,48258,64,1
1771374814.59465,87_3,87,das_work,8.096710920333862,48258,64,1
1771374822.3481,86_3,86,tpc_commit,7.786543607711792,28783,65,1
1771374824.5566962,87_3,87,tpc_commit,9.962038516998293,28795,65,1
1771374826.560356,87_3,87,tpc_commit,2.003649473190308,28795,65,1
1771374826.567633,86_3,86,tpc_commit,4.219523668289185,28783,65,1
1771374834.3280396,86_3,86,tpc_lock,6.28754997253418,46561,66,1
1771374836.5690906,87_3,87,tpc_lock,8.318131685256958,46561,66,1
1771374838.6120286,87_3,87,tpc_lock,2.042928457260132,46561,66,1
1771374838.6318293,86_3,86,tpc_lock,4.30378270149231,46561,66,1
1771374850.5643134,87_3,87,das_work,5.70051908493042,48258,67,1
1771374850.6343255,86_3,86,das_work,10.325506448745728,48258,67,1
1771374858.3890371,86_3,86,tpc_commit,7.754701137542725,28795,68,1
1771374860.4957922,87_3,87,tpc_commit,9.931469202041626,28795,68,1
1771374862.603533,86_3,86,tpc_commit,4.21448826789856,28795,68,1
1771374862.6467657,87_3,87,tpc_commit,2.150962829589844,28795,68,1
1771374870.3621662,86_3,86,tpc_lock,6.569308042526245,46561,69,1
1771374872.5353005,87_3,87,tpc_lock,8.008359909057617,46561,69,1
1771374874.5554526,86_3,86,tpc_lock,4.193275451660156,46561,69,1
1771374874.6035745,87_3,87,tpc_lock,2.0682663917541504,46561,69,1
1771374886.564825,87_3,87,das_work,3.989495754241944,48258,70,1
1771374886.5945034,86_3,86,das_work,2.55633282661438,48258,70,1
1771374894.3979402,86_3,86,tpc_commit,7.803424835205078,28795,71,1
1771374896.5029411,87_3,87,tpc_commit,9.93810534477234,28795,71,1
1771374898.558861,87_3,87,tpc_commit,2.055908441543579,28795,71,1
1771374898.6098523,86_3,86,tpc_commit,4.211904764175415,28795,71,1
1771374906.4062583,86_3,86,tpc_lock,6.775441408157349,46549,72,1
1771374908.4938002,87_3,87,tpc_lock,8.618329286575317,46561,72,1
1771374910.5780046,86_3,86,tpc_lock,4.171734571456909,46549,72,1
1771374910.6218278,87_3,87,tpc_lock,2.1280205249786377,46561,72,1
1771374922.6200888,86_3,86,das_work,3.4823548793792725,48258,73,1
1771374922.6336236,87_3,87,das_work,4.075448989868164,48258,73,1
1771374930.3696558,86_3,86,tpc_commit,7.749556541442871,28783,74,1
1771374932.5138907,87_3,87,tpc_commit,9.880257844924929,28795,74,1
1771374934.5746913,86_3,86,tpc_commit,4.205026388168335,28783,74,1
1771374934.6095345,87_3,87,tpc_commit,2.095632791519165,28795,74,1
1771374942.3655517,86_4,86,tpc_lock,6.872525453567505,46561,75,1
1771374944.5071712,87_4,87,tpc_lock,8.502886295318604,46561,75,1
1771374946.5736413,87_4,87,tpc_lock,2.066462993621826,46561,75,1
1771374946.5862308,86_4,86,tpc_lock,4.220670700073242,46561,75,1
1771374958.5709696,87_4,87,das_work,3.2536983489990234,48258,76,1
1771374958.600669,86_4,86,das_work,6.181058168411255,48258,76,1
1771374966.3444102,86_4,86,tpc_commit,7.743731737136841,28795,77,1
1771374968.4889154,87_4,87,tpc_commit,9.917935848236084,28795,77,1
1771374970.5455365,87_4,87,tpc_commit,2.056609630584717,28795,77,1
1771374970.598012,86_4,86,tpc_commit,4.253590106964111,28795,77,1
1771374978.3781228,86_4,86,tpc_lock,6.980942010879517,46549,78,1
1771374980.5290852,87_4,87,tpc_lock,8.501348972320557,46561,78,1
1771374982.5831168,86_4,86,tpc_lock,4.204983949661255,46549,78,1
1771374982.6269023,87_4,87,tpc_lock,2.0978057384490967,46561,78,1
1771374994.6052206,86_4,86,das_work,3.664695262908936,48258,79,1
1771374994.6211865,87_4,87,das_work,9.50925064086914,48258,79,1
1771375002.40936,86_4,86,tpc_commit,7.804128170013428,28783,80,1
1771375004.4960556,87_4,87,tpc_commit,9.874859094619753,28795,80,1
1771375006.5872536,87_4,87,tpc_commit,2.0911905765533447,28795,80,1
1771375006.626284,86_4,86,tpc_commit,4.216913938522339,28783,80,1
1771375014.3952343,86_4,86,tpc_lock,6.595727682113648,46561,81,1
1771375016.555793,87_4,87,tpc_lock,8.133334875106812,46561,81,1
1771375018.5555134,87_4,87,tpc_lock,1.9997122287750244,46561,81,1
1771375018.6149948,86_4,86,tpc_lock,4.219748020172119,46561,81,1
1771375030.568931,86_4,86,das_work,8.53223204612732,48258,82,1
1771375030.581124,87_4,87,das_work,5.540679454803467,48258,82,1
1771375038.4078453,86_4,86,tpc_commit,7.838884353637695,28795,83,1
1771375040.5640569,87_4,87,tpc_commit,9.982921838760376,28795,83,1
1771375042.5577888,87_4,87,tpc_commit,1.9937217235565183,28795,83,1
1771375042.6215477,86_4,86,tpc_commit,4.213693141937256,28795,83,1
1771375050.3624537,86_4,86,tpc_lock,6.596635103225708,46561,84,1
1771375052.5454676,87_4,87,tpc_lock,9.237471580505373,46561,84,1
1771375054.5479136,86_4,86,tpc_lock,4.185449123382568,46561,84,1
1771375054.563155,87_4,87,tpc_lock,2.017678737640381,46561,84,1
1771375066.536445,87_4,87,das_work,4.852089405059815,48258,85,1
1771375066.5858305,86_4,86,das_work,9.440527200698853,48258,85,1
1771375074.3626978,86_4,86,tpc_commit,7.776855945587158,28795,86,1
1771375076.4895515,87_4,87,tpc_commit,9.953095436096191,28795,86,1
1771375078.5228946,87_4,87,tpc_commit,2.033334732055664,28795,86,1
1771375078.5364454,86_4,86,tpc_commit,4.173738718032837,28795,86,1
1771375086.3623245,86_4,86,tpc_lock,7.104264497756958,46549,87,1
1771375088.546035,87_4,87,tpc_lock,9.045444250106812,46561,87,1
1771375090.50852,87_4,87,tpc_lock,1.9624738693237305,46561,87,1
1771375090.5202904,86_4,86,tpc_lock,4.157954931259155,46549,87,1
1771375102.499123,87_4,87,das_work,2.916449546813965,48258,88,1
1771375102.5541284,86_4,86,das_work,6.064438104629517,48258,88,1
1771375110.360496,86_4,86,tpc_commit,7.806360483169556,28783,89,1
1771375112.4613907,87_4,87,tpc_commit,9.962255954742432,28795,89,1
1771375114.499652,86_4,86,tpc_commit,4.13914966583252,28783,89,1
1771375114.5399785,87_4,87,tpc_commit,2.0785796642303467,28795,89,1
1771374222.4612997,88_0,88,tpc_lock,2.102952718734741,46561,15,1
1771374224.5535097,89_0,89,tpc_lock,2.292797565460205,46561,15,1
1771374226.6124492,88_0,88,tpc_lock,4.15114164352417,46561,15,1
1771374226.653776,89_0,89,tpc_lock,2.1002602577209477,46561,15,1
1771374238.6284482,89_0,89,das_work,7.1090240478515625,48258,16,1
1771374238.7094622,88_0,88,das_work,10.102529048919678,48258,16,1
1771374246.4494328,88_0,88,tpc_commit,7.739953994750977,28795,17,1
1771374248.608204,89_0,89,tpc_commit,9.979742527008057,28795,17,1
1771374250.644473,89_0,89,tpc_commit,2.036259412765503,28795,17,1
1771374250.683344,88_0,88,tpc_commit,4.233901739120483,28795,17,1
1771374258.4587824,88_0,88,tpc_lock,5.783837795257568,46561,18,1
1771374260.571789,89_0,89,tpc_lock,8.959275007247925,46561,18,1
1771374262.6375823,89_0,89,tpc_lock,2.0657808780670166,46561,18,1
1771374262.6385078,88_0,88,tpc_lock,4.179718017578125,46561,18,1
1771374274.6097522,89_0,89,das_work,6.173387289047241,48258,19,1
1771374274.7540522,88_0,88,das_work,10.419495582580566,48258,19,1
1771374282.4333217,88_0,88,tpc_commit,7.679256916046143,28795,20,1
1771374284.6207688,89_0,89,tpc_commit,10.011009693145752,28795,20,1
1771374286.6927457,89_0,89,tpc_commit,2.071966648101806,28795,20,1
1771374286.7019062,88_0,88,tpc_commit,4.268574476242065,28795,20,1
1771374294.409857,88_0,88,tpc_lock,6.481733322143555,46549,21,1
1771374296.5848234,89_0,89,tpc_lock,8.52806544303894,46561,21,1
1771374298.6000912,89_0,89,tpc_lock,2.01525616645813,46561,21,1
1771374298.6998549,88_0,88,tpc_lock,4.289986610412598,46549,21,1
1771374310.6044743,89_0,89,das_work,5.819068193435669,48258,22,1
1771374310.6317134,88_0,88,das_work,5.944359064102173,48258,22,1
1771374318.3833995,88_0,88,tpc_commit,7.751678466796875,28783,23,1
1771374320.5380964,89_0,89,tpc_commit,9.93361473083496,28795,23,1
1771374322.626563,88_0,88,tpc_commit,4.243155479431152,28783,23,1
1771374322.6506588,89_0,89,tpc_commit,2.112554788589477,28795,23,1
1771374330.4412513,88_0,88,tpc_lock,7.20625638961792,46561,24,1
1771374332.5994294,89_0,89,tpc_lock,8.93089771270752,46561,24,1
1771374334.644192,89_0,89,tpc_lock,2.044752597808838,46561,24,1
1771374334.6658,88_0,88,tpc_lock,4.224535703659058,46561,24,1
1771374346.7038634,88_0,88,das_work,9.689249038696287,48258,25,1
1771374346.706582,89_0,89,das_work,7.945681571960449,48258,25,1
1771374354.427941,88_0,88,tpc_commit,7.72406530380249,28795,26,1
1771374356.5907795,89_0,89,tpc_commit,9.884188175201416,28795,26,1
1771374358.6027057,88_0,88,tpc_commit,4.174753904342651,28795,26,1
1771374358.6425357,89_0,89,tpc_commit,2.051745176315308,28795,26,1
1771374366.401494,88_0,88,tpc_lock,6.384773254394531,46561,27,1
1771374368.614324,89_0,89,tpc_lock,8.12445592880249,46549,27,1
1771374370.6229963,88_0,88,tpc_lock,4.221491098403931,46561,27,1
1771374370.6502352,89_0,89,tpc_lock,2.03589940071106,46549,27,1
1771374382.617914,89_0,89,das_work,3.2794506549835205,48258,28,1
1771374382.6480818,88_0,88,das_work,7.685532331466675,48258,28,1
1771374390.371664,88_0,88,tpc_commit,7.723572969436645,28795,29,1
1771374392.5868964,89_0,89,tpc_commit,9.968972444534302,28783,29,1
1771374394.5967407,88_0,88,tpc_commit,4.225066661834717,28795,29,1
1771374394.6699271,89_0,89,tpc_commit,2.0830187797546387,28783,29,1
1771374402.3821642,88_1,88,tpc_lock,6.383615016937256,46561,30,1
1771374404.5969293,89_1,89,tpc_lock,7.9296555519104,46561,30,1
1771374406.5957549,88_1,88,tpc_lock,4.213580369949341,46561,30,1
1771374406.6622882,89_1,89,tpc_lock,2.06535005569458,46561,30,1
1771374418.6048045,88_1,88,das_work,3.4758267402648926,48258,31,1
1771374418.6172836,89_1,89,das_work,5.352551937103272,48258,31,1
1771374426.4170392,88_1,88,tpc_commit,7.812222242355347,28795,32,1
1771374428.5365567,89_1,89,tpc_commit,9.919261693954468,28795,32,1
1771374430.5989037,88_1,88,tpc_commit,4.181853771209717,28795,32,1
1771374430.664973,89_1,89,tpc_commit,2.128408670425415,28795,32,1
1771374438.434064,88_1,88,tpc_lock,6.573398351669312,46561,33,1
1771374440.5338416,89_1,89,tpc_lock,8.865302801132202,46561,33,1
1771374442.6604238,89_1,89,tpc_lock,2.1265714168548584,46561,33,1
1771374442.6937,88_1,88,tpc_lock,4.259625434875488,46561,33,1
1771374454.6516762,88_1,88,das_work,8.417720317840576,48258,34,1
1771374454.6819427,89_1,89,das_work,5.672693967819214,48258,34,1
1771374462.3791752,88_1,88,tpc_commit,7.727487802505493,28795,35,1
1771374464.5413256,89_1,89,tpc_commit,9.859372854232788,28795,35,1
1771374466.608992,89_1,89,tpc_commit,2.0676589012146,28795,35,1
1771374466.6376517,88_1,88,tpc_commit,4.258465766906738,28795,35,1
1771374474.4251134,88_1,88,tpc_lock,6.066266059875488,46561,36,1
1771374476.5362327,89_1,89,tpc_lock,8.92713713645935,46549,36,1
1771374478.5966904,88_1,88,tpc_lock,4.171566963195801,46561,36,1
1771374478.6180236,89_1,89,tpc_lock,2.081780910491944,46549,36,1
1771374490.610277,88_1,88,das_work,3.51680588722229,48258,37,1
1771374490.6184042,89_1,89,das_work,10.89241099357605,48258,37,1
1771374498.3624258,88_1,88,tpc_commit,7.75213623046875,28795,38,1
1771374500.593497,89_1,89,tpc_commit,9.975082397460938,28783,38,1
1771374502.5838785,89_1,89,tpc_commit,1.990370750427246,28783,38,1
1771374502.584678,88_1,88,tpc_commit,4.222244024276733,28795,38,1
1771374510.4248471,88_1,88,tpc_lock,7.187238693237305,46561,39,1
1771374512.5349329,89_1,89,tpc_lock,8.844255924224854,46561,39,1
1771374514.5853963,89_1,89,tpc_lock,2.0504536628723145,46561,39,1
1771374514.6136878,88_1,88,tpc_lock,4.188831329345703,46561,39,1
1771374526.585587,89_1,89,das_work,8.391092538833618,48258,40,1
1771374526.669239,88_1,88,das_work,2.3469314575195312,48258,40,1
1771374534.4384246,88_1,88,tpc_commit,7.769176721572876,28795,41,1
1771374536.5405042,89_1,89,tpc_commit,9.954907417297363,28795,41,1
1771374538.5863855,89_1,89,tpc_commit,2.0458712577819824,28795,41,1
1771374538.6119308,88_1,88,tpc_commit,4.173497676849365,28795,41,1
1771374546.4025738,88_1,88,tpc_lock,6.406816005706787,46561,42,1
1771374548.5526817,89_1,89,tpc_lock,8.551029205322266,46561,42,1
1771374550.5891852,88_1,88,tpc_lock,4.1865997314453125,46561,42,1
1771374550.631374,89_1,89,tpc_lock,2.078665256500244,46561,42,1
1771374562.5805128,89_1,89,das_work,3.99186110496521,48258,43,1
1771374562.6787274,88_1,88,das_work,7.499083280563354,48258,43,1
1771374570.3567324,88_1,88,tpc_commit,7.677994251251221,28795,44,1
1771374572.5324576,89_1,89,tpc_commit,9.951936721801758,28795,44,1
1771374574.585178,89_1,89,tpc_commit,2.052708864212036,28795,44,1
1771374574.5860102,88_1,88,tpc_commit,4.229269742965698,28795,44,1
1771374582.4173286,88_2,88,tpc_lock,6.688266277313232,46549,45,1
1771374584.5416307,89_2,89,tpc_lock,9.247529029846191,46549,45,1
1771374586.58545,89_2,89,tpc_lock,2.0438103675842285,46549,45,1
1771374586.5935977,88_2,88,tpc_lock,4.17625880241394,46549,45,1
1771374598.5959022,88_2,88,das_work,4.414896249771118,48258,46,1
1771374598.648884,89_2,89,das_work,6.834206819534302,48258,46,1
1771374606.3934422,88_2,88,tpc_commit,7.797530651092529,28783,47,1
1771374608.518005,89_2,89,tpc_commit,9.86911153793335,28783,47,1
1771374610.6052125,89_2,89,tpc_commit,2.08719801902771,28783,47,1
1771374610.622224,88_2,88,tpc_commit,4.228773593902588,28783,47,1
1771374618.3655202,88_2,88,tpc_lock,6.372857570648193,46561,48,1
1771374620.5898795,89_2,89,tpc_lock,9.113859176635742,46561,48,1
1771374622.5808597,88_2,88,tpc_lock,4.215331077575684,46561,48,1
1771374622.5964243,89_2,89,tpc_lock,2.0065340995788574,46561,48,1
1771374634.580086,89_2,89,das_work,7.335068464279175,48258,49,1
1771374634.6607218,88_2,88,das_work,6.662282228469849,48258,49,1
1771374642.359576,88_2,88,tpc_commit,7.69884467124939,28795,50,1
1771374644.548067,89_2,89,tpc_commit,9.96797251701355,28795,50,1
1771374646.5928977,88_2,88,tpc_commit,4.233312606811523,28795,50,1
1771374646.6097078,89_2,89,tpc_commit,2.061631202697754,28795,50,1
1771374654.3690145,88_2,88,tpc_lock,7.094698190689087,46561,51,1
1771374656.5139074,89_2,89,tpc_lock,8.619035482406616,46561,51,1
1771374658.5886202,89_2,89,tpc_lock,2.074705123901367,46561,51,1
1771374658.6293905,88_2,88,tpc_lock,4.260366439819336,46561,51,1
1771374670.597382,88_2,88,das_work,8.721623420715332,48258,52,1
1771374670.671816,89_2,89,das_work,10.8569655418396,48258,52,1
1771374678.429122,88_2,88,tpc_commit,7.831727743148804,28795,53,1
1771374680.5274365,89_2,89,tpc_commit,9.855608940124512,28795,53,1
1771374682.6454844,89_2,89,tpc_commit,2.118007183074951,28795,53,1
1771374682.6463687,88_2,88,tpc_commit,4.21723747253418,28795,53,1
1771374690.353055,88_2,88,tpc_lock,6.375110626220703,46561,54,1
1771374692.5379913,89_2,89,tpc_lock,8.203984260559082,46561,54,1
1771374694.5946069,88_2,88,tpc_lock,4.241544008255005,46561,54,1
1771374694.6223416,89_2,89,tpc_lock,2.084343194961548,46561,54,1
1771374706.5944998,88_2,88,das_work,10.982693433761597,48258,55,1
1771374706.6514993,89_2,89,das_work,7.812076091766357,48258,55,1
1771374714.3884847,88_2,88,tpc_commit,7.793974637985229,28795,56,1
1771374716.570451,89_2,89,tpc_commit,9.918941259384155,28795,56,1
1771374718.5878496,89_2,89,tpc_commit,2.0173914432525635,28795,56,1
1771374718.6041908,88_2,88,tpc_commit,4.215692281723023,28795,56,1
1771374726.3423734,88_2,88,tpc_lock,7.17953372001648,46561,57,1
1771374728.5171614,89_2,89,tpc_lock,8.524969100952148,46561,57,1
1771374730.5697176,89_2,89,tpc_lock,2.0525472164154053,46561,57,1
1771374730.6215684,88_2,88,tpc_lock,4.279184579849243,46561,57,1
1771374742.6017609,89_2,89,das_work,8.53744101524353,48258,58,1
1771374742.6617298,88_2,88,das_work,9.435360193252563,48258,58,1
1771374750.346108,88_2,88,tpc_commit,7.684369802474976,28795,59,1
1771374752.5724795,89_2,89,tpc_commit,9.970707654953005,28795,59,1
1771374754.5639985,88_2,88,tpc_commit,4.217880964279175,28795,59,1
1771374754.611972,89_2,89,tpc_commit,2.039483070373535,28795,59,1
1771374762.353404,88_3,88,tpc_lock,6.503634691238403,46549,60,1
1771374764.506765,89_3,89,tpc_lock,8.768687963485718,46561,60,1
1771374766.583031,88_3,88,tpc_lock,4.229619741439819,46549,60,1
1771374766.5942278,89_3,89,tpc_lock,2.0874507427215576,46561,60,1
1771374778.571389,89_3,89,das_work,4.78389835357666,48258,61,1
1771374778.578173,88_3,88,das_work,4.6761794090271,48258,61,1
1771374786.3596442,88_3,88,tpc_commit,7.781464338302612,28783,62,1
1771374788.5063353,89_3,89,tpc_commit,9.934938907623293,28795,62,1
1771374790.5654638,89_3,89,tpc_commit,2.059121608734131,28795,62,1
1771374790.581304,88_3,88,tpc_commit,4.2216527462005615,28783,62,1
1771374798.3409126,88_3,88,tpc_lock,7.021408796310425,46561,63,1
1771374800.5056703,89_3,89,tpc_lock,8.567681789398193,46561,63,1
1771374802.5828917,89_3,89,tpc_lock,2.0772128105163574,46561,63,1
1771374802.6292024,88_3,88,tpc_lock,4.288278579711914,46561,63,1
1771374814.6063309,89_3,89,das_work,3.328451633453369,48258,64,1
1771374814.640021,88_3,88,das_work,10.742303848266602,48258,64,1
1771374822.367278,88_3,88,tpc_commit,7.727246522903442,28795,65,1
1771374824.5046637,89_3,89,tpc_commit,9.89832353591919,28795,65,1
1771374826.557825,88_3,88,tpc_commit,4.190536737442017,28795,65,1
1771374826.560831,89_3,89,tpc_commit,2.056159496307373,28795,65,1
1771374834.3486283,88_3,88,tpc_lock,6.482722759246826,46561,66,1
1771374836.5459056,89_3,89,tpc_lock,8.517926692962646,46561,66,1
1771374838.604317,89_3,89,tpc_lock,2.058400869369507,46561,66,1
1771374838.6173103,88_3,88,tpc_lock,4.268673896789551,46561,66,1
1771374850.5654893,88_3,88,das_work,8.790549516677856,48258,67,1
1771374850.6292355,89_3,89,das_work,8.083478927612305,48258,67,1
1771374858.348203,88_3,88,tpc_commit,7.782706022262573,28795,68,1
1771374860.542564,89_3,89,tpc_commit,9.913318157196043,28795,68,1
1771374862.5787892,89_3,89,tpc_commit,2.036213159561157,28795,68,1
1771374862.5996697,88_3,88,tpc_commit,4.251458406448364,28795,68,1
1771374870.4041216,88_3,88,tpc_lock,6.36015248298645,46549,69,1
1771374872.4974296,89_3,89,tpc_lock,8.947336673736572,46549,69,1
1771374874.5652022,89_3,89,tpc_lock,2.0677623748779297,46549,69,1
1771374874.5798693,88_3,88,tpc_lock,4.17571759223938,46549,69,1
1771374886.5594916,88_3,88,das_work,6.195739984512329,48258,70,1
1771374886.5770411,89_3,89,das_work,2.659882068634033,48258,70,1
1771374894.3410273,88_3,88,tpc_commit,7.7815260887146,28783,71,1
1771374896.529651,89_3,89,tpc_commit,9.95260238647461,28783,71,1
1771374898.5680246,89_3,89,tpc_commit,2.038365125656128,28783,71,1
1771374898.5892692,88_3,88,tpc_commit,4.24823260307312,28783,71,1
1771374906.326148,88_3,88,tpc_lock,5.978522777557373,46561,72,1
1771374908.4936786,89_3,89,tpc_lock,8.015081882476807,46561,72,1
1771374910.5779307,89_3,89,tpc_lock,2.0842444896698,46561,72,1
1771374910.6070087,88_3,88,tpc_lock,4.28084921836853,46561,72,1
1771374922.6242542,89_3,89,das_work,3.450661420822144,48258,73,1
1771374922.6333306,88_3,88,das_work,2.129674196243286,48258,73,1
1771374930.348312,88_3,88,tpc_commit,7.714970111846924,28795,74,1
1771374932.5040028,89_3,89,tpc_commit,9.879737854003906,28795,74,1
1771374934.577822,88_3,88,tpc_commit,4.2295002937316895,28795,74,1
1771374934.5805292,89_3,89,tpc_commit,2.076515913009644,28795,74,1
1771374942.3484733,88_4,88,tpc_lock,7.174547910690308,46561,75,1
1771374944.522307,89_4,89,tpc_lock,8.903912544250488,46561,75,1
1771374946.564222,88_4,88,tpc_lock,4.215736150741577,46561,75,1
1771374946.6246357,89_4,89,tpc_lock,2.102317571640014,46561,75,1
1771374958.5560758,89_4,89,das_work,6.44373893737793,48258,76,1
1771374958.6333883,88_4,88,das_work,6.347259521484375,48258,76,1
1771374966.3340828,88_4,88,tpc_commit,7.700683832168579,28795,77,1
1771374968.5272453,89_4,89,tpc_commit,9.97116231918335,28795,77,1
1771374970.5587883,88_4,88,tpc_commit,4.224698066711426,28795,77,1
1771374970.5631807,89_4,89,tpc_commit,2.0359249114990234,28795,77,1
1771374978.334501,88_4,88,tpc_lock,6.265478134155273,46561,78,1
1771374980.5215063,89_4,89,tpc_lock,8.61583161354065,46561,78,1
1771374982.5934494,89_4,89,tpc_lock,2.071934461593628,46561,78,1
1771374982.6260695,88_4,88,tpc_lock,4.291559457778931,46561,78,1
1771374994.599801,88_4,88,das_work,4.303502798080444,48258,79,1
1771374994.6333756,89_4,89,das_work,7.273258447647095,48258,79,1
1771375002.410557,88_4,88,tpc_commit,7.810744524002075,28795,80,1
1771375004.504768,89_4,89,tpc_commit,9.871385097503662,28795,80,1
1771375006.5601614,89_4,89,tpc_commit,2.055382251739502,28795,80,1
1771375006.6215062,88_4,88,tpc_commit,4.210941314697266,28795,80,1
1771375014.3180006,88_4,88,tpc_lock,6.790194272994995,46561,81,1
1771375016.5317948,89_4,89,tpc_lock,9.257446765899658,46549,81,1
1771375018.568628,89_4,89,tpc_lock,2.0368247032165527,46549,81,1
1771375018.625183,88_4,88,tpc_lock,4.307172060012817,46561,81,1
1771375030.61084,89_4,89,das_work,2.9494879245758057,48258,82,1
1771375030.6128826,88_4,88,das_work,6.865646600723267,48258,82,1
1771375038.328657,88_4,88,tpc_commit,7.715763807296753,28795,83,1
1771375040.480828,89_4,89,tpc_commit,9.869978189468384,28783,83,1
1771375042.558247,89_4,89,tpc_commit,2.077413320541382,28783,83,1
1771375042.6200037,88_4,88,tpc_commit,4.291336297988892,28795,83,1
1771375050.384155,88_4,88,tpc_lock,5.999143838882446,46561,84,1
1771375052.5268936,89_4,89,tpc_lock,8.224721670150757,46561,84,1
1771375054.557089,89_4,89,tpc_lock,2.0301833152771,46561,84,1
1771375054.55945,88_4,88,tpc_lock,4.175284147262573,46561,84,1
1771375066.529437,88_4,88,das_work,10.366538524627686,48258,85,1
1771375066.5936515,89_4,89,das_work,8.343626022338867,48258,85,1
1771375074.380484,88_4,88,tpc_commit,7.85103440284729,28795,86,1
1771375076.5127172,89_4,89,tpc_commit,9.919055938720703,28795,86,1
1771375078.5478094,88_4,88,tpc_commit,4.167315721511841,28795,86,1
1771375078.5685363,89_4,89,tpc_commit,2.0558114051818848,28795,86,1
1771375086.305374,88_4,88,tpc_lock,6.223256349563599,46561,87,1
1771375088.5567465,89_4,89,tpc_lock,9.196974992752075,46561,87,1
1771375090.5111997,89_4,89,tpc_lock,1.9544427394866943,46561,87,1
1771375090.5637038,88_4,88,tpc_lock,4.258321046829224,46561,87,1
1771375102.534134,88_4,88,das_work,9.1807701587677,48258,88,1
1771375102.5356295,89_4,89,das_work,8.87848949432373,48258,88,1
1771375110.3587074,88_4,88,tpc_commit,7.824562549591064,28795,89,1
1771375112.518155,89_4,89,tpc_commit,9.982518434524536,28795,89,1
1771375114.4875994,88_4,88,tpc_commit,4.12888503074646,28795,89,1
1771375114.4963894,89_4,89,tpc_commit,1.9782264232635496,28795,89,1
1771374222.448141,90_0,90,tpc_lock,3.1094892024993896,46561,15,1
1771374224.581127,91_0,91,tpc_lock,7.950434923171997,46561,15,1
1771374226.6164925,90_0,90,tpc_lock,4.168343782424927,46561,15,1
1771374226.665023,91_0,91,tpc_lock,2.083888530731201,46561,15,1
1771374238.6854334,90_0,90,das_work,3.64513087272644,48258,16,1
1771374238.7131605,91_0,91,das_work,3.4407851696014404,48258,16,1
1771374246.384884,90_0,90,tpc_commit,7.699440956115723,28795,17,1
1771374248.5694726,91_0,91,tpc_commit,9.856297492980955,28795,17,1
1771374250.633082,90_0,90,tpc_commit,4.248188018798828,28795,17,1
1771374250.69736,91_0,91,tpc_commit,2.127875804901123,28795,17,1
1771374258.4438865,90_0,90,tpc_lock,7.1085240840911865,46561,18,1
1771374260.569877,91_0,91,tpc_lock,8.641147136688232,46561,18,1
1771374262.6426997,90_0,90,tpc_lock,4.198803424835205,46561,18,1
1771374262.655912,91_0,91,tpc_lock,2.0860252380371094,46561,18,1
1771374274.6121554,91_0,91,das_work,8.532968282699585,48258,19,1
1771374274.6143985,90_0,90,das_work,6.583983898162842,48258,19,1
1771374282.4147725,90_0,90,tpc_commit,7.800366640090942,28795,20,1
1771374284.55874,91_0,91,tpc_commit,9.946571588516235,28795,20,1
1771374286.607601,91_0,91,tpc_commit,2.0488522052764893,28795,20,1
1771374286.6421742,90_0,90,tpc_commit,4.227393627166748,28795,20,1
1771374294.3969607,90_0,90,tpc_lock,6.332592248916626,46561,21,1
1771374296.5452054,91_0,91,tpc_lock,8.478392124176025,46561,21,1
1771374298.6080236,91_0,91,tpc_lock,2.0628111362457275,46561,21,1
1771374298.6519728,90_0,90,tpc_lock,4.25500226020813,46561,21,1
1771374310.606692,91_0,91,das_work,8.79572868347168,48258,22,1
1771374310.6957765,90_0,90,das_work,7.582286834716797,48258,22,1
1771374318.4576542,90_0,90,tpc_commit,7.76186728477478,28795,23,1
1771374320.567729,91_0,91,tpc_commit,9.961023330688477,28795,23,1
1771374322.627926,90_0,90,tpc_commit,4.170261383056641,28795,23,1
1771374322.691177,91_0,91,tpc_commit,2.1234383583068848,28795,23,1
1771374330.4020703,90_0,90,tpc_lock,7.18860125541687,46561,24,1
1771374332.5991633,91_0,91,tpc_lock,8.933936595916748,46561,24,1
1771374334.604078,91_0,91,tpc_lock,2.0049028396606445,46561,24,1
1771374334.6180508,90_0,90,tpc_lock,4.215968132019043,46561,24,1
1771374346.60264,90_0,90,das_work,10.449424266815186,48258,25,1
1771374346.6122525,91_0,91,das_work,9.801867246627808,48258,25,1
1771374354.4163735,90_0,90,tpc_commit,7.813725709915161,28795,26,1
1771374356.587448,91_0,91,tpc_commit,9.975184440612791,28795,26,1
1771374358.6100693,90_0,90,tpc_commit,4.193685054779053,28795,26,1
1771374358.6159358,91_0,91,tpc_commit,2.0284759998321533,28795,26,1
1771374366.389072,90_0,90,tpc_lock,5.9019694328308105,46561,27,1
1771374368.5404334,91_0,91,tpc_lock,8.861263990402222,46561,27,1
1771374370.6365364,91_0,91,tpc_lock,2.0960938930511475,46561,27,1
1771374370.678934,90_0,90,tpc_lock,4.289854526519775,46561,27,1
1771374382.6689494,91_0,91,das_work,5.964700698852539,48258,28,1
1771374382.6719148,90_0,90,das_work,10.070181369781494,48258,28,1
1771374390.4313855,90_0,90,tpc_commit,7.759460687637329,28795,29,1
1771374392.580578,91_0,91,tpc_commit,9.911618709564207,28795,29,1
1771374394.660898,91_0,91,tpc_commit,2.080310583114624,28795,29,1
1771374394.6805854,90_0,90,tpc_commit,4.249190092086792,28795,29,1
1771374402.4169242,90_1,90,tpc_lock,6.483155727386475,46561,30,1
1771374404.5350385,91_1,91,tpc_lock,9.041454792022703,46561,30,1
1771374406.5958743,91_1,91,tpc_lock,2.060829162597656,46561,30,1
1771374406.646419,90_1,90,tpc_lock,4.22948431968689,46561,30,1
1771374418.647728,90_1,90,das_work,7.3111395835876465,48258,31,1
1771374418.691889,91_1,91,das_work,8.786396503448486,48258,31,1
1771374426.3719084,90_1,90,tpc_commit,7.724170446395874,28795,32,1
1771374428.5364144,91_1,91,tpc_commit,9.844515085220335,28795,32,1
1771374430.5896585,91_1,91,tpc_commit,2.0532357692718506,28795,32,1
1771374430.5901892,90_1,90,tpc_commit,4.218269109725952,28795,32,1
1771374438.3740025,90_1,90,tpc_lock,6.787303924560547,46561,33,1
1771374440.5343275,91_1,91,tpc_lock,9.170451164245604,46549,33,1
1771374442.644521,90_1,90,tpc_lock,4.270511388778687,46561,33,1
1771374442.6472733,91_1,91,tpc_lock,2.112938404083252,46549,33,1
1771374454.590814,91_1,91,das_work,7.666938781738281,48258,34,1
1771374454.6349473,90_1,90,das_work,2.3628270626068115,48258,34,1
1771374462.370323,90_1,90,tpc_commit,7.735362768173218,28795,35,1
1771374464.5476234,91_1,91,tpc_commit,9.95680022239685,28783,35,1
1771374466.5944142,90_1,90,tpc_commit,4.224084138870239,28795,35,1
1771374466.6201887,91_1,91,tpc_commit,2.0725550651550293,28783,35,1
1771374474.367456,90_1,90,tpc_lock,7.08035945892334,46561,36,1
1771374476.5717704,91_1,91,tpc_lock,8.625288009643555,46549,36,1
1771374478.5972664,90_1,90,tpc_lock,4.229798793792725,46561,36,1
1771374478.630375,91_1,91,tpc_lock,2.0585947036743164,46549,36,1
1771374490.596666,90_1,90,das_work,5.281983375549316,48258,37,1
1771374490.6640851,91_1,91,das_work,9.113848686218262,48258,37,1
1771374498.4232955,90_1,90,tpc_commit,7.826618194580078,28795,38,1
1771374500.5928414,91_1,91,tpc_commit,9.928745031356812,28783,38,1
1771374502.5792234,90_1,90,tpc_commit,4.155917167663574,28795,38,1
1771374502.6435144,91_1,91,tpc_commit,2.050663709640503,28783,38,1
1771374510.3916724,90_1,90,tpc_lock,7.078066110610962,46561,39,1
1771374512.5294263,91_1,91,tpc_lock,8.633319616317749,46561,39,1
1771374514.586983,91_1,91,tpc_lock,2.057546377182007,46561,39,1
1771374514.589023,90_1,90,tpc_lock,4.19734001159668,46561,39,1
1771374526.5895584,90_1,90,das_work,10.087061643600464,48258,40,1
1771374526.6241188,91_1,91,das_work,7.80842399597168,48258,40,1
1771374534.4003935,90_1,90,tpc_commit,7.810824394226074,28795,41,1
1771374536.5827873,91_1,91,tpc_commit,9.958659172058104,28795,41,1
1771374538.5950973,90_1,90,tpc_commit,4.194693565368652,28795,41,1
1771374538.612981,91_1,91,tpc_commit,2.030181169509888,28795,41,1
1771374546.393397,90_1,90,tpc_lock,7.236461400985718,46561,42,1
1771374548.551754,91_1,91,tpc_lock,8.986289501190186,46561,42,1
1771374550.6215396,90_1,90,tpc_lock,4.228129625320435,46561,42,1
1771374550.664642,91_1,91,tpc_lock,2.1128780841827397,46561,42,1
1771374562.5838928,91_1,91,das_work,4.61404013633728,48258,43,1
1771374562.6724222,90_1,90,das_work,9.921372413635254,48258,43,1
1771374570.3537438,90_1,90,tpc_commit,7.681311368942261,28795,44,1
1771374572.5496252,91_1,91,tpc_commit,9.965721130371094,28795,44,1
1771374574.5824797,91_1,91,tpc_commit,2.032845258712769,28795,44,1
1771374574.5915048,90_1,90,tpc_commit,4.237751245498657,28795,44,1
1771374582.3512297,90_2,90,tpc_lock,6.273643255233765,46561,45,1
1771374584.5672696,91_2,91,tpc_lock,8.410873413085938,46561,45,1
1771374586.6216378,90_2,90,tpc_lock,4.270399570465088,46561,45,1
1771374586.639213,91_2,91,tpc_lock,2.0719330310821533,46561,45,1
1771374598.627771,90_2,90,das_work,2.1644845008850098,48258,46,1
1771374598.6680338,91_2,91,das_work,9.81737232208252,48258,46,1
1771374606.3496697,90_2,90,tpc_commit,7.721889495849609,28795,47,1
1771374608.52081,91_2,91,tpc_commit,9.85276985168457,28795,47,1
1771374610.578887,90_2,90,tpc_commit,4.2292094230651855,28795,47,1
1771374610.579606,91_2,91,tpc_commit,2.0587873458862305,28795,47,1
1771374618.3649058,90_2,90,tpc_lock,6.365460634231567,46561,48,1
1771374620.561071,91_2,91,tpc_lock,8.728450775146484,46561,48,1
1771374622.581804,90_2,90,tpc_lock,4.216887474060059,46561,48,1
1771374622.657216,91_2,91,tpc_lock,2.0961356163024902,46561,48,1
1771374634.5933645,91_2,91,das_work,7.483907699584961,48258,49,1
1771374634.5958714,90_2,90,das_work,9.120137691497805,48258,49,1
1771374642.3546758,90_2,90,tpc_commit,7.75879693031311,28795,50,1
1771374644.5158827,91_2,91,tpc_commit,9.922507762908936,28795,50,1
1771374646.59242,90_2,90,tpc_commit,4.237735271453857,28795,50,1
1771374646.6262724,91_2,91,tpc_commit,2.1103830337524414,28795,50,1
1771374654.3936152,90_2,90,tpc_lock,7.026979684829712,46561,51,1
1771374656.544759,91_2,91,tpc_lock,8.87587308883667,46561,51,1
1771374658.5863447,90_2,90,tpc_lock,4.192717790603638,46561,51,1
1771374658.6182046,91_2,91,tpc_lock,2.0734333992004395,46561,51,1
1771374670.5807998,91_2,91,das_work,4.399914503097534,48258,52,1
1771374670.6038988,90_2,90,das_work,5.912604808807373,48258,52,1
1771374678.3877938,90_2,90,tpc_commit,7.783885955810547,28795,53,1
1771374680.5733805,91_2,91,tpc_commit,9.99251389503479,28795,53,1
1771374682.5717638,91_2,91,tpc_commit,1.998374462127685,28795,53,1
1771374682.6120296,90_2,90,tpc_commit,4.224225044250488,28795,53,1
1771374690.385918,90_2,90,tpc_lock,6.67636513710022,46561,54,1
1771374692.5302258,91_2,91,tpc_lock,8.302997350692749,46561,54,1
1771374694.582908,90_2,90,tpc_lock,4.196978330612183,46561,54,1
1771374694.6532028,91_2,91,tpc_lock,2.122966289520264,46561,54,1
1771374706.5870557,91_2,91,das_work,8.310662746429443,48258,55,1
1771374706.6477492,90_2,90,das_work,10.263942956924438,48258,55,1
1771374714.347936,90_2,90,tpc_commit,7.700176000595093,28795,56,1
1771374716.56418,91_2,91,tpc_commit,9.977111339569092,28795,56,1
1771374718.564752,90_2,90,tpc_commit,4.21680474281311,28795,56,1
1771374718.5789113,91_2,91,tpc_commit,2.0147225856781006,28795,56,1
1771374726.3456292,90_2,90,tpc_lock,6.670130968093872,46561,57,1
1771374728.524084,91_2,91,tpc_lock,8.720221042633057,46549,57,1
1771374730.5980866,91_2,91,tpc_lock,2.073992729187012,46549,57,1
1771374730.6149237,90_2,90,tpc_lock,4.269283294677734,46561,57,1
1771374742.590557,90_2,90,das_work,8.696514368057251,48258,58,1
1771374742.631435,91_2,91,das_work,4.006030082702637,48258,58,1
1771374750.385725,90_2,90,tpc_commit,7.795157194137573,28795,59,1
1771374752.5071146,91_2,91,tpc_commit,9.875672101974487,28783,59,1
1771374754.5822694,90_2,90,tpc_commit,4.196535110473633,28795,59,1
1771374754.628662,91_2,91,tpc_commit,2.121540069580078,28783,59,1
1771374762.3383243,90_3,90,tpc_lock,6.687793970108032,46561,60,1
1771374764.5792687,91_3,91,tpc_lock,8.606716632843018,46561,60,1
1771374766.5611472,91_3,91,tpc_lock,1.981868028640747,46561,60,1
1771374766.5629878,90_3,90,tpc_lock,4.224653959274292,46561,60,1
1771374778.5672011,91_3,91,das_work,4.58676552772522,48258,61,1
1771374778.59496,90_3,90,das_work,5.401658773422241,48258,61,1
1771374786.3805025,90_3,90,tpc_commit,7.785534620285034,28795,62,1
1771374788.5115907,91_3,91,tpc_commit,9.944382190704346,28795,62,1
1771374790.5633132,91_3,91,tpc_commit,2.0517120361328125,28795,62,1
1771374790.619614,90_3,90,tpc_commit,4.239102125167847,28795,62,1
1771374798.3517718,90_3,90,tpc_lock,6.980412483215332,46561,63,1
1771374800.5599458,91_3,91,tpc_lock,9.008886575698853,46561,63,1
1771374802.56844,90_3,90,tpc_lock,4.216657400131226,46561,63,1
1771374802.594695,91_3,91,tpc_lock,2.0347390174865723,46561,63,1
1771374814.596588,90_3,90,das_work,10.127717971801758,48258,64,1
1771374814.6158974,91_3,91,das_work,8.681371450424194,48258,64,1
1771374822.4070773,90_3,90,tpc_commit,7.810479879379272,28795,65,1
1771374824.5581665,91_3,91,tpc_commit,9.942259550094604,28795,65,1
1771374826.5645113,91_3,91,tpc_commit,2.006334066390991,28795,65,1
1771374826.6004658,90_3,90,tpc_commit,4.193378925323486,28795,65,1
1771374834.3320513,90_3,90,tpc_lock,6.378108739852905,46561,66,1
1771374836.5089164,91_3,91,tpc_lock,8.418070316314697,46561,66,1
1771374838.568567,91_3,91,tpc_lock,2.059641599655152,46561,66,1
1771374838.606647,90_3,90,tpc_lock,4.274583339691162,46561,66,1
1771374850.5887623,91_3,91,das_work,10.39694094657898,48258,67,1
1771374850.590139,90_3,90,das_work,6.4640936851501465,48258,67,1
1771374858.3929057,90_3,90,tpc_commit,7.802760124206543,28795,68,1
1771374860.53867,91_3,91,tpc_commit,9.949899196624756,28795,68,1
1771374862.5879924,91_3,91,tpc_commit,2.049314260482788,28795,68,1
1771374862.611645,90_3,90,tpc_commit,4.218729257583618,28795,68,1
1771374870.3595364,90_3,90,tpc_lock,7.000433206558228,46561,69,1
1771374872.5458496,91_3,91,tpc_lock,8.005251169204712,46561,69,1
1771374874.557408,90_3,90,tpc_lock,4.197861909866333,46561,69,1
1771374874.588471,91_3,91,tpc_lock,2.0426130294799805,46561,69,1
1771374886.5598702,90_3,90,das_work,5.396532297134399,48258,70,1
1771374886.6307185,91_3,91,das_work,4.461870908737183,48258,70,1
1771374894.3488514,90_3,90,tpc_commit,7.788971900939941,28795,71,1
1771374896.552142,91_3,91,tpc_commit,9.92141342163086,28795,71,1
1771374898.5603004,90_3,90,tpc_commit,4.211437702178955,28795,71,1
1771374898.5899408,91_3,91,tpc_commit,2.037788391113281,28795,71,1
1771374906.3251638,90_3,90,tpc_lock,6.398882627487183,46549,72,1
1771374908.55704,91_3,91,tpc_lock,8.519561529159546,46561,72,1
1771374910.5539038,91_3,91,tpc_lock,1.9968576431274412,46561,72,1
1771374910.557025,90_3,90,tpc_lock,4.2318503856658936,46549,72,1
1771374922.5571706,91_3,91,das_work,8.968380689620972,48258,73,1
1771374922.5592785,90_3,90,das_work,5.608565807342529,48258,73,1
1771374930.3298156,90_3,90,tpc_commit,7.770523548126221,28783,74,1
1771374932.56329,91_3,91,tpc_commit,10.006110668182371,28795,74,1
1771374934.5719764,90_3,90,tpc_commit,4.242138147354126,28783,74,1
1771374934.612403,91_3,91,tpc_commit,2.049105405807495,28795,74,1
1771374942.3222072,90_4,90,tpc_lock,6.469560861587524,46561,75,1
1771374944.5342932,91_4,91,tpc_lock,7.991081476211548,46549,75,1
1771374946.558153,90_4,90,tpc_lock,4.235937833786011,46561,75,1
1771374946.63039,91_4,91,tpc_lock,2.0960872173309326,46549,75,1
1771374958.5604603,90_4,90,das_work,10.199347734451294,48258,76,1
1771374958.6183312,91_4,91,das_work,10.105507373809814,48258,76,1
1771374966.3481543,90_4,90,tpc_commit,7.78768253326416,28795,77,1
1771374968.5608993,91_4,91,tpc_commit,9.942555665969849,28783,77,1
1771374970.5602455,90_4,90,tpc_commit,4.212082386016846,28795,77,1
1771374970.5854642,91_4,91,tpc_commit,2.024554491043091,28783,77,1
1771374978.344542,90_4,90,tpc_lock,6.674113512039185,46561,78,1
1771374980.5482805,91_4,91,tpc_lock,8.107928991317749,46561,78,1
1771374982.5586414,90_4,90,tpc_lock,4.214088439941406,46561,78,1
1771374982.6205523,91_4,91,tpc_lock,2.072166681289673,46561,78,1
1771374994.5692132,91_4,91,das_work,2.744703531265259,48258,79,1
1771374994.6159704,90_4,90,das_work,5.727318048477173,48258,79,1
1771375002.40704,90_4,90,tpc_commit,7.791058301925659,28795,80,1
1771375004.533043,91_4,91,tpc_commit,9.963817358016968,28795,80,1
1771375006.5613403,91_4,91,tpc_commit,2.028287172317505,28795,80,1
1771375006.5875227,90_4,90,tpc_commit,4.180469512939453,28795,80,1
1771375014.395409,90_4,90,tpc_lock,6.101099729537964,46561,81,1
1771375016.555516,91_4,91,tpc_lock,8.64009976387024,46561,81,1
1771375018.5579753,90_4,90,tpc_lock,4.162555456161499,46561,81,1
1771375018.5779955,91_4,91,tpc_lock,2.0224697589874268,46561,81,1
1771375030.5769982,90_4,90,das_work,5.61579155921936,48258,82,1
1771375030.608528,91_4,91,das_work,10.94752049446106,48258,82,1
1771375038.3936186,90_4,90,tpc_commit,7.816610336303711,28795,83,1
1771375040.5575216,91_4,91,tpc_commit,9.94898271560669,28795,83,1
1771375042.576485,90_4,90,tpc_commit,4.182855844497681,28795,83,1
1771375042.58455,91_4,91,tpc_commit,2.027017593383789,28795,83,1
1771375050.3674748,90_4,90,tpc_lock,7.224614858627319,46561,84,1
1771375052.479047,91_4,91,tpc_lock,8.137324333190918,46561,84,1
1771375054.5377848,91_4,91,tpc_lock,2.058729410171509,46561,84,1
1771375054.5538137,90_4,90,tpc_lock,4.186325788497925,46561,84,1
1771375066.5303917,91_4,91,das_work,4.74463152885437,48258,85,1
1771375066.548741,90_4,90,das_work,5.77060079574585,48258,85,1
1771375074.322678,90_4,90,tpc_commit,7.77392578125,28795,86,1
1771375076.5568273,91_4,91,tpc_commit,10.02642273902893,28795,86,1
1771375078.5257685,91_4,91,tpc_commit,1.968930959701538,28795,86,1
1771375078.533885,90_4,90,tpc_commit,4.211198329925537,28795,86,1
1771375086.317766,90_4,90,tpc_lock,5.866536378860474,46561,87,1
1771375088.4864185,91_4,91,tpc_lock,8.125089406967163,46561,87,1
1771375090.5323489,91_4,91,tpc_lock,2.045916557312012,46561,87,1
1771375090.567129,90_4,90,tpc_lock,4.249354362487793,46561,87,1
1771375102.5019252,91_4,91,das_work,3.40416955947876,48258,88,1
1771375102.5536296,90_4,90,das_work,9.021836519241331,48258,88,1
1771375110.3601096,90_4,90,tpc_commit,7.80646800994873,28795,89,1
1771375112.5531137,91_4,91,tpc_commit,10.051178216934204,28795,89,1
1771375114.4880245,90_4,90,tpc_commit,4.127907514572144,28795,89,1
1771375114.5321088,91_4,91,tpc_commit,1.9789884090423584,28795,89,1
1771374234.387781,92_0,92,tpc_lock,6.199171543121338,46561,16,1
1771374236.5732117,93_0,93,tpc_lock,6.590525388717651,46561,16,1
1771374238.6118357,93_0,93,tpc_lock,2.038615703582764,46561,16,1
1771374238.611986,92_0,92,tpc_lock,4.224199771881104,46561,16,1
1771374250.667061,92_0,92,das_work,10.07737922668457,48258,17,1
1771374250.6922617,93_0,93,das_work,5.438853979110718,48258,17,1
1771374258.4609897,92_0,92,tpc_commit,7.793888092041016,28795,18,1
1771374260.6133246,93_0,93,tpc_commit,9.921046018600464,28795,18,1
1771374262.6352108,93_0,93,tpc_commit,2.021876573562622,28795,18,1
1771374262.6770089,92_0,92,tpc_commit,4.21600866317749,28795,18,1
1771374270.409406,92_0,92,tpc_lock,6.515528917312622,46561,19,1
1771374272.5527706,93_0,93,tpc_lock,8.124211549758911,46561,19,1
1771374274.6087997,92_0,92,tpc_lock,4.199383735656738,46561,19,1
1771374274.6269853,93_0,93,tpc_lock,2.074206829071045,46561,19,1
1771374286.6394005,93_0,93,das_work,5.879971504211426,48258,20,1
1771374286.645903,92_0,92,das_work,9.430672645568848,48258,20,1
1771374294.3882997,92_0,92,tpc_commit,7.742389440536499,28795,21,1
1771374296.546426,93_0,93,tpc_commit,9.9070143699646,28795,21,1
1771374298.6782296,93_0,93,tpc_commit,2.13179612159729,28795,21,1
1771374298.69453,92_0,92,tpc_commit,4.306220054626465,28795,21,1
1771374306.4368303,92_0,92,tpc_lock,6.999258995056152,46561,22,1
1771374308.5380445,93_0,93,tpc_lock,9.2538161277771,46561,22,1
1771374310.6215916,92_0,92,tpc_lock,4.184751272201538,46561,22,1
1771374310.6314795,93_0,93,tpc_lock,2.0934267044067383,46561,22,1
1771374322.640866,93_0,93,das_work,7.314047574996948,48258,23,1
1771374322.6427567,92_0,92,das_work,9.897944450378418,48258,23,1
1771374330.4107044,92_0,92,tpc_commit,7.767935752868652,28795,24,1
1771374332.602425,93_0,93,tpc_commit,9.961549520492554,28795,24,1
1771374334.6273675,93_0,93,tpc_commit,2.0249311923980717,28795,24,1
1771374334.652728,92_0,92,tpc_commit,4.242013216018677,28795,24,1
1771374342.4112418,92_0,92,tpc_lock,6.629256010055542,46561,25,1
1771374344.5564024,93_0,93,tpc_lock,7.962006330490112,46561,25,1
1771374346.6506429,92_0,92,tpc_lock,4.2393882274627686,46561,25,1
1771374346.6835475,93_0,93,tpc_lock,2.1271350383758545,46561,25,1
1771374358.6358843,92_0,92,das_work,9.338625192642212,48258,26,1
1771374358.6553705,93_0,93,das_work,9.741066694259644,48258,26,1
1771374366.4088,92_0,92,tpc_commit,7.772904872894287,28795,27,1
1771374368.5648918,93_0,93,tpc_commit,9.90951156616211,28795,27,1
1771374370.603207,93_0,93,tpc_commit,2.0383055210113525,28795,27,1
1771374370.6280055,92_0,92,tpc_commit,4.21919584274292,28795,27,1
1771374378.415887,92_0,92,tpc_lock,6.8244476318359375,46561,28,1
1771374380.5645003,93_0,93,tpc_lock,9.07805037498474,46561,28,1
1771374382.656942,93_0,93,tpc_lock,2.092411994934082,46561,28,1
1771374382.6887815,92_0,92,tpc_lock,4.27288556098938,46561,28,1
1771374394.683142,92_0,92,das_work,5.651596307754517,48258,29,1
1771374394.6891978,93_0,93,das_work,3.219670534133911,48258,29,1
1771374402.401009,92_0,92,tpc_commit,7.717857599258423,28795,30,1
1771374404.5534136,93_0,93,tpc_commit,9.86420750617981,28795,30,1
1771374406.6106772,93_0,93,tpc_commit,2.05725359916687,28795,30,1
1771374406.61413,92_0,92,tpc_commit,4.213109016418457,28795,30,1
1771374414.381449,92_1,92,tpc_lock,7.236402988433838,46561,31,1
1771374416.5382934,93_1,93,tpc_lock,8.570052862167358,46549,31,1
1771374418.6069496,92_1,92,tpc_lock,4.225490093231201,46561,31,1
1771374418.6778705,93_1,93,tpc_lock,2.139567613601685,46549,31,1
1771374430.5922103,93_1,93,das_work,3.768526315689087,48258,32,1
1771374430.6275475,92_1,92,das_work,7.777566432952881,48258,32,1
1771374438.4101624,92_1,92,tpc_commit,7.782603740692139,28795,33,1
1771374440.53538,93_1,93,tpc_commit,9.943161964416504,28783,33,1
1771374442.663664,93_1,93,tpc_commit,2.128272294998169,28783,33,1
1771374442.6648831,92_1,92,tpc_commit,4.254710674285889,28795,33,1
1771374450.446056,92_1,92,tpc_lock,6.907461881637573,46561,34,1
1771374452.5329242,93_1,93,tpc_lock,8.97388744354248,46561,34,1
1771374454.626258,92_1,92,tpc_lock,4.180192708969116,46561,34,1
1771374454.6483345,93_1,93,tpc_lock,2.115398406982422,46561,34,1
1771374466.612294,93_1,93,das_work,10.372986316680908,48258,35,1
1771374466.6521013,92_1,92,das_work,7.382890701293945,48258,35,1
1771374474.397076,92_1,92,tpc_commit,7.744968414306641,28795,36,1
1771374476.5283525,93_1,93,tpc_commit,9.916048765182495,28795,36,1
1771374478.590597,93_1,93,tpc_commit,2.0622174739837646,28795,36,1
1771374478.5943377,92_1,92,tpc_commit,4.197249412536621,28795,36,1
1771374486.4152176,92_1,92,tpc_lock,6.410374164581299,46561,37,1
1771374488.5526872,93_1,93,tpc_lock,8.751129627227783,46561,37,1
1771374490.6009111,93_1,93,tpc_lock,2.048216819763184,46561,37,1
1771374490.611569,92_1,92,tpc_lock,4.196341753005981,46561,37,1
1771374502.599019,92_1,92,das_work,2.461077213287353,48258,38,1
1771374502.6413743,93_1,93,das_work,3.818603038787842,48258,38,1
1771374510.3830588,92_1,92,tpc_commit,7.784030437469482,28795,39,1
1771374512.5347471,93_1,93,tpc_commit,9.893365144729614,28795,39,1
1771374514.5831013,93_1,93,tpc_commit,2.04834508895874,28795,39,1
1771374514.588161,92_1,92,tpc_commit,4.205089807510376,28795,39,1
1771374522.4318268,92_1,92,tpc_lock,5.955524206161499,46561,40,1
1771374524.556247,93_1,93,tpc_lock,8.410431146621704,46561,40,1
1771374526.6153488,93_1,93,tpc_lock,2.059091091156006,46561,40,1
1771374526.658539,92_1,92,tpc_lock,4.226702928543091,46561,40,1
1771374538.619818,92_1,92,das_work,7.751389980316162,48258,41,1
1771374538.62944,93_1,93,das_work,9.017122507095335,48258,41,1
1771374546.4359765,92_1,92,tpc_commit,7.816146612167358,28795,42,1
1771374548.5850053,93_1,93,tpc_commit,9.955554246902466,28795,42,1
1771374550.6385598,93_1,93,tpc_commit,2.053544521331787,28795,42,1
1771374550.6628008,92_1,92,tpc_commit,4.226809740066528,28795,42,1
1771374558.4329104,92_1,92,tpc_lock,6.37412428855896,46561,43,1
1771374560.5189185,93_1,93,tpc_lock,8.450793981552124,46561,43,1
1771374562.5950632,93_1,93,tpc_lock,2.076136589050293,46561,43,1
1771374562.6281414,92_1,92,tpc_lock,4.195200681686401,46561,43,1
1771374574.5949454,93_1,93,das_work,8.71348786354065,48258,44,1
1771374574.6330607,92_1,92,das_work,8.390357732772827,48258,44,1
1771374582.3976972,92_1,92,tpc_commit,7.764628171920776,28795,45,1
1771374584.5460987,93_1,93,tpc_commit,9.951143741607666,28795,45,1
1771374586.5815847,93_1,93,tpc_commit,2.0354766845703125,28795,45,1
1771374586.590291,92_1,92,tpc_commit,4.192582845687866,28795,45,1
1771374594.4226818,92_2,92,tpc_lock,5.857338190078735,46561,46,1
1771374596.5177634,93_2,93,tpc_lock,9.153120994567873,46561,46,1
1771374598.6485045,93_2,93,tpc_lock,2.1307315826416016,46561,46,1
1771374598.6635704,92_2,92,tpc_lock,4.240879058837891,46561,46,1
1771374610.579606,92_2,92,das_work,4.579386949539185,48258,47,1
1771374610.584077,93_2,93,das_work,3.494429349899292,48258,47,1
1771374618.4056726,92_2,92,tpc_commit,7.826058387756348,28795,48,1
1771374620.546966,93_2,93,tpc_commit,9.962881326675417,28795,48,1
1771374622.5980277,93_2,93,tpc_commit,2.051051616668701,28795,48,1
1771374622.664094,92_2,92,tpc_commit,4.2584099769592285,28795,48,1
1771374630.3724122,92_2,92,tpc_lock,6.979479789733887,46561,49,1
1771374632.5965853,93_2,93,tpc_lock,8.115472793579102,46549,49,1
1771374634.5797796,93_2,93,tpc_lock,1.9831864833831787,46549,49,1
1771374634.5865746,92_2,92,tpc_lock,4.21415376663208,46561,49,1
1771374646.5724711,93_2,93,das_work,2.2093677520751958,48258,50,1
1771374646.577709,92_2,92,das_work,8.909299850463867,48258,50,1
1771374654.4054122,92_2,92,tpc_commit,7.827690839767456,28795,51,1
1771374656.5531104,93_2,93,tpc_commit,9.980631828308104,28783,51,1
1771374658.6294484,93_2,93,tpc_commit,2.076329231262207,28783,51,1
1771374658.6308386,92_2,92,tpc_commit,4.225416898727417,28795,51,1
1771374666.360537,92_2,92,tpc_lock,7.190332889556885,46561,52,1
1771374668.5415676,93_2,93,tpc_lock,8.314964294433594,46561,52,1
1771374670.576336,93_2,93,tpc_lock,2.034756898880005,46561,52,1
1771374670.5847027,92_2,92,tpc_lock,4.224154710769653,46561,52,1
1771374682.5719545,92_2,92,das_work,2.2408266067504883,48258,53,1
1771374682.5798793,93_2,93,das_work,10.449360609054564,48258,53,1
1771374690.3546412,92_2,92,tpc_commit,7.782675266265869,28795,54,1
1771374692.5313864,93_2,93,tpc_commit,9.951496839523315,28795,54,1
1771374694.5912852,92_2,92,tpc_commit,4.236637115478516,28795,54,1
1771374694.6307902,93_2,93,tpc_commit,2.099395513534546,28795,54,1
1771374702.3487334,92_2,92,tpc_lock,6.277944326400757,46561,55,1
1771374704.5708797,93_2,93,tpc_lock,8.449075937271118,46549,55,1
1771374706.6542397,92_2,92,tpc_lock,4.305498361587524,46561,55,1
1771374706.6668942,93_2,93,tpc_lock,2.0960042476654053,46549,55,1
1771374718.5833592,92_2,92,das_work,5.62617301940918,48258,56,1
1771374718.6277878,93_2,93,das_work,1.9851136207580569,48258,56,1
1771374726.3430862,92_2,92,tpc_commit,7.759718418121338,28795,57,1
1771374728.52822,93_2,93,tpc_commit,9.900421619415283,28783,57,1
1771374730.5941298,93_2,93,tpc_commit,2.0659005641937256,28783,57,1
1771374730.613199,92_2,92,tpc_commit,4.270102024078369,28795,57,1
1771374738.4179454,92_2,92,tpc_lock,6.16023588180542,46561,58,1
1771374740.5351636,93_2,93,tpc_lock,8.220629692077637,46561,58,1
1771374742.5795484,93_2,93,tpc_lock,2.044376850128174,46561,58,1
1771374742.6433427,92_2,92,tpc_lock,4.225387811660767,46561,58,1
1771374754.562062,92_2,92,das_work,5.125469923019409,48258,59,1
1771374754.5782,93_2,93,das_work,9.40796971321106,48258,59,1
1771374762.3374746,92_2,92,tpc_commit,7.775405406951904,28795,60,1
1771374764.5063171,93_2,93,tpc_commit,9.92810845375061,28795,60,1
1771374766.5727837,92_2,92,tpc_commit,4.235301017761231,28795,60,1
1771374766.6239977,93_2,93,tpc_commit,2.1176719665527344,28795,60,1
1771374774.351154,92_3,92,tpc_lock,5.787335157394409,46561,61,1
1771374776.5097337,93_3,93,tpc_lock,9.371658325195312,46561,61,1
1771374778.5678196,93_3,93,tpc_lock,2.058058261871338,46561,61,1
1771374778.646741,92_3,92,tpc_lock,4.295579671859741,46561,61,1
1771374790.563675,92_3,92,das_work,9.159961938858032,48258,62,1
1771374790.5793712,93_3,93,das_work,6.90823769569397,48258,62,1
1771374798.4046686,92_3,92,tpc_commit,7.840984344482422,28795,63,1
1771374800.5010784,93_3,93,tpc_commit,9.921695709228516,28795,63,1
1771374802.5612795,92_3,92,tpc_commit,4.156601428985596,28795,63,1
1771374802.632754,93_3,93,tpc_commit,2.131667137145996,28795,63,1
1771374810.3773837,92_3,92,tpc_lock,7.296552181243896,46561,64,1
1771374812.566638,93_3,93,tpc_lock,8.300812482833862,46549,64,1
1771374814.564172,93_3,93,tpc_lock,1.997519969940185,46549,64,1
1771374814.576496,92_3,92,tpc_lock,4.199101686477661,46561,64,1
1771374826.5608616,93_3,93,das_work,6.767256498336792,48258,65,1
1771374826.6165557,92_3,92,das_work,4.793644666671753,48258,65,1
1771374834.376057,92_3,92,tpc_commit,7.759490251541138,28795,66,1
1771374836.5075,93_3,93,tpc_commit,9.946629524230955,28783,66,1
1771374838.5911095,93_3,93,tpc_commit,2.083597183227539,28783,66,1
1771374838.6093264,92_3,92,tpc_commit,4.233261346817017,28795,66,1
1771374846.365276,92_3,92,tpc_lock,6.878772258758545,46561,67,1
1771374848.566565,93_3,93,tpc_lock,9.33189845085144,46561,67,1
1771374850.5775776,92_3,92,tpc_lock,4.212291717529297,46561,67,1
1771374850.6108277,93_3,93,tpc_lock,2.044254779815674,46561,67,1
1771374862.577875,92_3,92,das_work,2.320639371871948,48258,68,1
1771374862.6242237,93_3,93,das_work,10.53380274772644,48258,68,1
1771374870.3576746,92_3,92,tpc_commit,7.779789447784424,28795,69,1
1771374872.5368466,93_3,93,tpc_commit,9.912611961364746,28795,69,1
1771374874.5623286,92_3,92,tpc_commit,4.204644680023193,28795,69,1
1771374874.5811894,93_3,93,tpc_commit,2.0443356037139893,28795,69,1
1771374882.335278,92_3,92,tpc_lock,6.699021577835083,46561,70,1
1771374884.4896836,93_3,93,tpc_lock,8.337210416793823,46561,70,1
1771374886.5603392,93_3,93,tpc_lock,2.070647954940796,46561,70,1
1771374886.5672762,92_3,92,tpc_lock,4.231990814208984,46561,70,1
1771374898.5560715,93_3,93,das_work,10.059216737747192,48258,71,1
1771374898.5585756,92_3,92,das_work,7.607412815093994,48258,71,1
1771374906.3889475,92_3,92,tpc_commit,7.830362796783447,28795,72,1
1771374908.5347636,93_3,93,tpc_commit,9.978684902191162,28795,72,1
1771374910.5648322,93_3,93,tpc_commit,2.0300588607788086,28795,72,1
1771374910.6052802,92_3,92,tpc_commit,4.216325521469116,28795,72,1
1771374918.3298123,92_3,92,tpc_lock,7.191329479217529,46561,73,1
1771374920.5428994,93_3,93,tpc_lock,8.309801578521729,46561,73,1
1771374922.5653718,93_3,93,tpc_lock,2.0224618911743164,46561,73,1
1771374922.5737376,92_3,92,tpc_lock,4.243914365768433,46561,73,1
1771374934.5786035,92_3,92,das_work,10.38884425163269,48258,74,1
1771374934.579424,93_3,93,das_work,9.069528579711914,48258,74,1
1771374942.328502,92_3,92,tpc_commit,7.749887943267822,28795,75,1
1771374944.499435,93_3,93,tpc_commit,9.920004844665527,28795,75,1
1771374946.570802,92_3,92,tpc_commit,4.2422871589660645,28795,75,1
1771374946.6269023,93_3,93,tpc_commit,2.127410888671875,28795,75,1
1771374954.386805,92_4,92,tpc_lock,6.051718473434448,46561,76,1
1771374956.5143604,93_4,93,tpc_lock,9.319745779037476,46561,76,1
1771374958.5581598,92_4,92,tpc_lock,4.171342372894287,46561,76,1
1771374958.568353,93_4,93,tpc_lock,2.053955078125,46561,76,1
1771374970.5542407,93_4,93,das_work,9.192443132400513,48258,77,1
1771374970.570555,92_4,92,das_work,2.652760505676269,48258,77,1
1771374978.3347929,92_4,92,tpc_commit,7.764228582382202,28795,78,1
1771374980.4898643,93_4,93,tpc_commit,9.935614824295044,28795,78,1
1771374982.564716,92_4,92,tpc_commit,4.229915142059326,28795,78,1
1771374982.6123538,93_4,93,tpc_commit,2.1224796772003174,28795,78,1
1771374990.3211772,92_4,92,tpc_lock,6.4600889682769775,46561,79,1
1771374992.5395308,93_4,93,tpc_lock,8.088120698928833,46561,79,1
1771374994.552888,92_4,92,tpc_lock,4.231698751449585,46561,79,1
1771374994.5732677,93_4,93,tpc_lock,2.033726453781128,46561,79,1
1771375006.5670094,93_4,93,das_work,9.896825075149536,48258,80,1
1771375006.6264026,92_4,92,das_work,7.926000595092773,48258,80,1
1771375014.384592,92_4,92,tpc_commit,7.758178949356079,28795,81,1
1771375016.4953609,93_4,93,tpc_commit,9.928340673446655,28795,81,1
1771375018.5633435,93_4,93,tpc_commit,2.0679752826690674,28795,81,1
1771375018.576051,92_4,92,tpc_commit,4.191449165344238,28795,81,1
1771375026.3220692,92_4,92,tpc_lock,6.509410858154297,46561,82,1
1771375028.5101516,93_4,93,tpc_lock,8.436827182769775,46561,82,1
1771375030.548671,93_4,93,tpc_lock,2.038508176803589,46561,82,1
1771375030.6132083,92_4,92,tpc_lock,4.291131496429443,46561,82,1
1771375042.5834355,92_4,92,das_work,4.3354997634887695,48258,83,1
1771375042.5955124,93_4,93,das_work,7.0653886795043945,48258,83,1
1771375050.3320255,92_4,92,tpc_commit,7.748579502105713,28795,84,1
1771375052.4794753,93_4,93,tpc_commit,9.883952856063845,28795,84,1
1771375054.564057,92_4,92,tpc_commit,4.232022285461426,28795,84,1
1771375054.5919752,93_4,93,tpc_commit,2.1124885082244877,28795,84,1
1771375062.3581877,92_4,92,tpc_lock,6.571267127990723,46561,85,1
1771375064.537691,93_4,93,tpc_lock,9.021007776260376,46561,85,1
1771375066.538375,93_4,93,tpc_lock,2.000673294067383,46561,85,1
1771375066.5460477,92_4,92,tpc_lock,4.187849998474121,46561,85,1
1771375078.5241418,92_4,92,das_work,3.8638203144073486,48258,86,1
1771375078.5742848,93_4,93,das_work,7.019898414611816,48258,86,1
1771375086.36162,92_4,92,tpc_commit,7.83746600151062,28795,87,1
1771375088.5559936,93_4,93,tpc_commit,9.98170042037964,28795,87,1
1771375090.5059876,93_4,93,tpc_commit,1.9499850273132324,28795,87,1
1771375090.5314782,92_4,92,tpc_commit,4.169845819473267,28795,87,1
1771375098.354807,92_4,92,tpc_lock,6.686269283294678,46561,88,1
1771375100.5277078,93_4,93,tpc_lock,8.828686952590942,46561,88,1
1771375102.49996,92_4,92,tpc_lock,4.145143032073975,46561,88,1
1771375102.5056105,93_4,93,tpc_lock,1.9778950214385984,46561,88,1
1771375114.5316594,93_4,93,das_work,2.07720685005188,48258,89,1
1771375114.542166,92_4,92,das_work,3.5101962089538574,48258,89,1
1771375122.3707876,92_4,92,tpc_commit,7.828614234924316,28795,90,1
1771375124.5141869,93_4,93,tpc_commit,9.982520341873167,28795,90,1
1771375126.4882803,93_4,93,tpc_commit,1.974086046218872,28795,90,1
1771375126.494629,92_4,92,tpc_commit,4.1238343715667725,28795,90,1
1771374222.4516928,94_0,94,tpc_lock,1.6869771480560305,46561,15,1
1771374224.6068354,95_0,95,tpc_lock,3.319410800933838,46561,15,1
1771374226.6268675,95_0,95,tpc_lock,2.020024299621582,46561,15,1
1771374226.6298285,94_0,94,tpc_lock,4.178126096725464,46561,15,1
1771374238.6890934,95_0,95,das_work,6.702800750732422,48258,16,1
1771374238.7070074,94_0,94,das_work,7.330066680908203,48258,16,1
1771374246.385231,94_0,94,tpc_commit,7.6782066822052,28795,17,1
1771374248.5529652,95_0,95,tpc_commit,9.863860845565796,28795,17,1
1771374250.6450984,95_0,95,tpc_commit,2.092125415802002,28795,17,1
1771374250.6542642,94_0,94,tpc_commit,4.269025802612305,28795,17,1
1771374258.4342992,94_0,94,tpc_lock,6.89901876449585,46561,18,1
1771374260.5495102,95_0,95,tpc_lock,9.068310022354126,46561,18,1
1771374262.6496449,94_0,94,tpc_lock,4.215336084365845,46561,18,1
1771374262.6805506,95_0,95,tpc_lock,2.1310317516326904,46561,18,1
1771374274.6477492,94_0,94,das_work,2.679443359375,48258,19,1
1771374274.727461,95_0,95,das_work,9.474644899368286,48258,19,1
1771374282.3772695,94_0,94,tpc_commit,7.729510545730591,28795,20,1
1771374284.5676255,95_0,95,tpc_commit,9.840155839920044,28795,20,1
1771374286.608727,94_0,94,tpc_commit,4.231449604034424,28795,20,1
1771374286.6431637,95_0,95,tpc_commit,2.075527667999268,28795,20,1
1771374294.4335537,94_0,94,tpc_lock,6.690734386444092,46561,21,1
1771374296.553005,95_0,95,tpc_lock,9.056023836135864,46561,21,1
1771374298.609917,94_0,94,tpc_lock,4.176352739334106,46561,21,1
1771374298.623529,95_0,95,tpc_lock,2.07051420211792,46561,21,1
1771374310.6131363,95_0,95,das_work,5.6663007736206055,48258,22,1
1771374310.6936734,94_0,94,das_work,10.346044063568115,48258,22,1
1771374318.3808594,94_0,94,tpc_commit,7.687174320220947,28795,23,1
1771374320.5685742,95_0,95,tpc_commit,9.955426931381226,28795,23,1
1771374322.6137462,95_0,95,tpc_commit,2.045161724090576,28795,23,1
1771374322.644487,94_0,94,tpc_commit,4.263617277145386,28795,23,1
1771374330.410184,94_0,94,tpc_lock,6.478186845779419,46561,24,1
1771374332.5470836,95_0,95,tpc_lock,8.555486917495728,46561,24,1
1771374334.613186,95_0,95,tpc_lock,2.066092014312744,46561,24,1
1771374334.644325,94_0,94,tpc_lock,4.234131097793579,46561,24,1
1771374346.613636,94_0,94,das_work,10.146772623062134,48258,25,1
1771374346.617108,95_0,95,das_work,5.888719081878662,48258,25,1
1771374354.435608,94_0,94,tpc_commit,7.821964263916016,28795,26,1
1771374356.5368888,95_0,95,tpc_commit,9.919772624969482,28795,26,1
1771374358.6540108,94_0,94,tpc_commit,4.21839165687561,28795,26,1
1771374358.6694646,95_0,95,tpc_commit,2.1325671672821045,28795,26,1
1771374366.398594,94_0,94,tpc_lock,6.494255781173706,46561,27,1
1771374368.5557735,95_0,95,tpc_lock,8.64412522315979,46561,27,1
1771374370.5945528,94_0,94,tpc_lock,4.195947647094727,46561,27,1
1771374370.5995216,95_0,95,tpc_lock,2.043739318847656,46561,27,1
1771374382.6720233,94_0,94,das_work,3.016258001327514,48258,28,1
1771374382.6807897,95_0,95,das_work,5.329257011413574,48258,28,1
1771374390.3739245,94_0,94,tpc_commit,7.701889753341675,28795,29,1
1771374392.5576744,95_0,95,tpc_commit,9.876872301101685,28795,29,1
1771374394.6408594,94_0,94,tpc_commit,4.266928911209106,28795,29,1
1771374394.6754367,95_0,95,tpc_commit,2.11775279045105,28795,29,1
1771374402.388125,94_1,94,tpc_lock,6.477329730987549,46561,30,1
1771374404.6096137,95_1,95,tpc_lock,8.537846326828003,46561,30,1
1771374406.6370692,94_1,94,tpc_lock,4.248934745788574,46561,30,1
1771374406.6766949,95_1,95,tpc_lock,2.067070245742798,46561,30,1
1771374418.6118202,95_1,95,das_work,4.6650145053863525,48258,31,1
1771374418.6193666,94_1,94,das_work,3.4181225299835205,48258,31,1
1771374426.3679051,94_1,94,tpc_commit,7.74852991104126,28795,32,1
1771374428.5343938,95_1,95,tpc_commit,9.92256236076355,28795,32,1
1771374430.5907154,94_1,94,tpc_commit,4.222800970077515,28795,32,1
1771374430.6015112,95_1,95,tpc_commit,2.0671072006225586,28795,32,1
1771374438.3733337,94_1,94,tpc_lock,7.2007036209106445,46549,33,1
1771374440.590903,95_1,95,tpc_lock,8.102007150650024,46561,33,1
1771374442.605677,95_1,95,tpc_lock,2.0147640705108643,46561,33,1
1771374442.6859174,94_1,94,tpc_lock,4.312576055526733,46549,33,1
1771374454.5879376,94_1,94,das_work,3.897491455078125,48258,34,1
1771374454.619663,95_1,95,das_work,2.8425118923187256,48258,34,1
1771374462.3945887,94_1,94,tpc_commit,7.806643009185791,28783,35,1
1771374464.6000438,95_1,95,tpc_commit,9.980369329452516,28795,35,1
1771374466.622677,94_1,94,tpc_commit,4.2280778884887695,28783,35,1
1771374466.628348,95_1,95,tpc_commit,2.028294801712036,28795,35,1
1771374474.3624077,94_1,94,tpc_lock,6.578431844711304,46561,36,1
1771374476.5681827,95_1,95,tpc_lock,8.005570888519287,46561,36,1
1771374478.6042523,94_1,94,tpc_lock,4.241832494735718,46561,36,1
1771374478.6165383,95_1,95,tpc_lock,2.048346281051636,46561,36,1
1771374490.6296823,94_1,94,das_work,3.1908795833587646,48258,37,1
1771374490.6529465,95_1,95,das_work,8.407678365707397,48258,37,1
1771374498.3629484,94_1,94,tpc_commit,7.733255863189697,28795,38,1
1771374500.5289514,95_1,95,tpc_commit,9.875997066497805,28795,38,1
1771374502.581251,94_1,94,tpc_commit,4.218294382095337,28795,38,1
1771374502.6163986,95_1,95,tpc_commit,2.087435722351074,28795,38,1
1771374510.4016447,94_1,94,tpc_lock,5.955679655075073,46561,39,1
1771374512.5297365,95_1,95,tpc_lock,8.232786178588867,46561,39,1
1771374514.5807767,95_1,95,tpc_lock,2.051007032394409,46561,39,1
1771374514.6115065,94_1,94,tpc_lock,4.209851741790772,46561,39,1
1771374526.5890863,94_1,94,das_work,7.831634044647217,48258,40,1
1771374526.6625254,95_1,95,das_work,10.744513273239136,48258,40,1
1771374534.398419,94_1,94,tpc_commit,7.80932354927063,28795,41,1
1771374536.5956106,95_1,95,tpc_commit,9.933075666427612,28795,41,1
1771374538.604306,94_1,94,tpc_commit,4.205876111984253,28795,41,1
1771374538.6416993,95_1,95,tpc_commit,2.0460784435272217,28795,41,1
1771374546.3531456,94_1,94,tpc_lock,5.866965055465698,46561,42,1
1771374548.584273,95_1,95,tpc_lock,9.239524841308594,46549,42,1
1771374550.629675,95_1,95,tpc_lock,2.0453901290893555,46549,42,1
1771374550.65874,94_1,94,tpc_lock,4.305585622787476,46561,42,1
1771374562.613459,95_1,95,das_work,2.356816053390503,48258,43,1
1771374562.61741,94_1,94,das_work,9.136797428131104,48258,43,1
1771374570.3522055,94_1,94,tpc_commit,7.734786987304687,28795,44,1
1771374572.5858865,95_1,95,tpc_commit,9.972418308258057,28783,44,1
1771374574.5874224,94_1,94,tpc_commit,4.235209465026856,28795,44,1
1771374574.6315455,95_1,95,tpc_commit,2.0456509590148926,28783,44,1
1771374582.4204884,94_2,94,tpc_lock,6.811850070953369,46561,45,1
1771374584.5705607,95_2,95,tpc_lock,8.551602363586426,46549,45,1
1771374586.593428,94_2,94,tpc_lock,4.172928094863892,46561,45,1
1771374586.6064217,95_2,95,tpc_lock,2.035851240158081,46549,45,1
1771374598.6351252,94_2,94,das_work,8.173786878585815,48258,46,1
1771374598.6586957,95_2,95,das_work,6.481778621673584,48258,46,1
1771374606.356661,94_2,94,tpc_commit,7.721520185470581,28795,47,1
1771374608.52258,95_2,95,tpc_commit,9.863873958587646,28783,47,1
1771374610.5928173,94_2,94,tpc_commit,4.236144781112671,28795,47,1
1771374610.6332722,95_2,95,tpc_commit,2.1106836795806885,28783,47,1
1771374618.3805163,94_2,94,tpc_lock,6.770193815231323,46561,48,1
1771374620.5581083,95_2,95,tpc_lock,8.207494497299194,46561,48,1
1771374622.6462853,94_2,94,tpc_lock,4.265759706497192,46561,48,1
1771374622.652828,95_2,95,tpc_lock,2.0947065353393555,46561,48,1
1771374634.632183,95_2,95,das_work,2.9514286518096924,48258,49,1
1771374634.6493237,94_2,94,das_work,9.1305034160614,48258,49,1
1771374642.3565474,94_2,94,tpc_commit,7.707213878631592,28795,50,1
1771374644.5167775,95_2,95,tpc_commit,9.88458514213562,28795,50,1
1771374646.574401,94_2,94,tpc_commit,4.217845916748047,28795,50,1
1771374646.5819128,95_2,95,tpc_commit,2.0651280879974365,28795,50,1
1771374654.3491504,94_2,94,tpc_lock,7.089873790740967,46561,51,1
1771374656.539993,95_2,95,tpc_lock,8.019933462142944,46561,51,1
1771374658.5763438,94_2,94,tpc_lock,4.227181911468506,46561,51,1
1771374658.6154675,95_2,95,tpc_lock,2.0754644870758057,46561,51,1
1771374670.5762696,94_2,94,das_work,5.113089561462402,48258,52,1
1771374670.6675282,95_2,95,das_work,2.825608491897583,48258,52,1
1771374678.393011,94_2,94,tpc_commit,7.816732883453369,28795,53,1
1771374680.5375054,95_2,95,tpc_commit,9.869966983795166,28795,53,1
1771374682.5699463,95_2,95,tpc_commit,2.0324294567108154,28795,53,1
1771374682.6266582,94_2,94,tpc_commit,4.233637809753418,28795,53,1
1771374690.352878,94_2,94,tpc_lock,6.373222351074219,46561,54,1
1771374692.5827053,95_2,95,tpc_lock,9.339279413223268,46561,54,1
1771374694.585714,95_2,95,tpc_lock,2.003000259399414,46561,54,1
1771374694.5926912,94_2,94,tpc_lock,4.23980450630188,46561,54,1
1771374706.6054983,94_2,94,das_work,5.672098159790039,48258,55,1
1771374706.6500103,95_2,95,das_work,6.6497790813446045,48258,55,1
1771374714.391943,94_2,94,tpc_commit,7.786435127258301,28795,56,1
1771374716.5706556,95_2,95,tpc_commit,9.920635223388672,28795,56,1
1771374718.618802,94_2,94,tpc_commit,4.226848125457764,28795,56,1
1771374718.6285975,95_2,95,tpc_commit,2.057934522628784,28795,56,1
1771374726.3389015,94_2,94,tpc_lock,7.1803412437438965,46561,57,1
1771374728.554293,95_2,95,tpc_lock,8.718720197677612,46561,57,1
1771374730.606139,94_2,94,tpc_lock,4.267230272293091,46561,57,1
1771374730.6212797,95_2,95,tpc_lock,2.0669424533843994,46561,57,1
1771374742.5889208,94_2,94,das_work,9.595221757888794,48258,58,1
1771374742.611513,95_2,95,das_work,6.290234804153442,48258,58,1
1771374750.368647,94_2,94,tpc_commit,7.779715538024902,28795,59,1
1771374752.5843208,95_2,95,tpc_commit,9.97279667854309,28795,59,1
1771374754.5830455,94_2,94,tpc_commit,4.214385032653809,28795,59,1
1771374754.6208203,95_2,95,tpc_commit,2.0364906787872314,28795,59,1
1771374762.4007502,94_3,94,tpc_lock,5.955905914306641,46561,60,1
1771374764.545236,95_3,95,tpc_lock,8.010278940200806,46561,60,1
1771374766.5964167,94_3,94,tpc_lock,4.195657014846802,46561,60,1
1771374766.6152253,95_3,95,tpc_lock,2.069978713989258,46561,60,1
1771374778.576061,94_3,94,das_work,3.8917136192321777,48258,61,1
1771374778.5986946,95_3,95,das_work,7.035821199417114,48258,61,1
1771374786.376399,94_3,94,tpc_commit,7.80030632019043,28795,62,1
1771374788.5584564,95_3,95,tpc_commit,9.95975399017334,28795,62,1
1771374790.5827315,94_3,94,tpc_commit,4.206321954727173,28795,62,1
1771374790.622933,95_3,95,tpc_commit,2.0644662380218506,28795,62,1
1771374798.4026475,94_3,94,tpc_lock,7.033508777618408,46549,63,1
1771374800.5509093,95_3,95,tpc_lock,9.07661509513855,46561,63,1
1771374802.5720658,94_3,94,tpc_lock,4.169408082962036,46549,63,1
1771374802.6048956,95_3,95,tpc_lock,2.053974151611328,46561,63,1
1771374814.560434,94_3,94,das_work,5.270751476287842,48258,64,1
1771374814.6474586,95_3,95,das_work,9.682551860809326,48258,64,1
1771374822.3386683,94_3,94,tpc_commit,7.778227090835571,28783,65,1
1771374824.559275,95_3,95,tpc_commit,9.911805391311646,28795,65,1
1771374826.5801709,95_3,95,tpc_commit,2.0208868980407715,28795,65,1
1771374826.606614,94_3,94,tpc_commit,4.267937898635864,28783,65,1
1771374834.3271153,94_3,94,tpc_lock,7.003659248352051,46561,66,1
1771374836.5126548,95_3,95,tpc_lock,9.34656310081482,46561,66,1
1771374838.597791,95_3,95,tpc_lock,2.085127830505371,46561,66,1
1771374838.6250985,94_3,94,tpc_lock,4.297975778579712,46561,66,1
1771374850.5772846,94_3,94,das_work,4.164419651031494,48258,67,1
1771374850.5788157,95_3,95,das_work,2.152712821960449,48258,67,1
1771374858.3424995,94_3,94,tpc_commit,7.765202045440674,28795,68,1
1771374860.4955068,95_3,95,tpc_commit,9.91668438911438,28795,68,1
1771374862.5623643,95_3,95,tpc_commit,2.0668492317199707,28795,68,1
1771374862.6000202,94_3,94,tpc_commit,4.257512807846069,28795,68,1
1771374870.3702571,94_3,94,tpc_lock,6.708170413970947,46561,69,1
1771374872.527243,95_3,95,tpc_lock,8.146407842636108,46561,69,1
1771374874.5541298,95_3,95,tpc_lock,2.0268778800964355,46561,69,1
1771374874.5622337,94_3,94,tpc_lock,4.191965341567993,46561,69,1
1771374886.5958495,95_3,95,das_work,5.325454950332642,48258,70,1
1771374886.6223862,94_3,94,das_work,8.066358804702759,48258,70,1
1771374894.3691776,94_3,94,tpc_commit,7.746783018112183,28795,71,1
1771374896.510507,95_3,95,tpc_commit,9.91464614868164,28795,71,1
1771374898.5605016,94_3,94,tpc_commit,4.191314697265625,28795,71,1
1771374898.562849,95_3,95,tpc_commit,2.05233097076416,28795,71,1
1771374906.3285177,94_3,94,tpc_lock,7.192208051681519,46561,72,1
1771374908.5183578,95_3,95,tpc_lock,9.352282762527466,46561,72,1
1771374910.55769,95_3,95,tpc_lock,2.0393195152282715,46561,72,1
1771374910.595613,94_3,94,tpc_lock,4.267087697982788,46561,72,1
1771374922.5514822,94_3,94,das_work,10.907739639282228,48258,73,1
1771374922.5561414,95_3,95,das_work,2.732960700988769,48258,73,1
1771374930.3332608,94_3,94,tpc_commit,7.781770467758179,28795,74,1
1771374932.5519032,95_3,95,tpc_commit,9.995750427246094,28795,74,1
1771374934.5824158,94_3,94,tpc_commit,4.249146699905396,28795,74,1
1771374934.5979,95_3,95,tpc_commit,2.0459864139556885,28795,74,1
1771374942.3492637,94_4,94,tpc_lock,6.151178359985352,46561,75,1
1771374944.4926102,95_4,95,tpc_lock,8.942536115646362,46561,75,1
1771374946.576452,95_4,95,tpc_lock,2.083833694458008,46561,75,1
1771374946.6135051,94_4,94,tpc_lock,4.264228582382202,46561,75,1
1771374958.5984015,95_4,95,das_work,8.873175621032715,48258,76,1
1771374958.610985,94_4,94,das_work,6.943072319030762,48258,76,1
1771374966.3391886,94_4,94,tpc_commit,7.72819447517395,28795,77,1
1771374968.5728097,95_4,95,tpc_commit,9.9743971824646,28795,77,1
1771374970.5548112,94_4,94,tpc_commit,4.215613126754761,28795,77,1
1771374970.61853,95_4,95,tpc_commit,2.0457093715667725,28795,77,1
1771374978.3588223,94_4,94,tpc_lock,7.277522563934326,46561,78,1
1771374980.522118,95_4,95,tpc_lock,9.218215703964232,46561,78,1
1771374982.5657222,94_4,94,tpc_lock,4.206889390945435,46561,78,1
1771374982.6062825,95_4,95,tpc_lock,2.0841541290283203,46561,78,1
1771374994.553386,95_4,95,das_work,10.112160205841064,48258,79,1
1771374994.5943942,94_4,94,das_work,7.138618469238281,48258,79,1
1771375002.3955915,94_4,94,tpc_commit,7.801186561584473,28795,80,1
1771375004.5108416,95_4,95,tpc_commit,9.957447290420532,28795,80,1
1771375006.5598469,95_4,95,tpc_commit,2.0489940643310547,28795,80,1
1771375006.5634584,94_4,94,tpc_commit,4.167856216430664,28795,80,1
1771375014.3930657,94_4,94,tpc_lock,6.790585517883301,46561,81,1
1771375016.5187454,95_4,95,tpc_lock,8.248053550720215,46561,81,1
1771375018.6289468,94_4,94,tpc_lock,4.235867500305176,46561,81,1
1771375018.629838,95_4,95,tpc_lock,2.1110827922821045,46561,81,1
1771375030.550347,94_4,94,das_work,4.728801488876343,48258,82,1
1771375030.6366365,95_4,95,das_work,9.630543947219849,48258,82,1
1771375038.3649745,94_4,94,tpc_commit,7.814614772796631,28795,83,1
1771375040.568065,95_4,95,tpc_commit,9.931418895721436,28795,83,1
1771375042.5804994,95_4,95,tpc_commit,2.012424230575561,28795,83,1
1771375042.590476,94_4,94,tpc_commit,4.225490093231201,28795,83,1
1771375050.328113,94_4,94,tpc_lock,6.47783899307251,46561,84,1
1771375052.51562,95_4,95,tpc_lock,8.733003616333008,46561,84,1
1771375054.557851,95_4,95,tpc_lock,2.042220115661621,46561,84,1
1771375054.5617409,94_4,94,tpc_lock,4.233617544174194,46561,84,1
1771375066.530012,95_4,95,das_work,5.895758390426636,48258,85,1
1771375066.531789,94_4,94,das_work,5.604202508926392,48258,85,1
1771375074.3187573,94_4,94,tpc_commit,7.786961078643799,28795,86,1
1771375076.51594,95_4,95,tpc_commit,9.985919713974,28795,86,1
1771375078.5266788,94_4,94,tpc_commit,4.207914113998413,28795,86,1
1771375078.5816717,95_4,95,tpc_commit,2.0657196044921875,28795,86,1
1771375086.396623,94_4,94,tpc_lock,7.203959941864014,46561,87,1
1771375088.4857523,95_4,95,tpc_lock,9.152045965194702,46561,87,1
1771375090.5147035,95_4,95,tpc_lock,2.028938055038452,46561,87,1
1771375090.5414848,94_4,94,tpc_lock,4.144850730895996,46561,87,1
1771375102.499007,94_4,94,das_work,2.5056397914886475,48258,88,1
1771375102.500427,95_4,95,das_work,5.988338947296143,48258,88,1
1771375110.3339362,94_4,94,tpc_commit,7.834921836853027,28795,89,1
1771375112.5080998,95_4,95,tpc_commit,10.007665634155272,28795,89,1
1771375114.489487,95_4,95,tpc_commit,1.981378555297852,28795,89,1
1771375114.563322,94_4,94,tpc_commit,4.22937798500061,28795,89,1
1771374234.4144058,96_0,96,tpc_lock,4.764036655426025,46561,16,1
1771374236.6123164,97_0,97,tpc_lock,7.71942400932312,46561,16,1
1771374238.6122746,96_0,96,tpc_lock,4.197860956192017,46561,16,1
1771374238.6452265,97_0,97,tpc_lock,2.0329020023345947,46561,16,1
1771374250.6254978,97_0,97,das_work,4.489375352859497,48258,17,1
1771374250.6994147,96_0,96,das_work,10.713920831680298,48258,17,1
1771374258.4340158,96_0,96,tpc_commit,7.734586238861084,28795,18,1
1771374260.5827436,97_0,97,tpc_commit,9.957234144210815,28795,18,1
1771374262.6570358,97_0,97,tpc_commit,2.074281692504883,28795,18,1
1771374262.6700275,96_0,96,tpc_commit,4.236002206802368,28795,18,1
1771374270.3919823,96_0,96,tpc_lock,6.288595199584961,46561,19,1
1771374272.5594685,97_0,97,tpc_lock,8.217507600784302,46561,19,1
1771374274.6041565,97_0,97,tpc_lock,2.044676780700684,46561,19,1
1771374274.62345,96_0,96,tpc_lock,4.231456279754639,46561,19,1
1771374286.654082,96_0,96,das_work,2.041622400283813,48258,20,1
1771374286.6703568,97_0,97,das_work,8.311674356460571,48258,20,1
1771374294.3745425,96_0,96,tpc_commit,7.720450401306152,28795,21,1
1771374296.625307,97_0,97,tpc_commit,9.95493984222412,28795,21,1
1771374298.595392,96_0,96,tpc_commit,4.220842123031616,28795,21,1
1771374298.6787913,97_0,97,tpc_commit,2.0534729957580566,28795,21,1
1771374306.451922,96_0,96,tpc_lock,6.897047519683838,46561,22,1
1771374308.6065755,97_0,97,tpc_lock,8.518603801727295,46561,22,1
1771374310.6040916,97_0,97,tpc_lock,1.9975080490112305,46561,22,1
1771374310.6719692,96_0,96,tpc_lock,4.220036029815674,46561,22,1
1771374322.6057343,96_0,96,das_work,3.3926634788513184,48258,23,1
1771374322.6096983,97_0,97,das_work,4.576977491378784,48258,23,1
1771374330.4045014,96_0,96,tpc_commit,7.798757791519165,28795,24,1
1771374332.5928595,97_0,97,tpc_commit,9.983150959014893,28795,24,1
1771374334.631955,96_0,96,tpc_commit,4.22744345664978,28795,24,1
1771374334.6465168,97_0,97,tpc_commit,2.053647041320801,28795,24,1
1771374342.3741872,96_0,96,tpc_lock,6.68268084526062,46537,25,1
1771374344.541669,97_0,97,tpc_lock,8.725754261016846,46561,25,1
1771374346.678411,96_0,96,tpc_lock,4.304214000701904,46537,25,1
1771374346.695369,97_0,97,tpc_lock,2.1536898612976074,46561,25,1
1771374358.6673734,97_0,97,das_work,4.388298988342285,48258,26,1
1771374358.6898532,96_0,96,das_work,8.377646446228027,48258,26,1
1771374366.409031,96_0,96,tpc_commit,7.719166040420532,28771,27,1
1771374368.5538127,97_0,97,tpc_commit,9.886428117752075,28795,27,1
1771374370.628346,97_0,97,tpc_commit,2.0745227336883545,28795,27,1
1771374370.6653416,96_0,96,tpc_commit,4.256300210952759,28771,27,1
1771374378.3928206,96_0,96,tpc_lock,5.765080213546753,46561,28,1
1771374380.542461,97_0,97,tpc_lock,7.938077688217163,46561,28,1
1771374382.6107135,96_0,96,tpc_lock,4.217885732650757,46561,28,1
1771374382.7000334,97_0,97,tpc_lock,2.157564163208008,46561,28,1
1771374394.596736,96_0,96,das_work,3.1557388305664062,48258,29,1
1771374394.5991778,97_0,97,das_work,2.56982421875,48258,29,1
1771374402.4167595,96_0,96,tpc_commit,7.820015668869018,28795,30,1
1771374404.576291,97_0,97,tpc_commit,9.977102041244509,28795,30,1
1771374406.6126742,96_0,96,tpc_commit,4.195903301239014,28795,30,1
1771374406.641431,97_0,97,tpc_commit,2.065128326416016,28795,30,1
1771374414.364717,96_1,96,tpc_lock,6.087086915969849,46561,31,1
1771374416.5380228,97_1,97,tpc_lock,9.037402868270874,46561,31,1
1771374418.5956528,97_1,97,tpc_lock,2.0576181411743164,46561,31,1
1771374418.6867614,96_1,96,tpc_lock,4.3220374584198,46561,31,1
1771374430.621881,96_1,96,das_work,7.113687515258789,48258,32,1
1771374430.6806006,97_1,97,das_work,3.218973159790039,48258,32,1
1771374438.4417012,96_1,96,tpc_commit,7.819810152053833,28795,33,1
1771374440.5949154,97_1,97,tpc_commit,9.914304494857788,28795,33,1
1771374442.6067755,97_1,97,tpc_commit,2.0118327140808105,28795,33,1
1771374442.662105,96_1,96,tpc_commit,4.2203919887542725,28795,33,1
1771374450.3631604,96_1,96,tpc_lock,6.998506784439087,46561,34,1
1771374452.5942006,97_1,97,tpc_lock,8.63405156135559,46561,34,1
1771374454.5981724,97_1,97,tpc_lock,2.00396466255188,46561,34,1
1771374454.6771286,96_1,96,tpc_lock,4.313960790634155,46561,34,1
1771374466.6264472,96_1,96,das_work,9.155014991760254,48258,35,1
1771374466.6517618,97_1,97,das_work,6.4786436557769775,48258,35,1
1771374474.3912911,96_1,96,tpc_commit,7.764832973480225,28795,36,1
1771374476.5389304,97_1,97,tpc_commit,9.887160062789915,28795,36,1
1771374478.5972157,96_1,96,tpc_commit,4.205916881561279,28795,36,1
1771374478.62591,97_1,97,tpc_commit,2.0869717597961426,28795,36,1
1771374486.3575428,96_1,96,tpc_lock,6.7873146533966064,46561,37,1
1771374488.572226,97_1,97,tpc_lock,9.2525053024292,46561,37,1
1771374490.6246371,97_1,97,tpc_lock,2.052403688430786,46561,37,1
1771374490.6401012,96_1,96,tpc_lock,4.282548904418945,46561,37,1
1771374502.5809474,96_1,96,das_work,5.866971254348755,48258,38,1
1771374502.5818405,97_1,97,das_work,2.0893588066101074,48258,38,1
1771374510.4110134,96_1,96,tpc_commit,7.830053806304932,28795,39,1
1771374512.557791,97_1,97,tpc_commit,9.975938320159912,28795,39,1
1771374514.5803814,96_1,96,tpc_commit,4.16935658454895,28795,39,1
1771374514.626189,97_1,97,tpc_commit,2.0683889389038086,28795,39,1
1771374522.3776832,96_1,96,tpc_lock,6.688775300979614,46561,40,1
1771374524.5266054,97_1,97,tpc_lock,8.408401250839233,46561,40,1
1771374526.6563094,96_1,96,tpc_lock,4.278614282608032,46561,40,1
1771374526.6691792,97_1,97,tpc_lock,2.142566442489624,46561,40,1
1771374538.6158888,96_1,96,das_work,2.243286609649658,48258,41,1
1771374538.6272683,97_1,97,das_work,4.997696876525879,48258,41,1
1771374546.397142,96_1,96,tpc_commit,7.781242370605469,28795,42,1
1771374548.5514617,97_1,97,tpc_commit,9.924182653427124,28795,42,1
1771374550.5889862,96_1,96,tpc_commit,4.191836833953857,28795,42,1
1771374550.633968,97_1,97,tpc_commit,2.0824949741363525,28795,42,1
1771374558.4247177,96_1,96,tpc_lock,6.666735887527466,46561,43,1
1771374560.54259,97_1,97,tpc_lock,8.42815089225769,46561,43,1
1771374562.598237,97_1,97,tpc_lock,2.055636405944824,46561,43,1
1771374562.660355,96_1,96,tpc_lock,4.2356274127960205,46561,43,1
1771374574.587932,97_1,97,das_work,2.54496431350708,48258,44,1
1771374574.5906773,96_1,96,das_work,10.056721448898315,48258,44,1
1771374582.4348035,96_1,96,tpc_commit,7.844115495681763,28795,45,1
1771374584.5784254,97_1,97,tpc_commit,9.990482807159424,28795,45,1
1771374586.6058316,96_1,96,tpc_commit,4.1710193157196045,28795,45,1
1771374586.6250558,97_1,97,tpc_commit,2.046622037887573,28795,45,1
1771374594.3840897,96_2,96,tpc_lock,6.475626707077026,46561,46,1
1771374596.598442,97_2,97,tpc_lock,8.839648962020874,46561,46,1
1771374598.584243,97_2,97,tpc_lock,1.9857664108276367,46561,46,1
1771374598.5968316,96_2,96,tpc_lock,4.212732315063477,46561,46,1
1771374610.598284,97_2,97,das_work,3.408271551132202,48258,47,1
1771374610.6338148,96_2,96,das_work,6.892748117446899,48258,47,1
1771374618.375733,96_2,96,tpc_commit,7.741907596588135,28795,48,1
1771374620.5219593,97_2,97,tpc_commit,9.923664808273315,28795,48,1
1771374622.582994,97_2,97,tpc_commit,2.061025857925415,28795,48,1
1771374622.6393864,96_2,96,tpc_commit,4.263641595840454,28795,48,1
1771374630.372203,96_2,96,tpc_lock,6.981378078460693,46561,49,1
1771374632.5832074,97_2,97,tpc_lock,8.21846342086792,46561,49,1
1771374634.577387,97_2,97,tpc_lock,1.994168758392334,46561,49,1
1771374634.600514,96_2,96,tpc_lock,4.228301525115967,46561,49,1
1771374646.6005025,96_2,96,das_work,10.440945625305176,48258,50,1
1771374646.616929,97_2,97,das_work,7.674952745437622,48258,50,1
1771374654.3638344,96_2,96,tpc_commit,7.763322353363037,28795,51,1
1771374656.5418875,97_2,97,tpc_commit,9.92494773864746,28795,51,1
1771374658.5905795,96_2,96,tpc_commit,4.2267351150512695,28795,51,1
1771374658.6289213,97_2,97,tpc_commit,2.087026357650757,28795,51,1
1771374666.3438883,96_2,96,tpc_lock,6.519108295440674,46549,52,1
1771374668.5825334,97_2,97,tpc_lock,8.243890523910522,46561,52,1
1771374670.59317,97_2,97,tpc_lock,2.0106263160705566,46561,52,1
1771374670.6235137,96_2,96,tpc_lock,4.2796173095703125,46549,52,1
1771374682.578264,97_2,97,das_work,5.27774977684021,48258,53,1
1771374682.5907154,96_2,96,das_work,7.261857032775879,48258,53,1
1771374690.4226928,96_2,96,tpc_commit,7.831967115402222,28783,54,1
1771374692.566954,97_2,97,tpc_commit,9.988681316375732,28795,54,1
1771374694.6286051,97_2,97,tpc_commit,2.061642646789551,28795,54,1
1771374694.6359425,96_2,96,tpc_commit,4.213238716125488,28783,54,1
1771374702.3788142,96_2,96,tpc_lock,6.4887566566467285,46561,55,1
1771374704.5342443,97_2,97,tpc_lock,8.73002552986145,46561,55,1
1771374706.5770729,97_2,97,tpc_lock,2.0428168773651123,46561,55,1
1771374706.5977848,96_2,96,tpc_lock,4.2189600467681885,46561,55,1
1771374718.6061854,97_2,97,das_work,9.44025182723999,48258,56,1
1771374718.6099074,96_2,96,das_work,3.2792789936065674,48258,56,1
1771374726.3884144,96_2,96,tpc_commit,7.7784950733184814,28795,57,1
1771374728.5311186,97_2,97,tpc_commit,9.924923658370972,28795,57,1
1771374730.5758977,96_2,96,tpc_commit,4.187474489212036,28795,57,1
1771374730.589919,97_2,97,tpc_commit,2.058790922164917,28795,57,1
1771374738.417851,96_2,96,tpc_lock,6.089699029922485,46561,58,1
1771374740.5646918,97_2,97,tpc_lock,8.836082220077515,46561,58,1
1771374742.6011214,97_2,97,tpc_lock,2.036418914794922,46561,58,1
1771374742.6391416,96_2,96,tpc_lock,4.221280813217163,46561,58,1
1771374754.5859983,96_2,96,das_work,2.928609848022461,48258,59,1
1771374754.6068847,97_2,97,das_work,8.361305713653564,48258,59,1
1771374762.360186,96_2,96,tpc_commit,7.774177074432373,28795,60,1
1771374764.5354855,97_2,97,tpc_commit,9.928592205047607,28795,60,1
1771374766.5919492,96_2,96,tpc_commit,4.231756687164307,28795,60,1
1771374766.6355977,97_2,97,tpc_commit,2.100104093551636,28795,60,1
1771374774.3827012,96_3,96,tpc_lock,6.871313095092773,46561,61,1
1771374776.5049813,97_3,97,tpc_lock,8.327521324157715,46537,61,1
1771374778.588121,96_3,96,tpc_lock,4.205410718917847,46561,61,1
1771374778.6420994,97_3,97,tpc_lock,2.137110948562622,46537,61,1
1771374790.6361392,97_3,97,das_work,9.328527927398682,48258,62,1
1771374790.6406372,96_3,96,das_work,4.29920220375061,48258,62,1
1771374798.3414774,96_3,96,tpc_commit,7.700830698013306,28795,63,1
1771374800.5005355,97_3,97,tpc_commit,9.864387035369871,28771,63,1
1771374802.565432,97_3,97,tpc_commit,2.064888000488281,28771,63,1
1771374802.6142485,96_3,96,tpc_commit,4.272761344909668,28795,63,1
1771374810.3356633,96_3,96,tpc_lock,6.675752878189087,46561,64,1
1771374812.527442,97_3,97,tpc_lock,9.333470344543455,46561,64,1
1771374814.621884,97_3,97,tpc_lock,2.0944340229034424,46561,64,1
1771374814.638901,96_3,96,tpc_lock,4.3032286167144775,46561,64,1
1771374826.5621283,96_3,96,das_work,8.168329238891602,48258,65,1
1771374826.605866,97_3,97,das_work,4.611307144165039,48258,65,1
1771374834.3274713,96_3,96,tpc_commit,7.765332937240601,28795,66,1
1771374836.5365636,97_3,97,tpc_commit,9.93068814277649,28795,66,1
1771374838.5846703,96_3,96,tpc_commit,4.257191896438599,28795,66,1
1771374838.6100092,97_3,97,tpc_commit,2.0734362602233887,28795,66,1
1771374846.399973,96_3,96,tpc_lock,6.663187742233276,46561,67,1
1771374848.5055234,97_3,97,tpc_lock,8.310539722442627,46561,67,1
1771374850.565557,97_3,97,tpc_lock,2.0600266456604004,46561,67,1
1771374850.5872607,96_3,96,tpc_lock,4.187278747558594,46561,67,1
1771374862.5663958,96_3,96,das_work,9.317601203918455,48258,68,1
1771374862.6395884,97_3,97,das_work,8.186402559280396,48258,68,1
1771374870.3519523,96_3,96,tpc_commit,7.785546541213989,28795,69,1
1771374872.524948,97_3,97,tpc_commit,9.885305881500244,28795,69,1
1771374874.5577593,96_3,96,tpc_commit,4.20579981803894,28795,69,1
1771374874.6156104,97_3,97,tpc_commit,2.090651512145996,28795,69,1
1771374882.3547597,96_3,96,tpc_lock,7.079264163970947,46561,70,1
1771374884.5568717,97_3,97,tpc_lock,9.003284454345703,46561,70,1
1771374886.5605464,97_3,97,tpc_lock,2.0036635398864746,46561,70,1
1771374886.5737083,96_3,96,tpc_lock,4.218937873840332,46561,70,1
1771374898.5703375,97_3,97,das_work,7.154080629348755,48258,71,1
1771374898.61607,96_3,96,das_work,9.678765296936035,48258,71,1
1771374906.3905504,96_3,96,tpc_commit,7.774470806121826,28795,72,1
1771374908.5389297,97_3,97,tpc_commit,9.968583106994627,28795,72,1
1771374910.5675695,96_3,96,tpc_commit,4.1770102977752686,28795,72,1
1771374910.6195238,97_3,97,tpc_commit,2.08058500289917,28795,72,1
1771374918.3707705,96_3,96,tpc_lock,6.686004877090454,46561,73,1
1771374920.5506954,97_3,97,tpc_lock,9.213097095489502,46549,73,1
1771374922.55767,96_3,96,tpc_lock,4.186891317367554,46561,73,1
1771374922.576393,97_3,97,tpc_lock,2.025668144226074,46549,73,1
1771374934.6060262,97_3,97,das_work,7.886411905288696,48258,74,1
1771374934.6209905,96_3,96,das_work,9.841884136199951,48258,74,1
1771374942.3216686,96_3,96,tpc_commit,7.700670719146728,28795,75,1
1771374944.550537,97_3,97,tpc_commit,9.944501638412476,28783,75,1
1771374946.551861,97_3,97,tpc_commit,2.0013134479522705,28783,75,1
1771374946.561782,96_3,96,tpc_commit,4.24010443687439,28795,75,1
1771374954.3816657,96_4,96,tpc_lock,6.764296531677246,46561,76,1
1771374956.5015447,97_4,97,tpc_lock,9.125474691390991,46561,76,1
1771374958.5592425,96_4,96,tpc_lock,4.177566051483154,46561,76,1
1771374958.6279948,97_4,97,tpc_lock,2.126439332962036,46561,76,1
1771374970.5762885,96_4,96,das_work,7.259025812149048,48258,77,1
1771374970.59885,97_4,97,das_work,3.183212757110596,48258,77,1
1771374978.3226204,96_4,96,tpc_commit,7.746319055557251,28795,78,1
1771374980.498861,97_4,97,tpc_commit,9.90000295639038,28795,78,1
1771374982.5458868,96_4,96,tpc_commit,4.223255634307861,28795,78,1
1771374982.5697882,97_4,97,tpc_commit,2.070915460586548,28795,78,1
1771374990.3205206,96_4,96,tpc_lock,5.792591333389282,46561,79,1
1771374992.560091,97_4,97,tpc_lock,8.851947784423828,46561,79,1
1771374994.562996,96_4,96,tpc_lock,4.242467403411865,46561,79,1
1771374994.5761266,97_4,97,tpc_lock,2.01602554321289,46561,79,1
1771375006.5790188,96_4,96,das_work,6.558606863021851,48258,80,1
1771375006.59017,97_4,97,das_work,9.352386474609377,48258,80,1
1771375014.372581,96_4,96,tpc_commit,7.793550729751587,28795,81,1
1771375016.5492334,97_4,97,tpc_commit,9.959051609039308,28795,81,1
1771375018.5556352,97_4,97,tpc_commit,2.00637149810791,28795,81,1
1771375018.6069636,96_4,96,tpc_commit,4.234371662139893,28795,81,1
1771375026.3731294,96_4,96,tpc_lock,7.199455261230469,46561,82,1
1771375028.4793808,97_4,97,tpc_lock,8.534810543060303,46561,82,1
1771375030.5619838,96_4,96,tpc_lock,4.1888427734375,46561,82,1
1771375030.57853,97_4,97,tpc_lock,2.099141836166382,46561,82,1
1771375042.556466,97_4,97,das_work,5.654458522796631,48258,83,1
1771375042.5593543,96_4,96,das_work,8.295888185501099,48258,83,1
1771375050.3254569,96_4,96,tpc_commit,7.76609468460083,28795,84,1
1771375052.5158155,97_4,97,tpc_commit,9.959338903427124,28795,84,1
1771375054.548094,97_4,97,tpc_commit,2.0322673320770264,28795,84,1
1771375054.575166,96_4,96,tpc_commit,4.2496984004974365,28795,84,1
1771375062.3559728,96_4,96,tpc_lock,7.0899658203125,46549,85,1
1771375064.472634,97_4,97,tpc_lock,8.014166831970215,46561,85,1
1771375066.529233,97_4,97,tpc_lock,2.056591749191284,46561,85,1
1771375066.5500772,96_4,96,tpc_lock,4.194095134735107,46549,85,1
1771375078.528706,96_4,96,das_work,8.143272876739502,48258,86,1
1771375078.5700734,97_4,97,das_work,7.423810720443726,48258,86,1
1771375086.3961897,96_4,96,tpc_commit,7.867471694946289,28783,87,1
1771375088.480893,97_4,97,tpc_commit,9.910810470581056,28795,87,1
1771375090.51473,97_4,97,tpc_commit,2.033825397491455,28795,87,1
1771375090.5604262,96_4,96,tpc_commit,4.164226055145264,28783,87,1
1771375098.3307884,96_4,96,tpc_lock,6.168901681900024,46561,88,1
1771375100.509374,97_4,97,tpc_lock,8.226783990859985,46561,88,1
1771375102.4996183,97_4,97,tpc_lock,1.990236520767212,46561,88,1
1771375102.5765245,96_4,96,tpc_lock,4.245727777481079,46561,88,1
1771375114.501582,96_4,96,das_work,7.652437210083008,48258,89,1
1771375114.502844,97_4,97,das_work,10.614902257919312,48258,89,1
1771375122.3529482,96_4,96,tpc_commit,7.851357460021973,28795,90,1
1771375124.5018728,97_4,97,tpc_commit,9.999022006988524,28795,90,1
1771375126.4819186,97_4,97,tpc_commit,1.9800386428833008,28795,90,1
1771375126.4881084,96_4,96,tpc_commit,4.135152339935303,28795,90,1
1771374234.3857682,98_0,98,tpc_lock,2.310404062271118,46561,16,1
1771374236.5609276,99_0,99,tpc_lock,9.46613836288452,46561,16,1
1771374238.6592343,98_0,98,tpc_lock,4.273457050323486,46561,16,1
1771374238.664679,99_0,99,tpc_lock,2.103745222091675,46561,16,1
1771374250.6538854,98_0,98,das_work,2.9531612396240234,48258,17,1
1771374250.6852348,99_0,99,das_work,2.3031818866729736,48258,17,1
1771374258.4282606,98_0,98,tpc_commit,7.774364471435547,28795,18,1
1771374260.5934708,99_0,99,tpc_commit,9.908132791519163,28795,18,1
1771374262.6265535,99_0,99,tpc_commit,2.033072233200073,28795,18,1
1771374262.68092,98_0,98,tpc_commit,4.252649784088135,28795,18,1
1771374270.4312203,98_0,98,tpc_lock,5.965010166168213,46561,19,1
1771374272.539502,99_0,99,tpc_lock,9.040501594543455,46561,19,1
1771374274.7300315,98_0,98,tpc_lock,4.298800230026245,46561,19,1
1771374274.733559,99_0,99,tpc_lock,2.194044828414917,46561,19,1
1771374286.6072252,98_0,98,das_work,7.580615043640137,48258,20,1
1771374286.6336102,99_0,99,das_work,5.736030101776123,48258,20,1
1771374294.3920524,98_0,98,tpc_commit,7.78481650352478,28795,21,1
1771374296.5736785,99_0,99,tpc_commit,9.940057754516602,28795,21,1
1771374298.5964634,98_0,98,tpc_commit,4.2044007778167725,28795,21,1
1771374298.5982008,99_0,99,tpc_commit,2.024511337280273,28795,21,1
1771374306.417436,98_0,98,tpc_lock,7.199421167373657,46561,22,1
1771374308.586296,99_0,99,tpc_lock,8.529144048690796,46561,22,1
1771374310.6106062,99_0,99,tpc_lock,2.024300098419189,46561,22,1
1771374310.65816,98_0,98,tpc_lock,4.240713119506836,46561,22,1
1771374322.609458,99_0,99,das_work,4.142571449279785,48258,23,1
1771374322.674447,98_0,98,das_work,2.2861781120300293,48258,23,1
1771374330.4463975,98_0,98,tpc_commit,7.771939039230347,28795,24,1
1771374332.5467749,99_0,99,tpc_commit,9.937308311462402,28795,24,1
1771374334.6231809,98_0,98,tpc_commit,4.1767737865448,28795,24,1
1771374334.680492,99_0,99,tpc_commit,2.1337058544158936,28795,24,1
1771374342.3914533,98_0,98,tpc_lock,6.412969589233398,46549,25,1
1771374344.5375466,99_0,99,tpc_lock,8.55013394355774,46561,25,1
1771374346.5983126,98_0,98,tpc_lock,4.206851482391357,46549,25,1
1771374346.7025013,99_0,99,tpc_lock,2.1649458408355717,46561,25,1
1771374358.6104228,99_0,99,das_work,7.928976535797119,48258,26,1
1771374358.672795,98_0,98,das_work,10.572735071182253,48258,26,1
1771374366.4516926,98_0,98,tpc_commit,7.77888560295105,28783,27,1
1771374368.5621097,99_0,99,tpc_commit,9.951673746109009,28795,27,1
1771374370.610365,98_0,98,tpc_commit,4.1586594581604,28783,27,1
1771374370.6489456,99_0,99,tpc_commit,2.086824893951416,28795,27,1
1771374378.402588,98_0,98,tpc_lock,6.366456508636475,46561,28,1
1771374380.582084,99_0,99,tpc_lock,9.352145910263062,46561,28,1
1771374382.6160026,99_0,99,tpc_lock,2.033908605575561,46561,28,1
1771374382.6287744,98_0,98,tpc_lock,4.226174354553223,46561,28,1
1771374394.5957143,99_0,99,das_work,3.2597544193267822,48258,29,1
1771374394.6942787,98_0,98,das_work,8.733575582504272,48258,29,1
1771374402.4324818,98_0,98,tpc_commit,7.738192319869995,28795,30,1
1771374404.5383797,99_0,99,tpc_commit,9.942657470703123,28795,30,1
1771374406.5924234,99_0,99,tpc_commit,2.0540361404418945,28795,30,1
1771374406.6323822,98_0,98,tpc_commit,4.199887752532959,28795,30,1
1771374414.44551,98_1,98,tpc_lock,6.181319713592529,46549,31,1
1771374416.538681,99_1,99,tpc_lock,8.630619049072266,46561,31,1
1771374418.6059268,99_1,99,tpc_lock,2.0672335624694824,46561,31,1
1771374418.6694498,98_1,98,tpc_lock,4.223928928375244,46549,31,1
1771374430.6080463,98_1,98,das_work,5.981024265289307,48258,32,1
1771374430.611609,99_1,99,das_work,9.281901836395264,48258,32,1
1771374438.4110012,98_1,98,tpc_commit,7.802947521209717,28783,33,1
1771374440.5466108,99_1,99,tpc_commit,9.934991836547852,28795,33,1
1771374442.6631107,99_1,99,tpc_commit,2.116488456726074,28795,33,1
1771374442.668125,98_1,98,tpc_commit,4.257111549377441,28783,33,1
1771374450.3701086,98_1,98,tpc_lock,6.786159038543701,46561,34,1
1771374452.56294,99_1,99,tpc_lock,8.549872159957886,46561,34,1
1771374454.603574,99_1,99,tpc_lock,2.040623903274536,46561,34,1
1771374454.6789732,98_1,98,tpc_lock,4.308857202529907,46561,34,1
1771374466.5958982,98_1,98,das_work,6.044545650482178,48258,35,1
1771374466.5970676,99_1,99,das_work,7.984227418899536,48258,35,1
1771374474.363082,98_1,98,tpc_commit,7.767173290252685,28795,36,1
1771374476.54456,99_1,99,tpc_commit,9.94748306274414,28795,36,1
1771374478.6089592,99_1,99,tpc_commit,2.064389228820801,28795,36,1
1771374478.614957,98_1,98,tpc_commit,4.251867771148682,28795,36,1
1771374486.3582523,98_1,98,tpc_lock,6.472156286239624,46561,37,1
1771374488.536755,99_1,99,tpc_lock,8.231140851974487,46549,37,1
1771374490.5910287,98_1,98,tpc_lock,4.232767343521118,46561,37,1
1771374490.6465137,99_1,99,tpc_lock,2.109750986099243,46549,37,1
1771374502.5828505,98_1,98,das_work,6.959747076034546,48258,38,1
1771374502.625091,99_1,99,das_work,1.987544059753418,48258,38,1
1771374510.3890169,98_1,98,tpc_commit,7.806156396865845,28795,39,1
1771374512.5353878,99_1,99,tpc_commit,9.910285949707031,28783,39,1
1771374514.583192,99_1,99,tpc_commit,2.047793388366699,28783,39,1
1771374514.6343136,98_1,98,tpc_commit,4.245288133621216,28795,39,1
1771374522.4017563,98_1,98,tpc_lock,6.987773895263672,46561,40,1
1771374524.5501666,99_1,99,tpc_lock,8.499439716339111,46561,40,1
1771374526.6105487,98_1,98,tpc_lock,4.208782434463501,46561,40,1
1771374526.6278515,99_1,99,tpc_lock,2.0776734352111816,46561,40,1
1771374538.5904925,99_1,99,das_work,3.980289936065674,48258,41,1
1771374538.6145976,98_1,98,das_work,4.502463340759277,48258,41,1
1771374546.391731,98_1,98,tpc_commit,7.777122259140015,28795,42,1
1771374548.522144,99_1,99,tpc_commit,9.931639909744264,28795,42,1
1771374550.5878177,98_1,98,tpc_commit,4.1960766315460205,28795,42,1
1771374550.6025436,99_1,99,tpc_commit,2.0803914070129395,28795,42,1
1771374558.42011,98_1,98,tpc_lock,7.084854602813721,46561,43,1
1771374560.5446277,99_1,99,tpc_lock,8.501055479049683,46561,43,1
1771374562.6028664,99_1,99,tpc_lock,2.058225154876709,46561,43,1
1771374562.6780064,98_1,98,tpc_lock,4.257887363433838,46561,43,1
1771374574.6077547,98_1,98,das_work,2.2468154430389404,48258,44,1
1771374574.648896,99_1,99,das_work,5.555554628372192,48258,44,1
1771374582.365724,98_1,98,tpc_commit,7.757961511611938,28795,45,1
1771374584.541397,99_1,99,tpc_commit,9.892494201660156,28795,45,1
1771374586.5836625,99_1,99,tpc_commit,2.04225492477417,28795,45,1
1771374586.601517,98_1,98,tpc_commit,4.235783338546753,28795,45,1
1771374594.389472,98_2,98,tpc_lock,5.85528564453125,46561,46,1
1771374596.557766,99_2,99,tpc_lock,8.3091139793396,46561,46,1
1771374598.5850863,99_2,99,tpc_lock,2.0273122787475586,46561,46,1
1771374598.5883756,98_2,98,tpc_lock,4.19889497756958,46561,46,1
1771374610.5845468,98_2,98,das_work,8.090090274810791,48258,47,1
1771374610.6063478,99_2,99,das_work,3.931143045425415,48258,47,1
1771374618.3656542,98_2,98,tpc_commit,7.781098365783691,28795,48,1
1771374620.5302377,99_2,99,tpc_commit,9.923877716064451,28795,48,1
1771374622.599276,99_2,99,tpc_commit,2.0690252780914307,28795,48,1
1771374622.605583,98_2,98,tpc_commit,4.2399210929870605,28795,48,1
1771374630.4193027,98_2,98,tpc_lock,7.295223236083984,46561,49,1
1771374632.592719,99_2,99,tpc_lock,8.017348289489746,46561,49,1
1771374634.5750878,98_2,98,tpc_lock,4.155775785446167,46561,49,1
1771374634.643653,99_2,99,tpc_lock,2.050922393798828,46561,49,1
1771374646.596948,98_2,98,das_work,8.609640121459961,48258,50,1
1771374646.631765,99_2,99,das_work,8.705519914627075,48258,50,1
1771374654.3623233,98_2,98,tpc_commit,7.765365839004517,28795,51,1
1771374656.5395362,99_2,99,tpc_commit,9.907760858535768,28795,51,1
1771374658.586935,99_2,99,tpc_commit,2.047386884689331,28795,51,1
1771374658.5898416,98_2,98,tpc_commit,4.227508544921875,28795,51,1
1771374666.3720694,98_2,98,tpc_lock,6.170613527297974,46561,52,1
1771374668.5077696,99_2,99,tpc_lock,8.412523746490479,46561,52,1
1771374670.663672,98_2,98,tpc_lock,4.2915918827056885,46561,52,1
1771374670.6712756,99_2,99,tpc_lock,2.1634984016418457,46561,52,1
1771374682.5821202,99_2,99,das_work,6.160812377929688,48258,53,1
1771374682.621612,98_2,98,das_work,3.8965330123901367,48258,53,1
1771374690.4208486,98_2,98,tpc_commit,7.7992262840271,28795,54,1
1771374692.5715563,99_2,99,tpc_commit,9.989425659179688,28795,54,1
1771374694.5906737,99_2,99,tpc_commit,2.0191073417663574,28795,54,1
1771374694.6041362,98_2,98,tpc_commit,4.183280944824219,28795,54,1
1771374702.382569,98_2,98,tpc_lock,6.285593032836914,46561,55,1
1771374704.5679188,99_2,99,tpc_lock,8.330800771713257,46561,55,1
1771374706.5820503,98_2,98,tpc_lock,4.199472904205322,46561,55,1
1771374706.6341786,99_2,99,tpc_lock,2.066250324249268,46561,55,1
1771374718.5836868,98_2,98,das_work,8.793953895568848,48258,56,1
1771374718.6047962,99_2,99,das_work,4.441736459732056,48258,56,1
1771374726.3546166,98_2,98,tpc_commit,7.770922660827637,28795,57,1
1771374728.5270586,99_2,99,tpc_commit,9.92225193977356,28795,57,1
1771374730.5853417,98_2,98,tpc_commit,4.230717420578003,28795,57,1
1771374730.5903232,99_2,99,tpc_commit,2.0632519721984863,28795,57,1
1771374738.40527,98_2,98,tpc_lock,6.179609537124634,46561,58,1
1771374740.55994,99_2,99,tpc_lock,8.332247257232666,46561,58,1
1771374742.5734797,99_2,99,tpc_lock,2.0135302543640137,46561,58,1
1771374742.6618755,98_2,98,tpc_lock,4.256598711013794,46561,58,1
1771374754.5852888,99_2,99,das_work,5.913810729980469,48258,59,1
1771374754.6240358,98_2,98,das_work,6.645501136779785,48258,59,1
1771374762.379851,98_2,98,tpc_commit,7.75580358505249,28795,60,1
1771374764.5116394,99_2,99,tpc_commit,9.926339387893677,28795,60,1
1771374766.5804057,98_2,98,tpc_commit,4.200545310974121,28795,60,1
1771374766.6267817,99_2,99,tpc_commit,2.1151301860809326,28795,60,1
1771374774.3360918,98_3,98,tpc_lock,6.605610132217407,46549,61,1
1771374776.565739,99_3,99,tpc_lock,8.636940240859985,46561,61,1
1771374778.575936,99_3,99,tpc_lock,2.0101876258850098,46561,61,1
1771374778.576679,98_3,98,tpc_lock,4.240580558776856,46549,61,1
1771374790.565363,98_3,98,das_work,6.5818822383880615,48258,62,1
1771374790.5756052,99_3,99,das_work,7.199632883071899,48258,62,1
1771374798.405397,98_3,98,tpc_commit,7.840024948120117,28783,63,1
1771374800.5059974,99_3,99,tpc_commit,9.930380821228027,28795,63,1
1771374802.5601869,98_3,98,tpc_commit,4.154782056808472,28783,63,1
1771374802.6183343,99_3,99,tpc_commit,2.1123251914978027,28795,63,1
1771374810.3795338,98_3,98,tpc_lock,6.765148878097534,46561,64,1
1771374812.4945822,99_3,99,tpc_lock,8.211292028427124,46561,64,1
1771374814.6198325,99_3,99,tpc_lock,2.1252434253692627,46561,64,1
1771374814.6274972,98_3,98,tpc_lock,4.247950792312622,46561,64,1
1771374826.5624394,98_3,98,das_work,5.20058012008667,48258,65,1
1771374826.6082242,99_3,99,das_work,2.6126909255981445,48258,65,1
1771374834.3339214,98_3,98,tpc_commit,7.771473884582519,28795,66,1
1771374836.518401,99_3,99,tpc_commit,9.91016674041748,28795,66,1
1771374838.5903854,98_3,98,tpc_commit,4.256453037261963,28795,66,1
1771374838.5910995,99_3,99,tpc_commit,2.0726919174194336,28795,66,1
1771374846.330969,98_3,98,tpc_lock,6.173562526702881,46549,67,1
1771374848.4971762,99_3,99,tpc_lock,9.225216627120972,46561,67,1
1771374850.560651,99_3,99,tpc_lock,2.063467502593994,46561,67,1
1771374850.562551,98_3,98,tpc_lock,4.231574535369873,46549,67,1
1771374862.556669,98_3,98,das_work,6.31810188293457,48258,68,1
1771374862.5641594,99_3,99,das_work,4.293877840042114,48258,68,1
1771374870.358914,98_3,98,tpc_commit,7.802237033843994,28783,69,1
1771374872.4994862,99_3,99,tpc_commit,9.935319185256958,28795,69,1
1771374874.55608,99_3,99,tpc_commit,2.0565826892852783,28795,69,1
1771374874.5659213,98_3,98,tpc_commit,4.206998348236084,28783,69,1
1771374882.330959,98_3,98,tpc_lock,6.781263589859009,46561,70,1
1771374884.504154,99_3,99,tpc_lock,8.910538911819458,46561,70,1
1771374886.575374,98_3,98,tpc_lock,4.244406938552856,46561,70,1
1771374886.5959518,99_3,99,tpc_lock,2.0917887687683105,46561,70,1
1771374898.576885,98_3,98,das_work,10.743474006652832,48258,71,1
1771374898.5832365,99_3,99,das_work,6.235142469406128,48258,71,1
1771374906.3606846,98_3,98,tpc_commit,7.783786535263061,28795,72,1
1771374908.519943,99_3,99,tpc_commit,9.93669581413269,28795,72,1
1771374910.5578456,99_3,99,tpc_commit,2.03789496421814,28795,72,1
1771374910.5783494,98_3,98,tpc_commit,4.217654466629028,28795,72,1
1771374918.328143,98_3,98,tpc_lock,6.68157696723938,46561,73,1
1771374920.5712554,99_3,99,tpc_lock,8.304237127304077,46561,73,1
1771374922.5546892,99_3,99,tpc_lock,1.9834222793579104,46561,73,1
1771374922.5803518,98_3,98,tpc_lock,4.252163648605347,46561,73,1
1771374934.6019342,98_3,98,das_work,3.0879759788513184,48258,74,1
1771374934.6160898,99_3,99,das_work,8.981346845626831,48258,74,1
1771374942.375975,98_3,98,tpc_commit,7.7740318775177,28795,75,1
1771374944.5213027,99_3,99,tpc_commit,9.905202627182009,28795,75,1
1771374946.5518324,99_3,99,tpc_commit,2.0305206775665283,28795,75,1
1771374946.602887,98_3,98,tpc_commit,4.226900577545166,28795,75,1
1771374954.3335793,98_4,98,tpc_lock,6.466876983642578,46561,76,1
1771374956.5129304,99_4,99,tpc_lock,7.994069576263428,46561,76,1
1771374958.567943,99_4,99,tpc_lock,2.0550026893615723,46561,76,1
1771374958.6066048,98_4,98,tpc_lock,4.273016214370728,46561,76,1
1771374970.5553536,99_4,99,das_work,2.035053253173828,48258,77,1
1771374970.58065,98_4,98,das_work,10.20545530319214,48258,77,1
1771374978.387022,98_4,98,tpc_commit,7.806360721588135,28795,78,1
1771374980.5310292,99_4,99,tpc_commit,9.975666522979736,28795,78,1
1771374982.547373,98_4,98,tpc_commit,4.160340785980225,28795,78,1
1771374982.618439,99_4,99,tpc_commit,2.087400436401367,28795,78,1
1771374990.3800435,98_4,98,tpc_lock,6.6092071533203125,46561,79,1
1771374992.5265143,99_4,99,tpc_lock,8.655585765838623,46561,79,1
1771374994.5531578,99_4,99,tpc_lock,2.0266332626342773,46561,79,1
1771374994.596611,98_4,98,tpc_lock,4.216557025909424,46561,79,1
1771375006.5956483,98_4,98,das_work,5.776723146438599,48258,80,1
1771375006.6290183,99_4,99,das_work,5.703571557998657,48258,80,1
1771375014.379136,98_4,98,tpc_commit,7.783475160598755,28795,81,1
1771375016.5537932,99_4,99,tpc_commit,9.924764633178713,28795,81,1
1771375018.5574343,98_4,98,tpc_commit,4.178288221359253,28795,81,1
1771375018.642361,99_4,99,tpc_commit,2.088556289672852,28795,81,1
1771375026.342169,98_4,98,tpc_lock,7.095566749572754,46561,82,1
1771375028.5663433,99_4,99,tpc_lock,9.354485750198364,46549,82,1
1771375030.5517845,98_4,98,tpc_lock,4.209604263305664,46561,82,1
1771375030.592957,99_4,99,tpc_lock,2.0266029834747314,46549,82,1
1771375042.5582,98_4,98,das_work,3.91347074508667,48258,83,1
1771375042.5978425,99_4,99,das_work,4.521481275558472,48258,83,1
1771375050.327856,98_4,98,tpc_commit,7.769646644592285,28795,84,1
1771375052.5172863,99_4,99,tpc_commit,9.919432401657104,28783,84,1
1771375054.5622282,98_4,98,tpc_commit,4.234360933303833,28795,84,1
1771375054.579755,99_4,99,tpc_commit,2.06245756149292,28783,84,1
1771375062.3582995,98_4,98,tpc_lock,6.68584132194519,46561,85,1
1771375064.5437016,99_4,99,tpc_lock,8.108241319656372,46561,85,1
1771375066.538729,99_4,99,tpc_lock,1.9950127601623533,46561,85,1
1771375066.5465422,98_4,98,tpc_lock,4.188235521316528,46561,85,1
1771375078.5361931,99_4,99,das_work,2.19667911529541,48258,86,1
1771375078.57392,98_4,98,das_work,2.107436180114746,48258,86,1
1771375086.3050597,98_4,98,tpc_commit,7.731128931045532,28795,87,1
1771375088.5434167,99_4,99,tpc_commit,10.007211923599243,28795,87,1
1771375090.5083115,99_4,99,tpc_commit,1.9648833274841309,28795,87,1
1771375090.5606637,98_4,98,tpc_commit,4.255597352981567,28795,87,1
1771375098.3742414,98_4,98,tpc_lock,6.165825605392456,46549,88,1
1771375100.5093677,99_4,99,tpc_lock,8.019296646118164,46561,88,1
1771375102.4983473,99_4,99,tpc_lock,1.9889695644378664,46561,88,1
1771375102.5019426,98_4,98,tpc_lock,4.127690076828003,46549,88,1
1771375114.4886966,98_4,98,das_work,8.398804903030396,48258,89,1
1771375114.4902122,99_4,99,das_work,2.8011345863342285,48258,89,1
1771375122.3582249,98_4,98,tpc_commit,7.869520425796509,28783,90,1
1771375124.511973,99_4,99,tpc_commit,10.021753311157228,28795,90,1
1771375126.5045145,98_4,98,tpc_commit,4.146280765533447,28783,90,1
1771375126.5050414,99_4,99,tpc_commit,1.9930617809295652,28795,90,1
1771374140.561102,9_0,9,tpc_lock,8.453939437866211,46561,8,1
1771374142.5560408,9_0,9,tpc_lock,1.994931697845459,46561,8,1
1771374150.4039326,8_0,8,tpc_lock,4.232689380645752,46561,9,1
1771374154.6210515,9_0,9,das_work,10.171670913696287,48258,9,1
1771374154.6483984,8_0,8,tpc_lock,4.244459629058838,46561,9,1
1771374164.6224575,9_0,9,tpc_commit,10.00139331817627,28795,10,1
1771374166.6214712,9_0,9,tpc_commit,1.998994827270508,28795,10,1
1771374166.624133,8_0,8,das_work,6.279691219329834,48258,10,1
1771374174.4330678,8_0,8,tpc_commit,7.808927297592163,28795,11,1
1771374176.5655794,9_0,9,tpc_lock,8.046049356460571,46561,11,1
1771374178.5772245,9_0,9,tpc_lock,2.011637687683105,46561,11,1
1771374178.6008086,8_0,8,tpc_commit,4.1677305698394775,28795,11,1
1771374186.438379,8_0,8,tpc_lock,6.372364282608032,46561,12,1
1771374190.5930023,8_0,8,tpc_lock,4.15461540222168,46561,12,1
1771374190.6391652,9_0,9,das_work,2.503744602203369,48258,12,1
1771374200.6251144,9_0,9,tpc_commit,9.985936880111694,28795,13,1
1771374202.5867512,9_0,9,tpc_commit,1.961625576019287,28795,13,1
1771374202.5949557,8_0,8,das_work,9.797033548355104,48258,13,1
1771374210.452404,8_0,8,tpc_commit,7.857438564300537,28795,14,1
1771374212.5821984,9_0,9,tpc_lock,9.439271211624146,46561,14,1
1771374214.608901,9_0,9,tpc_lock,2.026694774627685,46561,14,1
1771374214.6096942,8_0,8,tpc_commit,4.157254457473755,28795,14,1
1771374222.378086,8_0,8,tpc_lock,5.7735595703125,46561,15,1
1771374226.6328542,8_0,8,tpc_lock,4.254760503768921,46561,15,1
1771374226.634129,9_0,9,das_work,4.010504722595215,48258,15,1
1771374236.5636642,9_0,9,tpc_commit,9.929524660110474,28795,16,1
1771374238.6682556,8_0,8,das_work,10.505170822143556,48258,16,1
1771374238.7202983,9_0,9,tpc_commit,2.1566264629364014,28795,16,1
1771374246.3861012,8_0,8,tpc_commit,7.717834949493408,28795,17,1
1771374248.596759,9_0,9,tpc_lock,8.544728994369507,46561,17,1
1771374250.6117735,8_0,8,tpc_commit,4.225661754608154,28795,17,1
1771374250.669433,9_0,9,tpc_lock,2.0726635456085205,46561,17,1
1771374258.38569,8_0,8,tpc_lock,6.706833839416504,46561,18,1
1771374262.6338875,8_0,8,tpc_lock,4.2481865882873535,46561,18,1
1771374262.6772366,9_0,9,das_work,9.369537830352783,48258,18,1
1771374272.6042318,9_0,9,tpc_commit,9.926983118057253,28795,19,1
1771374274.724345,8_0,8,das_work,10.097679853439333,48258,19,1
1771374274.7415345,9_0,9,tpc_commit,2.1372902393341064,28795,19,1
1771374282.4299543,8_0,8,tpc_commit,7.705601453781128,28795,20,1
1771374284.6183329,9_0,9,tpc_lock,8.923896789550781,46561,20,1
1771374286.6751163,8_0,8,tpc_commit,4.245148420333862,28795,20,1
1771374286.704174,9_0,9,tpc_lock,2.0858304500579834,46561,20,1
1771374294.3990705,8_0,8,tpc_lock,6.599331855773926,46561,21,1
1771374298.5992868,9_0,9,das_work,3.017153263092041,48258,21,1
1771374298.6799085,8_0,8,tpc_lock,4.280831098556519,46561,21,1
1771374308.5372832,9_0,9,tpc_commit,9.937983989715576,28795,22,1
1771374310.603927,8_0,8,das_work,2.2214114665985107,48258,22,1
1771374310.6167717,9_0,9,tpc_commit,2.0794782638549805,28795,22,1
1771374318.4188125,8_0,8,tpc_commit,7.814876556396484,28795,23,1
1771374320.5929265,9_1,9,tpc_lock,9.265864849090576,46561,23,1
1771374322.6062396,8_0,8,tpc_commit,4.187419176101685,28795,23,1
1771374322.6181328,9_1,9,tpc_lock,2.0251944065093994,46561,23,1
1771374330.3739498,8_1,8,tpc_lock,6.270398616790772,46561,24,1
1771374334.611962,9_1,9,das_work,2.808766841888428,48258,24,1
1771374334.6614914,8_1,8,tpc_lock,4.287529706954956,46561,24,1
1771374344.5413623,9_1,9,tpc_commit,9.929388284683228,28795,25,1
1771374346.5989542,8_1,8,das_work,8.21664571762085,48258,25,1
1771374346.6156757,9_1,9,tpc_commit,2.0742766857147217,28795,25,1
1771374354.380558,8_1,8,tpc_commit,7.781578302383423,28795,26,1
1771374356.5826342,9_1,9,tpc_lock,9.24426794052124,46561,26,1
1771374358.6098478,9_1,9,tpc_lock,2.0272035598754883,46561,26,1
1771374358.65537,8_1,8,tpc_commit,4.274800777435303,28795,26,1
1771374366.4229374,8_1,8,tpc_lock,7.101127862930298,46561,27,1
1771374370.6060646,8_1,8,tpc_lock,4.183114767074585,46561,27,1
1771374370.6487317,9_1,9,das_work,2.389542579650879,48258,27,1
1771374380.570924,9_1,9,tpc_commit,9.922181367874146,28795,28,1
1771374382.6086926,8_1,8,das_work,6.346025466918945,48258,28,1
1771374382.6170642,9_1,9,tpc_commit,2.0461294651031494,28795,28,1
1771374390.393679,8_1,8,tpc_commit,7.784975290298462,28795,29,1
1771374392.590066,9_1,9,tpc_lock,8.427453994750977,46561,29,1
1771374394.6477427,9_1,9,tpc_lock,2.0576632022857666,46561,29,1
1771374394.6560414,8_1,8,tpc_commit,4.262352466583252,28795,29,1
1771374402.444321,8_1,8,tpc_lock,7.190671682357788,46561,30,1
1771374406.6489706,8_1,8,tpc_lock,4.204638719558716,46561,30,1
1771374406.659985,9_1,9,das_work,7.063358306884766,48258,30,1
1771374416.567237,9_1,9,tpc_commit,9.9072425365448,28795,31,1
1771374418.598641,9_1,9,tpc_commit,2.0313942432403564,28795,31,1
1771374418.6040776,8_1,8,das_work,8.713047981262207,48258,31,1
1771374426.4101703,8_1,8,tpc_commit,7.806061506271362,28795,32,1
1771374428.5360785,9_1,9,tpc_lock,9.336003541946411,46561,32,1
1771374430.6786437,9_1,9,tpc_lock,2.142541885375977,46561,32,1
1771374430.6833982,8_1,8,tpc_commit,4.273216724395752,28795,32,1
1771374438.4307008,8_1,8,tpc_lock,6.082296371459961,46561,33,1
1771374442.6769145,9_1,9,das_work,6.19378924369812,48258,33,1
1771374442.6854212,8_1,8,tpc_lock,4.254710912704468,46561,33,1
1771374452.588409,9_1,9,tpc_commit,9.911484479904177,28795,34,1
1771374454.5967126,9_1,9,tpc_commit,2.0082952976226807,28795,34,1
1771374454.650981,8_1,8,das_work,2.6631031036376958,48258,34,1
1771374462.3771183,8_1,8,tpc_commit,7.726126670837402,28795,35,1
1771374464.5796523,9_1,9,tpc_lock,8.637723445892334,46561,35,1
1771374466.6129162,8_1,8,tpc_commit,4.235788583755493,28795,35,1
1771374466.617092,9_1,9,tpc_lock,2.037428379058838,46561,35,1
1771374474.4106772,8_1,8,tpc_lock,6.567890882492065,46561,36,1
1771374478.6299062,8_1,8,tpc_lock,4.219221353530884,46561,36,1
1771374478.637842,9_1,9,das_work,6.270015478134155,48258,36,1
1771374488.5369866,9_1,9,tpc_commit,9.89913249015808,28795,37,1
1771374490.5903056,8_1,8,das_work,10.243554592132568,48258,37,1
1771374490.676977,9_1,9,tpc_commit,2.1399827003479004,28795,37,1
1771374498.3746753,8_1,8,tpc_commit,7.784361839294434,28795,38,1
1771374500.5623682,9_2,9,tpc_lock,9.13082194328308,46561,38,1
1771374502.5834675,8_1,8,tpc_commit,4.208781480789185,28795,38,1
1771374502.661812,9_2,9,tpc_lock,2.0994341373443604,46561,38,1
1771374510.4362934,8_2,8,tpc_lock,6.675303936004639,46561,39,1
1771374514.633333,8_2,8,tpc_lock,4.197029113769531,46561,39,1
1771374514.6369195,9_2,9,das_work,5.720349550247192,48258,39,1
1771374524.5396297,9_2,9,tpc_commit,9.902698755264282,28795,40,1
1771374526.648419,9_2,9,tpc_commit,2.1087799072265625,28795,40,1
1771374526.6666625,8_2,8,das_work,3.706973075866699,48258,40,1
1771374534.440657,8_2,8,tpc_commit,7.773983478546143,28795,41,1
1771374536.5578966,9_2,9,tpc_lock,9.023298025131226,46561,41,1
1771374538.607748,9_2,9,tpc_lock,2.049842834472656,46561,41,1
1771374538.6088982,8_2,8,tpc_commit,4.168229579925537,28795,41,1
1771374546.4279623,8_2,8,tpc_lock,7.189279794692993,46561,42,1
1771374550.606926,8_2,8,tpc_lock,4.178956270217896,46561,42,1
1771374550.6702704,9_2,9,das_work,3.2952284812927246,48258,42,1
1771374560.5522554,9_2,9,tpc_commit,9.881974458694458,28795,43,1
1771374562.6016538,8_2,8,das_work,10.127942085266112,48258,43,1
1771374562.6123378,9_2,9,tpc_commit,2.060072422027588,28795,43,1
1771374570.3638527,8_2,8,tpc_commit,7.762188673019409,28795,44,1
1771374572.5877883,9_2,9,tpc_lock,9.339681386947632,46561,44,1
1771374574.6102717,8_2,8,tpc_commit,4.246408224105835,28795,44,1
1771374574.638198,9_2,9,tpc_lock,2.050401210784912,46561,44,1
1771374582.425007,8_2,8,tpc_lock,6.997122049331665,46561,45,1
1771374586.5803225,9_2,9,das_work,5.538857698440552,48258,45,1
1771374586.6039715,8_2,8,tpc_lock,4.178953647613525,46561,45,1
1771374596.5173748,9_2,9,tpc_commit,9.9370436668396,28795,46,1
1771374598.599707,8_2,8,das_work,2.972130537033081,48258,46,1
1771374598.6604636,9_2,9,tpc_commit,2.1430814266204834,28795,46,1
1771374606.417641,8_2,8,tpc_commit,7.817924499511719,28795,47,1
1771374608.5647318,9_2,9,tpc_lock,9.254301071166992,46561,47,1
1771374610.5767434,9_2,9,tpc_lock,2.0120017528533936,46561,47,1
1771374610.5997908,8_2,8,tpc_commit,4.182137727737427,28795,47,1
1771374618.382712,8_2,8,tpc_lock,7.090135335922241,46561,48,1
1771374622.5819912,9_2,9,das_work,8.824285984039307,48258,48,1
1771374622.5996563,8_2,8,tpc_lock,4.216935634613037,46561,48,1
1771374632.515689,9_2,9,tpc_commit,9.933688163757324,28795,49,1
1771374634.6157975,9_2,9,tpc_commit,2.10009765625,28795,49,1
1771374634.6460326,8_2,8,das_work,10.83791160583496,48258,49,1
1771374642.3569005,8_2,8,tpc_commit,7.710857391357422,28795,50,1
1771374644.5536811,9_2,9,tpc_lock,8.207621335983276,46549,50,1
1771374646.5850909,8_2,8,tpc_commit,4.228183746337891,28795,50,1
1771374646.6021254,9_2,9,tpc_lock,2.0484325885772705,46549,50,1
1771374654.3947077,8_2,8,tpc_lock,6.063087701797485,46561,51,1
1771374658.5938284,9_2,9,das_work,2.8454678058624268,48258,51,1
1771374658.6456852,8_2,8,tpc_lock,4.25096869468689,46561,51,1
1771374668.5128388,9_2,9,tpc_commit,9.918999433517456,28783,52,1
1771374670.6430523,9_2,9,tpc_commit,2.130203485488892,28783,52,1
1771374670.6737063,8_2,8,das_work,9.412365198135376,48258,52,1
1771374678.350618,8_2,8,tpc_commit,7.676900863647461,28795,53,1
1771374680.5682707,9_3,9,tpc_lock,8.001473188400269,46561,53,1
1771374682.5694635,8_2,8,tpc_commit,4.218832969665527,28795,53,1
1771374682.5887048,9_3,9,tpc_lock,2.02042555809021,46561,53,1
1771374690.376915,8_3,8,tpc_lock,7.1931140422821045,46561,54,1
1771374694.5704324,8_3,8,tpc_lock,4.193510055541992,46561,54,1
1771374694.576689,9_3,9,das_work,4.87685751914978,48258,54,1
1771374704.5751846,9_3,9,tpc_commit,9.998488187789915,28795,55,1
1771374706.636881,8_3,8,das_work,5.128509283065796,48258,55,1
1771374706.667936,9_3,9,tpc_commit,2.092740774154663,28795,55,1
1771374714.418228,8_3,8,tpc_commit,7.781336307525635,28795,56,1
1771374716.5823815,9_3,9,tpc_lock,9.13578724861145,46561,56,1
1771374718.5662885,8_3,8,tpc_commit,4.148052930831909,28795,56,1
1771374718.6108043,9_3,9,tpc_lock,2.0284125804901123,46561,56,1
1771374726.354921,8_3,8,tpc_lock,6.98583197593689,46549,57,1
1771374730.5722213,8_3,8,tpc_lock,4.217292070388794,46549,57,1
1771374730.575846,9_3,9,das_work,4.226855754852295,48258,57,1
1771374740.5786831,9_3,9,tpc_commit,10.002827405929564,28795,58,1
1771374742.573451,9_3,9,tpc_commit,1.9947588443756104,28795,58,1
1771374742.5981088,8_3,8,das_work,2.290341854095459,48258,58,1
1771374750.3930907,8_3,8,tpc_commit,7.794970273971558,28783,59,1
1771374752.5816388,9_3,9,tpc_lock,8.097559690475464,46561,59,1
1771374754.6033766,8_3,8,tpc_commit,4.210274696350098,28783,59,1
1771374754.6133437,9_3,9,tpc_lock,2.0316970348358154,46561,59,1
1771374762.3383367,8_3,8,tpc_lock,6.798389673233032,46561,60,1
1771374766.5741825,9_3,9,das_work,10.650146007537842,48258,60,1
1771374766.6323538,8_3,8,tpc_lock,4.294008731842041,46561,60,1
1771374776.5070765,9_3,9,tpc_commit,9.932883262634276,28795,61,1
1771374778.596722,8_3,8,das_work,9.090288400650024,48258,61,1
1771374778.639329,9_3,9,tpc_commit,2.1322450637817383,28795,61,1
1771374786.3811057,8_3,8,tpc_commit,7.784373760223389,28795,62,1
1771374788.5115926,9_3,9,tpc_lock,9.14527940750122,46561,62,1
1771374790.5752857,8_3,8,tpc_commit,4.194172382354736,28795,62,1
1771374790.5846176,9_3,9,tpc_lock,2.0730140209198,46561,62,1
1771374798.3438137,8_3,8,tpc_lock,6.260380744934082,46561,63,1
1771374802.5661676,9_3,9,das_work,6.454448461532593,48258,63,1
1771374802.5831554,8_3,8,tpc_lock,4.239330291748047,46561,63,1
1771374812.5728624,9_3,9,tpc_commit,10.006683349609377,28795,64,1
1771374814.583842,9_3,9,tpc_commit,2.010970115661621,28795,64,1
1771374814.6156862,8_3,8,das_work,4.366298198699951,48258,64,1
1771374822.3373373,8_3,8,tpc_commit,7.721641778945923,28795,65,1
1771374824.577327,9_3,9,tpc_lock,9.36959171295166,46561,65,1
1771374826.583755,9_3,9,tpc_lock,2.006417751312256,46561,65,1
1771374826.6253033,8_3,8,tpc_commit,4.287956237792969,28795,65,1
1771374834.3277495,8_3,8,tpc_lock,6.596505165100098,46561,66,1
1771374838.577952,9_3,9,das_work,5.9365315437316895,48258,66,1
1771374838.6110198,8_3,8,tpc_lock,4.2832629680633545,46561,66,1
1771374848.5782292,9_3,9,tpc_commit,10.000267744064333,28795,67,1
1771374850.563028,8_3,8,das_work,10.448853492736816,48258,67,1
1771374850.5647094,9_3,9,tpc_commit,1.9864726066589355,28795,67,1
1771374858.3419354,8_3,8,tpc_commit,7.778897523880005,28795,68,1
1771374860.4962757,9_4,9,tpc_lock,8.96694278717041,46561,68,1
1771374862.5640266,8_3,8,tpc_commit,4.222083330154419,28795,68,1
1771374862.6328511,9_4,9,tpc_lock,2.1365647315979004,46561,68,1
1771374870.3651912,8_4,8,tpc_lock,6.561722278594971,46561,69,1
1771374874.56565,8_4,8,tpc_lock,4.200449705123901,46561,69,1
1771374874.6038542,9_4,9,das_work,6.124515295028687,48258,69,1
1771374884.4960265,9_4,9,tpc_commit,9.892165184020996,28795,70,1
1771374886.6070185,8_4,8,das_work,7.541835308074951,48258,70,1
1771374886.6085842,9_4,9,tpc_commit,2.1125481128692627,28795,70,1
1771374894.400442,8_4,8,tpc_commit,7.793412685394287,28795,71,1
1771374896.5022998,9_4,9,tpc_lock,7.918760776519775,46561,71,1
1771374898.576454,8_4,8,tpc_commit,4.176002502441406,28795,71,1
1771374898.6163905,9_4,9,tpc_lock,2.114081382751465,46561,71,1
1771374906.330806,8_4,8,tpc_lock,6.673856973648071,46561,72,1
1771374910.6036718,8_4,8,tpc_lock,4.272858381271362,46561,72,1
1771374910.6179848,9_4,9,das_work,5.606417655944824,48258,72,1
1771374920.5182614,9_4,9,tpc_commit,9.900266408920288,28795,73,1
1771374922.5846736,8_4,8,das_work,5.407714128494263,48258,73,1
1771374922.607875,9_4,9,tpc_commit,2.089606523513794,28795,73,1
1771374930.324637,8_4,8,tpc_commit,7.739953279495239,28795,74,1
1771374932.4929976,9_4,9,tpc_lock,9.352780103683472,46561,74,1
1771374934.5753827,9_4,9,tpc_lock,2.082375288009644,46561,74,1
1771374934.5761862,8_4,8,tpc_commit,4.251540899276733,28795,74,1
1771374942.3219323,8_4,8,tpc_lock,6.460341930389404,46561,75,1
1771374946.5613456,9_4,9,das_work,7.808347225189209,48258,75,1
1771374946.6275165,8_4,8,tpc_lock,4.305577039718628,46561,75,1
1771374956.484916,9_4,9,tpc_commit,9.923560619354248,28795,76,1
1771374958.5984287,8_4,8,das_work,10.805441617965698,48258,76,1
1771374958.6029675,9_4,9,tpc_commit,2.118044376373291,28795,76,1
1771374966.3293197,8_4,8,tpc_commit,7.73088002204895,28795,77,1
1771374968.57335,9_4,9,tpc_lock,8.419895648956299,46561,77,1
1771374970.5462322,8_4,8,tpc_commit,4.2169060707092285,28795,77,1
1771374970.6079073,9_4,9,tpc_lock,2.034547805786133,46561,77,1
1771374978.322365,8_4,8,tpc_lock,6.064352989196777,46549,78,1
1771374982.5640864,9_4,9,das_work,6.251049280166626,48258,78,1
1771374982.570161,8_4,8,tpc_lock,4.247782468795776,46549,78,1
1771374992.5596557,9_4,9,tpc_commit,9.995562553405762,28795,79,1
1771374994.5537453,9_4,9,tpc_commit,1.9940805435180664,28795,79,1
1771374994.5903518,8_4,8,das_work,8.223873138427734,48258,79,1
1771375002.3984106,8_4,8,tpc_commit,7.80804705619812,28783,80,1
1771375004.5232725,9_4,9,tpc_lock,8.134452819824219,46561,80,1
1771375006.5599413,9_4,9,tpc_lock,2.0366597175598145,46561,80,1
1771375006.6130168,8_4,8,tpc_commit,4.214596748352051,28783,80,1
1771375014.3291628,8_4,8,tpc_lock,7.089666128158569,46561,81,1
1771375018.5556264,8_4,8,tpc_lock,4.226454019546509,46561,81,1
1771375018.559804,9_4,9,das_work,9.845238447189333,48258,81,1
1771375028.4812956,9_4,9,tpc_commit,9.921480894088743,28795,82,1
1771375030.5482557,9_4,9,tpc_commit,2.0669524669647217,28795,82,1
1771375030.5543485,8_4,8,das_work,10.840734720230104,48258,82,1
1771375038.3647738,8_4,8,tpc_commit,7.810412406921387,28795,83,1
1771375042.5768657,8_4,8,tpc_commit,4.212082386016846,28795,83,1
1771374150.403598,10_0,10,tpc_lock,5.4712278842926025,46561,9,1
1771374152.5368042,11_0,11,tpc_lock,11.115626096725464,46561,9,1
1771374154.6228063,11_0,11,tpc_lock,2.0859954357147217,46561,9,1
1771374154.643345,10_0,10,tpc_lock,4.239739656448364,46561,9,1
1771374166.5743456,10_0,10,das_work,5.062321424484253,48258,10,1
1771374166.639017,11_0,11,das_work,8.427736043930054,48258,10,1
1771374174.424868,10_0,10,tpc_commit,7.850514888763428,28795,11,1
1771374176.6032016,11_0,11,tpc_commit,9.964169025421144,28795,11,1
1771374178.587151,10_0,10,tpc_commit,4.162269353866577,28795,11,1
1771374178.6181414,11_0,11,tpc_commit,2.0149292945861816,28795,11,1
1771374186.4010348,10_0,10,tpc_lock,7.298882484436035,46561,12,1
1771374188.565037,11_0,11,tpc_lock,8.217135667800903,46561,12,1
1771374190.589733,11_0,11,tpc_lock,2.024662971496582,46561,12,1
1771374190.6503408,10_0,10,tpc_lock,4.249297857284546,46561,12,1
1771374202.588445,10_0,10,das_work,7.035752773284912,48258,13,1
1771374202.6305263,11_0,11,das_work,2.202581882476806,48258,13,1
1771374210.3803596,10_0,10,tpc_commit,7.791907072067261,28795,14,1
1771374212.5583146,11_0,11,tpc_commit,9.927780628204346,28795,14,1
1771374214.6093073,11_0,11,tpc_commit,2.0509841442108154,28795,14,1
1771374214.6497316,10_0,10,tpc_commit,4.269364356994629,28795,14,1
1771374222.3959105,10_0,10,tpc_lock,5.766285181045532,46561,15,1
1771374224.5502837,11_0,11,tpc_lock,8.965046167373657,46561,15,1
1771374226.6704955,11_0,11,tpc_lock,2.12020206451416,46561,15,1
1771374226.6771138,10_0,10,tpc_lock,4.281195640563965,46561,15,1
1771374238.6289194,11_0,11,das_work,8.519892692565918,48258,16,1
1771374238.6431136,10_0,10,das_work,7.554795503616333,48258,16,1
1771374246.47253,10_0,10,tpc_commit,7.829407215118408,28795,17,1
1771374248.559267,11_0,11,tpc_commit,9.93033504486084,28795,17,1
1771374250.6848023,10_0,10,tpc_commit,4.212261199951172,28795,17,1
1771374250.698924,11_0,11,tpc_commit,2.1396470069885254,28795,17,1
1771374258.4028387,10_0,10,tpc_lock,5.98790168762207,46561,18,1
1771374260.6176598,11_0,11,tpc_lock,9.355501890182495,46549,18,1
1771374262.6335504,11_0,11,tpc_lock,2.0158796310424805,46549,18,1
1771374262.64971,10_0,10,tpc_lock,4.246864318847656,46561,18,1
1771374274.6135375,11_0,11,das_work,6.5800604820251465,48258,19,1
1771374274.7447236,10_0,10,das_work,4.995682716369629,48258,19,1
1771374282.4327989,10_0,10,tpc_commit,7.688063621520996,28795,20,1
1771374284.5456028,11_0,11,tpc_commit,9.9320547580719,28783,20,1
1771374286.6299355,11_0,11,tpc_commit,2.084324836730957,28783,20,1
1771374286.6746202,10_0,10,tpc_commit,4.241809368133545,28795,20,1
1771374294.4067714,10_0,10,tpc_lock,6.074398279190064,46561,21,1
1771374296.628478,11_0,11,tpc_lock,9.172847509384155,46561,21,1
1771374298.666607,11_0,11,tpc_lock,2.038115978240967,46561,21,1
1771374298.68325,10_0,10,tpc_lock,4.27646803855896,46561,21,1
1771374310.60768,10_0,10,das_work,2.465390920639038,48258,22,1
1771374310.6877918,11_0,11,das_work,7.902400255203247,48258,22,1
1771374318.4487402,10_0,10,tpc_commit,7.841050148010254,28795,23,1
1771374320.5392475,11_0,11,tpc_commit,9.85144543647766,28795,23,1
1771374322.636284,10_0,10,tpc_commit,4.187532663345337,28795,23,1
1771374322.6915429,11_0,11,tpc_commit,2.152287244796753,28795,23,1
1771374330.4460418,10_1,10,tpc_lock,6.589263677597046,46549,24,1
1771374332.5555315,11_1,11,tpc_lock,9.149363994598389,46561,24,1
1771374334.6084423,11_1,11,tpc_lock,2.052900552749634,46561,24,1
1771374334.6121688,10_1,10,tpc_lock,4.166116237640381,46549,24,1
1771374346.5981302,11_1,11,das_work,5.3501296043396,48258,25,1
1771374346.6023028,10_1,10,das_work,3.421079635620117,48258,25,1
1771374354.429917,10_1,10,tpc_commit,7.827605724334717,28783,26,1
1771374356.5364685,11_1,11,tpc_commit,9.93833041191101,28795,26,1
1771374358.6128752,10_1,10,tpc_commit,4.182948350906372,28783,26,1
1771374358.693282,11_1,11,tpc_commit,2.156805515289306,28795,26,1
1771374366.4206634,10_1,10,tpc_lock,6.376448631286621,46561,27,1
1771374368.5404794,11_1,11,tpc_lock,8.132893562316895,46561,27,1
1771374370.6016457,11_1,11,tpc_lock,2.0611555576324463,46561,27,1
1771374370.6086226,10_1,10,tpc_lock,4.1879494190216064,46561,27,1
1771374382.6082366,10_1,10,das_work,2.630418062210083,48258,28,1
1771374382.6215365,11_1,11,das_work,5.174868822097778,48258,28,1
1771374390.3741462,10_1,10,tpc_commit,7.765897512435913,28795,29,1
1771374392.5550933,11_1,11,tpc_commit,9.93351697921753,28795,29,1
1771374394.5951614,10_1,10,tpc_commit,4.2210071086883545,28795,29,1
1771374394.5997665,11_1,11,tpc_commit,2.0446646213531494,28795,29,1
1771374402.3697915,10_1,10,tpc_lock,7.094215393066406,46561,30,1
1771374404.5867114,11_1,11,tpc_lock,8.54085898399353,46561,30,1
1771374406.6468935,11_1,11,tpc_lock,2.060175657272339,46561,30,1
1771374406.670554,10_1,10,tpc_lock,4.300755023956299,46561,30,1
1771374418.6061656,11_1,11,das_work,6.934952735900879,48258,31,1
1771374418.6866136,10_1,10,das_work,9.259610414505005,48258,31,1
1771374426.3738058,10_1,10,tpc_commit,7.687183141708374,28795,32,1
1771374428.59561,11_1,11,tpc_commit,9.989434719085692,28795,32,1
1771374430.5942817,11_1,11,tpc_commit,1.998663663864136,28795,32,1
1771374430.656603,10_1,10,tpc_commit,4.282787561416626,28795,32,1
1771374438.378795,10_1,10,tpc_lock,6.582049608230591,46561,33,1
1771374440.5375311,11_1,11,tpc_lock,9.240079164505005,46561,33,1
1771374442.6521428,10_1,10,tpc_lock,4.2733376026153564,46561,33,1
1771374442.673657,11_1,11,tpc_lock,2.1361184120178223,46561,33,1
1771374454.6556664,11_1,11,das_work,2.844676971435547,48258,34,1
1771374454.6621194,10_1,10,das_work,10.856550931930542,48258,34,1
1771374462.4258578,10_1,10,tpc_commit,7.763729095458984,28795,35,1
1771374464.57791,11_1,11,tpc_commit,9.922234296798706,28795,35,1
1771374466.6131587,10_1,10,tpc_commit,4.1872923374176025,28795,35,1
1771374466.649966,11_1,11,tpc_commit,2.0720479488372803,28795,35,1
1771374474.3603446,10_1,10,tpc_lock,6.72986626625061,46561,36,1
1771374476.597931,11_1,11,tpc_lock,8.868473291397095,46561,36,1
1771374478.6070192,10_1,10,tpc_lock,4.24666690826416,46561,36,1
1771374478.6081789,11_1,11,tpc_lock,2.010239124298096,46561,36,1
1771374490.6348925,10_1,10,das_work,10.973711013793944,48258,37,1
1771374490.6707263,11_1,11,das_work,7.014438629150391,48258,37,1
1771374498.4276314,10_1,10,tpc_commit,7.7927281856536865,28795,38,1
1771374500.5248425,11_1,11,tpc_commit,9.854106426239014,28795,38,1
1771374502.6408336,11_1,11,tpc_commit,2.1159796714782715,28795,38,1
1771374502.6653092,10_1,10,tpc_commit,4.237669944763184,28795,38,1
1771374510.3836863,10_2,10,tpc_lock,6.764430046081543,46561,39,1
1771374512.5280714,11_2,11,tpc_lock,8.741899967193604,46561,39,1
1771374514.5816634,10_2,10,tpc_lock,4.197966814041138,46561,39,1
1771374514.5869665,11_2,11,tpc_lock,2.058887481689453,46561,39,1
1771374526.5857325,11_2,11,das_work,10.910250186920166,48258,40,1
1771374526.5905468,10_2,10,das_work,5.8235743045806885,48258,40,1
1771374534.37262,10_2,10,tpc_commit,7.782062292098999,28795,41,1
1771374536.5254457,11_2,11,tpc_commit,9.939701795578005,28795,41,1
1771374538.5820055,11_2,11,tpc_commit,2.056551933288574,28795,41,1
1771374538.582792,10_2,10,tpc_commit,4.210164308547974,28795,41,1
1771374546.357971,10_2,10,tpc_lock,7.117508888244629,46561,42,1
1771374548.601505,11_2,11,tpc_lock,9.28159761428833,46561,42,1
1771374550.6497529,11_2,11,tpc_lock,2.048238039016724,46561,42,1
1771374550.6561222,10_2,10,tpc_lock,4.2981390953063965,46561,42,1
1771374562.590598,11_2,11,das_work,9.714176654815674,48258,43,1
1771374562.6288593,10_2,10,das_work,8.693037748336792,48258,43,1
1771374570.430042,10_2,10,tpc_commit,7.801173686981201,28795,44,1
1771374572.5840433,11_2,11,tpc_commit,9.993438720703123,28795,44,1
1771374574.6369011,11_2,11,tpc_commit,2.052847385406494,28795,44,1
1771374574.6393192,10_2,10,tpc_commit,4.2092649936676025,28795,44,1
1771374582.3879907,10_2,10,tpc_lock,6.703420162200928,46561,45,1
1771374584.539474,11_2,11,tpc_lock,9.251490831375122,46561,45,1
1771374586.5931726,10_2,10,tpc_lock,4.205171585083008,46561,45,1
1771374586.6356058,11_2,11,tpc_lock,2.096123456954956,46561,45,1
1771374598.5864477,10_2,10,das_work,5.115825891494751,48258,46,1
1771374598.596882,11_2,11,das_work,3.6861319541931152,48258,46,1
1771374606.4147666,10_2,10,tpc_commit,7.828309059143066,28795,47,1
1771374608.596062,11_2,11,tpc_commit,9.999168872833252,28795,47,1
1771374610.627286,10_2,10,tpc_commit,4.2125091552734375,28795,47,1
1771374610.6341307,11_2,11,tpc_commit,2.038058996200561,28795,47,1
1771374618.3715956,10_2,10,tpc_lock,6.062916994094849,46549,48,1
1771374620.571197,11_2,11,tpc_lock,8.100394487380981,46561,48,1
1771374622.5744894,10_2,10,tpc_lock,4.20288348197937,46549,48,1
1771374622.6591897,11_2,11,tpc_lock,2.087982177734375,46561,48,1
1771374634.597439,11_2,11,das_work,7.272891759872436,48258,49,1
1771374634.6439097,10_2,10,das_work,6.657969951629639,48258,49,1
1771374642.3536415,10_2,10,tpc_commit,7.709722280502319,28783,50,1
1771374644.5540273,11_2,11,tpc_commit,9.956581592559814,28795,50,1
1771374646.573646,10_2,10,tpc_commit,4.219993591308594,28783,50,1
1771374646.6401756,11_2,11,tpc_commit,2.086137294769287,28795,50,1
1771374654.364613,10_2,10,tpc_lock,7.18686580657959,46561,51,1
1771374656.5522711,11_2,11,tpc_lock,9.331557273864746,46561,51,1
1771374658.5790124,10_2,10,tpc_lock,4.21439003944397,46561,51,1
1771374658.6042264,11_2,11,tpc_lock,2.0519449710845947,46561,51,1
1771374670.5732698,10_2,10,das_work,9.821180820465088,48258,52,1
1771374670.5867827,11_2,11,das_work,8.67890191078186,48258,52,1
1771374678.361899,10_2,10,tpc_commit,7.788620710372925,28795,53,1
1771374680.57401,11_2,11,tpc_commit,9.987218618392944,28795,53,1
1771374682.5731325,10_2,10,tpc_commit,4.211222887039185,28795,53,1
1771374682.6370504,11_2,11,tpc_commit,2.06303071975708,28795,53,1
1771374690.3862393,10_3,10,tpc_lock,7.17287802696228,46561,54,1
1771374692.5829766,11_3,11,tpc_lock,9.244560718536375,46549,54,1
1771374694.573929,10_3,10,tpc_lock,4.187680244445801,46561,54,1
1771374694.5796027,11_3,11,tpc_lock,1.996617078781128,46549,54,1
1771374706.6204023,10_3,10,das_work,8.260870456695557,48258,55,1
1771374706.6681468,11_3,11,das_work,2.791472911834717,48258,55,1
1771374714.410452,10_3,10,tpc_commit,7.790041208267212,28795,56,1
1771374716.5804431,11_3,11,tpc_commit,9.912286281585692,28783,56,1
1771374718.619755,11_3,11,tpc_commit,2.0393028259277344,28783,56,1
1771374718.6363006,10_3,10,tpc_commit,4.225839138031006,28795,56,1
1771374726.382612,10_3,10,tpc_lock,6.665037631988525,46561,57,1
1771374728.5178072,11_3,11,tpc_lock,8.408285856246948,46561,57,1
1771374730.5868134,11_3,11,tpc_lock,2.068997621536255,46561,57,1
1771374730.5874176,10_3,10,tpc_lock,4.2047951221466064,46561,57,1
1771374742.5782776,11_3,11,das_work,10.262372732162476,48258,58,1
1771374742.591646,10_3,10,das_work,3.918961763381958,48258,58,1
1771374750.3425164,10_3,10,tpc_commit,7.750859498977661,28795,59,1
1771374752.5473585,11_3,11,tpc_commit,9.969070672988892,28795,59,1
1771374754.5724366,10_3,10,tpc_commit,4.229912281036377,28795,59,1
1771374754.6250834,11_3,11,tpc_commit,2.077714204788208,28795,59,1
1771374762.3662822,10_3,10,tpc_lock,6.772763729095459,46561,60,1
1771374764.5407443,11_3,11,tpc_lock,9.269874095916748,46561,60,1
1771374766.5685313,10_3,10,tpc_lock,4.202212810516357,46561,60,1
1771374766.6151004,11_3,11,tpc_lock,2.074346780776977,46561,60,1
1771374778.5895004,10_3,10,das_work,2.2350664138793945,48258,61,1
1771374778.6249113,11_3,11,das_work,10.909090042114258,48258,61,1
1771374786.3739908,10_3,10,tpc_commit,7.78447961807251,28795,62,1
1771374788.563467,11_3,11,tpc_commit,9.938546180725098,28795,62,1
1771374790.609331,10_3,10,tpc_commit,4.235329627990723,28795,62,1
1771374790.627385,11_3,11,tpc_commit,2.063910484313965,28795,62,1
1771374798.3745284,10_3,10,tpc_lock,6.173929691314697,46561,63,1
1771374800.5525734,11_3,11,tpc_lock,8.60692024230957,46561,63,1
1771374802.5936346,10_3,10,tpc_lock,4.219096183776856,46561,63,1
1771374802.598388,11_3,11,tpc_lock,2.045801877975464,46561,63,1
1771374814.572975,10_3,10,das_work,8.339358568191528,48258,64,1
1771374814.58341,11_3,11,das_work,4.396748304367065,48258,64,1
1771374822.3738153,10_3,10,tpc_commit,7.800831317901611,28795,65,1
1771374824.5528457,11_3,11,tpc_commit,9.969426155090332,28795,65,1
1771374826.5699966,10_3,10,tpc_commit,4.196171522140503,28795,65,1
1771374826.5768557,11_3,11,tpc_commit,2.0240020751953125,28795,65,1
1771374834.3345506,10_3,10,tpc_lock,6.0708167552948,46561,66,1
1771374836.5488255,11_3,11,tpc_lock,8.93331789970398,46561,66,1
1771374838.5767958,11_3,11,tpc_lock,2.027960062026977,46561,66,1
1771374838.6190257,10_3,10,tpc_lock,4.284465074539185,46561,66,1
1771374850.5855258,11_3,11,das_work,3.1871862411499023,48258,67,1
1771374850.6220236,10_3,10,das_work,2.5496034622192383,48258,67,1
1771374858.393735,10_3,10,tpc_commit,7.771701097488403,28795,68,1
1771374860.5060203,11_3,11,tpc_commit,9.920483827590942,28795,68,1
1771374862.5569923,11_3,11,tpc_commit,2.050946950912476,28795,68,1
1771374862.6278298,10_3,10,tpc_commit,4.234086513519287,28795,68,1
1771374870.3928182,10_4,10,tpc_lock,5.767437219619751,46549,69,1
1771374872.4986827,11_4,11,tpc_lock,8.920494079589844,46549,69,1
1771374874.5611064,11_4,11,tpc_lock,2.062412738800049,46549,69,1
1771374874.563238,10_4,10,tpc_lock,4.170409440994263,46549,69,1
1771374886.6107385,10_4,10,das_work,9.059053659439089,48258,70,1
1771374886.6218696,11_4,11,das_work,9.781917810440063,48258,70,1
1771374894.3579512,10_4,10,tpc_commit,7.747200965881348,28783,71,1
1771374896.502472,11_4,11,tpc_commit,9.880593299865724,28783,71,1
1771374898.5570972,11_4,11,tpc_commit,2.0546157360076904,28783,71,1
1771374898.5736582,10_4,10,tpc_commit,4.215698719024658,28783,71,1
1771374906.326601,10_4,10,tpc_lock,6.376802444458008,46561,72,1
1771374908.5447829,11_4,11,tpc_lock,9.42350459098816,46561,72,1
1771374910.5963986,10_4,10,tpc_lock,4.269786596298218,46561,72,1
1771374910.6293378,11_4,11,tpc_lock,2.084545135498047,46561,72,1
1771374922.591046,11_4,11,das_work,4.508177995681763,48258,73,1
1771374922.6070952,10_4,10,das_work,9.921180963516235,48258,73,1
1771374930.356688,10_4,10,tpc_commit,7.749581813812256,28795,74,1
1771374932.503092,11_4,11,tpc_commit,9.9120352268219,28795,74,1
1771374934.55548,11_4,11,tpc_commit,2.052380323410034,28795,74,1
1771374934.561447,10_4,10,tpc_commit,4.20474648475647,28795,74,1
1771374942.3940833,10_4,10,tpc_lock,6.774601459503174,46561,75,1
1771374944.498932,11_4,11,tpc_lock,8.200100898742676,46561,75,1
1771374946.571441,11_4,11,tpc_lock,2.0724987983703613,46561,75,1
1771374946.608929,10_4,10,tpc_lock,4.214836835861206,46561,75,1
1771374958.6010177,11_4,11,das_work,4.82564902305603,48258,76,1
1771374958.6091354,10_4,10,das_work,7.122474670410156,48258,76,1
1771374966.329944,10_4,10,tpc_commit,7.720798969268799,28795,77,1
1771374968.4902864,11_4,11,tpc_commit,9.88925838470459,28795,77,1
1771374970.5810254,10_4,10,tpc_commit,4.251073360443115,28795,77,1
1771374970.5927973,11_4,11,tpc_commit,2.102499008178711,28795,77,1
1771374978.3800652,10_4,10,tpc_lock,6.670933723449707,46561,78,1
1771374980.4895568,11_4,11,tpc_lock,7.9138503074646,46561,78,1
1771374982.5572531,10_4,10,tpc_lock,4.177178144454956,46561,78,1
1771374982.5880277,11_4,11,tpc_lock,2.0984621047973637,46561,78,1
1771374994.618709,11_4,11,das_work,10.393009424209597,48258,79,1
1771374994.6354003,10_4,10,das_work,5.645100116729736,48258,79,1
1771375002.372554,10_4,10,tpc_commit,7.737143754959106,28795,80,1
1771375004.5195403,11_4,11,tpc_commit,9.90082049369812,28795,80,1
1771375006.5707943,11_4,11,tpc_commit,2.0512444972991943,28795,80,1
1771375006.62459,10_4,10,tpc_commit,4.251974582672119,28795,80,1
1771375014.370146,10_4,10,tpc_lock,6.089321851730347,46561,81,1
1771375016.5048304,11_4,11,tpc_lock,9.087225675582886,46561,81,1
1771375018.581001,10_4,10,tpc_lock,4.210845232009888,46561,81,1
1771375018.6089852,11_4,11,tpc_lock,2.1041455268859863,46561,81,1
1771375030.6163874,10_4,10,das_work,3.291813373565674,48258,82,1
1771375030.625081,11_4,11,das_work,4.3353331089019775,48258,82,1
1771375038.3204966,10_4,10,tpc_commit,7.704099655151367,28795,83,1
1771375040.558302,11_4,11,tpc_commit,9.93320894241333,28795,83,1
1771375042.6232996,10_4,10,tpc_commit,4.30279541015625,28795,83,1
1771375042.6244826,11_4,11,tpc_commit,2.0661697387695312,28795,83,1
1771374150.4235048,12_0,12,tpc_lock,1.8918342590332031,46561,9,1
1771374152.5368729,13_0,13,tpc_lock,3.016610860824585,46561,9,1
1771374154.56323,12_0,12,tpc_lock,4.139718532562256,46561,9,1
1771374154.6231606,13_0,13,tpc_lock,2.0862810611724854,46561,9,1
1771374166.5869555,13_0,13,das_work,3.5225839614868164,48258,10,1
1771374166.6397407,12_0,12,das_work,6.79278564453125,48258,10,1
1771374174.4459467,12_0,12,tpc_commit,7.806193351745605,28795,11,1
1771374176.553076,13_0,13,tpc_commit,9.966110229492188,28795,11,1
1771374178.5730834,13_0,13,tpc_commit,2.0199971199035645,28795,11,1
1771374178.6128876,12_0,12,tpc_commit,4.166931390762329,28795,11,1
1771374186.4654276,12_0,12,tpc_lock,6.380914926528931,46561,12,1
1771374188.626437,13_0,13,tpc_lock,9.234857320785522,46561,12,1
1771374190.6081676,12_0,12,tpc_lock,4.142732858657837,46561,12,1
1771374190.646846,13_0,13,tpc_lock,2.020253419876098,46561,12,1
1771374202.5854566,13_0,13,das_work,6.684106588363648,48258,13,1
1771374202.645081,12_0,12,das_work,2.505938768386841,48258,13,1
1771374210.4044063,12_0,12,tpc_commit,7.759315013885498,28795,14,1
1771374212.549546,13_0,13,tpc_commit,9.964077949523926,28795,14,1
1771374214.6512887,13_0,13,tpc_commit,2.1017322540283203,28795,14,1
1771374214.6613283,12_0,12,tpc_commit,4.25690770149231,28795,14,1
1771374222.3872373,12_0,12,tpc_lock,6.370340347290039,46561,15,1
1771374224.6112013,13_0,13,tpc_lock,8.322367191314697,46561,15,1
1771374226.6129968,13_0,13,tpc_lock,2.00178861618042,46561,15,1
1771374226.6412494,12_0,12,tpc_lock,4.254002332687378,46561,15,1
1771374238.6105516,13_0,13,das_work,4.64665961265564,48258,16,1
1771374238.6248958,12_0,12,das_work,2.994023084640503,48258,16,1
1771374246.4646606,12_0,12,tpc_commit,7.8397536277771,28795,17,1
1771374248.559863,13_0,13,tpc_commit,9.949302911758425,28795,17,1
1771374250.6113272,13_0,13,tpc_commit,2.0514535903930664,28795,17,1
1771374250.6962838,12_0,12,tpc_commit,4.231613874435425,28795,17,1
1771374258.4500427,12_0,12,tpc_lock,6.089843273162842,46561,18,1
1771374260.6241283,13_0,13,tpc_lock,9.379327058792114,46561,18,1
1771374262.6256144,13_0,13,tpc_lock,2.0014753341674805,46561,18,1
1771374262.6688733,12_0,12,tpc_lock,4.218820810317993,46561,18,1
1771374274.6110778,13_0,13,das_work,10.04077124595642,48258,19,1
1771374274.691838,12_0,12,das_work,10.133073806762695,48258,19,1
1771374282.4407904,12_0,12,tpc_commit,7.748943567276001,28795,20,1
1771374284.5852232,13_0,13,tpc_commit,9.974133491516112,28795,20,1
1771374286.604428,13_0,13,tpc_commit,2.0191972255706787,28795,20,1
1771374286.6797185,12_0,12,tpc_commit,4.23891806602478,28795,20,1
1771374294.4291642,12_0,12,tpc_lock,6.80304479598999,46549,21,1
1771374296.5462203,13_0,13,tpc_lock,9.151272535324097,46549,21,1
1771374298.6840882,13_0,13,tpc_lock,2.13785719871521,46549,21,1
1771374298.693245,12_0,12,tpc_lock,4.2640700340271,46549,21,1
1771374310.6354332,13_0,13,das_work,2.112217426300049,48258,22,1
1771374310.6740232,12_0,12,das_work,8.30619502067566,48258,22,1
1771374318.4620273,12_0,12,tpc_commit,7.787994384765625,28783,23,1
1771374320.5435634,13_0,13,tpc_commit,9.90812087059021,28783,23,1
1771374322.6108215,12_0,12,tpc_commit,4.148784160614014,28783,23,1
1771374322.6634066,13_0,13,tpc_commit,2.119835615158081,28783,23,1
1771374330.3719826,12_1,12,tpc_lock,6.575183153152466,46561,24,1
1771374332.5642908,13_1,13,tpc_lock,8.830155372619629,46561,24,1
1771374334.6531315,12_1,12,tpc_lock,4.2811362743377686,46561,24,1
1771374334.6581123,13_1,13,tpc_lock,2.093813896179199,46561,24,1
1771374346.610909,13_1,13,das_work,6.564398050308228,48258,25,1
1771374346.6725454,12_1,12,das_work,5.461090803146362,48258,25,1
1771374354.3773415,12_1,12,tpc_commit,7.704785585403442,28795,26,1
1771374356.6109755,13_1,13,tpc_commit,10.00005555152893,28795,26,1
1771374358.6247602,13_1,13,tpc_commit,2.0137734413146973,28795,26,1
1771374358.6832712,12_1,12,tpc_commit,4.305919647216797,28795,26,1
1771374366.4299452,12_1,12,tpc_lock,6.475271940231323,46561,27,1
1771374368.5741131,13_1,13,tpc_lock,9.171505212783812,46561,27,1
1771374370.5962632,12_1,12,tpc_lock,4.166308641433716,46561,27,1
1771374370.6061404,13_1,13,tpc_lock,2.03201675415039,46561,27,1
1771374382.6257043,13_1,13,das_work,8.400988817214966,48258,28,1
1771374382.6490617,12_1,12,das_work,2.8162851333618164,48258,28,1
1771374390.3778903,12_1,12,tpc_commit,7.728818655014038,28795,29,1
1771374392.586194,13_1,13,tpc_commit,9.96047830581665,28795,29,1
1771374394.5943906,12_1,12,tpc_commit,4.21648907661438,28795,29,1
1771374394.6774082,13_1,13,tpc_commit,2.091204166412353,28795,29,1
1771374402.4243588,12_1,12,tpc_lock,7.042320013046265,46561,30,1
1771374404.5652084,13_1,13,tpc_lock,9.386029958724976,46549,30,1
1771374406.610022,13_1,13,tpc_lock,2.04480242729187,46549,30,1
1771374406.6166797,12_1,12,tpc_lock,4.1923112869262695,46561,30,1
1771374418.6466434,12_1,12,das_work,6.463608741760254,48258,31,1
1771374418.675919,13_1,13,das_work,4.19473123550415,48258,31,1
1771374426.3708386,12_1,12,tpc_commit,7.724186897277832,28795,32,1
1771374428.5465145,13_1,13,tpc_commit,9.870583772659302,28783,32,1
1771374430.591509,12_1,12,tpc_commit,4.220657110214233,28795,32,1
1771374430.5922751,13_1,13,tpc_commit,2.045748233795166,28783,32,1
1771374438.3732142,12_1,12,tpc_lock,6.997730731964111,46561,33,1
1771374440.5565667,13_1,13,tpc_lock,8.136385202407837,46537,33,1
1771374442.6021664,12_1,12,tpc_lock,4.228942394256592,46561,33,1
1771374442.6483357,13_1,13,tpc_lock,2.091758966445923,46537,33,1
1771374454.6142116,12_1,12,das_work,5.6722471714019775,48258,34,1
1771374454.6409562,13_1,13,das_work,6.055114507675171,48258,34,1
1771374462.37085,12_1,12,tpc_commit,7.756628751754761,28795,35,1
1771374464.5262544,13_1,13,tpc_commit,9.885289192199709,28771,35,1
1771374466.5877275,13_1,13,tpc_commit,2.061466217041016,28771,35,1
1771374466.6290126,12_1,12,tpc_commit,4.2581541538238525,28795,35,1
1771374474.4329166,12_1,12,tpc_lock,7.281334161758423,46561,36,1
1771374476.5274456,13_1,13,tpc_lock,9.06046175956726,46561,36,1
1771374478.5919788,13_1,13,tpc_lock,2.064525842666626,46561,36,1
1771374478.5927398,12_1,12,tpc_lock,4.159811973571777,46561,36,1
1771374490.64269,13_1,13,das_work,5.262511968612671,48258,37,1
1771374490.6627054,12_1,12,das_work,8.680703401565552,48258,37,1
1771374498.3934567,12_1,12,tpc_commit,7.730741500854492,28795,38,1
1771374500.5400786,13_1,13,tpc_commit,9.897381067276,28795,38,1
1771374502.6304264,12_1,12,tpc_commit,4.236958265304565,28795,38,1
1771374502.6591086,13_1,13,tpc_commit,2.1190195083618164,28795,38,1
1771374510.384689,12_2,12,tpc_lock,6.667047739028931,46561,39,1
1771374512.5844648,13_2,13,tpc_lock,8.625239133834839,46561,39,1
1771374514.5804777,12_2,12,tpc_lock,4.195780754089356,46561,39,1
1771374514.632799,13_2,13,tpc_lock,2.048322916030884,46561,39,1
1771374526.5854,12_2,12,das_work,4.510540962219238,48258,40,1
1771374526.5962653,13_2,13,das_work,9.081547260284424,48258,40,1
1771374534.410463,12_2,12,tpc_commit,7.825055837631226,28795,41,1
1771374536.583841,13_2,13,tpc_commit,9.987567663192747,28795,41,1
1771374538.6092544,12_2,12,tpc_commit,4.198780536651611,28795,41,1
1771374538.6141546,13_2,13,tpc_commit,2.030301570892334,28795,41,1
1771374546.430658,12_2,12,tpc_lock,7.098154544830322,46549,42,1
1771374548.58496,13_2,13,tpc_lock,8.510406970977783,46561,42,1
1771374550.621256,12_2,12,tpc_lock,4.190590143203735,46549,42,1
1771374550.6436152,13_2,13,tpc_lock,2.0586440563201904,46561,42,1
1771374562.604667,12_2,12,das_work,9.134366512298584,48258,43,1
1771374562.6610367,13_2,13,das_work,10.456297159194946,48258,43,1
1771374570.402434,12_2,12,tpc_commit,7.797756433486938,28783,44,1
1771374572.5298822,13_2,13,tpc_commit,9.868836879730225,28795,44,1
1771374574.5841522,12_2,12,tpc_commit,4.181705951690674,28783,44,1
1771374574.5975442,13_2,13,tpc_commit,2.06765079498291,28795,44,1
1771374582.3514094,12_2,12,tpc_lock,6.914865493774414,46561,45,1
1771374584.59732,13_2,13,tpc_lock,8.555268287658691,46561,45,1
1771374586.6490805,12_2,12,tpc_lock,4.297662973403931,46561,45,1
1771374586.6530075,13_2,13,tpc_lock,2.055678606033325,46561,45,1
1771374598.587678,12_2,12,das_work,10.12574863433838,48258,46,1
1771374598.616749,13_2,13,das_work,7.249820470809936,48258,46,1
1771374606.3884246,12_2,12,tpc_commit,7.800734281539917,28795,47,1
1771374608.527464,13_2,13,tpc_commit,9.910706996917725,28795,47,1
1771374610.602412,12_2,12,tpc_commit,4.213977575302124,28795,47,1
1771374610.6157513,13_2,13,tpc_commit,2.088277816772461,28795,47,1
1771374618.379754,12_2,12,tpc_lock,6.6830785274505615,46561,48,1
1771374620.5759156,13_2,13,tpc_lock,8.621720314025879,46561,48,1
1771374622.6024914,12_2,12,tpc_lock,4.222725629806519,46561,48,1
1771374622.6086032,13_2,13,tpc_lock,2.0326778888702397,46561,48,1
1771374634.583443,12_2,12,das_work,7.996325254440308,48258,49,1
1771374634.5976262,13_2,13,das_work,5.565230131149292,48258,49,1
1771374642.4111395,12_2,12,tpc_commit,7.827682971954346,28795,50,1
1771374644.591421,13_2,13,tpc_commit,9.99378776550293,28795,50,1
1771374646.6259005,13_2,13,tpc_commit,2.0344719886779785,28795,50,1
1771374646.6425245,12_2,12,tpc_commit,4.231374263763428,28795,50,1
1771374654.3474462,12_2,12,tpc_lock,7.195298194885254,46561,51,1
1771374656.512149,13_2,13,tpc_lock,7.925245046615601,46561,51,1
1771374658.58352,13_2,13,tpc_lock,2.071362018585205,46561,51,1
1771374658.600418,12_2,12,tpc_lock,4.25296425819397,46561,51,1
1771374670.6272578,13_2,13,das_work,5.940269708633423,48258,52,1
1771374670.6501389,12_2,12,das_work,9.375094652175903,48258,52,1
1771374678.39528,12_2,12,tpc_commit,7.745129585266113,28795,53,1
1771374680.538009,13_2,13,tpc_commit,9.910739660263062,28795,53,1
1771374682.5882022,12_2,12,tpc_commit,4.192909717559815,28795,53,1
1771374682.618455,13_2,13,tpc_commit,2.080438137054444,28795,53,1
1771374690.378891,12_3,12,tpc_lock,5.793113946914673,46561,54,1
1771374692.5353184,13_3,13,tpc_lock,8.974132061004639,46561,54,1
1771374694.588584,12_3,12,tpc_lock,4.209684610366821,46561,54,1
1771374694.591545,13_3,13,tpc_lock,2.056213617324829,46561,54,1
1771374706.5900643,12_3,12,das_work,2.0779292583465576,48258,55,1
1771374706.642547,13_3,13,das_work,4.632432460784912,48258,55,1
1771374714.379987,12_3,12,tpc_commit,7.789915323257446,28795,56,1
1771374716.5629964,13_3,13,tpc_commit,9.920438051223757,28795,56,1
1771374718.599234,13_3,13,tpc_commit,2.0362257957458496,28795,56,1
1771374718.61229,12_3,12,tpc_commit,4.23229455947876,28795,56,1
1771374726.3461654,12_3,12,tpc_lock,6.674380779266357,46561,57,1
1771374728.577479,13_3,13,tpc_lock,9.12636947631836,46561,57,1
1771374730.5791774,12_3,12,tpc_lock,4.233002185821533,46561,57,1
1771374730.6096077,13_3,13,tpc_lock,2.0321192741394043,46561,57,1
1771374742.5982533,12_3,12,das_work,7.193126916885376,48258,58,1
1771374742.6285443,13_3,13,das_work,10.63845992088318,48258,58,1
1771374750.3919053,12_3,12,tpc_commit,7.793642044067383,28795,59,1
1771374752.5792277,13_3,13,tpc_commit,9.950674057006836,28795,59,1
1771374754.603425,12_3,12,tpc_commit,4.211512565612793,28795,59,1
1771374754.629988,13_3,13,tpc_commit,2.050750255584717,28795,59,1
1771374762.3534691,12_3,12,tpc_lock,6.737338066101074,46561,60,1
1771374764.5065129,13_3,13,tpc_lock,9.196935415267944,46561,60,1
1771374766.5629635,13_3,13,tpc_lock,2.0564441680908203,46561,60,1
1771374766.5931304,12_3,12,tpc_lock,4.239654302597046,46561,60,1
1771374778.5798144,13_3,13,das_work,8.823039770126343,48258,61,1
1771374778.6472003,12_3,12,das_work,6.267967224121094,48258,61,1
1771374786.4170327,12_3,12,tpc_commit,7.769821405410767,28795,62,1
1771374788.5380623,13_3,13,tpc_commit,9.958239078521729,28795,62,1
1771374790.612821,13_3,13,tpc_commit,2.07474946975708,28795,62,1
1771374790.629022,12_3,12,tpc_commit,4.211979866027832,28795,62,1
1771374798.365317,12_3,12,tpc_lock,6.052541971206665,46549,63,1
1771374800.5056562,13_3,13,tpc_lock,8.230353832244873,46561,63,1
1771374802.5706918,12_3,12,tpc_lock,4.205344915390015,46549,63,1
1771374802.5826156,13_3,13,tpc_lock,2.076948642730713,46561,63,1
1771374814.589461,12_3,12,das_work,5.32014012336731,48258,64,1
1771374814.6359124,13_3,13,das_work,9.884453296661375,48258,64,1
1771374822.33843,12_3,12,tpc_commit,7.7489612102508545,28783,65,1
1771374824.5600684,13_3,13,tpc_commit,9.924145936965942,28795,65,1
1771374826.5617905,13_3,13,tpc_commit,2.0016887187957764,28795,65,1
1771374826.579816,12_3,12,tpc_commit,4.241378307342529,28783,65,1
1771374834.3554487,12_3,12,tpc_lock,6.602354288101196,46561,66,1
1771374836.508459,13_3,13,tpc_lock,9.353973150253296,46561,66,1
1771374838.5602565,13_3,13,tpc_lock,2.0517873764038086,46561,66,1
1771374838.5614777,12_3,12,tpc_lock,4.206020355224609,46561,66,1
1771374850.5704556,13_3,13,das_work,2.459755182266236,48258,67,1
1771374850.584723,12_3,12,das_work,5.956475019454956,48258,67,1
1771374858.3452616,12_3,12,tpc_commit,7.760526895523071,28795,68,1
1771374860.5622318,13_3,13,tpc_commit,9.991768836975098,28795,68,1
1771374862.5665178,12_3,12,tpc_commit,4.2212464809417725,28795,68,1
1771374862.6442862,13_3,13,tpc_commit,2.0820469856262207,28795,68,1
1771374870.400949,12_4,12,tpc_lock,6.566468954086304,46561,69,1
1771374872.5252924,13_4,13,tpc_lock,9.242393732070925,46561,69,1
1771374874.580024,13_4,13,tpc_lock,2.054720640182495,46561,69,1
1771374874.601164,12_4,12,tpc_lock,4.200202941894531,46561,69,1
1771374886.5778515,13_4,13,das_work,2.4506072998046875,48258,70,1
1771374886.634921,12_4,12,das_work,3.3639862537384038,48258,70,1
1771374894.36935,12_4,12,tpc_commit,7.734419107437134,28795,71,1
1771374896.510665,13_4,13,tpc_commit,9.932803392410278,28795,71,1
1771374898.561195,12_4,12,tpc_commit,4.191837310791016,28795,71,1
1771374898.5884223,13_4,13,tpc_commit,2.077749967575073,28795,71,1
1771374906.4060743,12_4,12,tpc_lock,6.566654682159424,46561,72,1
1771374908.517182,13_4,13,tpc_lock,7.9855451583862305,46561,72,1
1771374910.5677748,12_4,12,tpc_lock,4.161688566207886,46561,72,1
1771374910.6107943,13_4,13,tpc_lock,2.093599796295166,46561,72,1
1771374922.605527,13_4,13,das_work,10.123830556869509,48258,73,1
1771374922.6298676,12_4,12,das_work,7.056257963180542,48258,73,1
1771374930.3652763,12_4,12,tpc_commit,7.735398054122925,28795,74,1
1771374932.5075476,13_4,13,tpc_commit,9.902010917663574,28795,74,1
1771374934.5556457,12_4,12,tpc_commit,4.190360069274902,28795,74,1
1771374934.5842483,13_4,13,tpc_commit,2.0766892433166504,28795,74,1
1771374942.357722,12_4,12,tpc_lock,6.2577805519104,46561,75,1
1771374944.4933765,13_4,13,tpc_lock,9.141844511032104,46561,75,1
1771374946.593537,13_4,13,tpc_lock,2.1001498699188232,46561,75,1
1771374946.6034882,12_4,12,tpc_lock,4.245755195617676,46561,75,1
1771374958.5697556,12_4,12,das_work,8.079031705856323,48258,76,1
1771374958.6286006,13_4,13,das_work,5.215110063552856,48258,76,1
1771374966.3856547,12_4,12,tpc_commit,7.815889835357666,28795,77,1
1771374968.5612533,13_4,13,tpc_commit,9.93264102935791,28795,77,1
1771374970.5807445,12_4,12,tpc_commit,4.195079565048218,28795,77,1
1771374970.6013622,13_4,13,tpc_commit,2.0400984287261963,28795,77,1
1771374978.3216388,12_4,12,tpc_lock,5.772709608078003,46561,78,1
1771374980.498172,13_4,13,tpc_lock,8.511970281600952,46561,78,1
1771374982.5457337,12_4,12,tpc_lock,4.2240824699401855,46561,78,1
1771374982.585528,13_4,13,tpc_lock,2.087345838546753,46561,78,1
1771374994.5499902,12_4,12,das_work,6.248408555984497,48258,79,1
1771374994.5783792,13_4,13,das_work,8.252782106399536,48258,79,1
1771375002.3631227,12_4,12,tpc_commit,7.813124895095825,28795,80,1
1771375004.5654352,13_4,13,tpc_commit,9.987046957015991,28795,80,1
1771375006.55349,13_4,13,tpc_commit,1.988043069839477,28795,80,1
1771375006.579419,12_4,12,tpc_commit,4.216282606124878,28795,80,1
1771375014.360377,12_4,12,tpc_lock,6.500264406204224,46561,81,1
1771375016.5581594,13_4,13,tpc_lock,9.447571754455566,46549,81,1
1771375018.561543,12_4,12,tpc_lock,4.20115852355957,46561,81,1
1771375018.571799,13_4,13,tpc_lock,2.013629198074341,46549,81,1
1771375030.5548124,12_4,12,das_work,2.1602425575256348,48258,82,1
1771375030.6324604,13_4,13,das_work,2.468872547149658,48258,82,1
1771375038.3972423,12_4,12,tpc_commit,7.842417240142822,28795,83,1
1771375040.56907,13_4,13,tpc_commit,9.936600685119627,28783,83,1
1771375042.5549157,13_4,13,tpc_commit,1.985836744308472,28783,83,1
1771375042.6134489,12_4,12,tpc_commit,4.216196060180664,28795,83,1
1771374140.59961,15_0,15,tpc_lock,0.5662448406219482,46561,8,1
1771374142.5865855,15_0,15,tpc_lock,1.986966848373413,46561,8,1
1771374150.4042823,14_0,14,tpc_lock,3.1055188179016118,46561,9,1
1771374154.6198606,15_0,15,das_work,3.7450554370880127,48258,9,1
1771374154.6446702,14_0,14,tpc_lock,4.240381956100464,46561,9,1
1771374164.5930326,15_0,15,tpc_commit,9.973159790039062,28795,10,1
1771374166.5727303,14_0,14,das_work,3.518342971801758,48258,10,1
1771374166.606478,15_0,15,tpc_commit,2.013432741165161,28795,10,1
1771374174.4255288,14_0,14,tpc_commit,7.852787971496582,28795,11,1
1771374176.6195972,15_0,15,tpc_lock,9.148402690887451,46561,11,1
1771374178.5889628,14_0,14,tpc_commit,4.163422346115112,28795,11,1
1771374178.620612,15_0,15,tpc_lock,2.001004934310913,46561,11,1
1771374186.3761437,14_0,14,tpc_lock,6.677049875259399,46561,12,1
1771374190.5982618,15_0,15,das_work,10.25417685508728,48258,12,1
1771374190.610146,14_0,14,tpc_lock,4.233989715576172,46561,12,1
1771374200.6012423,15_0,15,tpc_commit,10.002972602844238,28795,13,1
1771374202.5947497,15_0,15,tpc_commit,1.993496656417847,28795,13,1
1771374202.624642,14_0,14,das_work,4.439975023269653,48258,13,1
1771374210.3904886,14_0,14,tpc_commit,7.7658374309539795,28795,14,1
1771374212.611049,15_0,15,tpc_lock,9.439074754714966,46561,14,1
1771374214.601148,15_0,15,tpc_lock,1.9900877475738523,46561,14,1
1771374214.6418133,14_0,14,tpc_commit,4.251317262649536,28795,14,1
1771374222.440633,14_0,14,tpc_lock,6.581050872802734,46561,15,1
1771374226.6589658,15_0,15,das_work,5.423659324645996,48258,15,1
1771374226.685038,14_0,14,tpc_lock,4.244375944137573,46561,15,1
1771374236.5873826,15_0,15,tpc_commit,9.928403615951538,28795,16,1
1771374238.6906135,15_0,15,tpc_commit,2.1032235622406006,28795,16,1
1771374238.7151213,14_0,14,das_work,8.033684968948364,48258,16,1
1771374246.404413,14_0,14,tpc_commit,7.689280986785889,28795,17,1
1771374248.594576,15_0,15,tpc_lock,9.360610961914062,46561,17,1
1771374250.6425786,14_0,14,tpc_commit,4.238154172897339,28795,17,1
1771374250.6610572,15_0,15,tpc_lock,2.066467761993408,46561,17,1
1771374258.45639,14_0,14,tpc_lock,6.409805536270142,46561,18,1
1771374262.612414,15_0,15,das_work,9.390833616256714,48258,18,1
1771374262.67045,14_0,14,tpc_lock,4.214050054550171,46561,18,1
1771374272.616971,15_0,15,tpc_commit,10.004545211791992,28795,19,1
1771374274.6162694,14_0,14,das_work,3.797611713409424,48258,19,1
1771374274.711157,15_0,15,tpc_commit,2.0941741466522217,28795,19,1
1771374282.3776343,14_0,14,tpc_commit,7.761356353759766,28795,20,1
1771374284.612924,15_0,15,tpc_lock,8.436984300613403,46561,20,1
1771374286.6577828,14_0,14,tpc_commit,4.280142068862915,28795,20,1
1771374286.6821425,15_0,15,tpc_lock,2.069209098815918,46561,20,1
1771374294.383812,14_0,14,tpc_lock,5.976141691207886,46561,21,1
1771374298.631548,15_0,15,das_work,10.890741348266602,48258,21,1
1771374298.664623,14_0,14,tpc_lock,4.28080153465271,46561,21,1
1771374308.586856,15_0,15,tpc_commit,9.955296516418455,28795,22,1
1771374310.6275966,14_0,14,das_work,7.671188116073608,48258,22,1
1771374310.6331706,15_0,15,tpc_commit,2.046304941177368,28795,22,1
1771374318.4518692,14_0,14,tpc_commit,7.824261426925659,28795,23,1
1771374320.538844,15_1,15,tpc_lock,9.14353370666504,46549,23,1
1771374322.632259,15_1,15,tpc_lock,2.093407154083252,46549,23,1
1771374322.636621,14_0,14,tpc_commit,4.18472146987915,28795,23,1
1771374330.37818,14_1,14,tpc_lock,6.884706020355225,46561,24,1
1771374334.636923,14_1,14,tpc_lock,4.258733034133911,46561,24,1
1771374334.693225,15_1,15,das_work,7.320396900177002,48258,24,1
1771374344.567773,15_1,15,tpc_commit,9.874541282653809,28783,25,1
1771374346.601445,15_1,15,tpc_commit,2.0336623191833496,28783,25,1
1771374346.6440902,14_1,14,das_work,8.134170293807983,48258,25,1
1771374354.381106,14_1,14,tpc_commit,7.737007856369018,28795,26,1
1771374356.5579276,15_1,15,tpc_lock,9.189141035079956,46561,26,1
1771374358.6745272,14_1,14,tpc_commit,4.293413162231445,28795,26,1
1771374358.699082,15_1,15,tpc_lock,2.1411449909210205,46561,26,1
1771374366.406949,14_1,14,tpc_lock,5.88816499710083,46561,27,1
1771374370.601314,14_1,14,tpc_lock,4.194357395172119,46561,27,1
1771374370.6544216,15_1,15,das_work,6.50471568107605,48258,27,1
1771374380.5812414,15_1,15,tpc_commit,9.926809310913086,28795,28,1
1771374382.6080222,15_1,15,tpc_commit,2.026773452758789,28795,28,1
1771374382.624508,14_1,14,das_work,6.929081201553345,48258,28,1
1771374390.4399288,14_1,14,tpc_commit,7.815411567687988,28795,29,1
1771374392.5516157,15_1,15,tpc_lock,8.218292951583862,46561,29,1
1771374394.617576,15_1,15,tpc_lock,2.0659518241882324,46561,29,1
1771374394.6936767,14_1,14,tpc_commit,4.253737211227417,28795,29,1
1771374402.443368,14_1,14,tpc_lock,6.387755632400513,46561,30,1
1771374406.621725,14_1,14,tpc_lock,4.178346872329712,46561,30,1
1771374406.6550825,15_1,15,das_work,3.5988306999206543,48258,30,1
1771374416.56856,15_1,15,tpc_commit,9.913467407226562,28795,31,1
1771374418.5968444,15_1,15,tpc_commit,2.028272867202759,28795,31,1
1771374418.6700032,14_1,14,das_work,7.836345911026001,48258,31,1
1771374426.3761563,14_1,14,tpc_commit,7.706110715866089,28795,32,1
1771374428.6088998,15_1,15,tpc_lock,8.541309356689453,46549,32,1
1771374430.6151135,14_1,14,tpc_commit,4.238946914672852,28795,32,1
1771374430.6646135,15_1,15,tpc_lock,2.055703639984131,46549,32,1
1771374438.4344325,14_1,14,tpc_lock,6.062483310699463,46561,33,1
1771374442.611025,15_1,15,das_work,2.4859538078308105,48258,33,1
1771374442.670447,14_1,14,tpc_lock,4.236004590988159,46561,33,1
1771374452.5331204,15_1,15,tpc_commit,9.92208456993103,28783,34,1
1771374454.657751,14_1,14,das_work,6.234668016433716,48258,34,1
1771374454.6740935,15_1,15,tpc_commit,2.140963315963745,28783,34,1
1771374462.402085,14_1,14,tpc_commit,7.744321823120117,28795,35,1
1771374464.5514514,15_1,15,tpc_lock,7.947884321212768,46561,35,1
1771374466.5952177,14_1,14,tpc_commit,4.1931235790252686,28795,35,1
1771374466.604988,15_1,15,tpc_lock,2.053529739379883,46561,35,1
1771374474.366939,14_1,14,tpc_lock,6.77375078201294,46561,36,1
1771374478.5924206,15_1,15,das_work,10.145506143569946,48258,36,1
1771374478.595554,14_1,14,tpc_lock,4.22858190536499,46561,36,1
1771374488.6036518,15_1,15,tpc_commit,10.01121997833252,28795,37,1
1771374490.599169,14_1,14,das_work,6.684880971908569,48258,37,1
1771374490.6703355,15_1,15,tpc_commit,2.0666773319244385,28795,37,1
1771374498.4325037,14_1,14,tpc_commit,7.833326816558838,28795,38,1
1771374500.5838969,15_2,15,tpc_lock,9.243791103363035,46537,38,1
1771374502.6060011,15_2,15,tpc_lock,2.022097110748291,46537,38,1
1771374502.663144,14_1,14,tpc_commit,4.23063325881958,28795,38,1
1771374510.3757904,14_2,14,tpc_lock,6.983455419540405,46561,39,1
1771374514.585658,14_2,14,tpc_lock,4.209858417510986,46561,39,1
1771374514.6027875,15_2,15,das_work,9.874992609024048,48258,39,1
1771374524.5206451,15_2,15,tpc_commit,9.917848825454712,28771,40,1
1771374526.5847738,15_2,15,tpc_commit,2.064121723175049,28771,40,1
1771374526.595414,14_2,14,das_work,6.829195022583008,48258,40,1
1771374534.355857,14_2,14,tpc_commit,7.76043176651001,28795,41,1
1771374536.597252,15_2,15,tpc_lock,9.492948770523071,46561,41,1
1771374538.6258223,15_2,15,tpc_lock,2.028562068939209,46561,41,1
1771374538.6338546,14_2,14,tpc_commit,4.277988433837891,28795,41,1
1771374546.3681505,14_2,14,tpc_lock,7.183953046798706,46549,42,1
1771374550.6100657,14_2,14,tpc_lock,4.241905450820923,46549,42,1
1771374550.6282203,15_2,15,das_work,9.699204206466677,48258,42,1
1771374560.5304625,15_2,15,tpc_commit,9.9022319316864,28795,43,1
1771374562.584637,15_2,15,tpc_commit,2.054162740707397,28795,43,1
1771374562.661855,14_2,14,das_work,7.092454671859741,48258,43,1
1771374570.3982527,14_2,14,tpc_commit,7.7363903522491455,28783,44,1
1771374572.538916,15_2,15,tpc_lock,9.074811220169067,46561,44,1
1771374574.58703,15_2,15,tpc_lock,2.048102617263794,46561,44,1
1771374574.6269207,14_2,14,tpc_commit,4.228658676147461,28783,44,1
1771374582.3516948,14_2,14,tpc_lock,6.060821771621704,46549,45,1
1771374586.5996103,15_2,15,das_work,9.235275983810425,48258,45,1
1771374586.644205,14_2,14,tpc_lock,4.292502164840698,46549,45,1
1771374596.5983348,15_2,15,tpc_commit,9.998716592788696,28795,46,1
1771374598.6598997,15_2,15,tpc_commit,2.0615556240081787,28795,46,1
1771374598.6625023,14_2,14,das_work,10.566939353942873,48258,46,1
1771374606.3534107,14_2,14,tpc_commit,7.690898895263672,28783,47,1
1771374608.531639,15_2,15,tpc_lock,8.509292364120483,46561,47,1
1771374610.578711,14_2,14,tpc_commit,4.225288152694702,28783,47,1
1771374610.6266527,15_2,15,tpc_lock,2.095005989074707,46561,47,1
1771374618.347905,14_2,14,tpc_lock,6.476107120513916,46561,48,1
1771374622.5822113,15_2,15,das_work,6.481913805007935,48258,48,1
1771374622.603303,14_2,14,tpc_lock,4.255390405654907,46561,48,1
1771374632.5178983,15_2,15,tpc_commit,9.93567681312561,28795,49,1
1771374634.611864,14_2,14,das_work,2.744358539581299,48258,49,1
1771374634.6496,15_2,15,tpc_commit,2.131692409515381,28795,49,1
1771374642.41128,14_2,14,tpc_commit,7.799402475357056,28795,50,1
1771374644.5510433,15_2,15,tpc_lock,8.726532697677612,46561,50,1
1771374646.575709,15_2,15,tpc_lock,2.024656295776367,46561,50,1
1771374646.601338,14_2,14,tpc_commit,4.190048456192017,28795,50,1
1771374654.347841,14_2,14,tpc_lock,6.219522476196289,46561,51,1
1771374658.594291,14_2,14,tpc_lock,4.246438026428223,46561,51,1
1771374658.618946,15_2,15,das_work,9.773772954940796,48258,51,1
1771374668.5173965,15_2,15,tpc_commit,9.89844250679016,28795,52,1
1771374670.609259,14_2,14,das_work,6.75811243057251,48258,52,1
1771374670.641332,15_2,15,tpc_commit,2.123924493789673,28795,52,1
1771374678.4091215,14_2,14,tpc_commit,7.799850225448608,28795,53,1
1771374680.514907,15_3,15,tpc_lock,8.224567890167236,46561,53,1
1771374682.586851,15_3,15,tpc_lock,2.0719363689422607,46561,53,1
1771374682.6294944,14_2,14,tpc_commit,4.220363140106201,28795,53,1
1771374690.3545213,14_3,14,tpc_lock,7.0829901695251465,46549,54,1
1771374694.5713165,15_3,15,das_work,4.5225889682769775,48258,54,1
1771374694.5730212,14_3,14,tpc_lock,4.218490362167358,46549,54,1
1771374704.5203052,15_3,15,tpc_commit,9.948981046676636,28795,55,1
1771374706.5752072,15_3,15,tpc_commit,2.054892063140869,28795,55,1
1771374706.616654,14_3,14,das_work,10.129625082015991,48258,55,1
1771374714.396651,14_3,14,tpc_commit,7.779986619949341,28783,56,1
1771374716.502835,15_3,15,tpc_lock,8.738483905792236,46561,56,1
1771374718.5679922,14_3,14,tpc_commit,4.171328544616699,28783,56,1
1771374718.5837746,15_3,15,tpc_lock,2.080932855606079,46561,56,1
1771374726.385316,14_3,14,tpc_lock,7.109049558639526,46561,57,1
1771374730.5676408,15_3,15,das_work,6.690428733825684,48258,57,1
1771374730.5811863,14_3,14,tpc_lock,4.195862293243408,46561,57,1
1771374740.5004728,15_3,15,tpc_commit,9.93282413482666,28795,58,1
1771374742.5903375,14_3,14,das_work,7.774423360824585,48258,58,1
1771374742.6305828,15_3,15,tpc_commit,2.130102157592773,28795,58,1
1771374750.3934326,14_3,14,tpc_commit,7.8030846118927,28795,59,1
1771374752.5765667,15_3,15,tpc_lock,8.104309797286987,46561,59,1
1771374754.5742717,14_3,14,tpc_commit,4.180830717086792,28795,59,1
1771374754.6162395,15_3,15,tpc_lock,2.039664030075073,46561,59,1
1771374762.3895588,14_3,14,tpc_lock,7.219692707061768,46561,60,1
1771374766.5726764,15_3,15,das_work,7.931895017623901,48258,60,1
1771374766.6036325,14_3,14,tpc_lock,4.214062929153442,46561,60,1
1771374776.50481,15_3,15,tpc_commit,9.93212366104126,28795,61,1
1771374778.608435,15_3,15,tpc_commit,2.103616714477539,28795,61,1
1771374778.6202855,14_3,14,das_work,8.6730375289917,48258,61,1
1771374786.4165156,14_3,14,tpc_commit,7.796220064163208,28795,62,1
1771374788.5083954,15_3,15,tpc_lock,8.238205671310425,46561,62,1
1771374790.579074,14_3,14,tpc_commit,4.162546634674072,28795,62,1
1771374790.587772,15_3,15,tpc_lock,2.0793673992156982,46561,62,1
1771374798.3540404,14_3,14,tpc_lock,6.765870809555054,46561,63,1
1771374802.5625591,14_3,14,tpc_lock,4.208510160446167,46561,63,1
1771374802.56647,15_3,15,das_work,5.548370838165283,48258,63,1
1771374812.5727975,15_3,15,tpc_commit,10.006317377090454,28795,64,1
1771374814.5730555,15_3,15,tpc_commit,2.0002472400665283,28795,64,1
1771374814.6403348,14_3,14,das_work,4.073503255844116,48258,64,1
1771374822.3460238,14_3,14,tpc_commit,7.705680847167969,28795,65,1
1771374824.5752356,15_3,15,tpc_lock,9.357927560806274,46561,65,1
1771374826.5694356,15_3,15,tpc_lock,1.994191646575928,46561,65,1
1771374826.5705216,14_3,14,tpc_commit,4.224488735198975,28795,65,1
1771374834.3282986,14_3,14,tpc_lock,6.687348365783691,46561,66,1
1771374838.5729694,14_3,14,tpc_lock,4.24466347694397,46561,66,1
1771374838.606769,15_3,15,das_work,5.078770875930786,48258,66,1
1771374848.5051773,15_3,15,tpc_commit,9.898399114608765,28795,67,1
1771374850.5669873,15_3,15,tpc_commit,2.061802387237549,28795,67,1
1771374850.6108575,14_3,14,das_work,9.585232257843018,48258,67,1
1771374858.355807,14_3,14,tpc_commit,7.744937896728516,28795,68,1
1771374860.4964955,15_4,15,tpc_lock,8.435515642166138,46561,68,1
1771374862.5583632,14_3,14,tpc_commit,4.2025465965271,28795,68,1
1771374862.5700774,15_4,15,tpc_lock,2.073575019836426,46561,68,1
1771374870.3491888,14_4,14,tpc_lock,6.59159255027771,46561,69,1
1771374874.567171,14_4,14,tpc_lock,4.217972993850708,46561,69,1
1771374874.607886,15_4,15,das_work,4.485699892044067,48258,69,1
1771374884.498628,15_4,15,tpc_commit,9.890658617019652,28795,70,1
1771374886.5969348,14_4,14,das_work,5.225510120391846,48258,70,1
1771374886.6330593,15_4,15,tpc_commit,2.13442325592041,28795,70,1
1771374894.3848417,14_4,14,tpc_commit,7.787896156311035,28795,71,1
1771374896.502265,15_4,15,tpc_lock,8.330827713012695,46561,71,1
1771374898.5616474,15_4,15,tpc_lock,2.059372901916504,46561,71,1
1771374898.5749204,14_4,14,tpc_commit,4.190068960189819,28795,71,1
1771374906.326506,14_4,14,tpc_lock,7.08548378944397,46561,72,1
1771374910.6124952,15_4,15,das_work,5.134215116500855,48258,72,1
1771374910.629405,14_4,14,tpc_lock,4.302889108657837,46561,72,1
1771374920.5127227,15_4,15,tpc_commit,9.900218486785889,28795,73,1
1771374922.5656204,14_4,14,das_work,2.4612410068511963,48258,73,1
1771374922.6164467,15_4,15,tpc_commit,2.1037168502807617,28795,73,1
1771374930.367267,14_4,14,tpc_commit,7.801638841629028,28795,74,1
1771374932.500702,15_4,15,tpc_lock,8.313222408294678,46561,74,1
1771374934.5549126,14_4,14,tpc_commit,4.187636375427246,28795,74,1
1771374934.5758862,15_4,15,tpc_lock,2.0751748085021973,46561,74,1
1771374942.3580904,14_4,14,tpc_lock,6.252150058746338,46561,75,1
1771374946.5947526,14_4,14,tpc_lock,4.236652612686157,46561,75,1
1771374946.6078076,15_4,15,das_work,9.641248226165771,48258,75,1
1771374956.5092416,15_4,15,tpc_commit,9.901406288146973,28795,76,1
1771374958.585969,14_4,14,das_work,8.396093130111694,48258,76,1
1771374958.5940597,15_4,15,tpc_commit,2.084808349609375,28795,76,1
1771374966.3454726,14_4,14,tpc_commit,7.759492874145508,28795,77,1
1771374968.549157,15_4,15,tpc_lock,9.438339471817017,46561,77,1
1771374970.545249,14_4,14,tpc_commit,4.199764966964722,28795,77,1
1771374970.5956914,15_4,15,tpc_lock,2.0465259552001958,46561,77,1
1771374978.3441036,14_4,14,tpc_lock,5.966064453125,46561,78,1
1771374982.5497808,14_4,14,tpc_lock,4.205665349960327,46561,78,1
1771374982.551572,15_4,15,das_work,8.68878698348999,48258,78,1
1771374992.4980414,15_4,15,tpc_commit,9.946460962295532,28795,79,1
1771374994.5507114,14_4,14,das_work,8.466794490814209,48258,79,1
1771374994.6337993,15_4,15,tpc_commit,2.135749340057373,28795,79,1
1771375002.3387597,14_4,14,tpc_commit,7.788039922714233,28795,80,1
1771375004.5356648,15_4,15,tpc_lock,8.731509923934937,46549,80,1
1771375006.5767972,14_4,14,tpc_commit,4.238027334213257,28795,80,1
1771375006.5959885,15_4,15,tpc_lock,2.060312509536743,46549,80,1
1771375014.3878295,14_4,14,tpc_lock,7.0139782428741455,46561,81,1
1771375018.5986288,14_4,14,tpc_lock,4.210787057876587,46561,81,1
1771375018.647235,15_4,15,das_work,3.9183871746063232,48258,81,1
1771375028.5614865,15_4,15,tpc_commit,9.914242506027222,28783,82,1
1771375030.5765595,14_4,14,das_work,3.286883592605591,48258,82,1
1771375030.5852697,15_4,15,tpc_commit,2.0237724781036377,28783,82,1
1771375038.4030888,14_4,14,tpc_commit,7.82651948928833,28795,83,1
1771375042.61594,14_4,14,tpc_commit,4.212838888168335,28795,83,1
1771374150.4511204,16_0,16,tpc_lock,1.3721425533294678,46561,9,1
1771374152.536647,17_0,17,tpc_lock,9.799112558364868,46561,9,1
1771374154.5977724,16_0,16,tpc_lock,4.146643400192261,46561,9,1
1771374154.6219068,17_0,17,tpc_lock,2.0852527618408203,46561,9,1
1771374166.5722592,16_0,16,das_work,4.446180820465088,48258,10,1
1771374166.6078386,17_0,17,das_work,6.180973529815674,48258,10,1
1771374174.4298625,16_0,16,tpc_commit,7.857587814331055,28795,11,1
1771374176.571101,17_0,17,tpc_commit,9.9632465839386,28795,11,1
1771374178.6172829,17_0,17,tpc_commit,2.0461740493774414,28795,11,1
1771374178.6200476,16_0,16,tpc_commit,4.190173864364624,28795,11,1
1771374186.4548223,16_0,16,tpc_lock,6.018944263458252,46561,12,1
1771374188.5961154,17_0,17,tpc_lock,8.974971771240234,46561,12,1
1771374190.608572,16_0,16,tpc_lock,4.153738975524902,46561,12,1
1771374190.6237297,17_0,17,tpc_lock,2.0276031494140625,46561,12,1
1771374202.590713,17_0,17,das_work,9.975244045257568,48258,13,1
1771374202.596311,16_0,16,das_work,6.01198410987854,48258,13,1
1771374210.384856,16_0,16,tpc_commit,7.78853440284729,28795,14,1
1771374212.559207,17_0,17,tpc_commit,9.968442678451538,28795,14,1
1771374214.6015043,17_0,17,tpc_commit,2.0422887802124023,28795,14,1
1771374214.6541636,16_0,16,tpc_commit,4.269295930862427,28795,14,1
1771374222.4188535,16_0,16,tpc_lock,6.381650686264038,46561,15,1
1771374224.619551,17_0,17,tpc_lock,9.03136658668518,46561,15,1
1771374226.6127317,16_0,16,tpc_lock,4.193868637084961,46561,15,1
1771374226.636704,17_0,17,tpc_lock,2.017141580581665,46561,15,1
1771374238.6373012,16_0,16,das_work,3.535856246948242,48258,16,1
1771374238.6667793,17_0,17,das_work,9.48704433441162,48258,16,1
1771374246.4008758,16_0,16,tpc_commit,7.763564825057983,28795,17,1
1771374248.5779586,17_0,17,tpc_commit,9.911169290542604,28795,17,1
1771374250.6373098,16_0,16,tpc_commit,4.236423015594482,28795,17,1
1771374250.640067,17_0,17,tpc_commit,2.062101125717163,28795,17,1
1771374258.427425,16_0,16,tpc_lock,6.795412063598633,46561,18,1
1771374260.6247835,17_0,17,tpc_lock,8.329164505004883,46561,18,1
1771374262.6267474,17_0,17,tpc_lock,2.001953363418579,46561,18,1
1771374262.6563554,16_0,16,tpc_lock,4.228921413421631,46561,18,1
1771374274.6132324,16_0,16,das_work,7.56322717666626,48258,19,1
1771374274.7328005,17_0,17,das_work,3.641048192977905,48258,19,1
1771374282.456052,16_0,16,tpc_commit,7.842784643173218,28795,20,1
1771374284.5847137,17_0,17,tpc_commit,9.851903438568115,28795,20,1
1771374286.6899552,16_0,16,tpc_commit,4.2338926792144775,28795,20,1
1771374286.699797,17_0,17,tpc_commit,2.115075826644897,28795,20,1
1771374294.412325,16_0,16,tpc_lock,6.7994585037231445,46561,21,1
1771374296.610905,17_0,17,tpc_lock,8.645166635513306,46561,21,1
1771374298.6471448,17_0,17,tpc_lock,2.036227226257324,46561,21,1
1771374298.6890764,16_0,16,tpc_lock,4.276742219924927,46561,21,1
1771374310.6032753,17_0,17,das_work,4.382357358932495,48258,22,1
1771374310.661584,16_0,16,das_work,7.380101919174194,48258,22,1
1771374318.459054,16_0,16,tpc_commit,7.797461271286011,28795,23,1
1771374320.604537,17_0,17,tpc_commit,10.001253366470335,28795,23,1
1771374322.6080086,17_0,17,tpc_commit,2.003462314605713,28795,23,1
1771374322.6110716,16_0,16,tpc_commit,4.152007818222046,28795,23,1
1771374330.3682485,16_1,16,tpc_lock,5.763395547866821,46561,24,1
1771374332.5969722,17_1,17,tpc_lock,8.429763317108154,46561,24,1
1771374334.6717875,17_1,17,tpc_lock,2.074805498123169,46561,24,1
1771374334.687708,16_1,16,tpc_lock,4.319453001022339,46561,24,1
1771374346.681852,16_1,16,das_work,3.893529176712036,48258,25,1
1771374346.6837494,17_1,17,das_work,10.532893896102903,48258,25,1
1771374354.3755803,16_1,16,tpc_commit,7.693718671798706,28795,26,1
1771374356.5356114,17_1,17,tpc_commit,9.851852893829346,28795,26,1
1771374358.6772969,17_1,17,tpc_commit,2.1416757106781006,28795,26,1
1771374358.7056673,16_1,16,tpc_commit,4.330079317092896,28795,26,1
1771374366.4551249,16_1,16,tpc_lock,7.209693908691406,46561,27,1
1771374368.5619974,17_1,17,tpc_lock,8.742275476455688,46561,27,1
1771374370.6338906,16_1,16,tpc_lock,4.178756237030029,46561,27,1
1771374370.668913,17_1,17,tpc_lock,2.106903553009033,46561,27,1
1771374382.607667,16_1,16,das_work,8.517428636550903,48258,28,1
1771374382.6702042,17_1,17,das_work,9.234808921813965,48258,28,1
1771374390.4293313,16_1,16,tpc_commit,7.821651697158813,28795,29,1
1771374392.5430253,17_1,17,tpc_commit,9.87281346321106,28795,29,1
1771374394.679964,16_1,16,tpc_commit,4.250622034072876,28795,29,1
1771374394.6867218,17_1,17,tpc_commit,2.143686294555664,28795,29,1
1771374402.420051,16_1,16,tpc_lock,5.986135244369507,46561,30,1
1771374404.5355794,17_1,17,tpc_lock,8.01285457611084,46561,30,1
1771374406.5922172,17_1,17,tpc_lock,2.0566275119781494,46561,30,1
1771374406.6082537,16_1,16,tpc_lock,4.188190937042236,46561,30,1
1771374418.6039343,17_1,17,das_work,5.443196773529053,48258,31,1
1771374418.6525176,16_1,16,das_work,7.480637073516846,48258,31,1
1771374426.4166126,16_1,16,tpc_commit,7.764082908630371,28795,32,1
1771374428.5621512,17_1,17,tpc_commit,9.958206415176392,28795,32,1
1771374430.6113365,16_1,16,tpc_commit,4.194714546203613,28795,32,1
1771374430.6340678,17_1,17,tpc_commit,2.0719070434570312,28795,32,1
1771374438.4057438,16_1,16,tpc_lock,6.41940712928772,46561,33,1
1771374440.5588777,17_1,17,tpc_lock,8.477304935455322,46561,33,1
1771374442.6653967,16_1,16,tpc_lock,4.259642839431763,46561,33,1
1771374442.6871076,17_1,17,tpc_lock,2.128218650817871,46561,33,1
1771374454.5892212,17_1,17,das_work,3.1376824378967285,48258,34,1
1771374454.6334505,16_1,16,das_work,8.789040565490723,48258,34,1
1771374462.370076,16_1,16,tpc_commit,7.736613988876343,28795,35,1
1771374464.537042,17_1,17,tpc_commit,9.947808504104614,28795,35,1
1771374466.5890322,16_1,16,tpc_commit,4.218950271606445,28795,35,1
1771374466.5899515,17_1,17,tpc_commit,2.0529024600982666,28795,35,1
1771374474.3989496,16_1,16,tpc_lock,6.474132299423218,46561,36,1
1771374476.579291,17_1,17,tpc_lock,8.331296443939209,46561,36,1
1771374478.5944889,16_1,16,tpc_lock,4.195529222488403,46561,36,1
1771374478.6299992,17_1,17,tpc_lock,2.0506978034973145,46561,36,1
1771374490.5890677,16_1,16,das_work,10.234023571014404,48258,37,1
1771374490.6527874,17_1,17,das_work,5.489341497421265,48258,37,1
1771374498.3786583,16_1,16,tpc_commit,7.789583206176758,28795,38,1
1771374500.5930762,17_1,17,tpc_commit,9.940280437469482,28795,38,1
1771374502.5868807,16_1,16,tpc_commit,4.208211660385132,28795,38,1
1771374502.628831,17_1,17,tpc_commit,2.035747528076172,28795,38,1
1771374510.4009686,16_2,16,tpc_lock,6.973670244216919,46561,39,1
1771374512.5287664,17_2,17,tpc_lock,9.022734880447388,46561,39,1
1771374514.5831132,17_2,17,tpc_lock,2.054335832595825,46561,39,1
1771374514.600086,16_2,16,tpc_lock,4.1991071701049805,46561,39,1
1771374526.5956051,16_2,16,das_work,7.218873739242554,48258,40,1
1771374526.6206448,17_2,17,das_work,3.883696794509888,48258,40,1
1771374534.4070976,16_2,16,tpc_commit,7.811482906341553,28795,41,1
1771374536.596635,17_2,17,tpc_commit,9.975980520248411,28795,41,1
1771374538.601487,16_2,16,tpc_commit,4.1943793296813965,28795,41,1
1771374538.6152208,17_2,17,tpc_commit,2.0185747146606445,28795,41,1
1771374546.4054878,16_2,16,tpc_lock,7.28555417060852,46561,42,1
1771374548.522571,17_2,17,tpc_lock,8.522228479385376,46561,42,1
1771374550.5929189,17_2,17,tpc_lock,2.070341110229492,46561,42,1
1771374550.598707,16_2,16,tpc_lock,4.193209648132324,46561,42,1
1771374562.5896432,17_2,17,das_work,6.063019037246704,48258,43,1
1771374562.627911,16_2,16,das_work,6.087301015853882,48258,43,1
1771374570.4235835,16_2,16,tpc_commit,7.795663356781006,28795,44,1
1771374572.584994,17_2,17,tpc_commit,9.995340824127195,28795,44,1
1771374574.619818,17_2,17,tpc_commit,2.0348117351531982,28795,44,1
1771374574.6219726,16_2,16,tpc_commit,4.198378324508667,28795,44,1
1771374582.3951702,16_2,16,tpc_lock,6.16405200958252,46561,45,1
1771374584.5441458,17_2,17,tpc_lock,8.740753650665283,46561,45,1
1771374586.5832863,17_2,17,tpc_lock,2.0391292572021484,46561,45,1
1771374586.6191971,16_2,16,tpc_lock,4.224019527435303,46561,45,1
1771374598.592609,16_2,16,das_work,10.918877124786375,48258,46,1
1771374598.6160762,17_2,17,das_work,5.314444303512573,48258,46,1
1771374606.4164286,16_2,16,tpc_commit,7.8238115310668945,28795,47,1
1771374608.5264935,17_2,17,tpc_commit,9.910406351089478,28795,47,1
1771374610.63717,17_2,17,tpc_commit,2.110664367675781,28795,47,1
1771374610.6550112,16_2,16,tpc_commit,4.238571882247925,28795,47,1
1771374618.424106,16_2,16,tpc_lock,6.464323997497559,46561,48,1
1771374620.592102,17_2,17,tpc_lock,9.03818392753601,46561,48,1
1771374622.6082942,17_2,17,tpc_lock,2.016181468963623,46561,48,1
1771374622.638723,16_2,16,tpc_lock,4.214606761932373,46561,48,1
1771374634.5959373,16_2,16,das_work,9.203829765319824,48258,49,1
1771374634.6171746,17_2,17,das_work,9.501995086669922,48258,49,1
1771374642.407801,16_2,16,tpc_commit,7.811855554580688,28795,50,1
1771374644.5866354,17_2,17,tpc_commit,9.96945309638977,28795,50,1
1771374646.6129265,16_2,16,tpc_commit,4.205114841461182,28795,50,1
1771374646.6317997,17_2,17,tpc_commit,2.045154094696045,28795,50,1
1771374654.3872929,16_2,16,tpc_lock,6.788043737411499,46561,51,1
1771374656.5125842,17_2,17,tpc_lock,9.129004955291748,46561,51,1
1771374658.581558,16_2,16,tpc_lock,4.194255828857422,46561,51,1
1771374658.5874014,17_2,17,tpc_lock,2.0748066902160645,46561,51,1
1771374670.5769577,16_2,16,das_work,6.874844074249268,48258,52,1
1771374670.5868747,17_2,17,das_work,6.277013063430786,48258,52,1
1771374678.385219,16_2,16,tpc_commit,7.80824875831604,28795,53,1
1771374680.5303738,17_2,17,tpc_commit,9.94348931312561,28795,53,1
1771374682.6172051,16_2,16,tpc_commit,4.231975555419922,28795,53,1
1771374682.6493702,17_2,17,tpc_commit,2.1189866065979004,28795,53,1
1771374690.356221,16_3,16,tpc_lock,5.958066463470459,46561,54,1
1771374692.5416248,17_3,17,tpc_lock,9.132440328598022,46561,54,1
1771374694.6032765,16_3,16,tpc_lock,4.247046947479248,46561,54,1
1771374694.646316,17_3,17,tpc_lock,2.1046838760375977,46561,54,1
1771374706.5948968,17_3,17,das_work,7.835289001464844,48258,55,1
1771374706.6294186,16_3,16,das_work,6.805659770965576,48258,55,1
1771374714.4147546,16_3,16,tpc_commit,7.785326719284058,28795,56,1
1771374716.540047,17_3,17,tpc_commit,9.94513726234436,28795,56,1
1771374718.5669682,16_3,16,tpc_commit,4.152204990386963,28795,56,1
1771374718.5750816,17_3,17,tpc_commit,2.035024642944336,28795,56,1
1771374726.3391192,16_3,16,tpc_lock,5.791905403137207,46537,57,1
1771374728.5845735,17_3,17,tpc_lock,8.436755418777466,46561,57,1
1771374730.6243434,16_3,16,tpc_lock,4.285216808319092,46537,57,1
1771374730.629217,17_3,17,tpc_lock,2.044635057449341,46561,57,1
1771374742.5849538,16_3,16,das_work,9.538593292236328,48258,58,1
1771374742.588843,17_3,17,das_work,4.834434986114502,48258,58,1
1771374750.415088,16_3,16,tpc_commit,7.830124855041504,28771,59,1
1771374752.5190666,17_3,17,tpc_commit,9.930212497711182,28795,59,1
1771374754.569071,17_3,17,tpc_commit,2.049997091293335,28795,59,1
1771374754.6020677,16_3,16,tpc_commit,4.1869707107543945,28771,59,1
1771374762.3959627,16_3,16,tpc_lock,6.286130428314209,46561,60,1
1771374764.5357776,17_3,17,tpc_lock,8.438536167144775,46561,60,1
1771374766.5980935,16_3,16,tpc_lock,4.202121734619141,46561,60,1
1771374766.6234996,17_3,17,tpc_lock,2.0877139568328857,46561,60,1
1771374778.5931208,16_3,16,das_work,2.9696929454803467,48258,61,1
1771374778.6157987,17_3,17,das_work,9.983643770217896,48258,61,1
1771374786.337176,16_3,16,tpc_commit,7.744045257568359,28795,62,1
1771374788.5803382,17_3,17,tpc_commit,9.964529514312744,28795,62,1
1771374790.6125357,16_3,16,tpc_commit,4.275352954864502,28795,62,1
1771374790.6305065,17_3,17,tpc_commit,2.050156831741333,28795,62,1
1771374798.35759,16_3,16,tpc_lock,7.201521635055542,46561,63,1
1771374800.5017476,17_3,17,tpc_lock,8.510786294937134,46561,63,1
1771374802.5583923,17_3,17,tpc_lock,2.056636333465576,46561,63,1
1771374802.5610034,16_3,16,tpc_lock,4.203402280807495,46561,63,1
1771374814.5617478,17_3,17,das_work,7.417538404464722,48258,64,1
1771374814.5629332,16_3,16,das_work,5.195271968841553,48258,64,1
1771374822.4073887,16_3,16,tpc_commit,7.844446659088135,28795,65,1
1771374824.5145037,17_3,17,tpc_commit,9.952744007110596,28795,65,1
1771374826.6071038,17_3,17,tpc_commit,2.0925896167755127,28795,65,1
1771374826.6168177,16_3,16,tpc_commit,4.209417819976807,28795,65,1
1771374834.360279,16_3,16,tpc_lock,6.778004884719849,46549,66,1
1771374836.5408804,17_3,17,tpc_lock,8.224889039993286,46561,66,1
1771374838.5879576,17_3,17,tpc_lock,2.047067880630493,46561,66,1
1771374838.6020305,16_3,16,tpc_lock,4.241740703582764,46549,66,1
1771374850.6233923,16_3,16,das_work,9.240175247192385,48258,67,1
1771374850.6394565,17_3,17,das_work,9.355534553527832,48258,67,1
1771374858.395404,16_3,16,tpc_commit,7.772002220153809,28783,68,1
1771374860.5680685,17_3,17,tpc_commit,9.928601741790771,28795,68,1
1771374862.610824,17_3,17,tpc_commit,2.042746067047119,28795,68,1
1771374862.650731,16_3,16,tpc_commit,4.255317211151123,28783,68,1
1771374870.392434,16_4,16,tpc_lock,5.871058940887451,46561,69,1
1771374872.4980912,17_4,17,tpc_lock,8.308202266693115,46561,69,1
1771374874.5551238,17_4,17,tpc_lock,2.0570242404937744,46561,69,1
1771374874.5640051,16_4,16,tpc_lock,4.171537399291992,46561,69,1
1771374886.5809574,17_4,17,das_work,2.751955270767212,48258,70,1
1771374886.6181395,16_4,16,das_work,10.921207189559937,48258,70,1
1771374894.357431,16_4,16,tpc_commit,7.739280700683594,28795,71,1
1771374896.5026486,17_4,17,tpc_commit,9.921680450439451,28795,71,1
1771374898.5598469,16_4,16,tpc_commit,4.202406883239746,28795,71,1
1771374898.5775924,17_4,17,tpc_commit,2.074936866760254,28795,71,1
1771374906.3618352,16_4,16,tpc_lock,6.57059383392334,46561,72,1
1771374908.573198,17_4,17,tpc_lock,8.821561574935913,46561,72,1
1771374910.5634928,16_4,16,tpc_lock,4.201647996902466,46561,72,1
1771374910.585723,17_4,17,tpc_lock,2.0125155448913574,46561,72,1
1771374922.5698872,17_4,17,das_work,4.62688946723938,48258,73,1
1771374922.5938718,16_4,16,das_work,3.780914545059204,48258,73,1
1771374930.3267,16_4,16,tpc_commit,7.7328174114227295,28795,74,1
1771374932.508072,17_4,17,tpc_commit,9.938174962997437,28795,74,1
1771374934.5525942,16_4,16,tpc_commit,4.225887298583984,28795,74,1
1771374934.5839806,17_4,17,tpc_commit,2.075901508331299,28795,74,1
1771374942.3806517,16_4,16,tpc_lock,6.962514638900757,46561,75,1
1771374944.5139658,17_4,17,tpc_lock,8.500306129455566,46549,75,1
1771374946.6136923,17_4,17,tpc_lock,2.099714756011963,46549,75,1
1771374946.627174,16_4,16,tpc_lock,4.246510982513428,46561,75,1
1771374958.556136,16_4,16,das_work,7.832144021987915,48258,76,1
1771374958.652243,17_4,17,das_work,10.943830013275146,48258,76,1
1771374966.3875782,16_4,16,tpc_commit,7.831435203552246,28795,77,1
1771374968.52787,17_4,17,tpc_commit,9.875619888305664,28783,77,1
1771374970.572174,17_4,17,tpc_commit,2.0442957878112797,28783,77,1
1771374970.597037,16_4,16,tpc_commit,4.2094502449035645,28795,77,1
1771374978.355816,16_4,16,tpc_lock,6.100560188293457,46561,78,1
1771374980.5107152,17_4,17,tpc_lock,7.947844982147217,46561,78,1
1771374982.559273,16_4,16,tpc_lock,4.203446388244629,46561,78,1
1771374982.6064928,17_4,17,tpc_lock,2.095767021179199,46561,78,1
1771374994.5503516,17_4,17,das_work,9.194350719451904,48258,79,1
1771374994.5559196,16_4,16,das_work,9.045695066452026,48258,79,1
1771375002.4063056,16_4,16,tpc_commit,7.85037636756897,28795,80,1
1771375004.5687208,17_4,17,tpc_commit,10.01836085319519,28795,80,1
1771375006.5625515,17_4,17,tpc_commit,1.9938175678253172,28795,80,1
1771375006.5660298,16_4,16,tpc_commit,4.159713745117188,28795,80,1
1771375014.3370523,16_4,16,tpc_lock,6.64016056060791,46561,81,1
1771375016.497984,17_4,17,tpc_lock,9.001762866973877,46561,81,1
1771375018.5592768,16_4,16,tpc_lock,4.222215175628662,46561,81,1
1771375018.5714064,17_4,17,tpc_lock,2.073413610458374,46561,81,1
1771375030.5485744,17_4,17,das_work,3.789499521255493,48258,82,1
1771375030.5516214,16_4,16,das_work,9.502266883850098,48258,82,1
1771375038.3590052,16_4,16,tpc_commit,7.807356595993042,28795,83,1
1771375040.5221736,17_4,17,tpc_commit,9.973591089248655,28795,83,1
1771375042.5524557,17_4,17,tpc_commit,2.030271291732788,28795,83,1
1771375042.5727851,16_4,16,tpc_commit,4.21377158164978,28795,83,1
1771374152.5634887,19_0,19,tpc_lock,4.471853017807007,46561,9,1
1771374154.562994,19_0,19,tpc_lock,1.9994981288909912,46561,9,1
1771374162.3710992,18_0,18,tpc_lock,8.651216506958008,46549,10,1
1771374166.603864,18_0,18,tpc_lock,4.232757091522217,46549,10,1
1771374166.6228976,19_0,19,das_work,8.021257638931274,48258,10,1
1771374176.5776954,19_0,19,tpc_commit,9.954787015914915,28795,11,1
1771374178.609551,19_0,19,tpc_commit,2.0318429470062256,28795,11,1
1771374178.6522634,18_0,18,das_work,10.375347375869753,48258,11,1
1771374186.4640834,18_0,18,tpc_commit,7.811810493469238,28783,12,1
1771374188.572473,19_0,19,tpc_lock,9.352113485336304,46561,12,1
1771374190.5931904,19_0,19,tpc_lock,2.0207085609436035,46561,12,1
1771374190.6233218,18_0,18,tpc_commit,4.159228086471558,28783,12,1
1771374198.4443648,18_0,18,tpc_lock,7.19196629524231,46561,13,1
1771374202.6400132,19_0,19,das_work,6.6070873737335205,48258,13,1
1771374202.6416574,18_0,18,tpc_lock,4.197279214859009,46561,13,1
1771374212.5719962,19_0,19,tpc_commit,9.931972980499268,28795,14,1
1771374214.6017516,19_0,19,tpc_commit,2.0297462940216064,28795,14,1
1771374214.6114974,18_0,18,das_work,6.900486707687378,48258,14,1
1771374222.3880322,18_0,18,tpc_commit,7.776527881622314,28795,15,1
1771374224.6019626,19_0,19,tpc_lock,8.215665578842163,46561,15,1
1771374226.6132343,18_0,18,tpc_commit,4.225193738937378,28795,15,1
1771374226.614793,19_0,19,tpc_lock,2.0128214359283447,46561,15,1
1771374234.378963,18_0,18,tpc_lock,5.883366584777832,46549,16,1
1771374238.6796489,18_0,18,tpc_lock,4.300675868988037,46549,16,1
1771374238.7233198,19_0,19,das_work,7.240597009658813,48258,16,1
1771374248.5718524,19_0,19,tpc_commit,9.848520278930664,28795,17,1
1771374250.628354,18_0,18,das_work,5.754713773727417,48258,17,1
1771374250.7045245,19_0,19,tpc_commit,2.132662057876587,28795,17,1
1771374258.4048295,18_0,18,tpc_commit,7.77646541595459,28783,18,1
1771374260.589961,19_0,19,tpc_lock,9.341670751571655,46561,18,1
1771374262.6288466,19_0,19,tpc_lock,2.0388731956481934,46561,18,1
1771374262.6463776,18_0,18,tpc_commit,4.241538286209106,28783,18,1
1771374270.4073274,18_0,18,tpc_lock,6.501295328140259,46561,19,1
1771374274.6679204,18_0,18,tpc_lock,4.260583162307739,46561,19,1
1771374274.726516,19_0,19,das_work,4.95789361000061,48258,19,1
1771374284.5949538,19_0,19,tpc_commit,9.868425130844116,28795,20,1
1771374286.6062105,18_0,18,das_work,8.927052974700928,48258,20,1
1771374286.7089164,19_0,19,tpc_commit,2.113952875137329,28795,20,1
1771374294.3997073,18_0,18,tpc_commit,7.793486356735229,28795,21,1
1771374296.5526414,19_0,19,tpc_lock,8.728007793426514,46561,21,1
1771374298.6198385,19_0,19,tpc_lock,2.067188501358032,46561,21,1
1771374298.7015915,18_0,18,tpc_commit,4.301873207092285,28795,21,1
1771374306.3766823,18_0,18,tpc_lock,5.996851921081543,46549,22,1
1771374310.669561,19_0,19,das_work,6.7899010181427,48258,22,1
1771374310.69334,18_0,18,tpc_lock,4.316647529602051,46549,22,1
1771374320.5472195,19_0,19,tpc_commit,9.877650022506714,28795,23,1
1771374322.6062858,18_0,18,das_work,7.039370536804199,48258,23,1
1771374322.6527836,19_0,19,tpc_commit,2.1055562496185303,28795,23,1
1771374330.4080722,18_0,18,tpc_commit,7.801777839660644,28783,24,1
1771374332.565961,19_1,19,tpc_lock,9.281815767288208,46561,24,1
1771374334.63714,18_0,18,tpc_commit,4.229055643081665,28783,24,1
1771374334.6669908,19_1,19,tpc_lock,2.1010186672210693,46561,24,1
1771374342.4064825,18_1,18,tpc_lock,6.470806121826172,46561,25,1
1771374346.599996,19_1,19,das_work,5.313157796859741,48258,25,1
1771374346.6649268,18_1,18,tpc_lock,4.258433818817139,46561,25,1
1771374356.5684748,19_1,19,tpc_commit,9.968469858169556,28795,26,1
1771374358.6197774,19_1,19,tpc_commit,2.0511882305145264,28795,26,1
1771374358.7068024,18_1,18,das_work,6.538716793060303,48258,26,1
1771374366.4527965,18_1,18,tpc_commit,7.745982646942139,28795,27,1
1771374368.5432382,19_1,19,tpc_lock,9.039371013641356,46561,27,1
1771374370.6009016,18_1,18,tpc_commit,4.148093700408936,28795,27,1
1771374370.6018732,19_1,19,tpc_lock,2.058623552322388,46561,27,1
1771374378.4464684,18_1,18,tpc_lock,6.796177625656128,46561,28,1
1771374382.6073785,19_1,19,das_work,2.9678966999053955,48258,28,1
1771374382.646958,18_1,18,tpc_lock,4.200479030609131,46561,28,1
1771374392.544809,19_1,19,tpc_commit,9.937416553497314,28795,29,1
1771374394.594767,19_1,19,tpc_commit,2.04994535446167,28795,29,1
1771374394.6637423,18_1,18,das_work,8.333722829818726,48258,29,1
1771374402.417333,18_1,18,tpc_commit,7.753582954406738,28795,30,1
1771374404.5356996,19_1,19,tpc_lock,8.431690454483032,46561,30,1
1771374406.5919664,19_1,19,tpc_lock,2.0562593936920166,46561,30,1
1771374406.6370196,18_1,18,tpc_commit,4.219676733016968,28795,30,1
1771374414.3772354,18_1,18,tpc_lock,5.866754055023193,46561,31,1
1771374418.5965438,18_1,18,tpc_lock,4.219300985336304,46561,31,1
1771374418.6515534,19_1,19,das_work,7.869980335235596,48258,31,1
1771374428.605581,19_1,19,tpc_commit,9.954018115997314,28795,32,1
1771374430.5982122,19_1,19,tpc_commit,1.9926204681396484,28795,32,1
1771374430.619779,18_1,18,das_work,4.354358434677124,48258,32,1
1771374438.395013,18_1,18,tpc_commit,7.775224208831787,28795,33,1
1771374440.5457249,19_1,19,tpc_lock,8.53643536567688,46561,33,1
1771374442.6018558,18_1,18,tpc_commit,4.206832647323608,28795,33,1
1771374442.6850576,19_1,19,tpc_lock,2.1393213272094727,46561,33,1
1771374450.449186,18_1,18,tpc_lock,6.796383857727051,46561,34,1
1771374454.6095915,18_1,18,tpc_lock,4.160395383834839,46561,34,1
1771374454.6713088,19_1,19,das_work,9.838842153549194,48258,34,1
1771374464.5280704,19_1,19,tpc_commit,9.856750726699827,28795,35,1
1771374466.5856855,19_1,19,tpc_commit,2.0576086044311523,28795,35,1
1771374466.6588376,18_1,18,das_work,8.894731521606445,48258,35,1
1771374474.4336765,18_1,18,tpc_commit,7.774829626083374,28795,36,1
1771374476.5766966,19_1,19,tpc_lock,9.181853532791138,46561,36,1
1771374478.6049745,18_1,18,tpc_commit,4.171287536621094,28795,36,1
1771374478.658777,19_1,19,tpc_lock,2.0820703506469727,46561,36,1
1771374486.3947525,18_1,18,tpc_lock,6.071436643600464,46561,37,1
1771374490.5908847,19_1,19,das_work,4.652771949768066,48258,37,1
1771374490.5991232,18_1,18,tpc_lock,4.204362154006958,46561,37,1
1771374500.6010442,19_1,19,tpc_commit,10.010146379470823,28795,38,1
1771374502.636937,18_1,18,das_work,2.1822540760040283,48258,38,1
1771374502.6681097,19_1,19,tpc_commit,2.067054986953736,28795,38,1
1771374510.3919995,18_1,18,tpc_commit,7.755052089691162,28795,39,1
1771374512.529686,19_2,19,tpc_lock,8.829741954803467,46561,39,1
1771374514.5866168,19_2,19,tpc_lock,2.056923151016236,46561,39,1
1771374514.595775,18_1,18,tpc_commit,4.203763961791992,28795,39,1
1771374522.3873308,18_2,18,tpc_lock,6.1682188510894775,46561,40,1
1771374526.5961328,19_2,19,das_work,8.144396781921387,48258,40,1
1771374526.6476429,18_2,18,tpc_lock,4.260303020477295,46561,40,1
1771374536.5545566,19_2,19,tpc_commit,9.958414316177368,28795,41,1
1771374538.590284,19_2,19,tpc_commit,2.0357160568237305,28795,41,1
1771374538.6049654,18_2,18,das_work,6.23790979385376,48258,41,1
1771374546.368063,18_2,18,tpc_commit,7.76308798789978,28795,42,1
1771374548.5536394,19_2,19,tpc_lock,9.128457069396973,46561,42,1
1771374550.6057165,18_2,18,tpc_commit,4.237644910812378,28795,42,1
1771374550.6428745,19_2,19,tpc_lock,2.089224338531494,46561,42,1
1771374558.425141,18_2,18,tpc_lock,5.8578102588653564,46561,43,1
1771374562.5988083,18_2,18,tpc_lock,4.17364239692688,46561,43,1
1771374562.6236238,19_2,19,das_work,6.549015283584595,48258,43,1
1771374572.6034007,19_2,19,tpc_commit,9.979766845703123,28795,44,1
1771374574.625419,18_2,18,das_work,7.0662055015563965,48258,44,1
1771374574.6333592,19_2,19,tpc_commit,2.0299477577209477,28795,44,1
1771374582.3831284,18_2,18,tpc_commit,7.757699728012085,28795,45,1
1771374584.527356,19_2,19,tpc_lock,9.352078914642334,46561,45,1
1771374586.5853453,19_2,19,tpc_lock,2.057981491088867,46561,45,1
1771374586.6007357,18_2,18,tpc_commit,4.217597484588623,28795,45,1
1771374594.361851,18_2,18,tpc_lock,7.177894115447998,46549,46,1
1771374598.5990129,19_2,19,das_work,4.639074563980103,48258,46,1
1771374598.6231818,18_2,18,tpc_lock,4.261321544647217,46549,46,1
1771374608.5617225,19_2,19,tpc_commit,9.962698459625244,28795,47,1
1771374610.6032543,18_2,18,das_work,10.917026281356812,48258,47,1
1771374610.6148987,19_2,19,tpc_commit,2.053168535232544,28795,47,1
1771374618.373693,18_2,18,tpc_commit,7.770428657531738,28783,48,1
1771374620.533672,19_2,19,tpc_lock,8.108613967895508,46549,48,1
1771374622.581595,19_2,19,tpc_lock,2.0479135513305664,46549,48,1
1771374622.6310809,18_2,18,tpc_commit,4.257376194000244,28783,48,1
1771374630.412655,18_2,18,tpc_lock,7.198089838027954,46561,49,1
1771374634.6084366,18_2,18,tpc_lock,4.195771217346191,46561,49,1
1771374634.620128,19_2,19,das_work,8.082809686660767,48258,49,1
1771374644.5801868,19_2,19,tpc_commit,9.960049152374268,28783,50,1
1771374646.5778563,18_2,18,das_work,10.024369716644289,48258,50,1
1771374646.6341531,19_2,19,tpc_commit,2.0539581775665283,28783,50,1
1771374654.3486202,18_2,18,tpc_commit,7.770756006240845,28795,51,1
1771374656.5450714,19_2,19,tpc_lock,8.123782396316528,46561,51,1
1771374658.5966551,19_2,19,tpc_lock,2.051572322845459,46561,51,1
1771374658.631995,18_2,18,tpc_commit,4.28336501121521,28795,51,1
1771374666.342744,18_2,18,tpc_lock,6.773861885070801,46561,52,1
1771374670.585745,19_2,19,das_work,8.04389214515686,48258,52,1
1771374670.6372333,18_2,18,tpc_lock,4.29448127746582,46561,52,1
1771374680.5152895,19_2,19,tpc_commit,9.929532766342165,28795,53,1
1771374682.6224368,19_2,19,tpc_commit,2.10714054107666,28795,53,1
1771374682.6448607,18_2,18,das_work,8.119568824768066,48258,53,1
1771374690.4232123,18_2,18,tpc_commit,7.778341770172119,28795,54,1
1771374692.571897,19_3,19,tpc_lock,8.561173677444458,46561,54,1
1771374694.5935652,18_2,18,tpc_commit,4.170342206954956,28795,54,1
1771374694.6065724,19_3,19,tpc_lock,2.034666061401367,46561,54,1
1771374702.3800058,18_3,18,tpc_lock,6.380477666854858,46561,55,1
1771374706.584293,19_3,19,das_work,3.585160732269287,48258,55,1
1771374706.591749,18_3,18,tpc_lock,4.21173620223999,46561,55,1
1771374716.531243,19_3,19,tpc_commit,9.946938753128052,28795,56,1
1771374718.5651891,19_3,19,tpc_commit,2.033934593200684,28795,56,1
1771374718.5664356,18_3,18,das_work,10.141958713531494,48258,56,1
1771374726.3387766,18_3,18,tpc_commit,7.772333860397339,28795,57,1
1771374728.512931,19_3,19,tpc_lock,9.24078106880188,46561,57,1
1771374730.570125,19_3,19,tpc_lock,2.057183265686035,46561,57,1
1771374730.5993645,18_3,18,tpc_commit,4.260579824447632,28795,57,1
1771374738.4215698,18_3,18,tpc_lock,6.7811384201049805,46561,58,1
1771374742.5791564,19_3,19,das_work,5.429298162460327,48258,58,1
1771374742.658006,18_3,18,tpc_lock,4.236426591873169,46561,58,1
1771374752.5358467,19_3,19,tpc_commit,9.956679344177246,28795,59,1
1771374754.5682375,18_3,18,das_work,8.41161060333252,48258,59,1
1771374754.6199205,19_3,19,tpc_commit,2.084061622619629,28795,59,1
1771374762.3372345,18_3,18,tpc_commit,7.768987655639648,28795,60,1
1771374764.531927,19_3,19,tpc_lock,7.939727306365967,46561,60,1
1771374766.5653014,18_3,18,tpc_commit,4.228060245513916,28795,60,1
1771374766.6324382,19_3,19,tpc_lock,2.100503206253052,46561,60,1
1771374774.370819,18_3,18,tpc_lock,7.186724424362183,46561,61,1
1771374778.5734174,18_3,18,tpc_lock,4.202589511871338,46561,61,1
1771374778.5827825,19_3,19,das_work,8.565872430801392,48258,61,1
1771374788.5352829,19_3,19,tpc_commit,9.952494382858276,28795,62,1
1771374790.5831742,19_3,19,tpc_commit,2.047883987426758,28795,62,1
1771374790.5867596,18_3,18,das_work,6.861657381057739,48258,62,1
1771374798.340554,18_3,18,tpc_commit,7.753784894943237,28795,63,1
1771374800.5506835,19_3,19,tpc_lock,9.026864528656006,46561,63,1
1771374802.5928214,19_3,19,tpc_lock,2.042125940322876,46561,63,1
1771374802.613881,18_3,18,tpc_commit,4.273318290710449,28795,63,1
1771374810.4041133,18_3,18,tpc_lock,7.282217025756836,46561,64,1
1771374814.5630727,19_3,19,das_work,6.453124284744263,48258,64,1
1771374814.5832613,18_3,18,tpc_lock,4.179138898849487,46561,64,1
1771374824.505,19_3,19,tpc_commit,9.941916465759276,28795,65,1
1771374826.579242,19_3,19,tpc_commit,2.0742318630218506,28795,65,1
1771374826.6161644,18_3,18,das_work,8.598339557647705,48258,65,1
1771374834.3563795,18_3,18,tpc_commit,7.740203857421875,28795,66,1
1771374836.554872,19_3,19,tpc_lock,8.42490267753601,46561,66,1
1771374838.610893,19_3,19,tpc_lock,2.0560107231140137,46561,66,1
1771374838.6378655,18_3,18,tpc_commit,4.281476259231567,28795,66,1
1771374846.3309696,18_3,18,tpc_lock,6.687745809555054,46561,67,1
1771374850.564113,18_3,18,tpc_lock,4.233132839202881,46561,67,1
1771374850.6207085,19_3,19,das_work,8.082082509994507,48258,67,1
1771374860.536153,19_3,19,tpc_commit,9.91543459892273,28795,68,1
1771374862.5556376,18_3,18,das_work,3.3738021850585938,48258,68,1
1771374862.584437,19_3,19,tpc_commit,2.048274040222168,28795,68,1
1771374870.3298469,18_3,18,tpc_commit,7.774201393127441,28795,69,1
1771374872.5237932,19_4,19,tpc_lock,8.730652570724487,46561,69,1
1771374874.5962718,19_4,19,tpc_lock,2.072470664978028,46561,69,1
1771374874.6209085,18_3,18,tpc_commit,4.291054248809815,28795,69,1
1771374882.331164,18_4,18,tpc_lock,6.392808437347412,46561,70,1
1771374886.60378,19_4,19,das_work,6.882734775543213,48258,70,1
1771374886.6348565,18_4,18,tpc_lock,4.303684949874878,46561,70,1
1771374896.541963,19_4,19,tpc_commit,9.938172340393066,28795,71,1
1771374898.5587077,18_4,18,das_work,3.563847780227661,48258,71,1
1771374898.596164,19_4,19,tpc_commit,2.054192304611206,28795,71,1
1771374906.33075,18_4,18,tpc_commit,7.772034168243408,28795,72,1
1771374908.517838,19_4,19,tpc_lock,8.944957971572876,46561,72,1
1771374910.563731,19_4,19,tpc_lock,2.045884609222412,46561,72,1
1771374910.6037076,18_4,18,tpc_commit,4.272947788238525,28795,72,1
1771374918.3686512,18_4,18,tpc_lock,7.083578109741211,46561,73,1
1771374922.613418,19_4,19,das_work,9.311791896820068,48258,73,1
1771374922.637076,18_4,18,tpc_lock,4.268418073654175,46561,73,1
1771374932.4918213,19_4,19,tpc_commit,9.87839150428772,28795,74,1
1771374934.5651443,18_4,18,das_work,7.151025056838989,48258,74,1
1771374934.6048317,19_4,19,tpc_commit,2.1130030155181885,28795,74,1
1771374942.4052064,18_4,18,tpc_commit,7.840054512023926,28795,75,1
1771374944.5066383,19_4,19,tpc_lock,8.199448108673096,46561,75,1
1771374946.6149926,19_4,19,tpc_lock,2.108344793319702,46561,75,1
1771374946.6304696,18_4,18,tpc_commit,4.225253820419312,28795,75,1
1771374954.392562,18_4,18,tpc_lock,6.783612489700317,46561,76,1
1771374958.5778234,18_4,18,tpc_lock,4.185251951217651,46561,76,1
1771374958.592424,19_4,19,das_work,7.427141904830933,48258,76,1
1771374968.4885168,19_4,19,tpc_commit,9.896085500717165,28795,77,1
1771374970.5555158,19_4,19,tpc_commit,2.0669915676116943,28795,77,1
1771374970.5935872,18_4,18,das_work,10.337648630142212,48258,77,1
1771374978.3222983,18_4,18,tpc_commit,7.728677988052368,28795,78,1
1771374980.534089,19_4,19,tpc_lock,8.934987783432007,46561,78,1
1771374982.546048,18_4,18,tpc_commit,4.223736763000488,28795,78,1
1771374982.5462732,19_4,19,tpc_lock,2.0121753215789795,46561,78,1
1771374990.3737116,18_4,18,tpc_lock,6.861285209655762,46561,79,1
1771374994.573534,19_4,19,das_work,7.577319622039795,48258,79,1
1771374994.643165,18_4,18,tpc_lock,4.269442558288574,46561,79,1
1771375004.56893,19_4,19,tpc_commit,9.995387315750122,28795,80,1
1771375006.5867624,19_4,19,tpc_commit,2.0178232192993164,28795,80,1
1771375006.607082,18_4,18,das_work,5.173592805862427,48258,80,1
1771375014.3718832,18_4,18,tpc_commit,7.764791488647461,28795,81,1
1771375016.552388,19_4,19,tpc_lock,8.564957618713379,46561,81,1
1771375018.573084,18_4,18,tpc_commit,4.20119047164917,28795,81,1
1771375018.637606,19_4,19,tpc_lock,2.0852060317993164,46561,81,1
1771375026.365263,18_4,18,tpc_lock,6.590844869613648,46561,82,1
1771375030.5989697,19_4,19,das_work,6.129208087921143,48258,82,1
1771375030.6099355,18_4,18,tpc_lock,4.2446606159210205,46561,82,1
1771375040.5693412,19_4,19,tpc_commit,9.970359325408936,28795,83,1
1771375042.5995278,18_4,18,das_work,6.58327841758728,48258,83,1
1771375042.6183136,19_4,19,tpc_commit,2.048964023590088,28795,83,1
1771375050.365237,18_4,18,tpc_commit,7.765698432922363,28795,84,1
1771375054.5456126,18_4,18,tpc_commit,4.18036413192749,28795,84,1
