timestamp,journey_id,worker_id,tx_type,latency_s,gas_used,block_number,status
1770252821.0378463,0_0,0,das_work,3.4458558559417725,60058,8,1
1770252821.0381591,1_0,1,das_work,3.196934700012207,60058,8,1
1770252833.6768806,1_0,1,das_work,11.780212640762327,60058,9,1
1770252833.6772316,0_0,0,das_work,10.804996013641356,60058,9,1
1770252846.666843,1_0,1,das_work,11.013887166976929,60058,10,1
1770252846.6691997,0_0,0,das_work,12.119419813156128,60058,10,1
1770252860.0670547,0_0,0,das_work,12.50455093383789,60058,11,1
1770252860.0673506,1_0,1,das_work,12.177196025848389,60058,11,1
1770252873.7829294,1_0,1,das_work,12.45353651046753,60058,12,1
1770252873.7852092,0_0,0,das_work,11.81780195236206,60058,12,1
1770252887.8042033,1_0,1,das_work,12.356803894042969,60058,13,1
1770252887.8044617,0_0,0,das_work,12.49299955368042,60058,13,1
1770252902.4385052,1_0,1,das_work,12.697073221206663,60058,14,1
1770252902.522354,0_0,0,das_work,13.556726455688477,60058,14,1
1770252917.4206529,0_0,0,das_work,14.106746435165403,60058,15,1
1770252917.4217916,1_0,1,das_work,14.325214624404907,60058,15,1
1770252931.9390302,1_0,1,das_work,12.655791997909546,60058,16,1
1770252931.9999452,0_0,0,das_work,13.381117105484009,60058,16,1
1770252946.6937652,1_0,1,das_work,13.009007692337036,60058,17,1
1770252946.6940906,0_0,0,das_work,13.006709098815918,60058,17,1
1770252961.3003995,0_1,0,das_work,12.734786987304688,60058,18,1
1770252961.332448,1_1,1,das_work,13.25791883468628,60058,18,1
1770252975.7232592,1_1,1,das_work,12.472105741500854,60058,19,1
1770252975.7234626,0_1,0,das_work,12.943581581115724,60058,19,1
1770252990.3204603,1_1,1,das_work,13.462693452835085,60058,20,1
1770252990.3505151,0_1,0,das_work,13.150288581848145,60058,20,1
1770253004.833442,0_1,0,das_work,13.86979842185974,60058,21,1
1770253004.8355732,1_1,1,das_work,13.293548583984377,60058,21,1
1770253019.4580114,1_1,1,das_work,13.797352075576782,60058,22,1
1770253019.462552,0_1,0,das_work,12.860083103179932,60058,22,1
1770253034.2378304,1_1,1,das_work,13.135248184204102,60058,23,1
1770253034.239949,0_1,0,das_work,13.50825023651123,60058,23,1
1770253048.9337995,0_1,0,das_work,13.149145364761353,60058,24,1
1770253048.934019,1_1,1,das_work,14.14841103553772,60058,24,1
1770253063.8183246,1_1,1,das_work,14.341044902801514,60058,25,1
1770253063.8986094,0_1,0,das_work,13.24021053314209,60058,25,1
1770253078.5274477,1_1,1,das_work,13.848522186279297,60058,26,1
1770253078.577285,0_1,0,das_work,13.864317893981934,60058,26,1
1770253093.4916444,0_1,0,das_work,14.299270391464232,60058,27,1
1770253093.4938867,1_1,1,das_work,13.588129043579102,60058,27,1
1770253108.2512996,1_2,1,das_work,13.565799713134766,60058,28,1
1770253108.2914114,0_2,0,das_work,13.718989610671995,60058,28,1
1770253123.151514,1_2,1,das_work,13.016005277633669,60058,29,1
1770253123.187721,0_2,0,das_work,14.136975049972534,60058,29,1
1770253138.0046785,1_2,1,das_work,13.80366277694702,60058,30,1
1770253138.004849,0_2,0,das_work,13.20670223236084,60058,30,1
1770253152.781613,1_2,1,das_work,14.182307481765749,60058,31,1
1770253152.786884,0_2,0,das_work,14.2071430683136,60058,31,1
1770253167.548735,0_2,0,das_work,14.152827978134155,60058,32,1
1770253167.5899465,1_2,1,das_work,13.838415622711182,60058,32,1
1770253182.4915445,0_2,0,das_work,13.522906064987184,60058,33,1
1770253182.4926376,1_2,1,das_work,13.262937068939207,60058,33,1
1770253197.1857936,0_2,0,das_work,13.66267704963684,60058,34,1
1770253197.278254,1_2,1,das_work,12.914668560028076,60058,34,1
1770253212.00315,1_2,1,das_work,13.786331176757812,60058,35,1
1770253212.007624,0_2,0,das_work,13.839487314224243,60058,35,1
1770253226.8504944,1_2,1,das_work,13.934890270233154,60058,36,1
1770253226.8933847,0_2,0,das_work,14.374571323394775,60058,36,1
1770253241.5500216,1_2,1,das_work,12.808482885360718,60058,37,1
1770253241.552991,0_2,0,das_work,14.083755493164062,60058,37,1
1770253256.380858,1_3,1,das_work,14.243145942687988,60058,38,1
1770253256.4432824,0_3,0,das_work,13.614766836166382,60058,38,1
1770253271.1219733,1_3,1,das_work,13.022353649139404,60058,39,1
1770253271.122254,0_3,0,das_work,13.147273778915403,60058,39,1
1770253285.9308674,1_3,1,das_work,13.963148355484009,60058,40,1
1770253285.9683986,0_3,0,das_work,12.904055833816528,60058,40,1
1770253300.612031,0_3,0,das_work,12.773520708084106,60058,41,1
1770253300.6730516,1_3,1,das_work,14.016934871673584,60058,41,1
1770253315.3187842,1_3,1,das_work,13.140697002410889,60058,42,1
1770253315.377,0_3,0,das_work,13.95628046989441,60058,42,1
1770253330.1182842,1_3,1,das_work,14.026621341705322,60058,43,1
1770253330.1284173,0_3,0,das_work,14.237923383712769,60058,43,1
1770253344.953171,0_3,0,das_work,12.96071481704712,60058,44,1
1770253344.9617035,1_3,1,das_work,13.207051992416382,60058,44,1
1770253359.5987403,1_3,1,das_work,13.655443906784058,60058,45,1
1770253359.690547,0_3,0,das_work,13.475505113601685,60058,45,1
1770253374.6120205,0_3,0,das_work,13.089056730270386,60058,46,1
1770253374.6133218,1_3,1,das_work,14.16968584060669,60058,46,1
1770253389.3638835,1_3,1,das_work,13.241615056991575,60058,47,1
1770253389.3671389,0_3,0,das_work,13.01050877571106,60058,47,1
1770253404.0781147,1_4,1,das_work,13.321113109588625,60058,48,1
1770253404.103381,0_4,0,das_work,12.833114862442017,60058,48,1
1770253418.911168,1_4,1,das_work,13.417757034301758,60058,49,1
1770253418.9122732,0_4,0,das_work,14.084851503372192,60058,49,1
1770253433.6224773,1_4,1,das_work,13.405537366867064,60058,50,1
1770253433.640859,0_4,0,das_work,13.061328649520874,60058,50,1
1770253448.564011,0_4,0,das_work,14.15554690361023,60058,51,1
1770253448.59192,1_4,1,das_work,13.410454988479614,60058,51,1
1770253463.287251,1_4,1,das_work,13.183631420135498,60058,52,1
1770253463.3119802,0_4,0,das_work,12.976850986480711,60058,52,1
1770253478.110425,1_4,1,das_work,13.453138828277588,60058,53,1
1770253478.1694236,0_4,0,das_work,13.610740184783936,60058,53,1
1770253492.870085,1_4,1,das_work,13.455259799957275,60058,54,1
1770253492.8723445,0_4,0,das_work,13.183609247207642,60058,54,1
1770253507.6162746,0_4,0,das_work,13.419512510299684,60058,55,1
1770253507.7016382,1_4,1,das_work,13.80554747581482,60058,55,1
1770253522.4227796,0_4,0,das_work,13.75445818901062,60058,56,1
1770253522.4237633,1_4,1,das_work,14.107881546020508,60058,56,1
1770253537.1657946,0_4,0,das_work,14.015307903289797,60058,57,1
1770253537.1763525,1_4,1,das_work,12.826295614242554,60058,57,1
1770252833.650052,21_0,21,das_work,9.12760591506958,60058,9,1
1770252833.650319,20_0,20,das_work,4.643306255340576,60058,9,1
1770252846.630232,21_0,21,das_work,12.246180295944214,60058,10,1
1770252846.6689372,20_0,20,das_work,11.666640758514404,60058,10,1
1770252859.9821064,21_0,21,das_work,11.965479135513306,60058,11,1
1770252860.0132315,20_0,20,das_work,12.23002815246582,60058,11,1
1770252873.7237558,21_0,21,das_work,12.585996627807615,60058,12,1
1770252873.7788568,20_0,20,das_work,13.032866477966309,60058,12,1
1770252887.7882624,20_0,20,das_work,12.196375846862791,60058,13,1
1770252887.8029149,21_0,21,das_work,13.384401798248293,60058,13,1
1770252902.438479,21_0,21,das_work,14.089516401290894,60058,14,1
1770252902.5259984,20_0,20,das_work,13.187508344650269,60058,14,1
1770252917.366372,20_0,20,das_work,13.729177951812744,60058,15,1
1770252917.3667357,21_0,21,das_work,12.940082788467407,60058,15,1
1770252931.9128315,21_0,21,das_work,13.620787858963013,60058,16,1
1770252931.9135916,20_0,20,das_work,13.12676739692688,60058,16,1
1770252946.6607249,21_0,21,das_work,13.094082832336426,60058,17,1
1770252946.7039585,20_0,20,das_work,12.95582127571106,60058,17,1
1770252961.311021,20_0,20,das_work,14.025330543518066,60058,18,1
1770252961.319431,21_0,21,das_work,13.910267114639282,60058,18,1
1770252975.7802415,20_1,20,das_work,13.762697696685793,60058,19,1
1770252975.8124957,21_1,21,das_work,12.603157997131348,60058,19,1
1770252990.2662766,21_1,21,das_work,13.664381980895996,60058,20,1
1770252990.320523,20_1,20,das_work,13.16689658164978,60058,20,1
1770253004.8284416,20_1,20,das_work,12.519303798675535,60058,21,1
1770253004.832028,21_1,21,das_work,13.119778633117676,60058,21,1
1770253019.4689834,21_1,21,das_work,13.578266620635986,60058,22,1
1770253019.4691827,20_1,20,das_work,13.822997570037842,60058,22,1
1770253034.2471275,21_1,21,das_work,13.156638145446776,60058,23,1
1770253034.2491589,20_1,20,das_work,13.6332528591156,60058,23,1
1770253048.9492073,20_1,20,das_work,13.920199394226074,60058,24,1
1770253049.0244284,21_1,21,das_work,13.82367205619812,60058,24,1
1770253063.81646,20_1,20,das_work,14.221521615982056,60058,25,1
1770253063.890466,21_1,21,das_work,13.132290124893188,60058,25,1
1770253078.5279024,20_1,20,das_work,13.292881488800049,60058,26,1
1770253078.5298035,21_1,21,das_work,13.273691177368164,60058,26,1
1770253093.4897168,20_1,20,das_work,14.389132499694824,60058,27,1
1770253093.5466206,21_1,21,das_work,13.233633756637571,60058,27,1
1770253108.221954,20_1,20,das_work,13.513307809829712,60058,28,1
1770253108.2912226,21_1,21,das_work,14.130709171295166,60058,28,1
1770253123.1535456,21_2,21,das_work,13.40523648262024,60058,29,1
1770253123.1855586,20_2,20,das_work,13.136725664138794,60058,29,1
1770253137.9513705,20_2,20,das_work,13.113576173782349,60058,30,1
1770253138.0144467,21_2,21,das_work,14.264087200164797,60058,30,1
1770253152.8091476,21_2,21,das_work,13.830486536026,60058,31,1
1770253152.8094325,20_2,20,das_work,13.45116901397705,60058,31,1
1770253167.580243,21_2,21,das_work,14.128191471099854,60058,32,1
1770253167.587473,20_2,20,das_work,13.678168296813965,60058,32,1
1770253182.45923,20_2,20,das_work,13.660877227783203,60058,33,1
1770253182.5258884,21_2,21,das_work,13.44135880470276,60058,33,1
1770253197.2145076,21_2,21,das_work,13.619670391082764,60058,34,1
1770253197.2489796,20_2,20,das_work,14.07930874824524,60058,34,1
1770253212.009964,21_2,21,das_work,12.810819625854492,60058,35,1
1770253212.0102556,20_2,20,das_work,12.93091368675232,60058,35,1
1770253226.8930662,21_2,21,das_work,14.00250768661499,60058,36,1
1770253226.8947866,20_2,20,das_work,13.607413053512571,60058,36,1
1770253241.5538912,20_2,20,das_work,13.331863641738892,60058,37,1
1770253241.5894845,21_2,21,das_work,13.01493501663208,60058,37,1
1770253256.3810792,20_2,20,das_work,14.159430027008057,60058,38,1
1770253256.4102583,21_2,21,das_work,13.086662530899048,60058,38,1
1770253271.0888698,21_3,21,das_work,13.883062839508057,60058,39,1
1770253271.1741035,20_3,20,das_work,12.80740761756897,60058,39,1
1770253285.9344146,21_3,21,das_work,13.368639945983888,60058,40,1
1770253285.971779,20_3,20,das_work,12.891990661621094,60058,40,1
1770253300.612223,20_3,20,das_work,13.126621723175049,60058,41,1
1770253300.6707437,21_3,21,das_work,13.404212474822998,60058,41,1
1770253315.409906,20_3,20,das_work,14.017393350601196,60058,42,1
1770253315.4101052,21_3,21,das_work,14.16052746772766,60058,42,1
1770253330.1263034,21_3,21,das_work,13.505715131759644,60058,43,1
1770253330.1265855,20_3,20,das_work,13.703187227249146,60058,43,1
1770253344.9530797,20_3,20,das_work,12.903480529785156,60058,44,1
1770253344.9597127,21_3,21,das_work,12.974482774734495,60058,44,1
1770253359.6298451,20_3,20,das_work,13.76022744178772,60058,45,1
1770253359.6868234,21_3,21,das_work,13.172306776046751,60058,45,1
1770253374.6116354,21_3,21,das_work,13.856353044509888,60058,46,1
1770253374.6131785,20_3,20,das_work,13.677848100662231,60058,46,1
1770253389.3660414,21_3,21,das_work,14.231377363204956,60058,47,1
1770253389.3681357,20_3,20,das_work,13.360981225967407,60058,47,1
1770253404.1276507,21_3,21,das_work,14.01785373687744,60058,48,1
1770253404.138,20_3,20,das_work,12.802355527877808,60058,48,1
1770253418.8754437,21_4,21,das_work,13.755873441696169,60058,49,1
1770253418.9399729,20_4,20,das_work,13.409428358078005,60058,49,1
1770253433.626588,21_4,21,das_work,12.954955101013184,60058,50,1
1770253433.628939,20_4,20,das_work,13.055360794067385,60058,50,1
1770253448.5682037,21_4,21,das_work,14.23093843460083,60058,51,1
1770253448.625419,20_4,20,das_work,14.009684324264526,60058,51,1
1770253463.287108,20_4,20,das_work,12.9270601272583,60058,52,1
1770253463.2874246,21_4,21,das_work,13.236394882202148,60058,52,1
1770253478.1104417,21_4,21,das_work,13.757737159729004,60058,53,1
1770253478.1106288,20_4,20,das_work,13.939146280288696,60058,53,1
1770253492.8403356,20_4,20,das_work,13.85451078414917,60058,54,1
1770253492.8488574,21_4,21,das_work,13.50450563430786,60058,54,1
1770253507.6191387,21_4,21,das_work,13.522111654281616,60058,55,1
1770253507.6649728,20_4,20,das_work,13.89252781867981,60058,55,1
1770253522.4155104,20_4,20,das_work,13.478193759918211,60058,56,1
1770253522.448771,21_4,21,das_work,14.05036473274231,60058,56,1
1770253537.1694722,21_4,21,das_work,12.76979923248291,60058,57,1
1770253537.174106,20_4,20,das_work,13.293920755386353,60058,57,1
1770253551.491856,20_4,20,das_work,12.741116046905518,60058,58,1
1770253551.492058,21_4,21,das_work,13.719793558120728,60058,58,1
1770252833.6481462,22_0,22,das_work,6.370696783065796,60058,9,1
1770252846.7122507,22_0,22,das_work,12.098175764083862,60058,10,1
1770252860.0142806,22_0,22,das_work,12.414654970169067,60058,11,1
1770252873.804997,22_0,22,das_work,13.258213996887209,60058,12,1
1770252887.7872057,22_0,22,das_work,12.103535175323486,60058,13,1
1770252902.522687,22_0,22,das_work,13.490516185760498,60058,14,1
1770252917.4190123,22_0,22,das_work,14.074167490005491,60058,15,1
1770252931.9419544,22_0,22,das_work,12.795334100723268,60058,16,1
1770252946.6401596,22_0,22,das_work,13.17616605758667,60058,17,1
1770252961.3105693,23_0,23,das_work,127.79614448547365,60058,18,1
1770252961.3173742,22_0,22,das_work,13.80225157737732,60058,18,1
1770252975.7745664,23_0,23,das_work,13.286895751953123,60058,19,1
1770252975.777678,22_1,22,das_work,13.25298523902893,60058,19,1
1770252990.3207686,22_1,22,das_work,13.73034381866455,60058,20,1
1770252990.3522391,23_0,23,das_work,13.189205884933472,60058,20,1
1770253004.8150754,23_0,23,das_work,13.693660259246826,60058,21,1
1770253004.8276596,22_1,22,das_work,12.555107831954956,60058,21,1
1770253019.4503453,22_1,22,das_work,13.859271049499512,60058,22,1
1770253019.4621644,23_0,23,das_work,13.167562246322632,60058,22,1
1770253034.2298217,23_0,23,das_work,13.11607050895691,60058,23,1
1770253034.2495158,22_1,22,das_work,13.971176147460938,60058,23,1
1770253048.9481075,22_1,22,das_work,12.94763970375061,60058,24,1
1770253049.0317197,23_0,23,das_work,13.665507316589355,60058,24,1
1770253063.8133173,22_1,22,das_work,12.93727445602417,60058,25,1
1770253063.8259792,23_0,23,das_work,12.878382205963137,60058,25,1
1770253078.52696,22_1,22,das_work,13.164496660232544,60058,26,1
1770253078.5547917,23_0,23,das_work,14.071281671524048,60058,26,1
1770253093.4892802,22_1,22,das_work,13.496713161468506,60058,27,1
1770253093.5127394,23_0,23,das_work,13.18659281730652,60058,27,1
1770253108.287761,23_1,23,das_work,13.673438310623167,60058,28,1
1770253108.292735,22_1,22,das_work,13.93111252784729,60058,28,1
1770253123.1513782,22_2,22,das_work,13.43408751487732,60058,29,1
1770253123.2558925,23_1,23,das_work,13.862410306930542,60058,29,1
1770253138.0135736,22_2,22,das_work,12.880060195922852,60058,30,1
1770253138.0144992,23_1,23,das_work,13.002625226974487,60058,30,1
1770253152.811285,22_2,22,das_work,12.814821481704712,60058,31,1
1770253152.834952,23_1,23,das_work,13.10655403137207,60058,31,1
1770253167.5238883,23_1,23,das_work,12.72419023513794,60058,32,1
1770253167.5731688,22_2,22,das_work,13.863091945648192,60058,32,1
1770253182.4327314,22_2,22,das_work,14.08462905883789,60058,33,1
1770253182.458957,23_1,23,das_work,14.416384935379028,60058,33,1
1770253197.216103,23_1,23,das_work,13.622823476791382,60058,34,1
1770253197.2477093,22_2,22,das_work,13.741283178329468,60058,34,1
1770253212.0026765,23_1,23,das_work,13.09601879119873,60058,35,1
1770253212.003583,22_2,22,das_work,13.833386659622192,60058,35,1
1770253226.8855622,23_1,23,das_work,13.940142631530762,60058,36,1
1770253226.892861,22_2,22,das_work,13.470201253890991,60058,36,1
1770253241.597835,23_1,23,das_work,12.951990365982056,60058,37,1
1770253241.5991051,22_2,22,das_work,13.954430103302002,60058,37,1
1770253256.3558166,22_2,22,das_work,12.883726358413696,60058,38,1
1770253256.4109025,23_2,23,das_work,14.056802034378052,60058,38,1
1770253271.120222,22_3,22,das_work,13.876571416854858,60058,39,1
1770253271.1204455,23_2,23,das_work,13.75574827194214,60058,39,1
1770253285.9398766,23_2,23,das_work,13.450140714645386,60058,40,1
1770253285.9720726,22_3,22,das_work,14.116876363754272,60058,40,1
1770253300.6119137,22_3,22,das_work,12.890464544296265,60058,41,1
1770253300.640534,23_2,23,das_work,13.888258934020996,60058,41,1
1770253315.3453755,22_3,22,das_work,12.81014084815979,60058,42,1
1770253315.3773732,23_2,23,das_work,13.929858207702637,60058,42,1
1770253330.0935524,23_2,23,das_work,14.16610622406006,60058,43,1
1770253330.1232774,22_3,22,das_work,13.267374515533447,60058,43,1
1770253344.8943985,23_2,23,das_work,14.059529781341553,60058,44,1
1770253344.8946383,22_3,22,das_work,13.891908645629885,60058,44,1
1770253359.6581192,23_2,23,das_work,14.117377042770386,60058,45,1
1770253359.658394,22_3,22,das_work,13.996535778045654,60058,45,1
1770253374.642301,22_3,22,das_work,13.5669846534729,60058,46,1
1770253374.64261,23_2,23,das_work,13.493274927139282,60058,46,1
1770253389.3643007,23_2,23,das_work,13.132911205291748,60058,47,1
1770253389.3692777,22_3,22,das_work,13.44021487236023,60058,47,1
1770253404.0538683,23_3,23,das_work,12.953219413757324,60058,48,1
1770253404.054145,22_3,22,das_work,14.023194074630736,60058,48,1
1770253418.90842,23_3,23,das_work,13.408502340316772,60058,49,1
1770253418.9089265,22_4,22,das_work,13.463045358657835,60058,49,1
1770253433.6271365,22_4,22,das_work,13.677632093429564,60058,50,1
1770253433.6382449,23_3,23,das_work,14.127948999404907,60058,50,1
1770253448.567803,23_3,23,das_work,13.975165843963625,60058,51,1
1770253448.628771,22_4,22,das_work,13.089131593704224,60058,51,1
1770253463.3135598,23_3,23,das_work,13.990669012069702,60058,52,1
1770253463.369957,22_4,22,das_work,12.993374347686768,60058,52,1
1770253478.1048098,23_3,23,das_work,13.267951250076294,60058,53,1
1770253478.1712666,22_4,22,das_work,14.208114385604858,60058,53,1
1770253492.8465066,22_4,22,das_work,13.136515140533447,60058,54,1
1770253492.873032,23_3,23,das_work,13.649501085281372,60058,54,1
1770253507.616888,22_4,22,das_work,13.32282018661499,60058,55,1
1770253507.697711,23_3,23,das_work,13.35044550895691,60058,55,1
1770253522.4153793,23_3,23,das_work,12.86462140083313,60058,56,1
1770253522.4503784,22_4,22,das_work,14.144093990325928,60058,56,1
1770253537.1687193,22_4,22,das_work,13.070595026016235,60058,57,1
1770253537.1782176,23_3,23,das_work,12.892861604690552,60058,57,1
1770253551.4853113,23_4,23,das_work,12.3901207447052,60058,58,1
1770253551.4952934,22_4,22,das_work,12.91155457496643,60058,58,1
1770253565.5118723,23_4,23,das_work,13.232775211334229,60058,59,1
1770253579.1596498,23_4,23,das_work,12.276556730270386,60058,60,1
1770253592.4304984,23_4,23,das_work,12.01469349861145,60058,61,1
1770253605.5212014,23_4,23,das_work,11.113093614578249,60058,62,1
1770253618.266476,23_4,23,das_work,12.00969099998474,60058,63,1
1770253630.4749596,23_4,23,das_work,10.655014991760254,60058,64,1
1770253642.747327,23_4,23,das_work,11.584299325942991,60058,65,1
1770253654.926649,23_4,23,das_work,11.20728325843811,60058,66,1
1770253667.1146731,23_4,23,das_work,10.570538997650146,60058,67,1
1770252833.678908,25_0,25,das_work,2.033121347427368,60058,9,1
1770252833.6792326,24_0,24,das_work,2.516827344894409,60058,9,1
1770252846.629921,25_0,25,das_work,12.260377645492554,60058,10,1
1770252846.668276,24_0,24,das_work,11.569494009017944,60058,10,1
1770252859.9849994,24_0,24,das_work,12.263462543487549,60058,11,1
1770252859.9853294,25_0,25,das_work,12.111786842346191,60058,11,1
1770252873.723579,25_0,25,das_work,11.786880493164062,60058,12,1
1770252873.7776082,24_0,24,das_work,13.180015087127686,60058,12,1
1770252887.799185,24_0,24,das_work,12.378201007843018,60058,13,1
1770252887.7993956,25_0,25,das_work,12.46004843711853,60058,13,1
1770252902.4391036,24_0,24,das_work,13.34916925430298,60058,14,1
1770252902.5271196,25_0,25,das_work,13.182022333145142,60058,14,1
1770252917.364851,24_0,24,das_work,13.290072441101074,60058,15,1
1770252917.3667245,25_0,25,das_work,13.484914541244509,60058,15,1
1770252931.9387372,24_0,24,das_work,13.043486595153809,60058,16,1
1770252931.9418,25_0,25,das_work,12.651536464691162,60058,16,1
1770252946.6139102,25_0,25,das_work,13.17451286315918,60058,17,1
1770252946.614203,24_0,24,das_work,13.707621574401855,60058,17,1
1770252961.3115704,25_0,25,das_work,13.687377214431764,60058,18,1
1770252961.3191683,24_0,24,das_work,14.043911457061768,60058,18,1
1770252975.7750423,25_1,25,das_work,13.087247371673584,60058,19,1
1770252975.8117275,24_1,24,das_work,12.944166898727415,60058,19,1
1770252990.3532078,24_1,24,das_work,13.41525673866272,60058,20,1
1770252990.353454,25_1,25,das_work,14.03003215789795,60058,20,1
1770253004.8288352,25_1,25,das_work,13.432759284973145,60058,21,1
1770253004.833914,24_1,24,das_work,13.665510892868042,60058,21,1
1770253019.452062,25_1,25,das_work,12.763453245162964,60058,22,1
1770253019.459422,24_1,24,das_work,13.385612726211548,60058,22,1
1770253034.240378,24_1,24,das_work,14.178097486495972,60058,23,1
1770253034.247856,25_1,25,das_work,13.338711738586426,60058,23,1
1770253048.9486682,25_1,25,das_work,13.087096214294434,60058,24,1
1770253049.0228567,24_1,24,das_work,13.899971961975098,60058,24,1
1770253063.8270016,24_1,24,das_work,13.811466217041016,60058,25,1
1770253063.827202,25_1,25,das_work,14.191525936126707,60058,25,1
1770253078.525941,25_1,25,das_work,13.28536343574524,60058,26,1
1770253078.576931,24_1,24,das_work,13.880034685134888,60058,26,1
1770253093.4964569,25_1,25,das_work,13.90437912940979,60058,27,1
1770253093.4967122,24_1,24,das_work,13.384892225265505,60058,27,1
1770253108.2221673,24_1,24,das_work,13.486871719360352,60058,28,1
1770253108.2849677,25_1,25,das_work,13.921829462051392,60058,28,1
1770253123.1517048,24_2,24,das_work,13.526471376419067,60058,29,1
1770253123.2509289,25_2,25,das_work,12.976033926010132,60058,29,1
1770253137.9512362,25_2,25,das_work,13.030700922012327,60058,30,1
1770253137.9797356,24_2,24,das_work,13.692242860794067,60058,30,1
1770253152.7821648,24_2,24,das_work,13.356374740600586,60058,31,1
1770253152.813583,25_2,25,das_work,13.10835075378418,60058,31,1
1770253167.582721,25_2,25,das_work,13.857510089874268,60058,32,1
1770253167.5831535,24_2,24,das_work,14.054581880569458,60058,32,1
1770253182.458428,25_2,25,das_work,13.189448595046995,60058,33,1
1770253182.5237858,24_2,24,das_work,13.505876541137695,60058,33,1
1770253197.2169058,24_2,24,das_work,14.18099594116211,60058,34,1
1770253197.2171657,25_2,25,das_work,14.077153205871582,60058,34,1
1770253212.009945,25_2,25,das_work,13.121275424957275,60058,35,1
1770253212.0102935,24_2,24,das_work,14.00151753425598,60058,35,1
1770253226.8855624,24_2,24,das_work,13.101758241653442,60058,36,1
1770253226.887923,25_2,25,das_work,14.256267309188845,60058,36,1
1770253241.6007092,24_2,24,das_work,13.683634281158447,60058,37,1
1770253241.6016688,25_2,25,das_work,13.890425682067873,60058,37,1
1770253256.3599205,24_2,24,das_work,13.39486598968506,60058,38,1
1770253256.4092777,25_2,25,das_work,14.079217910766602,60058,38,1
1770253271.0880694,24_3,24,das_work,13.49755597114563,60058,39,1
1770253271.165653,25_3,25,das_work,13.102475881576538,60058,39,1
1770253285.9350774,25_3,25,das_work,13.5207941532135,60058,40,1
1770253285.944138,24_3,24,das_work,13.68402099609375,60058,40,1
1770253300.6738524,25_3,25,das_work,13.791491508483888,60058,41,1
1770253300.6741252,24_3,24,das_work,12.989977598190308,60058,41,1
1770253315.3743467,25_3,25,das_work,13.227130651474,60058,42,1
1770253315.404164,24_3,24,das_work,14.163575410842896,60058,42,1
1770253330.1342804,24_3,24,das_work,13.196762084960938,60058,43,1
1770253330.134482,25_3,25,das_work,13.172636270523071,60058,43,1
1770253344.893319,24_3,24,das_work,14.200889825820925,60058,44,1
1770253344.9587264,25_3,25,das_work,13.433894872665403,60058,44,1
1770253359.6286733,24_3,24,das_work,13.46667194366455,60058,45,1
1770253359.6294715,25_3,25,das_work,13.16251254081726,60058,45,1
1770253374.609264,25_3,25,das_work,14.158616542816162,60058,46,1
1770253374.6095457,24_3,24,das_work,14.104222297668455,60058,46,1
1770253389.3064091,24_3,24,das_work,12.902141332626345,60058,47,1
1770253389.3663647,25_3,25,das_work,14.009459972381592,60058,47,1
1770253404.128598,25_3,25,das_work,13.39026403427124,60058,48,1
1770253404.1377344,24_3,24,das_work,13.961752653121948,60058,48,1
1770253418.8761976,25_4,25,das_work,13.218683004379272,60058,49,1
1770253418.907163,24_4,24,das_work,13.308382511138916,60058,49,1
1770253433.6429422,25_4,25,das_work,13.670966148376465,60058,50,1
1770253433.6431372,24_4,24,das_work,13.68666648864746,60058,50,1
1770253448.6224315,24_4,24,das_work,14.119431495666504,60058,51,1
1770253448.6263916,25_4,25,das_work,13.934358835220335,60058,51,1
1770253463.2833006,24_4,24,das_work,13.48336410522461,60058,52,1
1770253463.3384285,25_4,25,das_work,13.805147647857666,60058,52,1
1770253478.1600978,25_4,25,das_work,13.864721059799194,60058,53,1
1770253478.1711109,24_4,24,das_work,13.15506362915039,60058,53,1
1770253492.8460364,25_4,25,das_work,13.511346101760864,60058,54,1
1770253492.874089,24_4,24,das_work,13.58695650100708,60058,54,1
1770253507.705938,25_4,25,das_work,13.66418480873108,60058,55,1
1770253507.7062645,24_4,24,das_work,14.008308410644531,60058,55,1
1770253522.4190629,24_4,24,das_work,12.717275857925417,60058,56,1
1770253522.451671,25_4,25,das_work,13.814387321472168,60058,56,1
1770253537.1092985,25_4,25,das_work,12.93953537940979,60058,57,1
1770253537.1095488,24_4,24,das_work,14.139647483825684,60058,57,1
1770253551.480611,24_4,24,das_work,13.595064640045166,60058,58,1
1770253551.4915793,25_4,25,das_work,12.76946210861206,60058,58,1
1770252846.6628437,26_0,26,das_work,5.226773262023926,60058,10,1
1770252846.6698575,27_0,27,das_work,2.6957852840423584,60058,10,1
1770252860.0692391,27_0,27,das_work,12.60867953300476,60058,11,1
1770252860.0695553,26_0,26,das_work,12.426070928573608,60058,11,1
1770252873.7862449,26_0,26,das_work,11.969927549362184,60058,12,1
1770252873.7865694,27_0,27,das_work,12.684520244598389,60058,12,1
1770252887.7908504,26_0,26,das_work,12.313389539718628,60058,13,1
1770252887.8021598,27_0,27,das_work,13.257323741912842,60058,13,1
1770252902.5321293,27_0,27,das_work,14.119006872177124,60058,14,1
1770252902.5324662,26_0,26,das_work,14.04616355895996,60058,14,1
1770252917.3620124,27_0,27,das_work,13.105469703674316,60058,15,1
1770252917.420974,26_0,26,das_work,14.316885232925417,60058,15,1
1770252931.9666398,26_0,26,das_work,14.007745265960692,60058,16,1
1770252931.9669092,27_0,27,das_work,13.724673748016356,60058,16,1
1770252946.637672,26_0,26,das_work,13.73426389694214,60058,17,1
1770252946.7082183,27_0,27,das_work,14.153451681137083,60058,17,1
1770252961.3166633,27_0,27,das_work,12.9950213432312,60058,18,1
1770252961.3210726,26_0,26,das_work,13.665846824645996,60058,18,1
1770252975.7781184,26_0,26,das_work,13.365143060684204,60058,19,1
1770252975.7783232,27_0,27,das_work,13.184837341308594,60058,19,1
1770252990.2658784,27_1,27,das_work,13.591755867004396,60058,20,1
1770252990.2933784,26_1,26,das_work,12.909764289855955,60058,20,1
1770253004.820417,26_1,26,das_work,13.060427904129028,60058,21,1
1770253004.8270397,27_1,27,das_work,13.334020614624023,60058,21,1
1770253019.4682343,26_1,26,das_work,12.716993808746338,60058,22,1
1770253019.4694445,27_1,27,das_work,13.15528678894043,60058,22,1
1770253034.2387605,27_1,27,das_work,13.527681589126589,60058,23,1
1770253034.242736,26_1,26,das_work,14.144675016403198,60058,23,1
1770253049.0228224,26_1,26,das_work,13.3245587348938,60058,24,1
1770253049.0256035,27_1,27,das_work,13.08879041671753,60058,24,1
1770253063.8133469,27_1,27,das_work,13.874527215957642,60058,25,1
1770253063.897118,26_1,26,das_work,12.960535764694214,60058,25,1
1770253078.5260696,27_1,27,das_work,13.096032619476318,60058,26,1
1770253078.5762873,26_1,26,das_work,13.963892698287964,60058,26,1
1770253093.5531223,27_1,27,das_work,14.302687168121338,60058,27,1
1770253093.553417,26_1,26,das_work,13.117124557495115,60058,27,1
1770253108.2216623,27_1,27,das_work,12.680989265441896,60058,28,1
1770253108.2521224,26_1,26,das_work,13.047069549560549,60058,28,1
1770253123.1858263,26_1,26,das_work,13.38455319404602,60058,29,1
1770253123.2516549,27_1,27,das_work,13.477404356002808,60058,29,1
1770253137.950741,27_2,27,das_work,13.138548612594604,60058,30,1
1770253138.0170913,26_2,26,das_work,13.008797645568848,60058,30,1
1770253152.78671,27_2,27,das_work,14.266677379608154,60058,31,1
1770253152.815072,26_2,26,das_work,13.144257307052612,60058,31,1
1770253167.523824,27_2,27,das_work,13.331350564956663,60058,32,1
1770253167.5844576,26_2,26,das_work,13.864201068878174,60058,32,1
1770253182.4894052,26_2,26,das_work,12.991840600967407,60058,33,1
1770253182.5251555,27_2,27,das_work,13.482668161392212,60058,33,1
1770253197.2439313,26_2,26,das_work,14.063498735427856,60058,34,1
1770253197.2771432,27_2,27,das_work,13.742512464523315,60058,34,1
1770253211.978058,27_2,27,das_work,13.529043674468994,60058,35,1
1770253212.033743,26_2,26,das_work,13.93895959854126,60058,35,1
1770253226.849611,26_2,26,das_work,13.468578100204468,60058,36,1
1770253226.8944464,27_2,27,das_work,13.033337354660034,60058,36,1
1770253241.5269594,26_2,26,das_work,12.732168197631836,60058,37,1
1770253241.549766,27_2,27,das_work,13.335840702056885,60058,37,1
1770253256.3593764,26_2,26,das_work,13.391733169555664,60058,38,1
1770253256.381626,27_2,27,das_work,13.353717803955078,60058,38,1
1770253271.174379,26_2,26,das_work,12.89863395690918,60058,39,1
1770253271.1756587,27_2,27,das_work,12.932447910308838,60058,39,1
1770253285.941563,26_3,26,das_work,13.092463970184326,60058,40,1
1770253285.9715998,27_3,27,das_work,13.97000789642334,60058,40,1
1770253300.6422276,27_3,27,das_work,12.698226690292358,60058,41,1
1770253300.6690574,26_3,26,das_work,13.415143013000488,60058,41,1
1770253315.408292,27_3,27,das_work,13.939704895019531,60058,42,1
1770253315.4090204,26_3,26,das_work,14.133763313293455,60058,42,1
1770253330.066098,26_3,26,das_work,13.14321494102478,60058,43,1
1770253330.1316133,27_3,27,das_work,13.5300714969635,60058,43,1
1770253344.95759,26_3,26,das_work,13.029706954956056,60058,44,1
1770253344.965358,27_3,27,das_work,12.867116689682009,60058,44,1
1770253359.6557431,26_3,26,das_work,12.997152090072632,60058,45,1
1770253359.689818,27_3,27,das_work,12.89725399017334,60058,45,1
1770253374.639814,26_3,26,das_work,14.47053360939026,60058,46,1
1770253374.6651752,27_3,27,das_work,13.41850447654724,60058,46,1
1770253389.370635,27_3,27,das_work,13.754351139068604,60058,47,1
1770253389.3709538,26_3,26,das_work,14.220062255859377,60058,47,1
1770253404.078015,26_3,26,das_work,13.89402961730957,60058,48,1
1770253404.102766,27_3,27,das_work,13.110369682312012,60058,48,1
1770253418.908743,27_3,27,das_work,13.510361194610596,60058,49,1
1770253418.9110062,26_3,26,das_work,13.895494222640991,60058,49,1
1770253433.6221166,27_4,27,das_work,13.57683277130127,60058,50,1
1770253433.65045,26_4,26,das_work,13.847822666168211,60058,50,1
1770253448.5660982,27_4,27,das_work,14.343489408493042,60058,51,1
1770253448.6271725,26_4,26,das_work,13.691545963287354,60058,51,1
1770253463.288351,26_4,26,das_work,13.896289825439451,60058,52,1
1770253463.2885358,27_4,27,das_work,13.1827495098114,60058,52,1
1770253478.134166,26_4,26,das_work,13.877270221710203,60058,53,1
1770253478.169037,27_4,27,das_work,13.489073753356934,60058,53,1
1770253492.8495898,27_4,27,das_work,13.452260494232178,60058,54,1
1770253492.851009,26_4,26,das_work,13.76335334777832,60058,54,1
1770253507.619433,26_4,26,das_work,13.190155506134031,60058,55,1
1770253507.701488,27_4,27,das_work,13.044211387634276,60058,55,1
1770253522.417573,27_4,27,das_work,12.92827582359314,60058,56,1
1770253522.4507377,26_4,26,das_work,14.144448518753052,60058,56,1
1770253537.1685874,27_4,27,das_work,13.986510038375854,60058,57,1
1770253537.1697035,26_4,26,das_work,13.453250169754028,60058,57,1
1770253551.4916892,26_4,26,das_work,12.65147089958191,60058,58,1
1770253551.4976575,27_4,27,das_work,12.894895315170288,60058,58,1
1770253565.5079646,27_4,27,das_work,13.27205753326416,60058,59,1
1770253565.5083165,26_4,26,das_work,12.45008111000061,60058,59,1
1770252833.648409,28_0,28,das_work,0.9359030723571776,60058,9,1
1770252846.666809,28_0,28,das_work,12.445369720458984,60058,10,1
1770252846.6686866,29_0,29,das_work,5.218616962432861,60058,10,1
1770252859.9855158,28_0,28,das_work,12.222797870635986,60058,11,1
1770252859.985794,29_0,29,das_work,12.118553400039673,60058,11,1
1770252873.72341,28_0,28,das_work,12.900970935821531,60058,12,1
1770252873.777127,29_0,29,das_work,12.109881162643433,60058,12,1
1770252887.7924714,29_0,29,das_work,13.305142402648926,60058,13,1
1770252887.7938974,28_0,28,das_work,12.131277322769163,60058,13,1
1770252902.4457254,29_0,29,das_work,13.37684965133667,60058,14,1
1770252902.44604,28_0,28,das_work,13.3391010761261,60058,14,1
1770252917.3653884,29_0,29,das_work,13.43548345565796,60058,15,1
1770252917.4215658,28_0,28,das_work,13.376232147216797,60058,15,1
1770252931.9421985,28_0,28,das_work,12.655897617340088,60058,16,1
1770252932.0025573,29_0,29,das_work,13.922863721847534,60058,16,1
1770252946.6402872,28_0,28,das_work,13.203417778015137,60058,17,1
1770252946.7068183,29_0,29,das_work,13.881965160369871,60058,17,1
1770252961.3128438,28_0,28,das_work,13.43837285041809,60058,18,1
1770252961.332555,29_0,29,das_work,13.706460952758787,60058,18,1
1770252975.7824116,29_0,29,das_work,12.56302571296692,60058,19,1
1770252975.78271,28_1,28,das_work,13.17616367340088,60058,19,1
1770252990.299868,28_1,28,das_work,13.085347890853882,60058,20,1
1770252990.3017642,29_1,29,das_work,12.733470439910889,60058,20,1
1770253004.8274724,29_1,29,das_work,13.245749235153198,60058,21,1
1770253004.833035,28_1,28,das_work,13.63909387588501,60058,21,1
1770253019.4471812,29_1,29,das_work,13.81252384185791,60058,22,1
1770253019.464289,28_1,28,das_work,13.549514770507812,60058,22,1
1770253034.239898,28_1,28,das_work,13.458979606628418,60058,23,1
1770253034.2485092,29_1,29,das_work,14.015733242034912,60058,23,1
1770253048.9478438,28_1,28,das_work,13.194737672805786,60058,24,1
1770253049.0222847,29_1,29,das_work,14.026799440383911,60058,24,1
1770253063.8930717,29_1,29,das_work,13.535998344421388,60058,25,1
1770253063.898727,28_1,28,das_work,14.299758434295654,60058,25,1
1770253078.53152,28_1,28,das_work,12.916013240814207,60058,26,1
1770253078.5322926,29_1,29,das_work,12.91276717185974,60058,26,1
1770253093.4909174,28_1,28,das_work,13.643412113189695,60058,27,1
1770253093.4946926,29_1,29,das_work,13.795920610427856,60058,27,1
1770253108.248463,29_1,29,das_work,13.67402720451355,60058,28,1
1770253108.2919085,28_1,28,das_work,13.50122332572937,60058,28,1
1770253123.2505374,28_2,28,das_work,14.424959659576416,60058,29,1
1770253123.2516692,29_1,29,das_work,14.161030292510986,60058,29,1
1770253137.9830842,28_2,28,das_work,12.741595268249512,60058,30,1
1770253138.014781,29_2,29,das_work,13.463993072509766,60058,30,1
1770253152.7520893,28_2,28,das_work,13.727665424346924,60058,31,1
1770253152.8365345,29_2,29,das_work,13.562158584594728,60058,31,1
1770253167.5225396,29_2,29,das_work,12.941996335983276,60058,32,1
1770253167.590263,28_2,28,das_work,14.188183069229126,60058,32,1
1770253182.492779,28_2,28,das_work,13.987260818481444,60058,33,1
1770253182.4937568,29_2,29,das_work,13.586994647979736,60058,33,1
1770253197.2464488,28_2,28,das_work,13.286934852600098,60058,34,1
1770253197.2769682,29_2,29,das_work,13.8237943649292,60058,34,1
1770253212.0073948,28_2,28,das_work,13.779592037200928,60058,35,1
1770253212.0077178,29_2,29,das_work,12.811573505401611,60058,35,1
1770253226.849675,29_2,29,das_work,13.525420427322388,60058,36,1
1770253226.889131,28_2,28,das_work,12.938001155853271,60058,36,1
1770253241.5500743,29_2,29,das_work,13.88231873512268,60058,37,1
1770253241.5921376,28_2,28,das_work,14.136162519454956,60058,37,1
1770253256.3562346,29_2,29,das_work,12.938158750534058,60058,38,1
1770253256.4431598,28_2,28,das_work,13.827690362930298,60058,38,1
1770253271.1666276,28_3,28,das_work,13.660356283187866,60058,39,1
1770253271.17389,29_2,29,das_work,13.716067790985107,60058,39,1
1770253285.9419694,29_3,29,das_work,13.441185474395752,60058,40,1
1770253285.9439044,28_3,28,das_work,12.839377880096436,60058,40,1
1770253300.6142466,29_3,29,das_work,14.00427746772766,60058,41,1
1770253300.6428475,28_3,28,das_work,13.484579086303713,60058,41,1
1770253315.3492296,28_3,28,das_work,13.913974285125732,60058,42,1
1770253315.349548,29_3,29,das_work,13.830803394317629,60058,42,1
1770253330.0666718,28_3,28,das_work,13.256929874420166,60058,43,1
1770253330.0940769,29_3,29,das_work,12.94216537475586,60058,43,1
1770253344.9202454,28_3,28,das_work,13.502614736557009,60058,44,1
1770253344.9656303,29_3,29,das_work,12.976378440856934,60058,44,1
1770253359.624973,28_3,28,das_work,13.060036420822144,60058,45,1
1770253359.6883898,29_3,29,das_work,13.829710006713867,60058,45,1
1770253374.605199,28_3,28,das_work,13.509682178497314,60058,46,1
1770253374.6123526,29_3,29,das_work,13.673484086990356,60058,46,1
1770253389.3382049,29_3,29,das_work,12.806689977645874,60058,47,1
1770253389.3390276,28_3,28,das_work,12.951709747314451,60058,47,1
1770253404.1056545,28_3,28,das_work,13.938138008117676,60058,48,1
1770253404.141414,29_3,29,das_work,12.87207055091858,60058,48,1
1770253418.9053974,28_4,28,das_work,14.095569610595703,60058,49,1
1770253418.9376132,29_3,29,das_work,13.322331428527832,60058,49,1
1770253433.6401243,28_4,28,das_work,14.225094079971312,60058,50,1
1770253433.641039,29_4,29,das_work,14.148775577545166,60058,50,1
1770253448.5927265,29_4,29,das_work,13.156160593032835,60058,51,1
1770253448.5930357,28_4,28,das_work,13.968290328979492,60058,51,1
1770253463.2849114,28_4,28,das_work,13.03162932395935,60058,52,1
1770253463.3132274,29_4,29,das_work,13.005788564682009,60058,52,1
1770253478.1351955,29_4,29,das_work,13.587785005569458,60058,53,1
1770253478.1587925,28_4,28,das_work,13.675879716873167,60058,53,1
1770253492.8485355,28_4,28,das_work,14.00281858444214,60058,54,1
1770253492.850355,29_4,29,das_work,13.164820909500122,60058,54,1
1770253507.6992424,29_4,29,das_work,14.226989269256592,60058,55,1
1770253507.7040176,28_4,28,das_work,13.76896357536316,60058,55,1
1770253522.4232693,28_4,28,das_work,13.987329483032228,60058,56,1
1770253522.4235072,29_4,29,das_work,13.63359260559082,60058,56,1
1770253537.0807517,28_4,28,das_work,12.69068694114685,60058,57,1
1770253537.1762033,29_4,29,das_work,12.96382451057434,60058,57,1
1770253551.501151,29_4,29,das_work,12.630611181259155,60058,58,1
1770253551.5014222,28_4,28,das_work,13.087522029876707,60058,58,1
1770253565.5123832,29_4,29,das_work,13.32770013809204,60058,59,1
1770252846.7129967,30_0,30,das_work,8.787592649459839,60058,10,1
1770252860.0682118,30_0,30,das_work,11.779298543930054,60058,11,1
1770252860.068418,31_0,31,das_work,13.276277780532835,60058,11,1
1770252873.7846446,31_0,31,das_work,12.250246524810793,60058,12,1
1770252873.7854764,30_0,30,das_work,11.952536582946776,60058,12,1
1770252887.8047943,31_0,31,das_work,13.465035676956177,60058,13,1
1770252887.8061135,30_0,30,das_work,12.46099591255188,60058,13,1
1770252902.439546,30_0,30,das_work,13.60281777381897,60058,14,1
1770252902.523596,31_0,31,das_work,13.231459856033323,60058,14,1
1770252917.3647232,30_0,30,das_work,12.9404776096344,60058,15,1
1770252917.4165726,31_0,31,das_work,14.215417861938477,60058,15,1
1770252931.94206,30_0,30,das_work,12.601665735244753,60058,16,1
1770252931.992093,31_0,31,das_work,12.845893621444702,60058,16,1
1770252946.6946712,31_0,31,das_work,12.98030161857605,60058,17,1
1770252946.6949637,30_0,30,das_work,14.009604215621948,60058,17,1
1770252961.308244,31_0,31,das_work,13.064165353775024,60058,18,1
1770252961.319548,30_0,30,das_work,13.08752703666687,60058,18,1
1770252975.7241745,31_0,31,das_work,13.099087476730348,60058,19,1
1770252975.7244334,30_0,30,das_work,13.135478734970093,60058,19,1
1770252990.2967553,30_1,30,das_work,13.97032594680786,60058,20,1
1770252990.3009162,31_0,31,das_work,13.226300477981567,60058,20,1
1770253004.8222582,31_1,31,das_work,13.323796033859251,60058,21,1
1770253004.826179,30_1,30,das_work,12.76299285888672,60058,21,1
1770253019.465243,30_1,30,das_work,12.904471397399902,60058,22,1
1770253019.4685464,31_1,31,das_work,13.089793682098389,60058,22,1
1770253034.2405112,31_1,31,das_work,12.820123434066772,60058,23,1
1770253034.2493353,30_1,30,das_work,13.830891132354736,60058,23,1
1770253048.932425,31_1,31,das_work,12.731608152389526,60058,24,1
1770253048.933658,30_1,30,das_work,12.973888635635376,60058,24,1
1770253063.816327,31_1,31,das_work,13.62132215499878,60058,25,1
1770253063.898009,30_1,30,das_work,13.44857907295227,60058,25,1
1770253078.525692,31_1,31,das_work,13.60223913192749,60058,26,1
1770253078.5277271,30_1,30,das_work,13.11104941368103,60058,26,1
1770253093.453648,31_1,31,das_work,13.668692827224731,60058,27,1
1770253093.4937284,30_1,30,das_work,13.884379148483276,60058,27,1
1770253108.22265,30_1,30,das_work,13.2267107963562,60058,28,1
1770253108.2511468,31_1,31,das_work,13.591785430908203,60058,28,1
1770253123.1530278,30_1,30,das_work,13.258399724960327,60058,29,1
1770253123.188469,31_1,31,das_work,13.964637756347656,60058,29,1
1770253138.0030422,31_1,31,das_work,12.87099313735962,60058,30,1
1770253138.0172553,30_2,30,das_work,14.200433492660522,60058,30,1
1770253152.837798,31_2,31,das_work,13.249578475952148,60058,31,1
1770253152.8379912,30_2,30,das_work,13.05787229537964,60058,31,1
1770253167.5790415,30_2,30,das_work,13.253329277038574,60058,32,1
1770253167.5876057,31_2,31,das_work,13.457245826721191,60058,32,1
1770253182.5252542,30_2,30,das_work,13.870518445968628,60058,33,1
1770253182.526342,31_2,31,das_work,13.64756178855896,60058,33,1
1770253197.2173405,30_2,30,das_work,13.921950101852415,60058,34,1
1770253197.21754,31_2,31,das_work,13.783893823623655,60058,34,1
1770253211.9712558,31_2,31,das_work,12.801647424697876,60058,35,1
1770253212.0357473,30_2,30,das_work,13.36269187927246,60058,35,1
1770253226.8921793,30_2,30,das_work,13.652989864349363,60058,36,1
1770253226.8940244,31_2,31,das_work,13.954684019088743,60058,36,1
1770253241.5981166,30_2,30,das_work,14.141750574111938,60058,37,1
1770253241.6014678,31_2,31,das_work,13.93327569961548,60058,37,1
1770253256.3575196,30_2,30,das_work,14.250903844833374,60058,38,1
1770253256.359114,31_2,31,das_work,14.0232834815979,60058,38,1
1770253271.1183412,30_2,30,das_work,13.33207082748413,60058,39,1
1770253271.1670144,31_2,31,das_work,14.065747022628784,60058,39,1
1770253285.9401717,31_2,31,das_work,13.2865309715271,60058,40,1
1770253285.9688745,30_3,30,das_work,14.164889097213743,60058,40,1
1770253300.5854983,31_3,31,das_work,13.86351466178894,60058,41,1
1770253300.6384137,30_3,30,das_work,12.888899087905884,60058,41,1
1770253315.408341,30_3,30,das_work,13.764411449432371,60058,42,1
1770253315.4086075,31_3,31,das_work,13.635738849639893,60058,42,1
1770253330.0942397,31_3,31,das_work,14.0756254196167,60058,43,1
1770253330.1318283,30_3,30,das_work,13.47211456298828,60058,43,1
1770253344.9498868,30_3,30,das_work,13.960180044174194,60058,44,1
1770253344.9551926,31_3,31,das_work,14.025462865829468,60058,44,1
1770253359.6534069,31_3,31,das_work,13.954663038253784,60058,45,1
1770253359.6908953,30_3,30,das_work,13.980057001113892,60058,45,1
1770253374.609023,31_3,31,das_work,12.993681192398071,60058,46,1
1770253374.6377883,30_3,30,das_work,14.279723167419434,60058,46,1
1770253389.3889751,30_3,30,das_work,14.15587878227234,60058,47,1
1770253389.389325,31_3,31,das_work,13.961893320083618,60058,47,1
1770253404.077593,31_3,31,das_work,13.350066661834717,60058,48,1
1770253404.1376145,30_3,30,das_work,12.884180545806885,60058,48,1
1770253418.9076917,30_3,30,das_work,14.191579580307009,60058,49,1
1770253418.9398432,31_3,31,das_work,13.1242036819458,60058,49,1
1770253433.6271884,30_4,30,das_work,13.315528154373167,60058,50,1
1770253433.6337364,31_3,31,das_work,13.979395151138306,60058,50,1
1770253448.5710492,31_4,31,das_work,13.340004920959473,60058,51,1
1770253448.5713642,30_4,30,das_work,14.065209150314333,60058,51,1
1770253463.2841132,30_4,30,das_work,14.210248708724976,60058,52,1
1770253463.313404,31_4,31,das_work,14.16438341140747,60058,52,1
1770253478.1734176,30_4,30,das_work,13.55866265296936,60058,53,1
1770253478.1737273,31_4,31,das_work,13.079984664916992,60058,53,1
1770253492.8489535,31_4,31,das_work,13.723630666732788,60058,54,1
1770253492.8729544,30_4,30,das_work,13.33231234550476,60058,54,1
1770253507.643035,30_4,30,das_work,14.256444692611694,60058,55,1
1770253507.693694,31_4,31,das_work,13.324850797653198,60058,55,1
1770253522.4210217,30_4,30,das_work,12.780267000198364,60058,56,1
1770253522.450225,31_4,31,das_work,13.88043999671936,60058,56,1
1770253537.1728668,31_4,31,das_work,13.81645393371582,60058,57,1
1770253537.1761637,30_4,30,das_work,13.710525751113892,60058,57,1
1770253551.489088,30_4,30,das_work,13.7026629447937,60058,58,1
1770253551.4969296,31_4,31,das_work,13.176995754241943,60058,58,1
1770253565.425435,31_4,31,das_work,13.401050567626951,60058,59,1
1770253565.5046337,30_4,30,das_work,12.770902633666992,60058,59,1
1770253579.1593611,31_4,31,das_work,13.205598831176758,60058,60,1
1770252846.6688914,32_0,32,das_work,5.466450452804565,60058,10,1
1770252846.712078,33_0,33,das_work,9.50488781929016,60058,10,1
1770252860.0401757,33_0,33,das_work,11.91988444328308,60058,11,1
1770252860.0404544,32_0,32,das_work,12.630798816680908,60058,11,1
1770252873.7224977,32_0,32,das_work,12.355048894882202,60058,12,1
1770252873.7790358,33_0,33,das_work,12.806785106658936,60058,12,1
1770252887.7870305,32_0,32,das_work,12.220304489135742,60058,13,1
1770252887.8019505,33_0,33,das_work,12.755500555038452,60058,13,1
1770252902.4431658,33_0,33,das_work,13.520652770996094,60058,14,1
1770252902.4434245,32_0,32,das_work,13.256223917007446,60058,14,1
1770252917.4146054,32_0,32,das_work,13.425504446029665,60058,15,1
1770252917.4220643,33_0,33,das_work,14.274555206298828,60058,15,1
1770252931.9410417,32_0,32,das_work,12.771326780319214,60058,16,1
1770252932.0011387,33_0,33,das_work,13.387385845184326,60058,16,1
1770252946.6908298,33_0,33,das_work,13.708385229110718,60058,17,1
1770252946.7010293,32_0,32,das_work,12.810229063034058,60058,17,1
1770252961.3084242,33_0,33,das_work,12.842978239059448,60058,18,1
1770252961.3110304,32_0,32,das_work,14.001665115356444,60058,18,1
1770252975.777881,33_0,33,das_work,12.47801160812378,60058,19,1
1770252975.780644,32_0,32,das_work,12.507476329803469,60058,19,1
1770252990.265324,33_1,33,das_work,12.525911808013916,60058,20,1
1770252990.3002808,32_1,32,das_work,13.543692111968994,60058,20,1
1770253004.8220465,32_1,32,das_work,13.365110158920288,60058,21,1
1770253004.8271675,33_1,33,das_work,12.584165334701538,60058,21,1
1770253019.461887,32_1,32,das_work,13.2047438621521,60058,22,1
1770253019.465217,33_1,33,das_work,13.109036684036257,60058,22,1
1770253034.2437465,32_1,32,das_work,12.821768045425417,60058,23,1
1770253034.2468462,33_1,33,das_work,13.678174018859863,60058,23,1
1770253048.9313967,32_1,32,das_work,13.345094680786133,60058,24,1
1770253048.9479997,33_1,33,das_work,12.758228540420532,60058,24,1
1770253063.818468,32_1,32,das_work,14.11501932144165,60058,25,1
1770253063.8906138,33_1,33,das_work,13.869870901107788,60058,25,1
1770253078.5297153,33_1,33,das_work,13.583632946014404,60058,26,1
1770253078.5785582,32_1,32,das_work,14.12319803237915,60058,26,1
1770253093.4849072,33_1,33,das_work,14.029746532440186,60058,27,1
1770253093.490808,32_1,32,das_work,14.064959526062012,60058,27,1
1770253108.2869165,33_1,33,das_work,13.908178091049194,60058,28,1
1770253108.2885382,32_1,32,das_work,13.950623989105225,60058,28,1
1770253123.188767,33_1,33,das_work,13.100157260894775,60058,29,1
1770253123.1889648,32_1,32,das_work,13.342093467712402,60058,29,1
1770253138.0149703,33_2,33,das_work,13.00156831741333,60058,30,1
1770253138.0151818,32_2,32,das_work,13.231643438339232,60058,30,1
1770253152.7798932,32_2,32,das_work,13.89268970489502,60058,31,1
1770253152.7865832,33_2,33,das_work,13.345680475234984,60058,31,1
1770253167.57425,33_2,33,das_work,14.233855962753296,60058,32,1
1770253167.5864842,32_2,32,das_work,14.010697364807127,60058,32,1
1770253182.433917,32_2,32,das_work,13.860949277877808,60058,33,1
1770253182.4342272,33_2,33,das_work,13.753936529159546,60058,33,1
1770253197.249147,33_2,33,das_work,14.225404500961304,60058,34,1
1770253197.2770674,32_2,32,das_work,13.779526948928831,60058,34,1
1770253211.9796214,33_2,33,das_work,12.872393369674684,60058,35,1
1770253212.0010717,32_2,32,das_work,12.95568823814392,60058,35,1
1770253226.8952906,33_2,33,das_work,13.937411308288574,60058,36,1
1770253226.895547,32_2,32,das_work,12.995332479476929,60058,36,1
1770253241.5926292,32_2,32,das_work,13.887368440628052,60058,37,1
1770253241.5961962,33_2,33,das_work,12.798796892166138,60058,37,1
1770253256.3814812,32_2,32,das_work,13.367631673812866,60058,38,1
1770253256.410525,33_2,33,das_work,14.242101907730104,60058,38,1
1770253271.1655962,32_2,32,das_work,13.549029350280762,60058,39,1
1770253271.1678514,33_2,33,das_work,14.063034296035768,60058,39,1
1770253285.9446428,32_3,32,das_work,13.883408069610596,60058,40,1
1770253285.9724247,33_3,33,das_work,13.057730674743652,60058,40,1
1770253300.6135938,33_3,33,das_work,13.889396905899048,60058,41,1
1770253300.6429794,32_3,32,das_work,13.62492322921753,60058,41,1
1770253315.345471,32_3,32,das_work,13.134249925613403,60058,42,1
1770253315.405888,33_3,33,das_work,13.562495708465576,60058,42,1
1770253330.1333044,32_3,32,das_work,13.494130611419678,60058,43,1
1770253330.134096,33_3,33,das_work,13.64141297340393,60058,43,1
1770253344.961699,33_3,33,das_work,14.291883707046509,60058,44,1
1770253344.9655588,32_3,32,das_work,14.18957495689392,60058,44,1
1770253359.6255383,33_3,33,das_work,13.830946207046509,60058,45,1
1770253359.6913846,32_3,32,das_work,13.231181383132936,60058,45,1
1770253374.6124892,33_3,33,das_work,13.010583639144896,60058,46,1
1770253374.6393957,32_3,32,das_work,14.370992422103882,60058,46,1
1770253389.3067553,33_3,33,das_work,13.26561689376831,60058,47,1
1770253389.3661697,32_3,32,das_work,13.302023649215698,60058,47,1
1770253404.1013346,33_3,33,das_work,14.154070377349854,60058,48,1
1770253404.1459875,32_3,32,das_work,13.647680044174194,60058,48,1
1770253418.8733072,33_3,33,das_work,13.86884331703186,60058,49,1
1770253418.907792,32_3,32,das_work,13.861902236938477,60058,49,1
1770253433.6285288,32_4,32,das_work,12.83938717842102,60058,50,1
1770253433.6381154,33_4,33,das_work,13.892667531967165,60058,50,1
1770253448.5681047,33_4,33,das_work,13.917795419692991,60058,51,1
1770253448.6208622,32_4,32,das_work,13.654601097106934,60058,51,1
1770253463.3395507,32_4,32,das_work,12.966473817825316,60058,52,1
1770253463.340345,33_4,33,das_work,14.173680067062378,60058,52,1
1770253478.17275,33_4,33,das_work,13.673738956451416,60058,53,1
1770253478.172958,32_4,32,das_work,12.943598747253418,60058,53,1
1770253492.845155,33_4,33,das_work,13.372625589370728,60058,54,1
1770253492.8484173,32_4,32,das_work,12.677308797836304,60058,54,1
1770253507.6431108,33_4,33,das_work,13.91087555885315,60058,55,1
1770253507.698101,32_4,32,das_work,13.72298526763916,60058,55,1
1770253522.4185216,32_4,32,das_work,13.815958976745604,60058,56,1
1770253522.4486594,33_4,33,das_work,14.07093620300293,60058,56,1
1770253537.1706042,32_4,32,das_work,13.89351725578308,60058,57,1
1770253537.17458,33_4,33,das_work,13.599923133850098,60058,57,1
1770253551.5002255,32_4,32,das_work,12.617522954940796,60058,58,1
1770253551.5014098,33_4,33,das_work,13.12883996963501,60058,58,1
1770253565.5017884,32_4,32,das_work,12.21817684173584,60058,59,1
1770253565.502141,33_4,33,das_work,13.048267841339111,60058,59,1
1770252859.9836318,34_0,34,das_work,10.27493166923523,60058,11,1
1770252860.0141125,35_0,35,das_work,7.86579155921936,60058,11,1
1770252873.724933,35_0,35,das_work,11.74957036972046,60058,12,1
1770252873.725212,34_0,34,das_work,12.303818941116331,60058,12,1
1770252887.7883973,34_0,34,das_work,12.167290449142456,60058,13,1
1770252887.8036096,35_0,35,das_work,13.501556396484377,60058,13,1
1770252902.4418442,34_0,34,das_work,13.715087175369264,60058,14,1
1770252902.5270464,35_0,35,das_work,13.421058893203735,60058,14,1
1770252917.3675811,35_0,35,das_work,13.472602367401125,60058,15,1
1770252917.4198666,34_0,34,das_work,13.00891661643982,60058,15,1
1770252931.9428787,35_0,35,das_work,12.685357093811035,60058,16,1
1770252932.002416,34_0,34,das_work,13.833167552947998,60058,16,1
1770252946.6913335,35_0,35,das_work,13.18178915977478,60058,17,1
1770252946.703865,34_0,34,das_work,12.736428499221802,60058,17,1
1770252961.3226526,35_0,35,das_work,12.66521143913269,60058,18,1
1770252961.3229842,34_0,34,das_work,13.454040765762327,60058,18,1
1770252975.8073146,35_0,35,das_work,13.62792181968689,60058,19,1
1770252975.8132167,34_0,34,das_work,13.281426429748535,60058,19,1
1770252990.2954175,34_0,34,das_work,12.544039249420166,60058,20,1
1770252990.3001597,35_0,35,das_work,13.490808010101318,60058,20,1
1770253004.8317745,35_1,35,das_work,13.450208187103271,60058,21,1
1770253004.8350055,34_1,34,das_work,13.29297423362732,60058,21,1
1770253019.459265,34_1,34,das_work,14.085842609405518,60058,22,1
1770253019.4627123,35_1,35,das_work,14.0768301486969,60058,22,1
1770253034.2375066,34_1,34,das_work,12.955753326416016,60058,23,1
1770253034.240945,35_1,35,das_work,13.110084533691406,60058,23,1
1770253048.9303432,34_1,34,das_work,13.404717206954956,60058,24,1
1770253049.024856,35_1,35,das_work,13.867297172546388,60058,24,1
1770253063.809713,34_1,34,das_work,13.457150220870972,60058,25,1
1770253063.89242,35_1,35,das_work,13.179399013519289,60058,25,1
1770253078.529608,34_1,34,das_work,13.677746057510376,60058,26,1
1770253078.5305765,35_1,35,das_work,13.13096809387207,60058,26,1
1770253093.5143728,34_1,34,das_work,13.106116771697998,60058,27,1
1770253093.5146875,35_1,35,das_work,13.046731233596802,60058,27,1
1770253108.2873075,34_1,34,das_work,13.552952527999878,60058,28,1
1770253108.291291,35_1,35,das_work,13.925141334533691,60058,28,1
1770253123.2488637,35_1,35,das_work,14.229296922683716,60058,29,1
1770253123.2547426,34_1,34,das_work,14.461442232131958,60058,29,1
1770253137.949113,34_1,34,das_work,13.841691970825195,60058,30,1
1770253137.980381,35_1,35,das_work,13.430109977722168,60058,30,1
1770253152.8074186,34_2,34,das_work,13.79149341583252,60058,31,1
1770253152.807698,35_2,35,das_work,13.386395454406738,60058,31,1
1770253167.5873668,34_2,34,das_work,13.69315767288208,60058,32,1
1770253167.5915203,35_2,35,das_work,14.144895315170288,60058,32,1
1770253182.4893389,34_2,34,das_work,13.54043984413147,60058,33,1
1770253182.526016,35_2,35,das_work,13.511807203292848,60058,33,1
1770253197.2147694,34_2,34,das_work,13.33119773864746,60058,34,1
1770253197.276626,35_2,35,das_work,13.135972261428831,60058,34,1
1770253212.0084765,34_2,34,das_work,13.784690856933594,60058,35,1
1770253212.0092218,35_2,35,das_work,14.07553005218506,60058,35,1
1770253226.8249967,34_2,34,das_work,13.881159543991089,60058,36,1
1770253226.8917496,35_2,35,das_work,12.999048709869385,60058,36,1
1770253241.600394,34_2,34,das_work,14.16916561126709,60058,37,1
1770253241.6018348,35_2,35,das_work,13.768227577209473,60058,37,1
1770253256.4096477,35_2,35,das_work,13.767568826675417,60058,38,1
1770253256.4419403,34_2,34,das_work,13.478825092315674,60058,38,1
1770253271.1170473,34_2,34,das_work,13.31438374519348,60058,39,1
1770253271.167625,35_2,35,das_work,14.175109624862673,60058,39,1
1770253285.9317615,34_2,34,das_work,13.62714457511902,60058,40,1
1770253285.967481,35_2,35,das_work,14.178534984588625,60058,40,1
1770253300.6419246,34_3,34,das_work,13.438011884689333,60058,41,1
1770253300.673243,35_3,35,das_work,13.816492795944214,60058,41,1
1770253315.346287,34_3,34,das_work,13.251229047775269,60058,42,1
1770253315.374488,35_3,35,das_work,12.88827347755432,60058,42,1
1770253330.0886526,35_3,35,das_work,13.08224630355835,60058,43,1
1770253330.1284428,34_3,34,das_work,13.128032445907593,60058,43,1
1770253344.892203,35_3,35,das_work,13.536825895309448,60058,44,1
1770253344.9199202,34_3,34,das_work,13.930201053619385,60058,44,1
1770253359.6285543,35_3,35,das_work,12.83897614479065,60058,45,1
1770253359.6554706,34_3,34,das_work,14.13740062713623,60058,45,1
1770253374.5787437,34_3,34,das_work,13.323487520217896,60058,46,1
1770253374.579064,35_3,35,das_work,13.98209810256958,60058,46,1
1770253389.3050923,35_3,35,das_work,13.329788446426392,60058,47,1
1770253389.3388226,34_3,34,das_work,14.197124481201172,60058,47,1
1770253404.0783062,35_3,35,das_work,13.404873371124268,60058,48,1
1770253404.144743,34_3,34,das_work,13.361903190612791,60058,48,1
1770253418.912711,34_3,34,das_work,14.049229860305786,60058,49,1
1770253418.9129925,35_3,35,das_work,14.223175764083862,60058,49,1
1770253433.6192627,34_3,34,das_work,14.013734102249146,60058,50,1
1770253433.632591,35_3,35,das_work,13.940332174301147,60058,50,1
1770253448.5904703,35_4,35,das_work,13.059833765029907,60058,51,1
1770253448.5916288,34_4,34,das_work,14.20671534538269,60058,51,1
1770253463.3121414,35_4,35,das_work,13.51172947883606,60058,52,1
1770253463.3365493,34_4,34,das_work,13.991568803787231,60058,52,1
1770253478.1313589,35_4,35,das_work,14.132063150405884,60058,53,1
1770253478.171213,34_4,34,das_work,13.25051474571228,60058,53,1
1770253492.8424597,34_4,34,das_work,13.703060865402222,60058,54,1
1770253492.8446355,35_4,35,das_work,13.85317873954773,60058,54,1
1770253507.6196556,34_4,34,das_work,13.496792793273926,60058,55,1
1770253507.6435034,35_4,35,das_work,13.576188802719116,60058,55,1
1770253522.4569623,35_4,35,das_work,13.75288724899292,60058,56,1
1770253522.4583645,34_4,34,das_work,13.942415237426758,60058,56,1
1770253537.1301134,35_4,35,das_work,12.908711910247805,60058,57,1
1770253537.1651978,34_4,34,das_work,13.813789129257202,60058,57,1
1770253551.484129,34_4,34,das_work,12.63125729560852,60058,58,1
1770253551.485757,35_4,35,das_work,12.600026369094849,60058,58,1
1770253565.505942,35_4,35,das_work,12.579379320144652,60058,59,1
1770253565.5130928,34_4,34,das_work,13.22602653503418,60058,59,1
1770253579.1716664,35_4,35,das_work,12.205020666122437,60058,60,1
1770253579.1719358,34_4,34,das_work,13.030102014541626,60058,60,1
1770252846.6626024,36_0,36,das_work,3.0583856105804443,60058,10,1
1770252846.669379,37_0,37,das_work,1.4199297428131104,60058,10,1
1770252860.0696263,36_0,36,das_work,12.141358852386476,60058,11,1
1770252860.069923,37_0,37,das_work,12.133007526397703,60058,11,1
1770252873.7828898,37_0,37,das_work,12.230552673339844,60058,12,1
1770252873.784826,36_0,36,das_work,11.86474609375,60058,12,1
1770252887.7927158,36_0,36,das_work,12.898280620574951,60058,13,1
1770252887.794293,37_0,37,das_work,13.20082426071167,60058,13,1
1770252902.5282116,37_0,37,das_work,13.600138902664185,60058,14,1
1770252902.53151,36_0,36,das_work,13.66779112815857,60058,14,1
1770252917.3657205,36_0,36,das_work,13.570966243743896,60058,15,1
1770252917.4148076,37_0,37,das_work,13.523410320281982,60058,15,1
1770252931.9395072,36_0,36,das_work,12.756073713302612,60058,16,1
1770252932.0034776,37_0,37,das_work,13.841129064559937,60058,16,1
1770252946.7044666,36_0,36,das_work,13.148676872253418,60058,17,1
1770252946.709232,37_0,37,das_work,12.82894492149353,60058,17,1
1770252961.3078814,37_0,37,das_work,14.037283420562744,60058,18,1
1770252961.3090284,36_0,36,das_work,12.658260583877563,60058,18,1
1770252975.7225416,36_0,36,das_work,13.74098777770996,60058,19,1
1770252975.7233553,37_0,37,das_work,12.711794376373293,60058,19,1
1770252990.265864,36_1,36,das_work,13.772990465164185,60058,20,1
1770252990.3012493,37_1,37,das_work,13.699305295944214,60058,20,1
1770253004.831661,36_1,36,das_work,12.584650039672852,60058,21,1
1770253004.8335505,37_1,37,das_work,13.344566583633425,60058,21,1
1770253019.4646914,36_1,36,das_work,13.93633508682251,60058,22,1
1770253019.468714,37_1,37,das_work,13.852468013763428,60058,22,1
1770253034.2416658,36_1,36,das_work,13.415679216384888,60058,23,1
1770253034.2465124,37_1,37,das_work,14.217193365097046,60058,23,1
1770253048.9312856,37_1,37,das_work,14.028955698013306,60058,24,1
1770253048.9320984,36_1,36,das_work,12.77599310874939,60058,24,1
1770253063.8091683,37_1,37,das_work,14.216192483901978,60058,25,1
1770253063.8175547,36_1,36,das_work,14.173848390579224,60058,25,1
1770253078.5551035,36_1,36,das_work,13.227211952209473,60058,26,1
1770253078.5568378,37_1,37,das_work,13.662919282913208,60058,26,1
1770253093.4935002,37_1,37,das_work,13.28206706047058,60058,27,1
1770253093.5449617,36_1,36,das_work,13.402587890625,60058,27,1
1770253108.252307,36_1,36,das_work,13.700945138931274,60058,28,1
1770253108.2907283,37_1,37,das_work,14.210949897766112,60058,28,1
1770253123.184086,37_1,37,das_work,13.288211822509766,60058,29,1
1770253123.2544525,36_1,36,das_work,13.107167720794678,60058,29,1
1770253137.9799771,37_2,37,das_work,12.94814133644104,60058,30,1
1770253138.0139294,36_2,36,das_work,13.976946353912354,60058,30,1
1770253152.7847085,36_2,36,das_work,14.160244464874268,60058,31,1
1770253152.7866578,37_2,37,das_work,14.059354066848757,60058,31,1
1770253167.5856571,36_2,36,das_work,13.030721664428713,60058,32,1
1770253167.5895731,37_2,37,das_work,13.97429871559143,60058,32,1
1770253182.4324567,37_2,37,das_work,14.32401204109192,60058,33,1
1770253182.4906116,36_2,36,das_work,12.983457326889038,60058,33,1
1770253197.2464955,37_2,37,das_work,14.217685461044312,60058,34,1
1770253197.2495005,36_2,36,das_work,13.6344735622406,60058,34,1
1770253211.9725928,36_2,36,das_work,12.95358657836914,60058,35,1
1770253212.036268,37_2,37,das_work,13.885675191879272,60058,35,1
1770253226.8253274,36_2,36,das_work,13.928757667541504,60058,36,1
1770253226.8851826,37_2,37,das_work,13.83566689491272,60058,36,1
1770253241.548977,37_2,37,das_work,13.48509931564331,60058,37,1
1770253241.5936868,36_2,36,das_work,13.330690383911133,60058,37,1
1770253256.3560522,37_2,37,das_work,12.885479927062988,60058,38,1
1770253256.381434,36_2,36,das_work,13.315001249313354,60058,38,1
1770253271.0874362,37_2,37,das_work,13.57095503807068,60058,39,1
1770253271.1144147,36_2,36,das_work,13.620291471481323,60058,39,1
1770253285.9347296,36_3,36,das_work,13.57581663131714,60058,40,1
1770253285.9449403,37_3,37,das_work,13.330629587173462,60058,40,1
1770253300.6420398,36_3,36,das_work,13.036237239837646,60058,41,1
1770253300.644066,37_3,37,das_work,14.074459075927734,60058,41,1
1770253315.408883,36_3,36,das_work,12.926668882369995,60058,42,1
1770253315.4090874,37_3,37,das_work,14.227615118026732,60058,42,1
1770253330.0682244,36_3,36,das_work,14.136683225631714,60058,43,1
1770253330.0885766,37_3,37,das_work,14.134260654449465,60058,43,1
1770253344.893473,37_3,37,das_work,13.01338005065918,60058,44,1
1770253344.9651968,36_3,36,das_work,13.37327003479004,60058,44,1
1770253359.6294527,37_3,37,das_work,12.792398929595947,60058,45,1
1770253359.6885743,36_3,36,das_work,13.859484195709229,60058,45,1
1770253374.609182,36_3,36,das_work,14.090674638748167,60058,46,1
1770253374.612297,37_3,37,das_work,14.233225345611572,60058,46,1
1770253389.334339,37_3,37,das_work,13.121987581253052,60058,47,1
1770253389.3633344,36_3,36,das_work,14.035435914993286,60058,47,1
1770253404.1045103,36_3,36,das_work,13.79202437400818,60058,48,1
1770253404.1441128,37_3,37,das_work,13.028828382492064,60058,48,1
1770253418.8758764,36_3,36,das_work,14.040536642074583,60058,49,1
1770253418.9451404,37_3,37,das_work,12.947730779647827,60058,49,1
1770253433.627487,36_4,36,das_work,14.052954912185667,60058,50,1
1770253433.6345685,37_4,37,das_work,13.790684700012209,60058,50,1
1770253448.593242,37_4,37,das_work,14.02422332763672,60058,51,1
1770253448.5934465,36_4,36,das_work,13.307300806045532,60058,51,1
1770253463.3122509,36_4,36,das_work,13.681717157363892,60058,52,1
1770253463.3385174,37_4,37,das_work,12.846218347549438,60058,52,1
1770253478.1312258,36_4,36,das_work,13.85432481765747,60058,53,1
1770253478.1692972,37_4,37,das_work,13.10808277130127,60058,53,1
1770253492.8509767,36_4,36,das_work,13.018545627593994,60058,54,1
1770253492.851268,37_4,37,das_work,13.056031942367554,60058,54,1
1770253507.701111,37_4,37,das_work,13.19944977760315,60058,55,1
1770253507.704415,36_4,36,das_work,14.143552303314207,60058,55,1
1770253522.4153018,36_4,36,das_work,13.489553928375244,60058,56,1
1770253522.450631,37_4,37,das_work,13.777807235717772,60058,56,1
1770253537.1304915,37_4,37,das_work,13.430558681488035,60058,57,1
1770253537.165654,36_4,36,das_work,13.095546007156372,60058,57,1
1770253551.4843495,37_4,37,das_work,13.22882342338562,60058,58,1
1770253551.489502,36_4,36,das_work,13.04497504234314,60058,58,1
1770253565.5055227,37_4,37,das_work,12.627490282058716,60058,59,1
1770253565.506626,36_4,36,das_work,12.6466166973114,60058,59,1
1770252859.9824967,38_0,38,das_work,9.445907831192017,60058,11,1
1770252860.0385196,39_0,39,das_work,4.873986482620239,60058,11,1
1770252873.7820816,38_0,38,das_work,12.078128576278688,60058,12,1
1770252873.8063142,39_0,39,das_work,11.854475736618042,60058,12,1
1770252887.8064785,39_0,39,das_work,12.961275577545166,60058,13,1
1770252887.8066866,38_0,38,das_work,12.37221622467041,60058,13,1
1770252902.442978,38_0,38,das_work,12.71964716911316,60058,14,1
1770252902.443184,39_0,39,das_work,13.55573034286499,60058,14,1
1770252917.4147997,38_0,38,das_work,13.471821784973145,60058,15,1
1770252917.4219377,39_0,39,das_work,13.856324434280396,60058,15,1
1770252931.942707,38_0,38,das_work,12.614262104034424,60058,16,1
1770252932.0006804,39_0,39,das_work,13.230852603912354,60058,16,1
1770252946.7106752,38_0,38,das_work,14.185912370681764,60058,17,1
1770252946.7108717,39_0,39,das_work,13.56003999710083,60058,17,1
1770252961.3164923,38_0,38,das_work,13.791479110717772,60058,18,1
1770252961.3197677,39_0,39,das_work,13.412658452987673,60058,18,1
1770252975.777192,38_0,38,das_work,13.109108448028564,60058,19,1
1770252975.780565,39_0,39,das_work,12.76709008216858,60058,19,1
1770252990.2997956,39_0,39,das_work,13.492148399353027,60058,20,1
1770252990.349545,38_0,38,das_work,13.201967000961304,60058,20,1
1770253004.820132,39_1,39,das_work,12.913589000701904,60058,21,1
1770253004.826466,38_1,38,das_work,13.164941787719728,60058,21,1
1770253019.460792,38_1,38,das_work,13.537967920303345,60058,22,1
1770253019.46489,39_1,39,das_work,13.299407720565796,60058,22,1
1770253034.2379177,39_1,39,das_work,13.966552257537842,60058,23,1
1770253034.239685,38_1,38,das_work,13.043697357177734,60058,23,1
1770253048.9339085,39_1,39,das_work,13.767144680023192,60058,24,1
1770253048.934651,38_1,38,das_work,13.168915748596191,60058,24,1
1770253063.813305,38_1,38,das_work,14.113911390304564,60058,25,1
1770253063.8250232,39_1,39,das_work,14.236650466918944,60058,25,1
1770253078.5262723,39_1,39,das_work,13.06861162185669,60058,26,1
1770253078.5774682,38_1,38,das_work,13.48635721206665,60058,26,1
1770253093.5499454,38_1,38,das_work,14.261051416397097,60058,27,1
1770253093.5514443,39_1,39,das_work,13.04604959487915,60058,27,1
1770253108.2515318,38_1,38,das_work,12.851922988891602,60058,28,1
1770253108.2525194,39_1,39,das_work,12.822367668151855,60058,28,1
1770253123.1534822,39_1,39,das_work,13.48091983795166,60058,29,1
1770253123.2489934,38_1,38,das_work,14.315229892730711,60058,29,1
1770253137.951751,38_1,38,das_work,13.853275060653688,60058,30,1
1770253137.9794974,39_1,39,das_work,14.177256107330322,60058,30,1
1770253152.7841103,38_2,38,das_work,14.228019952774048,60058,31,1
1770253152.7849774,39_2,39,das_work,13.921316862106323,60058,31,1
1770253167.5450811,38_2,38,das_work,13.521796941757202,60058,32,1
1770253167.5884717,39_2,39,das_work,14.105772018432615,60058,32,1
1770253182.4329236,38_2,38,das_work,13.281163692474363,60058,33,1
1770253182.461796,39_2,39,das_work,13.663885354995728,60058,33,1
1770253197.244682,39_2,39,das_work,13.941281080245972,60058,34,1
1770253197.27844,38_2,38,das_work,14.034183979034424,60058,34,1
1770253211.973917,38_2,38,das_work,12.964634418487549,60058,35,1
1770253212.0352974,39_2,39,das_work,13.345670223236084,60058,35,1
1770253226.8924286,39_2,39,das_work,13.822358846664429,60058,36,1
1770253226.894375,38_2,38,das_work,14.33052921295166,60058,36,1
1770253241.5509324,39_2,39,das_work,13.94614839553833,60058,37,1
1770253241.5971072,38_2,38,das_work,12.9319748878479,60058,37,1
1770253256.4433396,39_2,39,das_work,13.060503721237184,60058,38,1
1770253256.4466174,38_2,38,das_work,13.73240327835083,60058,38,1
1770253271.088305,38_2,38,das_work,13.76685380935669,60058,39,1
1770253271.164519,39_2,39,das_work,12.77125072479248,60058,39,1
1770253285.941022,38_2,38,das_work,13.822694540023804,60058,40,1
1770253285.971894,39_2,39,das_work,12.91214156150818,60058,40,1
1770253300.6410708,38_3,38,das_work,12.70266890525818,60058,41,1
1770253300.671538,39_3,39,das_work,13.611681699752808,60058,41,1
1770253315.3458965,38_3,38,das_work,13.92324924468994,60058,42,1
1770253315.4067235,39_3,39,das_work,13.891486406326294,60058,42,1
1770253330.118508,38_3,38,das_work,12.95940089225769,60058,43,1
1770253330.1313145,39_3,39,das_work,13.938432455062866,60058,43,1
1770253344.9609966,38_3,38,das_work,14.014081001281738,60058,44,1
1770253344.9650848,39_3,39,das_work,14.330673694610596,60058,44,1
1770253359.6533043,39_3,39,das_work,14.161855697631836,60058,45,1
1770253359.6915338,38_3,38,das_work,14.190905094146729,60058,45,1
1770253374.6055555,38_3,38,das_work,13.6546630859375,60058,46,1
1770253374.6644137,39_3,39,das_work,13.795827150344849,60058,46,1
1770253389.3058517,39_3,39,das_work,12.926631212234495,60058,47,1
1770253389.3672829,38_3,38,das_work,14.122239351272585,60058,47,1
1770253404.1466205,38_3,38,das_work,14.027371883392334,60058,48,1
1770253404.1473713,39_3,39,das_work,13.323525667190552,60058,48,1
1770253418.8744478,39_3,39,das_work,13.812625646591188,60058,49,1
1770253418.908458,38_3,38,das_work,13.266468286514282,60058,49,1
1770253433.6292596,38_3,38,das_work,13.719218492507936,60058,50,1
1770253433.639475,39_3,39,das_work,13.140690326690674,60058,50,1
1770253448.6315567,39_4,39,das_work,14.175083637237549,60058,51,1
1770253448.6318154,38_4,38,das_work,14.402624607086182,60058,51,1
1770253463.282419,38_4,38,das_work,14.041906356811523,60058,52,1
1770253463.3119483,39_4,39,das_work,14.05541491508484,60058,52,1
1770253478.15969,39_4,39,das_work,13.867275476455688,60058,53,1
1770253478.1611362,38_4,38,das_work,14.159998178482056,60058,53,1
1770253492.8700964,38_4,38,das_work,13.86859893798828,60058,54,1
1770253492.9000194,39_4,39,das_work,13.563298225402832,60058,54,1
1770253507.6197565,39_4,39,das_work,13.901147365570068,60058,55,1
1770253507.6942575,38_4,38,das_work,13.564364671707152,60058,55,1
1770253522.422733,38_4,38,das_work,13.071764945983888,60058,56,1
1770253522.4235804,39_4,39,das_work,13.368588209152222,60058,56,1
1770253537.1302297,39_4,39,das_work,14.021896839141846,60058,57,1
1770253537.1707425,38_4,38,das_work,13.88163447380066,60058,57,1
1770253551.5017898,38_4,38,das_work,13.538803577423096,60058,58,1
1770253551.5020647,39_4,39,das_work,12.419078826904297,60058,58,1
1770253565.511037,38_4,38,das_work,13.29629397392273,60058,59,1
1770253565.512112,39_4,39,das_work,13.40331768989563,60058,59,1
1770253579.0853865,39_4,39,das_work,12.641567707061768,60058,60,1
1770253579.0855796,38_4,38,das_work,12.87055277824402,60058,60,1
1770252820.954269,3_0,3,das_work,1.861555576324463,60058,8,1
1770252821.0351238,2_0,2,das_work,4.597482919692993,60058,8,1
1770252833.6783912,3_0,3,das_work,12.151089906692505,60058,9,1
1770252833.67866,2_0,2,das_work,10.931972026824951,60058,9,1
1770252846.662787,2_0,2,das_work,11.037859439849854,60058,10,1
1770252846.668081,3_0,3,das_work,11.16545581817627,60058,10,1
1770252860.0692456,2_0,2,das_work,11.624207973480225,60058,11,1
1770252860.069532,3_0,3,das_work,12.882376194000244,60058,11,1
1770252873.7227046,2_0,2,das_work,12.446049451828005,60058,12,1
1770252873.777655,3_0,3,das_work,12.602035522460938,60058,12,1
1770252887.790165,3_0,3,das_work,13.44593596458435,60058,13,1
1770252887.802256,2_0,2,das_work,12.58700942993164,60058,13,1
1770252902.5325284,2_0,2,das_work,13.169513940811155,60058,14,1
1770252902.5327542,3_0,3,das_work,13.350069046020508,60058,14,1
1770252917.3674371,2_0,2,das_work,13.25021243095398,60058,15,1
1770252917.4210763,3_0,3,das_work,13.174883842468262,60058,15,1
1770252931.9413126,3_0,3,das_work,13.2383291721344,60058,16,1
1770252932.0020285,2_0,2,das_work,13.469985008239746,60058,16,1
1770252946.7026746,3_0,3,das_work,13.137890100479126,60058,17,1
1770252946.7097442,2_0,2,das_work,13.020346879959106,60058,17,1
1770252961.3072398,3_1,3,das_work,13.9360454082489,60058,18,1
1770252961.3189614,2_1,2,das_work,13.821935892105104,60058,18,1
1770252975.7235434,3_1,3,das_work,12.752586603164673,60058,19,1
1770252975.7237663,2_1,2,das_work,13.278267860412598,60058,19,1
1770252990.3005018,3_1,3,das_work,13.141654014587402,60058,20,1
1770252990.3007748,2_1,2,das_work,13.125640392303469,60058,20,1
1770253004.822982,2_1,2,das_work,13.707013368606567,60058,21,1
1770253004.8278406,3_1,3,das_work,12.688136100769045,60058,21,1
1770253019.464223,2_1,2,das_work,13.57601761817932,60058,22,1
1770253019.469031,3_1,3,das_work,13.330025672912598,60058,22,1
1770253034.247115,3_1,3,das_work,14.13588285446167,60058,23,1
1770253034.2492795,2_1,2,das_work,13.773540258407593,60058,23,1
1770253048.9322004,2_1,2,das_work,12.80503535270691,60058,24,1
1770253048.945603,3_1,3,das_work,12.855859279632568,60058,24,1
1770253063.823252,2_1,2,das_work,14.260027885437012,60058,25,1
1770253063.8894672,3_1,3,das_work,13.67828130722046,60058,25,1
1770253078.5548985,3_1,3,das_work,14.055724859237673,60058,26,1
1770253078.5780785,2_1,2,das_work,13.469207525253296,60058,26,1
1770253093.4937935,3_1,3,das_work,13.634689807891846,60058,27,1
1770253093.5473902,2_1,2,das_work,13.199020624160768,60058,27,1
1770253108.2213886,3_2,3,das_work,13.187874555587769,60058,28,1
1770253108.2882943,2_2,2,das_work,13.66645860671997,60058,28,1
1770253123.1535478,2_2,2,das_work,13.869837760925291,60058,29,1
1770253123.2543073,3_2,3,das_work,14.114073038101196,60058,29,1
1770253137.983254,3_2,3,das_work,13.47573709487915,60058,30,1
1770253138.0028274,2_2,2,das_work,14.130468845367432,60058,30,1
1770253152.7515996,3_2,3,das_work,13.168656826019289,60058,31,1
1770253152.7868366,2_2,2,das_work,14.158355951309204,60058,31,1
1770253167.574147,2_2,2,das_work,13.325137376785278,60058,32,1
1770253167.5841472,3_2,3,das_work,13.140460014343262,60058,32,1
1770253182.49444,3_2,3,das_work,12.924875259399414,60058,33,1
1770253182.4952192,2_2,2,das_work,13.054322004318236,60058,33,1
1770253197.2442098,3_2,3,das_work,14.155337810516356,60058,34,1
1770253197.2779026,2_2,2,das_work,12.807784795761108,60058,34,1
1770253211.975333,3_2,3,das_work,13.381249189376833,60058,35,1
1770253212.0073884,2_2,2,das_work,13.788615942001345,60058,35,1
1770253226.8240533,3_2,3,das_work,13.97050166130066,60058,36,1
1770253226.8825257,2_2,2,das_work,13.026471376419067,60058,36,1
1770253241.5505323,2_2,2,das_work,13.924717903137209,60058,37,1
1770253241.5789752,3_2,3,das_work,13.132093667984009,60058,37,1
1770253256.410412,2_3,2,das_work,14.248820781707764,60058,38,1
1770253256.4390223,3_3,3,das_work,14.266790390014648,60058,38,1
1770253271.118491,2_3,2,das_work,13.106962442398071,60058,39,1
1770253271.1724744,3_3,3,das_work,13.607015132904053,60058,39,1
1770253285.9427516,3_3,3,das_work,13.263997077941896,60058,40,1
1770253285.9672115,2_3,2,das_work,13.268089532852173,60058,40,1
1770253300.5851903,3_3,3,das_work,13.71435260772705,60058,41,1
1770253300.671459,2_3,2,das_work,13.401835441589355,60058,41,1
1770253315.348726,3_3,3,das_work,12.929078578948976,60058,42,1
1770253315.3490005,2_3,2,das_work,13.269200086593628,60058,42,1
1770253330.0912411,2_3,2,das_work,13.14052700996399,60058,43,1
1770253330.092016,3_3,3,das_work,13.159071207046509,60058,43,1
1770253344.8923085,2_3,2,das_work,14.085210800170898,60058,44,1
1770253344.962062,3_3,3,das_work,13.846399545669556,60058,44,1
1770253359.6553056,2_3,2,das_work,14.208878755569458,60058,45,1
1770253359.688251,3_3,3,das_work,14.095829486846924,60058,45,1
1770253374.613297,2_3,2,das_work,13.5556001663208,60058,46,1
1770253374.613618,3_3,3,das_work,13.25068473815918,60058,46,1
1770253389.338358,2_3,2,das_work,13.12407898902893,60058,47,1
1770253389.339245,3_3,3,das_work,13.566333293914797,60058,47,1
1770253404.1378667,3_4,3,das_work,13.725579738616943,60058,48,1
1770253404.1460917,2_4,2,das_work,14.039589881896973,60058,48,1
1770253418.9089415,3_4,3,das_work,14.265403032302856,60058,49,1
1770253418.910959,2_4,2,das_work,13.542600870132446,60058,49,1
1770253433.640954,2_4,2,das_work,14.15119481086731,60058,50,1
1770253433.641988,3_4,3,das_work,13.422498226165771,60058,50,1
1770253448.56955,3_4,3,das_work,14.336267471313477,60058,51,1
1770253448.6257596,2_4,2,das_work,14.385533571243286,60058,51,1
1770253463.3730347,2_4,2,das_work,13.608280897140505,60058,52,1
1770253463.3740025,3_4,3,das_work,13.605720281600952,60058,52,1
1770253478.1628587,3_4,3,das_work,12.91840410232544,60058,53,1
1770253478.1631317,2_4,2,das_work,12.964250326156616,60058,53,1
1770253492.8414354,2_4,2,das_work,13.28724241256714,60058,54,1
1770253492.8738844,3_4,3,das_work,14.20552372932434,60058,54,1
1770253507.6189466,2_4,2,das_work,14.16477394104004,60058,55,1
1770253507.619759,3_4,3,das_work,13.97825813293457,60058,55,1
1770253522.366191,2_4,2,das_work,13.803412914276125,60058,56,1
1770253522.4179986,3_4,3,das_work,13.160608291625977,60058,56,1
1770253537.1682355,2_4,2,das_work,13.764863014221191,60058,57,1
1770253537.1740973,3_4,3,das_work,13.6491596698761,60058,57,1
1770252860.0120437,40_0,40,das_work,13.442165613174438,60058,11,1
1770252873.8053906,40_0,40,das_work,12.652108907699583,60058,12,1
1770252887.798026,40_0,40,das_work,12.473433256149292,60058,13,1
1770252902.5235293,40_0,40,das_work,13.348880052566528,60058,14,1
1770252917.42193,40_0,40,das_work,14.029460430145264,60058,15,1
1770252931.9930882,40_0,40,das_work,13.360260725021362,60058,16,1
1770252946.708145,40_0,40,das_work,13.7398784160614,60058,17,1
1770252961.3087451,40_0,40,das_work,13.68967080116272,60058,18,1
1770252975.7725854,41_0,41,das_work,129.3900544643402,60058,19,1
1770252975.810761,40_0,40,das_work,13.994725942611694,60058,19,1
1770252990.3206856,41_0,41,das_work,14.041292428970335,60058,20,1
1770252990.3519795,40_0,40,das_work,13.593891620635986,60058,20,1
1770253004.8201234,41_0,41,das_work,13.349705934524536,60058,21,1
1770253004.8227694,40_1,40,das_work,13.7605140209198,60058,21,1
1770253019.453255,41_0,41,das_work,13.44406795501709,60058,22,1
1770253019.4597611,40_1,40,das_work,12.766073942184448,60058,22,1
1770253034.238588,41_0,41,das_work,14.115683555603027,60058,23,1
1770253034.2430303,40_1,40,das_work,13.969684600830078,60058,23,1
1770253048.9335158,40_1,40,das_work,13.812668800354004,60058,24,1
1770253048.9337883,41_0,41,das_work,13.903690099716188,60058,24,1
1770253063.8929543,40_1,40,das_work,13.26510763168335,60058,25,1
1770253063.8954687,41_0,41,das_work,13.121344089508057,60058,25,1
1770253078.5221574,41_0,41,das_work,14.007973670959473,60058,26,1
1770253078.5782924,40_1,40,das_work,13.328269243240356,60058,26,1
1770253093.485854,41_0,41,das_work,13.933801889419556,60058,27,1
1770253093.5471115,40_1,40,das_work,14.071926355361938,60058,27,1
1770253108.2487314,41_0,41,das_work,13.748157024383543,60058,28,1
1770253108.283968,40_1,40,das_work,12.809181213378906,60058,28,1
1770253123.1837635,41_1,41,das_work,13.094520568847656,60058,29,1
1770253123.2507155,40_1,40,das_work,13.983261823654177,60058,29,1
1770253137.9797676,40_1,40,das_work,13.931438446044922,60058,30,1
1770253137.982066,41_1,41,das_work,14.166244268417358,60058,30,1
1770253152.817177,40_2,40,das_work,13.605526208877563,60058,31,1
1770253152.81748,41_1,41,das_work,13.247631788253784,60058,31,1
1770253167.522417,41_1,41,das_work,13.099204540252686,60058,32,1
1770253167.5899646,40_2,40,das_work,14.093406677246094,60058,32,1
1770253182.4613235,41_1,41,das_work,12.963759183883669,60058,33,1
1770253182.522727,40_2,40,das_work,13.78033709526062,60058,33,1
1770253197.2125523,40_2,40,das_work,13.49335527420044,60058,34,1
1770253197.2466378,41_1,41,das_work,13.32433581352234,60058,34,1
1770253211.9791749,41_1,41,das_work,13.571157217025757,60058,35,1
1770253211.9794676,40_2,40,das_work,12.847946882247925,60058,35,1
1770253226.827073,41_1,41,das_work,13.15685486793518,60058,36,1
1770253226.8272762,40_2,40,das_work,13.771753311157228,60058,36,1
1770253241.5534122,40_2,40,das_work,13.019999980926514,60058,37,1
1770253241.5939574,41_1,41,das_work,14.143567562103271,60058,37,1
1770253256.412448,40_2,40,das_work,12.929677963256836,60058,38,1
1770253256.4126942,41_1,41,das_work,13.024214506149292,60058,38,1
1770253271.0886545,41_2,41,das_work,13.65888214111328,60058,39,1
1770253271.1188838,40_2,40,das_work,13.13932967185974,60058,39,1
1770253285.943614,41_2,41,das_work,12.978274822235107,60058,40,1
1770253285.9690592,40_2,40,das_work,14.230066061019896,60058,40,1
1770253300.5855525,41_2,41,das_work,13.776854038238524,60058,41,1
1770253300.6382997,40_3,40,das_work,13.048001050949097,60058,41,1
1770253315.319466,40_3,40,das_work,13.684541940689089,60058,42,1
1770253315.4061007,41_2,41,das_work,14.242836713790894,60058,42,1
1770253330.0673544,40_3,40,das_work,13.984662294387816,60058,43,1
1770253330.0937798,41_2,41,das_work,14.046655654907228,60058,43,1
1770253344.891365,40_3,40,das_work,12.907187223434448,60058,44,1
1770253344.9532356,41_2,41,das_work,13.406816482543944,60058,44,1
1770253359.6576955,40_3,40,das_work,12.82675313949585,60058,45,1
1770253359.6578984,41_2,41,das_work,12.782117128372192,60058,45,1
1770253374.577348,41_2,41,das_work,13.646885633468628,60058,46,1
1770253374.6415954,40_3,40,das_work,13.563227891921995,60058,46,1
1770253389.3052514,40_3,40,das_work,13.02393364906311,60058,47,1
1770253389.3632095,41_2,41,das_work,14.235549211502075,60058,47,1
1770253404.1284783,40_3,40,das_work,14.059059619903564,60058,48,1
1770253404.1362317,41_2,41,das_work,12.821768522262571,60058,48,1
1770253418.876027,40_3,40,das_work,14.199256420135498,60058,49,1
1770253418.9052207,41_3,41,das_work,13.971134185791016,60058,49,1
1770253433.6215422,41_3,41,das_work,14.058022260665894,60058,50,1
1770253433.6391487,40_3,40,das_work,14.025915145874023,60058,50,1
1770253448.5670962,40_4,40,das_work,13.47170376777649,60058,51,1
1770253448.5704055,41_3,41,das_work,14.440858602523804,60058,51,1
1770253463.2823155,40_4,40,das_work,13.31102991104126,60058,52,1
1770253463.3105538,41_3,41,das_work,13.493664741516112,60058,52,1
1770253478.1071396,41_3,41,das_work,13.646759510040283,60058,53,1
1770253478.1320138,40_4,40,das_work,13.328701257705688,60058,53,1
1770253492.8427236,40_4,40,das_work,13.053958654403688,60058,54,1
1770253492.8453732,41_3,41,das_work,12.991507530212402,60058,54,1
1770253507.619381,41_3,41,das_work,12.820947647094728,60058,55,1
1770253507.704308,40_4,40,das_work,13.152663707733154,60058,55,1
1770253522.3673456,40_4,40,das_work,14.015303611755373,60058,56,1
1770253522.4153426,41_3,41,das_work,13.112518310546877,60058,56,1
1770253537.16958,41_3,41,das_work,13.372644901275637,60058,57,1
1770253537.173498,40_4,40,das_work,13.729971647262571,60058,57,1
1770253551.4840417,40_4,40,das_work,12.415909051895142,60058,58,1
1770253551.4995563,41_3,41,das_work,13.414989233016968,60058,58,1
1770253565.507789,41_4,41,das_work,13.027912616729736,60058,59,1
1770253565.5110404,40_4,40,das_work,13.267088413238524,60058,59,1
1770253579.1692386,41_4,41,das_work,12.850016593933104,60058,60,1
1770253579.1705198,40_4,40,das_work,12.863896131515505,60058,60,1
1770253592.4297116,41_4,41,das_work,12.454817295074465,60058,61,1
1770253605.4746451,41_4,41,das_work,11.50662112236023,60058,62,1
1770253618.2150016,41_4,41,das_work,11.583975315093994,60058,63,1
1770253630.5429077,41_4,41,das_work,11.193596124649048,60058,64,1
1770253642.6794906,41_4,41,das_work,10.44977068901062,60058,65,1
1770253654.9049137,41_4,41,das_work,11.373598337173462,60058,66,1
1770253667.047183,41_4,41,das_work,11.495964288711548,60058,67,1
1770253679.2797089,41_4,41,das_work,10.456682443618774,60058,68,1
1770252860.0144768,42_0,42,das_work,6.864198446273804,60058,11,1
1770252873.7822886,42_0,42,das_work,12.11603832244873,60058,12,1
1770252873.8064692,43_0,43,das_work,13.652618885040283,60058,12,1
1770252887.7886374,42_0,42,das_work,12.27843141555786,60058,13,1
1770252887.7989714,43_0,43,das_work,12.415871858596802,60058,13,1
1770252902.5303812,43_0,43,das_work,13.166847467422484,60058,14,1
1770252902.531757,42_0,42,das_work,13.269843339920044,60058,14,1
1770252917.3703103,42_0,42,das_work,14.170642375946043,60058,15,1
1770252917.3705015,43_0,43,das_work,13.57735824584961,60058,15,1
1770252931.9423192,43_0,43,das_work,12.66659140586853,60058,16,1
1770252932.0010922,42_0,42,das_work,13.611048936843872,60058,16,1
1770252946.6402702,43_0,43,das_work,13.637774229049684,60058,17,1
1770252946.7083988,42_0,42,das_work,13.901596784591677,60058,17,1
1770252961.3071556,43_0,43,das_work,14.105648756027222,60058,18,1
1770252961.3121605,42_0,42,das_work,13.378482103347778,60058,18,1
1770252975.7454112,42_0,42,das_work,12.92340350151062,60058,19,1
1770252975.7457066,43_0,43,das_work,13.897408962249756,60058,19,1
1770252990.3213065,42_0,42,das_work,12.966553688049316,60058,20,1
1770252990.350543,43_0,43,das_work,13.40341567993164,60058,20,1
1770253004.8156242,42_1,42,das_work,13.610918760299684,60058,21,1
1770253004.8281806,43_0,43,das_work,13.161871433258057,60058,21,1
1770253019.461373,42_1,42,das_work,13.60068154335022,60058,22,1
1770253019.4676394,43_1,43,das_work,13.2682843208313,60058,22,1
1770253034.2276092,43_1,43,das_work,13.862730979919434,60058,23,1
1770253034.2420063,42_1,42,das_work,13.026519775390623,60058,23,1
1770253048.9513276,42_1,42,das_work,14.193849086761476,60058,24,1
1770253048.9515102,43_1,43,das_work,13.735307693481444,60058,24,1
1770253063.8156726,43_1,43,das_work,13.610496044158936,60058,25,1
1770253063.8919132,42_1,42,das_work,13.500831365585327,60058,25,1
1770253078.5294178,42_1,42,das_work,12.89838171005249,60058,26,1
1770253078.577113,43_1,43,das_work,13.284324169158936,60058,26,1
1770253093.4889636,42_1,42,das_work,14.157048225402832,60058,27,1
1770253093.4935904,43_1,43,das_work,13.213666200637816,60058,27,1
1770253108.2880104,43_1,43,das_work,13.740155220031738,60058,28,1
1770253108.292192,42_1,42,das_work,14.090134620666504,60058,28,1
1770253123.1528234,43_1,43,das_work,13.38366985321045,60058,29,1
1770253123.185469,42_1,42,das_work,13.89904236793518,60058,29,1
1770253137.9516578,43_1,43,das_work,13.77124285697937,60058,30,1
1770253137.9827569,42_1,42,das_work,14.1249520778656,60058,30,1
1770253152.808696,42_2,42,das_work,13.59046196937561,60058,31,1
1770253152.8090324,43_1,43,das_work,13.8830144405365,60058,31,1
1770253167.573964,42_2,42,das_work,13.39389967918396,60058,32,1
1770253167.5832536,43_2,43,das_work,13.517417907714844,60058,32,1
1770253182.4594548,42_2,42,das_work,13.76309895515442,60058,33,1
1770253182.5263166,43_2,43,das_work,13.808940887451172,60058,33,1
1770253197.2447803,42_2,42,das_work,12.817846775054932,60058,34,1
1770253197.249342,43_2,43,das_work,13.616174936294556,60058,34,1
1770253211.9711478,42_2,42,das_work,12.816121101379396,60058,35,1
1770253212.0042875,43_2,43,das_work,14.052080392837524,60058,35,1
1770253226.8504195,42_2,42,das_work,13.517592191696169,60058,36,1
1770253226.8817303,43_2,43,das_work,13.86594271659851,60058,36,1
1770253241.5782523,42_2,42,das_work,13.769169569015505,60058,37,1
1770253241.5967674,43_2,43,das_work,13.946583271026611,60058,37,1
1770253256.3594851,42_2,42,das_work,13.617079257965088,60058,38,1
1770253256.442702,43_2,43,das_work,12.954073190689089,60058,38,1
1770253271.1198654,42_2,42,das_work,14.004382133483888,60058,39,1
1770253271.1209638,43_2,43,das_work,14.085772275924684,60058,39,1
1770253285.9321694,43_2,43,das_work,14.005873441696169,60058,40,1
1770253285.943339,42_2,42,das_work,13.14779281616211,60058,40,1
1770253300.6751273,42_3,42,das_work,13.159220933914185,60058,41,1
1770253300.6753218,43_2,43,das_work,13.11411166191101,60058,41,1
1770253315.3793132,43_3,43,das_work,12.757446765899658,60058,42,1
1770253315.3800097,42_3,42,das_work,14.027109622955322,60058,42,1
1770253330.118918,43_3,43,das_work,13.737598896026611,60058,43,1
1770253330.1299908,42_3,42,das_work,13.467118978500366,60058,43,1
1770253344.955152,42_3,42,das_work,13.40373969078064,60058,44,1
1770253344.964014,43_3,43,das_work,13.17626929283142,60058,44,1
1770253359.6804223,43_3,43,das_work,13.57112193107605,60058,45,1
1770253359.6806364,42_3,42,das_work,12.80298662185669,60058,45,1
1770253374.6382751,43_3,43,das_work,13.72567057609558,60058,46,1
1770253374.6408274,42_3,42,das_work,13.394667625427246,60058,46,1
1770253389.3068728,42_3,42,das_work,12.705475330352783,60058,47,1
1770253389.3665228,43_3,43,das_work,13.10332417488098,60058,47,1
1770253404.1054783,42_3,42,das_work,13.704197645187378,60058,48,1
1770253404.1411717,43_3,43,das_work,13.442559242248535,60058,48,1
1770253418.9121382,43_3,43,das_work,13.459763288497925,60058,49,1
1770253418.9125173,42_3,42,das_work,13.715224981307983,60058,49,1
1770253433.6212344,42_3,42,das_work,12.88961148262024,60058,50,1
1770253433.6267097,43_3,43,das_work,12.85704493522644,60058,50,1
1770253448.6304824,42_4,42,das_work,13.972585916519163,60058,51,1
1770253448.631454,43_3,43,das_work,13.195904731750488,60058,51,1
1770253463.3736424,42_4,42,das_work,14.043226480484009,60058,52,1
1770253463.3744926,43_4,43,das_work,12.800601243972778,60058,52,1
1770253478.1093428,42_4,42,das_work,14.214925289154053,60058,53,1
1770253478.1305368,43_4,43,das_work,13.37575364112854,60058,53,1
1770253492.870664,43_4,43,das_work,13.532941102981567,60058,54,1
1770253492.8722076,42_4,42,das_work,13.283015727996826,60058,54,1
1770253507.618956,42_4,42,das_work,13.028127193450928,60058,55,1
1770253507.703824,43_4,43,das_work,13.711225509643556,60058,55,1
1770253522.3924382,43_4,43,das_work,13.940240144729614,60058,56,1
1770253522.3927612,42_4,42,das_work,13.80928087234497,60058,56,1
1770253537.1063285,43_4,43,das_work,12.7498676776886,60058,57,1
1770253537.1703286,42_4,42,das_work,13.323280096054075,60058,57,1
1770253551.48182,43_4,43,das_work,12.46172285079956,60058,58,1
1770253551.4984615,42_4,42,das_work,13.239908456802368,60058,58,1
1770253565.5155325,43_4,43,das_work,13.317836284637451,60058,59,1
1770253565.515771,42_4,42,das_work,12.716729879379272,60058,59,1
1770253579.1671655,43_4,43,das_work,12.64051342010498,60058,60,1
1770253579.1693115,42_4,42,das_work,12.746610403060911,60058,60,1
1770253592.4295068,43_4,43,das_work,11.970075130462646,60058,61,1
1770252859.982852,45_0,45,das_work,4.75620436668396,60058,11,1
1770252860.013275,44_0,44,das_work,6.527210235595703,60058,11,1
1770252873.7822366,44_0,44,das_work,12.448763370513916,60058,12,1
1770252873.7846746,45_0,45,das_work,12.720510244369509,60058,12,1
1770252887.7921357,44_0,44,das_work,13.087507247924805,60058,13,1
1770252887.7932184,45_0,45,das_work,12.82077169418335,60058,13,1
1770252902.4425151,44_0,44,das_work,13.634958028793337,60058,14,1
1770252902.4439018,45_0,45,das_work,12.831823825836182,60058,14,1
1770252917.3674967,45_0,45,das_work,13.63854169845581,60058,15,1
1770252917.4218066,44_0,44,das_work,13.408632516860962,60058,15,1
1770252931.9132757,45_0,45,das_work,13.31853461265564,60058,16,1
1770252931.9135184,44_0,44,das_work,13.595327138900757,60058,16,1
1770252946.692065,45_0,45,das_work,13.440438508987429,60058,17,1
1770252946.699627,44_0,44,das_work,13.16799783706665,60058,17,1
1770252961.31013,45_0,45,das_work,13.423110723495483,60058,18,1
1770252961.319248,44_0,44,das_work,12.774652481079102,60058,18,1
1770252975.7826552,44_0,44,das_work,12.862753868103027,60058,19,1
1770252975.782956,45_0,45,das_work,12.645214796066284,60058,19,1
1770252990.301822,45_0,45,das_work,13.16874885559082,60058,20,1
1770252990.3020191,44_0,44,das_work,12.87216830253601,60058,20,1
1770253004.8218024,45_1,45,das_work,13.930800199508669,60058,21,1
1770253004.826506,44_1,44,das_work,13.31804132461548,60058,21,1
1770253019.4517837,44_1,44,das_work,13.783461809158323,60058,22,1
1770253019.45935,45_1,45,das_work,12.758590698242188,60058,22,1
1770253034.238279,45_1,45,das_work,12.945101022720335,60058,23,1
1770253034.243719,44_1,44,das_work,13.023578882217407,60058,23,1
1770253048.9488964,44_1,44,das_work,12.792790174484251,60058,24,1
1770253049.0316648,45_1,45,das_work,14.11881136894226,60058,24,1
1770253063.893784,45_1,45,das_work,13.253854274749756,60058,25,1
1770253063.896533,44_1,44,das_work,13.708072185516356,60058,25,1
1770253078.5292575,45_1,45,das_work,12.6715669631958,60058,26,1
1770253078.5784743,44_1,44,das_work,13.891098022460938,60058,26,1
1770253093.5107946,44_1,44,das_work,13.31506323814392,60058,27,1
1770253093.5503805,45_1,45,das_work,14.48097014427185,60058,27,1
1770253108.2880144,44_1,44,das_work,13.894282579421995,60058,28,1
1770253108.2933984,45_1,45,das_work,13.631503105163574,60058,28,1
1770253123.1865797,45_1,45,das_work,12.895663976669312,60058,29,1
1770253123.254354,44_1,44,das_work,14.2226665019989,60058,29,1
1770253137.951301,44_1,44,das_work,13.026169538497925,60058,30,1
1770253137.9806075,45_1,45,das_work,13.60651469230652,60058,30,1
1770253152.7815757,44_2,44,das_work,13.7656512260437,60058,31,1
1770253152.812597,45_2,45,das_work,13.131925106048584,60058,31,1
1770253167.5471003,45_2,45,das_work,13.18622612953186,60058,32,1
1770253167.5841937,44_2,44,das_work,12.825966119766235,60058,32,1
1770253182.4326692,45_2,45,das_work,13.548248052597046,60058,33,1
1770253182.5261693,44_2,44,das_work,14.412649869918823,60058,33,1
1770253197.2476387,44_2,44,das_work,13.951754331588743,60058,34,1
1770253197.277588,45_2,45,das_work,14.014316082000732,60058,34,1
1770253211.9735482,45_2,45,das_work,13.664968490600586,60058,35,1
1770253212.0353627,44_2,44,das_work,13.172552824020386,60058,35,1
1770253226.8826656,45_2,45,das_work,13.27980375289917,60058,36,1
1770253226.8937435,44_2,44,das_work,13.110452890396118,60058,36,1
1770253241.5901525,45_2,45,das_work,13.188265562057495,60058,37,1
1770253241.5973444,44_2,44,das_work,13.955435037612917,60058,37,1
1770253256.3588848,44_2,44,das_work,13.921727418899536,60058,38,1
1770253256.3599954,45_2,45,das_work,13.15236473083496,60058,38,1
1770253271.1192944,44_2,44,das_work,14.086106061935425,60058,39,1
1770253271.1724274,45_2,45,das_work,13.002732038497925,60058,39,1
1770253285.94037,45_2,45,das_work,13.38286018371582,60058,40,1
1770253285.9434266,44_2,44,das_work,13.973199605941772,60058,40,1
1770253300.5839174,44_3,44,das_work,13.792868852615356,60058,41,1
1770253300.6664493,45_3,45,das_work,12.862375974655151,60058,41,1
1770253315.32054,44_3,44,das_work,12.81830906867981,60058,42,1
1770253315.3208263,45_3,45,das_work,13.142207384109495,60058,42,1
1770253330.1178703,45_3,45,das_work,13.40854835510254,60058,43,1
1770253330.1302092,44_3,44,das_work,13.3794527053833,60058,43,1
1770253344.9538815,45_3,45,das_work,13.46699595451355,60058,44,1
1770253344.9621851,44_3,44,das_work,14.143941640853882,60058,44,1
1770253359.654175,45_3,45,das_work,13.387845277786257,60058,45,1
1770253359.685844,44_3,44,das_work,13.502817392349243,60058,45,1
1770253374.605221,45_3,45,das_work,13.011794805526732,60058,46,1
1770253374.6358278,44_3,44,das_work,14.38988757133484,60058,46,1
1770253389.3403246,44_3,44,das_work,13.530356884002686,60058,47,1
1770253389.340573,45_3,45,das_work,13.559049129486084,60058,47,1
1770253404.0772192,44_3,44,das_work,14.091771841049194,60058,48,1
1770253404.146315,45_3,45,das_work,13.006471157073976,60058,48,1
1770253418.904337,45_3,45,das_work,13.66952919960022,60058,49,1
1770253418.9407704,44_3,44,das_work,13.403141260147097,60058,49,1
1770253433.640455,44_3,44,das_work,13.596168756484984,60058,50,1
1770253433.642243,45_3,45,das_work,13.179001092910768,60058,50,1
1770253448.5937395,44_4,44,das_work,14.38689422607422,60058,51,1
1770253448.593947,45_4,45,das_work,13.312478065490724,60058,51,1
1770253463.288645,44_4,44,das_work,12.895019054412842,60058,52,1
1770253463.2888317,45_4,45,das_work,13.231809854507446,60058,52,1
1770253478.1102145,45_4,45,das_work,14.168694019317629,60058,53,1
1770253478.1582296,44_4,44,das_work,13.72136902809143,60058,53,1
1770253492.844481,45_4,45,das_work,12.940383672714232,60058,54,1
1770253492.8727157,44_4,44,das_work,14.202390193939207,60058,54,1
1770253507.699515,45_4,45,das_work,13.29730486869812,60058,55,1
1770253507.703709,44_4,44,das_work,13.608641862869264,60058,55,1
1770253522.4175246,45_4,45,das_work,13.05148959159851,60058,56,1
1770253522.4493473,44_4,44,das_work,13.99304485321045,60058,56,1
1770253537.1300273,44_4,44,das_work,13.06961154937744,60058,57,1
1770253537.1548932,45_4,45,das_work,13.579143047332764,60058,57,1
1770253551.4855974,45_4,45,das_work,12.606010675430298,60058,58,1
1770253551.4904518,44_4,44,das_work,12.53698468208313,60058,58,1
1770253565.5152738,44_4,44,das_work,12.842939138412476,60058,59,1
1770253565.515606,45_4,45,das_work,13.400187015533447,60058,59,1
1770253579.167516,44_4,44,das_work,12.222409963607788,60058,60,1
1770253579.1700237,45_4,45,das_work,12.755698442459106,60058,60,1
1770252860.0676484,47_0,47,das_work,8.469825744628906,60058,11,1
1770252860.067865,46_0,46,das_work,7.0709288120269775,60058,11,1
1770252873.7810962,46_0,46,das_work,12.191563129425049,60058,12,1
1770252873.805308,47_0,47,das_work,12.461369276046751,60058,12,1
1770252887.7891707,47_0,47,das_work,12.198287010192873,60058,13,1
1770252887.8020928,46_0,46,das_work,12.782249689102173,60058,13,1
1770252902.439686,46_0,46,das_work,13.252983570098875,60058,14,1
1770252902.526488,47_0,47,das_work,13.280663013458252,60058,14,1
1770252917.36716,47_0,47,das_work,12.891133308410645,60058,15,1
1770252917.4174583,46_0,46,das_work,13.900500297546388,60058,15,1
1770252931.941316,46_0,46,das_work,13.563984870910645,60058,16,1
1770252932.0032046,47_0,47,das_work,13.524731159210203,60058,16,1
1770252946.6396923,46_0,46,das_work,14.177906274795532,60058,17,1
1770252946.7080746,47_0,47,das_work,13.715620040893556,60058,17,1
1770252961.3162067,47_0,47,das_work,12.995537757873535,60058,18,1
1770252961.3207452,46_0,46,das_work,12.863231658935549,60058,18,1
1770252975.7781656,46_0,46,das_work,12.826759576797484,60058,19,1
1770252975.7810285,47_0,47,das_work,13.68147587776184,60058,19,1
1770252990.320236,47_0,47,das_work,13.97477912902832,60058,20,1
1770252990.3519604,46_0,46,das_work,12.583796262741089,60058,20,1
1770253004.8227043,46_1,46,das_work,13.19482946395874,60058,21,1
1770253004.8321784,47_1,47,das_work,13.133167266845703,60058,21,1
1770253019.4645665,46_1,46,das_work,12.77745509147644,60058,22,1
1770253019.4683912,47_1,47,das_work,13.379008531570436,60058,22,1
1770253034.230654,46_1,46,das_work,13.11225175857544,60058,23,1
1770253034.2421927,47_1,47,das_work,14.254769802093506,60058,23,1
1770253048.9311297,46_1,46,das_work,13.348434209823608,60058,24,1
1770253048.9485471,47_1,47,das_work,13.031407117843628,60058,24,1
1770253063.817475,47_1,47,das_work,13.788285970687866,60058,25,1
1770253063.8963027,46_1,46,das_work,13.308760643005373,60058,25,1
1770253078.5268126,46_1,46,das_work,13.516510486602783,60058,26,1
1770253078.552515,47_1,47,das_work,14.079572916030884,60058,26,1
1770253093.5129275,47_1,47,das_work,13.871368885040283,60058,27,1
1770253093.550769,46_1,46,das_work,14.35289430618286,60058,27,1
1770253108.2225645,47_1,47,das_work,13.24116849899292,60058,28,1
1770253108.251418,46_1,46,das_work,12.86290454864502,60058,28,1
1770253123.1882775,46_1,46,das_work,12.966184377670288,60058,29,1
1770253123.248402,47_1,47,das_work,13.730724334716797,60058,29,1
1770253138.018855,46_1,46,das_work,13.503358840942385,60058,30,1
1770253138.0191317,47_1,47,das_work,14.26085877418518,60058,30,1
1770253152.7852125,47_2,47,das_work,13.31571650505066,60058,31,1
1770253152.8366442,46_2,46,das_work,13.576278686523438,60058,31,1
1770253167.5484393,46_2,46,das_work,13.394627332687378,60058,32,1
1770253167.586858,47_2,47,das_work,13.681586980819702,60058,32,1
1770253182.4931612,46_2,46,das_work,13.402486562728882,60058,33,1
1770253182.4934888,47_2,47,das_work,13.19688844680786,60058,33,1
1770253197.213019,47_2,47,das_work,13.488126277923584,60058,34,1
1770253197.2781026,46_2,46,das_work,13.026640176773071,60058,34,1
1770253212.0037367,46_2,46,das_work,13.935587167739868,60058,35,1
1770253212.006261,47_2,47,das_work,12.810595273971558,60058,35,1
1770253226.8250096,46_2,46,das_work,13.273708581924438,60058,36,1
1770253226.8506775,47_2,47,das_work,14.275778532028198,60058,36,1
1770253241.5804076,46_2,46,das_work,12.822664737701416,60058,37,1
1770253241.580713,47_2,47,das_work,13.907000541687012,60058,37,1
1770253256.358035,46_2,46,das_work,13.68378210067749,60058,38,1
1770253256.359532,47_2,47,das_work,13.01068639755249,60058,38,1
1770253271.0901008,46_2,46,das_work,12.886870384216309,60058,39,1
1770253271.0905085,47_2,47,das_work,13.060397624969482,60058,39,1
1770253285.9358535,46_2,46,das_work,13.692421197891235,60058,40,1
1770253285.9713523,47_2,47,das_work,12.89956760406494,60058,40,1
1770253300.610493,47_3,47,das_work,13.187098741531372,60058,41,1
1770253300.6736054,46_3,46,das_work,13.982852458953856,60058,41,1
1770253315.376839,46_3,46,das_work,13.166125774383543,60058,42,1
1770253315.4040077,47_3,47,das_work,14.21452260017395,60058,42,1
1770253330.06764,47_3,47,das_work,13.65380048751831,60058,43,1
1770253330.1169176,46_3,46,das_work,14.216946363449097,60058,43,1
1770253344.9542098,47_3,47,das_work,13.28997015953064,60058,44,1
1770253344.9660711,46_3,46,das_work,12.934047937393188,60058,44,1
1770253359.625878,47_3,47,das_work,13.842981338500977,60058,45,1
1770253359.6872635,46_3,46,das_work,14.13957452774048,60058,45,1
1770253374.613028,47_3,47,das_work,14.12834334373474,60058,46,1
1770253374.6394925,46_3,46,das_work,14.150747299194336,60058,46,1
1770253389.3359072,46_3,46,das_work,13.554381847381592,60058,47,1
1770253389.3383763,47_3,47,das_work,13.298240900039673,60058,47,1
1770253404.076546,46_3,46,das_work,13.655680894851685,60058,48,1
1770253404.1028936,47_3,47,das_work,13.044347286224363,60058,48,1
1770253418.9463296,47_3,47,das_work,13.379209756851196,60058,49,1
1770253418.9465182,46_3,46,das_work,13.381823062896729,60058,49,1
1770253433.6282806,47_3,47,das_work,13.396750926971436,60058,50,1
1770253433.650908,46_3,46,das_work,14.121559858322144,60058,50,1
1770253448.5642426,46_4,46,das_work,14.23651957511902,60058,51,1
1770253448.6205428,47_4,47,das_work,13.591207265853882,60058,51,1
1770253463.283711,46_4,46,das_work,14.124149560928345,60058,52,1
1770253463.3713946,47_4,47,das_work,13.687528133392334,60058,52,1
1770253478.1049352,46_4,46,das_work,13.475176811218262,60058,53,1
1770253478.170208,47_4,47,das_work,13.502923011779783,60058,53,1
1770253492.8706234,47_4,47,das_work,13.15765643119812,60058,54,1
1770253492.8735535,46_4,46,das_work,13.266302108764648,60058,54,1
1770253507.6429358,47_4,47,das_work,13.86948037147522,60058,55,1
1770253507.693902,46_4,46,das_work,14.2952401638031,60058,55,1
1770253522.3660004,47_4,47,das_work,13.952865362167358,60058,56,1
1770253522.4205906,46_4,46,das_work,12.81486701965332,60058,56,1
1770253537.0826514,46_4,46,das_work,12.757556200027466,60058,57,1
1770253537.0828447,47_4,47,das_work,14.064916610717772,60058,57,1
1770253551.4863906,46_4,46,das_work,12.857584238052368,60058,58,1
1770253551.4972277,47_4,47,das_work,12.602615118026732,60058,58,1
1770253565.5040848,46_4,46,das_work,12.99598479270935,60058,59,1
1770253565.504996,47_4,47,das_work,12.373947381973268,60058,59,1
1770253579.1699393,47_4,47,das_work,13.030091285705566,60058,60,1
1770253579.170777,46_4,46,das_work,12.97496223449707,60058,60,1
1770252873.779684,49_0,49,das_work,8.293076753616333,60058,12,1
1770252873.803915,48_0,48,das_work,10.914565324783323,60058,12,1
1770252887.8045282,48_0,48,das_work,12.410192012786863,60058,13,1
1770252887.804916,49_0,49,das_work,12.981754541397097,60058,13,1
1770252902.4430518,49_0,49,das_work,13.800082683563232,60058,14,1
1770252902.4440043,48_0,48,das_work,13.74599003791809,60058,14,1
1770252917.3623629,48_0,48,das_work,13.556448459625244,60058,15,1
1770252917.4221454,49_0,49,das_work,14.04272174835205,60058,15,1
1770252931.9944592,48_0,48,das_work,13.461399793624878,60058,16,1
1770252931.9947574,49_0,49,das_work,13.440580606460571,60058,16,1
1770252946.7042892,48_0,48,das_work,14.051671981811523,60058,17,1
1770252946.7046468,49_0,49,das_work,13.379650831222534,60058,17,1
1770252961.3007183,48_0,48,das_work,13.809794425964355,60058,18,1
1770252961.3182282,49_0,49,das_work,12.65422511100769,60058,18,1
1770252975.7749631,48_0,48,das_work,13.088676929473875,60058,19,1
1770252975.8105,49_0,49,das_work,12.748001337051392,60058,19,1
1770252990.3027709,48_0,48,das_work,12.89592719078064,60058,20,1
1770252990.3030484,49_0,49,das_work,13.186496257781982,60058,20,1
1770253004.8319478,49_0,49,das_work,13.844772577285768,60058,21,1
1770253004.8347037,48_0,48,das_work,13.813986539840698,60058,21,1
1770253019.4609857,49_1,49,das_work,13.17126750946045,60058,22,1
1770253019.4654157,48_1,48,das_work,13.076035976409912,60058,22,1
1770253034.2319975,49_1,49,das_work,13.579604148864746,60058,23,1
1770253034.2377744,48_1,48,das_work,13.466944932937622,60058,23,1
1770253048.930174,49_1,49,das_work,13.210243463516235,60058,24,1
1770253049.028419,48_1,48,das_work,13.108750104904177,60058,24,1
1770253063.8958004,48_1,48,das_work,13.060585737228394,60058,25,1
1770253063.8972943,49_1,49,das_work,13.394510984420776,60058,25,1
1770253078.5276215,48_1,48,das_work,12.980865716934204,60058,26,1
1770253078.5787194,49_1,49,das_work,14.0940420627594,60058,26,1
1770253093.4939256,49_1,49,das_work,13.544436693191528,60058,27,1
1770253093.511654,48_1,48,das_work,14.077245712280272,60058,27,1
1770253108.221742,48_1,48,das_work,13.081769943237305,60058,28,1
1770253108.292155,49_1,49,das_work,13.970126867294312,60058,28,1
1770253123.189073,49_1,49,das_work,14.168500900268556,60058,29,1
1770253123.2463777,48_1,48,das_work,13.753314971923828,60058,29,1
1770253138.018508,49_1,49,das_work,14.07173228263855,60058,30,1
1770253138.0187123,48_1,48,das_work,13.352344274520874,60058,30,1
1770253152.7824738,48_1,48,das_work,14.028373956680298,60058,31,1
1770253152.8154917,49_1,49,das_work,13.715704679489136,60058,31,1
1770253167.5468757,48_2,48,das_work,13.116721630096436,60058,32,1
1770253167.584644,49_2,49,das_work,13.030102014541626,60058,32,1
1770253182.4315312,48_2,48,das_work,14.297449588775637,60058,33,1
1770253182.491406,49_2,49,das_work,13.811611413955688,60058,33,1
1770253197.2172613,48_2,48,das_work,12.84786295890808,60058,34,1
1770253197.2174468,49_2,49,das_work,13.763177633285522,60058,34,1
1770253211.9750345,48_2,48,das_work,13.860511541366575,60058,35,1
1770253212.0339794,49_2,49,das_work,14.28834056854248,60058,35,1
1770253226.8842373,48_2,48,das_work,14.223433494567873,60058,36,1
1770253226.8889806,49_2,49,das_work,13.908929347991943,60058,36,1
1770253241.550372,49_2,49,das_work,13.5910542011261,60058,37,1
1770253241.5936425,48_2,48,das_work,13.774060010910034,60058,37,1
1770253256.409489,49_2,49,das_work,13.44293212890625,60058,38,1
1770253256.43915,48_2,48,das_work,13.660711288452148,60058,38,1
1770253271.0884008,49_2,49,das_work,12.938271760940552,60058,39,1
1770253271.1727924,48_2,48,das_work,13.17177700996399,60058,39,1
1770253285.9339166,49_2,49,das_work,13.617701053619385,60058,40,1
1770253285.9690585,48_2,48,das_work,13.906373023986816,60058,40,1
1770253300.640933,48_2,48,das_work,12.7511727809906,60058,41,1
1770253300.6700883,49_2,49,das_work,13.346199989318848,60058,41,1
1770253315.345672,49_3,49,das_work,13.098884344100952,60058,42,1
1770253315.3754072,48_3,48,das_work,14.084120273590088,60058,42,1
1770253330.094338,49_3,49,das_work,12.999355792999268,60058,43,1
1770253330.094854,48_3,48,das_work,12.926559448242188,60058,43,1
1770253344.893179,48_3,48,das_work,12.981435537338257,60058,44,1
1770253344.9545422,49_3,49,das_work,13.503404378890991,60058,44,1
1770253359.6551669,48_3,48,das_work,12.883011817932127,60058,45,1
1770253359.685613,49_3,49,das_work,14.0921790599823,60058,45,1
1770253374.638526,48_3,48,das_work,14.41823124885559,60058,46,1
1770253374.664081,49_3,49,das_work,13.823747873306274,60058,46,1
1770253389.3354335,49_3,49,das_work,12.957139730453491,60058,47,1
1770253389.3666189,48_3,48,das_work,14.0437273979187,60058,47,1
1770253404.1047018,49_3,49,das_work,13.622249126434326,60058,48,1
1770253404.1422305,48_3,48,das_work,13.416731357574465,60058,48,1
1770253418.9379916,49_3,49,das_work,13.552625894546509,60058,49,1
1770253418.941258,48_3,48,das_work,13.233448505401611,60058,49,1
1770253433.6188524,49_3,49,das_work,14.105503559112549,60058,50,1
1770253433.6351895,48_3,48,das_work,13.286720752716064,60058,50,1
1770253448.5666642,48_3,48,das_work,14.057984113693236,60058,51,1
1770253448.6227,49_3,49,das_work,13.727699279785156,60058,51,1
1770253463.283382,48_4,48,das_work,12.894282817840576,60058,52,1
1770253463.2862656,49_4,49,das_work,13.397763013839722,60058,52,1
1770253478.1357553,49_4,49,das_work,13.3034029006958,60058,53,1
1770253478.1360366,48_4,48,das_work,13.107407093048096,60058,53,1
1770253492.8743913,49_4,49,das_work,13.755056619644163,60058,54,1
1770253492.8923662,48_4,48,das_work,13.853874444961548,60058,54,1
1770253507.6200914,49_4,49,das_work,14.125210046768188,60058,55,1
1770253507.6413913,48_4,48,das_work,13.574079036712646,60058,55,1
1770253522.3672783,48_4,48,das_work,13.442025899887083,60058,56,1
1770253522.4163587,49_4,49,das_work,13.05487871170044,60058,56,1
1770253537.109233,49_4,49,das_work,13.095436573028564,60058,57,1
1770253537.109563,48_4,48,das_work,13.551950931549072,60058,57,1
1770253551.4845388,49_4,49,das_work,12.7127788066864,60058,58,1
1770253551.4899354,48_4,48,das_work,13.441986322402954,60058,58,1
1770253565.5088718,49_4,49,das_work,12.102111577987673,60058,59,1
1770253565.5091927,48_4,48,das_work,12.06246566772461,60058,59,1
1770253579.0862627,49_4,49,das_work,12.499979496002195,60058,60,1
1770253579.1609316,48_4,48,das_work,12.329198598861694,60058,60,1
1770253592.404099,48_4,48,das_work,11.781292915344238,60058,61,1
1770253592.4301343,49_4,49,das_work,12.4713134765625,60058,61,1
1770252859.983543,50_0,50,das_work,4.904870510101318,60058,11,1
1770252860.0127022,51_0,51,das_work,3.802661657333374,60058,11,1
1770252873.779531,50_0,50,das_work,12.042937517166138,60058,12,1
1770252873.8062158,51_0,51,das_work,13.085732460021973,60058,12,1
1770252887.7945073,51_0,51,das_work,12.07079529762268,60058,13,1
1770252887.7983613,50_0,50,das_work,12.801967859268188,60058,13,1
1770252902.52995,50_0,50,das_work,13.477604866027832,60058,14,1
1770252902.530744,51_0,51,das_work,13.179747581481934,60058,14,1
1770252917.3697164,50_0,50,das_work,13.412788152694702,60058,15,1
1770252917.3699934,51_0,51,das_work,13.407580614089966,60058,15,1
1770252932.0043056,51_0,51,das_work,13.508195400238035,60058,16,1
1770252932.0045042,50_0,50,das_work,13.851917028427124,60058,16,1
1770252946.703801,51_0,51,das_work,12.798885345458984,60058,17,1
1770252946.7068808,50_0,50,das_work,12.797507286071776,60058,17,1
1770252961.31635,50_0,50,das_work,13.135313510894775,60058,18,1
1770252961.3204272,51_0,51,das_work,13.956814527511597,60058,18,1
1770252975.8078132,51_0,51,das_work,12.89646315574646,60058,19,1
1770252975.8122883,50_0,50,das_work,13.767978191375732,60058,19,1
1770252990.2978115,51_0,51,das_work,12.699454069137571,60058,20,1
1770252990.3006215,50_0,50,das_work,13.67869997024536,60058,20,1
1770253004.829087,50_1,50,das_work,13.475027322769163,60058,21,1
1770253004.834219,51_1,51,das_work,13.008100032806396,60058,21,1
1770253019.4675195,50_1,50,das_work,13.942156553268433,60058,22,1
1770253019.4691446,51_1,51,das_work,13.879538297653198,60058,22,1
1770253034.2428234,50_1,50,das_work,12.897804021835327,60058,23,1
1770253034.2486367,51_1,51,das_work,13.495448589324951,60058,23,1
1770253048.930769,51_1,51,das_work,12.80517315864563,60058,24,1
1770253049.0308206,50_1,50,das_work,13.22231912612915,60058,24,1
1770253063.814957,51_1,51,das_work,13.563673734664915,60058,25,1
1770253063.8235624,50_1,50,das_work,14.190110683441162,60058,25,1
1770253078.524253,50_1,50,das_work,13.07548189163208,60058,26,1
1770253078.531608,51_1,51,das_work,13.452514171600342,60058,26,1
1770253093.4906442,51_1,51,das_work,13.548213958740234,60058,27,1
1770253093.5113063,50_1,50,das_work,13.284785270690918,60058,27,1
1770253108.284599,51_1,51,das_work,14.0583815574646,60058,28,1
1770253108.2855227,50_1,50,das_work,12.895473718643188,60058,28,1
1770253123.248839,50_1,50,das_work,14.004853963851929,60058,29,1
1770253123.251783,51_1,51,das_work,13.727065563201904,60058,29,1
1770253138.0194106,50_1,50,das_work,12.965439081192017,60058,30,1
1770253138.0195942,51_1,51,das_work,13.47083830833435,60058,30,1
1770253152.781974,51_2,51,das_work,13.845946550369264,60058,31,1
1770253152.8354475,50_2,50,das_work,12.90519881248474,60058,31,1
1770253167.5888216,50_2,50,das_work,13.134090662002563,60058,32,1
1770253167.5895665,51_2,51,das_work,14.277567625045776,60058,32,1
1770253182.464403,50_2,50,das_work,13.198969841003418,60058,33,1
1770253182.4652264,51_2,51,das_work,13.411737203598022,60058,33,1
1770253197.2179008,50_2,50,das_work,13.450374841690063,60058,34,1
1770253197.21814,51_2,51,das_work,13.079562664031982,60058,34,1
1770253211.9792333,51_2,51,das_work,14.002378225326538,60058,35,1
1770253211.9800017,50_2,50,das_work,13.83446717262268,60058,35,1
1770253226.827865,51_2,51,das_work,13.435831069946287,60058,36,1
1770253226.8280544,50_2,50,das_work,13.49979329109192,60058,36,1
1770253241.5523949,51_2,51,das_work,13.396953105926514,60058,37,1
1770253241.5885005,50_2,50,das_work,13.303991317749023,60058,37,1
1770253256.4113746,50_2,50,das_work,13.381136894226074,60058,38,1
1770253256.440057,51_2,51,das_work,14.274813413619995,60058,38,1
1770253271.08821,50_2,50,das_work,12.688456535339355,60058,39,1
1770253271.1148815,51_2,51,das_work,14.13960886001587,60058,39,1
1770253285.940033,50_2,50,das_work,13.140355825424194,60058,40,1
1770253285.9422698,51_2,51,das_work,12.923538208007812,60058,40,1
1770253300.6138773,50_3,50,das_work,13.008079528808594,60058,41,1
1770253300.6689718,51_3,51,das_work,13.770078659057615,60058,41,1
1770253315.3798902,50_3,50,das_work,13.59491205215454,60058,42,1
1770253315.3801394,51_3,51,das_work,13.586185693740845,60058,42,1
1770253330.1339445,51_3,51,das_work,13.405783891677856,60058,43,1
1770253330.1341534,50_3,50,das_work,13.347858428955078,60058,43,1
1770253344.9511242,51_3,51,das_work,13.501846551895142,60058,44,1
1770253344.961192,50_3,50,das_work,13.53865933418274,60058,44,1
1770253359.653803,51_3,51,das_work,13.893117666244509,60058,45,1
1770253359.691696,50_3,50,das_work,13.967734813690186,60058,45,1
1770253374.6113572,51_3,51,das_work,14.124119758605955,60058,46,1
1770253374.641131,50_3,50,das_work,13.934403657913208,60058,46,1
1770253389.3049555,51_3,51,das_work,12.782461643218994,60058,47,1
1770253389.3641372,50_3,50,das_work,13.797500610351562,60058,47,1
1770253404.0537894,50_3,50,das_work,13.08099603652954,60058,48,1
1770253404.0540218,51_3,51,das_work,13.514621019363403,60058,48,1
1770253418.8756068,50_3,50,das_work,13.74894404411316,60058,49,1
1770253418.9081025,51_3,51,das_work,14.322283506393433,60058,49,1
1770253433.634771,51_3,51,das_work,14.084392070770264,60058,50,1
1770253433.6392748,50_3,50,das_work,14.113438129425049,60058,50,1
1770253448.568283,51_4,51,das_work,13.879762887954712,60058,51,1
1770253448.5694923,50_4,50,das_work,14.404724597930908,60058,51,1
1770253463.3740826,51_4,51,das_work,12.973927736282349,60058,52,1
1770253463.374282,50_4,50,das_work,12.835840225219728,60058,52,1
1770253478.109169,50_4,50,das_work,13.083665132522585,60058,53,1
1770253478.1346245,51_4,51,das_work,14.115986108779907,60058,53,1
1770253492.8394756,51_4,51,das_work,13.98957109451294,60058,54,1
1770253492.874806,50_4,50,das_work,14.109763145446776,60058,54,1
1770253507.618768,51_4,51,das_work,12.817381858825684,60058,55,1
1770253507.7013328,50_4,50,das_work,13.347521305084229,60058,55,1
1770253522.36744,50_4,50,das_work,13.465319156646729,60058,56,1
1770253522.448398,51_4,51,das_work,13.905752658843994,60058,56,1
1770253537.1641831,51_4,51,das_work,13.83634114265442,60058,57,1
1770253537.1743176,50_4,50,das_work,13.94803023338318,60058,57,1
1770253551.4954808,50_4,50,das_work,12.735793828964232,60058,58,1
1770253551.4978418,51_4,51,das_work,13.146191835403442,60058,58,1
1770253565.4253373,51_4,51,das_work,12.627296924591064,60058,59,1
1770253565.5003357,50_4,50,das_work,12.541530847549438,60058,59,1
1770253579.1690123,51_4,51,das_work,13.011637687683104,60058,60,1
1770253579.1706755,50_4,50,das_work,12.633123397827148,60058,60,1
1770252873.781625,53_0,53,das_work,10.321955442428589,60058,12,1
1770252873.80517,52_0,52,das_work,11.577791452407835,60058,12,1
1770252887.7934344,52_0,52,das_work,12.336117506027222,60058,13,1
1770252887.7969055,53_0,53,das_work,12.75704836845398,60058,13,1
1770252902.439717,53_0,53,das_work,12.708314418792725,60058,14,1
1770252902.5266502,52_0,52,das_work,13.297348976135254,60058,14,1
1770252917.3664243,53_0,53,das_work,13.48019027709961,60058,15,1
1770252917.4177048,52_0,52,das_work,14.30602240562439,60058,15,1
1770252931.9922352,53_0,53,das_work,12.720167875289915,60058,16,1
1770252932.0029192,52_0,52,das_work,13.383610963821411,60058,16,1
1770252946.701471,52_0,52,das_work,13.517412900924684,60058,17,1
1770252946.7075057,53_0,53,das_work,13.7951762676239,60058,17,1
1770252961.3186474,52_0,52,das_work,13.130232572555542,60058,18,1
1770252961.321941,53_0,53,das_work,13.96631908416748,60058,18,1
1770252975.7726357,53_0,53,das_work,13.310598373413086,60058,19,1
1770252975.781232,52_0,52,das_work,13.02035140991211,60058,19,1
1770252990.3534088,52_0,52,das_work,13.42847180366516,60058,20,1
1770252990.3536537,53_0,53,das_work,13.408608198165894,60058,20,1
1770253004.8153706,53_0,53,das_work,13.364986896514893,60058,21,1
1770253004.8282745,52_0,52,das_work,12.519638061523438,60058,21,1
1770253019.451933,52_1,52,das_work,13.166192054748535,60058,22,1
1770253019.4585826,53_1,53,das_work,13.488617181777954,60058,22,1
1770253034.2386818,52_1,52,das_work,13.212674379348757,60058,23,1
1770253034.242494,53_1,53,das_work,13.99566650390625,60058,23,1
1770253048.9301736,52_1,52,das_work,14.100117683410645,60058,24,1
1770253049.0255933,53_1,53,das_work,13.547027826309204,60058,24,1
1770253063.8179383,52_1,52,das_work,12.958138704299929,60058,25,1
1770253063.8258357,53_1,53,das_work,14.263107776641846,60058,25,1
1770253078.5271294,52_1,52,das_work,12.942138195037842,60058,26,1
1770253078.5527282,53_1,53,das_work,13.87830090522766,60058,26,1
1770253093.49465,53_1,53,das_work,13.446034908294678,60058,27,1
1770253093.513273,52_1,52,das_work,13.902107000350952,60058,27,1
1770253108.2218492,52_1,52,das_work,13.236435890197754,60058,28,1
1770253108.290933,53_1,53,das_work,13.761834621429443,60058,28,1
1770253123.2485669,52_1,52,das_work,13.714859008789062,60058,29,1
1770253123.2537775,53_1,53,das_work,13.711560487747192,60058,29,1
1770253137.982927,53_1,53,das_work,12.87506914138794,60058,30,1
1770253138.0122137,52_1,52,das_work,14.042227268218994,60058,30,1
1770253152.7808142,53_1,53,das_work,13.352429628372192,60058,31,1
1770253152.8348255,52_1,52,das_work,13.39693307876587,60058,31,1
1770253167.5458956,52_2,52,das_work,13.064979314804075,60058,32,1
1770253167.5834837,53_2,53,das_work,13.221113920211792,60058,32,1
1770253182.4344437,53_2,53,das_work,13.02465534210205,60058,33,1
1770253182.4347568,52_2,52,das_work,14.220947980880736,60058,33,1
1770253197.214198,53_2,53,das_work,13.853675365447998,60058,34,1
1770253197.2416673,52_2,52,das_work,14.010846376419067,60058,34,1
1770253211.9731858,53_2,53,das_work,12.81248664855957,60058,35,1
1770253212.007555,52_2,52,das_work,13.980624437332152,60058,35,1
1770253226.8494074,52_2,52,das_work,13.592070579528809,60058,36,1
1770253226.8918426,53_2,53,das_work,14.36452317237854,60058,36,1
1770253241.5265496,53_2,53,das_work,12.65808629989624,60058,37,1
1770253241.5905087,52_2,52,das_work,13.776779174804688,60058,37,1
1770253256.3592143,52_2,52,das_work,13.720542669296265,60058,38,1
1770253256.3816922,53_2,53,das_work,13.059094667434692,60058,38,1
1770253271.0894902,53_2,53,das_work,13.50545883178711,60058,39,1
1770253271.1168494,52_2,52,das_work,13.82547378540039,60058,39,1
1770253285.9311864,53_2,53,das_work,13.97645878791809,60058,40,1
1770253285.971644,52_2,52,das_work,14.114896535873411,60058,40,1
1770253300.613428,52_2,52,das_work,13.010169506072998,60058,41,1
1770253300.6665273,53_2,53,das_work,13.380382776260376,60058,41,1
1770253315.3459585,53_3,53,das_work,13.301972389221191,60058,42,1
1770253315.3750274,52_3,52,das_work,13.18891954421997,60058,42,1
1770253330.0896275,52_3,52,das_work,13.930969715118408,60058,43,1
1770253330.1184194,53_3,53,das_work,14.258984565734863,60058,43,1
1770253344.952667,53_3,53,das_work,13.846086502075195,60058,44,1
1770253344.9665968,52_3,52,das_work,13.591530561447144,60058,44,1
1770253359.653581,52_3,52,das_work,13.669078826904297,60058,45,1
1770253359.6899738,53_3,53,das_work,13.287790536880491,60058,45,1
1770253374.5773685,52_3,52,das_work,13.444035291671751,60058,46,1
1770253374.6114764,53_3,53,das_work,13.060311317443848,60058,46,1
1770253389.3064947,53_3,53,das_work,13.610766410827637,60058,47,1
1770253389.3676832,52_3,52,das_work,13.26379680633545,60058,47,1
1770253404.0775776,53_3,53,das_work,13.351077795028688,60058,48,1
1770253404.146379,52_3,52,das_work,13.754131555557253,60058,48,1
1770253418.9054947,52_3,52,das_work,13.644084453582764,60058,49,1
1770253418.9381063,53_3,53,das_work,13.121968984603882,60058,49,1
1770253433.6295545,52_3,52,das_work,13.881555795669556,60058,50,1
1770253433.6381245,53_3,53,das_work,13.166890144348145,60058,50,1
1770253448.5675416,53_3,53,das_work,13.443786859512327,60058,51,1
1770253448.5705576,52_3,52,das_work,13.469143867492676,60058,51,1
1770253463.313471,53_4,53,das_work,14.12986421585083,60058,52,1
1770253463.3388026,52_4,52,das_work,13.053020238876345,60058,52,1
1770253478.1636026,53_4,53,das_work,13.839370012283323,60058,53,1
1770253478.163791,52_4,52,das_work,13.987305879592896,60058,53,1
1770253492.8414395,53_4,53,das_work,13.728655815124512,60058,54,1
1770253492.849695,52_4,52,das_work,12.844176769256592,60058,54,1
1770253507.7054422,52_4,52,das_work,13.360695123672484,60058,55,1
1770253507.7056668,53_4,53,das_work,13.211026906967165,60058,55,1
1770253522.415996,52_4,52,das_work,13.26710605621338,60058,56,1
1770253522.449639,53_4,53,das_work,13.496110677719116,60058,56,1
1770253537.1072204,53_4,53,das_work,13.574560403823853,60058,57,1
1770253537.177022,52_4,52,das_work,13.260818004608154,60058,57,1
1770253551.4967513,53_4,53,das_work,13.405856132507324,60058,58,1
1770253551.4992833,52_4,52,das_work,13.7601158618927,60058,58,1
1770253565.500951,53_4,53,das_work,12.723568439483644,60058,59,1
1770253565.5139258,52_4,52,das_work,13.32625126838684,60058,59,1
1770253579.08604,53_4,53,das_work,12.392595767974854,60058,60,1
1770253579.1594882,52_4,52,das_work,12.111510992050173,60058,60,1
1770253592.406746,52_4,52,das_work,11.3074791431427,60058,61,1
1770253592.406973,53_4,53,das_work,12.636969804763794,60058,61,1
1770252873.7252288,54_0,54,das_work,5.833238124847412,60058,12,1
1770252873.725438,55_0,55,das_work,5.377808094024658,60058,12,1
1770252887.793826,55_0,55,das_work,12.815616846084597,60058,13,1
1770252887.797301,54_0,54,das_work,13.534900665283203,60058,13,1
1770252902.5302837,54_0,54,das_work,14.020973443984984,60058,14,1
1770252902.5329323,55_0,55,das_work,13.679732084274292,60058,14,1
1770252917.3616436,54_0,54,das_work,14.27758502960205,60058,15,1
1770252917.3655968,55_0,55,das_work,13.83011770248413,60058,15,1
1770252931.9953752,54_0,54,das_work,13.510436773300173,60058,16,1
1770252931.9955988,55_0,55,das_work,13.05662727355957,60058,16,1
1770252946.691488,54_0,54,das_work,13.137218713760376,60058,17,1
1770252946.702464,55_0,55,das_work,13.49783730506897,60058,17,1
1770252961.319589,54_0,54,das_work,13.154837131500244,60058,18,1
1770252961.3222492,55_0,55,das_work,12.65558099746704,60058,18,1
1770252975.7783842,54_0,54,das_work,13.81295108795166,60058,19,1
1770252975.8072484,55_0,55,das_work,13.075379133224487,60058,19,1
1770252990.2949898,55_0,55,das_work,13.743226051330566,60058,20,1
1770252990.3518646,54_0,54,das_work,13.81514859199524,60058,20,1
1770253004.8290837,55_0,55,das_work,12.80980134010315,60058,21,1
1770253004.8344164,54_0,54,das_work,13.753626823425291,60058,21,1
1770253019.453119,54_1,54,das_work,13.55481743812561,60058,22,1
1770253019.4595883,55_1,55,das_work,13.856929540634155,60058,22,1
1770253034.2473197,54_1,54,das_work,13.49552321434021,60058,23,1
1770253034.25002,55_1,55,das_work,12.826382875442505,60058,23,1
1770253049.022968,55_1,55,das_work,13.705773830413818,60058,24,1
1770253049.0294924,54_1,54,das_work,13.9663245677948,60058,24,1
1770253063.8904662,54_1,54,das_work,13.006457090377808,60058,25,1
1770253063.896236,55_1,55,das_work,13.301132440567017,60058,25,1
1770253078.5260289,54_1,54,das_work,12.64330792427063,60058,26,1
1770253078.5268638,55_1,55,das_work,13.220584154129028,60058,26,1
1770253093.4846594,55_1,55,das_work,13.973053455352783,60058,27,1
1770253093.513059,54_1,54,das_work,13.402294158935549,60058,27,1
1770253108.2523053,54_1,54,das_work,13.157092809677124,60058,28,1
1770253108.253815,55_1,55,das_work,13.622981309890749,60058,28,1
1770253123.2100115,55_1,55,das_work,13.7566876411438,60058,29,1
1770253123.25156,54_1,54,das_work,13.952672481536863,60058,29,1
1770253137.9817147,55_1,55,das_work,12.986448287963867,60058,30,1
1770253137.9825172,54_1,54,das_work,13.169236183166504,60058,30,1
1770253152.7822835,55_1,55,das_work,13.046534061431885,60058,31,1
1770253152.786347,54_1,54,das_work,12.961350202560425,60058,31,1
1770253167.524628,55_2,55,das_work,13.594315528869627,60058,32,1
1770253167.5485077,54_2,54,das_work,14.244587898254396,60058,32,1
1770253182.4953218,55_2,55,das_work,14.04437494277954,60058,33,1
1770253182.495639,54_2,54,das_work,13.10348629951477,60058,33,1
1770253197.2474582,54_2,54,das_work,13.719205141067505,60058,34,1
1770253197.2781427,55_2,55,das_work,13.096885919570925,60058,34,1
1770253211.9723215,54_2,54,das_work,12.866588830947876,60058,35,1
1770253212.0040555,55_2,55,das_work,14.194610595703123,60058,35,1
1770253226.848982,54_2,54,das_work,14.11553192138672,60058,36,1
1770253226.8920133,55_2,55,das_work,13.20506238937378,60058,36,1
1770253241.549113,54_2,54,das_work,13.894412755966188,60058,37,1
1770253241.552555,55_2,55,das_work,13.289117574691772,60058,37,1
1770253256.4428315,54_2,54,das_work,13.766658306121826,60058,38,1
1770253256.447327,55_2,55,das_work,12.961900234222412,60058,38,1
1770253271.1770782,55_2,55,das_work,13.900973558425903,60058,39,1
1770253271.1772752,54_2,54,das_work,13.46817135810852,60058,39,1
1770253285.941141,54_2,54,das_work,13.699219942092896,60058,40,1
1770253285.9448104,55_2,55,das_work,14.194387435913086,60058,40,1
1770253300.6432862,54_2,54,das_work,12.97666835784912,60058,41,1
1770253300.644061,55_2,55,das_work,14.078139066696169,60058,41,1
1770253315.3790686,55_3,55,das_work,13.526720523834229,60058,42,1
1770253315.3792765,54_3,54,das_work,13.924709558486938,60058,42,1
1770253330.094197,55_3,55,das_work,13.894380331039429,60058,43,1
1770253330.1297789,54_3,54,das_work,13.129365682601929,60058,43,1
1770253344.8932471,55_3,55,das_work,12.94074773788452,60058,44,1
1770253344.9646738,54_3,54,das_work,14.27060341835022,60058,44,1
1770253359.6282842,54_3,54,das_work,13.793638229370115,60058,45,1
1770253359.629579,55_3,55,das_work,12.912262439727783,60058,45,1
1770253374.605748,55_3,55,das_work,13.221354246139526,60058,46,1
1770253374.6408234,54_3,54,das_work,14.336819887161257,60058,46,1
1770253389.3065455,55_3,55,das_work,12.87712574005127,60058,47,1
1770253389.3377638,54_3,54,das_work,14.06462264060974,60058,47,1
1770253404.1288188,54_3,54,das_work,13.692970752716064,60058,48,1
1770253404.1383736,55_3,55,das_work,12.88940930366516,60058,48,1
1770253418.908653,54_3,54,das_work,13.68538498878479,60058,49,1
1770253418.9443092,55_3,55,das_work,12.858397245407104,60058,49,1
1770253433.6215527,54_3,54,das_work,13.76790452003479,60058,50,1
1770253433.627615,55_3,55,das_work,13.998863697052002,60058,50,1
1770253448.570068,55_3,55,das_work,13.778448104858398,60058,51,1
1770253448.623969,54_3,54,das_work,13.16389012336731,60058,51,1
1770253463.2809267,54_4,54,das_work,14.113288640975952,60058,52,1
1770253463.339219,55_4,55,das_work,13.65890645980835,60058,52,1
1770253478.106349,54_4,54,das_work,13.522823095321655,60058,53,1
1770253478.170592,55_4,55,das_work,13.812887907028198,60058,53,1
1770253492.870546,55_4,55,das_work,14.15969705581665,60058,54,1
1770253492.874166,54_4,54,das_work,14.2550687789917,60058,54,1
1770253507.6434548,55_4,55,das_work,12.98991870880127,60058,55,1
1770253507.694537,54_4,54,das_work,14.107635259628296,60058,55,1
1770253522.368698,54_4,54,das_work,14.002331972122192,60058,56,1
1770253522.3900192,55_4,55,das_work,13.904982805252075,60058,56,1
1770253537.080912,55_4,55,das_work,12.752833366394045,60058,57,1
1770253537.1709056,54_4,54,das_work,13.90779709815979,60058,57,1
1770253551.4912813,54_4,54,das_work,12.887497663497925,60058,58,1
1770253551.497784,55_4,55,das_work,13.537408828735352,60058,58,1
1770253565.5119643,55_4,55,das_work,12.059629917144775,60058,59,1
1770253565.5122445,54_4,54,das_work,12.661345958709717,60058,59,1
1770253579.1671774,54_4,54,das_work,12.826953887939451,60058,60,1
1770253579.168809,55_4,55,das_work,12.204109191894531,60058,60,1
1770253592.456022,55_4,55,das_work,12.30034565925598,60058,61,1
1770253592.4563472,54_4,54,das_work,11.575007915496826,60058,61,1
1770252873.8049278,57_0,57,das_work,3.296983242034912,60058,12,1
1770252887.7980714,57_0,57,das_work,13.479973554611206,60058,13,1
1770252902.52713,57_0,57,das_work,13.837613582611084,60058,14,1
1770252917.4166453,57_0,57,das_work,14.254527807235718,60058,15,1
1770252931.9392347,57_0,57,das_work,13.325922012329102,60058,16,1
1770252946.703216,57_0,57,das_work,12.976777791976929,60058,17,1
1770252961.3209298,57_0,57,das_work,13.959269523620604,60058,18,1
1770252975.8068514,57_0,57,das_work,13.080970764160156,60058,19,1
1770252990.2968774,57_0,57,das_work,12.656982421875,60058,20,1
1770253004.820321,57_0,57,das_work,13.209070920944214,60058,21,1
1770253004.8233805,56_0,56,das_work,131.92134714126587,60058,21,1
1770253019.4605105,56_0,56,das_work,12.809069633483888,60058,22,1
1770253019.464133,57_1,57,das_work,14.045490026474,60058,22,1
1770253034.2373607,56_0,56,das_work,13.14025616645813,60058,23,1
1770253034.2483425,57_1,57,das_work,13.580929279327393,60058,23,1
1770253049.0249507,57_1,57,das_work,12.857304573059082,60058,24,1
1770253049.0301912,56_0,56,das_work,13.176543951034546,60058,24,1
1770253063.8112557,56_0,56,das_work,13.689231634140016,60058,25,1
1770253063.8248878,57_1,57,das_work,14.144392013549805,60058,25,1
1770253078.5562265,57_1,57,das_work,13.932732105255129,60058,26,1
1770253078.5564437,56_0,56,das_work,13.86066746711731,60058,26,1
1770253093.5447009,57_1,57,das_work,13.47657346725464,60058,27,1
1770253093.5519223,56_0,56,das_work,13.581445455551147,60058,27,1
1770253108.2866626,57_1,57,das_work,13.161290884017944,60058,28,1
1770253108.2880926,56_0,56,das_work,13.349822282791138,60058,28,1
1770253123.1532054,57_1,57,das_work,13.119933366775513,60058,29,1
1770253123.185675,56_0,56,das_work,14.171037197113035,60058,29,1
1770253137.9514618,57_1,57,das_work,12.915988206863403,60058,30,1
1770253137.9780812,56_0,56,das_work,13.514361381530762,60058,30,1
1770253152.7821815,57_1,57,das_work,13.734130382537842,60058,31,1
1770253152.813555,56_1,56,das_work,13.505849599838257,60058,31,1
1770253167.524762,56_1,56,das_work,13.262701988220217,60058,32,1
1770253167.5869217,57_2,57,das_work,12.86573338508606,60058,32,1
1770253182.4591596,56_1,56,das_work,13.045813083648682,60058,33,1
1770253182.5226195,57_2,57,das_work,13.569201469421388,60058,33,1
1770253197.2156346,56_1,56,das_work,12.830544471740724,60058,34,1
1770253197.2468762,57_2,57,das_work,12.782893896102903,60058,34,1
1770253212.0369327,57_2,57,das_work,13.973595142364502,60058,35,1
1770253212.0372546,56_1,56,das_work,14.300180435180664,60058,35,1
1770253226.8275626,57_2,57,das_work,13.7504460811615,60058,36,1
1770253226.8277714,56_1,56,das_work,13.659094333648682,60058,36,1
1770253241.5784762,57_2,57,das_work,14.21644377708435,60058,37,1
1770253241.5968149,56_1,56,das_work,13.094916105270386,60058,37,1
1770253256.3571565,57_2,57,das_work,13.852776765823364,60058,38,1
1770253256.443559,56_1,56,das_work,13.623976945877075,60058,38,1
1770253271.1657948,56_1,56,das_work,13.14625096321106,60058,39,1
1770253271.1744502,57_2,57,das_work,14.21579360961914,60058,39,1
1770253285.974182,56_1,56,das_work,13.936559200286863,60058,40,1
1770253285.9743772,57_2,57,das_work,13.038695573806764,60058,40,1
1770253300.586495,56_2,56,das_work,13.435338497161863,60058,41,1
1770253300.5866864,57_2,57,das_work,13.57134246826172,60058,41,1
1770253315.3192873,57_3,57,das_work,12.950205087661743,60058,42,1
1770253315.4065156,56_2,56,das_work,13.942448377609251,60058,42,1
1770253330.0925045,56_2,56,das_work,13.40693473815918,60058,43,1
1770253330.0928135,57_3,57,das_work,13.531461477279665,60058,43,1
1770253344.950361,56_2,56,das_work,13.35633635520935,60058,44,1
1770253344.9543383,57_3,57,das_work,13.18002223968506,60058,44,1
1770253359.6282291,56_2,56,das_work,13.58408808708191,60058,45,1
1770253359.690079,57_3,57,das_work,13.518571853637695,60058,45,1
1770253374.6375763,56_2,56,das_work,14.356841802597046,60058,46,1
1770253374.6411376,57_3,57,das_work,14.42485737800598,60058,46,1
1770253389.3363736,56_2,56,das_work,13.256958961486816,60058,47,1
1770253389.3637724,57_3,57,das_work,13.241997718811035,60058,47,1
1770253404.052914,56_2,56,das_work,13.58848237991333,60058,48,1
1770253404.0532527,57_3,57,das_work,12.813570499420166,60058,48,1
1770253418.940626,56_2,56,das_work,13.53303837776184,60058,49,1
1770253418.9435422,57_3,57,das_work,13.819939136505129,60058,49,1
1770253433.6221902,56_2,56,das_work,13.902877569198608,60058,50,1
1770253433.6388686,57_3,57,das_work,13.20616102218628,60058,50,1
1770253448.566775,57_3,57,das_work,13.718271017074583,60058,51,1
1770253448.5696387,56_3,56,das_work,13.611941814422607,60058,51,1
1770253463.284409,57_4,57,das_work,12.724554538726808,60058,52,1
1770253463.33871,56_3,56,das_work,13.731140613555908,60058,52,1
1770253478.1089914,57_4,57,das_work,14.293177604675291,60058,53,1
1770253478.110697,56_3,56,das_work,14.234860181808472,60058,53,1
1770253492.8493884,57_4,57,das_work,13.101853847503662,60058,54,1
1770253492.8504448,56_3,56,das_work,13.253246307373049,60058,54,1
1770253507.6185555,57_4,57,das_work,13.162666082382202,60058,55,1
1770253507.6967528,56_3,56,das_work,13.644603252410889,60058,55,1
1770253522.418373,56_3,56,das_work,13.797199726104736,60058,56,1
1770253522.4484138,57_4,57,das_work,14.040271997451782,60058,56,1
1770253537.1546297,57_4,57,das_work,13.407150030136108,60058,57,1
1770253537.1753094,56_3,56,das_work,13.209055662155151,60058,57,1
1770253551.4897523,56_3,56,das_work,13.395896196365356,60058,58,1
1770253551.4958253,57_4,57,das_work,13.072290897369385,60058,58,1
1770253565.5045023,56_3,56,das_work,12.455243349075316,60058,59,1
1770253565.5062704,57_4,57,das_work,12.09704852104187,60058,59,1
1770253579.167482,56_3,56,das_work,13.15173864364624,60058,60,1
1770253579.1698737,57_4,57,das_work,12.17670726776123,60058,60,1
1770253592.4073017,56_4,56,das_work,11.394705772399902,60058,61,1
1770253592.407582,57_4,57,das_work,11.965731620788574,60058,61,1
1770253605.5210483,56_4,56,das_work,11.554531812667848,60058,62,1
1770253618.2667944,56_4,56,das_work,11.874781847000122,60058,63,1
1770253630.5422895,56_4,56,das_work,11.424463272094728,60058,64,1
1770253642.6790674,56_4,56,das_work,10.80013394355774,60058,65,1
1770253654.904713,56_4,56,das_work,10.840180158615112,60058,66,1
1770253667.1142237,56_4,56,das_work,11.077236413955688,60058,67,1
1770253679.2793756,56_4,56,das_work,11.255229234695436,60058,68,1
1770253691.3757987,56_4,56,das_work,10.799562454223633,60058,69,1
1770253703.546312,56_4,56,das_work,11.069002389907835,60058,70,1
1770252873.7825956,58_0,58,das_work,7.021348476409912,60058,12,1
1770252887.797102,58_0,58,das_work,13.180291891098022,60058,13,1
1770252887.7988942,59_0,59,das_work,13.46067762374878,60058,13,1
1770252902.531277,59_0,59,das_work,14.183915615081789,60058,14,1
1770252902.533139,58_0,58,das_work,13.790744304656982,60058,14,1
1770252917.3665843,58_0,58,das_work,13.595433473587036,60058,15,1
1770252917.417707,59_0,59,das_work,14.005279064178469,60058,15,1
1770252931.9660585,58_0,58,das_work,12.769097089767456,60058,16,1
1770252931.9663775,59_0,59,das_work,12.922159433364868,60058,16,1
1770252946.7027335,59_0,59,das_work,13.292014122009276,60058,17,1
1770252946.7065969,58_0,58,das_work,13.960672855377195,60058,17,1
1770252961.3086257,58_0,58,das_work,13.31441569328308,60058,18,1
1770252961.3203275,59_0,59,das_work,13.436365127563477,60058,18,1
1770252975.723609,58_0,58,das_work,13.406906127929688,60058,19,1
1770252975.724385,59_0,59,das_work,12.614710807800291,60058,19,1
1770252990.265994,58_0,58,das_work,13.669713973999023,60058,20,1
1770252990.2979567,59_0,59,das_work,13.57944393157959,60058,20,1
1770253004.8229325,59_0,59,das_work,12.795953750610352,60058,21,1
1770253004.8261962,58_0,58,das_work,13.312189817428589,60058,21,1
1770253019.46896,58_1,58,das_work,13.831246852874756,60058,22,1
1770253019.4697318,59_0,59,das_work,13.807063102722168,60058,22,1
1770253034.2258716,59_1,59,das_work,13.527416944503784,60058,23,1
1770253034.2389238,58_1,58,das_work,12.819024085998535,60058,23,1
1770253048.9482155,59_1,59,das_work,13.659650802612305,60058,24,1
1770253048.949005,58_1,58,das_work,13.247485876083374,60058,24,1
1770253063.8178327,59_1,59,das_work,14.368852615356444,60058,25,1
1770253063.8976085,58_1,58,das_work,13.141497135162354,60058,25,1
1770253078.5241067,58_1,58,das_work,13.503787755966188,60058,26,1
1770253078.5313249,59_1,59,das_work,13.059492349624634,60058,26,1
1770253093.4944708,58_1,58,das_work,13.501471996307371,60058,27,1
1770253093.5510712,59_1,59,das_work,14.309147834777832,60058,27,1
1770253108.2508285,58_1,58,das_work,13.878659009933472,60058,28,1
1770253108.2529402,59_1,59,das_work,14.153640270233154,60058,28,1
1770253123.2109463,59_1,59,das_work,13.514261484146118,60058,29,1
1770253123.250815,58_1,58,das_work,13.398303985595703,60058,29,1
1770253137.9837956,59_1,59,das_work,13.543678760528564,60058,30,1
1770253138.014689,58_1,58,das_work,13.2681303024292,60058,30,1
1770253152.7841947,58_1,58,das_work,14.258702754974363,60058,31,1
1770253152.8134513,59_1,59,das_work,13.282440423965454,60058,31,1
1770253167.521448,59_1,59,das_work,13.275465726852415,60058,32,1
1770253167.5744865,58_2,58,das_work,14.081726789474487,60058,32,1
1770253182.4324243,58_2,58,das_work,13.229284524917604,60058,33,1
1770253182.4925203,59_2,59,das_work,13.614248037338257,60058,33,1
1770253197.2469893,59_2,59,das_work,13.873420238494871,60058,34,1
1770253197.2768764,58_2,58,das_work,13.128183603286743,60058,34,1
1770253212.0069852,58_2,58,das_work,13.18432903289795,60058,35,1
1770253212.0335977,59_2,59,das_work,13.874806880950928,60058,35,1
1770253226.8241951,59_2,59,das_work,14.16988730430603,60058,36,1
1770253226.8886616,58_2,58,das_work,13.352419137954712,60058,36,1
1770253241.5539787,59_2,59,das_work,13.322946071624756,60058,37,1
1770253241.5958364,58_2,58,das_work,13.04790472984314,60058,37,1
1770253256.4091644,59_2,59,das_work,14.328865766525269,60058,38,1
1770253256.439334,58_2,58,das_work,13.053544759750366,60058,38,1
1770253271.1197672,58_2,58,das_work,13.510214567184448,60058,39,1
1770253271.120716,59_2,59,das_work,12.9883713722229,60058,39,1
1770253285.9693365,59_2,59,das_work,12.993659019470217,60058,40,1
1770253285.9735055,58_2,58,das_work,13.79413890838623,60058,40,1
1770253300.6106532,59_2,59,das_work,14.053725719451904,60058,41,1
1770253300.671342,58_2,58,das_work,13.999357223510742,60058,41,1
1770253315.3490453,59_2,59,das_work,12.984473943710327,60058,42,1
1770253315.3492565,58_3,58,das_work,12.761496305465698,60058,42,1
1770253330.0675578,58_3,58,das_work,12.786455392837524,60058,43,1
1770253330.1236932,59_3,59,das_work,14.19461750984192,60058,43,1
1770253344.9506562,59_3,59,das_work,13.95691180229187,60058,44,1
1770253344.9566033,58_3,58,das_work,14.039782285690308,60058,44,1
1770253359.6805625,59_3,59,das_work,14.129866361618042,60058,45,1
1770253359.6808193,58_3,58,das_work,13.385341882705688,60058,45,1
1770253374.6082284,59_3,59,das_work,12.9628324508667,60058,46,1
1770253374.635582,58_3,58,das_work,13.710712671279907,60058,46,1
1770253389.3352275,59_3,59,das_work,13.63255524635315,60058,47,1
1770253389.336061,58_3,58,das_work,13.492982625961304,60058,47,1
1770253404.1375062,58_3,58,das_work,14.082772254943848,60058,48,1
1770253404.1443584,59_3,59,das_work,13.453908681869509,60058,48,1
1770253418.9079385,58_3,58,das_work,14.02843165397644,60058,49,1
1770253418.9435527,59_3,59,das_work,12.958161115646362,60058,49,1
1770253433.6291597,58_3,58,das_work,13.466057777404783,60058,50,1
1770253433.651435,59_3,59,das_work,12.72749161720276,60058,50,1
1770253448.591959,59_3,59,das_work,14.31461262702942,60058,51,1
1770253448.624118,58_3,58,das_work,13.753154039382936,60058,51,1
1770253463.313321,58_4,58,das_work,13.415719985961914,60058,52,1
1770253463.3708322,59_3,59,das_work,13.170535326004028,60058,52,1
1770253478.1334045,58_4,58,das_work,13.8617422580719,60058,53,1
1770253478.133729,59_4,59,das_work,13.149196863174438,60058,53,1
1770253492.845699,59_4,59,das_work,13.960153579711914,60058,54,1
1770253492.87474,58_4,58,das_work,13.842238426208496,60058,54,1
1770253507.61986,59_4,59,das_work,13.706066131591797,60058,55,1
1770253507.6966949,58_4,58,das_work,13.463181257247925,60058,55,1
1770253522.4178755,58_4,58,das_work,13.013220310211182,60058,56,1
1770253522.451595,59_4,59,das_work,14.161730289459229,60058,56,1
1770253537.108647,58_4,58,das_work,13.22603464126587,60058,57,1
1770253537.108953,59_4,59,das_work,14.136013507843018,60058,57,1
1770253551.4856904,58_4,58,das_work,12.764069080352783,60058,58,1
1770253551.4989786,59_4,59,das_work,13.879270792007446,60058,58,1
1770253565.512225,58_4,58,das_work,12.152213335037231,60058,59,1
1770253565.5124311,59_4,59,das_work,13.48399782180786,60058,59,1
1770253579.1111908,59_4,59,das_work,11.93160605430603,60058,60,1
1770253579.1114569,58_4,58,das_work,11.811732530593872,60058,60,1
1770253592.3819194,59_4,59,das_work,12.428020238876345,60058,61,1
1770253592.382135,58_4,58,das_work,12.075713872909546,60058,61,1
1770253605.474856,59_4,59,das_work,12.14079737663269,60058,62,1
1770252821.0370708,5_0,5,das_work,7.403590440750122,60058,8,1
1770252821.037351,4_0,4,das_work,0.5537986755371094,60058,8,1
1770252833.6753066,5_0,5,das_work,11.79115343093872,60058,9,1
1770252833.7026596,4_0,4,das_work,11.898179531097412,60058,9,1
1770252846.6708107,4_0,4,das_work,11.053426504135132,60058,10,1
1770252846.6710722,5_0,5,das_work,12.438635110855104,60058,10,1
1770252860.0682788,4_0,4,das_work,12.127994537353516,60058,11,1
1770252860.0684536,5_0,5,das_work,11.76857614517212,60058,11,1
1770252873.782967,5_0,5,das_work,13.21237015724182,60058,12,1
1770252873.7843006,4_0,4,das_work,12.276122570037842,60058,12,1
1770252887.8054504,4_0,4,das_work,12.172832489013672,60058,13,1
1770252887.805715,5_0,5,das_work,12.087044954299929,60058,13,1
1770252902.5277417,5_0,5,das_work,13.7581524848938,60058,14,1
1770252902.530603,4_0,4,das_work,13.335392475128174,60058,14,1
1770252917.3697617,5_0,5,das_work,13.802621603012083,60058,15,1
1770252917.370095,4_0,4,das_work,13.813396692276,60058,15,1
1770252931.9666066,5_0,5,das_work,13.180782794952393,60058,16,1
1770252931.9668038,4_0,4,das_work,13.699357986450195,60058,16,1
1770252946.6379817,5_0,5,das_work,12.946080446243286,60058,17,1
1770252946.7072775,4_0,4,das_work,13.53323745727539,60058,17,1
1770252961.3092537,4_1,4,das_work,12.619675159454346,60058,18,1
1770252961.3161197,5_1,5,das_work,13.868046760559082,60058,18,1
1770252975.7447526,5_1,5,das_work,12.68174695968628,60058,19,1
1770252975.745572,4_1,4,das_work,12.483821630477903,60058,19,1
1770252990.2940314,4_1,4,das_work,13.792053461074827,60058,20,1
1770252990.3505845,5_1,5,das_work,12.998570442199709,60058,20,1
1770253004.8153238,5_1,5,das_work,13.029538869857788,60058,21,1
1770253004.8283854,4_1,4,das_work,13.76411199569702,60058,21,1
1770253019.4508328,5_1,5,das_work,13.97343373298645,60058,22,1
1770253019.4583669,4_1,4,das_work,13.03433918952942,60058,22,1
1770253034.240585,5_1,5,das_work,13.22865343093872,60058,23,1
1770253034.2440035,4_1,4,das_work,13.957490921020508,60058,23,1
1770253049.0226624,4_1,4,das_work,12.808298587799072,60058,24,1
1770253049.0257149,5_1,5,das_work,13.10505437850952,60058,24,1
1770253063.8109698,4_1,4,das_work,13.92877197265625,60058,25,1
1770253063.897114,5_1,5,das_work,14.206540584564207,60058,25,1
1770253078.5273032,5_1,5,das_work,12.943793773651125,60058,26,1
1770253078.5553148,4_1,4,das_work,14.134680032730104,60058,26,1
1770253093.4918163,4_1,4,das_work,13.613333702087402,60058,27,1
1770253093.5478835,5_1,5,das_work,14.392409086227415,60058,27,1
1770253108.2220166,4_2,4,das_work,13.023587226867676,60058,28,1
1770253108.2491932,5_2,5,das_work,12.70390248298645,60058,28,1
1770253123.211298,5_2,5,das_work,13.94384479522705,60058,29,1
1770253123.2510111,4_2,4,das_work,14.340320825576782,60058,29,1
1770253137.980656,4_2,4,das_work,12.920955657958984,60058,30,1
1770253138.011793,5_2,5,das_work,14.117422819137571,60058,30,1
1770253152.780216,5_2,5,das_work,13.721190214157104,60058,31,1
1770253152.8098826,4_2,4,das_work,12.844407558441162,60058,31,1
1770253167.5236988,5_2,5,das_work,13.065863370895386,60058,32,1
1770253167.5887716,4_2,4,das_work,12.871554851531982,60058,32,1
1770253182.4615588,4_2,4,das_work,14.307555437088013,60058,33,1
1770253182.462468,5_2,5,das_work,14.045296907424929,60058,33,1
1770253197.2145,5_2,5,das_work,13.495830297470093,60058,34,1
1770253197.246327,4_2,4,das_work,13.987558603286743,60058,34,1
1770253211.9781294,4_2,4,das_work,13.36801791191101,60058,35,1
1770253212.007217,5_2,5,das_work,13.137609481811523,60058,35,1
1770253226.88437,5_2,5,das_work,12.960551500320436,60058,36,1
1770253226.8875954,4_2,4,das_work,12.937959909439089,60058,36,1
1770253241.58002,5_2,5,das_work,14.091421365737917,60058,37,1
1770253241.580335,4_2,4,das_work,13.032403230667114,60058,37,1
1770253256.4070735,5_3,5,das_work,14.206058979034424,60058,38,1
1770253256.4387038,4_3,4,das_work,12.91572117805481,60058,38,1
1770253271.141471,4_3,4,das_work,12.703959941864014,60058,39,1
1770253271.1416817,5_3,5,das_work,13.608187437057495,60058,39,1
1770253285.9409664,5_3,5,das_work,13.534276962280272,60058,40,1
1770253285.9688058,4_3,4,das_work,14.286925315856934,60058,40,1
1770253300.6740782,5_3,5,das_work,13.517423152923584,60058,41,1
1770253300.6748283,4_3,4,das_work,13.82460331916809,60058,41,1
1770253315.4095793,5_3,5,das_work,13.604110956192017,60058,42,1
1770253315.4097831,4_3,4,das_work,13.546420097351074,60058,42,1
1770253330.1235054,5_3,5,das_work,13.420331954956056,60058,43,1
1770253330.1279993,4_3,4,das_work,13.51045036315918,60058,43,1
1770253344.91971,4_3,4,das_work,13.504678726196287,60058,44,1
1770253344.9546864,5_3,5,das_work,13.434195280075071,60058,44,1
1770253359.6264298,5_3,5,das_work,13.872466802597046,60058,45,1
1770253359.6908658,4_3,4,das_work,13.85126519203186,60058,45,1
1770253374.6374726,5_3,5,das_work,13.634311199188232,60058,46,1
1770253374.641355,4_3,4,das_work,14.066954374313354,60058,46,1
1770253389.388785,4_3,4,das_work,13.69305658340454,60058,47,1
1770253389.3890495,5_3,5,das_work,12.82990837097168,60058,47,1
1770253404.1050243,4_4,4,das_work,14.05428910255432,60058,48,1
1770253404.1425683,5_4,5,das_work,12.926942110061646,60058,48,1
1770253418.943576,4_4,4,das_work,12.861719846725464,60058,49,1
1770253418.9445367,5_4,5,das_work,13.0733163356781,60058,49,1
1770253433.6225708,5_4,5,das_work,13.19884967803955,60058,50,1
1770253433.6508212,4_4,4,das_work,13.67582631111145,60058,50,1
1770253448.5713325,4_4,4,das_work,14.37216567993164,60058,51,1
1770253448.571627,5_4,5,das_work,14.41397738456726,60058,51,1
1770253463.2867656,5_4,5,das_work,13.606985569000244,60058,52,1
1770253463.2870882,4_4,4,das_work,13.55671215057373,60058,52,1
1770253478.110591,4_4,4,das_work,14.160557508468628,60058,53,1
1770253478.1707351,5_4,5,das_work,13.038213968276978,60058,53,1
1770253492.8463285,4_4,4,das_work,14.034519910812378,60058,54,1
1770253492.8725717,5_4,5,das_work,12.725528001785278,60058,54,1
1770253507.6200342,5_4,5,das_work,14.011475801467896,60058,55,1
1770253507.6646338,4_4,4,das_work,13.580124855041504,60058,55,1
1770253522.424512,4_4,4,das_work,13.966206550598145,60058,56,1
1770253522.4247978,5_4,5,das_work,14.190671443939207,60058,56,1
1770253537.107462,4_4,4,das_work,13.671569347381592,60058,57,1
1770253537.1751585,5_4,5,das_work,13.078911781311035,60058,57,1
1770252873.779292,60_0,60,das_work,5.246511459350586,60058,12,1
1770252873.8064065,61_0,61,das_work,6.580747127532959,60058,12,1
1770252887.788987,60_0,60,das_work,12.13330054283142,60058,13,1
1770252887.798231,61_0,61,das_work,13.333131790161133,60058,13,1
1770252902.5323987,60_0,60,das_work,12.937768459320068,60058,14,1
1770252902.5332773,61_0,61,das_work,12.745811939239502,60058,14,1
1770252917.3619063,61_0,61,das_work,13.085064888000488,60058,15,1
1770252917.4136198,60_0,60,das_work,13.516135215759276,60058,15,1
1770252931.9417222,61_0,61,das_work,12.60386061668396,60058,16,1
1770252932.002309,60_0,60,das_work,13.546417951583862,60058,16,1
1770252946.6929636,60_0,60,das_work,13.805263996124268,60058,17,1
1770252946.693817,61_0,61,das_work,13.911828517913818,60058,17,1
1770252961.3010578,61_0,61,das_work,14.098721504211426,60058,18,1
1770252961.3122876,60_0,60,das_work,13.488009691238403,60058,18,1
1770252975.775423,61_0,61,das_work,13.525669813156128,60058,19,1
1770252975.7768447,60_0,60,das_work,12.996451616287231,60058,19,1
1770252990.2972574,60_0,60,das_work,13.596041679382324,60058,20,1
1770252990.3213992,61_0,61,das_work,13.77114987373352,60058,20,1
1770253004.8318396,61_0,61,das_work,13.692779064178469,60058,21,1
1770253004.834393,60_0,60,das_work,13.691752433776855,60058,21,1
1770253019.46612,60_1,60,das_work,13.865040302276611,60058,22,1
1770253019.4687698,61_1,61,das_work,12.995196342468262,60058,22,1
1770253034.239427,60_1,60,das_work,13.89749526977539,60058,23,1
1770253034.2429323,61_1,61,das_work,13.45449185371399,60058,23,1
1770253048.9495108,60_1,60,das_work,13.109716176986694,60058,24,1
1770253048.9502816,61_1,61,das_work,13.768718957901,60058,24,1
1770253063.8243048,60_1,60,das_work,14.369656085968018,60058,25,1
1770253063.8972445,61_1,61,das_work,13.56313419342041,60058,25,1
1770253078.529781,60_1,60,das_work,13.574164867401125,60058,26,1
1770253078.5527773,61_1,61,das_work,13.90762972831726,60058,26,1
1770253093.5478337,61_1,61,das_work,14.235600471496582,60058,27,1
1770253093.5514915,60_1,60,das_work,14.130526065826416,60058,27,1
1770253108.2225046,60_1,60,das_work,13.276725053787231,60058,28,1
1770253108.2826931,61_1,61,das_work,12.756112098693848,60058,28,1
1770253123.1864245,61_1,61,das_work,13.184685707092283,60058,29,1
1770253123.2520452,60_1,60,das_work,14.45517373085022,60058,29,1
1770253138.0029068,60_1,60,das_work,12.811973333358765,60058,30,1
1770253138.0169773,61_1,61,das_work,14.302428722381592,60058,30,1
1770253152.8136003,61_1,61,das_work,13.15080428123474,60058,31,1
1770253152.8154728,60_1,60,das_work,12.977064609527588,60058,31,1
1770253167.5453193,61_2,61,das_work,13.297266006469728,60058,32,1
1770253167.5870347,60_2,60,das_work,12.97138214111328,60058,32,1
1770253182.4950242,60_2,60,das_work,13.089333057403564,60058,33,1
1770253182.4951994,61_2,61,das_work,13.841964721679688,60058,33,1
1770253197.243565,60_2,60,das_work,12.907556056976318,60058,34,1
1770253197.2467752,61_2,61,das_work,13.109705924987791,60058,34,1
1770253211.9743862,61_2,61,das_work,12.918035745620728,60058,35,1
1770253212.0079117,60_2,60,das_work,13.972826719284058,60058,35,1
1770253226.8927531,60_2,60,das_work,12.934069871902466,60058,36,1
1770253226.8940938,61_2,61,das_work,13.029436588287354,60058,36,1
1770253241.5527096,61_2,61,das_work,13.667563438415527,60058,37,1
1770253241.5934663,60_2,60,das_work,12.832688331604004,60058,37,1
1770253256.4395692,61_2,61,das_work,13.462833881378174,60058,38,1
1770253256.446518,60_2,60,das_work,13.439389944076538,60058,38,1
1770253271.1676564,60_2,60,das_work,13.002007722854614,60058,39,1
1770253271.1714475,61_2,61,das_work,13.89734983444214,60058,39,1
1770253285.939776,61_2,61,das_work,13.485881805419922,60058,40,1
1770253285.9728708,60_2,60,das_work,13.099719047546388,60058,40,1
1770253300.5850816,61_2,61,das_work,13.129264831542969,60058,41,1
1770253300.6713278,60_2,60,das_work,13.178740501403809,60058,41,1
1770253315.3186986,60_3,60,das_work,13.296047925949097,60058,42,1
1770253315.3742964,61_3,61,das_work,13.123371124267578,60058,42,1
1770253330.1337333,60_3,60,das_work,14.183993101119995,60058,43,1
1770253330.1339283,61_3,61,das_work,12.995847463607788,60058,43,1
1770253344.8929858,61_3,61,das_work,13.460941314697266,60058,44,1
1770253344.9645815,60_3,60,das_work,12.907305479049684,60058,44,1
1770253359.6903353,60_3,60,das_work,13.689877033233644,60058,45,1
1770253359.692722,61_3,61,das_work,13.67266607284546,60058,45,1
1770253374.638976,60_3,60,das_work,14.432711839675903,60058,46,1
1770253374.6651912,61_3,61,das_work,13.44671630859375,60058,46,1
1770253389.3712363,60_3,60,das_work,13.401867628097534,60058,47,1
1770253389.3714418,61_3,61,das_work,13.132551908493042,60058,47,1
1770253404.1057787,60_3,60,das_work,13.29639196395874,60058,48,1
1770253404.1423228,61_3,61,das_work,13.173580169677734,60058,48,1
1770253418.9436643,61_3,61,das_work,13.183751821517944,60058,49,1
1770253418.9453,60_3,60,das_work,13.059167861938477,60058,49,1
1770253433.6390135,61_3,61,das_work,13.280500888824465,60058,50,1
1770253433.6516166,60_3,60,das_work,12.98542094230652,60058,50,1
1770253448.5669775,60_3,60,das_work,13.163604736328123,60058,51,1
1770253448.5903766,61_3,61,das_work,13.843793392181396,60058,51,1
1770253463.3744771,61_4,61,das_work,13.07819676399231,60058,52,1
1770253463.3747227,60_4,60,das_work,13.962563276290894,60058,52,1
1770253478.1115286,61_4,61,das_work,13.79586911201477,60058,53,1
1770253478.1117847,60_4,60,das_work,14.14369511604309,60058,53,1
1770253492.8443496,61_4,61,das_work,14.114349842071531,60058,54,1
1770253492.8461337,60_4,60,das_work,12.851200342178345,60058,54,1
1770253507.6433268,60_4,60,das_work,13.26321268081665,60058,55,1
1770253507.6651711,61_4,61,das_work,14.078691482543944,60058,55,1
1770253522.392562,60_4,60,das_work,13.982898473739624,60058,56,1
1770253522.392849,61_4,61,das_work,14.030490398406982,60058,56,1
1770253537.1078572,60_4,60,das_work,13.931208610534668,60058,57,1
1770253537.1682365,61_4,61,das_work,12.999999046325684,60058,57,1
1770253551.4858592,60_4,60,das_work,12.59857439994812,60058,58,1
1770253551.491275,61_4,61,das_work,12.953585863113403,60058,58,1
1770253565.505251,60_4,60,das_work,12.722355127334597,60058,59,1
1770253565.5140796,61_4,61,das_work,13.481043100357056,60058,59,1
1770253579.1663723,60_4,60,das_work,11.737252235412598,60058,60,1
1770253579.1668365,61_4,61,das_work,12.222261428833008,60058,60,1
1770253592.3813648,60_4,60,das_work,12.58987522125244,60058,61,1
1770253592.382178,61_4,61,das_work,11.973047494888306,60058,61,1
1770252873.7820723,63_0,63,das_work,3.3868813514709477,60058,12,1
1770252873.782297,62_0,62,das_work,3.500673294067383,60058,12,1
1770252887.7930722,63_0,63,das_work,12.663297176361084,60058,13,1
1770252887.7980878,62_0,62,das_work,12.517462253570557,60058,13,1
1770252902.5303905,63_0,63,das_work,13.102622270584106,60058,14,1
1770252902.5312846,62_0,62,das_work,12.914661169052124,60058,14,1
1770252917.3615086,62_0,62,das_work,12.912012577056885,60058,15,1
1770252917.3668883,63_0,63,das_work,13.0163311958313,60058,15,1
1770252931.993439,63_0,63,das_work,12.989756107330322,60058,16,1
1770252931.9999244,62_0,62,das_work,12.931049585342407,60058,16,1
1770252946.6394253,63_0,63,das_work,12.866174936294556,60058,17,1
1770252946.6911314,62_0,62,das_work,12.952731609344482,60058,17,1
1770252961.3110688,62_0,62,das_work,12.8311128616333,60058,18,1
1770252961.3173065,63_0,63,das_work,14.09637713432312,60058,18,1
1770252975.7780282,63_0,63,das_work,12.795514345169067,60058,19,1
1770252975.780532,62_0,62,das_work,13.679935693740845,60058,19,1
1770252990.2634642,63_0,63,das_work,12.863435745239258,60058,20,1
1770252990.296885,62_0,62,das_work,13.318818807601929,60058,20,1
1770253004.815763,63_0,63,das_work,13.007739782333374,60058,21,1
1770253004.8228383,62_0,62,das_work,12.792811632156372,60058,21,1
1770253019.4458876,63_1,63,das_work,13.416467666625977,60058,22,1
1770253019.458512,62_1,62,das_work,13.824830532073976,60058,22,1
1770253034.2410717,62_1,62,das_work,13.535060167312622,60058,23,1
1770253034.2498035,63_1,63,das_work,14.103301525115969,60058,23,1
1770253048.931905,63_1,63,das_work,13.358816385269163,60058,24,1
1770253049.0246851,62_1,62,das_work,14.080135583877563,60058,24,1
1770253063.8110847,63_1,63,das_work,13.992001056671144,60058,25,1
1770253063.8167655,62_1,62,das_work,13.80669355392456,60058,25,1
1770253078.552866,62_1,62,das_work,13.468201875686646,60058,26,1
1770253078.5546231,63_1,63,das_work,12.981284856796265,60058,26,1
1770253093.4916549,62_1,62,das_work,13.89585280418396,60058,27,1
1770253093.5475132,63_1,63,das_work,14.275265216827393,60058,27,1
1770253108.251188,62_1,62,das_work,13.053817510604858,60058,28,1
1770253108.2924173,63_1,63,das_work,13.887013673782349,60058,28,1
1770253123.1853428,62_1,62,das_work,13.912689447402954,60058,29,1
1770253123.2490752,63_1,63,das_work,14.3253436088562,60058,29,1
1770253138.0192118,63_1,63,das_work,14.243905067443848,60058,30,1
1770253138.019412,62_1,62,das_work,13.920943021774292,60058,30,1
1770253152.7515273,62_1,62,das_work,13.79092025756836,60058,31,1
1770253152.811518,63_1,63,das_work,13.072855949401855,60058,31,1
1770253167.5482874,62_2,62,das_work,14.179396867752075,60058,32,1
1770253167.588497,63_2,63,das_work,14.26098895072937,60058,32,1
1770253182.4891367,62_2,62,das_work,13.010642766952516,60058,33,1
1770253182.5236058,63_2,63,das_work,14.041566848754885,60058,33,1
1770253197.281555,63_2,63,das_work,12.902159452438354,60058,34,1
1770253197.2823267,62_2,62,das_work,13.342036485671995,60058,34,1
1770253212.0046504,62_2,62,das_work,13.340615272521973,60058,35,1
1770253212.0338528,63_2,63,das_work,13.512313842773438,60058,35,1
1770253226.8859286,62_2,62,das_work,13.275645971298218,60058,36,1
1770253226.8887684,63_2,63,das_work,14.309382200241089,60058,36,1
1770253241.5504556,62_2,62,das_work,13.41727089881897,60058,37,1
1770253241.5900877,63_2,63,das_work,14.036858081817629,60058,37,1
1770253256.359288,62_2,62,das_work,13.414776802062988,60058,38,1
1770253256.4468715,63_2,63,das_work,13.098028659820557,60058,38,1
1770253271.1772945,62_2,62,das_work,13.408021926879885,60058,39,1
1770253271.1774976,63_2,63,das_work,14.074215173721312,60058,39,1
1770253285.935778,62_2,62,das_work,13.57439661026001,60058,40,1
1770253285.97147,63_2,63,das_work,12.968750476837158,60058,40,1
1770253300.610857,62_2,62,das_work,14.09453296661377,60058,41,1
1770253300.6708484,63_2,63,das_work,13.619274854660034,60058,41,1
1770253315.4094143,63_3,63,das_work,13.598571538925173,60058,42,1
1770253315.4096136,62_3,62,das_work,13.599329710006714,60058,42,1
1770253330.0682878,62_3,62,das_work,13.23761224746704,60058,43,1
1770253330.068594,63_3,63,das_work,12.750160455703735,60058,43,1
1770253344.8930542,63_3,63,das_work,13.213767051696776,60058,44,1
1770253344.9592092,62_3,62,das_work,13.015811204910278,60058,44,1
1770253359.6287944,63_3,63,das_work,12.842756748199465,60058,45,1
1770253359.6885118,62_3,62,das_work,13.454791069030762,60058,45,1
1770253374.6382651,62_3,62,das_work,14.210219144821169,60058,46,1
1770253374.6652467,63_3,63,das_work,13.550461769104004,60058,46,1
1770253389.3690696,62_3,62,das_work,14.089921474456789,60058,47,1
1770253389.3701875,63_3,63,das_work,13.038590908050535,60058,47,1
1770253404.1407988,63_3,63,das_work,13.818649768829346,60058,48,1
1770253404.1441584,62_3,62,das_work,13.14314866065979,60058,48,1
1770253418.873671,63_3,63,das_work,14.182742595672607,60058,49,1
1770253418.940843,62_3,62,das_work,12.828629970550535,60058,49,1
1770253433.6322436,63_3,63,das_work,13.555910348892212,60058,50,1
1770253433.63879,62_3,62,das_work,13.08820390701294,60058,50,1
1770253448.6301415,63_3,63,das_work,13.73362421989441,60058,51,1
1770253448.6304986,62_3,62,das_work,14.406301259994509,60058,51,1
1770253463.312461,63_4,63,das_work,14.057402610778809,60058,52,1
1770253463.3712196,62_4,62,das_work,13.292623281478882,60058,52,1
1770253478.136212,63_4,63,das_work,13.880366802215576,60058,53,1
1770253478.1365423,62_4,62,das_work,13.974673748016356,60058,53,1
1770253492.85218,62_4,62,das_work,13.633308410644531,60058,54,1
1770253492.8523724,63_4,63,das_work,13.1979820728302,60058,54,1
1770253507.6165607,63_4,63,das_work,14.120758056640623,60058,55,1
1770253507.7018094,62_4,62,das_work,14.117393493652344,60058,55,1
1770253522.3678503,63_4,63,das_work,13.23276400566101,60058,56,1
1770253522.419228,62_4,62,das_work,12.84604811668396,60058,56,1
1770253537.1073828,63_4,63,das_work,13.502310514450071,60058,57,1
1770253537.175607,62_4,62,das_work,13.021671533584597,60058,57,1
1770253551.500677,62_4,62,das_work,13.56670618057251,60058,58,1
1770253551.501006,63_4,63,das_work,13.64988374710083,60058,58,1
1770253565.5107417,62_4,62,das_work,12.04773497581482,60058,59,1
1770253565.5109756,63_4,63,das_work,13.182658433914185,60058,59,1
1770253579.1669147,63_4,63,das_work,12.06490182876587,60058,60,1
1770253579.16867,62_4,62,das_work,12.295658588409424,60058,60,1
1770253592.431894,62_4,62,das_work,12.298405408859251,60058,61,1
1770253592.432201,63_4,63,das_work,12.469346046447754,60058,61,1
1770252887.802612,65_0,65,das_work,7.737489938735962,60058,13,1
1770252902.4369104,65_0,65,das_work,13.90313172340393,60058,14,1
1770252917.3642914,65_0,65,das_work,12.955204963684082,60058,15,1
1770252931.9387636,65_0,65,das_work,12.644991397857666,60058,16,1
1770252946.6900256,65_0,65,das_work,12.869934558868408,60058,17,1
1770252961.318504,65_0,65,das_work,13.105738401412964,60058,18,1
1770252975.8078306,65_0,65,das_work,13.72419548034668,60058,19,1
1770252990.2659893,65_0,65,das_work,13.27306580543518,60058,20,1
1770253004.8326263,65_0,65,das_work,13.279597282409668,60058,21,1
1770253004.8352892,64_0,64,das_work,131.94837594032288,60058,21,1
1770253019.458165,65_0,65,das_work,12.958332300186155,60058,22,1
1770253019.462904,64_0,64,das_work,14.032272815704346,60058,22,1
1770253034.2392485,64_0,64,das_work,13.03575038909912,60058,23,1
1770253034.243548,65_1,65,das_work,12.955342292785645,60058,23,1
1770253048.9479337,65_1,65,das_work,13.381902933120728,60058,24,1
1770253049.0255032,64_0,64,das_work,14.073436498641968,60058,24,1
1770253063.8185563,65_1,65,das_work,13.612376689910889,60058,25,1
1770253063.898516,64_0,64,das_work,13.050266981124878,60058,25,1
1770253078.5549605,65_1,65,das_work,13.678059816360474,60058,26,1
1770253078.5566344,64_0,64,das_work,13.41573977470398,60058,26,1
1770253093.4899426,64_0,64,das_work,14.082513809204102,60058,27,1
1770253093.5499563,65_1,65,das_work,13.07500433921814,60058,27,1
1770253108.2215493,64_0,64,das_work,12.930854082107544,60058,28,1
1770253108.2930207,65_1,65,das_work,13.363709211349487,60058,28,1
1770253123.1883638,65_1,65,das_work,12.94277572631836,60058,29,1
1770253123.2556937,64_0,64,das_work,14.058838367462158,60058,29,1
1770253137.9835637,65_1,65,das_work,13.504705905914308,60058,30,1
1770253138.0121665,64_0,64,das_work,12.924945831298828,60058,30,1
1770253152.7840545,65_1,65,das_work,13.066160678863524,60058,31,1
1770253152.8364582,64_1,64,das_work,13.472146034240724,60058,31,1
1770253167.5454838,64_1,64,das_work,13.200633764266968,60058,32,1
1770253167.574528,65_1,65,das_work,13.162355899810793,60058,32,1
1770253182.4616842,64_1,64,das_work,13.32544207572937,60058,33,1
1770253182.5261698,65_2,65,das_work,14.35448122024536,60058,33,1
1770253197.1875868,64_1,64,das_work,12.896546363830566,60058,34,1
1770253197.187766,65_2,65,das_work,13.884720802307127,60058,34,1
1770253212.002561,64_1,64,das_work,13.274432897567747,60058,35,1
1770253212.003448,65_2,65,das_work,13.94639492034912,60058,35,1
1770253226.8253272,65_2,65,das_work,13.690315961837769,60058,36,1
1770253226.8888986,64_1,64,das_work,13.238689422607422,60058,36,1
1770253241.5503545,64_1,64,das_work,12.855496168136597,60058,37,1
1770253241.5973334,65_2,65,das_work,14.112783670425417,60058,37,1
1770253256.412041,65_2,65,das_work,13.01215147972107,60058,38,1
1770253256.4123,64_1,64,das_work,13.256823301315308,60058,38,1
1770253271.088504,64_1,64,das_work,13.632775783538818,60058,39,1
1770253271.1670103,65_2,65,das_work,12.933305025100708,60058,39,1
1770253285.9421277,65_2,65,das_work,13.72670578956604,60058,40,1
1770253285.9450026,64_1,64,das_work,14.075235366821287,60058,40,1
1770253300.6114533,65_2,65,das_work,13.14893078804016,60058,41,1
1770253300.6604495,64_2,64,das_work,13.68378758430481,60058,41,1
1770253315.375496,65_2,65,das_work,12.826666831970217,60058,42,1
1770253315.4062266,64_2,64,das_work,13.884023189544678,60058,42,1
1770253330.0893118,64_2,64,das_work,14.04168176651001,60058,43,1
1770253330.1302912,65_3,65,das_work,13.042553663253784,60058,43,1
1770253344.9191396,64_2,64,das_work,13.590193510055542,60058,44,1
1770253344.9503987,65_3,65,das_work,13.396498441696169,60058,44,1
1770253359.6553838,65_3,65,das_work,13.477359771728516,60058,45,1
1770253359.6911428,64_2,64,das_work,13.252253293991089,60058,45,1
1770253374.6089163,64_2,64,das_work,12.918942213058472,60058,46,1
1770253374.638443,65_3,65,das_work,14.266140460968018,60058,46,1
1770253389.337999,65_3,65,das_work,13.36467742919922,60058,47,1
1770253389.3679929,64_2,64,das_work,13.128522634506226,60058,47,1
1770253404.078235,65_3,65,das_work,13.955151081085203,60058,48,1
1770253404.1036046,64_2,64,das_work,13.512998819351196,60058,48,1
1770253418.873562,65_3,65,das_work,13.95651626586914,60058,49,1
1770253418.9303224,64_2,64,das_work,14.025301456451416,60058,49,1
1770253433.641243,64_2,64,das_work,13.687272548675535,60058,50,1
1770253433.6420455,65_3,65,das_work,13.137723445892334,60058,50,1
1770253448.5643687,65_3,65,das_work,13.264684677124023,60058,51,1
1770253448.5674002,64_3,64,das_work,13.558624744415283,60058,51,1
1770253463.2807052,64_3,64,das_work,13.59488844871521,60058,52,1
1770253463.3124564,65_3,65,das_work,13.86584997177124,60058,52,1
1770253478.1102903,64_3,64,das_work,13.87164855003357,60058,53,1
1770253478.1599455,65_4,65,das_work,13.58386254310608,60058,53,1
1770253492.872933,65_4,65,das_work,13.219075441360474,60058,54,1
1770253492.8983016,64_3,64,das_work,13.350048542022703,60058,54,1
1770253507.6167967,65_4,65,das_work,12.925910472869871,60058,55,1
1770253507.6992452,64_3,64,das_work,13.660495042800903,60058,55,1
1770253522.365925,64_3,64,das_work,14.088526964187622,60058,56,1
1770253522.4186845,65_4,65,das_work,12.983047246932983,60058,56,1
1770253537.1692655,65_4,65,das_work,12.85177516937256,60058,57,1
1770253537.1749508,64_3,64,das_work,13.192622900009155,60058,57,1
1770253551.4983828,65_4,65,das_work,12.39989948272705,60058,58,1
1770253551.500344,64_3,64,das_work,12.725072383880615,60058,58,1
1770253565.425527,65_4,65,das_work,11.999724864959717,60058,59,1
1770253565.5056145,64_3,64,das_work,12.567541599273682,60058,59,1
1770253579.085933,64_3,64,das_work,12.50315284729004,60058,60,1
1770253579.1599984,65_4,65,das_work,13.165311813354492,60058,60,1
1770253592.4041038,65_4,65,das_work,11.70024037361145,60058,61,1
1770253592.4304414,64_4,64,das_work,12.840948343276978,60058,61,1
1770253605.4764187,65_4,65,das_work,12.343220472335815,60058,62,1
1770253605.477834,64_4,64,das_work,12.290414810180664,60058,62,1
1770253618.2662652,64_4,64,das_work,11.062678813934326,60058,63,1
1770253630.474764,64_4,64,das_work,10.34495210647583,60058,64,1
1770253642.7472265,64_4,64,das_work,11.587711572647097,60058,65,1
1770253654.904193,64_4,64,das_work,11.403977394104004,60058,66,1
1770253667.1141584,64_4,64,das_work,11.28370976448059,60058,67,1
1770253679.2794712,64_4,64,das_work,10.491006851196287,60058,68,1
1770253691.3512948,64_4,64,das_work,11.069911479949951,60058,69,1
1770253703.547407,64_4,64,das_work,10.698885202407835,60058,70,1
1770252887.7910488,66_0,66,das_work,7.146582841873169,60058,13,1
1770252887.8026216,67_0,67,das_work,13.329988956451416,60058,13,1
1770252902.4422004,67_0,67,das_work,13.88530731201172,60058,14,1
1770252902.5227523,66_0,66,das_work,13.091981410980225,60058,14,1
1770252917.416736,67_0,67,das_work,14.414084196090698,60058,15,1
1770252917.4212253,66_0,66,das_work,14.075335264205933,60058,15,1
1770252931.9963388,67_0,67,das_work,13.317606925964355,60058,16,1
1770252931.9965515,66_0,66,das_work,12.977848529815674,60058,16,1
1770252946.7059276,66_0,66,das_work,13.44230055809021,60058,17,1
1770252946.7069633,67_0,67,das_work,12.830139875411987,60058,17,1
1770252961.3097694,66_0,66,das_work,14.015552282333374,60058,18,1
1770252961.3187027,67_0,67,das_work,14.080639362335203,60058,18,1
1770252975.7825687,66_0,66,das_work,12.976563215255736,60058,19,1
1770252975.782755,67_0,67,das_work,12.81224513053894,60058,19,1
1770252990.321484,66_0,66,das_work,13.965929746627808,60058,20,1
1770252990.3506534,67_0,67,das_work,13.448180198669434,60058,20,1
1770253004.8166988,66_0,66,das_work,13.257779359817505,60058,21,1
1770253004.8340566,67_0,67,das_work,13.680356740951538,60058,21,1
1770253019.4519873,67_0,67,das_work,13.224064588546751,60058,22,1
1770253019.4586842,66_0,66,das_work,12.95493507385254,60058,22,1
1770253034.2431493,66_1,66,das_work,13.448713541030884,60058,23,1
1770253034.2463737,67_1,67,das_work,13.354227542877195,60058,23,1
1770253048.9312265,66_1,66,das_work,13.759747505187988,60058,24,1
1770253048.9320693,67_1,67,das_work,12.71076226234436,60058,24,1
1770253063.8130083,67_1,67,das_work,14.367038488388062,60058,25,1
1770253063.8931904,66_1,66,das_work,13.452702760696411,60058,25,1
1770253078.529605,66_1,66,das_work,12.819234609603882,60058,26,1
1770253078.5568335,67_1,67,das_work,13.44396948814392,60058,26,1
1770253093.491442,67_1,67,das_work,13.419829845428469,60058,27,1
1770253093.549826,66_1,66,das_work,14.291348934173584,60058,27,1
1770253108.2871785,66_1,66,das_work,13.932581186294556,60058,28,1
1770253108.2914689,67_1,67,das_work,14.176978349685667,60058,28,1
1770253123.2556362,66_1,66,das_work,14.094530820846558,60058,29,1
1770253123.2564788,67_1,67,das_work,13.833383798599243,60058,29,1
1770253137.950995,67_1,67,das_work,13.731411218643188,60058,30,1
1770253137.9823422,66_1,66,das_work,13.522125482559204,60058,30,1
1770253152.7844603,67_1,67,das_work,13.763002395629885,60058,31,1
1770253152.8154378,66_1,66,das_work,13.68894076347351,60058,31,1
1770253167.5830567,67_1,67,das_work,13.378453731536863,60058,32,1
1770253167.5833757,66_1,66,das_work,13.811065912246704,60058,32,1
1770253182.4629009,67_2,67,das_work,14.3587646484375,60058,33,1
1770253182.463706,66_2,66,das_work,14.235793590545654,60058,33,1
1770253197.212822,66_2,66,das_work,13.133989810943604,60058,34,1
1770253197.2816565,67_2,67,das_work,13.139078855514526,60058,34,1
1770253212.0039256,67_2,67,das_work,13.3389732837677,60058,35,1
1770253212.0363815,66_2,66,das_work,13.670512199401855,60058,35,1
1770253226.8494964,67_2,67,das_work,13.872966051101685,60058,36,1
1770253226.88464,66_2,66,das_work,14.163687705993652,60058,36,1
1770253241.5981083,66_2,66,das_work,13.858328342437744,60058,37,1
1770253241.600752,67_2,67,das_work,13.547396421432495,60058,37,1
1770253256.4401362,66_2,66,das_work,14.136879444122314,60058,38,1
1770253256.4430108,67_2,67,das_work,12.866861581802368,60058,38,1
1770253271.166966,67_2,67,das_work,13.367855548858644,60058,39,1
1770253271.1746652,66_2,66,das_work,12.741113662719728,60058,39,1
1770253285.9363518,67_2,67,das_work,13.98315930366516,60058,40,1
1770253285.9417634,66_2,66,das_work,13.56464958190918,60058,40,1
1770253300.6109684,67_2,67,das_work,13.88581919670105,60058,41,1
1770253300.6381626,66_2,66,das_work,12.958487510681152,60058,41,1
1770253315.4079232,67_2,67,das_work,14.088037729263306,60058,42,1
1770253315.408675,66_2,66,das_work,13.110336780548096,60058,42,1
1770253330.0890849,66_3,66,das_work,13.912769079208374,60058,43,1
1770253330.130823,67_3,67,das_work,13.446307897567747,60058,43,1
1770253344.919059,66_3,66,das_work,14.13457489013672,60058,44,1
1770253344.9540343,67_3,67,das_work,13.32659673690796,60058,44,1
1770253359.6269803,66_3,66,das_work,13.27343463897705,60058,45,1
1770253359.629117,67_3,67,das_work,12.871065139770508,60058,45,1
1770253374.609014,66_3,66,das_work,13.412921667099,60058,46,1
1770253374.6092682,67_3,67,das_work,13.605585098266602,60058,46,1
1770253389.366234,67_3,67,das_work,13.121752977371216,60058,47,1
1770253389.369165,66_3,66,das_work,13.455087900161743,60058,47,1
1770253404.128712,67_3,67,das_work,13.553194761276243,60058,48,1
1770253404.1443927,66_3,66,das_work,13.773656606674194,60058,48,1
1770253418.9380586,66_3,66,das_work,13.45659041404724,60058,49,1
1770253418.945655,67_3,67,das_work,13.823114395141602,60058,49,1
1770253433.628539,66_3,66,das_work,13.679064512252808,60058,50,1
1770253433.638759,67_3,67,das_work,13.81131887435913,60058,50,1
1770253448.6299412,66_3,66,das_work,13.067523956298828,60058,51,1
1770253448.6312022,67_3,67,das_work,13.05314803123474,60058,51,1
1770253463.2839904,67_3,67,das_work,13.403507471084597,60058,52,1
1770253463.286332,66_3,66,das_work,12.833486557006836,60058,52,1
1770253478.1621664,66_4,66,das_work,14.165376424789429,60058,53,1
1770253478.1624904,67_4,67,das_work,14.369288682937622,60058,53,1
1770253492.8483336,67_4,67,das_work,13.240077018737791,60058,54,1
1770253492.8736627,66_4,66,das_work,12.804119110107422,60058,54,1
1770253507.6203609,66_4,66,das_work,13.118699073791504,60058,55,1
1770253507.6997845,67_4,67,das_work,13.56229329109192,60058,55,1
1770253522.4237192,66_4,66,das_work,13.44658899307251,60058,56,1
1770253522.4239268,67_4,67,das_work,13.53578281402588,60058,56,1
1770253537.1743968,66_4,66,das_work,14.029874563217165,60058,57,1
1770253537.1764522,67_4,67,das_work,12.78278136253357,60058,57,1
1770253551.4981272,67_4,67,das_work,13.706696271896362,60058,58,1
1770253551.4996138,66_4,66,das_work,13.405164957046509,60058,58,1
1770253565.4249067,67_4,67,das_work,12.815141439437866,60058,59,1
1770253565.5060449,66_4,66,das_work,12.573474884033203,60058,59,1
1770253579.1626475,66_4,66,das_work,12.810842037200928,60058,60,1
1770253579.164209,67_4,67,das_work,11.811052083969116,60058,60,1
1770253592.4338565,67_4,67,das_work,12.501450061798096,60058,61,1
1770253592.4340746,66_4,66,das_work,11.935110807418823,60058,61,1
1770253605.5218687,66_4,66,das_work,12.110143899917604,60058,62,1
1770253605.5226195,67_4,67,das_work,11.76952600479126,60058,62,1
1770252887.7947717,69_0,69,das_work,13.309870719909668,60058,13,1
1770252902.5265205,69_0,69,das_work,13.515674352645874,60058,14,1
1770252917.4193945,69_0,69,das_work,13.430874109268188,60058,15,1
1770252932.0009382,69_0,69,das_work,13.705806732177734,60058,16,1
1770252946.7078917,69_0,69,das_work,14.204150199890137,60058,17,1
1770252961.299976,69_0,69,das_work,13.7739737033844,60058,18,1
1770252975.810298,69_0,69,das_work,13.356703042984009,60058,19,1
1770252990.2962444,69_0,69,das_work,13.554117441177368,60058,20,1
1770253004.8237803,69_0,69,das_work,12.653597831726074,60058,21,1
1770253019.4600947,69_0,69,das_work,12.97691297531128,60058,22,1
1770253019.463617,68_0,68,das_work,133.74535417556763,60058,22,1
1770253034.2277467,69_1,69,das_work,13.987464427947998,60058,23,1
1770253034.232453,68_0,68,das_work,13.02535605430603,60058,23,1
1770253049.025093,68_0,68,das_work,13.89749526977539,60058,24,1
1770253049.0323236,69_1,69,das_work,13.810615301132202,60058,24,1
1770253063.824426,68_0,68,das_work,13.76174521446228,60058,25,1
1770253063.8264625,69_1,69,das_work,13.84691309928894,60058,25,1
1770253078.5281858,68_0,68,das_work,13.764373779296877,60058,26,1
1770253078.5304456,69_1,69,das_work,13.609498023986816,60058,26,1
1770253093.4862163,69_1,69,das_work,14.068870544433594,60058,27,1
1770253093.4956849,68_0,68,das_work,13.348180770874023,60058,27,1
1770253108.221254,69_1,69,das_work,13.11892294883728,60058,28,1
1770253108.283786,68_0,68,das_work,13.669963836669922,60058,28,1
1770253123.186216,69_1,69,das_work,14.095163822174072,60058,29,1
1770253123.247472,68_0,68,das_work,13.940574407577516,60058,29,1
1770253137.9490612,69_1,69,das_work,13.13686990737915,60058,30,1
1770253137.9806075,68_0,68,das_work,12.916956424713137,60058,30,1
1770253152.7514126,68_0,68,das_work,13.37396788597107,60058,31,1
1770253152.815691,69_1,69,das_work,12.992825269699097,60058,31,1
1770253167.580901,69_1,69,das_work,12.872458696365356,60058,32,1
1770253167.581318,68_1,68,das_work,14.09593152999878,60058,32,1
1770253182.461003,68_1,68,das_work,13.61475110054016,60058,33,1
1770253182.5228786,69_2,69,das_work,14.158740997314451,60058,33,1
1770253197.249817,68_1,68,das_work,13.980247020721436,60058,34,1
1770253197.274433,69_2,69,das_work,13.68324851989746,60058,34,1
1770253211.9737172,69_2,69,das_work,13.001090049743652,60058,35,1
1770253212.036351,68_1,68,das_work,14.025556564331056,60058,35,1
1770253226.823773,69_2,69,das_work,13.47786808013916,60058,36,1
1770253226.8882976,68_1,68,das_work,13.603425979614258,60058,36,1
1770253241.5270877,68_1,68,das_work,12.75236463546753,60058,37,1
1770253241.553662,69_2,69,das_work,13.3727068901062,60058,37,1
1770253256.4423726,69_2,69,das_work,13.25643801689148,60058,38,1
1770253256.445655,68_1,68,das_work,13.70032000541687,60058,38,1
1770253271.1164832,68_1,68,das_work,13.18304967880249,60058,39,1
1770253271.1195052,69_2,69,das_work,13.307870864868164,60058,39,1
1770253285.9408352,68_1,68,das_work,13.287690877914429,60058,40,1
1770253285.9449923,69_2,69,das_work,12.989651441574097,60058,40,1
1770253300.5854192,69_2,69,das_work,13.96745538711548,60058,41,1
1770253300.6135068,68_1,68,das_work,13.895626783370972,60058,41,1
1770253315.37664,69_2,69,das_work,14.28351902961731,60058,42,1
1770253315.405444,68_2,68,das_work,13.570173978805542,60058,42,1
1770253330.0673285,69_3,69,das_work,13.836252450942991,60058,43,1
1770253330.1306522,68_2,68,das_work,13.298887729644775,60058,43,1
1770253344.8921075,69_3,69,das_work,13.411719799041748,60058,44,1
1770253344.965891,68_2,68,das_work,13.00623631477356,60058,44,1
1770253359.6556897,68_2,68,das_work,13.7108736038208,60058,45,1
1770253359.6903746,69_3,69,das_work,13.373049259185793,60058,45,1
1770253374.637714,68_2,68,das_work,13.595906972885132,60058,46,1
1770253374.6632905,69_3,69,das_work,13.847479581832886,60058,46,1
1770253389.3057575,68_2,68,das_work,12.692853450775146,60058,47,1
1770253389.3673537,69_3,69,das_work,13.48089337348938,60058,47,1
1770253404.1021123,69_3,69,das_work,13.500752210617064,60058,48,1
1770253404.1451485,68_2,68,das_work,12.93152117729187,60058,48,1
1770253418.8735104,68_2,68,das_work,14.063686847686768,60058,49,1
1770253418.9378817,69_3,69,das_work,14.007303953170776,60058,49,1
1770253433.6400294,68_2,68,das_work,13.797175884246826,60058,50,1
1770253433.6415515,69_3,69,das_work,13.05340313911438,60058,50,1
1770253448.6214252,68_2,68,das_work,14.105662107467651,60058,51,1
1770253448.626673,69_3,69,das_work,13.859078645706177,60058,51,1
1770253463.31173,69_3,69,das_work,13.195180892944336,60058,52,1
1770253463.368683,68_3,68,das_work,13.744668960571287,60058,52,1
1770253478.107263,69_4,69,das_work,13.064360618591309,60058,53,1
1770253478.169755,68_3,68,das_work,13.451531648635864,60058,53,1
1770253492.8421652,69_4,69,das_work,13.170613527297974,60058,54,1
1770253492.899113,68_3,68,das_work,14.146320819854736,60058,54,1
1770253507.7049642,69_4,69,das_work,13.62996768951416,60058,55,1
1770253507.7058115,68_3,68,das_work,13.337962627410889,60058,55,1
1770253522.4584048,69_4,69,das_work,13.540751457214355,60058,56,1
1770253522.458645,68_3,68,das_work,13.716835021972656,60058,56,1
1770253537.1543446,68_3,68,das_work,13.364166021347046,60058,57,1
1770253537.173008,69_4,69,das_work,13.83866000175476,60058,57,1
1770253551.4965973,68_3,68,das_work,13.093502759933472,60058,58,1
1770253551.498479,69_4,69,das_work,13.660824060440063,60058,58,1
1770253565.5005732,69_4,69,das_work,12.120531797409058,60058,59,1
1770253565.504115,68_3,68,das_work,12.679459810256958,60058,59,1
1770253579.108394,69_4,69,das_work,12.454935789108276,60058,60,1
1770253579.1588936,68_3,68,das_work,13.080069780349731,60058,60,1
1770253592.4319527,69_4,69,das_work,12.227200031280518,60058,61,1
1770253592.432158,68_3,68,das_work,11.449613809585571,60058,61,1
1770253605.4767811,69_4,69,das_work,12.331454753875732,60058,62,1
1770253605.4769802,68_4,68,das_work,11.241930723190308,60058,62,1
1770253618.2678423,68_4,68,das_work,11.026316404342651,60058,63,1
1770253630.520317,68_4,68,das_work,11.515578508377075,60058,64,1
1770253642.6796014,68_4,68,das_work,10.677345752716064,60058,65,1
1770253654.903653,68_4,68,das_work,11.174322366714478,60058,66,1
1770253667.0688972,68_4,68,das_work,10.96579623222351,60058,67,1
1770253679.2788603,68_4,68,das_work,11.408596754074097,60058,68,1
1770253691.350991,68_4,68,das_work,11.191027879714966,60058,69,1
1770253703.5468323,68_4,68,das_work,11.174537420272827,60058,70,1
1770253715.6441138,68_4,68,das_work,11.472910165786743,60058,71,1
1770252887.79025,71_0,71,das_work,4.286596059799194,60058,13,1
1770252887.8030684,70_0,70,das_work,9.00376558303833,60058,13,1
1770252902.4434254,70_0,70,das_work,13.435142517089844,60058,14,1
1770252902.4441805,71_0,71,das_work,13.061092853546144,60058,14,1
1770252917.364692,70_0,70,das_work,13.818625688552856,60058,15,1
1770252917.4190693,71_0,71,das_work,13.65940546989441,60058,15,1
1770252931.9131875,70_0,70,das_work,13.080780029296877,60058,16,1
1770252931.9134052,71_0,71,das_work,13.694061279296877,60058,16,1
1770252946.6395192,71_0,71,das_work,13.153509855270386,60058,17,1
1770252946.7008142,70_0,70,das_work,13.50259804725647,60058,17,1
1770252961.3005643,70_0,70,das_work,13.158753395080566,60058,18,1
1770252961.3323462,71_0,71,das_work,13.37169098854065,60058,18,1
1770252975.8121448,70_0,70,das_work,13.86426281929016,60058,19,1
1770252975.8124635,71_0,71,das_work,13.4772367477417,60058,19,1
1770252990.297386,71_0,71,das_work,13.850345849990845,60058,20,1
1770252990.3014092,70_0,70,das_work,13.401994943618774,60058,20,1
1770253004.8271587,70_0,70,das_work,12.843930006027222,60058,21,1
1770253004.8324127,71_0,71,das_work,13.133229494094849,60058,21,1
1770253019.4511204,71_0,71,das_work,13.030734777450562,60058,22,1
1770253019.458321,70_0,70,das_work,13.3348069190979,60058,22,1
1770253034.2384305,71_1,71,das_work,13.317283153533936,60058,23,1
1770253034.2418237,70_1,70,das_work,13.471434354782104,60058,23,1
1770253048.947703,71_1,71,das_work,13.405156135559082,60058,24,1
1770253049.021678,70_1,70,das_work,12.940474271774292,60058,24,1
1770253063.817768,71_1,71,das_work,13.151233434677124,60058,25,1
1770253063.896185,70_1,70,das_work,13.253777980804443,60058,25,1
1770253078.5204852,70_1,70,das_work,12.906903982162476,60058,26,1
1770253078.5765123,71_1,71,das_work,12.817510604858398,60058,26,1
1770253093.489185,70_1,70,das_work,14.088858127593994,60058,27,1
1770253093.5501804,71_1,71,das_work,14.268978118896484,60058,27,1
1770253108.2486713,71_1,71,das_work,13.272295713424684,60058,28,1
1770253108.2883327,70_1,70,das_work,13.976396799087524,60058,28,1
1770253123.1840136,70_1,70,das_work,13.022452592849731,60058,29,1
1770253123.2480392,71_1,71,das_work,14.16120743751526,60058,29,1
1770253137.9498334,70_1,70,das_work,13.846599817276,60058,30,1
1770253138.0154965,71_1,71,das_work,14.063553810119627,60058,30,1
1770253152.7513363,70_1,70,das_work,13.682103157043455,60058,31,1
1770253152.7865038,71_1,71,das_work,13.200368881225586,60058,31,1
1770253167.5925195,71_1,71,das_work,13.033055305480955,60058,32,1
1770253167.5927212,70_1,70,das_work,13.937421560287476,60058,32,1
1770253182.5230446,70_2,70,das_work,14.372989654541016,60058,33,1
1770253182.5253756,71_2,71,das_work,14.356533527374268,60058,33,1
1770253197.214073,71_2,71,das_work,12.688179969787598,60058,34,1
1770253197.277217,70_2,70,das_work,13.345930337905884,60058,34,1
1770253212.0063913,71_2,71,das_work,12.84314775466919,60058,35,1
1770253212.008038,70_2,70,das_work,12.854020357131958,60058,35,1
1770253226.8846557,71_2,71,das_work,13.423015832901,60058,36,1
1770253226.8915842,70_2,70,das_work,13.387678146362305,60058,36,1
1770253241.5263696,70_2,70,das_work,12.836039066314695,60058,37,1
1770253241.5789254,71_2,71,das_work,13.269365072250366,60058,37,1
1770253256.4099002,70_2,70,das_work,14.126827239990234,60058,38,1
1770253256.4471798,71_2,71,das_work,13.740477323532104,60058,38,1
1770253271.175956,70_2,70,das_work,14.256543159484863,60058,39,1
1770253271.1767175,71_2,71,das_work,13.295843362808228,60058,39,1
1770253285.9307218,71_2,71,das_work,13.4892258644104,60058,40,1
1770253285.944271,70_2,70,das_work,13.16788363456726,60058,40,1
1770253300.6423965,70_2,70,das_work,12.793273448944092,60058,41,1
1770253300.6704824,71_2,71,das_work,13.175877571105955,60058,41,1
1770253315.318976,70_2,70,das_work,13.26434087753296,60058,42,1
1770253315.4055915,71_2,71,das_work,13.839895725250244,60058,42,1
1770253330.1259506,70_3,70,das_work,14.242970705032349,60058,43,1
1770253330.1264005,71_3,71,das_work,13.992546796798706,60058,43,1
1770253344.9502797,70_3,70,das_work,14.010612487792969,60058,44,1
1770253344.9657533,71_3,71,das_work,13.108391523361206,60058,44,1
1770253359.6266468,71_3,71,das_work,13.851284980773926,60058,45,1
1770253359.629449,70_3,70,das_work,13.845568656921388,60058,45,1
1770253374.6068509,70_3,70,das_work,13.167239665985107,60058,46,1
1770253374.611568,71_3,71,das_work,13.125613689422607,60058,46,1
1770253389.394776,71_3,71,das_work,13.034132480621338,60058,47,1
1770253389.3950922,70_3,70,das_work,12.85304594039917,60058,47,1
1770253404.1032555,70_3,70,das_work,14.003432273864746,60058,48,1
1770253404.1464972,71_3,71,das_work,13.104225635528564,60058,48,1
1770253418.9072323,70_3,70,das_work,13.22757363319397,60058,49,1
1770253418.9090114,71_3,71,das_work,14.011317253112791,60058,49,1
1770253433.632899,71_3,71,das_work,13.39734983444214,60058,50,1
1770253433.6397982,70_3,70,das_work,13.977302074432371,60058,50,1
1770253448.5938735,70_3,70,das_work,13.229469776153564,60058,51,1
1770253448.594165,71_3,71,das_work,13.79201078414917,60058,51,1
1770253463.3126056,70_3,70,das_work,13.92960810661316,60058,52,1
1770253463.3710766,71_3,71,das_work,13.942924737930298,60058,52,1
1770253478.10659,71_4,71,das_work,13.885997772216797,60058,53,1
1770253478.1600697,70_4,70,das_work,13.411320447921751,60058,53,1
1770253492.841029,71_4,71,das_work,12.807372331619264,60058,54,1
1770253492.8704104,70_4,70,das_work,12.984547138214111,60058,54,1
1770253507.7019446,70_4,70,das_work,13.14677381515503,60058,55,1
1770253507.7045724,71_4,71,das_work,14.080486297607422,60058,55,1
1770253522.3685098,70_4,70,das_work,13.644735336303713,60058,56,1
1770253522.4492016,71_4,71,das_work,14.000436067581177,60058,56,1
1770253537.174766,70_4,70,das_work,12.81021285057068,60058,57,1
1770253537.1771083,71_4,71,das_work,12.97311520576477,60058,57,1
1770253551.4965427,70_4,70,das_work,12.978811025619509,60058,58,1
1770253551.4990635,71_4,71,das_work,12.759340047836304,60058,58,1
1770253565.5115075,71_4,71,das_work,13.139323949813845,60058,59,1
1770253565.5117216,70_4,70,das_work,13.320014476776125,60058,59,1
1770253579.1637895,70_4,70,das_work,11.90336799621582,60058,60,1
1770253579.1644228,71_4,71,das_work,12.126666069030762,60058,60,1
1770253592.4564347,70_4,70,das_work,12.59643578529358,60058,61,1
1770253592.4567478,71_4,71,das_work,12.10772156715393,60058,61,1
1770253605.474754,71_4,71,das_work,12.396770000457764,60058,62,1
1770253605.5206702,70_4,70,das_work,11.95458483695984,60058,62,1
1770252887.8030777,73_0,73,das_work,9.10924243927002,60058,13,1
1770252902.437719,72_0,72,das_work,12.993326902389526,60058,14,1
1770252902.5263476,73_0,73,das_work,13.579852819442747,60058,14,1
1770252917.366804,72_0,72,das_work,13.553205728530884,60058,15,1
1770252917.4189942,73_0,73,das_work,14.25733995437622,60058,15,1
1770252931.9974644,72_0,72,das_work,13.759099006652832,60058,16,1
1770252931.9977255,73_0,73,das_work,13.86977505683899,60058,16,1
1770252946.6628551,73_0,73,das_work,13.585370302200316,60058,17,1
1770252946.663042,72_0,72,das_work,12.67757511138916,60058,17,1
1770252961.309855,73_0,73,das_work,13.168943643569946,60058,18,1
1770252961.320122,72_0,72,das_work,14.023913145065308,60058,18,1
1770252975.7459412,72_0,72,das_work,12.84259819984436,60058,19,1
1770252975.746131,73_0,73,das_work,12.923588752746582,60058,19,1
1770252990.3211854,72_0,72,das_work,13.782979011535645,60058,20,1
1770252990.3509817,73_0,73,das_work,13.800624370574951,60058,20,1
1770253004.8212116,72_0,72,das_work,12.563124418258669,60058,21,1
1770253004.8273458,73_0,73,das_work,13.365873098373411,60058,21,1
1770253019.4513428,72_0,72,das_work,13.783522605895996,60058,22,1
1770253019.4634645,73_0,73,das_work,12.699516534805298,60058,22,1
1770253034.242545,73_1,73,das_work,12.85019588470459,60058,23,1
1770253034.247182,72_0,72,das_work,13.681562900543211,60058,23,1
1770253049.0222523,73_1,73,das_work,14.033143281936646,60058,24,1
1770253049.0258265,72_1,72,das_work,13.106669664382936,60058,24,1
1770253063.8138812,72_1,72,das_work,13.6409113407135,60058,25,1
1770253063.893402,73_1,73,das_work,13.658655881881714,60058,25,1
1770253078.5256786,73_1,73,das_work,13.16420078277588,60058,26,1
1770253078.578366,72_1,72,das_work,14.184462070465088,60058,26,1
1770253093.4900248,72_1,72,das_work,13.673044919967651,60058,27,1
1770253093.547941,73_1,73,das_work,13.082998275756836,60058,27,1
1770253108.2842407,73_1,73,das_work,13.70980143547058,60058,28,1
1770253108.291531,72_1,72,das_work,14.04476237297058,60058,28,1
1770253123.152819,73_1,73,das_work,13.392184495925903,60058,29,1
1770253123.1865108,72_1,72,das_work,13.850744485855104,60058,29,1
1770253137.981974,73_1,73,das_work,13.11184859275818,60058,30,1
1770253138.015363,72_1,72,das_work,13.97709894180298,60058,30,1
1770253152.8168464,72_1,72,das_work,12.815690755844116,60058,31,1
1770253152.8171244,73_1,73,das_work,12.99594759941101,60058,31,1
1770253167.5240092,73_1,73,das_work,12.768216371536257,60058,32,1
1770253167.5467217,72_1,72,das_work,13.975741386413574,60058,32,1
1770253182.4902954,73_2,73,das_work,13.05036234855652,60058,33,1
1770253182.524978,72_1,72,das_work,13.502069473266602,60058,33,1
1770253197.249592,73_2,73,das_work,13.433485269546509,60058,34,1
1770253197.2743154,72_2,72,das_work,13.800555944442747,60058,34,1
1770253211.9757726,72_2,72,das_work,12.973641633987429,60058,35,1
1770253211.977877,73_2,73,das_work,12.89002799987793,60058,35,1
1770253226.850544,72_2,72,das_work,13.712964057922363,60058,36,1
1770253226.8916762,73_2,73,das_work,12.953110218048096,60058,36,1
1770253241.55569,73_2,73,das_work,13.005232572555542,60058,37,1
1770253241.5559492,72_2,72,das_work,13.496050119400024,60058,37,1
1770253256.3574216,72_2,72,das_work,14.062326908111572,60058,38,1
1770253256.3817768,73_2,73,das_work,14.03067922592163,60058,38,1
1770253271.16742,72_2,72,das_work,13.86352276802063,60058,39,1
1770253271.174842,73_2,73,das_work,12.827121496200562,60058,39,1
1770253285.934657,72_2,72,das_work,13.956559658050535,60058,40,1
1770253285.9692292,73_2,73,das_work,13.481497049331663,60058,40,1
1770253300.614329,72_2,72,das_work,12.859522104263306,60058,41,1
1770253300.6729622,73_2,73,das_work,13.783076524734495,60058,41,1
1770253315.3751037,72_2,72,das_work,13.672382116317747,60058,42,1
1770253315.3784833,73_2,73,das_work,14.108147144317629,60058,42,1
1770253330.0671694,73_3,73,das_work,13.076797008514404,60058,43,1
1770253330.131451,72_2,72,das_work,13.539093255996704,60058,43,1
1770253344.967431,72_3,72,das_work,13.770716667175291,60058,44,1
1770253344.967687,73_3,73,das_work,14.087876081466677,60058,44,1
1770253359.6581955,73_3,73,das_work,13.898276567459106,60058,45,1
1770253359.658511,72_3,72,das_work,13.925644874572754,60058,45,1
1770253374.612821,72_3,72,das_work,13.128403425216677,60058,46,1
1770253374.6355743,73_3,73,das_work,14.093948364257812,60058,46,1
1770253389.306678,72_3,72,das_work,13.29951524734497,60058,47,1
1770253389.3386755,73_3,73,das_work,12.800650596618652,60058,47,1
1770253404.0763683,73_3,73,das_work,13.683123350143433,60058,48,1
1770253404.146198,72_3,72,das_work,12.946536779403688,60058,48,1
1770253418.9443192,72_3,72,das_work,13.017797946929932,60058,49,1
1770253418.9453917,73_3,73,das_work,13.619184970855711,60058,49,1
1770253433.6340892,72_3,72,das_work,13.934298276901243,60058,50,1
1770253433.638846,73_3,73,das_work,13.797000408172607,60058,50,1
1770253448.6239192,73_3,73,das_work,14.274110794067385,60058,51,1
1770253448.6291573,72_3,72,das_work,14.13472032546997,60058,51,1
1770253463.310248,72_3,72,das_work,12.868578910827637,60058,52,1
1770253463.3363817,73_3,73,das_work,13.99091339111328,60058,52,1
1770253478.1068847,73_4,73,das_work,12.793179750442505,60058,53,1
1770253478.1102903,72_3,72,das_work,14.157232761383057,60058,53,1
1770253492.873191,73_4,73,das_work,13.180296182632446,60058,54,1
1770253492.8989637,72_4,72,das_work,14.016861200332642,60058,54,1
1770253507.6195872,72_4,72,das_work,14.13387656211853,60058,55,1
1770253507.701322,73_4,73,das_work,14.133456468582152,60058,55,1
1770253522.4189174,73_4,73,das_work,14.009729146957396,60058,56,1
1770253522.450474,72_4,72,das_work,13.751486778259276,60058,56,1
1770253537.1079392,72_4,72,das_work,13.016720294952393,60058,57,1
1770253537.1650474,73_4,73,das_work,13.900987386703491,60058,57,1
1770253551.481022,72_4,72,das_work,12.460803985595703,60058,58,1
1770253551.490612,73_4,73,das_work,13.586854934692385,60058,58,1
1770253565.501542,73_4,73,das_work,13.2977454662323,60058,59,1
1770253565.5059988,72_4,72,das_work,12.279662609100342,60058,59,1
1770253579.0861871,73_4,73,das_work,12.585103750228882,60058,60,1
1770253579.1591916,72_4,72,das_work,11.766518354415894,60058,60,1
1770253592.407279,72_4,72,das_work,11.366170644760132,60058,61,1
1770253592.407597,73_4,73,das_work,12.375227212905884,60058,61,1
1770253605.4743435,72_4,72,das_work,12.145398139953612,60058,62,1
1770253605.52096,73_4,73,das_work,11.161384582519531,60058,62,1
1770253618.215449,72_4,72,das_work,11.326643466949465,60058,63,1
1770252887.7999418,75_0,75,das_work,8.024601697921753,60058,13,1
1770252902.5281873,75_0,75,das_work,14.13257098197937,60058,14,1
1770252902.5305338,74_0,74,das_work,14.066291332244871,60058,14,1
1770252917.3596084,75_0,75,das_work,13.908667802810667,60058,15,1
1770252917.364388,74_0,74,das_work,13.407459259033203,60058,15,1
1770252931.939081,74_0,74,das_work,12.690110206604004,60058,16,1
1770252932.0026965,75_0,75,das_work,13.15027117729187,60058,16,1
1770252946.6392066,74_0,74,das_work,13.63143515586853,60058,17,1
1770252946.6899352,75_0,75,das_work,13.081228971481323,60058,17,1
1770252961.2993464,75_0,75,das_work,13.87957763671875,60058,18,1
1770252961.3105495,74_0,74,das_work,13.873183727264404,60058,18,1
1770252975.7785835,75_0,75,das_work,13.397269010543823,60058,19,1
1770252975.8075736,74_0,74,das_work,13.995516777038574,60058,19,1
1770252990.2635548,75_0,75,das_work,12.996697425842283,60058,20,1
1770252990.300004,74_0,74,das_work,13.262081861495972,60058,20,1
1770253004.8328197,74_0,74,das_work,13.775571823120115,60058,21,1
1770253004.8347108,75_0,75,das_work,13.921672582626345,60058,21,1
1770253019.4471812,74_0,74,das_work,13.055323362350464,60058,22,1
1770253019.4620554,75_0,75,das_work,13.643815755844116,60058,22,1
1770253034.230755,75_1,75,das_work,13.922879695892334,60058,23,1
1770253034.2477157,74_0,74,das_work,14.299458026885986,60058,23,1
1770253048.9310367,74_1,74,das_work,13.61789345741272,60058,24,1
1770253048.9461284,75_1,75,das_work,13.436007499694824,60058,24,1
1770253063.814333,75_1,75,das_work,14.093335151672363,60058,25,1
1770253063.8969362,74_1,74,das_work,13.461375951766968,60058,25,1
1770253078.5280206,74_1,74,das_work,13.38564658164978,60058,26,1
1770253078.530061,75_1,75,das_work,13.47365665435791,60058,26,1
1770253093.490081,74_1,74,das_work,14.272118091583252,60058,27,1
1770253093.5445356,75_1,75,das_work,13.156799554824827,60058,27,1
1770253108.2547653,75_1,75,das_work,14.160556554794312,60058,28,1
1770253108.2550635,74_1,74,das_work,14.129998922348022,60058,28,1
1770253123.186098,74_1,74,das_work,13.284189462661743,60058,29,1
1770253123.2106004,75_1,75,das_work,13.110851526260376,60058,29,1
1770253137.9524648,74_1,74,das_work,13.883655071258543,60058,30,1
1770253137.9532626,75_1,75,das_work,13.254317045211792,60058,30,1
1770253152.8172586,74_1,74,das_work,13.050745248794556,60058,31,1
1770253152.817465,75_1,75,das_work,13.446138620376589,60058,31,1
1770253167.524123,75_1,75,das_work,12.730424642562866,60058,32,1
1770253167.5476377,74_1,74,das_work,13.775870084762571,60058,32,1
1770253182.4948826,74_1,74,das_work,13.553658485412598,60058,33,1
1770253182.495092,75_2,75,das_work,14.032633543014526,60058,33,1
1770253197.2149978,75_2,75,das_work,12.824151754379272,60058,34,1
1770253197.2472985,74_2,74,das_work,13.512847900390623,60058,34,1
1770253211.9787726,74_2,74,das_work,13.4203519821167,60058,35,1
1770253212.0082033,75_2,75,das_work,13.919944286346436,60058,35,1
1770253226.8243184,74_2,74,das_work,13.307855606079102,60058,36,1
1770253226.8260612,75_2,75,das_work,12.9222092628479,60058,36,1
1770253241.5990396,75_2,75,das_work,12.810266256332396,60058,37,1
1770253241.6012783,74_2,74,das_work,13.723154544830322,60058,37,1
1770253256.3597183,74_2,74,das_work,13.212936162948608,60058,38,1
1770253256.4069831,75_2,75,das_work,13.10146689414978,60058,38,1
1770253271.115913,74_2,74,das_work,13.325554847717283,60058,39,1
1770253271.1631565,75_2,75,das_work,14.125226020812988,60058,39,1
1770253285.9353411,74_2,74,das_work,13.730353832244871,60058,40,1
1770253285.942541,75_2,75,das_work,13.304521322250366,60058,40,1
1770253300.641448,75_2,75,das_work,13.056676149368286,60058,41,1
1770253300.6426048,74_2,74,das_work,13.356467723846436,60058,41,1
1770253315.3465168,74_2,74,das_work,13.26775884628296,60058,42,1
1770253315.3769238,75_2,75,das_work,13.648183584213257,60058,42,1
1770253330.0663626,74_2,74,das_work,12.875633239746094,60058,43,1
1770253330.1170433,75_3,75,das_work,13.636366605758669,60058,43,1
1770253344.893422,75_3,75,das_work,12.787205457687378,60058,44,1
1770253344.950146,74_3,74,das_work,13.659188270568848,60058,44,1
1770253359.627375,74_3,74,das_work,13.0178542137146,60058,45,1
1770253359.6302822,75_3,75,das_work,12.83400821685791,60058,45,1
1770253374.6039534,75_3,75,das_work,13.290239095687866,60058,46,1
1770253374.6357026,74_3,74,das_work,14.434947967529297,60058,46,1
1770253389.33816,75_3,75,das_work,13.805953979492188,60058,47,1
1770253389.367519,74_3,74,das_work,12.813990116119385,60058,47,1
1770253404.1406364,75_3,75,das_work,14.03618550300598,60058,48,1
1770253404.1419506,74_3,74,das_work,14.141892433166504,60058,48,1
1770253418.9074438,74_3,74,das_work,14.048566341400146,60058,49,1
1770253418.9383786,75_3,75,das_work,13.282703399658203,60058,49,1
1770253433.6222873,75_3,75,das_work,13.368192434310911,60058,50,1
1770253433.628696,74_3,74,das_work,13.75707483291626,60058,50,1
1770253448.5931592,74_3,74,das_work,14.294760942459106,60058,51,1
1770253448.593358,75_3,75,das_work,14.240030527114868,60058,51,1
1770253463.2838364,75_3,75,das_work,13.682746648788452,60058,52,1
1770253463.370935,74_3,74,das_work,13.22878885269165,60058,52,1
1770253478.1315496,75_4,75,das_work,13.896442651748655,60058,53,1
1770253478.1695633,74_3,74,das_work,13.42782974243164,60058,53,1
1770253492.8448668,75_4,75,das_work,12.913803100585938,60058,54,1
1770253492.8999965,74_4,74,das_work,14.170441389083862,60058,54,1
1770253507.706598,74_4,74,das_work,14.207294940948486,60058,55,1
1770253507.706914,75_4,75,das_work,12.997844219207764,60058,55,1
1770253522.3662577,74_4,74,das_work,13.278188705444336,60058,56,1
1770253522.4513748,75_4,75,das_work,13.985318660736084,60058,56,1
1770253537.1659832,74_4,74,das_work,13.914071798324583,60058,57,1
1770253537.170039,75_4,75,das_work,14.2151198387146,60058,57,1
1770253551.4898546,74_4,74,das_work,13.605825662612917,60058,58,1
1770253551.492338,75_4,75,das_work,13.014233589172363,60058,58,1
1770253565.5081012,75_4,75,das_work,12.2405047416687,60058,59,1
1770253565.50834,74_4,74,das_work,13.2518150806427,60058,59,1
1770253579.109408,75_4,75,das_work,12.374404907226562,60058,60,1
1770253579.160506,74_4,74,das_work,12.729793787002563,60058,60,1
1770253592.4317102,74_4,74,das_work,11.901226043701172,60058,61,1
1770253592.4325154,75_4,75,das_work,11.984679937362673,60058,61,1
1770253605.4782505,75_4,75,das_work,11.424808025360107,60058,62,1
1770253605.4784715,74_4,74,das_work,12.318654537200928,60058,62,1
1770253618.2681105,74_4,74,das_work,12.109809398651125,60058,63,1
1770252902.4428444,77_0,77,das_work,9.611611366271973,60058,14,1
1770252902.4436202,76_0,76,das_work,10.849315643310549,60058,14,1
1770252917.362755,77_0,77,das_work,13.688825130462646,60058,15,1
1770252917.3664284,76_0,76,das_work,13.923990249633787,60058,15,1
1770252931.9407823,76_0,76,das_work,12.956469774246216,60058,16,1
1770252932.0029185,77_0,77,das_work,12.927506923675535,60058,16,1
1770252946.6402404,77_0,77,das_work,12.963440656661987,60058,17,1
1770252946.7094004,76_0,76,das_work,12.813083171844482,60058,17,1
1770252961.3069558,76_0,76,das_work,13.625624179840088,60058,18,1
1770252961.3176906,77_0,77,das_work,13.889047622680664,60058,18,1
1770252975.7766657,76_0,76,das_work,12.48878002166748,60058,19,1
1770252975.8110356,77_0,77,das_work,13.505645990371704,60058,19,1
1770252990.2970967,77_0,77,das_work,13.512829303741457,60058,20,1
1770252990.3499556,76_0,76,das_work,13.348102569580078,60058,20,1
1770253004.81576,77_0,77,das_work,12.59091305732727,60058,21,1
1770253004.8214357,76_0,76,das_work,12.762784004211426,60058,21,1
1770253019.462361,77_0,77,das_work,13.891984939575195,60058,22,1
1770253019.465476,76_0,76,das_work,12.79492998123169,60058,22,1
1770253034.2380946,77_0,77,das_work,13.142590522766112,60058,23,1
1770253034.242744,76_0,76,das_work,12.861717224121094,60058,23,1
1770253049.0247009,77_1,77,das_work,13.839533805847168,60058,24,1
1770253049.0295177,76_1,76,das_work,14.08344030380249,60058,24,1
1770253063.8129065,77_1,77,das_work,13.990240335464478,60058,25,1
1770253063.8176446,76_1,76,das_work,13.644675254821776,60058,25,1
1770253078.5209763,76_1,76,das_work,13.34305453300476,60058,26,1
1770253078.577409,77_1,77,das_work,13.953504800796509,60058,26,1
1770253093.4913058,76_1,76,das_work,13.290082931518556,60058,27,1
1770253093.5509405,77_1,77,das_work,13.49138617515564,60058,27,1
1770253108.2514358,76_1,76,das_work,13.002758026123049,60058,28,1
1770253108.253085,77_1,77,das_work,13.285748720169067,60058,28,1
1770253123.1836395,77_1,77,das_work,13.167826890945436,60058,29,1
1770253123.2493155,76_1,76,das_work,14.36126971244812,60058,29,1
1770253137.9517963,77_1,77,das_work,12.899962186813354,60058,30,1
1770253138.0171726,76_1,76,das_work,14.09227180480957,60058,30,1
1770253152.784919,77_1,77,das_work,14.09332513809204,60058,31,1
1770253152.815291,76_1,76,das_work,13.180155038833618,60058,31,1
1770253167.5234156,76_1,76,das_work,12.7787184715271,60058,32,1
1770253167.5472867,77_1,77,das_work,12.98280930519104,60058,32,1
1770253182.4919486,77_1,77,das_work,12.975425720214844,60058,33,1
1770253182.4922917,76_1,76,das_work,13.49054718017578,60058,33,1
1770253197.18552,77_2,77,das_work,13.7704017162323,60058,34,1
1770253197.2813168,76_2,76,das_work,13.365155935287476,60058,34,1
1770253212.006604,76_2,76,das_work,13.133996486663818,60058,35,1
1770253212.0077996,77_2,77,das_work,12.851688146591188,60058,35,1
1770253226.8228545,77_2,77,das_work,14.068196535110474,60058,36,1
1770253226.89203,76_2,76,das_work,13.075844764709473,60058,36,1
1770253241.5555432,76_2,76,das_work,13.239351034164429,60058,37,1
1770253241.5978506,77_2,77,das_work,14.123489141464232,60058,37,1
1770253256.3578262,76_2,76,das_work,13.68873691558838,60058,38,1
1770253256.4443266,77_2,77,das_work,13.13622522354126,60058,38,1
1770253271.1771266,76_2,76,das_work,13.395424365997314,60058,39,1
1770253271.17733,77_2,77,das_work,13.153275966644289,60058,39,1
1770253285.9320714,76_2,76,das_work,13.581319332122805,60058,40,1
1770253285.9444673,77_2,77,das_work,14.13495922088623,60058,40,1
1770253300.5852582,77_2,77,das_work,13.188565492630005,60058,41,1
1770253300.6132858,76_2,76,das_work,13.048564434051514,60058,41,1
1770253315.3781638,77_2,77,das_work,13.166946649551392,60058,42,1
1770253315.3794408,76_2,76,das_work,13.089112758636476,60058,42,1
1770253330.1243927,76_2,76,das_work,13.74756360054016,60058,43,1
1770253330.1261077,77_2,77,das_work,13.301129341125488,60058,43,1
1770253344.9188616,77_3,77,das_work,13.718124389648438,60058,44,1
1770253344.9623363,76_3,76,das_work,14.142075538635254,60058,44,1
1770253359.599842,77_3,77,das_work,13.324480056762695,60058,45,1
1770253359.6006334,76_3,76,das_work,13.98775577545166,60058,45,1
1770253374.641035,77_3,77,das_work,14.151776790618896,60058,46,1
1770253374.6647794,76_3,76,das_work,13.47239589691162,60058,46,1
1770253389.3048484,77_3,77,das_work,12.917120695114136,60058,47,1
1770253389.3658404,76_3,76,das_work,13.313689947128296,60058,47,1
1770253404.0771022,76_3,76,das_work,13.938576698303224,60058,48,1
1770253404.102305,77_3,77,das_work,13.77714467048645,60058,48,1
1770253418.8741412,76_3,76,das_work,13.613831043243408,60058,49,1
1770253418.9446318,77_3,77,das_work,14.23257851600647,60058,49,1
1770253433.6343038,76_3,76,das_work,13.828434228897097,60058,50,1
1770253433.6401722,77_3,77,das_work,13.256511211395264,60058,50,1
1770253448.567068,76_3,76,das_work,14.32482385635376,60058,51,1
1770253448.5901194,77_3,77,das_work,13.883813619613647,60058,51,1
1770253463.2873983,76_3,76,das_work,12.845165491104126,60058,52,1
1770253463.338132,77_3,77,das_work,13.34369945526123,60058,52,1
1770253478.1323817,76_3,76,das_work,13.716093301773071,60058,53,1
1770253478.1709168,77_3,77,das_work,13.482874870300291,60058,53,1
1770253492.8446271,76_4,76,das_work,13.583110094070436,60058,54,1
1770253492.8996584,77_4,77,das_work,14.022501945495604,60058,54,1
1770253507.64129,76_4,76,das_work,14.117929458618164,60058,55,1
1770253507.6647792,77_4,77,das_work,13.58337926864624,60058,55,1
1770253522.3657184,76_4,76,das_work,13.671854972839355,60058,56,1
1770253522.4178042,77_4,77,das_work,13.784037113189695,60058,56,1
1770253537.1305938,76_4,76,das_work,13.23488473892212,60058,57,1
1770253537.1781669,77_4,77,das_work,13.24937915802002,60058,57,1
1770253551.4830966,77_4,77,das_work,12.662020921707152,60058,58,1
1770253551.4974384,76_4,76,das_work,12.538386583328249,60058,58,1
1770253565.5006893,77_4,77,das_work,12.811203002929688,60058,59,1
1770253565.5047534,76_4,76,das_work,12.270585536956789,60058,59,1
1770253579.1676035,77_4,77,das_work,11.88713002204895,60058,60,1
1770253579.1696942,76_4,76,das_work,12.13993215560913,60058,60,1
1770253592.381776,77_4,77,das_work,12.057754278182983,60058,61,1
1770253592.3820474,76_4,76,das_work,11.543963193893433,60058,61,1
1770253605.476772,76_4,76,das_work,12.429884672164915,60058,62,1
1770253605.4770446,77_4,77,das_work,11.310878276824951,60058,62,1
1770253618.1910722,76_4,76,das_work,11.047548532485962,60058,63,1
1770253618.21599,77_4,77,das_work,11.354185104370115,60058,63,1
1770252902.4420366,79_0,79,das_work,10.732112407684326,60058,14,1
1770252902.5229754,78_0,78,das_work,8.882219076156616,60058,14,1
1770252917.3598533,79_0,79,das_work,13.714653730392456,60058,15,1
1770252917.421784,78_0,78,das_work,13.803595542907717,60058,15,1
1770252931.9978664,78_0,78,das_work,13.64713430404663,60058,16,1
1770252931.998201,79_0,79,das_work,12.93437147140503,60058,16,1
1770252946.6934977,78_0,78,das_work,13.0096914768219,60058,17,1
1770252946.6937754,79_0,79,das_work,13.675028562545776,60058,17,1
1770252961.3095658,78_0,78,das_work,13.17639422416687,60058,18,1
1770252961.31841,79_0,79,das_work,13.997886180877686,60058,18,1
1770252975.7778888,79_0,79,das_work,13.399518966674805,60058,19,1
1770252975.809679,78_0,78,das_work,13.69204306602478,60058,19,1
1770252990.2665544,79_0,79,das_work,12.615687370300291,60058,20,1
1770252990.297739,78_0,78,das_work,13.851777076721191,60058,20,1
1770253004.8212085,78_0,78,das_work,13.717386484146118,60058,21,1
1770253004.829265,79_0,79,das_work,13.626673936843872,60058,21,1
1770253019.4452608,79_0,79,das_work,13.868308067321776,60058,22,1
1770253019.458906,78_0,78,das_work,12.77079939842224,60058,22,1
1770253034.2372217,78_0,78,das_work,13.154208898544312,60058,23,1
1770253034.246833,79_0,79,das_work,14.045114755630491,60058,23,1
1770253048.9341838,79_1,79,das_work,13.707947969436646,60058,24,1
1770253048.934512,78_1,78,das_work,13.257266998291016,60058,24,1
1770253063.8897066,79_1,79,das_work,13.555064916610718,60058,25,1
1770253063.892639,78_1,78,das_work,13.01927638053894,60058,25,1
1770253078.5222871,78_1,78,das_work,13.085620403289797,60058,26,1
1770253078.5262218,79_1,79,das_work,13.248809337615969,60058,26,1
1770253093.4902,78_1,78,das_work,13.755921363830566,60058,27,1
1770253093.5480146,79_1,79,das_work,13.721448421478271,60058,27,1
1770253108.2547717,79_1,79,das_work,13.015692949295044,60058,28,1
1770253108.2549684,78_1,78,das_work,13.515180587768556,60058,28,1
1770253123.1888812,78_1,78,das_work,14.0095374584198,60058,29,1
1770253123.249404,79_1,79,das_work,13.889784574508669,60058,29,1
1770253138.0181596,79_1,79,das_work,13.12615966796875,60058,30,1
1770253138.0183716,78_1,78,das_work,13.767489194869995,60058,30,1
1770253152.750815,78_1,78,das_work,12.94685697555542,60058,31,1
1770253152.8358414,79_1,79,das_work,13.991668462753296,60058,31,1
1770253167.521247,78_1,78,das_work,13.43005084991455,60058,32,1
1770253167.5906396,79_1,79,das_work,14.042242765426636,60058,32,1
1770253182.49073,78_1,78,das_work,13.27000117301941,60058,33,1
1770253182.525358,79_1,79,das_work,14.253925561904907,60058,33,1
1770253197.2437544,78_2,78,das_work,14.075633764266968,60058,34,1
1770253197.2466016,79_2,79,das_work,12.752968549728394,60058,34,1
1770253211.974581,79_2,79,das_work,13.477557897567747,60058,35,1
1770253212.035432,78_2,78,das_work,13.208756923675535,60058,35,1
1770253226.8851974,79_2,79,das_work,13.86576247215271,60058,36,1
1770253226.8884556,78_2,78,das_work,14.108663320541382,60058,36,1
1770253241.5529358,79_2,79,das_work,13.835197687149048,60058,37,1
1770253241.5961308,78_2,78,das_work,12.92540717124939,60058,37,1
1770253256.4077473,78_2,78,das_work,13.880845546722412,60058,38,1
1770253256.446789,79_2,79,das_work,12.901594638824465,60058,38,1
1770253271.114607,79_2,79,das_work,13.359847784042358,60058,39,1
1770253271.174616,78_2,78,das_work,13.81615400314331,60058,39,1
1770253285.9438286,79_2,79,das_work,14.031259536743164,60058,40,1
1770253285.9665165,78_2,78,das_work,12.935231924057009,60058,40,1
1770253300.5840466,78_2,78,das_work,13.711702823638916,60058,41,1
1770253300.6733327,79_2,79,das_work,14.10083508491516,60058,41,1
1770253315.378322,79_2,79,das_work,13.066304922103882,60058,42,1
1770253315.378522,78_2,78,das_work,13.79727864265442,60058,42,1
1770253330.0914338,78_2,78,das_work,13.988980293273926,60058,43,1
1770253330.092402,79_2,79,das_work,13.761146783828735,60058,43,1
1770253344.952954,78_3,78,das_work,12.959644556045532,60058,44,1
1770253344.9588609,79_3,79,das_work,14.011935234069824,60058,44,1
1770253359.6285632,79_3,79,das_work,12.89931344985962,60058,45,1
1770253359.6299138,78_3,78,das_work,13.77280306816101,60058,45,1
1770253374.6372044,78_3,78,das_work,14.247143983840942,60058,46,1
1770253374.6645837,79_3,79,das_work,13.065171718597412,60058,46,1
1770253389.334906,78_3,78,das_work,12.7054181098938,60058,47,1
1770253389.3394551,79_3,79,das_work,13.453996896743774,60058,47,1
1770253404.1023982,78_3,78,das_work,13.389415979385376,60058,48,1
1770253404.105564,79_3,79,das_work,13.74485468864441,60058,48,1
1770253418.9051323,78_3,78,das_work,13.555218696594238,60058,49,1
1770253418.943473,79_3,79,das_work,13.048694849014282,60058,49,1
1770253433.628047,79_3,79,das_work,14.107236623764038,60058,50,1
1770253433.6378603,78_3,78,das_work,13.42745041847229,60058,50,1
1770253448.6236646,78_3,78,das_work,13.264708280563354,60058,51,1
1770253448.6288445,79_3,79,das_work,13.820479154586792,60058,51,1
1770253463.2872374,79_3,79,das_work,14.037107229232788,60058,52,1
1770253463.3699996,78_3,78,das_work,13.45343828201294,60058,52,1
1770253478.1343818,79_3,79,das_work,13.100522994995115,60058,53,1
1770253478.1346903,78_3,78,das_work,13.207997798919678,60058,53,1
1770253492.8733504,79_4,79,das_work,13.954681634902954,60058,54,1
1770253492.9000697,78_4,78,das_work,14.176220417022703,60058,54,1
1770253507.6201222,79_4,79,das_work,13.721449851989746,60058,55,1
1770253507.644035,78_4,78,das_work,13.786144495010376,60058,55,1
1770253522.36825,78_4,78,das_work,13.41697359085083,60058,56,1
1770253522.4503157,79_4,79,das_work,13.835225343704224,60058,56,1
1770253537.1061275,79_4,79,das_work,13.128334283828735,60058,57,1
1770253537.1767154,78_4,78,das_work,13.66508150100708,60058,57,1
1770253551.4865212,78_4,78,das_work,12.904770851135254,60058,58,1
1770253551.490201,79_4,79,das_work,12.466464042663574,60058,58,1
1770253565.5038998,78_4,78,das_work,12.050652980804443,60058,59,1
1770253565.5047472,79_4,79,das_work,12.975120544433594,60058,59,1
1770253579.164557,79_4,79,das_work,12.295206069946287,60058,60,1
1770253579.1648643,78_4,78,das_work,12.324053287506104,60058,60,1
1770253592.4062903,79_4,79,das_work,12.20404601097107,60058,61,1
1770253592.4065857,78_4,78,das_work,12.551239728927612,60058,61,1
1770253605.4759183,79_4,79,das_work,11.49127721786499,60058,62,1
1770253605.5207765,78_4,78,das_work,11.469955921173096,60058,62,1
1770253618.1916025,79_4,79,das_work,10.821002006530762,60058,63,1
1770253618.216203,78_4,78,das_work,10.749403953552246,60058,63,1
1770252820.9537115,6_0,6,das_work,10.54907727241516,60058,8,1
1770252821.035279,7_0,7,das_work,3.6548171043396,60058,8,1
1770252833.6783602,6_0,6,das_work,11.113126754760742,60058,9,1
1770252833.678639,7_0,7,das_work,11.929786205291748,60058,9,1
1770252846.669826,6_0,6,das_work,11.916115760803224,60058,10,1
1770252846.712602,7_0,7,das_work,12.065853357315063,60058,10,1
1770252859.9829812,6_0,6,das_work,12.70569920539856,60058,11,1
1770252860.0129976,7_0,7,das_work,11.472090482711792,60058,11,1
1770252873.7816713,6_0,6,das_work,12.940922498703005,60058,12,1
1770252873.7819471,7_0,7,das_work,12.442009925842283,60058,12,1
1770252887.804328,6_0,6,das_work,13.014161825180054,60058,13,1
1770252887.8054996,7_0,7,das_work,12.521363973617554,60058,13,1
1770252902.4383116,7_0,7,das_work,13.257141590118408,60058,14,1
1770252902.527321,6_0,6,das_work,13.259704113006592,60058,14,1
1770252917.3601513,6_0,6,das_work,14.056322813034058,60058,15,1
1770252917.364483,7_0,7,das_work,13.691712379455566,60058,15,1
1770252931.941143,6_0,6,das_work,13.251907587051392,60058,16,1
1770252932.0025222,7_0,7,das_work,13.638766765594482,60058,16,1
1770252946.6381466,6_0,6,das_work,13.056920766830444,60058,17,1
1770252946.7094598,7_0,7,das_work,13.160250902175903,60058,17,1
1770252961.308084,7_1,7,das_work,13.27159070968628,60058,18,1
1770252961.311197,6_1,6,das_work,12.731498956680298,60058,18,1
1770252975.7774165,7_1,7,das_work,13.518627882003784,60058,19,1
1770252975.8109422,6_1,6,das_work,12.925622463226318,60058,19,1
1770252990.2927926,7_1,7,das_work,13.863950490951538,60058,20,1
1770252990.3003638,6_1,6,das_work,13.582897186279297,60058,20,1
1770253004.8329737,6_1,6,das_work,13.95248317718506,60058,21,1
1770253004.8351092,7_1,7,das_work,13.936980485916138,60058,21,1
1770253019.4504898,6_1,6,das_work,13.841899156570436,60058,22,1
1770253019.467833,7_1,7,das_work,13.479873657226562,60058,22,1
1770253034.2297974,6_1,6,das_work,13.52732276916504,60058,23,1
1770253034.2403958,7_1,7,das_work,13.707759380340576,60058,23,1
1770253048.9460692,7_1,7,das_work,12.82046890258789,60058,24,1
1770253049.023068,6_1,6,das_work,14.157549619674684,60058,24,1
1770253063.8157427,7_1,7,das_work,14.019556283950806,60058,25,1
1770253063.8257475,6_1,6,das_work,13.841652393341064,60058,25,1
1770253078.5224812,7_1,7,das_work,13.275846004486084,60058,26,1
1770253078.555676,6_1,6,das_work,14.185331106185911,60058,26,1
1770253093.495165,7_1,7,das_work,14.054058074951172,60058,27,1
1770253093.5125957,6_1,6,das_work,13.66001796722412,60058,27,1
1770253108.221636,6_2,6,das_work,13.358270168304443,60058,28,1
1770253108.2490287,7_2,7,das_work,13.010847806930542,60058,28,1
1770253123.248696,6_2,6,das_work,13.817911148071287,60058,29,1
1770253123.255632,7_2,7,das_work,13.50330090522766,60058,29,1
1770253137.95265,7_2,7,das_work,12.722943544387816,60058,30,1
1770253137.9534457,6_2,6,das_work,12.842990159988403,60058,30,1
1770253152.8073945,6_2,6,das_work,14.074912786483765,60058,31,1
1770253152.807746,7_2,7,das_work,14.333024263381958,60058,31,1
1770253167.5460465,6_2,6,das_work,13.97779655456543,60058,32,1
1770253167.587366,7_2,7,das_work,14.021738290786743,60058,32,1
1770253182.4951918,6_2,6,das_work,13.269013166427612,60058,33,1
1770253182.4960015,7_2,7,das_work,13.363754272460938,60058,33,1
1770253197.214621,6_2,6,das_work,13.77738904953003,60058,34,1
1770253197.2445018,7_2,7,das_work,12.859935998916626,60058,34,1
1770253211.9782317,7_2,7,das_work,13.440674304962158,60058,35,1
1770253212.034186,6_2,6,das_work,13.713977336883543,60058,35,1
1770253226.8869245,7_2,7,das_work,13.30886459350586,60058,36,1
1770253226.895085,6_2,6,das_work,13.939655303955078,60058,36,1
1770253241.553326,6_2,6,das_work,13.226109981536863,60058,37,1
1770253241.5960398,7_2,7,das_work,12.728035688400269,60058,37,1
1770253256.3575203,6_3,6,das_work,13.514357328414915,60058,38,1
1770253256.40755,7_3,7,das_work,13.25809931755066,60058,38,1
1770253271.1169462,7_3,7,das_work,13.260608196258543,60058,39,1
1770253271.16585,6_3,6,das_work,13.640926122665403,60058,39,1
1770253285.936339,6_3,6,das_work,13.824135303497314,60058,40,1
1770253285.9709496,7_3,7,das_work,13.314807891845703,60058,40,1
1770253300.6138923,7_3,7,das_work,13.750076293945312,60058,41,1
1770253300.6146755,6_3,6,das_work,13.894270658493042,60058,41,1
1770253315.3476334,6_3,6,das_work,13.117887020111084,60058,42,1
1770253315.3767598,7_3,7,das_work,14.104506969451904,60058,42,1
1770253330.1266117,6_3,6,das_work,13.579384565353394,60058,43,1
1770253330.1268852,7_3,7,das_work,14.14909315109253,60058,43,1
1770253344.8917384,6_3,6,das_work,14.11525559425354,60058,44,1
1770253344.9577515,7_3,7,das_work,14.224752187728882,60058,44,1
1770253359.6576564,6_3,6,das_work,12.860875129699709,60058,45,1
1770253359.6585298,7_3,7,das_work,13.607865810394289,60058,45,1
1770253374.6388943,7_3,7,das_work,13.61654281616211,60058,46,1
1770253374.662583,6_3,6,das_work,13.120556354522703,60058,46,1
1770253389.3071153,7_3,7,das_work,13.636056184768677,60058,47,1
1770253389.335736,6_3,6,das_work,13.528287410736084,60058,47,1
1770253404.140596,7_4,7,das_work,13.796382904052734,60058,48,1
1770253404.1450171,6_4,6,das_work,13.653698444366457,60058,48,1
1770253418.9120247,7_4,7,das_work,13.73278021812439,60058,49,1
1770253418.912954,6_4,6,das_work,13.773741006851196,60058,49,1
1770253433.6290202,7_4,7,das_work,13.994847297668455,60058,50,1
1770253433.6334944,6_4,6,das_work,13.386859655380247,60058,50,1
1770253448.5663924,7_4,7,das_work,14.291043281555176,60058,51,1
1770253448.5671985,6_4,6,das_work,14.134875059127808,60058,51,1
1770253463.3103516,7_4,7,das_work,13.969387292861938,60058,52,1
1770253463.3700073,6_4,6,das_work,13.421232223510742,60058,52,1
1770253478.1072617,7_4,7,das_work,12.88694143295288,60058,53,1
1770253478.1325102,6_4,6,das_work,12.99387240409851,60058,53,1
1770253492.872774,7_4,7,das_work,12.838020086288452,60058,54,1
1770253492.8981738,6_4,6,das_work,14.127304553985596,60058,54,1
1770253507.617127,6_4,6,das_work,13.010643243789673,60058,55,1
1770253507.620674,7_4,7,das_work,13.893996000289915,60058,55,1
1770253522.4205506,7_4,7,das_work,13.1727192401886,60058,56,1
1770253522.449492,6_4,6,das_work,14.127610683441162,60058,56,1
1770253537.1549902,7_4,7,das_work,14.002784490585327,60058,57,1
1770253537.169908,6_4,6,das_work,13.795144319534302,60058,57,1
1770252902.4399507,80_0,80,das_work,4.2099199295043945,60058,14,1
1770252902.5234797,81_0,81,das_work,4.846185684204102,60058,14,1
1770252917.3699975,80_0,80,das_work,14.002104759216309,60058,15,1
1770252917.3702717,81_0,81,das_work,13.474836111068726,60058,15,1
1770252931.938558,80_0,80,das_work,12.644787073135376,60058,16,1
1770252931.9918878,81_0,81,das_work,13.805066108703612,60058,16,1
1770252946.6382806,80_0,80,das_work,13.32129693031311,60058,17,1
1770252946.7075758,81_0,81,das_work,13.30181360244751,60058,17,1
1770252961.31202,81_0,81,das_work,13.96451449394226,60058,18,1
1770252961.3215587,80_0,80,das_work,13.959409475326538,60058,18,1
1770252975.7810774,81_0,81,das_work,13.749938011169434,60058,19,1
1770252975.8121576,80_0,80,das_work,13.406192541122437,60058,19,1
1770252990.321598,81_0,81,das_work,13.723731279373167,60058,20,1
1770252990.3514645,80_0,80,das_work,13.73801040649414,60058,20,1
1770253004.8209274,81_0,81,das_work,13.447878360748293,60058,21,1
1770253004.8236654,80_0,80,das_work,12.518490076065063,60058,21,1
1770253019.4638698,80_0,80,das_work,13.43952775001526,60058,22,1
1770253019.4679215,81_0,81,das_work,12.686516523361206,60058,22,1
1770253034.2310712,81_0,81,das_work,13.282238960266112,60058,23,1
1770253034.2480228,80_0,80,das_work,14.152722358703612,60058,23,1
1770253048.9347646,80_1,80,das_work,13.600154399871826,60058,24,1
1770253048.9349575,81_1,81,das_work,13.167620420455933,60058,24,1
1770253063.8168595,80_1,80,das_work,13.754700660705566,60058,25,1
1770253063.8929074,81_1,81,das_work,13.3896324634552,60058,25,1
1770253078.5241675,80_1,80,das_work,13.680787086486816,60058,26,1
1770253078.5317297,81_1,81,das_work,13.758864402770996,60058,26,1
1770253093.4534545,81_1,81,das_work,13.419934749603271,60058,27,1
1770253093.5512412,80_1,80,das_work,13.402735948562622,60058,27,1
1770253108.2853863,81_1,81,das_work,14.179144382476808,60058,28,1
1770253108.29089,80_1,80,das_work,13.37357234954834,60058,28,1
1770253123.153731,80_1,80,das_work,12.933879613876345,60058,29,1
1770253123.2504768,81_1,81,das_work,14.439066648483276,60058,29,1
1770253137.9822314,80_1,80,das_work,13.509588479995728,60058,30,1
1770253138.0174596,81_1,81,das_work,13.461143255233765,60058,30,1
1770253152.8166697,80_1,80,das_work,13.212546586990356,60058,31,1
1770253152.8169413,81_1,81,das_work,14.024158239364624,60058,31,1
1770253167.572996,80_1,80,das_work,13.927621126174929,60058,32,1
1770253167.587987,81_1,81,das_work,14.025057077407835,60058,32,1
1770253182.464764,80_1,80,das_work,13.90480637550354,60058,33,1
1770253182.464997,81_1,81,das_work,13.874524593353271,60058,33,1
1770253197.2470503,81_2,81,das_work,13.40470838546753,60058,34,1
1770253197.2500713,80_2,80,das_work,14.15519881248474,60058,34,1
1770253211.97759,80_2,80,das_work,13.238391399383543,60058,35,1
1770253211.979688,81_2,81,das_work,13.328354358673096,60058,35,1
1770253226.8238902,81_2,81,das_work,13.99791383743286,60058,36,1
1770253226.8857293,80_2,80,das_work,13.026113748550417,60058,36,1
1770253241.5261014,80_2,80,das_work,13.827096700668337,60058,37,1
1770253241.5785544,81_2,81,das_work,13.699923276901243,60058,37,1
1770253256.357732,81_2,81,das_work,13.849864959716797,60058,38,1
1770253256.44348,80_2,80,das_work,13.028955459594728,60058,38,1
1770253271.116398,81_2,81,das_work,13.011385202407835,60058,39,1
1770253271.1189744,80_2,80,das_work,14.171932935714722,60058,39,1
1770253285.9365354,80_2,80,das_work,13.715137004852297,60058,40,1
1770253285.9424334,81_2,81,das_work,13.232745170593262,60058,40,1
1770253300.6417184,80_2,80,das_work,12.980605840682983,60058,41,1
1770253300.6442137,81_2,81,das_work,14.005858659744264,60058,41,1
1770253315.3489516,81_2,81,das_work,13.922796964645386,60058,42,1
1770253315.349226,80_2,80,das_work,13.490858793258669,60058,42,1
1770253330.0916977,80_2,80,das_work,14.09538745880127,60058,43,1
1770253330.0918982,81_2,81,das_work,14.165467500686646,60058,43,1
1770253344.9533274,80_3,80,das_work,13.276084899902344,60058,44,1
1770253344.96445,81_3,81,das_work,12.925828456878662,60058,44,1
1770253359.6271234,80_3,80,das_work,13.889094829559326,60058,45,1
1770253359.689865,81_3,81,das_work,13.246850490570068,60058,45,1
1770253374.6054895,80_3,80,das_work,13.190501928329468,60058,46,1
1770253374.6627402,81_3,81,das_work,13.556568622589111,60058,46,1
1770253389.3669784,80_3,80,das_work,12.99929904937744,60058,47,1
1770253389.3693364,81_3,81,das_work,12.72388792037964,60058,47,1
1770253404.1422155,81_3,81,das_work,14.18888783454895,60058,48,1
1770253404.1425118,80_3,80,das_work,13.285138607025146,60058,48,1
1770253418.9413867,80_3,80,das_work,13.189944505691528,60058,49,1
1770253418.944322,81_3,81,das_work,13.545424699783323,60058,49,1
1770253433.6275158,80_3,80,das_work,13.641016006469728,60058,50,1
1770253433.6286235,81_3,81,das_work,13.092562198638916,60058,50,1
1770253448.5645494,80_3,80,das_work,14.05686378479004,60058,51,1
1770253448.6270218,81_3,81,das_work,14.263118028640749,60058,51,1
1770253463.281914,80_3,80,das_work,13.112825632095335,60058,52,1
1770253463.311877,81_3,81,das_work,13.564082860946655,60058,52,1
1770253478.1737962,80_3,80,das_work,13.17274785041809,60058,53,1
1770253478.1740496,81_3,81,das_work,13.704110860824583,60058,53,1
1770253492.849981,80_4,80,das_work,12.685063362121582,60058,54,1
1770253492.8987277,81_4,81,das_work,14.011008262634276,60058,54,1
1770253507.7047546,81_4,81,das_work,14.004269361495972,60058,55,1
1770253507.7056797,80_4,80,das_work,13.841302156448364,60058,55,1
1770253522.4183395,81_4,81,das_work,13.216742753982544,60058,56,1
1770253522.449785,80_4,80,das_work,13.999951362609863,60058,56,1
1770253537.177287,80_4,80,das_work,13.048386573791504,60058,57,1
1770253537.1783526,81_4,81,das_work,12.861344575881958,60058,57,1
1770253551.4850883,80_4,80,das_work,12.640695333480837,60058,58,1
1770253551.4956248,81_4,81,das_work,13.029029369354248,60058,58,1
1770253565.5069034,80_4,80,das_work,12.81640362739563,60058,59,1
1770253565.510754,81_4,81,das_work,13.1548593044281,60058,59,1
1770253579.164146,80_4,80,das_work,12.142849922180176,60058,60,1
1770253579.1645825,81_4,81,das_work,12.292640209197998,60058,60,1
1770253592.4064443,80_4,80,das_work,12.303097248077393,60058,61,1
1770253592.4066508,81_4,81,das_work,11.528460502624512,60058,61,1
1770253605.477226,81_4,81,das_work,11.46152687072754,60058,62,1
1770253605.4780574,80_4,80,das_work,12.00556778907776,60058,62,1
1770253618.241861,81_4,81,das_work,11.154433488845823,60058,63,1
1770253618.2421136,80_4,80,das_work,11.03261375427246,60058,63,1
1770252902.4421313,82_0,82,das_work,8.223440170288086,60058,14,1
1770252902.5274043,83_0,83,das_work,5.39235782623291,60058,14,1
1770252917.4146454,82_0,82,das_work,13.342782974243164,60058,15,1
1770252917.4191127,83_0,83,das_work,13.28389573097229,60058,15,1
1770252931.996059,82_0,82,das_work,12.812113285064695,60058,16,1
1770252931.9962995,83_0,83,das_work,12.598053693771362,60058,16,1
1770252946.6378758,83_0,83,das_work,13.531702995300291,60058,17,1
1770252946.7005427,82_0,82,das_work,13.30390763282776,60058,17,1
1770252961.323121,82_0,82,das_work,13.667382955551147,60058,18,1
1770252961.3233182,83_0,83,das_work,13.818773984909058,60058,18,1
1770252975.7732077,83_0,83,das_work,13.604145050048828,60058,19,1
1770252975.8126855,82_0,82,das_work,12.737052917480469,60058,19,1
1770252990.2640154,83_0,83,das_work,12.58494758605957,60058,20,1
1770252990.2995603,82_0,82,das_work,13.85193967819214,60058,20,1
1770253004.816455,82_0,82,das_work,13.975457191467283,60058,21,1
1770253004.832414,83_0,83,das_work,13.570578813552856,60058,21,1
1770253019.45337,82_0,82,das_work,13.361550092697144,60058,22,1
1770253019.4599187,83_0,83,das_work,13.774073839187622,60058,22,1
1770253034.2312317,82_0,82,das_work,13.629391431808472,60058,23,1
1770253034.2413473,83_0,83,das_work,12.851686000823976,60058,23,1
1770253049.0314133,83_1,83,das_work,13.775388956069946,60058,24,1
1770253049.032226,82_1,82,das_work,14.041256427764893,60058,24,1
1770253063.8145945,82_1,82,das_work,12.81679081916809,60058,25,1
1770253063.8148024,83_1,83,das_work,14.051296949386597,60058,25,1
1770253078.5257733,82_1,82,das_work,12.809381246566772,60058,26,1
1770253078.5544393,83_1,83,das_work,13.886199712753296,60058,26,1
1770253093.4887898,83_1,83,das_work,14.248759984970093,60058,27,1
1770253093.551731,82_1,82,das_work,14.103106021881104,60058,27,1
1770253108.2507606,83_1,83,das_work,13.219702005386353,60058,28,1
1770253108.288991,82_1,82,das_work,13.913312911987305,60058,28,1
1770253123.1899424,82_1,82,das_work,13.116957426071169,60058,29,1
1770253123.1901505,83_1,83,das_work,13.284059762954712,60058,29,1
1770253137.9800105,83_1,83,das_work,13.033281326293944,60058,30,1
1770253137.9817786,82_1,82,das_work,13.794776916503906,60058,30,1
1770253152.8124514,82_1,82,das_work,13.189582586288452,60058,31,1
1770253152.8364108,83_1,83,das_work,13.005640506744385,60058,31,1
1770253167.522349,82_1,82,das_work,13.069654941558838,60058,32,1
1770253167.5913856,83_1,83,das_work,13.3641459941864,60058,32,1
1770253182.4611616,83_1,83,das_work,13.253495216369627,60058,33,1
1770253182.5260465,82_1,82,das_work,13.695510149002075,60058,33,1
1770253197.215311,82_2,82,das_work,13.994340419769289,60058,34,1
1770253197.277744,83_2,83,das_work,14.021371603012083,60058,34,1
1770253212.036795,83_2,83,das_work,13.622302055358888,60058,35,1
1770253212.037569,82_2,82,das_work,14.303141117095947,60058,35,1
1770253226.892907,83_2,83,das_work,13.166155338287354,60058,36,1
1770253226.8941865,82_2,82,das_work,13.313891172409058,60058,36,1
1770253241.593398,83_2,83,das_work,13.828570365905762,60058,37,1
1770253241.598377,82_2,82,das_work,13.566035985946655,60058,37,1
1770253256.4462988,83_2,83,das_work,13.10311770439148,60058,38,1
1770253256.4472666,82_2,82,das_work,13.929782152175903,60058,38,1
1770253271.0889225,82_2,82,das_work,14.000326871871948,60058,39,1
1770253271.1167738,83_2,83,das_work,13.734262704849243,60058,39,1
1770253285.9413087,83_2,83,das_work,14.035749912261965,60058,40,1
1770253285.9435694,82_2,82,das_work,14.261689186096191,60058,40,1
1770253300.5851493,82_2,82,das_work,12.876339673995972,60058,41,1
1770253300.6117208,83_2,83,das_work,13.205438137054443,60058,41,1
1770253315.3485548,83_2,83,das_work,13.219863176345823,60058,42,1
1770253315.348832,82_2,82,das_work,13.247358560562134,60058,42,1
1770253330.094658,83_2,83,das_work,12.762630462646484,60058,43,1
1770253330.1171272,82_2,82,das_work,14.18300461769104,60058,43,1
1770253344.9195926,83_3,83,das_work,13.535536289215088,60058,44,1
1770253344.9647436,82_3,82,das_work,14.240317106246948,60058,44,1
1770253359.6563218,82_3,82,das_work,14.150655269622805,60058,45,1
1770253359.6871052,83_3,83,das_work,13.555562019348145,60058,45,1
1770253374.6085484,82_3,82,das_work,13.003729820251465,60058,46,1
1770253374.6121116,83_3,83,das_work,13.275703191757202,60058,46,1
1770253389.3069134,82_3,82,das_work,12.960787534713743,60058,47,1
1770253389.335693,83_3,83,das_work,13.639472007751465,60058,47,1
1770253404.1022894,83_3,83,das_work,13.849228382110596,60058,48,1
1770253404.1448684,82_3,82,das_work,13.832913398742676,60058,48,1
1770253418.94059,82_3,82,das_work,13.303670644760132,60058,49,1
1770253418.9441037,83_3,83,das_work,13.082880020141602,60058,49,1
1770253433.626098,82_3,82,das_work,12.868106603622437,60058,50,1
1770253433.6380637,83_3,83,das_work,13.646568775177002,60058,50,1
1770253448.5699246,83_3,83,das_work,14.37074899673462,60058,51,1
1770253448.624608,82_3,82,das_work,13.50631332397461,60058,51,1
1770253463.3379705,82_3,82,das_work,14.05989146232605,60058,52,1
1770253463.3709176,83_3,83,das_work,13.562501192092896,60058,52,1
1770253478.1100936,83_3,83,das_work,13.921464204788208,60058,53,1
1770253478.1103644,82_3,82,das_work,13.237874269485474,60058,53,1
1770253492.8737402,83_4,83,das_work,14.209414958953856,60058,54,1
1770253492.899033,82_4,82,das_work,14.069436073303224,60058,54,1
1770253507.6196916,83_4,83,das_work,12.870424270629885,60058,55,1
1770253507.6430254,82_4,82,das_work,14.00241470336914,60058,55,1
1770253522.415717,83_4,83,das_work,13.432496547698976,60058,56,1
1770253522.451831,82_4,82,das_work,14.242051601409912,60058,56,1
1770253537.1733742,82_4,82,das_work,13.240593433380129,60058,57,1
1770253537.1757731,83_4,83,das_work,13.383482217788696,60058,57,1
1770253551.4957206,83_4,83,das_work,12.733525037765505,60058,58,1
1770253551.4987752,82_4,82,das_work,13.233751058578491,60058,58,1
1770253565.5013962,82_4,82,das_work,13.375213146209717,60058,59,1
1770253565.504295,83_4,83,das_work,12.641316413879396,60058,59,1
1770253579.1644242,82_4,82,das_work,12.81609845161438,60058,60,1
1770253579.1656108,83_4,83,das_work,12.245163679122925,60058,60,1
1770253592.4057384,82_4,82,das_work,11.414680242538452,60058,61,1
1770253592.405949,83_4,83,das_work,11.573872804641724,60058,61,1
1770253605.478514,82_4,82,das_work,12.0712890625,60058,62,1
1770253605.4787204,83_4,83,das_work,12.406773805618286,60058,62,1
1770253618.2148652,83_4,83,das_work,11.455785751342772,60058,63,1
1770253618.2660878,82_4,82,das_work,11.388656616210938,60058,63,1
1770252902.4417913,84_0,84,das_work,11.8590989112854,60058,14,1
1770252902.5266623,85_0,85,das_work,9.713785886764526,60058,14,1
1770252917.3662794,84_0,84,das_work,14.234914302825928,60058,15,1
1770252917.4208815,85_0,85,das_work,13.96026611328125,60058,15,1
1770252931.9931004,84_0,84,das_work,12.714800834655762,60058,16,1
1770252932.0022297,85_0,85,das_work,13.427964448928831,60058,16,1
1770252946.6381836,84_0,84,das_work,13.852542638778688,60058,17,1
1770252946.7096543,85_0,85,das_work,13.92486333847046,60058,17,1
1770252961.2996972,84_0,84,das_work,12.996804475784302,60058,18,1
1770252961.3219268,85_0,85,das_work,13.454005479812622,60058,18,1
1770252975.775144,84_0,84,das_work,13.869918584823608,60058,19,1
1770252975.8098476,85_0,85,das_work,13.93449068069458,60058,19,1
1770252990.2639544,84_0,84,das_work,12.978826761245728,60058,20,1
1770252990.300815,85_0,85,das_work,13.589582920074465,60058,20,1
1770253004.8287308,84_0,84,das_work,13.134292602539062,60058,21,1
1770253004.833734,85_0,85,das_work,12.770067930221558,60058,21,1
1770253019.4526336,84_0,84,das_work,12.959892511367798,60058,22,1
1770253019.4612286,85_0,85,das_work,13.362907886505129,60058,22,1
1770253034.2395792,85_0,85,das_work,14.143078327178957,60058,23,1
1770253034.248193,84_0,84,das_work,13.90408992767334,60058,23,1
1770253048.9483163,85_1,85,das_work,13.251052379608154,60058,24,1
1770253049.0300877,84_1,84,das_work,13.74303412437439,60058,24,1
1770253063.8905742,84_1,84,das_work,12.968586683273315,60058,25,1
1770253063.8936586,85_1,85,das_work,13.520050525665283,60058,25,1
1770253078.5550134,84_1,84,das_work,14.160605669021606,60058,26,1
1770253078.5551848,85_1,85,das_work,14.045603036880491,60058,26,1
1770253093.4847538,85_1,85,das_work,14.251245021820068,60058,27,1
1770253093.4903862,84_1,84,das_work,13.501872062683104,60058,27,1
1770253108.287879,84_1,84,das_work,13.582645654678345,60058,28,1
1770253108.2925453,85_1,85,das_work,13.422674417495728,60058,28,1
1770253123.1878388,84_1,84,das_work,13.707329988479614,60058,29,1
1770253123.2544072,85_1,85,das_work,13.430482864379885,60058,29,1
1770253137.9838865,84_1,84,das_work,13.00408172607422,60058,30,1
1770253138.014997,85_1,85,das_work,13.30422067642212,60058,30,1
1770253152.785126,85_1,85,das_work,13.990848302841188,60058,31,1
1770253152.786148,84_1,84,das_work,13.795329093933104,60058,31,1
1770253167.5236511,85_1,85,das_work,13.957508325576782,60058,32,1
1770253167.5449574,84_1,84,das_work,13.947692155838013,60058,32,1
1770253182.4620984,85_1,85,das_work,13.2901611328125,60058,33,1
1770253182.5235202,84_1,84,das_work,13.756520748138428,60058,33,1
1770253197.2451005,85_2,85,das_work,14.18318009376526,60058,34,1
1770253197.249141,84_2,84,das_work,13.383037328720093,60058,34,1
1770253212.0075362,84_2,84,das_work,13.298956155776978,60058,35,1
1770253212.0077095,85_2,85,das_work,13.254374027252195,60058,35,1
1770253226.826079,85_2,85,das_work,13.072151184082031,60058,36,1
1770253226.8862238,84_2,84,das_work,14.247522592544556,60058,36,1
1770253241.5487812,85_2,85,das_work,13.44646143913269,60058,37,1
1770253241.5929916,84_2,84,das_work,13.357974767684937,60058,37,1
1770253256.3587875,84_2,84,das_work,13.894107103347778,60058,38,1
1770253256.3597343,85_2,85,das_work,14.072115898132324,60058,38,1
1770253271.1223073,85_2,85,das_work,13.839250326156616,60058,39,1
1770253271.1225655,84_2,84,das_work,12.992822647094728,60058,39,1
1770253285.939956,85_2,85,das_work,13.671889066696169,60058,40,1
1770253285.9719942,84_2,84,das_work,13.044831037521362,60058,40,1
1770253300.5853262,84_2,84,das_work,12.846496343612673,60058,41,1
1770253300.6412675,85_2,85,das_work,13.776937246322632,60058,41,1
1770253315.3185918,85_2,85,das_work,13.305633306503296,60058,42,1
1770253315.4066954,84_2,84,das_work,14.118423461914062,60058,42,1
1770253330.066272,85_2,85,das_work,13.013065814971924,60058,43,1
1770253330.094574,84_2,84,das_work,12.719498872756958,60058,43,1
1770253344.9183464,84_3,84,das_work,13.580159187316896,60058,44,1
1770253344.9644525,85_3,85,das_work,14.097643375396729,60058,44,1
1770253359.6268058,85_3,85,das_work,13.257729053497314,60058,45,1
1770253359.6290972,84_3,84,das_work,14.037759780883787,60058,45,1
1770253374.5788124,84_3,84,das_work,14.005419731140137,60058,46,1
1770253374.5790937,85_3,85,das_work,13.482678890228271,60058,46,1
1770253389.3697634,84_3,84,das_work,13.720707893371582,60058,47,1
1770253389.3869631,85_3,85,das_work,13.015664339065552,60058,47,1
1770253404.0538852,85_3,85,das_work,13.787847995758057,60058,48,1
1770253404.054199,84_3,84,das_work,13.426762342453005,60058,48,1
1770253418.941703,85_3,85,das_work,13.387084245681764,60058,49,1
1770253418.944875,84_3,84,das_work,14.285768270492554,60058,49,1
1770253433.6339667,85_3,85,das_work,13.96095061302185,60058,50,1
1770253433.6399505,84_3,84,das_work,13.56561827659607,60058,50,1
1770253448.569433,84_3,84,das_work,13.252332925796509,60058,51,1
1770253448.625786,85_3,85,das_work,13.446413516998293,60058,51,1
1770253463.31317,84_3,84,das_work,12.992157220840454,60058,52,1
1770253463.3390915,85_3,85,das_work,13.236593008041382,60058,52,1
1770253478.1101532,85_3,85,das_work,12.876782655715942,60058,53,1
1770253478.1586328,84_3,84,das_work,13.882827520370483,60058,53,1
1770253492.8450005,84_4,84,das_work,13.536866664886476,60058,54,1
1770253492.8458211,85_4,85,das_work,13.571740865707396,60058,54,1
1770253507.665074,84_4,84,das_work,13.886029720306396,60058,55,1
1770253507.70357,85_4,85,das_work,13.743993520736694,60058,55,1
1770253522.4192042,84_4,84,das_work,13.245379447937012,60058,56,1
1770253522.449395,85_4,85,das_work,13.073383092880247,60058,56,1
1770253537.1695137,85_4,85,das_work,13.065672874450684,60058,57,1
1770253537.1738632,84_4,84,das_work,13.66008996963501,60058,57,1
1770253551.488999,84_4,84,das_work,12.91686749458313,60058,58,1
1770253551.4961507,85_4,85,das_work,13.441675901412964,60058,58,1
1770253565.5001044,85_4,85,das_work,12.218355655670166,60058,59,1
1770253565.5015764,84_4,84,das_work,12.45522928237915,60058,59,1
1770253579.0857706,84_4,84,das_work,11.960246801376345,60058,60,1
1770253579.086074,85_4,85,das_work,12.04379105567932,60058,60,1
1770253592.3828185,85_4,85,das_work,12.29577922821045,60058,61,1
1770253592.3830812,84_4,84,das_work,12.344764947891235,60058,61,1
1770253605.5224388,84_4,84,das_work,11.527293682098389,60058,62,1
1770253605.522647,85_4,85,das_work,12.136581182479858,60058,62,1
1770253618.1919675,85_4,85,das_work,10.830291032791138,60058,63,1
1770253618.266993,84_4,84,das_work,12.152652263641356,60058,63,1
1770252902.4450965,86_0,86,das_work,11.96163034439087,60058,14,1
1770252902.4453986,87_0,87,das_work,3.598097562789917,60058,14,1
1770252917.361145,87_0,87,das_work,14.34886598587036,60058,15,1
1770252917.3655148,86_0,86,das_work,13.52389907836914,60058,15,1
1770252931.99331,87_0,87,das_work,13.466282844543455,60058,16,1
1770252931.994208,86_0,86,das_work,12.664670467376707,60058,16,1
1770252946.6911602,87_0,87,das_work,13.415440320968628,60058,17,1
1770252946.709599,86_0,86,das_work,13.87361979484558,60058,17,1
1770252961.3085923,86_0,86,das_work,13.282201290130615,60058,18,1
1770252961.3113792,87_0,87,das_work,13.481565952301024,60058,18,1
1770252975.7776587,87_0,87,das_work,13.037295818328856,60058,19,1
1770252975.8127975,86_0,86,das_work,12.527860164642334,60058,19,1
1770252990.301583,87_0,87,das_work,13.5439453125,60058,20,1
1770252990.302389,86_0,86,das_work,13.376448392868042,60058,20,1
1770253004.8166192,86_0,86,das_work,13.385406255722046,60058,21,1
1770253004.8235276,87_0,87,das_work,12.81280255317688,60058,21,1
1770253019.459097,86_0,86,das_work,12.772483587265016,60058,22,1
1770253019.4630811,87_0,87,das_work,13.199848651885986,60058,22,1
1770253034.2299953,86_0,86,das_work,13.516825199127195,60058,23,1
1770253034.2376714,87_0,87,das_work,13.908150672912598,60058,23,1
1770253048.9492805,86_1,86,das_work,12.751006841659546,60058,24,1
1770253049.0305643,87_1,87,das_work,13.541964530944824,60058,24,1
1770253063.8167052,87_1,87,das_work,13.887436866760254,60058,25,1
1770253063.896062,86_1,86,das_work,13.19659161567688,60058,25,1
1770253078.5544922,87_1,87,das_work,13.075628280639648,60058,26,1
1770253078.5572374,86_1,86,das_work,12.900829792022703,60058,26,1
1770253093.453472,86_1,86,das_work,13.760788440704346,60058,27,1
1770253093.5514026,87_1,87,das_work,13.080404043197632,60058,27,1
1770253108.2527766,86_1,86,das_work,12.805699825286863,60058,28,1
1770253108.2537506,87_1,87,das_work,12.817581415176392,60058,28,1
1770253123.1517737,87_1,87,das_work,13.267170667648315,60058,29,1
1770253123.255371,86_1,86,das_work,14.290812015533447,60058,29,1
1770253137.949587,87_1,87,das_work,13.631663084030151,60058,30,1
1770253138.0030916,86_1,86,das_work,13.49809980392456,60058,30,1
1770253152.7846467,87_1,87,das_work,13.13664436340332,60058,31,1
1770253152.7849586,86_1,86,das_work,13.023200035095217,60058,31,1
1770253167.5477865,86_1,86,das_work,13.391982078552246,60058,32,1
1770253167.5797577,87_1,87,das_work,14.102360963821411,60058,32,1
1770253182.4945245,87_1,87,das_work,13.021055221557615,60058,33,1
1770253182.4953074,86_1,86,das_work,13.64342451095581,60058,33,1
1770253197.2143278,86_2,86,das_work,13.484369039535522,60058,34,1
1770253197.2498405,87_2,87,das_work,13.366275310516356,60058,34,1
1770253211.9775147,87_2,87,das_work,13.769252061843872,60058,35,1
1770253212.0352683,86_2,86,das_work,13.253319025039673,60058,35,1
1770253226.8935397,87_2,87,das_work,13.119113445281982,60058,36,1
1770253226.8946886,86_2,86,das_work,13.907008409500122,60058,36,1
1770253241.598715,87_2,87,das_work,13.136359453201294,60058,37,1
1770253241.6010892,86_2,86,das_work,13.184779405593872,60058,37,1
1770253256.409947,87_2,87,das_work,13.292142152786257,60058,38,1
1770253256.436916,86_2,86,das_work,14.33343744277954,60058,38,1
1770253271.1186316,86_2,86,das_work,14.13163685798645,60058,39,1
1770253271.1634765,87_2,87,das_work,13.090240240097046,60058,39,1
1770253285.940316,87_2,87,das_work,13.75695514678955,60058,40,1
1770253285.9447224,86_2,86,das_work,13.825896978378296,60058,40,1
1770253300.6416955,87_2,87,das_work,12.91706156730652,60058,41,1
1770253300.6704264,86_2,86,das_work,13.428513050079346,60058,41,1
1770253315.319862,86_2,86,das_work,13.254608869552612,60058,42,1
1770253315.3764317,87_2,87,das_work,13.785675764083862,60058,42,1
1770253330.133535,86_2,86,das_work,13.40737771987915,60058,43,1
1770253330.1337955,87_2,87,das_work,13.673144340515137,60058,43,1
1770253344.9617352,87_3,87,das_work,12.828208684921265,60058,44,1
1770253344.96257,86_3,86,das_work,12.988897562026978,60058,44,1
1770253359.6549797,86_3,86,das_work,13.736209392547607,60058,45,1
1770253359.6878006,87_3,87,das_work,12.94039273262024,60058,45,1
1770253374.6084,87_3,87,das_work,14.203736305236816,60058,46,1
1770253374.6351345,86_3,86,das_work,13.97751498222351,60058,46,1
1770253389.3052835,87_3,87,das_work,13.407811164855955,60058,47,1
1770253389.3379538,86_3,86,das_work,13.560936212539673,60058,47,1
1770253404.0540671,86_3,86,das_work,13.158130407333374,60058,48,1
1770253404.0548625,87_3,87,das_work,13.215014696121216,60058,48,1
1770253418.939766,86_3,86,das_work,14.003170490264893,60058,49,1
1770253418.9433577,87_3,87,das_work,12.896693229675291,60058,49,1
1770253433.6262572,87_3,87,das_work,14.116974592208862,60058,50,1
1770253433.641442,86_3,86,das_work,13.508671045303345,60058,50,1
1770253448.5679684,86_3,86,das_work,13.92216944694519,60058,51,1
1770253448.5896578,87_3,87,das_work,14.039069175720217,60058,51,1
1770253463.3732488,87_3,87,das_work,13.9226496219635,60058,52,1
1770253463.3735373,86_3,86,das_work,13.529059410095217,60058,52,1
1770253478.1365218,86_3,86,das_work,12.979586362838743,60058,53,1
1770253478.136783,87_3,87,das_work,12.909080982208252,60058,53,1
1770253492.839783,87_4,87,das_work,13.319610118865969,60058,54,1
1770253492.8487177,86_4,86,das_work,12.893635749816896,60058,54,1
1770253507.6414533,87_4,87,das_work,13.061697483062744,60058,55,1
1770253507.6940017,86_4,86,das_work,13.615124225616457,60058,55,1
1770253522.4235394,86_4,86,das_work,13.296558618545532,60058,56,1
1770253522.423847,87_4,87,das_work,12.891871690750122,60058,56,1
1770253537.1550686,87_4,87,das_work,13.613072156906128,60058,57,1
1770253537.1779606,86_4,86,das_work,13.00559425354004,60058,57,1
1770253551.4977229,86_4,86,das_work,13.411423683166504,60058,58,1
1770253551.4997406,87_4,87,das_work,13.796700716018677,60058,58,1
1770253565.5043514,87_4,87,das_work,12.747588157653809,60058,59,1
1770253565.514471,86_4,86,das_work,12.974324703216553,60058,59,1
1770253579.1690404,86_4,86,das_work,12.947285652160645,60058,60,1
1770253579.1708226,87_4,87,das_work,12.801015377044678,60058,60,1
1770253592.381593,87_4,87,das_work,11.93325424194336,60058,61,1
1770253592.3819108,86_4,86,das_work,11.817394971847534,60058,61,1
1770253605.523045,86_4,86,das_work,12.240190267562866,60058,62,1
1770253605.5233035,87_4,87,das_work,12.523699283599854,60058,62,1
1770253618.215353,86_4,86,das_work,11.117062330245972,60058,63,1
1770253618.2677157,87_4,87,das_work,11.94029188156128,60058,63,1
1770252902.5260923,89_0,89,das_work,5.216234922409058,60058,14,1
1770252917.3593187,89_0,89,das_work,13.520686388015749,60058,15,1
1770252932.0008154,89_0,89,das_work,13.055138111114502,60058,16,1
1770252946.637265,89_0,89,das_work,13.81744933128357,60058,17,1
1770252961.3074844,89_0,89,das_work,13.68485403060913,60058,18,1
1770252975.8106923,89_0,89,das_work,13.748686075210571,60058,19,1
1770252990.2952569,89_0,89,das_work,13.33565354347229,60058,20,1
1770253004.8238976,89_0,89,das_work,13.398683309555054,60058,21,1
1770253019.450498,89_0,89,das_work,13.0978262424469,60058,22,1
1770253034.2373223,89_0,89,das_work,13.840662479400637,60058,23,1
1770253034.2490714,88_0,88,das_work,133.1784167289734,60058,23,1
1770253048.93419,88_0,88,das_work,13.568485975265505,60058,24,1
1770253048.934409,89_1,89,das_work,13.22923231124878,60058,24,1
1770253063.81566,88_0,88,das_work,14.012560844421388,60058,25,1
1770253063.8255122,89_1,89,das_work,14.150647401809692,60058,25,1
1770253078.5800283,89_1,89,das_work,13.342555284500122,60058,26,1
1770253078.5802448,88_0,88,das_work,14.201265811920166,60058,26,1
1770253093.453744,89_1,89,das_work,13.85322093963623,60058,27,1
1770253093.5496333,88_0,88,das_work,13.684266805648804,60058,27,1
1770253108.2518032,88_0,88,das_work,13.42001724243164,60058,28,1
1770253108.286799,89_1,89,das_work,14.31509494781494,60058,28,1
1770253123.153288,88_0,88,das_work,13.266053438186646,60058,29,1
1770253123.2477624,89_1,89,das_work,14.347174167633057,60058,29,1
1770253137.953365,88_0,88,das_work,14.2533061504364,60058,30,1
1770253137.9535732,89_1,89,das_work,13.2473304271698,60058,30,1
1770253152.7519767,88_0,88,das_work,13.666870594024658,60058,31,1
1770253152.7818372,89_1,89,das_work,13.895137071609495,60058,31,1
1770253167.5243864,88_0,88,das_work,13.351051330566406,60058,32,1
1770253167.5878837,89_1,89,das_work,13.742798328399658,60058,32,1
1770253182.4606926,89_1,89,das_work,12.89964771270752,60058,33,1
1770253182.5230143,88_1,88,das_work,13.6183340549469,60058,33,1
1770253197.2440193,88_1,88,das_work,13.440976858139038,60058,34,1
1770253197.2767627,89_2,89,das_work,13.108508825302124,60058,34,1
1770253211.9738967,89_2,89,das_work,12.80682373046875,60058,35,1
1770253212.0361764,88_1,88,das_work,13.39586877822876,60058,35,1
1770253226.8271055,89_2,89,das_work,13.098803520202637,60058,36,1
1770253226.8273072,88_1,88,das_work,13.628394842147827,60058,36,1
1770253241.526244,88_1,88,das_work,13.732322454452516,60058,37,1
1770253241.55055,89_2,89,das_work,13.922649145126345,60058,37,1
1770253256.407382,88_1,88,das_work,14.061946868896484,60058,38,1
1770253256.4458025,89_2,89,das_work,13.766561508178713,60058,38,1
1770253271.1667426,88_1,88,das_work,14.07713770866394,60058,39,1
1770253271.1733398,89_2,89,das_work,13.15180206298828,60058,39,1
1770253285.9351656,89_2,89,das_work,13.554556369781494,60058,40,1
1770253285.9422357,88_1,88,das_work,13.54960870742798,60058,40,1
1770253300.5841522,89_2,89,das_work,12.913010358810425,60058,41,1
1770253300.6736157,88_1,88,das_work,13.793633222579956,60058,41,1
1770253315.3189352,88_1,88,das_work,13.703529834747314,60058,42,1
1770253315.3778026,89_2,89,das_work,12.984765529632568,60058,42,1
1770253330.0884635,89_2,89,das_work,13.631797552108765,60058,43,1
1770253330.127815,88_2,88,das_work,13.504180669784546,60058,43,1
1770253344.918981,88_2,88,das_work,13.790380716323853,60058,44,1
1770253344.9513245,89_3,89,das_work,13.143558502197266,60058,44,1
1770253359.653698,89_3,89,das_work,12.724303960800173,60058,45,1
1770253359.686871,88_2,88,das_work,14.164217948913574,60058,45,1
1770253374.6109653,88_2,88,das_work,13.224527359008787,60058,46,1
1770253374.6647792,89_3,89,das_work,13.521979808807371,60058,46,1
1770253389.3715005,89_3,89,das_work,13.260737657546995,60058,47,1
1770253389.371694,88_2,88,das_work,14.047302722930908,60058,47,1
1770253404.0550058,89_3,89,das_work,13.465296268463137,60058,48,1
1770253404.0551956,88_2,88,das_work,12.87117052078247,60058,48,1
1770253418.874675,89_3,89,das_work,14.309197425842283,60058,49,1
1770253418.9418488,88_2,88,das_work,13.107252836227415,60058,49,1
1770253433.6346405,89_3,89,das_work,14.162312984466553,60058,50,1
1770253433.6407306,88_2,88,das_work,13.726564884185793,60058,50,1
1770253448.566291,88_2,88,das_work,13.936540603637695,60058,51,1
1770253448.629056,89_3,89,das_work,13.553568601608276,60058,51,1
1770253463.3116407,89_3,89,das_work,13.71109175682068,60058,52,1
1770253463.3701494,88_2,88,das_work,13.311071872711182,60058,52,1
1770253478.163598,89_3,89,das_work,12.876484155654907,60058,53,1
1770253478.1637893,88_3,88,das_work,12.81996202468872,60058,53,1
1770253492.8461623,88_3,88,das_work,13.17805290222168,60058,54,1
1770253492.900198,89_4,89,das_work,13.69291090965271,60058,54,1
1770253507.6648498,88_3,88,das_work,13.523930311203005,60058,55,1
1770253507.7021294,89_4,89,das_work,13.352278232574465,60058,55,1
1770253522.3675556,88_3,88,das_work,13.671180248260498,60058,56,1
1770253522.4214995,89_4,89,das_work,13.03289246559143,60058,56,1
1770253537.082329,88_3,88,das_work,14.072843313217165,60058,57,1
1770253537.082527,89_4,89,das_work,13.995990753173828,60058,57,1
1770253551.4911578,88_3,88,das_work,13.047595262527466,60058,58,1
1770253551.4962552,89_4,89,das_work,13.504348039627075,60058,58,1
1770253565.5112193,88_3,88,das_work,12.081995964050291,60058,59,1
1770253565.511442,89_4,89,das_work,12.359728574752808,60058,59,1
1770253579.108291,89_4,89,das_work,12.228323221206663,60058,60,1
1770253579.1607523,88_3,88,das_work,11.948292970657349,60058,60,1
1770253592.4573023,89_4,89,das_work,11.673486948013306,60058,61,1
1770253592.4574988,88_3,88,das_work,11.41838765144348,60058,61,1
1770253605.4790666,88_3,88,das_work,11.86549973487854,60058,62,1
1770253605.4792624,89_4,89,das_work,11.610929250717165,60058,62,1
1770253618.2695005,88_4,88,das_work,11.809062957763672,60058,63,1
1770253618.269785,89_4,89,das_work,12.246901512145996,60058,63,1
1770253630.4750838,88_4,88,das_work,11.555220127105711,60058,64,1
1770253642.747114,88_4,88,das_work,11.594510316848757,60058,65,1
1770253654.9043453,88_4,88,das_work,11.132404804229736,60058,66,1
1770253667.1145625,88_4,88,das_work,10.74255871772766,60058,67,1
1770253679.2796123,88_4,88,das_work,11.637003898620604,60058,68,1
1770253691.35109,88_4,88,das_work,10.817919969558716,60058,69,1
1770253703.546159,88_4,88,das_work,10.237470626831056,60058,70,1
1770253715.6442866,88_4,88,das_work,10.16549038887024,60058,71,1
1770253727.748739,88_4,88,das_work,10.947460412979126,60058,72,1
1770252902.5283554,91_0,91,das_work,4.997865200042725,60058,14,1
1770252902.5286252,90_0,90,das_work,3.428910970687866,60058,14,1
1770252917.3702,90_0,90,das_work,13.3611421585083,60058,15,1
1770252917.370404,91_0,91,das_work,12.9461567401886,60058,15,1
1770252931.9409275,90_0,90,das_work,13.784186840057371,60058,16,1
1770252931.9424496,91_0,91,das_work,13.32011890411377,60058,16,1
1770252946.6933987,90_0,90,das_work,13.4688241481781,60058,17,1
1770252946.6995404,91_0,91,das_work,14.07411289215088,60058,17,1
1770252961.3172662,90_0,90,das_work,13.323496341705322,60058,18,1
1770252961.321066,91_0,91,das_work,13.48222279548645,60058,18,1
1770252975.8065517,91_0,91,das_work,13.775371313095093,60058,19,1
1770252975.813413,90_0,90,das_work,13.135667085647585,60058,19,1
1770252990.2651796,91_0,91,das_work,13.391316652297974,60058,20,1
1770252990.2970462,90_0,90,das_work,13.923496961593628,60058,20,1
1770253004.817667,91_0,91,das_work,13.736877202987673,60058,21,1
1770253004.8331294,90_0,90,das_work,13.128231287002563,60058,21,1
1770253019.4455724,91_0,91,das_work,14.051651239395142,60058,22,1
1770253019.4610672,90_0,90,das_work,13.295583009719849,60058,22,1
1770253034.2408016,90_0,90,das_work,13.296443700790403,60058,23,1
1770253034.2433174,91_0,91,das_work,13.902973175048828,60058,23,1
1770253048.930511,91_1,91,das_work,13.460049629211426,60058,24,1
1770253049.0248778,90_1,90,das_work,14.08783721923828,60058,24,1
1770253063.8141873,90_1,90,das_work,13.37175703048706,60058,25,1
1770253063.89368,91_1,91,das_work,13.301079034805298,60058,25,1
1770253078.5237124,90_1,90,das_work,12.916698694229126,60058,26,1
1770253078.5280886,91_1,91,das_work,13.6731698513031,60058,26,1
1770253093.484832,90_1,90,das_work,13.822025299072266,60058,27,1
1770253093.550667,91_1,91,das_work,13.116374254226685,60058,27,1
1770253108.2869992,91_1,91,das_work,13.503528594970703,60058,28,1
1770253108.2930455,90_1,90,das_work,13.033931016921995,60058,28,1
1770253123.2566144,91_1,91,das_work,13.633328437805176,60058,29,1
1770253123.2568097,90_1,90,das_work,13.642086744308472,60058,29,1
1770253137.9523113,91_1,91,das_work,14.044936895370483,60058,30,1
1770253137.9779408,90_1,90,das_work,12.933955430984495,60058,30,1
1770253152.8087056,91_1,91,das_work,13.083101034164429,60058,31,1
1770253152.8091438,90_1,90,das_work,13.733571290969849,60058,31,1
1770253167.5222566,91_1,91,das_work,13.175506114959717,60058,32,1
1770253167.584268,90_1,90,das_work,13.415887355804443,60058,32,1
1770253182.4314682,90_1,90,das_work,13.996531009674072,60058,33,1
1770253182.5227122,91_1,91,das_work,13.549123287200928,60058,33,1
1770253197.2117672,91_2,91,das_work,13.291577100753784,60058,34,1
1770253197.2785788,90_2,90,das_work,14.183200359344482,60058,34,1
1770253211.9778469,90_2,90,das_work,13.399948596954346,60058,35,1
1770253212.0336866,91_2,91,das_work,13.174395084381104,60058,35,1
1770253226.825119,90_2,90,das_work,13.874719619750977,60058,36,1
1770253226.891453,91_2,91,das_work,13.063868522644045,60058,36,1
1770253241.5924308,91_2,91,das_work,13.709798812866213,60058,37,1
1770253241.6007311,90_2,90,das_work,14.238112211227415,60058,37,1
1770253256.4106474,90_2,90,das_work,13.982935905456545,60058,38,1
1770253256.4462254,91_2,91,das_work,13.533291578292848,60058,38,1
1770253271.0873094,91_2,91,das_work,13.94926118850708,60058,39,1
1770253271.166809,90_2,90,das_work,12.97112488746643,60058,39,1
1770253285.9745853,90_2,90,das_work,13.606050968170166,60058,40,1
1770253285.9747882,91_2,91,das_work,14.066679239273071,60058,40,1
1770253300.6137712,90_2,90,das_work,13.940778970718384,60058,41,1
1770253300.640704,91_2,91,das_work,13.83682370185852,60058,41,1
1770253315.3452408,90_2,90,das_work,13.749948263168337,60058,42,1
1770253315.3740554,91_2,91,das_work,12.965398073196411,60058,42,1
1770253330.0939014,90_2,90,das_work,13.02716588973999,60058,43,1
1770253330.1177485,91_2,91,das_work,12.81113624572754,60058,43,1
1770253344.8915422,91_3,91,das_work,13.828079223632812,60058,44,1
1770253344.9503796,90_3,90,das_work,13.991670370101929,60058,44,1
1770253359.657592,91_3,91,das_work,14.209115505218506,60058,45,1
1770253359.6578736,90_3,90,das_work,13.714577436447144,60058,45,1
1770253374.6412632,91_3,91,das_work,13.885985612869264,60058,46,1
1770253374.6648211,90_3,90,das_work,14.427436590194702,60058,46,1
1770253389.365938,91_3,91,das_work,13.930830240249634,60058,47,1
1770253389.3695908,90_3,90,das_work,13.918559789657593,60058,47,1
1770253404.1048942,90_3,90,das_work,14.172512292861938,60058,48,1
1770253404.1424415,91_3,91,das_work,12.791857481002808,60058,48,1
1770253418.91301,91_3,91,das_work,13.982945680618286,60058,49,1
1770253418.9132211,90_3,90,das_work,13.959965229034424,60058,49,1
1770253433.6406069,90_3,90,das_work,12.784363746643066,60058,50,1
1770253433.641854,91_3,91,das_work,12.795056343078612,60058,50,1
1770253448.564722,90_3,90,das_work,14.244542121887209,60058,51,1
1770253448.5899303,91_3,91,das_work,13.918427228927612,60058,51,1
1770253463.3734157,91_3,91,das_work,13.475374460220335,60058,52,1
1770253463.373927,90_3,90,das_work,14.055230140686035,60058,52,1
1770253478.107099,90_3,90,das_work,13.061037302017212,60058,53,1
1770253478.1102116,91_3,91,das_work,14.155646085739136,60058,53,1
1770253492.87573,90_4,90,das_work,13.722163915634155,60058,54,1
1770253492.8759837,91_4,91,das_work,14.064617395401,60058,54,1
1770253507.6935775,91_4,91,das_work,13.71595048904419,60058,55,1
1770253507.7039824,90_4,90,das_work,12.868047952651978,60058,55,1
1770253522.3677745,90_4,90,das_work,13.417019844055176,60058,56,1
1770253522.421538,91_4,91,das_work,12.783268451690674,60058,56,1
1770253537.1062417,90_4,90,das_work,13.369783639907835,60058,57,1
1770253537.1739357,91_4,91,das_work,13.133883953094482,60058,57,1
1770253551.4819782,91_4,91,das_work,13.159051418304443,60058,58,1
1770253551.49708,90_4,90,das_work,13.772864818572998,60058,58,1
1770253565.514552,90_4,90,das_work,13.370918035507202,60058,59,1
1770253565.5147514,91_4,91,das_work,12.153249263763428,60058,59,1
1770253579.1624124,91_4,91,das_work,12.06734299659729,60058,60,1
1770253579.16404,90_4,90,das_work,12.279523849487305,60058,60,1
1770253592.4323363,91_4,91,das_work,11.438744068145752,60058,61,1
1770253592.433097,90_4,90,das_work,12.207812786102297,60058,61,1
1770253605.4747202,90_4,90,das_work,11.280914306640623,60058,62,1
1770253605.520624,91_4,91,das_work,11.909608602523804,60058,62,1
1770253618.2694583,91_4,91,das_work,12.18286681175232,60058,63,1
1770253618.269738,90_4,90,das_work,12.089423894882202,60058,63,1
1770252917.3662562,92_0,92,das_work,11.838211297988892,60058,15,1
1770252931.992118,92_0,92,das_work,12.685823678970335,60058,16,1
1770252946.703729,92_0,92,das_work,12.877647161483765,60058,17,1
1770252961.308462,92_0,92,das_work,12.791492462158203,60058,18,1
1770252975.810105,92_0,92,das_work,12.950071334838867,60058,19,1
1770252990.266003,92_0,92,das_work,13.472696542739868,60058,20,1
1770253004.8207726,92_0,92,das_work,13.184856414794922,60058,21,1
1770253019.4474862,92_0,92,das_work,13.422216653823853,60058,22,1
1770253034.2479918,93_0,93,das_work,133.85350632667542,60058,23,1
1770253034.249851,92_0,92,das_work,13.77671766281128,60058,23,1
1770253048.9309385,92_0,92,das_work,12.964659690856934,60058,24,1
1770253049.0245316,93_0,93,das_work,13.3272705078125,60058,24,1
1770253063.8246522,93_0,93,das_work,13.483017921447754,60058,25,1
1770253063.8974774,92_1,92,das_work,13.282236099243164,60058,25,1
1770253078.5209615,92_1,92,das_work,13.24479842185974,60058,26,1
1770253078.530043,93_0,93,das_work,12.883715867996216,60058,26,1
1770253093.5458288,93_0,93,das_work,13.20944094657898,60058,27,1
1770253093.5524654,92_1,92,das_work,13.97878885269165,60058,27,1
1770253108.2822948,92_1,92,das_work,12.795557022094728,60058,28,1
1770253108.2911534,93_0,93,das_work,14.031731843948364,60058,28,1
1770253123.2505913,92_1,92,das_work,14.462812900543211,60058,29,1
1770253123.2547777,93_0,93,das_work,13.642296314239502,60058,29,1
1770253137.9492674,93_0,93,das_work,13.898967266082764,60058,30,1
1770253138.0120716,92_1,92,das_work,14.170774698257446,60058,30,1
1770253152.7849696,93_0,93,das_work,13.867104053497314,60058,31,1
1770253152.8127708,92_1,92,das_work,12.908568620681764,60058,31,1
1770253167.5235257,92_1,92,das_work,13.334550619125366,60058,32,1
1770253167.589666,93_0,93,das_work,12.80568814277649,60058,32,1
1770253182.4948883,93_1,93,das_work,13.08558201789856,60058,33,1
1770253182.4957085,92_1,92,das_work,13.171618461608888,60058,33,1
1770253197.2129138,93_1,93,das_work,12.832927942276,60058,34,1
1770253197.2746298,92_1,92,das_work,14.117543697357178,60058,34,1
1770253211.9789455,93_1,93,das_work,14.008682250976562,60058,35,1
1770253212.0024393,92_2,92,das_work,13.917753458023071,60058,35,1
1770253226.8855977,93_1,93,das_work,13.907561540603638,60058,36,1
1770253226.8938887,92_2,92,das_work,13.447036743164062,60058,36,1
1770253241.5939023,93_1,93,das_work,12.864375591278076,60058,37,1
1770253241.5965471,92_2,92,das_work,13.917201042175291,60058,37,1
1770253256.440833,93_1,93,das_work,14.318768501281738,60058,38,1
1770253256.447525,92_2,92,das_work,12.976442098617554,60058,38,1
1770253271.088639,92_2,92,das_work,13.774174690246582,60058,39,1
1770253271.1742709,93_1,93,das_work,12.882488489151,60058,39,1
1770253285.9340968,92_2,92,das_work,13.510324001312256,60058,40,1
1770253285.971464,93_1,93,das_work,13.005018949508669,60058,40,1
1770253300.6745927,93_1,93,das_work,12.732167720794678,60058,41,1
1770253300.6748447,92_2,92,das_work,13.877356052398682,60058,41,1
1770253315.3462396,93_1,93,das_work,13.353465557098389,60058,42,1
1770253315.4060357,92_2,92,das_work,13.534663438796995,60058,42,1
1770253330.0927558,92_2,92,das_work,14.134974956512451,60058,43,1
1770253330.1319644,93_2,93,das_work,13.17410945892334,60058,43,1
1770253344.8916793,93_2,93,das_work,13.561198711395264,60058,44,1
1770253344.9625647,92_2,92,das_work,14.067697763442991,60058,44,1
1770253359.6930974,93_2,93,das_work,13.81888484954834,60058,45,1
1770253359.6934304,92_3,92,das_work,12.93542742729187,60058,45,1
1770253374.6355982,92_3,92,das_work,12.990149974822998,60058,46,1
1770253374.6415837,93_2,93,das_work,14.411125659942629,60058,46,1
1770253389.3387046,93_2,93,das_work,13.503596544265749,60058,47,1
1770253389.3620286,92_3,92,das_work,14.039141416549684,60058,47,1
1770253404.0783904,92_3,92,das_work,13.39889931678772,60058,48,1
1770253404.1281414,93_2,93,das_work,13.25029730796814,60058,48,1
1770253418.8745651,93_2,93,das_work,14.024685859680176,60058,49,1
1770253418.9409127,92_3,92,das_work,12.881645441055298,60058,49,1
1770253433.6342454,92_3,92,das_work,14.0252046585083,60058,50,1
1770253433.6512325,93_2,93,das_work,13.110206127166748,60058,50,1
1770253448.5916114,92_3,92,das_work,14.340336084365845,60058,51,1
1770253448.6198633,93_2,93,das_work,14.306869745254517,60058,51,1
1770253463.2847953,92_3,92,das_work,14.06180500984192,60058,52,1
1770253463.2865574,93_2,93,das_work,13.700950384140016,60058,52,1
1770253478.172286,93_3,93,das_work,13.813061237335203,60058,53,1
1770253478.1730745,92_3,92,das_work,13.002196073532104,60058,53,1
1770253492.840842,93_3,93,das_work,13.312232494354248,60058,54,1
1770253492.8704677,92_3,92,das_work,12.713909149169922,60058,54,1
1770253507.6426818,92_4,92,das_work,13.250556230545044,60058,55,1
1770253507.69788,93_3,93,das_work,13.478878259658812,60058,55,1
1770253522.4153514,92_4,92,das_work,13.153082370758057,60058,56,1
1770253522.4515176,93_3,93,das_work,14.148202657699583,60058,56,1
1770253537.1077695,92_4,92,das_work,13.05268144607544,60058,57,1
1770253537.129314,93_3,93,das_work,14.09629201889038,60058,57,1
1770253551.4822106,93_3,93,das_work,13.202089309692385,60058,58,1
1770253551.4864423,92_4,92,das_work,12.816930055618286,60058,58,1
1770253565.514224,93_3,93,das_work,12.133188009262083,60058,59,1
1770253565.5150378,92_4,92,das_work,12.071321487426758,60058,59,1
1770253579.1610885,92_4,92,das_work,12.063409566879272,60058,60,1
1770253579.1632736,93_3,93,das_work,11.927401304244995,60058,60,1
1770253592.3829937,93_3,93,das_work,12.69437861442566,60058,61,1
1770253592.383191,92_4,92,das_work,12.61770248413086,60058,61,1
1770253605.4782057,93_3,93,das_work,11.772034883499146,60058,62,1
1770253605.478529,92_4,92,das_work,11.27766489982605,60058,62,1
1770253618.2160437,93_4,93,das_work,11.469395399093628,60058,63,1
1770253618.2674284,92_4,92,das_work,11.941556215286257,60058,63,1
1770253630.522407,92_4,92,das_work,11.54684281349182,60058,64,1
1770253630.5228353,93_4,93,das_work,11.4951593875885,60058,64,1
1770253642.6792169,93_4,93,das_work,10.813183784484863,60058,65,1
1770253654.9040818,93_4,93,das_work,11.174291133880615,60058,66,1
1770253667.114038,93_4,93,das_work,10.79347538948059,60058,67,1
1770253679.2786362,93_4,93,das_work,10.67467761039734,60058,68,1
1770253691.3760147,93_4,93,das_work,10.813324213027954,60058,69,1
1770253703.5474856,93_4,93,das_work,10.383330583572388,60058,70,1
1770253715.6446235,93_4,93,das_work,11.171417474746704,60058,71,1
1770253727.681424,93_4,93,das_work,11.377707481384276,60058,72,1
1770252902.5232725,95_0,95,das_work,4.121803998947144,60058,14,1
1770252917.362417,95_0,95,das_work,13.61439561843872,60058,15,1
1770252932.0009606,95_0,95,das_work,13.75460696220398,60058,16,1
1770252946.6396046,95_0,95,das_work,13.4238121509552,60058,17,1
1770252961.3124232,95_0,95,das_work,13.777909278869627,60058,18,1
1770252975.810603,95_0,95,das_work,12.6709144115448,60058,19,1
1770252990.3517215,95_0,95,das_work,13.244184732437134,60058,20,1
1770253004.8280015,95_0,95,das_work,13.163456678390505,60058,21,1
1770253019.450463,95_0,95,das_work,12.887643098831177,60058,22,1
1770253034.2314749,95_0,95,das_work,12.865939378738403,60058,23,1
1770253034.240405,94_0,94,das_work,132.42488360404968,60058,23,1
1770253048.9340637,94_0,94,das_work,13.327665090560911,60058,24,1
1770253048.9343386,95_1,95,das_work,13.516454696655272,60058,24,1
1770253063.895641,95_1,95,das_work,13.324678897857666,60058,25,1
1770253063.8981209,94_0,94,das_work,12.987062215805054,60058,25,1
1770253078.5573905,95_1,95,das_work,13.508952856063845,60058,26,1
1770253078.5575893,94_0,94,das_work,13.278395652770996,60058,26,1
1770253093.5130026,95_1,95,das_work,13.758377313613892,60058,27,1
1770253093.5474074,94_0,94,das_work,14.023111581802368,60058,27,1
1770253108.2847774,94_0,94,das_work,13.624401092529297,60058,28,1
1770253108.2935965,95_1,95,das_work,12.82298469543457,60058,28,1
1770253123.256916,94_0,94,das_work,13.44908332824707,60058,29,1
1770253123.2572355,95_1,95,das_work,13.365639925003052,60058,29,1
1770253137.951047,94_0,94,das_work,13.137766361236572,60058,30,1
1770253138.0153344,95_1,95,das_work,13.309595823287964,60058,30,1
1770253152.8158872,95_1,95,das_work,13.016742706298828,60058,31,1
1770253152.8161483,94_0,94,das_work,13.402882099151611,60058,31,1
1770253167.5482087,95_1,95,das_work,14.125139236450195,60058,32,1
1770253167.5741708,94_0,94,das_work,13.490780353546144,60058,32,1
1770253182.4621294,94_1,94,das_work,14.22087335586548,60058,33,1
1770253182.4623923,95_1,95,das_work,14.170846700668337,60058,33,1
1770253197.2674713,95_2,95,das_work,13.673134803771973,60058,34,1
1770253197.2682369,94_1,94,das_work,14.24610471725464,60058,34,1
1770253211.977755,95_2,95,das_work,14.014949798583984,60058,35,1
1770253211.978564,94_1,94,das_work,12.983919143676758,60058,35,1
1770253226.8498366,95_2,95,das_work,14.085073232650757,60058,36,1
1770253226.8815975,94_1,94,das_work,13.91820764541626,60058,36,1
1770253241.5268662,95_2,95,das_work,13.46025776863098,60058,37,1
1770253241.58973,94_1,94,das_work,13.687461376190186,60058,37,1
1770253256.357685,95_2,95,das_work,14.114083290100098,60058,38,1
1770253256.3597407,94_1,94,das_work,14.131585121154783,60058,38,1
1770253271.0873349,95_2,95,das_work,13.606714010238647,60058,39,1
1770253271.1163652,94_1,94,das_work,14.085197448730469,60058,39,1
1770253285.9402804,95_2,95,das_work,13.66271471977234,60058,40,1
1770253285.9430826,94_1,94,das_work,13.218315362930298,60058,40,1
1770253300.6431234,94_1,94,das_work,12.836627960205078,60058,41,1
1770253300.6443408,95_2,95,das_work,12.772628545761108,60058,41,1
1770253315.3480766,95_2,95,das_work,13.475638389587402,60058,42,1
1770253315.348822,94_1,94,das_work,13.204594373703005,60058,42,1
1770253330.1183949,94_2,94,das_work,13.400643348693848,60058,43,1
1770253330.118602,95_2,95,das_work,14.248126745224,60058,43,1
1770253344.9198503,94_2,94,das_work,13.292415857315063,60058,44,1
1770253344.966223,95_3,95,das_work,13.352293252944946,60058,44,1
1770253359.6795683,94_2,94,das_work,14.185521841049194,60058,45,1
1770253359.6798384,95_3,95,das_work,13.573208332061768,60058,45,1
1770253374.6111965,94_2,94,das_work,13.101722240447998,60058,46,1
1770253374.664286,95_3,95,das_work,14.068809032440186,60058,46,1
1770253389.3943748,95_3,95,das_work,13.488394021987917,60058,47,1
1770253389.3946495,94_2,94,das_work,13.298207998275757,60058,47,1
1770253404.1409564,95_3,95,das_work,14.156028985977173,60058,48,1
1770253404.1441078,94_2,94,das_work,14.243717432022097,60058,48,1
1770253418.875885,95_3,95,das_work,13.564372301101685,60058,49,1
1770253418.941083,94_2,94,das_work,12.836193561553957,60058,49,1
1770253433.637817,95_3,95,das_work,13.467934846878052,60058,50,1
1770253433.6506455,94_2,94,das_work,14.107701778411863,60058,50,1
1770253448.5661895,95_3,95,das_work,13.83264708518982,60058,51,1
1770253448.5694523,94_2,94,das_work,14.314584255218506,60058,51,1
1770253463.2845876,94_2,94,das_work,14.160499095916748,60058,52,1
1770253463.336688,95_3,95,das_work,13.752671241760254,60058,52,1
1770253478.161967,95_3,95,das_work,13.855499505996704,60058,53,1
1770253478.162286,94_3,94,das_work,14.09020709991455,60058,53,1
1770253492.8423624,95_4,95,das_work,13.051634550094604,60058,54,1
1770253492.8997686,94_3,94,das_work,13.97406268119812,60058,54,1
1770253507.6167138,94_3,94,das_work,12.837882041931152,60058,55,1
1770253507.6995466,95_4,95,das_work,13.695379734039308,60058,55,1
1770253522.3682942,94_3,94,das_work,13.253257036209106,60058,56,1
1770253522.451755,95_4,95,das_work,14.0952045917511,60058,56,1
1770253537.154176,95_4,95,das_work,13.877645254135132,60058,57,1
1770253537.1641924,94_3,94,das_work,13.086428165435793,60058,57,1
1770253551.4969194,94_3,94,das_work,12.662986040115356,60058,58,1
1770253551.499583,95_4,95,das_work,13.018960952758787,60058,58,1
1770253565.5124457,95_4,95,das_work,12.448193550109863,60058,59,1
1770253565.5126455,94_3,94,das_work,12.335222005844116,60058,59,1
1770253579.1662192,95_4,95,das_work,12.015302181243896,60058,60,1
1770253579.1666658,94_3,94,das_work,13.112430810928345,60058,60,1
1770253592.4563837,95_4,95,das_work,11.46882176399231,60058,61,1
1770253592.4565911,94_3,94,das_work,11.564690828323364,60058,61,1
1770253605.4784484,94_3,94,das_work,12.44015336036682,60058,62,1
1770253605.4787445,95_4,95,das_work,12.247519493103027,60058,62,1
1770253618.2163403,95_4,95,das_work,11.591793775558472,60058,63,1
1770253618.2171564,94_4,94,das_work,11.352670907974243,60058,63,1
1770253630.5424144,94_4,94,das_work,11.671679973602297,60058,64,1
1770253642.678858,94_4,94,das_work,10.353220224380491,60058,65,1
1770253654.904602,94_4,94,das_work,10.347853660583496,60058,66,1
1770253667.1147227,94_4,94,das_work,10.444082498550417,60058,67,1
1770253679.278805,94_4,94,das_work,10.888140439987184,60058,68,1
1770253691.3511877,94_4,94,das_work,10.88261079788208,60058,69,1
1770253703.5470388,94_4,94,das_work,10.378702640533447,60058,70,1
1770253715.6444454,94_4,94,das_work,10.4773850440979,60058,71,1
1770253727.726201,94_4,94,das_work,11.073551177978516,60058,72,1
1770252917.4135458,97_0,97,das_work,5.7308971881866455,60058,15,1
1770252917.4220252,96_0,96,das_work,14.400131464004517,60058,15,1
1770252931.9405987,96_0,96,das_work,13.239118814468384,60058,16,1
1770252931.9918208,97_0,97,das_work,12.815605640411375,60058,16,1
1770252946.6392937,97_0,97,das_work,13.796090364456177,60058,17,1
1770252946.707027,96_0,96,das_work,13.257624864578249,60058,17,1
1770252961.3118386,96_0,96,das_work,13.604310512542725,60058,18,1
1770252961.3199503,97_0,97,das_work,14.111209869384766,60058,18,1
1770252975.7741177,97_0,97,das_work,13.554861783981323,60058,19,1
1770252975.780607,96_0,96,das_work,13.173562049865724,60058,19,1
1770252990.2648714,96_0,96,das_work,13.62777018547058,60058,20,1
1770252990.302075,97_0,97,das_work,13.995612144470217,60058,20,1
1770253004.8231435,97_0,97,das_work,13.580547571182253,60058,21,1
1770253004.8285537,96_0,96,das_work,13.025521278381348,60058,21,1
1770253019.4622164,96_0,96,das_work,12.760479211807253,60058,22,1
1770253019.4643433,97_0,97,das_work,14.03824543952942,60058,22,1
1770253034.2414806,96_0,96,das_work,13.670767307281494,60058,23,1
1770253034.2438242,97_0,97,das_work,13.99450969696045,60058,23,1
1770253048.9314296,96_0,96,das_work,13.02188801765442,60058,24,1
1770253048.9317071,97_0,97,das_work,14.023818254470823,60058,24,1
1770253063.8104162,96_1,96,das_work,14.125989437103271,60058,25,1
1770253063.8179903,97_1,97,das_work,13.27607250213623,60058,25,1
1770253078.5264697,96_1,96,das_work,13.52070665359497,60058,26,1
1770253078.5766492,97_1,97,das_work,13.896713018417358,60058,26,1
1770253093.4882584,96_1,96,das_work,13.612293481826782,60058,27,1
1770253093.5469692,97_1,97,das_work,13.162650108337402,60058,27,1
1770253108.252448,97_1,97,das_work,13.528759479522703,60058,28,1
1770253108.253245,96_1,96,das_work,12.79466462135315,60058,28,1
1770253123.15161,97_1,97,das_work,13.405734777450562,60058,29,1
1770253123.2102804,96_1,96,das_work,14.108197212219238,60058,29,1
1770253137.9531913,96_1,96,das_work,13.76513409614563,60058,30,1
1770253137.9533863,97_1,97,das_work,14.221343994140623,60058,30,1
1770253152.7521722,97_1,97,das_work,13.780386686325071,60058,31,1
1770253152.784039,96_1,96,das_work,14.18876314163208,60058,31,1
1770253167.5245686,97_1,97,das_work,13.226492404937744,60058,32,1
1770253167.5738723,96_1,96,das_work,13.039172887802124,60058,32,1
1770253182.4895856,97_1,97,das_work,13.902856826782228,60058,33,1
1770253182.523703,96_1,96,das_work,14.182581663131714,60058,33,1
1770253197.2427657,97_1,97,das_work,14.041790962219238,60058,34,1
1770253197.249709,96_1,96,das_work,12.762076377868652,60058,34,1
1770253211.974748,96_2,96,das_work,13.32289171218872,60058,35,1
1770253212.0083284,97_2,97,das_work,13.726016283035278,60058,35,1
1770253226.8248682,97_2,97,das_work,13.888217210769652,60058,36,1
1770253226.887448,96_2,96,das_work,13.225220680236816,60058,36,1
1770253241.5887437,96_2,96,das_work,14.17479968070984,60058,37,1
1770253241.5974658,97_2,97,das_work,12.901553392410278,60058,37,1
1770253256.3578312,97_2,97,das_work,13.796366453170776,60058,38,1
1770253256.3581407,96_2,96,das_work,12.788017511367798,60058,38,1
1770253271.1191473,96_2,96,das_work,13.288934707641602,60058,39,1
1770253271.1644151,97_2,97,das_work,14.06666660308838,60058,39,1
1770253285.9665165,96_2,96,das_work,12.922698974609377,60058,40,1
1770253285.9732296,97_2,97,das_work,14.301444053649902,60058,40,1
1770253300.6137202,97_2,97,das_work,13.792014360427856,60058,41,1
1770253300.6425135,96_2,96,das_work,13.500268697738647,60058,41,1
1770253315.374908,97_2,97,das_work,12.796671867370604,60058,42,1
1770253315.4055696,96_2,96,das_work,13.889394521713257,60058,42,1
1770253330.1169374,96_2,96,das_work,13.473265171051024,60058,43,1
1770253330.1296108,97_2,97,das_work,13.621415376663208,60058,43,1
1770253344.954091,97_2,97,das_work,13.341666460037231,60058,44,1
1770253344.9574208,96_2,96,das_work,13.8869891166687,60058,44,1
1770253359.680972,97_3,97,das_work,14.072591066360474,60058,45,1
1770253359.6811695,96_3,96,das_work,13.908323049545288,60058,45,1
1770253374.6110897,96_3,96,das_work,14.252022981643677,60058,46,1
1770253374.6631174,97_3,97,das_work,13.562080144882202,60058,46,1
1770253389.3640256,96_3,96,das_work,13.41891622543335,60058,47,1
1770253389.3702626,97_3,97,das_work,13.117237329483032,60058,47,1
1770253404.1048238,97_3,97,das_work,13.51764988899231,60058,48,1
1770253404.142499,96_3,96,das_work,13.54614520072937,60058,48,1
1770253418.9052916,96_3,96,das_work,14.246184825897217,60058,49,1
1770253418.9325302,97_3,97,das_work,13.898403406143188,60058,49,1
1770253433.6277049,96_3,96,das_work,13.77353572845459,60058,50,1
1770253433.6513183,97_3,97,das_work,14.05431079864502,60058,50,1
1770253448.62648,97_3,97,das_work,13.233630895614624,60058,51,1
1770253448.62893,96_3,96,das_work,14.125476598739624,60058,51,1
1770253463.33682,96_3,96,das_work,12.883484125137327,60058,52,1
1770253463.3690012,97_3,97,das_work,14.123389959335327,60058,52,1
1770253478.1737814,97_3,97,das_work,13.623699426651,60058,53,1
1770253478.1739776,96_3,96,das_work,14.26492166519165,60058,53,1
1770253492.8450282,96_3,96,das_work,13.469960689544678,60058,54,1
1770253492.8742464,97_3,97,das_work,14.07870864868164,60058,54,1
1770253507.6186929,96_4,96,das_work,14.006747961044312,60058,55,1
1770253507.700665,97_4,97,das_work,14.198758602142334,60058,55,1
1770253522.4572003,97_4,97,das_work,13.965399980545044,60058,56,1
1770253522.4584546,96_4,96,das_work,13.721678495407104,60058,56,1
1770253537.1300228,96_4,96,das_work,13.883111953735352,60058,57,1
1770253537.1734056,97_4,97,das_work,13.347408533096312,60058,57,1
1770253551.501696,97_4,97,das_work,12.571030378341677,60058,58,1
1770253551.5019617,96_4,96,das_work,13.394002914428713,60058,58,1
1770253565.4249935,96_4,96,das_work,12.686692714691162,60058,59,1
1770253565.50452,97_4,97,das_work,12.626987934112549,60058,59,1
1770253579.1656923,96_4,96,das_work,12.268667697906494,60058,60,1
1770253579.1661377,97_4,97,das_work,12.702316522598268,60058,60,1
1770253592.4333377,97_4,97,das_work,12.4519624710083,60058,61,1
1770253592.4335954,96_4,96,das_work,11.378931283950806,60058,61,1
1770253605.4767122,97_4,97,das_work,11.246758222579956,60058,62,1
1770253605.4770262,96_4,96,das_work,12.41848921775818,60058,62,1
1770253618.2694125,96_4,96,das_work,11.318932056427002,60058,63,1
1770253618.269755,97_4,97,das_work,11.327086210250854,60058,63,1
1770253630.474322,96_4,96,das_work,11.572957038879396,60058,64,1
1770253630.520049,97_4,97,das_work,11.462287187576294,60058,64,1
1770252917.3650873,98_0,98,das_work,11.5956449508667,60058,15,1
1770252917.4189637,99_0,99,das_work,14.608139514923096,60058,15,1
1770252931.96603,98_0,98,das_work,13.408301591873167,60058,16,1
1770252931.9662912,99_0,99,das_work,13.965877532958984,60058,16,1
1770252946.6404066,98_0,98,das_work,13.11473822593689,60058,17,1
1770252946.6915982,99_0,99,das_work,13.843841791152954,60058,17,1
1770252961.317181,99_0,99,das_work,12.883251428604126,60058,18,1
1770252961.3213992,98_0,98,das_work,13.211950540542604,60058,18,1
1770252975.8081212,99_0,99,das_work,13.872862577438354,60058,19,1
1770252975.8133385,98_0,98,das_work,12.631642818450928,60058,19,1
1770252990.26635,99_0,99,das_work,12.489338159561155,60058,20,1
1770252990.3521698,98_0,98,das_work,13.82503581047058,60058,20,1
1770253004.821696,98_0,98,das_work,13.651827573776243,60058,21,1
1770253004.8268602,99_0,99,das_work,12.605539083480837,60058,21,1
1770253019.4677153,99_0,99,das_work,13.577941417694092,60058,22,1
1770253019.4693215,98_0,98,das_work,14.056323289871216,60058,22,1
1770253034.2311308,99_0,99,das_work,12.980844259262083,60058,23,1
1770253034.2498045,98_0,98,das_work,13.069289207458496,60058,23,1
1770253048.9493678,98_0,98,das_work,13.754192352294922,60058,24,1
1770253049.0244598,99_0,99,das_work,13.397736072540283,60058,24,1
1770253063.8235524,99_1,99,das_work,14.182803392410278,60058,25,1
1770253063.895884,98_1,98,das_work,13.345428228378296,60058,25,1
1770253078.5234754,98_1,98,das_work,12.7980215549469,60058,26,1
1770253078.5543444,99_1,99,das_work,14.073409080505373,60058,26,1
1770253093.488557,98_1,98,das_work,14.332786560058594,60058,27,1
1770253093.5510976,99_1,99,das_work,14.406357765197754,60058,27,1
1770253108.2225492,99_1,99,das_work,13.253676176071169,60058,28,1
1770253108.2519655,98_1,98,das_work,13.434412240982056,60058,28,1
1770253123.1529398,99_1,99,das_work,13.699615955352783,60058,29,1
1770253123.2107286,98_1,98,das_work,14.243674993515016,60058,29,1
1770253138.0054183,98_1,98,das_work,13.768743515014648,60058,30,1
1770253138.005639,99_1,99,das_work,13.114962816238403,60058,30,1
1770253152.811574,99_1,99,das_work,13.055638551712036,60058,31,1
1770253152.8356538,98_1,98,das_work,13.649014949798584,60058,31,1
1770253167.5242198,98_1,98,das_work,13.240173816680908,60058,32,1
1770253167.5848029,99_1,99,das_work,14.21627950668335,60058,32,1
1770253182.432777,98_1,98,das_work,14.163432836532593,60058,33,1
1770253182.4909923,99_1,99,das_work,13.415432929992676,60058,33,1
1770253197.2128146,98_1,98,das_work,13.646269083023071,60058,34,1
1770253197.2418463,99_1,99,das_work,12.939266681671144,60058,34,1
1770253211.9777129,99_2,99,das_work,13.14952039718628,60058,35,1
1770253211.979344,98_2,98,das_work,13.147647380828856,60058,35,1
1770253226.8920946,98_2,98,das_work,13.397342681884766,60058,36,1
1770253226.8938546,99_2,99,das_work,13.012667655944824,60058,36,1
1770253241.5912037,98_2,98,das_work,13.303969621658323,60058,37,1
1770253241.599028,99_2,99,das_work,12.900113344192505,60058,37,1
1770253256.436432,98_2,98,das_work,12.999908447265623,60058,38,1
1770253256.4464366,99_2,99,das_work,14.06481957435608,60058,38,1
1770253271.1766486,99_2,99,das_work,13.083869457244871,60058,39,1
1770253271.1768496,98_2,98,das_work,13.972975254058838,60058,39,1
1770253285.9411535,98_2,98,das_work,13.041938304901125,60058,40,1
1770253285.9425344,99_2,99,das_work,14.206131935119627,60058,40,1
1770253300.614827,98_2,98,das_work,13.908906698226929,60058,41,1
1770253300.615101,99_2,99,das_work,13.082534074783323,60058,41,1
1770253315.3455234,98_2,98,das_work,13.149786472320557,60058,42,1
1770253315.3770714,99_2,99,das_work,14.187051773071287,60058,42,1
1770253330.089574,99_2,99,das_work,13.961252212524414,60058,43,1
1770253330.1306136,98_2,98,das_work,13.641876935958862,60058,43,1
1770253344.8928795,98_2,98,das_work,13.01177716255188,60058,44,1
1770253344.9510574,99_2,99,das_work,13.61454701423645,60058,44,1
1770253359.6558576,99_3,99,das_work,12.916014671325684,60058,45,1
1770253359.6570697,98_3,98,das_work,13.255871772766112,60058,45,1
1770253374.6350403,99_3,99,das_work,13.176302671432495,60058,46,1
1770253374.6644392,98_3,98,das_work,13.469342470169067,60058,46,1
1770253389.3353322,99_3,99,das_work,13.545202255249023,60058,47,1
1770253389.337546,98_3,98,das_work,13.74388313293457,60058,47,1
1770253404.140379,99_3,99,das_work,14.249816179275513,60058,48,1
1770253404.1438005,98_3,98,das_work,13.870765686035156,60058,48,1
1770253418.876562,98_3,98,das_work,14.231398582458496,60058,49,1
1770253418.910875,99_3,99,das_work,13.38680100440979,60058,49,1
1770253433.640206,98_3,98,das_work,13.41821026802063,60058,50,1
1770253433.650562,99_3,99,das_work,12.792303800582886,60058,50,1
1770253448.5636609,99_3,99,das_work,14.148728609085085,60058,51,1
1770253448.6273506,98_3,98,das_work,13.822027683258057,60058,51,1
1770253463.3740633,98_3,98,das_work,13.80107045173645,60058,52,1
1770253463.3742745,99_3,99,das_work,14.042853355407717,60058,52,1
1770253478.109609,98_3,98,das_work,13.0677969455719,60058,53,1
1770253478.1310773,99_3,99,das_work,12.806273698806764,60058,53,1
1770253492.849352,99_3,99,das_work,12.961982250213625,60058,54,1
1770253492.8988466,98_3,98,das_work,13.465790033340454,60058,54,1
1770253507.6428456,98_4,98,das_work,12.854503870010376,60058,55,1
1770253507.6981907,99_4,99,das_work,13.098825216293337,60058,55,1
1770253522.3923593,98_4,98,das_work,13.67497444152832,60058,56,1
1770253522.3926425,99_4,99,das_work,13.80524230003357,60058,56,1
1770253537.1642888,99_4,99,das_work,13.682697772979736,60058,57,1
1770253537.173413,98_4,98,das_work,13.902796506881714,60058,57,1
1770253551.4954717,98_4,98,das_work,13.816866159439089,60058,58,1
1770253551.499303,99_4,99,das_work,12.483586549758911,60058,58,1
1770253565.5068204,99_4,99,das_work,12.941162109375,60058,59,1
1770253565.5102036,98_4,98,das_work,13.239675521850586,60058,59,1
1770253579.0853653,98_4,98,das_work,12.366394519805908,60058,60,1
1770253579.160562,99_4,99,das_work,13.088312149047852,60058,60,1
1770253592.4566913,99_4,99,das_work,11.600562334060667,60058,61,1
1770253592.4569457,98_4,98,das_work,11.922937154769896,60058,61,1
1770253605.5232956,98_4,98,das_work,11.376371622085571,60058,62,1
1770253605.5235052,99_4,99,das_work,11.81178903579712,60058,62,1
1770253618.2177334,99_4,99,das_work,11.265658617019652,60058,63,1
1770253618.2179344,98_4,98,das_work,11.357157468795776,60058,63,1
1770253630.474997,98_4,98,das_work,11.56569242477417,60058,64,1
1770253630.520579,99_4,99,das_work,11.461315631866457,60058,64,1
1770252821.0378509,9_0,9,das_work,8.687302350997925,60058,8,1
1770252821.0381105,8_0,8,das_work,5.732653617858887,60058,8,1
1770252833.6756167,8_0,8,das_work,11.302652835845947,60058,9,1
1770252833.7031531,9_0,9,das_work,11.617303609848022,60058,9,1
1770252846.668291,8_0,8,das_work,12.32051944732666,60058,10,1
1770252846.6685894,9_0,9,das_work,12.119322299957275,60058,10,1
1770252859.9845555,9_0,9,das_work,11.67959713935852,60058,11,1
1770252859.985401,8_0,8,das_work,12.192190408706663,60058,11,1
1770252873.725629,8_0,8,das_work,12.913230657577516,60058,12,1
1770252873.7258873,9_0,9,das_work,12.45768976211548,60058,12,1
1770252887.7975926,8_0,8,das_work,12.536098003387451,60058,13,1
1770252887.798791,9_0,9,das_work,13.463159322738647,60058,13,1
1770252902.4457345,9_0,9,das_work,13.287582397460938,60058,14,1
1770252902.4459414,8_0,8,das_work,13.843012809753418,60058,14,1
1770252917.41513,9_0,9,das_work,14.325134515762327,60058,15,1
1770252917.4194534,8_0,8,das_work,13.423423767089844,60058,15,1
1770252931.9657028,9_0,9,das_work,13.412993431091309,60058,16,1
1770252931.9664836,8_0,8,das_work,12.559576988220217,60058,16,1
1770252946.694554,9_0,9,das_work,13.19303274154663,60058,17,1
1770252946.6948211,8_0,8,das_work,13.426708221435549,60058,17,1
1770252961.299081,8_1,8,das_work,13.555177688598633,60058,18,1
1770252961.316605,9_1,9,das_work,13.874972343444824,60058,18,1
1770252975.7745202,8_1,8,das_work,13.736698150634766,60058,19,1
1770252975.7806466,9_1,9,das_work,13.775606155395508,60058,19,1
1770252990.2975955,9_1,9,das_work,13.437803268432615,60058,20,1
1770252990.350808,8_1,8,das_work,13.471456050872805,60058,20,1
1770253004.823287,8_1,8,das_work,12.59945273399353,60058,21,1
1770253004.8234937,9_1,9,das_work,13.401788711547852,60058,21,1
1770253019.4478807,9_1,9,das_work,13.431729555130005,60058,22,1
1770253019.4635415,8_1,8,das_work,12.761270761489868,60058,22,1
1770253034.230415,9_1,9,das_work,13.311776399612429,60058,23,1
1770253034.2475572,8_1,8,das_work,13.785555839538574,60058,23,1
1770253048.948434,9_1,9,das_work,13.30296516418457,60058,24,1
1770253048.9502172,8_1,8,das_work,13.792165994644163,60058,24,1
1770253063.8120122,9_1,9,das_work,14.33110499382019,60058,25,1
1770253063.8253758,8_1,8,das_work,13.917166471481323,60058,25,1
1770253078.52682,8_1,8,das_work,13.755436182022097,60058,26,1
1770253078.5292568,9_1,9,das_work,12.978463172912598,60058,26,1
1770253093.4944842,9_1,9,das_work,13.815224647521973,60058,27,1
1770253093.511847,8_1,8,das_work,13.615827083587646,60058,27,1
1770253108.2824254,8_2,8,das_work,12.81024956703186,60058,28,1
1770253108.2932951,9_2,9,das_work,13.61966872215271,60058,28,1
1770253123.152624,9_2,9,das_work,13.190185070037842,60058,29,1
1770253123.1867278,8_2,8,das_work,13.33877182006836,60058,29,1
1770253137.951403,9_2,9,das_work,13.86495065689087,60058,30,1
1770253138.0023482,8_2,8,das_work,12.933185815811155,60058,30,1
1770253152.8149872,8_2,8,das_work,14.039767265319824,60058,31,1
1770253152.8362846,9_2,9,das_work,13.032403230667114,60058,31,1
1770253167.5899146,8_2,8,das_work,13.118516683578491,60058,32,1
1770253167.591655,9_2,9,das_work,13.626321077346802,60058,32,1
1770253182.4653397,9_2,9,das_work,13.449085474014282,60058,33,1
1770253182.4655378,8_2,8,das_work,13.921092987060549,60058,33,1
1770253197.2441435,8_2,8,das_work,14.140161991119385,60058,34,1
1770253197.2772975,9_2,9,das_work,13.960873126983644,60058,34,1
1770253211.9709148,8_2,8,das_work,13.197012662887571,60058,35,1
1770253212.0070884,9_2,9,das_work,13.311505794525146,60058,35,1
1770253226.8925607,8_2,8,das_work,13.73938798904419,60058,36,1
1770253226.8951995,9_2,9,das_work,13.57661247253418,60058,36,1
1770253241.52644,9_2,9,das_work,13.621548414230348,60058,37,1
1770253241.578365,8_2,8,das_work,13.319469690322876,60058,37,1
1770253256.3560102,8_3,8,das_work,13.50765061378479,60058,38,1
1770253256.407232,9_3,9,das_work,14.131683588027954,60058,38,1
1770253271.1655767,9_3,9,das_work,13.852591037750244,60058,39,1
1770253271.17476,8_3,8,das_work,13.114123106002808,60058,39,1
1770253285.9428265,8_3,8,das_work,14.04275894165039,60058,40,1
1770253285.969883,9_3,9,das_work,13.91116428375244,60058,40,1
1770253300.6124036,9_3,9,das_work,13.902356147766112,60058,41,1
1770253300.6687243,8_3,8,das_work,13.547461032867432,60058,41,1
1770253315.3193796,9_3,9,das_work,13.304779529571531,60058,42,1
1770253315.377695,8_3,8,das_work,13.69312834739685,60058,42,1
1770253330.0665743,8_3,8,das_work,14.049252033233644,60058,43,1
1770253330.0926592,9_3,9,das_work,14.087294101715088,60058,43,1
1770253344.962191,8_3,8,das_work,14.24477767944336,60058,44,1
1770253344.965311,9_3,9,das_work,14.270748853683472,60058,44,1
1770253359.6795318,9_3,9,das_work,12.732640981674194,60058,45,1
1770253359.6797595,8_3,8,das_work,13.233741283416748,60058,45,1
1770253374.611946,9_3,9,das_work,14.07281231880188,60058,46,1
1770253374.612278,8_3,8,das_work,14.156612157821655,60058,46,1
1770253389.3056502,8_3,8,das_work,13.057239294052124,60058,47,1
1770253389.3356493,9_3,9,das_work,13.606848001480104,60058,47,1
1770253404.1049702,8_4,8,das_work,13.34252905845642,60058,48,1
1770253404.14121,9_4,9,das_work,13.50730323791504,60058,48,1
1770253418.9088511,8_4,8,das_work,14.301403284072876,60058,49,1
1770253418.939865,9_4,9,das_work,12.93544101715088,60058,49,1
1770253433.6328633,8_4,8,das_work,13.273839950561523,60058,50,1
1770253433.6417613,9_4,9,das_work,13.284267902374268,60058,50,1
1770253448.6318583,9_4,9,das_work,13.772420883178713,60058,51,1
1770253448.6321352,8_4,8,das_work,14.35478401184082,60058,51,1
1770253463.2820768,9_4,9,das_work,12.869443655014038,60058,52,1
1770253463.3382142,8_4,8,das_work,13.878497123718262,60058,52,1
1770253478.1319778,9_4,9,das_work,13.55750322341919,60058,53,1
1770253478.171776,8_4,8,das_work,13.260221242904665,60058,53,1
1770253492.8721702,8_4,8,das_work,13.415612936019896,60058,54,1
1770253492.8735902,9_4,9,das_work,12.918633460998535,60058,54,1
1770253507.620293,9_4,9,das_work,12.822869300842283,60058,55,1
1770253507.699191,8_4,8,das_work,13.53810453414917,60058,55,1
1770253522.4223824,8_4,8,das_work,13.112462043762209,60058,56,1
1770253522.4236746,9_4,9,das_work,13.43816900253296,60058,56,1
1770253537.105986,9_4,9,das_work,14.127590417861938,60058,57,1
1770253537.1543934,8_4,8,das_work,13.341485261917114,60058,57,1
1770252833.675907,10_0,10,das_work,12.112625122070312,60058,9,1
1770252833.7025497,11_0,11,das_work,7.578930139541626,60058,9,1
1770252846.671055,10_0,10,das_work,11.72265338897705,60058,10,1
1770252846.671253,11_0,11,das_work,11.887540817260742,60058,10,1
1770252860.040609,10_0,10,das_work,12.113352060317991,60058,11,1
1770252860.0409677,11_0,11,das_work,12.837743997573853,60058,11,1
1770252873.7231562,10_0,10,das_work,12.960213899612429,60058,12,1
1770252873.778586,11_0,11,das_work,13.226045370101929,60058,12,1
1770252887.8044991,10_0,10,das_work,12.369492769241331,60058,13,1
1770252887.8050094,11_0,11,das_work,12.582165718078612,60058,13,1
1770252902.4440677,11_0,11,das_work,14.083508729934692,60058,14,1
1770252902.444271,10_0,10,das_work,12.730948686599731,60058,14,1
1770252917.419538,10_0,10,das_work,14.277118921279907,60058,15,1
1770252917.4207945,11_0,11,das_work,13.286092042922974,60058,15,1
1770252931.9410007,11_0,11,das_work,13.213506937026978,60058,16,1
1770252931.9996898,10_0,10,das_work,13.064757823944092,60058,16,1
1770252946.691918,11_0,11,das_work,13.095224380493164,60058,17,1
1770252946.6998262,10_0,10,das_work,13.22291088104248,60058,17,1
1770252961.3079002,10_0,10,das_work,13.793418407440186,60058,18,1
1770252961.3171496,11_0,11,das_work,13.03576159477234,60058,18,1
1770252975.8082445,11_1,11,das_work,13.84870719909668,60058,19,1
1770252975.813491,10_1,10,das_work,12.540253162384031,60058,19,1
1770252990.265071,11_1,11,das_work,13.470719814300535,60058,20,1
1770252990.3523138,10_1,10,das_work,13.064313411712646,60058,20,1
1770253004.8348808,11_1,11,das_work,13.983318090438845,60058,21,1
1770253004.8351486,10_1,10,das_work,13.242404460906982,60058,21,1
1770253019.4576428,11_1,11,das_work,13.99327826499939,60058,22,1
1770253019.4602282,10_1,10,das_work,12.85438632965088,60058,22,1
1770253034.242322,11_1,11,das_work,13.80358362197876,60058,23,1
1770253034.2490945,10_1,10,das_work,14.12050724029541,60058,23,1
1770253048.9302611,11_1,11,das_work,14.059582710266112,60058,24,1
1770253049.0315127,10_1,10,das_work,13.39262866973877,60058,24,1
1770253063.8102195,10_1,10,das_work,13.54033613204956,60058,25,1
1770253063.8247204,11_1,11,das_work,13.709683656692505,60058,25,1
1770253078.530589,10_1,10,das_work,12.75212812423706,60058,26,1
1770253078.5762787,11_1,11,das_work,13.855735540390016,60058,26,1
1770253093.5127923,10_1,10,das_work,13.20365858078003,60058,27,1
1770253093.5501962,11_1,11,das_work,14.280494928359984,60058,27,1
1770253108.2510164,11_1,11,das_work,13.328285217285156,60058,28,1
1770253108.2932415,10_1,10,das_work,12.8513286113739,60058,28,1
1770253123.18575,11_2,11,das_work,13.118902921676636,60058,29,1
1770253123.2478726,10_2,10,das_work,13.594539165496826,60058,29,1
1770253137.9805057,10_2,10,das_work,13.369635105133057,60058,30,1
1770253138.013792,11_2,11,das_work,13.367590427398682,60058,30,1
1770253152.78032,11_2,11,das_work,13.383098363876345,60058,31,1
1770253152.810279,10_2,10,das_work,13.187873125076294,60058,31,1
1770253167.5822947,10_2,10,das_work,13.090205192565918,60058,32,1
1770253167.5826266,11_2,11,das_work,13.359848976135254,60058,32,1
1770253182.4643931,10_2,10,das_work,13.73055624961853,60058,33,1
1770253182.465188,11_2,11,das_work,13.916648626327516,60058,33,1
1770253197.2822838,10_2,10,das_work,13.263842344284058,60058,34,1
1770253197.282484,11_2,11,das_work,13.338027954101562,60058,34,1
1770253211.970826,11_2,11,das_work,13.142640113830566,60058,35,1
1770253211.9799097,10_2,10,das_work,13.371817350387571,60058,35,1
1770253226.848873,10_2,10,das_work,13.35311722755432,60058,36,1
1770253226.887806,11_2,11,das_work,13.727673530578612,60058,36,1
1770253241.592404,10_2,10,das_work,13.894962072372437,60058,37,1
1770253241.5963757,11_2,11,das_work,13.692542791366575,60058,37,1
1770253256.4484785,11_2,11,das_work,13.05004334449768,60058,38,1
1770253256.4486673,10_2,10,das_work,14.116852521896362,60058,38,1
1770253271.1170602,11_3,11,das_work,13.442383289337158,60058,39,1
1770253271.1652973,10_3,10,das_work,13.85386872291565,60058,39,1
1770253285.9428947,11_3,11,das_work,13.485341548919678,60058,40,1
1770253285.968693,10_3,10,das_work,13.147331237792969,60058,40,1
1770253300.5842688,11_3,11,das_work,13.848779678344728,60058,41,1
1770253300.6413517,10_3,10,das_work,13.424962759017944,60058,41,1
1770253315.349551,11_3,11,das_work,13.861932039260864,60058,42,1
1770253315.349753,10_3,10,das_work,13.477315425872805,60058,42,1
1770253330.0907583,10_3,10,das_work,13.079846382141112,60058,43,1
1770253330.091199,11_3,11,das_work,12.971646785736084,60058,43,1
1770253344.9199977,11_3,11,das_work,13.458236694335938,60058,44,1
1770253344.9641602,10_3,10,das_work,14.063173532485962,60058,44,1
1770253359.6555667,10_3,10,das_work,13.55263066291809,60058,45,1
1770253359.691045,11_3,11,das_work,13.368656873703005,60058,45,1
1770253374.6063333,11_3,11,das_work,13.209834337234495,60058,46,1
1770253374.6633072,10_3,10,das_work,13.555086851119995,60058,46,1
1770253389.367803,10_3,10,das_work,12.73530101776123,60058,47,1
1770253389.369447,11_3,11,das_work,14.120912313461304,60058,47,1
1770253404.077259,11_3,11,das_work,13.41133165359497,60058,48,1
1770253404.1279943,10_3,10,das_work,13.120002508163452,60058,48,1
1770253418.9121602,10_4,10,das_work,13.9775390625,60058,49,1
1770253418.912496,11_4,11,das_work,14.072139978408812,60058,49,1
1770253433.631915,10_4,10,das_work,12.742084980010986,60058,50,1
1770253433.6350172,11_4,11,das_work,12.913772106170654,60058,50,1
1770253448.5705383,11_4,11,das_work,13.099864959716797,60058,51,1
1770253448.623842,10_4,10,das_work,13.8985857963562,60058,51,1
1770253463.2817817,10_4,10,das_work,13.816004276275637,60058,52,1
1770253463.3390365,11_4,11,das_work,13.91544222831726,60058,52,1
1770253478.1614354,11_4,11,das_work,12.891778469085692,60058,53,1
1770253478.162219,10_4,10,das_work,14.223696947097778,60058,53,1
1770253492.850064,10_4,10,das_work,12.812714576721191,60058,54,1
1770253492.85093,11_4,11,das_work,13.708974599838257,60058,54,1
1770253507.7062385,10_4,10,das_work,13.263387680053713,60058,55,1
1770253507.7065158,11_4,11,das_work,13.619972467422484,60058,55,1
1770253522.366104,10_4,10,das_work,12.812297344207764,60058,56,1
1770253522.4568202,11_4,11,das_work,12.940428495407104,60058,56,1
1770253537.1694548,10_4,10,das_work,13.997509479522703,60058,57,1
1770253537.1759765,11_4,11,das_work,13.628986358642578,60058,57,1
1770253551.481284,11_4,11,das_work,12.976101398468018,60058,58,1
1770253551.491782,10_4,10,das_work,13.622336387634276,60058,58,1
1770252833.6495678,12_0,12,das_work,11.899577617645264,60058,9,1
1770252833.6499066,13_0,13,das_work,12.492577314376833,60058,9,1
1770252846.6683402,13_0,13,das_work,11.70288872718811,60058,10,1
1770252846.71268,12_0,12,das_work,11.872071743011476,60058,10,1
1770252860.0666745,13_0,13,das_work,11.76580810546875,60058,11,1
1770252860.0691895,12_0,12,das_work,11.721292734146118,60058,11,1
1770252873.7818775,12_0,12,das_work,12.428428649902344,60058,12,1
1770252873.7831194,13_0,13,das_work,12.34287142753601,60058,12,1
1770252887.8062837,13_0,13,das_work,12.65287184715271,60058,13,1
1770252887.8066034,12_0,12,das_work,12.471369504928589,60058,13,1
1770252902.53132,12_0,12,das_work,13.002333641052246,60058,14,1
1770252902.5329893,13_0,13,das_work,13.640585899353027,60058,14,1
1770252917.3620255,13_0,13,das_work,12.868988990783691,60058,15,1
1770252917.367166,12_0,12,das_work,13.70290732383728,60058,15,1
1770252931.9416404,13_0,13,das_work,13.07719111442566,60058,16,1
1770252932.0006104,12_0,12,das_work,13.406383991241457,60058,16,1
1770252946.6374505,13_0,13,das_work,13.089802980422974,60058,17,1
1770252946.7071588,12_0,12,das_work,13.717406511306764,60058,17,1
1770252961.310385,12_0,12,das_work,13.701678037643433,60058,18,1
1770252961.3179193,13_0,13,das_work,13.785406589508057,60058,18,1
1770252975.7800436,12_1,12,das_work,13.945455074310305,60058,19,1
1770252975.810865,13_1,13,das_work,13.930829286575316,60058,19,1
1770252990.2968075,12_1,12,das_work,13.883117198944092,60058,20,1
1770252990.3513746,13_1,13,das_work,13.287835359573364,60058,20,1
1770253004.8333137,13_1,13,das_work,12.642883539199827,60058,21,1
1770253004.835439,12_1,12,das_work,12.575431823730469,60058,21,1
1770253019.4576285,12_1,12,das_work,12.964889764785768,60058,22,1
1770253019.4633422,13_1,13,das_work,13.60756015777588,60058,22,1
1770253034.2467058,13_1,13,das_work,13.020142316818236,60058,23,1
1770253034.24882,12_1,12,das_work,13.547344207763672,60058,23,1
1770253049.0232377,13_1,13,das_work,14.037308931350708,60058,24,1
1770253049.0304177,12_1,12,das_work,13.495423078536987,60058,24,1
1770253063.8130848,13_1,13,das_work,14.206657648086548,60058,25,1
1770253063.8960063,12_1,12,das_work,13.2546489238739,60058,25,1
1770253078.5219898,13_1,13,das_work,13.25384283065796,60058,26,1
1770253078.578193,12_1,12,das_work,14.142611026763916,60058,26,1
1770253093.4895236,12_1,12,das_work,13.913047313690186,60058,27,1
1770253093.4950042,13_1,13,das_work,13.240549087524414,60058,27,1
1770253108.2865489,13_1,13,das_work,13.897252082824709,60058,28,1
1770253108.2875297,12_1,12,das_work,14.26487636566162,60058,28,1
1770253123.2513692,12_2,12,das_work,14.199129343032835,60058,29,1
1770253123.255579,13_2,13,das_work,13.26479172706604,60058,29,1
1770253137.950868,12_2,12,das_work,13.935814380645752,60058,30,1
1770253137.9820745,13_2,13,das_work,14.103236675262451,60058,30,1
1770253152.78146,13_2,13,das_work,14.108949899673462,60058,31,1
1770253152.8134232,12_2,12,das_work,13.466206550598145,60058,31,1
1770253167.573743,13_2,13,das_work,13.138061046600342,60058,32,1
1770253167.5911856,12_2,12,das_work,13.579901218414308,60058,32,1
1770253182.464842,13_2,13,das_work,14.111178159713743,60058,33,1
1770253182.465056,12_2,12,das_work,13.838844060897827,60058,33,1
1770253197.2148392,13_2,13,das_work,13.924949407577516,60058,34,1
1770253197.274528,12_2,12,das_work,13.226718425750732,60058,34,1
1770253211.979107,13_2,13,das_work,13.348775386810305,60058,35,1
1770253211.9801135,12_2,12,das_work,14.038962602615356,60058,35,1
1770253226.824026,12_2,12,das_work,14.108604669570925,60058,36,1
1770253226.8487785,13_2,13,das_work,13.135096788406372,60058,36,1
1770253241.6013618,12_2,12,das_work,13.193001747131348,60058,37,1
1770253241.6018932,13_2,13,das_work,13.28168511390686,60058,37,1
1770253256.3580346,13_2,13,das_work,13.861265659332275,60058,38,1
1770253256.4402244,12_2,12,das_work,13.010178565979004,60058,38,1
1770253271.1170306,12_3,12,das_work,13.237144947052002,60058,39,1
1770253271.164316,13_3,13,das_work,14.085735082626345,60058,39,1
1770253285.9352586,12_3,12,das_work,13.380231618881226,60058,40,1
1770253285.968439,13_3,13,das_work,13.33501410484314,60058,40,1
1770253300.6110542,12_3,12,das_work,13.428260803222656,60058,41,1
1770253300.673428,13_3,13,das_work,13.483972787857056,60058,41,1
1770253315.320151,13_3,13,das_work,13.17094588279724,60058,42,1
1770253315.3748484,12_3,12,das_work,14.197896003723145,60058,42,1
1770253330.0674467,12_3,12,das_work,13.836889266967772,60058,43,1
1770253330.1310005,13_3,13,das_work,13.2177152633667,60058,43,1
1770253344.9498138,13_3,13,das_work,13.754096508026125,60058,44,1
1770253344.961409,12_3,12,das_work,13.89349913597107,60058,44,1
1770253359.6287394,13_3,13,das_work,12.851215124130247,60058,45,1
1770253359.6912138,12_3,12,das_work,13.234026670455933,60058,45,1
1770253374.6066115,13_3,13,das_work,13.24110746383667,60058,46,1
1770253374.6386995,12_3,12,das_work,13.885533332824709,60058,46,1
1770253389.3946166,12_3,12,das_work,13.361506938934326,60058,47,1
1770253389.3948216,13_3,13,das_work,12.920844078063965,60058,47,1
1770253404.077,13_3,13,das_work,13.343188285827637,60058,48,1
1770253404.1443577,12_3,12,das_work,13.634422302246094,60058,48,1
1770253418.930584,13_4,13,das_work,13.330297708511353,60058,49,1
1770253418.9404612,12_4,12,das_work,12.805673122406006,60058,49,1
1770253433.6261635,13_4,13,das_work,13.467365741729736,60058,50,1
1770253433.63352,12_4,12,das_work,13.244354009628296,60058,50,1
1770253448.6314335,12_4,12,das_work,13.20250368118286,60058,51,1
1770253448.631713,13_4,13,das_work,13.18608808517456,60058,51,1
1770253463.3750532,13_4,13,das_work,13.20884132385254,60058,52,1
1770253463.375312,12_4,12,das_work,12.759859561920166,60058,52,1
1770253478.1062882,13_4,13,das_work,12.773544788360596,60058,53,1
1770253478.1704037,12_4,12,das_work,13.103684425354004,60058,53,1
1770253492.8396149,13_4,13,das_work,14.100905418395996,60058,54,1
1770253492.8494782,12_4,12,das_work,12.686740159988403,60058,54,1
1770253507.617008,13_4,13,das_work,13.037777423858644,60058,55,1
1770253507.694165,12_4,12,das_work,13.758609294891356,60058,55,1
1770253522.3686066,12_4,12,das_work,13.66862416267395,60058,56,1
1770253522.421365,13_4,13,das_work,12.951053857803345,60058,56,1
1770253537.1767938,13_4,13,das_work,13.725733280181885,60058,57,1
1770253537.1782515,12_4,12,das_work,13.099995374679564,60058,57,1
1770253551.4852943,12_4,12,das_work,12.675720691680908,60058,58,1
1770253551.4901383,13_4,13,das_work,13.68115234375,60058,58,1
1770252833.6780782,15_0,15,das_work,8.795471668243408,60058,9,1
1770252833.6784134,14_0,14,das_work,8.42025876045227,60058,9,1
1770252846.6682105,15_0,15,das_work,11.57643985748291,60058,10,1
1770252846.7131107,14_0,14,das_work,12.300042390823364,60058,10,1
1770252859.9835007,15_0,15,das_work,11.860103368759155,60058,11,1
1770252860.013923,14_0,14,das_work,12.670527935028076,60058,11,1
1770252873.8067293,15_0,15,das_work,12.653455018997192,60058,12,1
1770252873.8069148,14_0,14,das_work,12.758822441101074,60058,12,1
1770252887.7903018,15_0,15,das_work,12.403644561767578,60058,13,1
1770252887.7976513,14_0,14,das_work,12.591506481170654,60058,13,1
1770252902.4397051,15_0,15,das_work,13.13044285774231,60058,14,1
1770252902.5271938,14_0,14,das_work,13.691471576690674,60058,14,1
1770252917.3599615,14_0,14,das_work,13.26765775680542,60058,15,1
1770252917.421182,15_0,15,das_work,13.949875593185425,60058,15,1
1770252931.996987,15_0,15,das_work,13.978492975234984,60058,16,1
1770252931.9972346,14_0,14,das_work,13.788541078567505,60058,16,1
1770252946.64012,15_0,15,das_work,13.249958515167236,60058,17,1
1770252946.7077808,14_0,14,das_work,14.025042533874512,60058,17,1
1770252961.310434,14_0,14,das_work,12.7809419631958,60058,18,1
1770252961.318082,15_0,15,das_work,13.876012802124023,60058,18,1
1770252975.7744458,15_1,15,das_work,13.024564027786257,60058,19,1
1770252975.781411,14_1,14,das_work,13.048580169677734,60058,19,1
1770252990.2636423,15_1,15,das_work,12.707679510116575,60058,20,1
1770252990.2943594,14_1,14,das_work,13.876906871795654,60058,20,1
1770253004.816043,14_1,14,das_work,13.730259418487549,60058,21,1
1770253004.8214357,15_1,15,das_work,13.242210626602173,60058,21,1
1770253019.4513714,14_1,14,das_work,13.301790237426758,60058,22,1
1770253019.4582462,15_1,15,das_work,13.68487787246704,60058,22,1
1770253034.2311273,15_1,15,das_work,14.007647275924684,60058,23,1
1770253034.239036,14_1,14,das_work,14.030747175216677,60058,23,1
1770253048.9318912,15_1,15,das_work,13.396392822265623,60058,24,1
1770253048.9462025,14_1,14,das_work,13.31792140007019,60058,24,1
1770253063.8893237,14_1,14,das_work,13.430792331695557,60058,25,1
1770253063.896399,15_1,15,das_work,14.161312103271484,60058,25,1
1770253078.557665,15_1,15,das_work,13.537780046463013,60058,26,1
1770253078.5579135,14_1,14,das_work,13.055855751037598,60058,26,1
1770253093.489181,14_1,14,das_work,14.23420000076294,60058,27,1
1770253093.5135558,15_1,15,das_work,13.159111261367798,60058,27,1
1770253108.292142,14_1,14,das_work,12.944226264953612,60058,28,1
1770253108.2933888,15_1,15,das_work,13.10497760772705,60058,28,1
1770253123.1881306,14_2,14,das_work,13.24604344367981,60058,29,1
1770253123.2101746,15_2,15,das_work,14.014374017715454,60058,29,1
1770253137.979928,15_2,15,das_work,13.264163494110107,60058,30,1
1770253137.9829097,14_2,14,das_work,14.06905484199524,60058,30,1
1770253152.7795,15_2,15,das_work,13.389207124710085,60058,31,1
1770253152.8129408,14_2,14,das_work,13.210768222808838,60058,31,1
1770253167.59277,14_2,14,das_work,13.428930044174194,60058,32,1
1770253167.593049,15_2,15,das_work,14.103952169418337,60058,32,1
1770253182.49239,15_2,15,das_work,14.213967323303224,60058,33,1
1770253182.5248587,14_2,14,das_work,13.622725486755373,60058,33,1
1770253197.2688615,15_2,15,das_work,13.731448888778688,60058,34,1
1770253197.2690475,14_2,14,das_work,13.1663920879364,60058,34,1
1770253211.9748726,15_2,15,das_work,13.619985818862917,60058,35,1
1770253212.0358748,14_2,14,das_work,14.08054804801941,60058,35,1
1770253226.8826275,14_2,14,das_work,14.085173845291138,60058,36,1
1770253226.8932345,15_2,15,das_work,13.23096489906311,60058,36,1
1770253241.5983677,15_2,15,das_work,14.11420488357544,60058,37,1
1770253241.601982,14_2,14,das_work,13.075022220611572,60058,37,1
1770253256.4067576,15_2,15,das_work,13.963095903396606,60058,38,1
1770253256.4383206,14_2,14,das_work,13.268481254577637,60058,38,1
1770253271.089317,15_3,15,das_work,13.900483846664429,60058,39,1
1770253271.1657383,14_3,14,das_work,13.66647458076477,60058,39,1
1770253285.945184,14_3,14,das_work,13.378519773483276,60058,40,1
1770253285.9711514,15_3,15,das_work,13.474409341812134,60058,40,1
1770253300.6111548,14_3,14,das_work,12.765490055084229,60058,41,1
1770253300.6741269,15_3,15,das_work,13.878581047058104,60058,41,1
1770253315.3766932,14_3,14,das_work,13.804991960525513,60058,42,1
1770253315.3777158,15_3,15,das_work,13.865021228790283,60058,42,1
1770253330.0680768,14_3,14,das_work,13.810449600219728,60058,43,1
1770253330.1179645,15_3,15,das_work,13.827481269836426,60058,43,1
1770253344.9508045,15_3,15,das_work,13.385450839996338,60058,44,1
1770253344.964259,14_3,14,das_work,14.121471643447876,60058,44,1
1770253359.6003506,15_3,15,das_work,12.896126747131348,60058,45,1
1770253359.6006649,14_3,14,das_work,12.95256733894348,60058,45,1
1770253374.6076534,14_3,14,das_work,13.12979531288147,60058,46,1
1770253374.637461,15_3,15,das_work,13.761864423751833,60058,46,1
1770253389.366405,15_3,15,das_work,14.203349113464355,60058,47,1
1770253389.3695407,14_3,14,das_work,14.0984206199646,60058,47,1
1770253404.1024482,14_3,14,das_work,13.369921684265137,60058,48,1
1770253404.138424,15_3,15,das_work,12.946268796920776,60058,48,1
1770253418.9306903,14_4,14,das_work,13.22452163696289,60058,49,1
1770253418.9416173,15_4,15,das_work,13.851120471954346,60058,49,1
1770253433.627358,15_4,15,das_work,14.083487510681152,60058,50,1
1770253433.6327531,14_4,14,das_work,13.09071159362793,60058,50,1
1770253448.5895193,14_4,14,das_work,13.608755826950071,60058,51,1
1770253448.628753,15_4,15,das_work,14.431591749191284,60058,51,1
1770253463.3735788,14_4,14,das_work,13.278856992721558,60058,52,1
1770253463.37434,15_4,15,das_work,13.200593948364258,60058,52,1
1770253478.1627364,14_4,14,das_work,13.76247763633728,60058,53,1
1770253478.1629343,15_4,15,das_work,13.748681783676147,60058,53,1
1770253492.8447094,15_4,15,das_work,13.183645486831663,60058,54,1
1770253492.8489373,14_4,14,das_work,12.695378065109251,60058,54,1
1770253507.6184835,15_4,15,das_work,13.884721755981444,60058,55,1
1770253507.664109,14_4,14,das_work,14.196820497512816,60058,55,1
1770253522.4214642,15_4,15,das_work,12.883563756942747,60058,56,1
1770253522.4512556,14_4,14,das_work,13.921323537826538,60058,56,1
1770253537.175435,14_4,14,das_work,13.952051401138306,60058,57,1
1770253537.178013,15_4,15,das_work,13.078880548477173,60058,57,1
1770253551.482154,15_4,15,das_work,12.616755962371826,60058,58,1
1770253551.4890912,14_4,14,das_work,13.474655389785768,60058,58,1
1770252833.6755571,16_0,16,das_work,7.916146993637085,60058,9,1
1770252846.6679895,17_0,17,das_work,12.640763759613035,60058,10,1
1770252846.6682942,16_0,16,das_work,11.946674346923828,60058,10,1
1770252860.0142174,17_0,17,das_work,11.811907768249512,60058,11,1
1770252860.0387013,16_0,16,das_work,12.235450983047484,60058,11,1
1770252873.7862852,16_0,16,das_work,12.316018342971802,60058,12,1
1770252873.7866013,17_0,17,das_work,12.85939645767212,60058,12,1
1770252887.80681,16_0,16,das_work,13.33167839050293,60058,13,1
1770252887.8070085,17_0,17,das_work,12.480284452438354,60058,13,1
1770252902.4371445,16_0,16,das_work,13.016377449035645,60058,14,1
1770252902.5257666,17_0,17,das_work,13.304001569747925,60058,14,1
1770252917.3658142,17_0,17,das_work,12.854757070541382,60058,15,1
1770252917.41509,16_0,16,das_work,12.97961449623108,60058,15,1
1770252931.994106,17_0,17,das_work,13.764866590499878,60058,16,1
1770252931.9950569,16_0,16,das_work,12.920158386230469,60058,16,1
1770252946.6625602,17_0,17,das_work,14.071202516555786,60058,17,1
1770252946.6628346,16_0,16,das_work,13.727447748184204,60058,17,1
1770252961.312503,17_0,17,das_work,12.931131839752195,60058,18,1
1770252961.3175423,16_0,16,das_work,13.69791340827942,60058,18,1
1770252975.7732136,17_0,17,das_work,13.136894702911375,60058,19,1
1770252975.8101122,16_1,16,das_work,13.850580215454102,60058,19,1
1770252990.3223135,17_1,17,das_work,12.88081955909729,60058,20,1
1770252990.3226078,16_1,16,das_work,12.911115169525146,60058,20,1
1770253004.826074,17_1,17,das_work,13.316581964492798,60058,21,1
1770253004.8285625,16_1,16,das_work,12.87393283843994,60058,21,1
1770253019.4526346,17_1,17,das_work,13.180449485778809,60058,22,1
1770253019.4574838,16_1,16,das_work,13.875530242919922,60058,22,1
1770253034.228113,16_1,16,das_work,13.40910005569458,60058,23,1
1770253034.2468088,17_1,17,das_work,13.603931427001951,60058,23,1
1770253048.9489868,17_1,17,das_work,13.14616084098816,60058,24,1
1770253048.9503796,16_1,16,das_work,13.954388856887816,60058,24,1
1770253063.8114092,16_1,16,das_work,12.874327898025513,60058,25,1
1770253063.823336,17_1,17,das_work,12.950971841812134,60058,25,1
1770253078.525478,17_1,17,das_work,13.590895414352415,60058,26,1
1770253078.5790648,16_1,16,das_work,13.366061687469482,60058,26,1
1770253093.5527515,17_1,17,das_work,13.428761005401611,60058,27,1
1770253093.553556,16_1,16,das_work,14.289495468139648,60058,27,1
1770253108.2489722,17_1,17,das_work,13.778396129608154,60058,28,1
1770253108.292059,16_1,16,das_work,14.136977434158323,60058,28,1
1770253123.2463768,17_1,17,das_work,13.99893569946289,60058,29,1
1770253123.254943,16_2,16,das_work,14.293187618255615,60058,29,1
1770253137.981686,17_2,17,das_work,13.50081491470337,60058,30,1
1770253138.0151415,16_2,16,das_work,14.178827285766602,60058,30,1
1770253152.7826445,16_2,16,das_work,14.188802719116213,60058,31,1
1770253152.835564,17_2,17,das_work,13.545419692993164,60058,31,1
1770253167.5222478,16_2,16,das_work,13.652559041976929,60058,32,1
1770253167.5882192,17_2,17,das_work,13.4243266582489,60058,32,1
1770253182.4353883,16_2,16,das_work,14.241191625595093,60058,33,1
1770253182.4356406,17_2,17,das_work,13.816869974136353,60058,33,1
1770253197.243736,17_2,17,das_work,13.108144283294678,60058,34,1
1770253197.2490366,16_2,16,das_work,13.59387755393982,60058,34,1
1770253211.9742403,17_2,17,das_work,13.49617052078247,60058,35,1
1770253212.0358186,16_2,16,das_work,14.271048307418823,60058,35,1
1770253226.8259752,16_2,16,das_work,13.513807535171509,60058,36,1
1770253226.8864636,17_2,17,das_work,13.36726450920105,60058,36,1
1770253241.593142,16_2,16,das_work,12.853597640991213,60058,37,1
1770253241.596003,17_2,17,das_work,14.152897119522097,60058,37,1
1770253256.443638,16_2,16,das_work,13.06185746192932,60058,38,1
1770253256.446511,17_2,17,das_work,13.17012882232666,60058,38,1
1770253271.0888278,17_2,17,das_work,13.585536479949951,60058,39,1
1770253271.114813,16_3,16,das_work,13.20746898651123,60058,39,1
1770253285.9407363,17_3,17,das_work,14.08553695678711,60058,40,1
1770253285.9686136,16_3,16,das_work,14.12287974357605,60058,40,1
1770253300.6385946,16_3,16,das_work,12.91304087638855,60058,41,1
1770253300.6708157,17_3,17,das_work,13.68908977508545,60058,41,1
1770253315.3771503,16_3,16,das_work,14.134093523025513,60058,42,1
1770253315.405354,17_3,17,das_work,13.452816009521484,60058,42,1
1770253330.0664887,16_3,16,das_work,13.04948115348816,60058,43,1
1770253330.1160588,17_3,17,das_work,13.836100101470947,60058,43,1
1770253344.9510446,17_3,17,das_work,13.395631074905396,60058,44,1
1770253344.9594696,16_3,16,das_work,13.952219486236572,60058,44,1
1770253359.688021,16_3,16,das_work,13.259161233901978,60058,45,1
1770253359.690215,17_3,17,das_work,13.170754671096802,60058,45,1
1770253374.5770252,16_3,16,das_work,13.730186462402344,60058,46,1
1770253374.6373446,17_3,17,das_work,13.762240409851074,60058,46,1
1770253389.3344746,17_3,17,das_work,13.068172693252563,60058,47,1
1770253389.338934,16_3,16,das_work,13.525894403457642,60058,47,1
1770253404.054782,16_3,16,das_work,14.03553557395935,60058,48,1
1770253404.054979,17_3,17,das_work,13.526374578475952,60058,48,1
1770253418.9126754,16_4,16,das_work,14.271664142608644,60058,49,1
1770253418.9129434,17_3,17,das_work,14.286851406097412,60058,49,1
1770253433.6262605,17_4,17,das_work,13.103951692581177,60058,50,1
1770253433.6288657,16_4,16,das_work,13.952338933944702,60058,50,1
1770253448.6229317,16_4,16,das_work,13.049126386642456,60058,51,1
1770253448.6267283,17_4,17,das_work,13.384620666503906,60058,51,1
1770253463.2869031,17_4,17,das_work,13.89388656616211,60058,52,1
1770253463.2877345,16_4,16,das_work,13.726035118103027,60058,52,1
1770253478.1100795,17_4,17,das_work,13.289237022399902,60058,53,1
1770253478.169232,16_4,16,das_work,13.621740579605104,60058,53,1
1770253492.851834,16_4,16,das_work,12.890897035598757,60058,54,1
1770253492.8521457,17_4,17,das_work,13.281484127044678,60058,54,1
1770253507.619892,17_4,17,das_work,13.301066875457764,60058,55,1
1770253507.6207411,16_4,16,das_work,13.449995517730711,60058,55,1
1770253522.3676467,16_4,16,das_work,13.611373662948608,60058,56,1
1770253522.420061,17_4,17,das_work,12.949316263198853,60058,56,1
1770253537.0810423,16_4,16,das_work,13.391577243804932,60058,57,1
1770253537.175434,17_4,17,das_work,14.03809142112732,60058,57,1
1770253551.489797,17_4,17,das_work,12.479432106018066,60058,58,1
1770253551.491443,16_4,16,das_work,12.468794822692873,60058,58,1
1770253565.5145886,17_4,17,das_work,13.078789234161375,60058,59,1
1770252833.702915,19_0,19,das_work,1.3413619995117188,60058,9,1
1770252846.669705,18_0,18,das_work,9.725234508514404,60058,10,1
1770252846.6700542,19_0,19,das_work,11.103572368621826,60058,10,1
1770252859.9821112,18_0,18,das_work,12.023277044296265,60058,11,1
1770252860.0128703,19_0,19,das_work,12.632376670837402,60058,11,1
1770252873.7853072,18_0,18,das_work,12.180441856384276,60058,12,1
1770252873.7855706,19_0,19,das_work,11.78208065032959,60058,12,1
1770252887.7915957,19_0,19,das_work,12.187583446502686,60058,13,1
1770252887.799343,18_0,18,das_work,13.404867172241213,60058,13,1
1770252902.4423585,18_0,18,das_work,13.191521644592283,60058,14,1
1770252902.4436333,19_0,19,das_work,13.41460371017456,60058,14,1
1770252917.3620374,19_0,19,das_work,13.124852895736694,60058,15,1
1770252917.4191625,18_0,18,das_work,13.255429983139038,60058,15,1
1770252931.9970484,18_0,18,das_work,13.80488896369934,60058,16,1
1770252931.997291,19_0,19,das_work,13.348506689071655,60058,16,1
1770252946.7068713,18_0,18,das_work,12.790480613708496,60058,17,1
1770252946.7071977,19_0,19,das_work,13.42748522758484,60058,17,1
1770252961.3089426,19_0,19,das_work,13.639139890670776,60058,18,1
1770252961.3126955,18_0,18,das_work,12.775155067443848,60058,18,1
1770252975.8074608,19_1,19,das_work,12.793930053710938,60058,19,1
1770252975.810559,18_0,18,das_work,13.032129526138306,60058,19,1
1770252990.3025396,18_1,18,das_work,13.804608821868896,60058,20,1
1770252990.3028562,19_1,19,das_work,12.84664273262024,60058,20,1
1770253004.8322463,19_1,19,das_work,12.54709815979004,60058,21,1
1770253004.8351052,18_1,18,das_work,13.708681106567385,60058,21,1
1770253019.4580214,19_1,19,das_work,13.019944190979004,60058,22,1
1770253019.4632485,18_1,18,das_work,13.476311206817629,60058,22,1
1770253034.232346,18_1,18,das_work,13.457930564880373,60058,23,1
1770253034.2495978,19_1,19,das_work,13.337501525878906,60058,23,1
1770253048.945909,18_1,18,das_work,13.145757675170898,60058,24,1
1770253049.0221255,19_1,19,das_work,13.954875707626345,60058,24,1
1770253063.892883,18_1,18,das_work,13.186416625976562,60058,25,1
1770253063.8977542,19_1,19,das_work,13.35433053970337,60058,25,1
1770253078.5303528,19_1,19,das_work,13.94864010810852,60058,26,1
1770253078.5517488,18_1,18,das_work,14.059065580368042,60058,26,1
1770253093.4948075,19_1,19,das_work,14.0719792842865,60058,27,1
1770253093.5115054,18_1,18,das_work,14.336143732070925,60058,27,1
1770253108.2737093,19_1,19,das_work,13.390849351882936,60058,28,1
1770253108.2739112,18_1,18,das_work,13.389539957046509,60058,28,1
1770253123.188988,18_1,18,das_work,13.788894414901732,60058,29,1
1770253123.2512643,19_2,19,das_work,13.56705355644226,60058,29,1
1770253138.0175855,18_2,18,das_work,13.08587408065796,60058,30,1
1770253138.018431,19_2,19,das_work,13.600336074829102,60058,30,1
1770253152.8124964,18_2,18,das_work,13.078341484069824,60058,31,1
1770253152.8357718,19_2,19,das_work,13.451536417007446,60058,31,1
1770253167.5444858,19_2,19,das_work,13.253925085067747,60058,32,1
1770253167.5878518,18_2,18,das_work,14.081267595291138,60058,32,1
1770253182.4605467,18_2,18,das_work,12.881343364715576,60058,33,1
1770253182.5250454,19_2,19,das_work,13.51023817062378,60058,33,1
1770253197.2683556,18_2,18,das_work,13.773468494415283,60058,34,1
1770253197.2685492,19_2,19,das_work,12.976453304290771,60058,34,1
1770253211.9740562,18_2,18,das_work,12.728974342346191,60058,35,1
1770253212.0354974,19_2,19,das_work,13.835229635238647,60058,35,1
1770253226.8269906,19_2,19,das_work,13.933399200439451,60058,36,1
1770253226.8273067,18_2,18,das_work,13.291065692901611,60058,36,1
1770253241.5989254,19_2,19,das_work,12.91301965713501,60058,37,1
1770253241.6014788,18_2,18,das_work,12.788572788238524,60058,37,1
1770253256.3807318,18_2,18,das_work,14.05968976020813,60058,38,1
1770253256.446957,19_2,19,das_work,13.816891193389893,60058,38,1
1770253271.1187904,19_3,19,das_work,12.767605781555176,60058,39,1
1770253271.1639853,18_2,18,das_work,13.011221170425417,60058,39,1
1770253285.9688344,18_3,18,das_work,13.034052848815918,60058,40,1
1770253285.9740632,19_3,19,das_work,13.782665252685549,60058,40,1
1770253300.638335,18_3,18,das_work,13.063072443008425,60058,41,1
1770253300.666482,19_3,19,das_work,13.756759643554688,60058,41,1
1770253315.4097674,19_3,19,das_work,13.782369136810305,60058,42,1
1770253315.4099743,18_3,18,das_work,13.872934341430664,60058,42,1
1770253330.0896533,18_3,18,das_work,12.886025667190552,60058,43,1
1770253330.1286356,19_3,19,das_work,13.375571966171265,60058,43,1
1770253344.8914514,19_3,19,das_work,14.137933254241943,60058,44,1
1770253344.9589794,18_3,18,das_work,14.209031105041504,60058,44,1
1770253359.6932688,18_3,18,das_work,13.180368423461914,60058,45,1
1770253359.6935372,19_3,19,das_work,14.14833116531372,60058,45,1
1770253374.6141531,18_3,18,das_work,13.847812175750732,60058,46,1
1770253374.6144545,19_3,19,das_work,14.196566104888916,60058,46,1
1770253389.3343382,19_3,19,das_work,12.932542085647585,60058,47,1
1770253389.3668823,18_3,18,das_work,13.370436429977415,60058,47,1
1770253404.0791757,19_3,19,das_work,13.792536973953249,60058,48,1
1770253404.079494,18_3,18,das_work,12.78758668899536,60058,48,1
1770253418.90529,19_4,19,das_work,14.322072982788086,60058,49,1
1770253418.9107456,18_3,18,das_work,13.775972604751589,60058,49,1
1770253433.621063,19_4,19,das_work,14.048558950424194,60058,50,1
1770253433.6274862,18_4,18,das_work,12.860798120498655,60058,50,1
1770253448.591827,18_4,18,das_work,13.404080152511597,60058,51,1
1770253448.625671,19_4,19,das_work,13.48044729232788,60058,51,1
1770253463.313042,18_4,18,das_work,13.913004398345947,60058,52,1
1770253463.3691025,19_4,19,das_work,13.445698976516724,60058,52,1
1770253478.106542,18_4,18,das_work,13.038302183151243,60058,53,1
1770253478.1339276,19_4,19,das_work,13.873070240020752,60058,53,1
1770253492.873767,18_4,18,das_work,13.475936889648438,60058,54,1
1770253492.8999226,19_4,19,das_work,12.788944244384766,60058,54,1
1770253507.6426558,19_4,19,das_work,12.945643186569214,60058,55,1
1770253507.7015746,18_4,18,das_work,13.463484525680542,60058,55,1
1770253522.367874,18_4,18,das_work,13.197744607925417,60058,56,1
1770253522.449568,19_4,19,das_work,13.025371789932253,60058,56,1
1770253537.130772,19_4,19,das_work,13.80293107032776,60058,57,1
1770253537.173129,18_4,18,das_work,13.954467058181764,60058,57,1
1770253551.490056,19_4,19,das_work,12.515010118484495,60058,58,1
1770253551.4957528,18_4,18,das_work,13.64677906036377,60058,58,1
1770253565.4248545,18_4,18,das_work,12.596747636795044,60058,59,1
