timestamp,journey_id,worker_id,tx_type,latency_s,gas_used,block_number,status
1771363590.866479,6_0,6,das_work,2.912001848220825,48258,7,1
1771363602.9038467,4_0,4,das_work,1.7730097770690918,48258,8,1
1771363602.9201007,7_0,7,das_work,0.5521397590637207,48258,8,1
1771363602.9589102,3_0,3,das_work,7.342820644378662,48258,8,1
1771363602.9592185,5_0,5,das_work,4.559749841690064,48258,8,1
1771363602.959515,0_0,0,das_work,2.7384963035583496,48258,8,1
1771363602.9597323,6_1,6,das_work,5.107513189315796,48258,8,1
1771363614.9022868,5_1,5,das_work,1.7979223728179932,48258,9,1
1771363614.904216,7_1,7,das_work,2.2155990600585938,48258,9,1
1771363614.91057,3_1,3,das_work,9.062995433807371,48258,9,1
1771363614.936883,1_0,1,das_work,11.36835241317749,48258,9,1
1771363614.9675796,0_1,0,das_work,5.513788938522339,48258,9,1
1771363614.9682093,6_2,6,das_work,8.174846172332764,48258,9,1
1771363614.968451,2_0,2,das_work,11.778721570968628,48258,9,1
1771363614.9695988,4_1,4,das_work,7.96659255027771,48258,9,1
1771363626.9391642,2_1,2,das_work,4.965128660202026,48258,10,1
1771363626.939896,5_2,5,das_work,2.709784984588623,48258,10,1
1771363626.944402,1_1,1,das_work,8.563194990158081,48258,10,1
1771363626.9465597,6_3,6,das_work,8.307994842529297,48258,10,1
1771363626.948209,4_2,4,das_work,1.820120096206665,48258,10,1
1771363626.94884,3_2,3,das_work,5.749583005905151,48258,10,1
1771363626.952027,0_2,0,das_work,5.2609617710113525,48258,10,1
1771363626.9654472,7_2,7,das_work,5.3539512157440186,48258,10,1
1771363638.9711003,1_2,1,das_work,6.555646896362305,48258,11,1
1771363638.9724803,6_4,6,das_work,6.3428027629852295,48258,11,1
1771363638.9775465,2_2,2,das_work,0.9545979499816896,48258,11,1
1771363638.978772,5_3,5,das_work,8.04847264289856,48258,11,1
1771363638.984148,0_3,0,das_work,8.248946189880371,48258,11,1
1771363638.9962647,4_3,4,das_work,6.287924766540527,48258,11,1
1771363639.0014727,3_3,3,das_work,6.0852649211883545,48258,11,1
1771363639.0062594,7_3,7,das_work,1.2236430644989014,48258,11,1
1771363651.0042048,4_4,4,das_work,7.538702964782715,48258,12,1
1771363651.00477,0_4,0,das_work,8.394232749938965,48258,12,1
1771363651.015238,1_3,1,das_work,2.4120051860809326,48258,12,1
1771363651.01598,2_3,2,das_work,6.910437345504761,48258,12,1
1771363651.016816,7_4,7,das_work,1.6870126724243164,48258,12,1
1771363651.032438,5_4,5,das_work,2.755727767944336,48258,12,1
1771363651.0445774,3_4,3,das_work,8.185921430587769,48258,12,1
1771363663.0224082,1_4,1,das_work,3.4614627361297607,48258,13,1
1771363663.0384142,2_4,2,das_work,2.8513388633728027,48258,13,1
1771363614.9034035,82_0,82,das_work,2.509521961212158,48258,9,1
1771363614.929395,81_0,81,das_work,8.097548007965088,48258,9,1
1771363614.935115,86_0,86,das_work,4.4248456954956055,48258,9,1
1771363626.9425428,85_0,85,das_work,8.361318111419678,48258,10,1
1771363626.9503431,86_1,86,das_work,8.993052959442139,48258,10,1
1771363626.9651935,83_0,83,das_work,7.062210559844971,48258,10,1
1771363626.9708428,80_0,80,das_work,3.788991689682007,48258,10,1
1771363626.9718575,87_0,87,das_work,5.947387218475342,48258,10,1
1771363626.972346,81_1,81,das_work,2.7848520278930664,48258,10,1
1771363626.9748335,82_1,82,das_work,8.549622535705566,48258,10,1
1771363638.969957,81_2,81,das_work,8.10643982887268,48258,11,1
1771363638.9754336,80_1,80,das_work,3.5897045135498047,48258,11,1
1771363638.9811482,86_2,86,das_work,5.392963647842407,48258,11,1
1771363638.9872184,87_1,87,das_work,7.059447526931763,48258,11,1
1771363638.988778,83_1,83,das_work,7.499898195266724,48258,11,1
1771363639.009002,82_2,82,das_work,8.668314933776855,48258,11,1
1771363639.0118792,85_1,85,das_work,2.0742428302764893,48258,11,1
1771363639.012359,84_0,84,das_work,10.446307897567747,48258,11,1
1771363651.0029898,82_3,82,das_work,5.429480314254761,48258,12,1
1771363651.017233,81_3,81,das_work,2.237462282180786,48258,12,1
1771363651.021896,87_2,87,das_work,5.967727422714233,48258,12,1
1771363651.032032,86_3,86,das_work,9.112561464309692,48258,12,1
1771363651.0327752,84_1,84,das_work,8.936161994934082,48258,12,1
1771363651.0333853,80_2,80,das_work,8.799881219863892,48258,12,1
1771363651.0338824,83_2,83,das_work,9.09696912765503,48258,12,1
1771363651.0354962,85_2,85,das_work,2.869738340377808,48258,12,1
1771363663.0364316,80_3,80,das_work,4.6303391456604,48258,13,1
1771363663.0482302,83_3,83,das_work,7.011408090591431,48258,13,1
1771363663.0488284,86_4,86,das_work,9.033467054367064,48258,13,1
1771363663.0499532,82_4,82,das_work,5.5509984493255615,48258,13,1
1771363663.0539982,81_4,81,das_work,7.586082935333252,48258,13,1
1771363663.0589845,85_3,85,das_work,3.80951189994812,48258,13,1
1771363663.068009,84_2,84,das_work,3.784488916397095,48258,13,1
1771363663.0704317,87_3,87,das_work,7.8753180503845215,48258,13,1
1771363675.0208642,80_4,80,das_work,1.3879003524780271,48258,14,1
1771363675.0291636,83_4,83,das_work,6.280434608459473,48258,14,1
1771363675.058742,84_3,84,das_work,2.4767770767211914,48258,14,1
1771363675.0664563,85_4,85,das_work,5.595248222351074,48258,14,1
1771363675.0810716,87_4,87,das_work,5.608585596084595,48258,14,1
1771363687.080191,84_4,84,das_work,4.725929260253906,48258,15,1
1771363614.9127512,90_0,90,das_work,3.5128469467163086,48258,9,1
1771363614.9468477,89_0,89,das_work,3.101897954940796,48258,9,1
1771363614.9473703,91_0,91,das_work,0.555466890335083,48258,9,1
1771363626.9515536,92_0,92,das_work,9.726783752441406,48258,10,1
1771363626.955898,95_0,95,das_work,4.712185382843018,48258,10,1
1771363626.956113,93_0,93,das_work,3.5202207565307617,48258,10,1
1771363626.956716,94_0,94,das_work,7.71829628944397,48258,10,1
1771363626.9584768,90_1,90,das_work,2.1596362590789795,48258,10,1
1771363626.9639037,89_1,89,das_work,1.541703701019287,48258,10,1
1771363626.9644022,91_1,91,das_work,2.46895170211792,48258,10,1
1771363638.971454,94_1,94,das_work,1.6458675861358645,48258,11,1
1771363638.9771674,90_2,90,das_work,1.982863187789917,48258,11,1
1771363638.9793353,92_1,92,das_work,4.802473545074463,48258,11,1
1771363638.9798286,89_2,89,das_work,4.723321199417114,48258,11,1
1771363638.9854507,95_1,95,das_work,2.4057862758636475,48258,11,1
1771363638.9874873,91_2,91,das_work,5.029101133346558,48258,11,1
1771363638.9881067,93_1,93,das_work,3.378023862838745,48258,11,1
1771363639.001637,88_0,88,das_work,10.60546875,48258,11,1
1771363651.0013351,95_2,95,das_work,4.575968265533447,48258,12,1
1771363651.001832,94_2,94,das_work,6.300261497497559,48258,12,1
1771363651.0070715,90_3,90,das_work,7.778881072998047,48258,12,1
1771363651.0162413,89_3,89,das_work,6.501510620117188,48258,12,1
1771363651.016781,91_3,91,das_work,6.690198659896851,48258,12,1
1771363651.0403314,92_2,92,das_work,0.990126132965088,48258,12,1
1771363651.043027,93_2,93,das_work,7.578015327453613,48258,12,1
1771363651.047196,88_1,88,das_work,6.57528829574585,48258,12,1
1771363663.0271573,93_3,93,das_work,7.0178611278533936,48258,13,1
1771363663.0283742,95_3,95,das_work,10.035541534423828,48258,13,1
1771363663.029173,90_4,90,das_work,4.694023847579956,48258,13,1
1771363663.0334415,88_2,88,das_work,7.27648401260376,48258,13,1
1771363663.033956,94_3,94,das_work,1.1927921772003174,48258,13,1
1771363663.0357783,89_4,89,das_work,4.606822729110718,48258,13,1
1771363663.041193,91_4,91,das_work,5.015133857727051,48258,13,1
1771363663.0636132,92_3,92,das_work,6.097602128982544,48258,13,1
1771363675.02183,95_4,95,das_work,4.721688985824585,48258,14,1
1771363675.0439806,93_4,93,das_work,3.0932462215423584,48258,14,1
1771363675.0515127,92_4,92,das_work,7.698735237121582,48258,14,1
1771363675.0535357,88_3,88,das_work,4.413149356842041,48258,14,1
1771363675.067568,94_4,94,das_work,4.333662509918213,48258,14,1
1771363687.0793512,88_4,88,das_work,9.787737607955933,48258,15,1
1771363614.9560206,102_0,102,das_work,0.4592840671539306,48258,9,1
1771363626.9493146,100_0,100,das_work,4.499288082122803,48258,10,1
1771363626.9512303,97_0,97,das_work,4.027708530426025,48258,10,1
1771363626.9561565,98_0,98,das_work,6.691707849502564,48258,10,1
1771363626.9584804,102_1,102,das_work,6.702875375747681,48258,10,1
1771363626.9620385,103_0,103,das_work,2.768247127532959,48258,10,1
1771363626.9621763,101_0,101,das_work,6.518922805786133,48258,10,1
1771363626.9635758,99_0,99,das_work,0.7720575332641602,48258,10,1
1771363638.971845,97_1,97,das_work,1.4203393459320068,48258,11,1
1771363638.9810553,102_2,102,das_work,4.7617480754852295,48258,11,1
1771363638.9816122,99_1,99,das_work,8.474266767501831,48258,11,1
1771363638.984822,100_1,100,das_work,8.51702356338501,48258,11,1
1771363638.987722,103_1,103,das_work,4.721503019332886,48258,11,1
1771363638.9951315,101_1,101,das_work,7.607816696166992,48258,11,1
1771363638.9999962,96_0,96,das_work,8.595378637313843,48258,11,1
1771363639.0053842,98_1,98,das_work,9.660187244415283,48258,11,1
1771363651.0130336,98_2,98,das_work,3.13044548034668,48258,12,1
1771363651.013599,102_3,102,das_work,9.581972360610962,48258,12,1
1771363651.02345,97_2,97,das_work,3.1159584522247314,48258,12,1
1771363651.0374725,99_2,99,das_work,3.982467889785767,48258,12,1
1771363651.0394127,101_2,101,das_work,9.30843186378479,48258,12,1
1771363651.0475402,96_1,96,das_work,3.10879898071289,48258,12,1
1771363651.048257,103_2,103,das_work,9.854678630828856,48258,12,1
1771363651.0490806,100_2,100,das_work,1.259436845779419,48258,12,1
1771363663.025164,100_3,100,das_work,3.026771068572998,48258,13,1
1771363663.0259554,103_3,103,das_work,8.040294647216797,48258,13,1
1771363663.030873,96_2,96,das_work,0.465813398361206,48258,13,1
1771363663.0348709,102_4,102,das_work,5.530632257461548,48258,13,1
1771363663.0443084,97_3,97,das_work,6.844977140426636,48258,13,1
1771363663.05496,99_3,99,das_work,9.153534650802612,48258,13,1
1771363663.0671213,98_3,98,das_work,1.3891680240631104,48258,13,1
1771363663.0737035,101_3,101,das_work,5.080681800842285,48258,13,1
1771363675.0290778,101_4,101,das_work,8.344102382659912,48258,14,1
1771363675.0302572,100_4,100,das_work,3.845545768737793,48258,14,1
1771363675.0352745,99_4,99,das_work,7.953409910202026,48258,14,1
1771363675.0390189,97_4,97,das_work,1.5783405303955078,48258,14,1
1771363675.0434856,96_3,96,das_work,6.004269599914551,48258,14,1
1771363675.0553913,103_4,103,das_work,6.558542490005493,48258,14,1
1771363675.0588508,98_4,98,das_work,5.566136837005615,48258,14,1
1771363687.0716305,96_4,96,das_work,7.071533918380737,48258,15,1
1771363614.9121282,107_0,107,das_work,0.8680477142333984,48258,9,1
1771363626.947443,106_0,106,das_work,0.4609346389770508,48258,10,1
1771363626.9488044,108_0,108,das_work,1.0328302383422852,48258,10,1
1771363626.95261,105_0,105,das_work,7.776143550872803,48258,10,1
1771363626.9593666,110_0,110,das_work,0.2657246589660644,48258,10,1
1771363626.9598246,111_0,111,das_work,5.812814235687256,48258,10,1
1771363626.9599726,107_1,107,das_work,7.084981203079224,48258,10,1
1771363626.97482,109_0,109,das_work,1.987637042999268,48258,10,1
1771363638.972036,107_2,107,das_work,6.319974660873413,48258,11,1
1771363638.9807522,110_1,110,das_work,4.816781520843506,48258,11,1
1771363638.9858088,104_0,104,das_work,10.438592433929443,48258,11,1
1771363638.9923575,111_1,111,das_work,3.351004838943481,48258,11,1
1771363638.9955156,106_1,106,das_work,5.3157994747161865,48258,11,1
1771363638.996008,109_1,109,das_work,7.837121725082397,48258,11,1
1771363638.997975,108_1,108,das_work,1.9517648220062256,48258,11,1
1771363639.0052254,105_1,105,das_work,7.4505250453948975,48258,11,1
1771363651.0070205,104_1,104,das_work,1.2634072303771973,48258,12,1
1771363651.0075276,111_2,111,das_work,8.27301836013794,48258,12,1
1771363651.011729,105_2,105,das_work,0.7153587341308594,48258,12,1
1771363651.0268788,108_2,108,das_work,8.60635757446289,48258,12,1
1771363651.0284643,109_2,109,das_work,8.339513301849365,48258,12,1
1771363651.0342946,106_2,106,das_work,4.07368016242981,48258,12,1
1771363651.0423195,110_2,110,das_work,9.29378867149353,48258,12,1
1771363651.0428936,107_3,107,das_work,0.8619873523712158,48258,12,1
1771363663.0201905,107_4,107,das_work,0.6189491748809814,48258,13,1
1771363663.02077,110_3,110,das_work,1.4059653282165527,48258,13,1
1771363663.030515,109_3,109,das_work,7.248025894165039,48258,13,1
1771363663.0476165,105_3,105,das_work,5.58800482749939,48258,13,1
1771363663.05209,108_3,108,das_work,7.245225191116333,48258,13,1
1771363663.0682986,111_3,111,das_work,3.3552818298339844,48258,13,1
1771363663.0715976,104_2,104,das_work,4.048206090927124,48258,13,1
1771363663.0721498,106_3,106,das_work,10.374786376953123,48258,13,1
1771363675.0232637,106_4,106,das_work,6.803996562957764,48258,14,1
1771363675.0336328,105_4,105,das_work,1.3096683025360107,48258,14,1
1771363675.0445948,109_4,109,das_work,8.004284858703613,48258,14,1
1771363675.0451393,108_4,108,das_work,4.98798942565918,48258,14,1
1771363675.059194,110_4,110,das_work,5.119237184524536,48258,14,1
1771363675.0649712,104_3,104,das_work,2.560582399368286,48258,14,1
1771363675.081525,111_4,111,das_work,8.136801719665527,48258,14,1
1771363687.0769432,104_4,104,das_work,5.698920249938965,48258,15,1
1771363626.9417102,117_0,117,das_work,0.7844724655151367,48258,10,1
1771363626.942659,113_0,113,das_work,7.027283668518066,48258,10,1
1771363626.9438562,112_0,112,das_work,8.855251789093018,48258,10,1
1771363626.949898,119_0,119,das_work,2.4505205154418945,48258,10,1
1771363626.962775,116_0,116,das_work,2.8317036628723145,48258,10,1
1771363626.9689708,115_0,115,das_work,6.989185094833374,48258,10,1
1771363638.9752357,112_1,112,das_work,2.6101558208465576,48258,11,1
1771363638.9820375,118_0,118,das_work,6.287730932235718,48258,11,1
1771363638.988613,113_1,113,das_work,4.792194604873657,48258,11,1
1771363638.99091,116_1,116,das_work,4.60176157951355,48258,11,1
1771363638.9934306,115_1,115,das_work,8.213498592376709,48258,11,1
1771363638.9964125,117_1,117,das_work,9.43795394897461,48258,11,1
1771363639.002875,119_1,119,das_work,8.981199264526367,48258,11,1
1771363639.008815,114_0,114,das_work,9.304797887802124,48258,11,1
1771363651.0028312,119_2,119,das_work,7.417616128921509,48258,12,1
1771363651.008475,118_1,118,das_work,6.696652412414551,48258,12,1
1771363651.0194235,116_2,116,das_work,2.6066935062408447,48258,12,1
1771363651.020896,113_2,113,das_work,3.852149963378906,48258,12,1
1771363651.032898,117_2,117,das_work,6.315789461135864,48258,12,1
1771363651.0368536,114_1,114,das_work,3.379711866378784,48258,12,1
1771363651.038587,115_2,115,das_work,1.321147918701172,48258,12,1
1771363651.039158,112_2,112,das_work,4.078935146331787,48258,12,1
1771363663.0199397,112_3,112,das_work,5.110301733016968,48258,13,1
1771363663.021922,118_2,118,das_work,1.9136035442352293,48258,13,1
1771363663.0286686,114_2,114,das_work,3.2434120178222656,48258,13,1
1771363663.0293827,115_3,115,das_work,1.4705464839935305,48258,13,1
1771363663.0339167,116_3,116,das_work,2.3750600814819336,48258,13,1
1771363663.039189,113_3,113,das_work,6.647517681121826,48258,13,1
1771363663.0421033,117_3,117,das_work,9.713340997695925,48258,13,1
1771363663.0665858,119_3,119,das_work,8.288016319274902,48258,13,1
1771363675.0252914,119_4,119,das_work,5.1628594398498535,48258,14,1
1771363675.03317,117_4,117,das_work,0.639514684677124,48258,14,1
1771363675.0480118,116_4,116,das_work,9.78628706932068,48258,14,1
1771363675.0521498,113_4,113,das_work,4.974608898162842,48258,14,1
1771363675.0616488,118_3,118,das_work,3.193835735321045,48258,14,1
1771363675.0626628,115_4,115,das_work,3.080937147140503,48258,14,1
1771363675.0687554,112_4,112,das_work,6.408181190490723,48258,14,1
1771363675.0699096,114_3,114,das_work,7.825033187866211,48258,14,1
1771363687.0435786,118_4,118,das_work,9.998332023620604,48258,15,1
1771363687.0704625,114_4,114,das_work,2.297798156738281,48258,15,1
1771363626.9475074,120_0,120,das_work,0.7898857593536377,48258,10,1
1771363626.9533887,121_0,121,das_work,1.8927125930786133,48258,10,1
1771363626.9687998,124_0,124,das_work,3.737439632415772,48258,10,1
1771363626.971076,127_0,127,das_work,1.2741577625274658,48258,10,1
1771363638.9706688,124_1,124,das_work,7.998348951339722,48258,11,1
1771363638.9826484,123_0,123,das_work,11.932544231414797,48258,11,1
1771363638.9869478,121_1,121,das_work,2.424249649047852,48258,11,1
1771363638.9979055,126_0,126,das_work,11.935146808624268,48258,11,1
1771363639.0020769,127_1,127,das_work,3.1949384212493896,48258,11,1
1771363639.0037937,120_1,120,das_work,8.740558385848999,48258,11,1
1771363639.0082643,125_0,125,das_work,8.349520921707153,48258,11,1
1771363639.00907,122_0,122,das_work,6.77694845199585,48258,11,1
1771363651.0048523,124_2,124,das_work,1.4206912517547607,48258,12,1
1771363651.0064688,122_1,122,das_work,1.701138257980347,48258,12,1
1771363651.010599,125_1,125,das_work,0.6055901050567627,48258,12,1
1771363651.018978,123_1,123,das_work,2.909956693649292,48258,12,1
1771363651.019594,120_2,120,das_work,8.111170530319214,48258,12,1
1771363651.0278628,127_2,127,das_work,2.1132490634918213,48258,12,1
1771363651.0361412,126_1,126,das_work,1.0125112533569336,48258,12,1
1771363651.0456576,121_2,121,das_work,9.66461443901062,48258,12,1
1771363663.0204234,127_3,127,das_work,6.556021928787232,48258,13,1
1771363663.0288882,124_3,124,das_work,2.0295965671539307,48258,13,1
1771363663.0319223,125_2,125,das_work,4.825266599655151,48258,13,1
1771363663.03702,121_3,121,das_work,4.212810039520264,48258,13,1
1771363663.0614665,126_2,126,das_work,2.4832446575164795,48258,13,1
1771363663.06892,120_3,120,das_work,7.541257858276367,48258,13,1
1771363663.070084,122_2,122,das_work,1.4040892124176023,48258,13,1
1771363663.072962,123_2,123,das_work,7.428757190704346,48258,13,1
1771363675.0208578,122_3,122,das_work,9.004405736923218,48258,14,1
1771363675.0225632,123_3,123,das_work,2.404710054397583,48258,14,1
1771363675.027937,125_3,125,das_work,4.646022796630859,48258,14,1
1771363675.034204,121_4,121,das_work,8.72153639793396,48258,14,1
1771363675.0367742,127_4,127,das_work,7.978341341018677,48258,14,1
1771363675.0374434,126_3,126,das_work,4.009575605392456,48258,14,1
1771363675.0379488,124_4,124,das_work,5.791257619857788,48258,14,1
1771363675.046681,120_4,120,das_work,1.4533205032348633,48258,14,1
1771363687.0397768,125_4,125,das_work,3.249993801116944,48258,15,1
1771363687.0439627,122_4,122,das_work,6.752477169036865,48258,15,1
1771363687.0567222,123_4,123,das_work,5.904375076293945,48258,15,1
1771363687.0603857,126_4,126,das_work,6.77798056602478,48258,15,1
1771363626.9399464,129_0,129,das_work,0.7158224582672119,48258,10,1
1771363638.977529,130_0,130,das_work,3.6293833255767822,48258,11,1
1771363638.985051,132_0,132,das_work,7.363281726837158,48258,11,1
1771363638.9915547,133_0,133,das_work,11.384420156478882,48258,11,1
1771363638.9931111,128_0,128,das_work,2.0241358280181885,48258,11,1
1771363638.9951158,134_0,134,das_work,11.240182876586914,48258,11,1
1771363639.0068986,131_0,131,das_work,8.316928386688232,48258,11,1
1771363639.009584,135_0,135,das_work,6.353876829147339,48258,11,1
1771363639.0103617,129_1,129,das_work,7.523167848587036,48258,11,1
1771363651.0030034,129_2,129,das_work,7.837522506713867,48258,12,1
1771363651.012344,135_1,135,das_work,8.61478877067566,48258,12,1
1771363651.0154452,132_1,132,das_work,2.5394186973571777,48258,12,1
1771363651.0211537,134_1,134,das_work,7.816715240478516,48258,12,1
1771363651.0238636,130_1,130,das_work,4.208261251449585,48258,12,1
1771363651.0332644,133_1,133,das_work,7.582770347595215,48258,12,1
1771363651.036632,128_1,128,das_work,5.658748626708984,48258,12,1
1771363651.0447826,131_1,131,das_work,8.875331163406372,48258,12,1
1771363663.033056,132_2,132,das_work,1.308729648590088,48258,13,1
1771363663.0523484,134_2,134,das_work,5.641836166381836,48258,13,1
1771363663.056198,129_3,129,das_work,7.889898061752319,48258,13,1
1771363663.0578537,133_2,133,das_work,2.6604011058807373,48258,13,1
1771363663.064518,130_2,130,das_work,7.231414794921875,48258,13,1
1771363663.066932,135_2,135,das_work,10.081769466400146,48258,13,1
1771363663.0720704,128_2,128,das_work,8.800552606582642,48258,13,1
1771363663.0737567,131_2,131,das_work,10.006025075912476,48258,13,1
1771363675.0268018,134_3,134,das_work,6.571904420852661,48258,14,1
1771363675.02823,133_3,133,das_work,7.827981472015381,48258,14,1
1771363675.0306263,132_3,132,das_work,1.3904125690460205,48258,14,1
1771363675.0438118,131_3,131,das_work,7.516155481338501,48258,14,1
1771363675.048424,128_3,128,das_work,6.557626008987427,48258,14,1
1771363675.0525243,129_4,129,das_work,0.7808895111083984,48258,14,1
1771363675.0549655,135_3,135,das_work,8.723035097122192,48258,14,1
1771363675.0636702,130_3,130,das_work,6.032099962234497,48258,14,1
1771363687.0421596,134_4,134,das_work,4.249891042709351,48258,15,1
1771363687.050474,132_4,132,das_work,4.074934244155884,48258,15,1
1771363687.0611763,128_4,128,das_work,4.724901914596558,48258,15,1
1771363687.064798,133_4,133,das_work,6.318655967712402,48258,15,1
1771363687.0656018,135_4,135,das_work,5.155351161956787,48258,15,1
1771363687.0779717,131_4,131,das_work,10.093157529830933,48258,15,1
1771363687.0829024,130_4,130,das_work,6.546210050582886,48258,15,1
1771363626.9462512,139_0,139,das_work,0.3957102298736572,48258,10,1
1771363626.9704237,137_0,137,das_work,5.470433235168457,48258,10,1
1771363638.9756827,140_0,140,das_work,3.0131001472473145,48258,11,1
1771363638.99199,138_0,138,das_work,3.323849439620972,48258,11,1
1771363638.9982274,143_0,143,das_work,9.149752855300903,48258,11,1
1771363639.000537,142_0,142,das_work,2.786863327026367,48258,11,1
1771363639.001829,141_0,141,das_work,6.760314464569092,48258,11,1
1771363639.0099597,137_1,137,das_work,3.603788137435913,48258,11,1
1771363639.011554,139_1,139,das_work,6.708113431930542,48258,11,1
1771363651.005474,138_1,138,das_work,2.378289222717285,48258,12,1
1771363651.00762,139_2,139,das_work,8.331999063491821,48258,12,1
1771363651.0089326,140_1,140,das_work,7.844841241836548,48258,12,1
1771363651.0136876,137_2,137,das_work,4.685877561569214,48258,12,1
1771363651.0296924,141_1,141,das_work,8.021533966064453,48258,12,1
1771363651.035414,136_0,136,das_work,11.760470628738403,48258,12,1
1771363651.045905,143_1,143,das_work,8.399866104125977,48258,12,1
1771363651.0526006,142_1,142,das_work,6.370076656341553,48258,12,1
1771363663.023965,139_3,139,das_work,3.048065662384033,48258,13,1
1771363663.029133,143_2,143,das_work,3.820191383361816,48258,13,1
1771363663.040913,142_2,142,das_work,3.5385844707489014,48258,13,1
1771363663.0543587,140_2,140,das_work,1.966040134429932,48258,13,1
1771363663.0557566,138_2,138,das_work,1.4254660606384275,48258,13,1
1771363663.0568075,136_1,136,das_work,9.185595512390137,48258,13,1
1771363663.0586762,137_3,137,das_work,3.559985876083374,48258,13,1
1771363663.0713353,141_2,141,das_work,3.141284227371216,48258,13,1
1771363675.020898,143_3,143,das_work,5.455332517623901,48258,14,1
1771363675.02478,137_4,137,das_work,4.747097492218018,48258,14,1
1771363675.0260885,138_3,138,das_work,2.2526297569274902,48258,14,1
1771363675.0347526,141_3,141,das_work,2.517592668533325,48258,14,1
1771363675.0446916,142_3,142,das_work,3.1541588306427,48258,14,1
1771363675.0527492,136_2,136,das_work,3.571315050125122,48258,14,1
1771363675.057333,140_3,140,das_work,6.347508192062378,48258,14,1
1771363675.078215,139_4,139,das_work,8.322133541107178,48258,14,1
1771363687.0308611,142_4,142,das_work,5.4835524559021,48258,15,1
1771363687.0345714,140_4,140,das_work,3.5114214420318604,48258,15,1
1771363687.0365355,141_4,141,das_work,8.40642786026001,48258,15,1
1771363687.045894,138_4,138,das_work,6.924234628677368,48258,15,1
1771363687.0464404,136_3,136,das_work,2.434814214706421,48258,15,1
1771363687.0570543,143_4,143,das_work,2.2067441940307617,48258,15,1
1771363699.003867,136_4,136,das_work,8.000261068344116,48258,16,1
1771363626.9523466,149_0,149,das_work,0.2115359306335449,48258,10,1
1771363638.9728172,150_0,150,das_work,4.301098823547363,48258,11,1
1771363638.9789393,147_0,147,das_work,5.859930038452148,48258,11,1
1771363638.9948516,145_0,145,das_work,5.946674823760986,48258,11,1
1771363639.0059412,146_0,146,das_work,2.8712310791015625,48258,11,1
1771363639.0065708,144_0,144,das_work,2.8104915618896484,48258,11,1
1771363639.0102444,149_1,149,das_work,2.266964197158813,48258,11,1
1771363639.0107858,148_0,148,das_work,2.582731246948242,48258,11,1
1771363651.0034494,146_1,146,das_work,9.326295614242554,48258,12,1
1771363651.0039425,151_0,151,das_work,7.284849643707275,48258,12,1
1771363651.0115995,150_1,150,das_work,9.232779026031494,48258,12,1
1771363651.0142338,149_2,149,das_work,0.7108860015869141,48258,12,1
1771363651.0228505,144_1,144,das_work,8.162429571151733,48258,12,1
1771363651.025741,145_1,145,das_work,6.673477649688721,48258,12,1
1771363651.0418234,148_1,148,das_work,3.293084144592285,48258,12,1
1771363651.0535693,147_1,147,das_work,8.561891078948975,48258,12,1
1771363663.0242486,147_2,147,das_work,3.455308675765991,48258,13,1
1771363663.0278382,144_2,144,das_work,9.20495057106018,48258,13,1
1771363663.043054,149_3,149,das_work,6.155025005340576,48258,13,1
1771363663.04639,146_2,146,das_work,4.194979429244995,48258,13,1
1771363663.0469463,151_1,151,das_work,3.080596446990967,48258,13,1
1771363663.050568,148_2,148,das_work,8.467582702636719,48258,13,1
1771363663.051073,145_2,145,das_work,9.552852392196655,48258,13,1
1771363663.0535066,150_2,150,das_work,6.32937479019165,48258,13,1
1771363675.023054,150_3,150,das_work,4.132775068283081,48258,14,1
1771363675.0317628,151_2,151,das_work,0.8168821334838867,48258,14,1
1771363675.0402763,148_3,148,das_work,6.163326978683472,48258,14,1
1771363675.041145,149_4,149,das_work,5.932724952697754,48258,14,1
1771363675.042442,145_3,145,das_work,6.85433030128479,48258,14,1
1771363675.0656347,144_3,144,das_work,8.585691928863525,48258,14,1
1771363675.0661683,146_3,146,das_work,5.494437456130981,48258,14,1
1771363675.0703988,147_3,147,das_work,5.420329332351685,48258,14,1
1771363687.0315304,151_3,151,das_work,7.1273579597473145,48258,15,1
1771363687.032724,146_4,146,das_work,6.342954158782959,48258,15,1
1771363687.0408292,144_4,144,das_work,6.823422193527222,48258,15,1
1771363687.0489223,148_4,148,das_work,1.2725749015808103,48258,15,1
1771363687.0495138,147_4,147,das_work,6.228176832199097,48258,15,1
1771363687.0522282,150_4,150,das_work,8.719287395477295,48258,15,1
1771363687.0692468,145_4,145,das_work,10.074796199798584,48258,15,1
1771363699.0197587,151_4,151,das_work,6.094610691070557,48258,16,1
1771363626.945832,154_0,154,das_work,0.9797828197479248,48258,10,1
1771363638.9736955,154_1,154,das_work,1.7755634784698486,48258,11,1
1771363638.9785535,156_0,156,das_work,11.192275285720823,48258,11,1
1771363639.003188,158_0,158,das_work,1.93942666053772,48258,11,1
1771363639.0060084,152_0,152,das_work,1.4320721626281738,48258,11,1
1771363639.0099132,155_0,155,das_work,3.0747907161712646,48258,11,1
1771363651.03683,152_1,152,das_work,5.929224491119385,48258,12,1
1771363651.0396595,155_1,155,das_work,1.4112555980682373,48258,12,1
1771363651.041827,157_0,157,das_work,6.577574729919434,48258,12,1
1771363651.0441012,156_1,156,das_work,4.408237218856812,48258,12,1
1771363651.049452,153_0,153,das_work,7.056037902832031,48258,12,1
1771363651.0501378,158_1,158,das_work,2.7332863807678223,48258,12,1
1771363651.0531127,159_0,159,das_work,8.608279943466187,48258,12,1
1771363651.0550125,154_2,154,das_work,5.538026571273804,48258,12,1
1771363663.02739,153_1,153,das_work,5.822206497192383,48258,13,1
1771363663.0441318,157_1,157,das_work,4.096193075180054,48258,13,1
1771363663.0449493,155_2,155,das_work,2.8830156326293945,48258,13,1
1771363663.0598457,156_2,156,das_work,6.562085151672363,48258,13,1
1771363663.0606005,159_1,159,das_work,3.759341239929199,48258,13,1
1771363663.0618222,158_2,158,das_work,4.271092891693115,48258,13,1
1771363663.0734065,152_2,152,das_work,5.690269947052002,48258,13,1
1771363663.0748549,154_3,154,das_work,4.076502799987793,48258,13,1
1771363675.0286503,158_3,158,das_work,8.888744354248047,48258,14,1
1771363675.0328038,155_3,155,das_work,8.478938579559326,48258,14,1
1771363675.0349834,153_2,153,das_work,0.5270006656646729,48258,14,1
1771363675.0390344,156_3,156,das_work,6.900498390197754,48258,14,1
1771363675.0397725,157_2,157,das_work,3.796345472335816,48258,14,1
1771363675.0405056,154_4,154,das_work,9.358782291412354,48258,14,1
1771363675.0410311,159_2,159,das_work,3.975271701812744,48258,14,1
1771363675.056268,152_3,152,das_work,8.832913160324097,48258,14,1
1771363687.0451398,156_4,156,das_work,1.9573516845703125,48258,15,1
1771363687.0560591,159_3,159,das_work,6.827228546142578,48258,15,1
1771363687.073768,158_4,158,das_work,6.604437589645386,48258,15,1
1771363687.074057,152_4,152,das_work,0.7336091995239258,48258,15,1
1771363687.0770493,153_3,153,das_work,3.555863618850708,48258,15,1
1771363687.0806313,155_4,155,das_work,6.793256521224976,48258,15,1
1771363687.0874534,157_3,157,das_work,1.4553828239440918,48258,15,1
1771363699.0324185,159_4,159,das_work,3.0485310554504395,48258,16,1
1771363699.0450888,157_4,157,das_work,3.311990261077881,48258,16,1
1771363699.0468926,153_4,153,das_work,7.908509016036987,48258,16,1
1771363602.9190884,9_0,9,das_work,6.828251361846924,48258,8,1
1771363602.9344108,10_0,10,das_work,5.284092903137207,48258,8,1
1771363602.9586911,13_0,13,das_work,5.178516387939453,48258,8,1
1771363602.9589431,12_0,12,das_work,10.060089588165283,48258,8,1
1771363602.9591749,8_0,8,das_work,2.5126044750213623,48258,8,1
1771363614.9032464,11_0,11,das_work,8.960242509841919,48258,9,1
1771363614.904735,8_1,8,das_work,6.941620826721191,48258,9,1
1771363614.905434,13_1,13,das_work,3.977916717529297,48258,9,1
1771363614.9060953,15_0,15,das_work,6.87664270401001,48258,9,1
1771363614.906598,12_1,12,das_work,9.28248381614685,48258,9,1
1771363614.9073622,10_1,10,das_work,9.613438844680786,48258,9,1
1771363614.9444294,9_1,9,das_work,6.61775279045105,48258,9,1
1771363614.955897,14_0,14,das_work,11.7179274559021,48258,9,1
1771363626.9472864,14_1,14,das_work,4.56251859664917,48258,10,1
1771363626.949997,12_2,12,das_work,3.977527141571045,48258,10,1
1771363626.9543457,8_2,8,das_work,8.701942920684814,48258,10,1
1771363626.956167,9_2,9,das_work,6.031780481338501,48258,10,1
1771363626.958906,15_1,15,das_work,8.49785304069519,48258,10,1
1771363626.9746535,10_2,10,das_work,2.947100877761841,48258,10,1
1771363626.9747949,13_2,13,das_work,3.658041000366211,48258,10,1
1771363626.9749048,11_1,11,das_work,7.936161279678345,48258,10,1
1771363638.9749415,10_3,10,das_work,7.265318393707275,48258,11,1
1771363638.9777248,8_3,8,das_work,5.544764518737793,48258,11,1
1771363638.980406,12_3,12,das_work,1.9874534606933596,48258,11,1
1771363638.9844592,13_3,13,das_work,1.1136083602905271,48258,11,1
1771363638.986621,14_2,14,das_work,2.053076982498169,48258,11,1
1771363638.9937048,9_3,9,das_work,3.966228485107422,48258,11,1
1771363638.9959476,11_2,11,das_work,8.813897848129272,48258,11,1
1771363639.0034552,15_2,15,das_work,5.346545696258545,48258,11,1
1771363651.005632,14_3,14,das_work,1.2668111324310305,48258,12,1
1771363651.0063624,9_4,9,das_work,2.027109146118164,48258,12,1
1771363651.0068693,13_4,13,das_work,9.578591346740724,48258,12,1
1771363651.0119967,8_4,8,das_work,9.042330741882324,48258,12,1
1771363651.018221,12_4,12,das_work,0.4652462005615234,48258,12,1
1771363651.0203362,10_4,10,das_work,5.201431751251221,48258,12,1
1771363651.0351338,11_3,11,das_work,8.691929578781128,48258,12,1
1771363651.047631,15_3,15,das_work,8.29364800453186,48258,12,1
1771363663.0256732,14_4,14,das_work,7.530673027038574,48258,13,1
1771363663.0470674,11_4,11,das_work,4.002339839935303,48258,13,1
1771363663.0491388,15_4,15,das_work,7.615701198577881,48258,13,1
1771363638.9756715,160_0,160,das_work,3.923685312271118,48258,11,1
1771363638.9866593,165_0,165,das_work,0.7693192958831787,48258,11,1
1771363638.98921,162_0,162,das_work,4.220597743988037,48258,11,1
1771363639.0008004,167_0,167,das_work,0.4570658206939697,48258,11,1
1771363639.0026772,161_0,161,das_work,10.452409267425535,48258,11,1
1771363651.0082486,161_1,161,das_work,6.409510135650635,48258,12,1
1771363651.0237906,165_1,165,das_work,1.0819339752197266,48258,12,1
1771363651.024679,166_0,166,das_work,2.5391831398010254,48258,12,1
1771363651.0317965,162_1,162,das_work,7.961861133575439,48258,12,1
1771363651.0499606,160_1,160,das_work,8.29483413696289,48258,12,1
1771363651.0520344,163_0,163,das_work,3.759565591812134,48258,12,1
1771363651.0574331,164_0,164,das_work,5.088341474533081,48258,12,1
1771363651.0579703,167_1,167,das_work,8.610459327697754,48258,12,1
1771363663.0346315,161_2,161,das_work,5.632640600204468,48258,13,1
1771363663.038746,164_1,164,das_work,6.2583909034729,48258,13,1
1771363663.046026,166_1,166,das_work,7.896459341049194,48258,13,1
1771363663.0466297,167_2,167,das_work,0.9663090705871582,48258,13,1
1771363663.0503824,162_2,162,das_work,1.2812001705169678,48258,13,1
1771363663.0580158,165_2,165,das_work,7.292380094528198,48258,13,1
1771363663.06671,160_2,160,das_work,10.275542736053469,48258,13,1
1771363663.069207,163_1,163,das_work,8.443477153778076,48258,13,1
1771363675.0264275,160_3,160,das_work,1.2496886253356934,48258,14,1
1771363675.0570488,163_2,163,das_work,7.991668462753296,48258,14,1
1771363675.0583632,165_3,165,das_work,7.255095720291138,48258,14,1
1771363675.0586584,161_3,161,das_work,6.82424259185791,48258,14,1
1771363675.0588078,164_2,164,das_work,7.259759902954102,48258,14,1
1771363675.0589285,162_3,162,das_work,8.810499906539917,48258,14,1
1771363675.0702715,166_2,166,das_work,5.027664422988892,48258,14,1
1771363675.076851,167_3,167,das_work,1.42084002494812,48258,14,1
1771363687.031746,165_4,165,das_work,4.380079746246338,48258,15,1
1771363687.0514474,164_3,164,das_work,3.439955234527588,48258,15,1
1771363687.0528035,160_4,160,das_work,7.096230983734131,48258,15,1
1771363687.055479,166_3,166,das_work,7.723156452178955,48258,15,1
1771363687.0582733,162_4,162,das_work,5.4323577880859375,48258,15,1
1771363687.058975,161_4,161,das_work,9.997076272964478,48258,15,1
1771363687.0750165,167_4,167,das_work,3.7784323692321777,48258,15,1
1771363687.0803752,163_3,163,das_work,2.27820372581482,48258,15,1
1771363699.0108194,163_4,163,das_work,5.193450689315796,48258,16,1
1771363699.0217438,164_4,164,das_work,7.90155816078186,48258,16,1
1771363699.051247,166_4,166,das_work,5.833985567092896,48258,16,1
1771363638.977275,171_0,171,das_work,10.06195902824402,48258,11,1
1771363638.9830935,174_0,174,das_work,5.34476375579834,48258,11,1
1771363639.0011723,175_0,175,das_work,4.443542718887329,48258,11,1
1771363639.0078204,169_0,169,das_work,4.087268352508545,48258,11,1
1771363639.0110586,168_0,168,das_work,6.650239706039429,48258,11,1
1771363651.0080638,172_0,172,das_work,6.703603506088257,48258,12,1
1771363651.0163455,169_1,169,das_work,2.217612028121948,48258,12,1
1771363651.024622,174_1,174,das_work,5.247766733169556,48258,12,1
1771363651.0415146,173_0,173,das_work,5.526581525802612,48258,12,1
1771363651.0465257,170_0,170,das_work,6.824881553649902,48258,12,1
1771363651.0506384,171_1,171,das_work,2.9390008449554443,48258,12,1
1771363651.0540557,168_1,168,das_work,2.231738805770874,48258,12,1
1771363651.054697,175_1,175,das_work,2.80411148071289,48258,12,1
1771363663.0203805,170_1,170,das_work,5.986980676651001,48258,13,1
1771363663.0275722,169_2,169,das_work,8.102641344070435,48258,13,1
1771363663.0281074,168_2,168,das_work,6.825775861740112,48258,13,1
1771363663.0323195,174_2,174,das_work,8.60973334312439,48258,13,1
1771363663.0576556,171_2,171,das_work,6.958364248275757,48258,13,1
1771363663.0613585,175_2,175,das_work,3.779757022857666,48258,13,1
1771363663.0632713,173_1,173,das_work,6.820691823959351,48258,13,1
1771363663.0690887,172_1,172,das_work,6.971047878265381,48258,13,1
1771363675.0315883,175_3,175,das_work,7.967546701431274,48258,14,1
1771363675.0379996,168_3,168,das_work,4.5869855880737305,48258,14,1
1771363675.0479865,174_3,174,das_work,6.235443115234375,48258,14,1
1771363675.0494075,170_2,170,das_work,9.033691883087158,48258,14,1
1771363675.0575564,171_3,171,das_work,10.091539859771729,48258,14,1
1771363675.0668406,172_2,172,das_work,5.446406841278076,48258,14,1
1771363675.067354,173_2,173,das_work,3.2576162815093994,48258,14,1
1771363675.0683577,169_3,169,das_work,3.326897144317627,48258,14,1
1771363687.0351992,173_3,173,das_work,0.656806468963623,48258,15,1
1771363687.036636,169_4,169,das_work,9.865636825561523,48258,15,1
1771363687.045797,172_3,172,das_work,0.6944117546081543,48258,15,1
1771363687.047634,168_4,168,das_work,7.343589544296265,48258,15,1
1771363687.0746229,171_4,171,das_work,3.3179399967193604,48258,15,1
1771363687.0775506,175_4,175,das_work,8.365004539489746,48258,15,1
1771363687.0789957,174_4,174,das_work,2.3224265575408936,48258,15,1
1771363687.082648,170_3,170,das_work,7.310755252838135,48258,15,1
1771363699.030618,173_4,173,das_work,4.766872644424439,48258,16,1
1771363699.0448973,170_4,170,das_work,7.381503343582153,48258,16,1
1771363699.045478,172_4,172,das_work,1.9684791564941408,48258,16,1
1771363638.9976208,178_0,178,das_work,1.4429640769958496,48258,11,1
1771363638.9988682,179_0,179,das_work,0.8164243698120117,48258,11,1
1771363651.001836,182_0,182,das_work,1.407060146331787,48258,12,1
1771363651.0293567,181_0,181,das_work,10.866202116012571,48258,12,1
1771363651.035158,179_1,179,das_work,1.1014912128448486,48258,12,1
1771363651.045181,183_0,183,das_work,8.437695980072021,48258,12,1
1771363651.0497725,180_0,180,das_work,10.088017225265505,48258,12,1
1771363651.0560508,178_1,178,das_work,3.8483433723449703,48258,12,1
1771363663.0299337,181_1,181,das_work,5.826991319656372,48258,13,1
1771363663.0417883,178_2,178,das_work,8.101391077041626,48258,13,1
1771363663.04274,182_1,182,das_work,8.901307106018066,48258,13,1
1771363663.0473132,177_0,177,das_work,10.105211973190308,48258,13,1
1771363663.0561645,179_2,179,das_work,1.402855634689331,48258,13,1
1771363663.0618362,176_0,176,das_work,11.893232107162476,48258,13,1
1771363663.0897207,180_1,180,das_work,10.022374153137209,48258,13,1
1771363663.0904317,183_1,183,das_work,7.948097229003906,48258,13,1
1771363675.0235193,176_1,176,das_work,7.396292686462402,48258,14,1
1771363675.0300744,178_3,178,das_work,6.304290056228638,48258,14,1
1771363675.0347087,182_2,182,das_work,3.440150022506714,48258,14,1
1771363675.0383809,181_2,181,das_work,8.050345420837402,48258,14,1
1771363675.0428338,179_3,179,das_work,6.580325841903687,48258,14,1
1771363675.04609,183_2,183,das_work,1.4013619422912598,48258,14,1
1771363675.0570936,180_2,180,das_work,1.6093268394470217,48258,14,1
1771363675.0622604,177_1,177,das_work,2.3276329040527344,48258,14,1
1771363687.0414903,178_4,178,das_work,6.704090356826782,48258,15,1
1771363687.044236,177_2,177,das_work,6.348251104354858,48258,15,1
1771363687.0468652,181_3,181,das_work,8.133556604385376,48258,15,1
1771363687.0489948,179_4,179,das_work,7.260218381881714,48258,15,1
1771363687.0499732,182_3,182,das_work,7.293707370758057,48258,15,1
1771363687.0527322,183_3,183,das_work,10.203131437301636,48258,15,1
1771363687.0587275,176_2,176,das_work,5.857593536376953,48258,15,1
1771363687.0638344,180_3,180,das_work,7.271703720092773,48258,15,1
1771363699.0090058,176_3,176,das_work,8.208563804626465,48258,16,1
1771363699.0243568,182_4,182,das_work,5.463890552520752,48258,16,1
1771363699.024867,181_4,181,das_work,8.116081714630127,48258,16,1
1771363699.0314016,180_4,180,das_work,7.281562328338623,48258,16,1
1771363699.0321088,183_4,183,das_work,7.754848480224609,48258,16,1
1771363699.0409143,177_3,177,das_work,1.539003849029541,48258,16,1
1771363710.9984455,177_4,177,das_work,3.856078624725342,48258,17,1
1771363711.003596,176_4,176,das_work,0.8784418106079102,48258,17,1
1771363638.9907796,184_0,184,das_work,4.736798524856567,48258,11,1
1771363639.0003517,191_0,191,das_work,4.983794927597046,48258,11,1
1771363639.0084631,190_0,190,das_work,0.2528977394104004,48258,11,1
1771363651.0090275,191_1,191,das_work,8.673307657241821,48258,12,1
1771363651.0134587,184_1,184,das_work,3.766510963439941,48258,12,1
1771363651.0370932,190_1,190,das_work,8.377539873123169,48258,12,1
1771363651.0391955,185_0,185,das_work,7.432576179504394,48258,12,1
1771363651.0460937,187_0,187,das_work,9.363580226898192,48258,12,1
1771363651.0545254,188_0,188,das_work,4.553542613983154,48258,12,1
1771363651.0552528,186_0,186,das_work,5.702194452285767,48258,12,1
1771363651.0557537,189_0,189,das_work,10.986109495162964,48258,12,1
1771363663.023682,186_1,186,das_work,5.1237616539001465,48258,13,1
1771363663.0241904,187_1,187,das_work,7.823176860809326,48258,13,1
1771363663.026218,189_1,189,das_work,5.692095041275024,48258,13,1
1771363663.027913,184_2,184,das_work,9.11534309387207,48258,13,1
1771363663.041699,191_2,191,das_work,9.584994077682495,48258,13,1
1771363663.0519135,190_2,190,das_work,6.190090179443359,48258,13,1
1771363663.0661197,188_1,188,das_work,6.981890439987183,48258,13,1
1771363663.066226,185_1,185,das_work,3.239546298980713,48258,13,1
1771363675.0227869,185_2,185,das_work,6.370831251144409,48258,14,1
1771363675.0405493,188_2,188,das_work,3.2739057540893555,48258,14,1
1771363675.042421,190_3,190,das_work,7.43683934211731,48258,14,1
1771363675.0430713,186_2,186,das_work,8.622822284698486,48258,14,1
1771363675.0435612,191_3,191,das_work,7.949584007263184,48258,14,1
1771363675.0555964,187_2,187,das_work,9.086619138717651,48258,14,1
1771363675.067714,189_2,189,das_work,10.184242963790894,48258,14,1
1771363675.073372,184_3,184,das_work,7.113633394241333,48258,14,1
1771363687.0446866,188_3,188,das_work,8.896518230438232,48258,15,1
1771363687.0481462,185_3,185,das_work,3.1949524879455566,48258,15,1
1771363687.0500135,187_3,187,das_work,3.50793719291687,48258,15,1
1771363687.0518577,184_4,184,das_work,3.096539258956909,48258,15,1
1771363687.0525174,189_3,189,das_work,7.260268688201904,48258,15,1
1771363687.069969,186_3,186,das_work,3.16792893409729,48258,15,1
1771363687.0706823,190_4,190,das_work,3.429934024810791,48258,15,1
1771363687.0855956,191_4,191,das_work,7.352979421615601,48258,15,1
1771363699.0038874,187_4,187,das_work,0.7521078586578369,48258,16,1
1771363699.027735,186_4,186,das_work,7.456250667572021,48258,16,1
1771363699.0370903,189_4,189,das_work,1.7544152736663818,48258,16,1
1771363699.038105,185_4,185,das_work,7.651322841644287,48258,16,1
1771363699.0390496,188_4,188,das_work,7.896502017974853,48258,16,1
1771363651.004799,199_0,199,das_work,1.3696765899658203,48258,12,1
1771363651.0479383,192_0,192,das_work,10.378165245056152,48258,12,1
1771363651.0487623,194_0,194,das_work,2.049617052078247,48258,12,1
1771363651.0507224,195_0,195,das_work,0.4193730354309082,48258,12,1
1771363651.0516706,193_0,193,das_work,9.869256496429443,48258,12,1
1771363651.0527906,198_0,198,das_work,1.6037449836730957,48258,12,1
1771363651.053271,197_0,197,das_work,6.810550928115845,48258,12,1
1771363651.0554435,196_0,196,das_work,3.0510714054107666,48258,12,1
1771363663.0211823,193_1,193,das_work,8.144806146621704,48258,13,1
1771363663.022812,194_1,194,das_work,5.034145355224609,48258,13,1
1771363663.0350118,192_1,192,das_work,5.039228916168213,48258,13,1
1771363663.042332,199_1,199,das_work,10.32374143600464,48258,13,1
1771363663.0469198,196_1,196,das_work,3.451734781265259,48258,13,1
1771363663.0488212,197_1,197,das_work,2.5474910736083984,48258,13,1
1771363663.049339,195_1,195,das_work,7.638540744781494,48258,13,1
1771363663.0732057,198_1,198,das_work,8.95782995223999,48258,13,1
1771363675.028248,194_2,194,das_work,2.228126049041748,48258,14,1
1771363675.0338285,196_2,196,das_work,3.0726046562194824,48258,14,1
1771363675.0409029,197_2,197,das_work,4.818853378295898,48258,14,1
1771363675.059767,192_2,192,das_work,7.681441307067871,48258,14,1
1771363675.061195,198_2,198,das_work,8.98287320137024,48258,14,1
1771363675.0651476,199_2,199,das_work,9.05220627784729,48258,14,1
1771363675.070717,193_2,193,das_work,8.525389432907104,48258,14,1
1771363675.0719502,195_2,195,das_work,5.540643215179443,48258,14,1
1771363687.032543,195_3,195,das_work,6.901285171508789,48258,15,1
1771363687.0354793,198_3,198,das_work,0.7150006294250488,48258,15,1
1771363687.0467043,197_3,197,das_work,6.494236707687378,48258,15,1
1771363687.0491738,194_3,194,das_work,4.633121967315674,48258,15,1
1771363687.050203,192_3,192,das_work,4.306601285934448,48258,15,1
1771363687.0538557,193_3,193,das_work,3.496887445449829,48258,15,1
1771363687.0722232,196_3,196,das_work,6.408066987991333,48258,15,1
1771363687.0764177,199_3,199,das_work,4.091942310333252,48258,15,1
1771363699.0029988,194_4,194,das_work,6.339578628540039,48258,16,1
1771363699.0065367,192_4,192,das_work,7.5916993618011475,48258,16,1
1771363699.0181868,197_4,197,das_work,8.841373682022095,48258,16,1
1771363699.0187323,198_4,198,das_work,1.4016056060791016,48258,16,1
1771363699.0285797,193_4,193,das_work,5.115314245223999,48258,16,1
1771363699.0316222,199_4,199,das_work,0.858661413192749,48258,16,1
1771363699.0506008,196_4,196,das_work,7.100512504577637,48258,16,1
1771363699.0511982,195_4,195,das_work,5.056443929672241,48258,16,1
1771363651.036266,202_0,202,das_work,0.5719916820526123,48258,12,1
1771363651.0512493,204_0,204,das_work,1.1424317359924316,48258,12,1
1771363651.0562353,200_0,200,das_work,2.032390832901001,48258,12,1
1771363651.0567453,206_0,206,das_work,11.633827209472656,48258,12,1
1771363663.0220344,206_1,206,das_work,2.40803337097168,48258,13,1
1771363663.0273354,202_1,202,das_work,3.918968439102173,48258,13,1
1771363663.030163,203_0,203,das_work,10.406378030776978,48258,13,1
1771363663.031337,201_0,201,das_work,10.35361671447754,48258,13,1
1771363663.0318367,207_0,207,das_work,9.57698678970337,48258,13,1
1771363663.0326958,200_1,200,das_work,1.458991765975952,48258,13,1
1771363663.0413451,204_1,204,das_work,1.9471666812896729,48258,13,1
1771363663.0888424,205_0,205,das_work,10.763505935668944,48258,13,1
1771363675.0315275,204_2,204,das_work,7.202058553695679,48258,14,1
1771363675.044203,201_1,201,das_work,3.979469060897827,48258,14,1
1771363675.0477293,207_1,207,das_work,9.338857173919678,48258,14,1
1771363675.050686,205_1,205,das_work,2.9415223598480225,48258,14,1
1771363675.0521426,206_2,206,das_work,8.754267692565918,48258,14,1
1771363675.0638485,202_2,202,das_work,8.904553413391113,48258,14,1
1771363675.069303,203_1,203,das_work,2.2126314640045166,48258,14,1
1771363675.0748906,200_2,200,das_work,4.164859771728516,48258,14,1
1771363687.0361862,200_3,200,das_work,2.688516616821289,48258,15,1
1771363687.0398903,202_3,202,das_work,8.910292625427246,48258,15,1
1771363687.0507932,201_2,201,das_work,5.861009359359741,48258,15,1
1771363687.055433,205_2,205,das_work,4.025134563446045,48258,15,1
1771363687.059613,206_3,206,das_work,0.714867115020752,48258,15,1
1771363687.0619154,203_2,203,das_work,6.997591257095337,48258,15,1
1771363687.0658953,207_2,207,das_work,8.482330560684204,48258,15,1
1771363687.0756657,204_3,204,das_work,9.153180837631226,48258,15,1
1771363699.0191069,206_4,206,das_work,2.6768832206726074,48258,16,1
1771363699.0268905,204_4,204,das_work,4.26505708694458,48258,16,1
1771363699.029014,203_3,203,das_work,7.479889869689941,48258,16,1
1771363699.0343137,205_3,205,das_work,6.140190839767456,48258,16,1
1771363699.03679,201_3,201,das_work,1.4024162292480469,48258,16,1
1771363699.03942,200_4,200,das_work,10.119669675827026,48258,16,1
1771363699.0443037,202_4,202,das_work,5.351397275924683,48258,16,1
1771363699.044973,207_3,207,das_work,3.7041678428649902,48258,16,1
1771363710.9858353,203_4,203,das_work,2.0246570110321045,48258,17,1
1771363710.9963207,207_4,207,das_work,5.5899717807769775,48258,17,1
1771363711.013882,205_4,205,das_work,5.476084470748901,48258,17,1
1771363711.0152185,201_4,201,das_work,8.602219343185425,48258,17,1
1771363638.978627,209_0,209,das_work,0.4172732830047607,48258,11,1
1771363651.0009007,210_0,210,das_work,7.056366682052612,48258,12,1
1771363651.025251,211_0,211,das_work,3.971901655197144,48258,12,1
1771363651.042671,215_0,215,das_work,7.402205228805542,48258,12,1
1771363651.0436387,213_0,213,das_work,3.688043355941773,48258,12,1
1771363651.051648,209_1,209,das_work,8.196609735488892,48258,12,1
1771363651.053246,214_0,214,das_work,3.1945321559906006,48258,12,1
1771363663.0499723,208_0,208,das_work,4.465479850769043,48258,13,1
1771363663.069552,214_1,214,das_work,6.84019923210144,48258,13,1
1771363663.070582,211_1,211,das_work,2.8876194953918457,48258,13,1
1771363663.071775,209_2,209,das_work,8.651607275009155,48258,13,1
1771363663.072581,215_1,215,das_work,8.003361225128174,48258,13,1
1771363663.0739603,212_0,212,das_work,7.3983154296875,48258,13,1
1771363663.0847375,210_1,210,das_work,2.236628293991089,48258,13,1
1771363663.0858486,213_1,213,das_work,0.6924209594726562,48258,13,1
1771363675.0305016,211_2,211,das_work,3.632575750350952,48258,14,1
1771363675.0379748,212_1,212,das_work,4.080687046051025,48258,14,1
1771363675.0504916,210_2,210,das_work,8.863028526306152,48258,14,1
1771363675.051187,214_2,214,das_work,4.644995450973511,48258,14,1
1771363675.0543995,213_2,213,das_work,5.626643896102905,48258,14,1
1771363675.0576887,215_2,215,das_work,6.232126951217651,48258,14,1
1771363675.063122,209_3,209,das_work,2.2431435585021973,48258,14,1
1771363675.078895,208_1,208,das_work,6.888101100921631,48258,14,1
1771363687.04333,210_3,210,das_work,1.1523067951202393,48258,15,1
1771363687.0460875,208_2,208,das_work,6.241111516952515,48258,15,1
1771363687.047253,212_2,212,das_work,7.257697582244873,48258,15,1
1771363687.0478115,215_3,215,das_work,5.439366340637207,48258,15,1
1771363687.0601056,209_4,209,das_work,6.018498182296753,48258,15,1
1771363687.0650568,213_3,213,das_work,5.791454076766968,48258,15,1
1771363687.075355,214_3,214,das_work,4.799262523651123,48258,15,1
1771363687.079461,211_3,211,das_work,2.6365983486175537,48258,15,1
1771363699.0080905,214_4,214,das_work,5.750862121582031,48258,16,1
1771363699.0273151,212_3,212,das_work,3.3397254943847656,48258,16,1
1771363699.0352523,211_4,211,das_work,4.249039888381958,48258,16,1
1771363699.0360897,210_4,210,das_work,7.415480613708496,48258,16,1
1771363699.036651,213_4,213,das_work,2.478921175003052,48258,16,1
1771363699.0424142,215_4,215,das_work,7.93629264831543,48258,16,1
1771363699.0524173,208_3,208,das_work,1.2141454219818115,48258,16,1
1771363710.9877615,208_4,208,das_work,7.383734226226807,48258,17,1
1771363711.000971,212_4,212,das_work,5.663224458694458,48258,17,1
1771363651.0058775,216_0,216,das_work,1.439643383026123,48258,12,1
1771363651.010358,222_0,222,das_work,0.2965602874755859,48258,12,1
1771363651.0348802,221_0,221,das_work,5.950242757797241,48258,12,1
1771363651.048032,218_0,218,das_work,5.482424736022949,48258,12,1
1771363651.0510488,220_0,220,das_work,2.372267723083496,48258,12,1
1771363663.0510323,221_1,221,das_work,4.675799608230591,48258,13,1
1771363663.0526533,222_1,222,das_work,4.271781206130981,48258,13,1
1771363663.0596554,218_1,218,das_work,4.367395639419556,48258,13,1
1771363663.0640864,219_0,219,das_work,1.328812837600708,48258,13,1
1771363663.0655713,223_0,223,das_work,12.164045572280884,48258,13,1
1771363663.067703,217_0,217,das_work,10.92254114151001,48258,13,1
1771363663.0883105,216_1,216,das_work,1.8375144004821775,48258,13,1
1771363663.089211,220_1,220,das_work,9.21068525314331,48258,13,1
1771363675.0248456,218_2,218,das_work,2.071336269378662,48258,14,1
1771363675.0255609,223_1,223,das_work,3.642792463302612,48258,14,1
1771363675.026236,219_1,219,das_work,3.10174298286438,48258,14,1
1771363675.0288007,220_2,220,das_work,3.139063835144043,48258,14,1
1771363675.0386283,217_1,217,das_work,4.304121971130371,48258,14,1
1771363675.0485868,221_2,221,das_work,8.629259824752808,48258,14,1
1771363675.0716226,222_2,222,das_work,2.27776837348938,48258,14,1
1771363675.0764494,216_2,216,das_work,10.1864812374115,48258,14,1
1771363687.0342908,216_3,216,das_work,6.571908235549927,48258,15,1
1771363687.0351732,222_3,222,das_work,4.3207643032073975,48258,15,1
1771363687.0383463,221_3,221,das_work,5.858898639678955,48258,15,1
1771363687.0479205,220_3,220,das_work,8.536478996276855,48258,15,1
1771363687.0534294,218_3,218,das_work,3.754788875579834,48258,15,1
1771363687.054071,223_2,223,das_work,2.313717842102051,48258,15,1
1771363687.0545604,219_2,219,das_work,2.6192047595977783,48258,15,1
1771363687.0849276,217_2,217,das_work,7.548684358596802,48258,15,1
1771363699.0084934,221_4,221,das_work,4.33503532409668,48258,16,1
1771363699.0170429,219_3,219,das_work,4.640421628952026,48258,16,1
1771363699.0206528,222_4,222,das_work,5.474942922592163,48258,16,1
1771363699.02398,218_4,218,das_work,10.054614782333374,48258,16,1
1771363699.025844,220_4,220,das_work,4.090455532073975,48258,16,1
1771363699.0357063,216_4,216,das_work,0.8736069202423096,48258,16,1
1771363699.0388827,217_3,217,das_work,4.403220891952515,48258,16,1
1771363699.0409763,223_3,223,das_work,8.505980491638184,48258,16,1
1771363710.9796512,217_4,217,das_work,5.421066284179688,48258,17,1
1771363711.0023425,223_4,223,das_work,8.434653520584106,48258,17,1
1771363711.0149963,219_4,219,das_work,4.587407827377319,48258,17,1
1771363651.045372,226_0,226,das_work,6.126532554626465,48258,12,1
1771363651.048308,225_0,225,das_work,4.698796033859253,48258,12,1
1771363651.0541708,228_0,228,das_work,4.675223350524902,48258,12,1
1771363663.0363157,231_0,231,das_work,6.692825794219971,48258,13,1
1771363663.0477386,227_0,227,das_work,0.2866790294647217,48258,13,1
1771363663.0632436,226_1,226,das_work,2.5053815841674805,48258,13,1
1771363663.08556,229_0,229,das_work,5.312788248062134,48258,13,1
1771363663.0862143,224_0,224,das_work,11.765149354934692,48258,13,1
1771363663.0884142,225_1,225,das_work,7.969852685928345,48258,13,1
1771363663.0889633,228_1,228,das_work,1.194289207458496,48258,13,1
1771363675.023115,228_2,228,das_work,1.388031244277954,48258,14,1
1771363675.0355258,227_1,227,das_work,2.474139928817749,48258,14,1
1771363675.0357654,230_0,230,das_work,12.190746784210203,48258,14,1
1771363675.0371084,224_1,224,das_work,9.983129024505615,48258,14,1
1771363675.039476,226_2,226,das_work,4.7592878341674805,48258,14,1
1771363675.056773,229_1,229,das_work,6.227976560592651,48258,14,1
1771363675.0618012,231_1,231,das_work,5.0287511348724365,48258,14,1
1771363675.079779,225_2,225,das_work,3.696289777755737,48258,14,1
1771363687.03715,226_3,226,das_work,1.6333560943603516,48258,15,1
1771363687.0376916,225_3,225,das_work,5.95570707321167,48258,15,1
1771363687.0406811,224_2,224,das_work,8.05143404006958,48258,15,1
1771363687.044829,229_2,229,das_work,3.463002443313598,48258,15,1
1771363687.054268,230_1,230,das_work,3.620133876800537,48258,15,1
1771363687.067875,231_2,231,das_work,5.713104009628296,48258,15,1
1771363687.0685766,227_2,227,das_work,2.7556519508361816,48258,15,1
1771363687.069235,228_3,228,das_work,2.968879222869873,48258,15,1
1771363699.0072818,229_3,229,das_work,8.936604261398315,48258,16,1
1771363699.0120027,231_3,231,das_work,3.548961877822876,48258,16,1
1771363699.0156896,228_4,228,das_work,9.372817754745483,48258,16,1
1771363699.031067,226_4,226,das_work,9.042263269424438,48258,16,1
1771363699.0377965,224_3,224,das_work,10.00243067741394,48258,16,1
1771363699.039951,227_3,227,das_work,2.675607919692993,48258,16,1
1771363699.0426311,225_4,225,das_work,1.9765312671661377,48258,16,1
1771363699.0555272,230_2,230,das_work,7.888753652572632,48258,16,1
1771363710.976024,224_4,224,das_work,7.436911582946777,48258,17,1
1771363710.9807577,231_4,231,das_work,5.065439701080322,48258,17,1
1771363710.9881585,230_3,230,das_work,9.079115867614746,48258,17,1
1771363710.9938512,229_4,229,das_work,7.357569694519043,48258,17,1
1771363710.9992003,227_4,227,das_work,7.587636709213257,48258,17,1
1771363722.954966,230_4,230,das_work,1.3507487773895264,48258,18,1
1771363651.018904,235_0,235,das_work,1.096029281616211,48258,12,1
1771363651.0219798,233_0,233,das_work,1.493335247039795,48258,12,1
1771363651.055167,234_0,234,das_work,1.1894910335540771,48258,12,1
1771363663.0400035,233_1,233,das_work,2.7669341564178467,48258,13,1
1771363663.0404992,234_1,234,das_work,6.773062467575073,48258,13,1
1771363663.0446296,238_0,238,das_work,11.835647106170654,48258,13,1
1771363663.0451198,232_0,232,das_work,7.367751598358154,48258,13,1
1771363663.0480409,236_0,236,das_work,6.620727300643921,48258,13,1
1771363663.049678,239_0,239,das_work,0.5006887912750244,48258,13,1
1771363663.0552258,235_1,235,das_work,9.589127779006958,48258,13,1
1771363663.0841167,237_0,237,das_work,6.11188530921936,48258,13,1
1771363675.034217,239_1,239,das_work,6.495120763778687,48258,14,1
1771363675.0451212,235_2,235,das_work,8.622875452041626,48258,14,1
1771363675.0495803,234_2,234,das_work,7.044028520584106,48258,14,1
1771363675.0501845,236_1,236,das_work,3.400294542312622,48258,14,1
1771363675.0508747,233_2,233,das_work,3.3052408695220947,48258,14,1
1771363675.0514743,232_1,232,das_work,1.9116687774658203,48258,14,1
1771363675.0519986,237_1,237,das_work,1.8640568256378172,48258,14,1
1771363675.0697548,238_1,238,das_work,5.736827611923218,48258,14,1
1771363687.0331254,239_2,239,das_work,1.3401031494140625,48258,15,1
1771363687.038933,238_2,238,das_work,4.5268919467926025,48258,15,1
1771363687.039991,233_3,233,das_work,7.546042919158935,48258,15,1
1771363687.051289,235_3,235,das_work,9.892900943756104,48258,15,1
1771363687.0524583,236_2,236,das_work,7.102087497711182,48258,15,1
1771363687.0749123,237_2,237,das_work,6.6001877784729,48258,15,1
1771363687.0765934,232_2,232,das_work,5.106273412704468,48258,15,1
1771363687.0797431,234_3,234,das_work,7.828492164611816,48258,15,1
1771363699.0060153,237_3,237,das_work,8.280555486679077,48258,16,1
1771363699.0094144,239_3,239,das_work,8.721198320388794,48258,16,1
1771363699.01327,234_4,234,das_work,0.8917129039764404,48258,16,1
1771363699.0152504,238_3,238,das_work,9.158577919006348,48258,16,1
1771363699.0281556,236_3,236,das_work,4.60876989364624,48258,16,1
1771363699.0304067,232_3,232,das_work,1.2143166065216064,48258,16,1
1771363699.041521,233_4,233,das_work,5.046715021133423,48258,16,1
1771363699.046842,235_4,235,das_work,2.489828824996948,48258,16,1
1771363710.9816847,238_4,238,das_work,6.689605474472046,48258,17,1
1771363710.9828107,239_4,239,das_work,1.3462820053100586,48258,17,1
1771363710.9935546,237_4,237,das_work,7.954751968383789,48258,17,1
1771363710.99421,236_4,236,das_work,3.431782960891724,48258,17,1
1771363711.011166,232_4,232,das_work,1.8688805103302,48258,17,1
1771363602.896305,23_0,23,das_work,4.535627365112305,48258,8,1
1771363602.918686,22_0,22,das_work,4.938302040100098,48258,8,1
1771363602.938919,17_0,17,das_work,0.4435093402862549,48258,8,1
1771363614.905721,17_1,17,das_work,2.529397487640381,48258,9,1
1771363614.9102218,16_0,16,das_work,10.563421487808228,48258,9,1
1771363614.9304688,18_0,18,das_work,11.701462268829346,48258,9,1
1771363614.931899,22_1,22,das_work,1.4301061630249023,48258,9,1
1771363614.932011,20_0,20,das_work,7.069152355194092,48258,9,1
1771363614.9327984,23_1,23,das_work,8.421856880187988,48258,9,1
1771363614.9329336,21_0,21,das_work,4.818808317184448,48258,9,1
1771363614.9555497,19_0,19,das_work,9.518296003341677,48258,9,1
1771363626.939549,22_2,22,das_work,8.057440519332886,48258,10,1
1771363626.9402764,21_1,21,das_work,3.880915403366089,48258,10,1
1771363626.9453793,17_2,17,das_work,7.460502862930298,48258,10,1
1771363626.9556532,23_2,23,das_work,4.267976760864258,48258,10,1
1771363626.9654186,19_1,19,das_work,10.091261625289915,48258,10,1
1771363626.9728675,16_1,16,das_work,4.950666427612305,48258,10,1
1771363626.9730723,18_1,18,das_work,2.596435546875,48258,10,1
1771363626.9732945,20_1,20,das_work,7.460140943527222,48258,10,1
1771363638.973183,23_3,23,das_work,7.779617786407471,48258,11,1
1771363638.9739008,20_2,20,das_work,4.000457525253296,48258,11,1
1771363638.978556,17_3,17,das_work,4.192775249481201,48258,11,1
1771363638.9917662,16_2,16,das_work,9.684514045715332,48258,11,1
1771363638.9928694,21_2,21,das_work,0.8574738502502441,48258,11,1
1771363638.9966347,22_3,22,das_work,8.681532621383667,48258,11,1
1771363638.997333,19_2,19,das_work,5.081378936767578,48258,11,1
1771363639.0036175,18_2,18,das_work,1.3682806491851809,48258,11,1
1771363651.0094717,16_3,16,das_work,8.614935398101807,48258,12,1
1771363651.0167985,18_3,18,das_work,6.710616827011108,48258,12,1
1771363651.0192182,22_4,22,das_work,5.040887832641602,48258,12,1
1771363651.0242608,19_3,19,das_work,1.4684407711029053,48258,12,1
1771363651.0283046,21_3,21,das_work,0.7173821926116943,48258,12,1
1771363651.0331252,23_4,23,das_work,4.500563859939575,48258,12,1
1771363651.0343547,17_4,17,das_work,4.328025817871094,48258,12,1
1771363651.0405016,20_3,20,das_work,2.3010220527648926,48258,12,1
1771363663.0394306,19_4,19,das_work,9.51763677597046,48258,13,1
1771363663.054718,18_4,18,das_work,8.385400533676147,48258,13,1
1771363663.0583663,16_4,16,das_work,7.261166095733643,48258,13,1
1771363663.0600023,21_4,21,das_work,8.76057243347168,48258,13,1
1771363663.0751808,20_4,20,das_work,1.1683998107910156,48258,13,1
1771363663.0379348,242_0,242,das_work,4.376637697219849,48258,13,1
1771363663.0430574,241_0,241,das_work,5.123998403549194,48258,13,1
1771363663.056742,247_0,247,das_work,7.348034143447876,48258,13,1
1771363663.084277,246_0,246,das_work,1.543602466583252,48258,13,1
1771363663.086665,243_0,243,das_work,5.104218006134033,48258,13,1
1771363663.087775,245_0,245,das_work,2.3599212169647217,48258,13,1
1771363675.026664,241_1,241,das_work,1.553873062133789,48258,14,1
1771363675.0411055,245_1,245,das_work,7.427948951721191,48258,14,1
1771363675.0454433,244_0,244,das_work,9.671637058258057,48258,14,1
1771363675.059776,246_1,246,das_work,6.362526655197144,48258,14,1
1771363675.063599,243_1,243,das_work,3.129814863204956,48258,14,1
1771363675.067136,247_1,247,das_work,1.5596270561218262,48258,14,1
1771363675.074663,242_1,242,das_work,7.809707164764404,48258,14,1
1771363675.0787203,240_0,240,das_work,10.256404876708984,48258,14,1
1771363687.0311716,247_2,247,das_work,6.910811185836792,48258,15,1
1771363687.0346909,242_2,242,das_work,8.99808382987976,48258,15,1
1771363687.0415275,243_2,243,das_work,5.092242479324341,48258,15,1
1771363687.0421343,240_1,240,das_work,8.695637702941895,48258,15,1
1771363687.043481,245_2,245,das_work,5.340969800949097,48258,15,1
1771363687.0586257,241_2,241,das_work,8.477077722549438,48258,15,1
1771363687.0614774,244_1,244,das_work,4.530944585800171,48258,15,1
1771363687.079909,246_2,246,das_work,0.526517391204834,48258,15,1
1771363699.0038233,243_3,243,das_work,9.532833337783812,48258,16,1
1771363699.0057857,244_2,244,das_work,5.860315322875977,48258,16,1
1771363699.00639,242_3,242,das_work,3.5342438220977783,48258,16,1
1771363699.011686,241_3,241,das_work,7.398252248764038,48258,16,1
1771363699.0151591,247_3,247,das_work,6.010519027709961,48258,16,1
1771363699.0237143,245_3,245,das_work,1.8894965648651123,48258,16,1
1771363699.0322237,240_2,240,das_work,5.737820148468018,48258,16,1
1771363699.048596,246_3,246,das_work,8.107068538665771,48258,16,1
1771363710.98129,240_3,240,das_work,4.150989055633545,48258,17,1
1771363710.9844518,245_4,245,das_work,4.027588844299316,48258,17,1
1771363710.9879837,242_4,242,das_work,7.990569353103638,48258,17,1
1771363710.9958386,241_4,241,das_work,8.483506441116333,48258,17,1
1771363711.007953,247_4,247,das_work,1.4072258472442627,48258,17,1
1771363711.008509,244_3,244,das_work,1.004382848739624,48258,17,1
1771363711.010904,243_4,243,das_work,2.247809410095215,48258,17,1
1771363711.0183167,246_4,246,das_work,4.171576976776123,48258,17,1
1771363722.9523704,240_4,240,das_work,3.327075958251953,48258,18,1
1771363722.982095,244_4,244,das_work,6.713265419006348,48258,18,1
1771363663.0314624,248_0,248,das_work,6.762397050857544,48258,13,1
1771363663.0495448,249_0,249,das_work,2.1273417472839355,48258,13,1
1771363663.087408,251_0,251,das_work,10.82668423652649,48258,13,1
1771363663.087702,252_0,252,das_work,4.521115303039551,48258,13,1
1771363675.021038,250_0,250,das_work,9.84214162826538,48258,14,1
1771363675.0216177,254_0,254,das_work,6.766921043395996,48258,14,1
1771363675.0565257,251_1,251,das_work,5.245116472244263,48258,14,1
1771363675.0609586,255_0,255,das_work,7.606923818588257,48258,14,1
1771363675.066189,249_1,249,das_work,2.0906295776367188,48258,14,1
1771363675.0771482,248_1,248,das_work,8.890069484710693,48258,14,1
1771363675.0794673,253_0,253,das_work,8.605634927749634,48258,14,1
1771363675.080155,252_1,252,das_work,4.631365776062012,48258,14,1
1771363687.0381763,248_2,248,das_work,4.823940753936768,48258,15,1
1771363687.0573802,254_1,254,das_work,7.252602100372314,48258,15,1
1771363687.0641606,252_2,252,das_work,6.726043701171875,48258,15,1
1771363687.0648608,251_2,251,das_work,4.699736833572388,48258,15,1
1771363687.0691366,249_2,249,das_work,6.785882949829102,48258,15,1
1771363687.0700345,255_1,255,das_work,8.522655725479126,48258,15,1
1771363687.0736356,250_1,250,das_work,1.1418533325195312,48258,15,1
1771363687.0757651,253_1,253,das_work,4.369064807891846,48258,15,1
1771363699.0047076,253_2,253,das_work,1.460345983505249,48258,16,1
1771363699.0075088,251_3,251,das_work,3.6171298027038574,48258,16,1
1771363699.0196269,248_3,248,das_work,8.288094520568848,48258,16,1
1771363699.0257769,254_2,254,das_work,1.3089265823364258,48258,16,1
1771363699.0437126,252_3,252,das_work,7.14157509803772,48258,16,1
1771363699.0445385,249_3,249,das_work,10.229244709014893,48258,16,1
1771363699.0475466,250_2,250,das_work,2.258874893188477,48258,16,1
1771363699.0481567,255_2,255,das_work,0.9569718837738036,48258,16,1
1771363710.97867,248_4,248,das_work,5.85404634475708,48258,17,1
1771363710.9818983,252_4,252,das_work,1.93250584602356,48258,17,1
1771363710.9994342,254_3,254,das_work,5.47996187210083,48258,17,1
1771363711.0034416,250_3,250,das_work,1.0082576274871826,48258,17,1
1771363711.0080132,255_3,255,das_work,6.697890996932983,48258,17,1
1771363711.0149057,249_4,249,das_work,8.174988985061646,48258,17,1
1771363711.0168166,251_4,251,das_work,6.672003269195557,48258,17,1
1771363711.0208356,253_3,253,das_work,4.618923902511597,48258,17,1
1771363722.9532504,253_4,253,das_work,1.295954704284668,48258,18,1
1771363722.9562254,254_4,254,das_work,0.3708381652832031,48258,18,1
1771363722.9629097,250_4,250,das_work,8.234322786331177,48258,18,1
1771363722.9665167,255_4,255,das_work,1.8327205181121824,48258,18,1
1771363663.027131,259_0,259,das_work,1.4576778411865234,48258,13,1
1771363663.039188,257_0,257,das_work,0.4684326648712158,48258,13,1
1771363663.0449958,262_0,262,das_work,11.65153169631958,48258,13,1
1771363663.0849793,256_0,256,das_work,2.155603170394897,48258,13,1
1771363663.0861514,261_0,261,das_work,11.548670530319214,48258,13,1
1771363663.0878606,263_0,263,das_work,5.945819616317749,48258,13,1
1771363675.0319293,260_0,260,das_work,7.26016354560852,48258,14,1
1771363675.0358534,263_1,263,das_work,9.713801622390749,48258,14,1
1771363675.0365174,259_1,259,das_work,7.043344259262085,48258,14,1
1771363675.0397837,261_1,261,das_work,1.14385986328125,48258,14,1
1771363675.0452318,262_1,262,das_work,8.943578958511353,48258,14,1
1771363675.07207,257_1,257,das_work,6.323223829269409,48258,14,1
1771363675.0726814,256_1,256,das_work,1.55407452583313,48258,14,1
1771363675.079947,258_0,258,das_work,5.033744812011719,48258,14,1
1771363687.051689,261_2,261,das_work,1.8921144008636477,48258,15,1
1771363687.052997,259_2,259,das_work,8.384350538253784,48258,15,1
1771363687.0548203,258_1,258,das_work,8.782857179641724,48258,15,1
1771363687.056115,257_2,257,das_work,6.742853879928589,48258,15,1
1771363687.05891,263_2,263,das_work,7.383029937744141,48258,15,1
1771363687.0607464,262_2,262,das_work,5.264320135116577,48258,15,1
1771363687.0612636,260_1,260,das_work,5.837746620178223,48258,15,1
1771363687.069671,256_2,256,das_work,6.3494744300842285,48258,15,1
1771363699.002985,257_3,257,das_work,4.892560720443726,48258,16,1
1771363699.0104916,260_2,260,das_work,4.5100486278533936,48258,16,1
1771363699.0225744,259_3,259,das_work,6.193666219711304,48258,16,1
1771363699.02519,258_2,258,das_work,2.4228882789611816,48258,16,1
1771363699.029692,262_3,262,das_work,6.825562238693237,48258,16,1
1771363699.030789,256_3,256,das_work,6.402103185653687,48258,16,1
1771363699.0381029,263_3,263,das_work,5.618579387664795,48258,16,1
1771363699.0505676,261_3,261,das_work,0.8655414581298828,48258,16,1
1771363710.9764416,262_4,262,das_work,4.030172348022461,48258,17,1
1771363710.9770024,263_4,263,das_work,5.616966247558594,48258,17,1
1771363710.9830492,260_3,260,das_work,7.292493104934692,48258,17,1
1771363711.0076752,256_4,256,das_work,7.583004951477051,48258,17,1
1771363711.0122375,259_4,259,das_work,4.141810655593872,48258,17,1
1771363711.0130916,257_4,257,das_work,4.056044340133667,48258,17,1
1771363711.0136044,261_4,261,das_work,4.901926279067993,48258,17,1
1771363711.0172622,258_3,258,das_work,3.952202081680298,48258,17,1
1771363722.9792802,258_4,258,das_work,7.016240358352661,48258,18,1
1771363722.985687,260_4,260,das_work,7.497798919677734,48258,18,1
1771363663.065327,264_0,264,das_work,1.6272311210632324,48258,13,1
1771363663.0838115,267_0,267,das_work,9.460681438446043,48258,13,1
1771363675.0595276,267_1,267,das_work,3.3160336017608643,48258,14,1
1771363675.060069,264_1,264,das_work,2.6756420135498047,48258,14,1
1771363675.0758924,270_0,270,das_work,8.570120573043823,48258,14,1
1771363675.0768027,266_0,266,das_work,10.159661769866943,48258,14,1
1771363675.077803,268_0,268,das_work,9.937748908996582,48258,14,1
1771363675.0785933,269_0,269,das_work,8.423840761184692,48258,14,1
1771363675.0809543,265_0,265,das_work,7.193073749542236,48258,14,1
1771363675.081456,271_0,271,das_work,9.834184646606444,48258,14,1
1771363687.0357354,270_1,270,das_work,2.3643887042999268,48258,15,1
1771363687.0438726,264_2,264,das_work,7.803364992141724,48258,15,1
1771363687.0558238,268_1,268,das_work,4.592078685760498,48258,15,1
1771363687.0605524,266_1,266,das_work,7.521908760070801,48258,15,1
1771363687.0636995,269_1,269,das_work,1.6136536598205566,48258,15,1
1771363687.063845,267_2,267,das_work,6.36296010017395,48258,15,1
1771363687.0667667,271_1,271,das_work,1.5293829441070557,48258,15,1
1771363687.0751638,265_1,265,das_work,3.612030982971192,48258,15,1
1771363699.013505,269_2,269,das_work,5.162627696990967,48258,16,1
1771363699.020887,270_2,270,das_work,1.6195709705352783,48258,16,1
1771363699.0255303,266_2,266,das_work,10.434884786605837,48258,16,1
1771363699.0279405,267_3,267,das_work,1.2608366012573242,48258,16,1
1771363699.0319638,265_2,265,das_work,3.988783597946167,48258,16,1
1771363699.032544,268_2,268,das_work,9.627785444259644,48258,16,1
1771363699.048846,264_3,264,das_work,5.255523204803467,48258,16,1
1771363699.05255,271_2,271,das_work,2.3093466758728027,48258,16,1
1771363710.979847,267_4,267,das_work,8.204182624816895,48258,17,1
1771363710.991759,264_4,264,das_work,6.682926177978516,48258,17,1
1771363711.000128,268_3,268,das_work,4.109287261962891,48258,17,1
1771363711.0019858,265_3,265,das_work,8.240853548049927,48258,17,1
1771363711.003741,269_3,269,das_work,0.2736763954162597,48258,17,1
1771363711.0136712,270_3,270,das_work,7.986412048339844,48258,17,1
1771363711.018786,266_3,266,das_work,1.95668625831604,48258,17,1
1771363711.0197303,271_3,271,das_work,2.786328792572021,48258,17,1
1771363722.952508,265_4,265,das_work,9.578355073928831,48258,18,1
1771363722.9542377,269_4,269,das_work,8.467661380767822,48258,18,1
1771363722.957755,271_4,271,das_work,2.6239328384399414,48258,18,1
1771363722.96715,270_4,270,das_work,1.7600550651550293,48258,18,1
1771363722.9710634,266_4,266,das_work,7.969926357269287,48258,18,1
1771363722.978869,268_4,268,das_work,4.382258176803589,48258,18,1
1771363663.0382116,276_0,276,das_work,2.12384295463562,48258,13,1
1771363663.0395474,272_0,272,das_work,0.7849030494689941,48258,13,1
1771363675.0223024,274_0,274,das_work,6.338390111923218,48258,14,1
1771363675.0436726,273_0,273,das_work,11.97270941734314,48258,14,1
1771363675.0464303,276_1,276,das_work,2.7455615997314453,48258,14,1
1771363675.0485451,272_1,272,das_work,4.288818359375,48258,14,1
1771363675.060274,277_0,277,das_work,5.0951316356658936,48258,14,1
1771363675.0730965,279_0,279,das_work,0.4230413436889648,48258,14,1
1771363675.0759163,278_0,278,das_work,4.81674599647522,48258,14,1
1771363687.032581,276_2,276,das_work,6.405669212341309,48258,15,1
1771363687.0340526,278_1,278,das_work,5.439789295196533,48258,15,1
1771363687.0422788,275_0,275,das_work,12.195271253585815,48258,15,1
1771363687.0445342,273_1,273,das_work,3.0551247596740723,48258,15,1
1771363687.051069,274_1,274,das_work,3.484200954437256,48258,15,1
1771363687.054614,279_1,279,das_work,4.199144840240479,48258,15,1
1771363687.063573,272_2,272,das_work,8.785276174545288,48258,15,1
1771363687.0830925,277_1,277,das_work,6.718080997467041,48258,15,1
1771363699.002941,277_2,277,das_work,7.344669342041016,48258,16,1
1771363699.0039778,274_2,274,das_work,5.037623882293701,48258,16,1
1771363699.014918,279_2,279,das_work,6.059737682342529,48258,16,1
1771363699.0166547,273_2,273,das_work,7.637081146240234,48258,16,1
1771363699.0215588,278_2,278,das_work,5.447039842605591,48258,16,1
1771363699.0328605,272_3,272,das_work,3.0494697093963623,48258,16,1
1771363699.0426486,275_1,275,das_work,9.288592338562012,48258,16,1
1771363699.0433586,276_3,276,das_work,9.35100483894348,48258,16,1
1771363710.987544,273_3,273,das_work,1.2720801830291748,48258,17,1
1771363710.9895122,275_2,275,das_work,9.54604983329773,48258,17,1
1771363711.0064726,279_3,279,das_work,1.0498526096343994,48258,17,1
1771363711.0102277,277_3,277,das_work,1.1365084648132324,48258,17,1
1771363711.013079,278_3,278,das_work,2.5680699348449707,48258,17,1
1771363711.0161076,276_4,276,das_work,1.33351469039917,48258,17,1
1771363711.0166328,274_3,274,das_work,1.9811503887176516,48258,17,1
1771363711.0191631,272_4,272,das_work,3.8931636810302734,48258,17,1
1771363722.9662106,275_3,275,das_work,6.978769302368164,48258,18,1
1771363722.967746,278_4,278,das_work,5.065301179885864,48258,18,1
1771363722.970582,274_4,274,das_work,8.96183443069458,48258,18,1
1771363722.9729986,273_4,273,das_work,4.314636707305908,48258,18,1
1771363722.9762263,279_4,279,das_work,2.1926381587982178,48258,18,1
1771363722.98811,277_4,277,das_work,6.835158109664917,48258,18,1
1771363734.947559,275_4,275,das_work,3.198092460632324,48258,19,1
1771363663.0260985,280_0,280,das_work,0.2805936336517334,48258,13,1
1771363663.0837293,287_0,287,das_work,6.644763946533203,48258,13,1
1771363675.055202,286_0,286,das_work,4.211816310882568,48258,14,1
1771363675.0626478,281_0,281,das_work,10.367493867874146,48258,14,1
1771363675.071132,282_0,282,das_work,7.652523040771484,48258,14,1
1771363675.0742502,280_1,280,das_work,8.453897714614868,48258,14,1
1771363675.0747602,287_1,287,das_work,3.661733865737915,48258,14,1
1771363675.0764785,284_0,284,das_work,11.858253240585327,48258,14,1
1771363675.0806017,285_0,285,das_work,4.845530986785889,48258,14,1
1771363687.0410247,284_1,284,das_work,6.032248735427856,48258,15,1
1771363687.0453763,281_1,281,das_work,2.878858804702759,48258,15,1
1771363687.0568593,287_2,287,das_work,7.000476360321045,48258,15,1
1771363687.067828,283_0,283,das_work,9.408798694610596,48258,15,1
1771363687.0771945,285_1,285,das_work,4.37824559211731,48258,15,1
1771363687.0851705,286_1,286,das_work,3.684898614883423,48258,15,1
1771363687.0887306,280_2,280,das_work,3.2455923557281494,48258,15,1
1771363687.0903647,282_1,282,das_work,9.437396049499512,48258,15,1
1771363699.007684,282_2,282,das_work,7.695878028869629,48258,16,1
1771363699.0143569,283_1,283,das_work,3.755582571029663,48258,16,1
1771363699.0148995,280_3,280,das_work,2.3761889934539795,48258,16,1
1771363699.018625,287_3,287,das_work,2.340557813644409,48258,16,1
1771363699.019194,285_2,285,das_work,7.363482713699341,48258,16,1
1771363699.0431345,286_2,286,das_work,8.095858812332153,48258,16,1
1771363699.043782,281_2,281,das_work,3.0957489013671875,48258,16,1
1771363699.0479949,284_2,284,das_work,8.015365839004517,48258,16,1
1771363710.9803858,281_3,281,das_work,9.399266242980955,48258,17,1
1771363710.981312,282_3,282,das_work,0.624061107635498,48258,17,1
1771363710.9854383,284_3,284,das_work,9.428404569625854,48258,17,1
1771363710.9934764,285_3,285,das_work,1.0058159828186035,48258,17,1
1771363710.995643,286_3,286,das_work,4.317281246185303,48258,17,1
1771363710.9961927,287_4,287,das_work,3.5089364051818848,48258,17,1
1771363711.012686,283_2,283,das_work,7.292710542678833,48258,17,1
1771363711.020072,280_4,280,das_work,1.146629810333252,48258,17,1
1771363722.9679463,283_3,283,das_work,9.502647399902344,48258,18,1
1771363722.9680955,281_4,281,das_work,0.9858348369598388,48258,18,1
1771363722.9695494,284_4,284,das_work,0.782111406326294,48258,18,1
1771363722.9759965,282_4,282,das_work,10.381507635116575,48258,18,1
1771363722.976508,285_4,285,das_work,5.764627456665039,48258,18,1
1771363722.9774237,286_4,286,das_work,4.740102529525757,48258,18,1
1771363734.9130378,283_4,283,das_work,3.3043220043182373,48258,19,1
1771363675.0215712,292_0,292,das_work,6.141909122467041,48258,14,1
1771363675.046627,295_0,295,das_work,2.7947328090667725,48258,14,1
1771363675.072415,289_0,289,das_work,0.4628052711486816,48258,14,1
1771363675.0748792,291_0,291,das_work,7.27322506904602,48258,14,1
1771363675.0755742,290_0,290,das_work,2.316110372543335,48258,14,1
1771363675.0821693,294_0,294,das_work,10.22314715385437,48258,14,1
1771363687.0537498,293_0,293,das_work,12.039386987686155,48258,15,1
1771363687.0652874,290_1,290,das_work,1.5516889095306396,48258,15,1
1771363687.0723906,292_1,292,das_work,3.043635129928589,48258,15,1
1771363687.0780678,295_1,295,das_work,3.013307571411133,48258,15,1
1771363687.0810814,291_1,291,das_work,7.767803430557251,48258,15,1
1771363687.0816317,288_0,288,das_work,8.175067663192749,48258,15,1
1771363687.0852718,289_1,289,das_work,4.58006739616394,48258,15,1
1771363687.0916731,294_1,294,das_work,7.738580465316772,48258,15,1
1771363699.0082145,294_2,294,das_work,7.798671722412109,48258,16,1
1771363699.0087423,291_2,291,das_work,6.300053596496582,48258,16,1
1771363699.013935,290_2,290,das_work,3.3127450942993164,48258,16,1
1771363699.0201037,295_2,295,das_work,7.856061697006226,48258,16,1
1771363699.0243068,289_2,289,das_work,5.927435874938965,48258,16,1
1771363699.0248835,288_1,288,das_work,8.353010416030884,48258,16,1
1771363699.0270286,293_1,293,das_work,2.5520224571228027,48258,16,1
1771363699.0478134,292_2,292,das_work,0.4278619289398193,48258,16,1
1771363710.990984,290_3,290,das_work,4.419444799423218,48258,17,1
1771363710.9915245,295_3,295,das_work,2.4089810848236084,48258,17,1
1771363710.9923265,292_3,292,das_work,1.602504014968872,48258,17,1
1771363710.9967606,293_2,293,das_work,6.71440315246582,48258,17,1
1771363710.9974732,294_3,294,das_work,6.646587133407593,48258,17,1
1771363711.0031314,291_3,291,das_work,4.342843055725098,48258,17,1
1771363711.0054264,289_3,289,das_work,4.899161100387573,48258,17,1
1771363711.006853,288_2,288,das_work,4.612063407897949,48258,17,1
1771363722.9566486,292_4,292,das_work,1.72066068649292,48258,18,1
1771363722.9583468,289_4,289,das_work,2.0285160541534424,48258,18,1
1771363722.9638605,290_4,290,das_work,4.303069114685059,48258,18,1
1771363722.9699724,293_3,293,das_work,2.910569906234741,48258,18,1
1771363722.9748156,295_4,295,das_work,9.13484263420105,48258,18,1
1771363722.9778073,294_4,294,das_work,3.6610476970672607,48258,18,1
1771363722.9848528,288_3,288,das_work,2.0182995796203613,48258,18,1
1771363722.98849,291_4,291,das_work,7.750716686248779,48258,18,1
1771363734.9194725,293_4,293,das_work,2.109811544418335,48258,19,1
1771363734.9195912,288_4,288,das_work,7.113746881484985,48258,19,1
1771363675.022596,297_0,297,das_work,6.344664812088013,48258,14,1
1771363675.0662708,299_0,299,das_work,5.741565465927124,48258,14,1
1771363675.0713866,296_0,296,das_work,1.4827287197113037,48258,14,1
1771363675.0823927,301_0,301,das_work,6.161904573440552,48258,14,1
1771363687.0321467,302_0,302,das_work,9.920982837677002,48258,15,1
1771363687.0709822,298_0,298,das_work,7.0269880294799805,48258,15,1
1771363687.0725927,300_0,300,das_work,10.64352536201477,48258,15,1
1771363687.083676,296_1,296,das_work,8.598172903060913,48258,15,1
1771363687.087708,299_1,299,das_work,2.4476566314697266,48258,15,1
1771363687.0896373,297_1,297,das_work,1.8712635040283203,48258,15,1
1771363687.0905228,301_1,301,das_work,3.4478061199188232,48258,15,1
1771363687.0912611,303_0,303,das_work,9.255712270736694,48258,15,1
1771363699.0050488,299_2,299,das_work,5.459883451461792,48258,16,1
1771363699.015888,301_2,301,das_work,1.8453664779663088,48258,16,1
1771363699.02283,302_1,302,das_work,8.606252193450928,48258,16,1
1771363699.0294106,298_1,298,das_work,4.605041265487671,48258,16,1
1771363699.0348096,297_2,297,das_work,9.1390643119812,48258,16,1
1771363699.0354426,303_1,303,das_work,1.7837145328521729,48258,16,1
1771363699.038641,296_2,296,das_work,8.29474949836731,48258,16,1
1771363699.044339,300_1,300,das_work,3.056215286254883,48258,16,1
1771363710.986737,303_2,303,das_work,1.8644962310791016,48258,17,1
1771363710.9906387,301_3,301,das_work,3.005724668502808,48258,17,1
1771363710.9920204,298_2,298,das_work,3.862020969390869,48258,17,1
1771363711.000323,302_2,302,das_work,7.607354164123535,48258,17,1
1771363711.0071976,299_3,299,das_work,3.101041078567505,48258,17,1
1771363711.0157492,300_2,300,das_work,6.47663164138794,48258,17,1
1771363711.0185263,297_3,297,das_work,6.966323614120483,48258,17,1
1771363711.0201464,296_3,296,das_work,6.052612781524658,48258,17,1
1771363722.9519548,298_3,298,das_work,7.206541538238525,48258,18,1
1771363722.9608605,299_4,299,das_work,1.7151992321014404,48258,18,1
1771363722.96722,297_4,297,das_work,4.175259113311768,48258,18,1
1771363722.9692154,296_4,296,das_work,6.108981132507324,48258,18,1
1771363722.976453,303_3,303,das_work,0.2575817108154297,48258,18,1
1771363722.977266,301_4,301,das_work,4.437684774398804,48258,18,1
1771363722.9830337,300_3,300,das_work,4.115540266036987,48258,18,1
1771363722.9875622,302_3,302,das_work,1.815762042999268,48258,18,1
1771363734.913035,298_4,298,das_work,2.0429537296295166,48258,19,1
1771363734.9132588,302_4,302,das_work,7.760627269744873,48258,19,1
1771363734.9155896,300_4,300,das_work,7.136110544204712,48258,19,1
1771363734.9232094,303_4,303,das_work,3.778375148773194,48258,19,1
1771363675.0597882,309_0,309,das_work,4.444339752197266,48258,14,1
1771363675.0629756,305_0,305,das_work,3.834627628326416,48258,14,1
1771363675.0739071,311_0,311,das_work,4.9984130859375,48258,14,1
1771363675.074429,304_0,304,das_work,1.6476187705993652,48258,14,1
1771363675.077327,308_0,308,das_work,7.4741785526275635,48258,14,1
1771363687.0332348,309_1,309,das_work,6.014638423919678,48258,15,1
1771363687.0360584,311_1,311,das_work,9.901899814605711,48258,15,1
1771363687.057729,305_1,305,das_work,5.752065658569336,48258,15,1
1771363687.0643325,306_0,306,das_work,8.751117944717407,48258,15,1
1771363687.0680926,304_1,304,das_work,6.518028020858765,48258,15,1
1771363687.0818706,310_0,310,das_work,7.299942493438721,48258,15,1
1771363687.0847883,308_1,308,das_work,3.482970714569092,48258,15,1
1771363687.0891087,307_0,307,das_work,9.700022220611572,48258,15,1
1771363699.0063922,306_1,306,das_work,3.875473976135254,48258,16,1
1771363699.0087142,311_2,311,das_work,5.171686172485352,48258,16,1
1771363699.010777,308_2,308,das_work,7.200540781021118,48258,16,1
1771363699.0336456,309_2,309,das_work,9.096349000930786,48258,16,1
1771363699.0343385,307_1,307,das_work,4.581517219543457,48258,16,1
1771363699.0376084,310_1,310,das_work,2.3351879119873047,48258,16,1
1771363699.0389495,305_2,305,das_work,2.814314842224121,48258,16,1
1771363699.0417066,304_2,304,das_work,9.28585147857666,48258,16,1
1771363710.981052,305_3,305,das_work,2.688624620437622,48258,17,1
1771363710.9863176,309_3,309,das_work,9.695747137069702,48258,17,1
1771363710.9868658,306_2,306,das_work,5.719945192337036,48258,17,1
1771363710.9894445,310_2,310,das_work,7.608842134475708,48258,17,1
1771363710.9899366,308_3,308,das_work,7.154017448425293,48258,17,1
1771363711.01254,311_3,311,das_work,7.673170804977417,48258,17,1
1771363711.013174,307_2,307,das_work,5.921499490737915,48258,17,1
1771363711.0219283,304_3,304,das_work,6.539809703826904,48258,17,1
1771363722.9558833,311_4,311,das_work,5.954014778137207,48258,18,1
1771363722.9587238,305_4,305,das_work,6.284099102020264,48258,18,1
1771363722.964444,306_3,306,das_work,7.448398113250732,48258,18,1
1771363722.964765,304_4,304,das_work,2.415065288543701,48258,18,1
1771363722.9649756,310_3,310,das_work,7.606781244277954,48258,18,1
1771363722.9713256,308_4,308,das_work,7.413051128387451,48258,18,1
1771363722.9864016,309_4,309,das_work,3.981343746185303,48258,18,1
1771363722.9878137,307_3,307,das_work,6.003983497619629,48258,18,1
1771363734.9132442,307_4,307,das_work,4.126414060592651,48258,19,1
1771363734.9197376,306_4,306,das_work,5.071641206741333,48258,19,1
1771363734.923452,310_4,310,das_work,4.364073038101196,48258,19,1
1771363675.0479,315_0,315,das_work,7.25515604019165,48258,14,1
1771363675.063268,313_0,313,das_work,1.2200815677642822,48258,14,1
1771363675.0725102,317_0,317,das_work,5.313471078872681,48258,14,1
1771363687.0419085,319_0,319,das_work,8.457279443740845,48258,15,1
1771363687.059929,312_0,312,das_work,10.489050388336182,48258,15,1
1771363687.0608954,314_0,314,das_work,5.816859006881714,48258,15,1
1771363687.083504,316_0,316,das_work,11.659181118011476,48258,15,1
1771363687.0840335,313_1,313,das_work,8.393752574920654,48258,15,1
1771363687.087234,318_0,318,das_work,8.757041692733765,48258,15,1
1771363687.0890548,317_1,317,das_work,5.252143621444702,48258,15,1
1771363687.090948,315_1,315,das_work,4.617754936218262,48258,15,1
1771363699.003481,316_1,316,das_work,3.478793144226074,48258,16,1
1771363699.01782,318_1,318,das_work,6.521631956100464,48258,16,1
1771363699.022472,314_1,314,das_work,5.583608388900757,48258,16,1
1771363699.022999,312_1,312,das_work,3.91074538230896,48258,16,1
1771363699.029919,319_1,319,das_work,4.9500486850738525,48258,16,1
1771363699.0342126,315_2,315,das_work,6.892636299133301,48258,16,1
1771363699.0384526,317_2,317,das_work,5.288801670074463,48258,16,1
1771363699.0473392,313_2,313,das_work,7.732862710952759,48258,16,1
1771363710.9855905,315_3,315,das_work,7.937504768371582,48258,17,1
1771363710.9913151,319_2,319,das_work,3.5213582515716557,48258,17,1
1771363710.996541,317_3,317,das_work,4.781323671340942,48258,17,1
1771363711.0029244,314_2,314,das_work,1.5001039505004885,48258,17,1
1771363711.0067437,312_2,312,das_work,1.491474151611328,48258,17,1
1771363711.007352,318_2,318,das_work,2.339993715286255,48258,17,1
1771363711.012059,316_2,316,das_work,2.9131712913513184,48258,17,1
1771363711.016497,313_3,313,das_work,9.760117530822754,48258,17,1
1771363722.953043,312_3,312,das_work,8.968242168426514,48258,18,1
1771363722.95463,313_4,313,das_work,8.748708486557007,48258,18,1
1771363722.960629,316_3,316,das_work,6.008362293243408,48258,18,1
1771363722.964487,315_4,315,das_work,2.63964581489563,48258,18,1
1771363722.9689558,314_3,314,das_work,9.107529878616331,48258,18,1
1771363722.9695115,319_3,319,das_work,2.9948294162750244,48258,18,1
1771363722.9844332,318_3,318,das_work,3.371534824371338,48258,18,1
1771363722.988275,317_4,317,das_work,7.95415449142456,48258,18,1
1771363734.912628,319_4,319,das_work,2.433750629425049,48258,19,1
1771363734.921011,314_4,314,das_work,9.539761543273926,48258,19,1
1771363734.922039,312_4,312,das_work,9.168275117874146,48258,19,1
1771363734.9228013,318_4,318,das_work,4.471997976303101,48258,19,1
1771363734.9517524,316_4,316,das_work,2.8907740116119385,48258,19,1
1771363602.8822172,29_0,29,das_work,5.453503847122192,48258,8,1
1771363602.9411366,31_0,31,das_work,7.928464412689209,48258,8,1
1771363602.9416957,30_0,30,das_work,7.622885704040527,48258,8,1
1771363614.9027686,31_1,31,das_work,1.478788137435913,48258,9,1
1771363614.903344,29_1,29,das_work,3.2809011936187744,48258,9,1
1771363614.9067123,30_1,30,das_work,10.251794338226318,48258,9,1
1771363614.9085903,26_0,26,das_work,10.60010266304016,48258,9,1
1771363614.921771,24_0,24,das_work,11.70071268081665,48258,9,1
1771363614.922333,28_0,28,das_work,2.513525485992432,48258,9,1
1771363614.9359217,25_0,25,das_work,7.512811183929443,48258,9,1
1771363614.9599302,27_0,27,das_work,9.684935092926024,48258,9,1
1771363626.93881,27_1,27,das_work,5.013611316680908,48258,10,1
1771363626.947976,26_1,26,das_work,2.1274540424346924,48258,10,1
1771363626.9663396,25_1,25,das_work,7.276423215866089,48258,10,1
1771363626.968288,29_2,29,das_work,6.572267055511475,48258,10,1
1771363626.9693227,24_1,24,das_work,9.564481973648071,48258,10,1
1771363626.970854,30_2,30,das_work,0.781965970993042,48258,10,1
1771363626.971804,28_1,28,das_work,3.651021003723145,48258,10,1
1771363626.9744809,31_2,31,das_work,5.990773916244507,48258,10,1
1771363638.9839494,30_3,30,das_work,9.782642841339111,48258,11,1
1771363638.9855914,29_3,29,das_work,2.7024834156036377,48258,11,1
1771363638.9885476,31_3,31,das_work,7.663108587265015,48258,11,1
1771363638.989137,24_2,24,das_work,6.659799575805664,48258,11,1
1771363638.9921155,25_2,25,das_work,6.796275615692139,48258,11,1
1771363638.9975274,27_2,27,das_work,2.374194383621216,48258,11,1
1771363639.000534,26_2,26,das_work,4.173786401748657,48258,11,1
1771363639.0065603,28_2,28,das_work,5.115498304367065,48258,11,1
1771363651.0060294,24_3,24,das_work,8.185744524002075,48258,12,1
1771363651.0206122,25_3,25,das_work,6.069943428039551,48258,12,1
1771363651.0214,30_4,30,das_work,8.42176604270935,48258,12,1
1771363651.0218863,28_3,28,das_work,5.581306219100952,48258,12,1
1771363651.0242856,31_4,31,das_work,1.3743698596954346,48258,12,1
1771363651.0253336,26_3,26,das_work,5.555735111236572,48258,12,1
1771363651.0307016,27_3,27,das_work,1.811655044555664,48258,12,1
1771363651.0411704,29_4,29,das_work,7.749753713607788,48258,12,1
1771363663.0281894,26_4,26,das_work,4.400745153427124,48258,13,1
1771363663.053769,24_4,24,das_work,8.3552987575531,48258,13,1
1771363663.0544996,25_4,25,das_work,1.2960472106933594,48258,13,1
1771363663.0630343,27_4,27,das_work,2.6621272563934326,48258,13,1
1771363663.0725734,28_4,28,das_work,4.972239971160889,48258,13,1
1771363675.0287986,321_0,321,das_work,4.9171977043151855,48258,14,1
1771363675.0648224,324_0,324,das_work,0.8448364734649658,48258,14,1
1771363675.0793068,327_0,327,das_work,4.319372653961182,48258,14,1
1771363687.035103,324_1,324,das_work,1.6276521682739258,48258,15,1
1771363687.038846,326_0,326,das_work,2.337796688079834,48258,15,1
1771363687.0552392,325_0,325,das_work,0.7157368659973145,48258,15,1
1771363687.0672855,327_1,327,das_work,3.662883520126343,48258,15,1
1771363687.0815444,320_0,320,das_work,4.217067003250122,48258,15,1
1771363687.086265,321_1,321,das_work,5.76991081237793,48258,15,1
1771363687.0879817,323_0,323,das_work,11.166002035140991,48258,15,1
1771363699.01093,324_2,324,das_work,6.778072834014893,48258,16,1
1771363699.0185585,326_1,326,das_work,6.820918083190918,48258,16,1
1771363699.022208,325_1,325,das_work,3.617396354675293,48258,16,1
1771363699.028329,323_1,323,das_work,2.706010580062866,48258,16,1
1771363699.0302446,322_0,322,das_work,10.518123626708984,48258,16,1
1771363699.0335088,320_1,320,das_work,2.440281867980957,48258,16,1
1771363699.0363286,327_2,327,das_work,1.33254075050354,48258,16,1
1771363699.0527997,321_2,321,das_work,5.984973669052124,48258,16,1
1771363710.980527,326_2,326,das_work,9.748410940170288,48258,17,1
1771363711.001686,320_2,320,das_work,8.76026177406311,48258,17,1
1771363711.0045595,327_3,327,das_work,1.5368895530700684,48258,17,1
1771363711.0118525,321_3,321,das_work,2.599445581436157,48258,17,1
1771363711.015207,324_3,324,das_work,6.349903583526611,48258,17,1
1771363711.0185714,322_1,322,das_work,4.637397289276123,48258,17,1
1771363711.0192893,323_2,323,das_work,3.843604564666748,48258,17,1
1771363711.0198102,325_2,325,das_work,3.6411173343658447,48258,17,1
1771363722.9560645,321_4,321,das_work,3.546412944793701,48258,18,1
1771363722.9617417,322_2,322,das_work,2.533787488937378,48258,18,1
1771363722.967969,320_3,320,das_work,8.097738981246948,48258,18,1
1771363722.9708676,327_4,327,das_work,0.3710668087005615,48258,18,1
1771363722.9724798,325_3,325,das_work,1.5650722980499268,48258,18,1
1771363722.979048,323_3,323,das_work,8.93172311782837,48258,18,1
1771363722.982578,324_4,324,das_work,8.776484727859497,48258,18,1
1771363722.9878278,326_3,326,das_work,3.668857336044312,48258,18,1
1771363734.915394,325_4,325,das_work,8.946046590805054,48258,19,1
1771363734.9212997,326_4,326,das_work,8.445892333984375,48258,19,1
1771363734.9224465,323_4,323,das_work,6.381420135498047,48258,19,1
1771363734.9467125,320_4,320,das_work,1.8768699169158936,48258,19,1
1771363734.9544926,322_3,322,das_work,0.9650650024414062,48258,19,1
1771363746.8981576,322_4,322,das_work,4.93088436126709,48258,20,1
1771363675.038242,328_0,328,das_work,5.659995794296265,48258,14,1
1771363675.04598,334_0,334,das_work,6.604211330413818,48258,14,1
1771363687.0394592,335_0,335,das_work,9.234023809432983,48258,15,1
1771363687.0402267,333_0,333,das_work,5.273691654205322,48258,15,1
1771363687.0593452,330_0,330,das_work,8.978227615356445,48258,15,1
1771363687.0761502,331_0,331,das_work,10.203320503234863,48258,15,1
1771363687.0844831,334_1,334,das_work,5.495970249176025,48258,15,1
1771363687.0859842,328_1,328,das_work,3.446181535720825,48258,15,1
1771363687.0883398,329_0,329,das_work,9.558979749679564,48258,15,1
1771363687.0899107,332_0,332,das_work,0.427070140838623,48258,15,1
1771363699.0050104,335_1,335,das_work,8.396973133087158,48258,16,1
1771363699.0067823,329_1,329,das_work,8.540340423583984,48258,16,1
1771363699.0200305,332_1,332,das_work,6.065167188644409,48258,16,1
1771363699.0212595,334_2,334,das_work,8.22746467590332,48258,16,1
1771363699.0269475,330_1,330,das_work,1.5052917003631592,48258,16,1
1771363699.0331018,333_1,333,das_work,2.457672357559204,48258,16,1
1771363699.0358603,331_1,331,das_work,3.8540520668029785,48258,16,1
1771363699.0460188,328_2,328,das_work,5.4548499584198,48258,16,1
1771363710.9756446,335_2,335,das_work,5.28472113609314,48258,17,1
1771363710.9761748,331_2,331,das_work,1.3449599742889404,48258,17,1
1771363710.976966,329_2,329,das_work,5.799936056137085,48258,17,1
1771363710.9779463,330_2,330,das_work,9.234545469284058,48258,17,1
1771363710.9785612,334_3,334,das_work,9.120984554290771,48258,17,1
1771363710.989058,333_2,333,das_work,2.82939887046814,48258,17,1
1771363710.9952934,332_2,332,das_work,5.454949617385864,48258,17,1
1771363710.9959204,328_3,328,das_work,2.493232488632202,48258,17,1
1771363722.9517207,331_3,331,das_work,1.779149055480957,48258,18,1
1771363722.9529,333_3,333,das_work,4.355247974395752,48258,18,1
1771363722.9644284,329_3,329,das_work,8.416092872619629,48258,18,1
1771363722.9673264,332_3,332,das_work,6.293169736862183,48258,18,1
1771363722.9676242,334_4,334,das_work,2.7782771587371826,48258,18,1
1771363722.9677465,330_3,330,das_work,3.0974009037017822,48258,18,1
1771363722.9839556,328_4,328,das_work,7.663262128829956,48258,18,1
1771363722.9845088,335_3,335,das_work,3.87883186340332,48258,18,1
1771363734.9149816,335_4,335,das_work,1.5003631114959717,48258,19,1
1771363734.9162009,332_4,332,das_work,3.4365041255950928,48258,19,1
1771363734.9207008,333_4,333,das_work,7.59644603729248,48258,19,1
1771363734.921252,329_4,329,das_work,6.827329874038696,48258,19,1
1771363734.9278717,331_4,331,das_work,1.4675984382629397,48258,19,1
1771363734.9430935,330_4,330,das_work,6.265147924423218,48258,19,1
1771363675.0341382,343_0,343,das_work,0.7061214447021484,48258,14,1
1771363675.0395975,340_0,340,das_work,2.203903913497925,48258,14,1
1771363687.030952,337_0,337,das_work,9.78330683708191,48258,15,1
1771363687.0634751,343_1,343,das_work,2.420259714126587,48258,15,1
1771363687.0664818,342_0,342,das_work,2.966233968734741,48258,15,1
1771363687.0731106,340_1,340,das_work,4.478006362915039,48258,15,1
1771363687.0856788,341_0,341,das_work,0.4353878498077392,48258,15,1
1771363687.0862546,336_0,336,das_work,1.3722126483917236,48258,15,1
1771363687.0898144,338_0,338,das_work,5.461182594299316,48258,15,1
1771363687.0913866,339_0,339,das_work,4.085439920425415,48258,15,1
1771363699.0046158,337_1,337,das_work,3.766032457351685,48258,16,1
1771363699.0059698,342_1,342,das_work,5.646572828292847,48258,16,1
1771363699.006589,338_1,338,das_work,4.067316055297852,48258,16,1
1771363699.0114212,343_2,343,das_work,5.882014513015747,48258,16,1
1771363699.0174088,339_1,339,das_work,5.1177942752838135,48258,16,1
1771363699.0180595,341_1,341,das_work,2.5612621307373047,48258,16,1
1771363699.0211017,336_1,336,das_work,3.8471755981445312,48258,16,1
1771363699.029183,340_2,340,das_work,8.307561159133911,48258,16,1
1771363710.98214,339_2,339,das_work,9.850245237350464,48258,17,1
1771363710.987372,338_2,338,das_work,6.382909059524536,48258,17,1
1771363710.991481,342_2,342,das_work,2.1897454261779785,48258,17,1
1771363711.001551,340_3,340,das_work,2.846651792526245,48258,17,1
1771363711.010573,337_2,337,das_work,8.376224517822266,48258,17,1
1771363711.0167894,341_2,341,das_work,4.372968673706055,48258,17,1
1771363711.0173223,343_3,343,das_work,8.887855052947998,48258,17,1
1771363711.0193484,336_2,336,das_work,1.7699804306030271,48258,17,1
1771363722.9566393,342_3,342,das_work,4.893378973007202,48258,18,1
1771363722.9665887,336_3,336,das_work,5.433974981307983,48258,18,1
1771363722.966908,337_3,337,das_work,8.469542503356934,48258,18,1
1771363722.9677205,343_4,343,das_work,2.247260093688965,48258,18,1
1771363722.9729886,341_3,341,das_work,2.8471508026123047,48258,18,1
1771363722.9823003,339_3,339,das_work,7.140422821044922,48258,18,1
1771363722.985505,340_4,340,das_work,7.907844305038452,48258,18,1
1771363722.9865108,338_3,338,das_work,8.630178451538086,48258,18,1
1771363734.9160914,337_4,337,das_work,1.6174557209014893,48258,19,1
1771363734.916814,342_4,342,das_work,5.588904857635498,48258,19,1
1771363734.917461,338_4,338,das_work,3.1392040252685547,48258,19,1
1771363734.9476826,336_4,336,das_work,4.442240953445435,48258,19,1
1771363734.9486609,341_4,341,das_work,2.414424419403076,48258,19,1
1771363734.94917,339_4,339,das_work,8.810426235198975,48258,19,1
1771363687.0398457,349_0,349,das_work,3.33000111579895,48258,15,1
1771363687.0565374,344_0,344,das_work,3.190749406814575,48258,15,1
1771363687.065544,347_0,347,das_work,7.132895469665527,48258,15,1
1771363687.071852,350_0,350,das_work,8.347293376922607,48258,15,1
1771363687.072632,348_0,348,das_work,7.281764984130859,48258,15,1
1771363687.091227,346_0,346,das_work,2.9312844276428223,48258,15,1
1771363687.0918329,351_0,351,das_work,3.909905910491944,48258,15,1
1771363699.013063,350_1,350,das_work,5.595978736877441,48258,16,1
1771363699.0203705,346_1,346,das_work,7.215640306472778,48258,16,1
1771363699.0275865,348_1,348,das_work,4.200571537017822,48258,16,1
1771363699.032657,345_0,345,das_work,6.340971946716309,48258,16,1
1771363699.0374732,351_1,351,das_work,6.812079906463623,48258,16,1
1771363699.041916,344_1,344,das_work,8.568401098251343,48258,16,1
1771363699.0464494,349_1,349,das_work,2.499091625213623,48258,16,1
1771363699.0470016,347_1,347,das_work,6.430467844009399,48258,16,1
1771363710.984135,350_2,350,das_work,1.576446771621704,48258,17,1
1771363710.9951062,344_2,344,das_work,2.3368935585021973,48258,17,1
1771363711.0031514,349_2,349,das_work,2.497609138488769,48258,17,1
1771363711.0032775,347_2,347,das_work,2.316938161849976,48258,17,1
1771363711.0063365,346_2,346,das_work,5.462815046310425,48258,17,1
1771363711.0065105,345_1,345,das_work,7.392323017120361,48258,17,1
1771363711.0072317,348_2,348,das_work,8.579518556594849,48258,17,1
1771363711.0205886,351_2,351,das_work,7.506152391433716,48258,17,1
1771363722.9511266,351_3,351,das_work,2.2637312412261963,48258,18,1
1771363722.9584112,345_2,345,das_work,6.819156169891357,48258,18,1
1771363722.9668849,348_3,348,das_work,0.1619763374328613,48258,18,1
1771363722.9738665,344_3,344,das_work,4.200173139572144,48258,18,1
1771363722.9755368,349_3,349,das_work,0.7473320960998535,48258,18,1
1771363722.980751,347_3,347,das_work,7.334665536880493,48258,18,1
1771363722.9852183,346_3,346,das_work,8.56656002998352,48258,18,1
1771363722.985958,350_3,350,das_work,2.6238694190979004,48258,18,1
1771363734.919047,347_4,347,das_work,3.792289733886719,48258,19,1
1771363734.921515,348_4,348,das_work,8.816704273223877,48258,19,1
1771363734.9221332,351_4,351,das_work,3.642379522323608,48258,19,1
1771363734.92265,349_4,349,das_work,4.946125745773315,48258,19,1
1771363734.9238884,345_3,345,das_work,3.353017568588257,48258,19,1
1771363734.924552,346_4,346,das_work,5.292144298553467,48258,19,1
1771363734.9250224,344_4,344,das_work,9.745975971221924,48258,19,1
1771363734.9607477,350_4,350,das_work,4.642807245254517,48258,19,1
1771363746.8997529,345_4,345,das_work,8.095154285430908,48258,20,1
1771363687.0500925,358_0,358,das_work,1.1179885864257812,48258,15,1
1771363687.0617414,355_0,355,das_work,7.881553649902344,48258,15,1
1771363687.081714,352_0,352,das_work,7.296261310577393,48258,15,1
1771363687.0834403,356_0,356,das_work,7.354553937911987,48258,15,1
1771363699.036312,353_0,353,das_work,7.066163301467896,48258,16,1
1771363699.039797,357_0,357,das_work,8.880138874053955,48258,16,1
1771363699.0403073,355_1,355,das_work,2.4644997119903564,48258,16,1
1771363699.049443,358_1,358,das_work,3.746513605117798,48258,16,1
1771363699.0516398,354_0,354,das_work,9.029061317443848,48258,16,1
1771363699.0522158,359_0,359,das_work,3.965207576751709,48258,16,1
1771363699.0527806,352_1,352,das_work,5.0241007804870605,48258,16,1
1771363699.0551133,356_1,356,das_work,3.764965772628784,48258,16,1
1771363710.9787543,358_2,358,das_work,9.931903839111328,48258,17,1
1771363710.9793086,353_1,353,das_work,2.471264362335205,48258,17,1
1771363710.9833086,357_1,357,das_work,1.5711040496826172,48258,17,1
1771363710.984224,359_1,359,das_work,4.658302307128906,48258,17,1
1771363710.993324,356_2,356,das_work,8.130590438842773,48258,17,1
1771363710.9935567,354_1,354,das_work,9.705138444900513,48258,17,1
1771363711.0092163,355_2,355,das_work,2.4605729579925537,48258,17,1
1771363711.015632,352_2,352,das_work,6.823698043823242,48258,17,1
1771363722.9518447,357_2,357,das_work,6.096664667129517,48258,18,1
1771363722.9545174,358_3,358,das_work,3.991417169570923,48258,18,1
1771363722.959296,354_2,354,das_work,2.945452213287353,48258,18,1
1771363722.9600594,355_3,355,das_work,7.039213180541992,48258,18,1
1771363722.9616644,352_3,352,das_work,5.3937742710113525,48258,18,1
1771363722.9753177,359_2,359,das_work,4.560089349746704,48258,18,1
1771363722.9766295,353_2,353,das_work,3.749523639678955,48258,18,1
1771363722.9810045,356_3,356,das_work,4.658847570419312,48258,18,1
1771363734.9136531,354_3,354,das_work,8.388046026229858,48258,19,1
1771363734.9156454,353_3,353,das_work,8.522843360900879,48258,19,1
1771363734.916397,352_4,352,das_work,5.447683572769165,48258,19,1
1771363734.919432,359_3,359,das_work,1.737480401992798,48258,19,1
1771363734.92367,355_4,355,das_work,4.485379219055176,48258,19,1
1771363734.9252572,358_4,358,das_work,8.580179929733276,48258,19,1
1771363734.9310822,357_3,357,das_work,7.294041633605957,48258,19,1
1771363734.9315648,356_4,356,das_work,2.7102935314178467,48258,19,1
1771363746.8862803,353_4,353,das_work,8.633810997009277,48258,20,1
1771363746.8879888,359_4,359,das_work,5.8518385887146,48258,20,1
1771363746.8969686,354_4,354,das_work,4.115493535995483,48258,20,1
1771363746.9050462,357_4,357,das_work,4.422960519790649,48258,20,1
1771363687.0627463,367_0,367,das_work,3.259995698928833,48258,15,1
1771363687.081509,365_0,365,das_work,1.329758644104004,48258,15,1
1771363687.0866404,364_0,364,das_work,2.4717555046081543,48258,15,1
1771363699.0155563,360_0,360,das_work,0.8078398704528809,48258,16,1
1771363699.0188036,361_0,361,das_work,11.912079811096191,48258,16,1
1771363699.0248125,367_1,367,das_work,1.4325988292694092,48258,16,1
1771363699.0333292,366_0,366,das_work,12.151185035705566,48258,16,1
1771363699.046365,363_0,363,das_work,11.490668058395386,48258,16,1
1771363699.054328,364_1,364,das_work,7.344414949417114,48258,16,1
1771363699.0549052,365_1,365,das_work,2.144209146499634,48258,16,1
1771363699.0554864,362_0,362,das_work,9.059141159057615,48258,16,1
1771363710.9764647,367_2,367,das_work,2.069509506225586,48258,17,1
1771363710.9791462,366_1,366,das_work,8.193068742752075,48258,17,1
1771363710.9888248,361_1,361,das_work,3.0531320571899414,48258,17,1
1771363710.99238,360_1,360,das_work,8.144206047058105,48258,17,1
1771363710.9931502,363_1,363,das_work,1.4017410278320312,48258,17,1
1771363711.0041814,365_2,365,das_work,9.92765760421753,48258,17,1
1771363711.0207584,364_2,364,das_work,7.989215135574341,48258,17,1
1771363711.0215092,362_1,362,das_work,0.8342180252075195,48258,17,1
1771363722.9755287,360_2,360,das_work,4.269681692123413,48258,18,1
1771363722.9802885,364_3,364,das_work,7.141364574432373,48258,18,1
1771363722.9811468,361_2,361,das_work,8.105600357055664,48258,18,1
1771363722.9825358,362_2,362,das_work,4.797559022903442,48258,18,1
1771363722.9850092,365_3,365,das_work,6.851063966751099,48258,18,1
1771363722.985765,367_3,367,das_work,4.663044214248657,48258,18,1
1771363722.9865634,366_2,366,das_work,5.436463117599487,48258,18,1
1771363722.9871998,363_2,363,das_work,6.517906665802002,48258,18,1
1771363734.9176378,366_3,366,das_work,9.268609285354614,48258,19,1
1771363734.9208114,364_4,364,das_work,5.793998718261719,48258,19,1
1771363734.9216614,365_4,365,das_work,1.3209328651428225,48258,19,1
1771363734.9312084,361_3,361,das_work,4.036560773849487,48258,19,1
1771363734.932259,360_3,360,das_work,7.7014594078063965,48258,19,1
1771363734.9530716,367_4,367,das_work,3.530818223953247,48258,19,1
1771363734.9533725,363_3,363,das_work,2.1036858558654785,48258,19,1
1771363734.953635,362_3,362,das_work,9.1176860332489,48258,19,1
1771363746.9058044,366_4,366,das_work,8.509854793548584,48258,20,1
1771363746.9064753,362_4,362,das_work,8.035255908966064,48258,20,1
1771363746.907012,363_4,363,das_work,5.080278635025024,48258,20,1
1771363746.9231331,361_4,361,das_work,4.430633783340454,48258,20,1
1771363746.9356627,360_4,360,das_work,7.586922883987427,48258,20,1
1771363687.0679111,373_0,373,das_work,1.8068478107452397,48258,15,1
1771363699.0093453,371_0,371,das_work,8.512086153030396,48258,16,1
1771363699.011005,372_0,372,das_work,10.359713315963743,48258,16,1
1771363699.0138235,373_1,373,das_work,2.9557783603668213,48258,16,1
1771363699.0184448,370_0,370,das_work,8.938405990600586,48258,16,1
1771363699.0413623,375_0,375,das_work,3.7612013816833496,48258,16,1
1771363699.0513685,374_0,374,das_work,8.832646608352661,48258,16,1
1771363699.0520492,368_0,368,das_work,9.953612804412842,48258,16,1
1771363710.9885488,373_2,373,das_work,4.640585899353027,48258,17,1
1771363710.9890869,374_1,374,das_work,8.730863094329834,48258,17,1
1771363710.9902666,370_1,370,das_work,3.4228744506835938,48258,17,1
1771363710.994466,371_1,371,das_work,2.040125608444214,48258,17,1
1771363711.00126,368_1,368,das_work,1.965393543243408,48258,17,1
1771363711.004399,369_0,369,das_work,10.63493537902832,48258,17,1
1771363711.0061953,372_1,372,das_work,3.613820552825928,48258,17,1
1771363711.0107934,375_1,375,das_work,1.048533916473389,48258,17,1
1771363722.9535098,375_2,375,das_work,9.913713693618774,48258,18,1
1771363722.97247,371_2,371,das_work,2.230854034423828,48258,18,1
1771363722.9728918,368_2,368,das_work,4.890380859375,48258,18,1
1771363722.9730246,370_2,370,das_work,7.951403856277466,48258,18,1
1771363722.973183,372_2,372,das_work,4.773025274276733,48258,18,1
1771363722.9748964,374_2,374,das_work,5.492142677307129,48258,18,1
1771363722.9786196,373_3,373,das_work,5.787565469741821,48258,18,1
1771363722.984409,369_1,369,das_work,9.021527290344238,48258,18,1
1771363734.9152236,372_3,372,das_work,3.831933259963989,48258,19,1
1771363734.9178145,375_3,375,das_work,4.372087240219116,48258,19,1
1771363734.9227695,369_2,369,das_work,9.07109808921814,48258,19,1
1771363734.9415498,370_3,370,das_work,3.010071992874145,48258,19,1
1771363734.9416702,371_3,371,das_work,10.062333822250366,48258,19,1
1771363734.941949,374_3,374,das_work,2.3194258213043213,48258,19,1
1771363734.947054,373_4,373,das_work,8.914129972457886,48258,19,1
1771363734.9558215,368_3,368,das_work,6.048982858657837,48258,19,1
1771363746.885948,371_4,371,das_work,6.373961210250855,48258,20,1
1771363746.8984818,374_4,374,das_work,2.9176807403564453,48258,20,1
1771363746.8990016,369_3,369,das_work,7.310809135437012,48258,20,1
1771363746.9101467,372_4,372,das_work,7.307770252227783,48258,20,1
1771363746.9107702,375_4,375,das_work,2.792809247970581,48258,20,1
1771363746.9491756,370_4,370,das_work,4.443060636520386,48258,20,1
1771363746.94936,368_4,368,das_work,2.594304323196411,48258,20,1
1771363758.9473507,369_4,369,das_work,6.068446397781372,48258,21,1
1771363687.0465224,376_0,376,das_work,0.7445979118347168,48258,15,1
1771363699.0029492,377_0,377,das_work,4.7054760456085205,48258,16,1
1771363699.0070264,379_0,379,das_work,7.722585439682007,48258,16,1
1771363699.012274,378_0,378,das_work,0.5379533767700195,48258,16,1
1771363699.0372229,380_0,380,das_work,11.118857145309448,48258,16,1
1771363699.0497096,376_1,376,das_work,6.728077411651611,48258,16,1
1771363699.051799,383_0,383,das_work,6.3307716846466064,48258,16,1
1771363699.0535457,381_0,381,das_work,4.1563475131988525,48258,16,1
1771363710.983679,378_1,378,das_work,7.38185715675354,48258,17,1
1771363710.9842465,377_1,377,das_work,6.15655779838562,48258,17,1
1771363710.9855568,379_1,379,das_work,4.732854604721069,48258,17,1
1771363710.986689,376_2,376,das_work,9.344609022140505,48258,17,1
1771363710.994086,381_1,381,das_work,9.661037683486938,48258,17,1
1771363710.99788,382_0,382,das_work,10.710187911987305,48258,17,1
1771363710.999823,383_1,383,das_work,7.50752067565918,48258,17,1
1771363711.0174952,380_1,380,das_work,9.43898057937622,48258,17,1
1771363722.960573,377_2,377,das_work,7.328518390655518,48258,18,1
1771363722.962535,378_2,378,das_work,0.3729345798492431,48258,18,1
1771363722.963665,383_2,383,das_work,6.409800052642822,48258,18,1
1771363722.966262,381_2,381,das_work,8.920889854431152,48258,18,1
1771363722.976936,379_2,379,das_work,2.846639394760132,48258,18,1
1771363722.977836,382_1,382,das_work,5.722201824188232,48258,18,1
1771363722.979414,380_2,380,das_work,6.59275221824646,48258,18,1
1771363722.984163,376_3,376,das_work,7.579275846481323,48258,18,1
1771363734.9135242,380_3,380,das_work,6.006255149841309,48258,19,1
1771363734.9167078,378_3,378,das_work,7.485280513763428,48258,19,1
1771363734.9173162,382_2,382,das_work,5.651094675064087,48258,19,1
1771363734.9216676,383_3,383,das_work,7.585721731185913,48258,19,1
1771363734.944704,379_3,379,das_work,2.842604875564575,48258,19,1
1771363734.9454498,381_3,381,das_work,2.699583053588867,48258,19,1
1771363734.9457805,376_4,376,das_work,7.147450685501099,48258,19,1
1771363734.945969,377_3,377,das_work,8.478199243545532,48258,19,1
1771363746.8857722,377_4,377,das_work,6.42885947227478,48258,20,1
1771363746.887118,382_3,382,das_work,8.883505821228027,48258,20,1
1771363746.8911278,381_4,381,das_work,4.453272104263306,48258,20,1
1771363746.8912785,380_4,380,das_work,8.787378072738647,48258,20,1
1771363746.8914857,379_4,379,das_work,9.4715576171875,48258,20,1
1771363746.89161,383_4,383,das_work,8.105390548706055,48258,20,1
1771363746.9025111,378_4,378,das_work,0.9556674957275392,48258,20,1
1771363758.9129665,382_4,382,das_work,2.2802963256835938,48258,21,1
1771363687.0326636,386_0,386,das_work,2.888458490371704,48258,15,1
1771363699.014732,387_0,387,das_work,9.788347005844116,48258,16,1
1771363699.0454447,389_0,389,das_work,7.664636135101318,48258,16,1
1771363699.049216,386_1,386,das_work,8.977670192718506,48258,16,1
1771363699.0538692,384_0,384,das_work,3.012603521347046,48258,16,1
1771363699.0547905,385_0,385,das_work,4.400161027908325,48258,16,1
1771363699.0553136,390_0,390,das_work,11.807498455047607,48258,16,1
1771363710.9769883,391_0,391,das_work,10.38597583770752,48258,17,1
1771363710.977713,385_1,385,das_work,6.84561824798584,48258,17,1
1771363710.987319,384_1,384,das_work,2.69145941734314,48258,17,1
1771363710.9948297,389_1,389,das_work,1.8276278972625728,48258,17,1
1771363710.9997897,387_1,387,das_work,3.154561281204224,48258,17,1
1771363711.0017836,390_1,390,das_work,8.791455268859863,48258,17,1
1771363711.0057118,388_0,388,das_work,11.732650518417358,48258,17,1
1771363711.008924,386_2,386,das_work,4.953801393508911,48258,17,1
1771363722.9518192,388_1,388,das_work,4.347516298294067,48258,18,1
1771363722.9543808,389_2,389,das_work,5.072485446929932,48258,18,1
1771363722.9609523,384_2,384,das_work,3.894559621810913,48258,18,1
1771363722.9672594,390_2,390,das_work,5.607127666473389,48258,18,1
1771363722.972363,385_2,385,das_work,1.137392282485962,48258,18,1
1771363722.9771574,391_1,391,das_work,9.810325622558594,48258,18,1
1771363722.98073,387_2,387,das_work,5.561046600341797,48258,18,1
1771363722.9830632,386_3,386,das_work,1.7029025554656982,48258,18,1
1771363734.916377,388_2,388,das_work,1.4735798835754397,48258,19,1
1771363734.9195874,385_3,385,das_work,7.322515726089477,48258,19,1
1771363734.9202657,391_2,391,das_work,6.184042453765869,48258,19,1
1771363734.945894,384_3,384,das_work,9.69979763031006,48258,19,1
1771363734.9468715,386_4,386,das_work,4.558711051940918,48258,19,1
1771363734.9514997,390_3,390,das_work,8.684879779815674,48258,19,1
1771363734.952015,387_3,387,das_work,9.19763469696045,48258,19,1
1771363734.9551096,389_3,389,das_work,5.128625392913818,48258,19,1
1771363746.8853216,390_4,390,das_work,7.54435658454895,48258,20,1
1771363746.886139,391_3,391,das_work,9.705936908721924,48258,20,1
1771363746.9226892,387_4,387,das_work,9.411461114883425,48258,20,1
1771363746.923462,384_4,384,das_work,7.398941516876221,48258,20,1
1771363746.923969,388_3,388,das_work,9.817331075668337,48258,20,1
1771363746.9495533,385_4,385,das_work,7.315161466598511,48258,20,1
1771363746.9500213,389_4,389,das_work,2.5060300827026367,48258,20,1
1771363758.8593435,391_4,391,das_work,9.137367963790894,48258,21,1
1771363758.924888,388_4,388,das_work,6.985732793807983,48258,21,1
1771363699.0222802,399_0,399,das_work,1.6454544067382812,48258,16,1
1771363699.036348,396_0,396,das_work,3.2759850025177,48258,16,1
1771363699.0457797,398_0,398,das_work,0.9623408317565918,48258,16,1
1771363699.0483866,395_0,395,das_work,2.0846760272979736,48258,16,1
1771363699.0489228,394_0,394,das_work,5.017669916152954,48258,16,1
1771363699.0546658,397_0,397,das_work,3.033763647079468,48258,16,1
1771363710.976833,394_1,394,das_work,8.749385833740234,48258,17,1
1771363710.98376,396_1,396,das_work,3.7028489112854,48258,17,1
1771363710.988378,397_1,397,das_work,1.8165428638458248,48258,17,1
1771363710.991935,392_0,392,das_work,7.5511155128479,48258,17,1
1771363710.9945796,399_1,399,das_work,1.4031846523284912,48258,17,1
1771363710.9981787,395_1,395,das_work,5.632995128631592,48258,17,1
1771363710.999713,393_0,393,das_work,6.730955362319946,48258,17,1
1771363711.003964,398_1,398,das_work,0.9936368465423584,48258,17,1
1771363722.9693167,397_2,397,das_work,0.6797823905944824,48258,18,1
1771363722.9764934,398_2,398,das_work,8.164255380630493,48258,18,1
1771363722.9783063,394_2,394,das_work,4.448841333389282,48258,18,1
1771363722.9789846,399_2,399,das_work,3.4294774532318115,48258,18,1
1771363722.982505,392_1,392,das_work,5.265280723571777,48258,18,1
1771363722.9826484,395_2,395,das_work,5.281463623046875,48258,18,1
1771363722.9829457,393_1,393,das_work,7.37338924407959,48258,18,1
1771363722.983067,396_2,396,das_work,8.975401878356934,48258,18,1
1771363734.9128942,392_2,392,das_work,8.017373323440552,48258,19,1
1771363734.917374,393_2,393,das_work,3.0319080352783203,48258,19,1
1771363734.9237633,394_3,394,das_work,8.23980450630188,48258,19,1
1771363734.9244418,399_3,399,das_work,8.060161113739014,48258,19,1
1771363734.9281936,396_3,396,das_work,6.785393714904785,48258,19,1
1771363734.9420996,395_3,395,das_work,3.839515924453736,48258,19,1
1771363734.9549596,398_3,398,das_work,6.68652081489563,48258,19,1
1771363734.9554496,397_3,397,das_work,9.655762434005736,48258,19,1
1771363746.885295,395_4,395,das_work,3.2314293384552,48258,20,1
1771363746.9176142,396_4,396,das_work,9.370220184326172,48258,20,1
1771363746.9327204,399_4,399,das_work,8.468828678131104,48258,20,1
1771363746.9332902,397_4,397,das_work,4.018686771392822,48258,20,1
1771363746.9336257,392_3,392,das_work,8.045284986495972,48258,20,1
1771363746.9342012,394_4,394,das_work,0.7585887908935547,48258,20,1
1771363746.9343717,398_4,398,das_work,5.863124847412109,48258,20,1
1771363746.9414625,393_3,393,das_work,8.907870769500732,48258,20,1
1771363758.912639,392_4,392,das_work,2.4941654205322266,48258,21,1
1771363758.9246044,393_4,393,das_work,2.2819180488586426,48258,21,1
1771363602.8894515,33_0,33,das_work,0.2416551113128662,48258,8,1
1771363602.919041,39_0,39,das_work,3.006094694137573,48258,8,1
1771363602.9195683,34_0,34,das_work,1.2658019065856934,48258,8,1
1771363614.9046996,33_1,33,das_work,6.516607999801636,48258,9,1
1771363614.9084053,32_0,32,das_work,6.591233968734741,48258,9,1
1771363614.9100657,35_0,35,das_work,5.482407093048096,48258,9,1
1771363614.9533038,34_1,34,das_work,1.2887742519378662,48258,9,1
1771363614.964341,37_0,37,das_work,9.97080397605896,48258,9,1
1771363614.9644637,38_0,38,das_work,6.886139631271362,48258,9,1
1771363614.964687,39_1,39,das_work,5.191318273544312,48258,9,1
1771363614.9649143,36_0,36,das_work,7.191530704498291,48258,9,1
1771363626.9382515,35_1,35,das_work,4.428321361541748,48258,10,1
1771363626.9390962,36_1,36,das_work,8.62328052520752,48258,10,1
1771363626.9410875,37_1,37,das_work,6.598495244979858,48258,10,1
1771363626.9478595,34_2,34,das_work,8.377966403961182,48258,10,1
1771363626.9483936,33_2,33,das_work,5.321809530258179,48258,10,1
1771363626.9534843,38_1,38,das_work,8.250077486038208,48258,10,1
1771363626.9549303,39_2,39,das_work,5.174618721008301,48258,10,1
1771363626.9695137,32_1,32,das_work,2.524033069610596,48258,10,1
1771363638.9727912,37_2,37,das_work,8.846140146255493,48258,11,1
1771363638.985282,36_2,36,das_work,0.4547891616821289,48258,11,1
1771363638.9927802,38_2,38,das_work,6.428136110305786,48258,11,1
1771363638.9970727,35_2,35,das_work,5.115233421325684,48258,11,1
1771363638.9991796,32_2,32,das_work,9.131672143936155,48258,11,1
1771363639.0009725,33_3,33,das_work,4.605851411819458,48258,11,1
1771363639.005566,34_3,34,das_work,3.514317750930786,48258,11,1
1771363639.011043,39_3,39,das_work,2.0075533390045166,48258,11,1
1771363651.0055268,35_3,35,das_work,8.169557332992554,48258,12,1
1771363651.0127249,33_4,33,das_work,4.982728719711304,48258,12,1
1771363651.014097,32_3,32,das_work,1.6036555767059326,48258,12,1
1771363651.0196607,37_3,37,das_work,1.621934413909912,48258,12,1
1771363651.0376775,39_4,39,das_work,1.896215915679932,48258,12,1
1771363651.042991,36_3,36,das_work,8.484979391098022,48258,12,1
1771363651.0467958,34_4,34,das_work,3.648463726043701,48258,12,1
1771363651.0486434,38_3,38,das_work,5.439205169677734,48258,12,1
1771363663.032142,38_4,38,das_work,9.818639755249023,48258,13,1
1771363663.0323703,32_4,32,das_work,4.312914371490479,48258,13,1
1771363663.0486026,36_4,36,das_work,0.9745991230010986,48258,13,1
1771363663.0686789,37_4,37,das_work,5.073821544647217,48258,13,1
1771363663.071193,35_4,35,das_work,7.443336725234985,48258,13,1
1771363602.9135656,44_0,44,das_work,1.1586792469024658,48258,8,1
1771363602.9341636,43_0,43,das_work,2.591334104537964,48258,8,1
1771363614.9030428,43_1,43,das_work,2.9336862564086914,48258,9,1
1771363614.9119868,41_0,41,das_work,4.555471181869507,48258,9,1
1771363614.9128697,44_1,44,das_work,2.6924304962158203,48258,9,1
1771363614.9133508,45_0,45,das_work,3.4339637756347656,48258,9,1
1771363614.9263527,47_0,47,das_work,8.10033917427063,48258,9,1
1771363614.9544678,46_0,46,das_work,3.821015119552612,48258,9,1
1771363626.944296,47_1,47,das_work,5.29825496673584,48258,10,1
1771363626.9487872,43_2,43,das_work,6.915409803390503,48258,10,1
1771363626.9538982,45_1,45,das_work,5.00850772857666,48258,10,1
1771363626.9608731,41_1,41,das_work,9.153820037841797,48258,10,1
1771363626.9634535,44_2,44,das_work,1.7056856155395508,48258,10,1
1771363626.967207,40_0,40,das_work,8.60944414138794,48258,10,1
1771363626.9689877,42_0,42,das_work,10.47475242614746,48258,10,1
1771363626.9737198,46_1,46,das_work,5.656940460205078,48258,10,1
1771363638.970517,45_2,45,das_work,9.264496088027954,48258,11,1
1771363638.984256,41_2,41,das_work,6.021669149398804,48258,11,1
1771363638.9873312,46_2,46,das_work,8.020947933197021,48258,11,1
1771363638.9900205,47_2,47,das_work,8.815588474273682,48258,11,1
1771363638.999464,44_3,44,das_work,7.533977746963501,48258,11,1
1771363639.0024617,40_1,40,das_work,7.453217029571533,48258,11,1
1771363639.003991,43_3,43,das_work,3.462862730026245,48258,11,1
1771363639.0113926,42_1,42,das_work,0.7609550952911377,48258,11,1
1771363651.0011632,40_2,40,das_work,6.875502347946167,48258,12,1
1771363651.0078323,45_3,45,das_work,7.019614934921265,48258,12,1
1771363651.0250404,41_3,41,das_work,7.681959390640259,48258,12,1
1771363651.027996,47_3,47,das_work,9.935516119003296,48258,12,1
1771363651.0365744,46_3,46,das_work,4.52222466468811,48258,12,1
1771363651.0398269,44_4,44,das_work,7.78497576713562,48258,12,1
1771363651.0434444,43_4,43,das_work,6.760733127593994,48258,12,1
1771363651.0547547,42_2,42,das_work,7.624039649963379,48258,12,1
1771363663.0224988,40_3,40,das_work,4.817708492279053,48258,13,1
1771363663.023019,41_4,41,das_work,8.996032238006592,48258,13,1
1771363663.0327356,47_4,47,das_work,7.436990976333618,48258,13,1
1771363663.0407605,42_3,42,das_work,4.945486307144165,48258,13,1
1771363663.0626433,46_4,46,das_work,3.7370858192443848,48258,13,1
1771363663.0651689,45_4,45,das_work,9.28774356842041,48258,13,1
1771363675.0208502,42_4,42,das_work,4.430516242980957,48258,14,1
1771363675.0333622,40_4,40,das_work,3.193180084228516,48258,14,1
1771363602.9140134,49_0,49,das_work,1.774970769882202,48258,8,1
1771363602.9510922,51_0,51,das_work,0.954056978225708,48258,8,1
1771363614.9372687,53_0,53,das_work,7.16094183921814,48258,9,1
1771363614.937862,48_0,48,das_work,10.294135570526125,48258,9,1
1771363614.9457016,54_0,54,das_work,2.9817757606506348,48258,9,1
1771363614.9553337,55_0,55,das_work,9.11577606201172,48258,9,1
1771363614.967656,50_0,50,das_work,5.401399850845337,48258,9,1
1771363614.9680543,49_1,49,das_work,4.280728816986084,48258,9,1
1771363614.9681966,52_0,52,das_work,8.203209161758423,48258,9,1
1771363614.9684134,51_1,51,das_work,9.542399406433104,48258,9,1
1771363626.9387245,53_1,53,das_work,8.52618670463562,48258,10,1
1771363626.9389567,50_1,50,das_work,9.045628309249878,48258,10,1
1771363626.942729,54_1,54,das_work,7.650533676147461,48258,10,1
1771363626.944572,52_1,52,das_work,3.543145179748535,48258,10,1
1771363626.945227,49_2,49,das_work,2.4664201736450195,48258,10,1
1771363626.951732,51_2,51,das_work,2.8420326709747314,48258,10,1
1771363626.9705596,48_1,48,das_work,6.225748300552368,48258,10,1
1771363626.973436,55_1,55,das_work,6.588684558868408,48258,10,1
1771363638.9711576,53_2,53,das_work,3.4918529987335205,48258,11,1
1771363638.972018,51_3,51,das_work,8.45157790184021,48258,11,1
1771363638.974351,55_2,55,das_work,3.938169479370117,48258,11,1
1771363638.9744973,50_2,50,das_work,2.699536085128784,48258,11,1
1771363638.979913,49_3,49,das_work,6.925623178482056,48258,11,1
1771363638.9926133,52_2,52,das_work,3.3225255012512207,48258,11,1
1771363639.0081103,54_2,54,das_work,8.222439765930176,48258,11,1
1771363639.0093353,48_2,48,das_work,3.8307740688323975,48258,11,1
1771363651.003565,48_3,48,das_work,8.387569427490234,48258,12,1
1771363651.012486,49_4,49,das_work,3.6409993171691895,48258,12,1
1771363651.015927,55_3,55,das_work,0.5123157501220703,48258,12,1
1771363651.023605,54_3,54,das_work,1.8603990077972408,48258,12,1
1771363651.0264227,52_3,52,das_work,8.155269861221313,48258,12,1
1771363651.0274994,50_3,50,das_work,4.285930156707764,48258,12,1
1771363651.0285,53_3,53,das_work,5.1221349239349365,48258,12,1
1771363651.0442717,51_4,51,das_work,6.1058080196380615,48258,12,1
1771363663.0235248,55_4,55,das_work,5.214751243591309,48258,13,1
1771363663.0344882,53_4,53,das_work,2.360393762588501,48258,13,1
1771363663.0367053,48_4,48,das_work,5.627520322799683,48258,13,1
1771363663.0439482,54_4,54,das_work,6.03266978263855,48258,13,1
1771363663.066198,50_4,50,das_work,1.600663661956787,48258,13,1
1771363663.0684462,52_4,52,das_work,3.046222686767578,48258,13,1
1771363614.9054008,62_0,62,das_work,10.78983473777771,48258,9,1
1771363614.9079108,60_0,60,das_work,0.4715297222137451,48258,9,1
1771363614.910388,63_0,63,das_work,2.305668592453003,48258,9,1
1771363614.9109645,56_0,56,das_work,4.1439528465271,48258,9,1
1771363614.9116523,59_0,59,das_work,5.152355909347534,48258,9,1
1771363614.927137,58_0,58,das_work,4.939874649047852,48258,9,1
1771363626.9435706,59_1,59,das_work,3.7314608097076416,48258,10,1
1771363626.9448495,61_0,61,das_work,9.371676445007324,48258,10,1
1771363626.945686,58_1,58,das_work,5.094963550567627,48258,10,1
1771363626.9491136,60_1,60,das_work,7.157642126083374,48258,10,1
1771363626.9554124,57_0,57,das_work,7.340930700302124,48258,10,1
1771363626.958811,62_1,62,das_work,7.257008075714111,48258,10,1
1771363626.962571,63_1,63,das_work,2.128748893737793,48258,10,1
1771363626.97137,56_1,56,das_work,9.146800756454468,48258,10,1
1771363638.9700935,56_2,56,das_work,2.9165310859680176,48258,11,1
1771363638.971298,60_2,60,das_work,6.923854112625122,48258,11,1
1771363638.974646,59_2,59,das_work,6.092813968658447,48258,11,1
1771363638.9766362,61_1,61,das_work,6.399484872817993,48258,11,1
1771363638.9827154,57_1,57,das_work,7.5500922203063965,48258,11,1
1771363638.984527,58_2,58,das_work,9.564187049865724,48258,11,1
1771363638.9908636,63_2,63,das_work,9.322986841201782,48258,11,1
1771363638.99137,62_2,62,das_work,8.252454280853271,48258,11,1
1771363651.0064702,61_2,61,das_work,5.346017360687256,48258,12,1
1771363651.0085833,63_3,63,das_work,5.714759111404419,48258,12,1
1771363651.015735,62_3,62,das_work,1.659623384475708,48258,12,1
1771363651.0184605,57_2,57,das_work,9.194769382476808,48258,12,1
1771363651.026197,56_3,56,das_work,7.573990106582642,48258,12,1
1771363651.0400348,60_3,60,das_work,5.14890718460083,48258,12,1
1771363651.045426,59_3,59,das_work,6.833455562591553,48258,12,1
1771363651.047065,58_3,58,das_work,7.402831315994263,48258,12,1
1771363663.0297213,62_4,62,das_work,6.333900213241577,48258,13,1
1771363663.0381763,59_4,59,das_work,3.775703191757202,48258,13,1
1771363663.0388184,58_4,58,das_work,6.735794305801392,48258,13,1
1771363663.0403886,61_3,61,das_work,3.16543197631836,48258,13,1
1771363663.043554,63_4,63,das_work,8.868144750595093,48258,13,1
1771363663.0647273,56_4,56,das_work,7.061004161834717,48258,13,1
1771363663.0709348,57_3,57,das_work,8.767671823501587,48258,13,1
1771363663.074999,60_4,60,das_work,8.503985166549683,48258,13,1
1771363675.031232,57_4,57,das_work,8.422580480575562,48258,14,1
1771363675.053918,61_4,61,das_work,4.963891744613648,48258,14,1
1771363614.9090557,68_0,68,das_work,1.2793970108032229,48258,9,1
1771363614.912665,71_0,71,das_work,4.0139007568359375,48258,9,1
1771363614.9291322,66_0,66,das_work,9.01857876777649,48258,9,1
1771363614.9363198,67_0,67,das_work,3.096416711807251,48258,9,1
1771363614.9541683,65_0,65,das_work,5.245097160339356,48258,9,1
1771363626.9473252,68_1,68,das_work,5.037915945053101,48258,10,1
1771363626.9494495,67_1,67,das_work,8.578875064849854,48258,10,1
1771363626.9499562,70_0,70,das_work,7.839524507522583,48258,10,1
1771363626.9506292,64_0,64,das_work,8.6152024269104,48258,10,1
1771363626.9546027,66_1,66,das_work,2.7507264614105225,48258,10,1
1771363626.9574113,69_0,69,das_work,10.474449396133425,48258,10,1
1771363626.9595478,65_1,65,das_work,6.649556636810303,48258,10,1
1771363626.967549,71_1,71,das_work,1.651893138885498,48258,10,1
1771363638.9807937,71_2,71,das_work,2.4122519493103027,48258,11,1
1771363638.9828982,64_1,64,das_work,7.086350202560425,48258,11,1
1771363638.9879715,70_1,70,das_work,4.146008968353272,48258,11,1
1771363638.9904454,67_2,67,das_work,6.658883094787598,48258,11,1
1771363638.9911833,66_2,66,das_work,4.330645322799683,48258,11,1
1771363638.993822,68_2,68,das_work,8.621771812438965,48258,11,1
1771363638.994487,69_1,69,das_work,1.3922545909881592,48258,11,1
1771363638.9954848,65_2,65,das_work,5.4213080406188965,48258,11,1
1771363651.009282,68_3,68,das_work,6.066831111907959,48258,12,1
1771363651.010819,66_3,66,das_work,5.351260423660278,48258,12,1
1771363651.020118,69_2,69,das_work,1.5747370719909668,48258,12,1
1771363651.0206752,71_3,71,das_work,3.744850635528565,48258,12,1
1771363651.02293,70_2,70,das_work,5.313973903656006,48258,12,1
1771363651.0258925,67_3,67,das_work,8.419388771057129,48258,12,1
1771363651.043248,65_3,65,das_work,4.726324081420898,48258,12,1
1771363651.0522506,64_2,64,das_work,9.042807579040527,48258,12,1
1771363663.022786,69_3,69,das_work,5.9837164878845215,48258,13,1
1771363663.03337,66_4,66,das_work,4.20928955078125,48258,13,1
1771363663.0339236,71_4,71,das_work,5.207212448120117,48258,13,1
1771363663.03561,65_4,65,das_work,8.180344343185425,48258,13,1
1771363663.0363886,68_4,68,das_work,2.8574812412261963,48258,13,1
1771363663.0526197,64_3,64,das_work,8.95847463607788,48258,13,1
1771363663.0644424,70_3,70,das_work,1.5452220439910889,48258,13,1
1771363663.069959,67_4,67,das_work,4.356722116470337,48258,13,1
1771363675.0529685,69_4,69,das_work,7.574644327163696,48258,14,1
1771363675.062267,70_4,70,das_work,4.939577102661133,48258,14,1
1771363675.0659783,64_4,64,das_work,5.85027813911438,48258,14,1
1771363614.905014,73_0,73,das_work,1.6992719173431396,48258,9,1
1771363614.906968,74_0,74,das_work,5.152770280838013,48258,9,1
1771363614.912349,78_0,78,das_work,2.7028074264526367,48258,9,1
1771363614.9286776,76_0,76,das_work,9.643216848373411,48258,9,1
1771363626.9398944,74_1,74,das_work,7.543425559997559,48258,10,1
1771363626.9410715,77_0,77,das_work,7.941893339157104,48258,10,1
1771363626.9516923,76_1,76,das_work,1.890099048614502,48258,10,1
1771363626.9547167,78_1,78,das_work,2.3602585792541504,48258,10,1
1771363626.9611638,73_1,73,das_work,7.413251161575317,48258,10,1
1771363626.9619694,75_0,75,das_work,3.213324785232544,48258,10,1
1771363626.9624968,72_0,72,das_work,3.4548256397247314,48258,10,1
1771363626.9675596,79_0,79,das_work,10.04645037651062,48258,10,1
1771363638.970826,77_1,77,das_work,5.378582000732422,48258,11,1
1771363638.9747207,79_1,79,das_work,6.348100900650024,48258,11,1
1771363638.9769154,74_2,74,das_work,4.773674011230469,48258,11,1
1771363638.9801466,75_1,75,das_work,4.853999137878418,48258,11,1
1771363638.9997542,76_2,76,das_work,8.65317678451538,48258,11,1
1771363639.003301,78_2,78,das_work,8.903425693511963,48258,11,1
1771363639.0049498,73_2,73,das_work,0.9607455730438232,48258,11,1
1771363639.0080338,72_1,72,das_work,2.103688240051269,48258,11,1
1771363651.001593,72_2,72,das_work,9.075697422027588,48258,12,1
1771363651.013911,77_2,77,das_work,2.643765687942505,48258,12,1
1771363651.0199409,75_2,75,das_work,7.2027976512908936,48258,12,1
1771363651.0267258,76_3,76,das_work,10.243999481201172,48258,12,1
1771363651.0308464,79_2,79,das_work,5.973196744918823,48258,12,1
1771363651.0391085,78_3,78,das_work,8.611922025680542,48258,12,1
1771363651.0501237,73_3,73,das_work,3.153146743774414,48258,12,1
1771363651.0513587,74_3,74,das_work,8.425502300262451,48258,12,1
1771363663.0212607,75_3,75,das_work,5.617706060409546,48258,13,1
1771363663.0253072,77_3,77,das_work,8.880016565322876,48258,13,1
1771363663.0325117,78_4,78,das_work,3.15576720237732,48258,13,1
1771363663.0510883,72_3,72,das_work,2.449571371078491,48258,13,1
1771363663.05646,76_4,76,das_work,9.929907321929932,48258,13,1
1771363663.0611808,79_3,79,das_work,4.931566476821899,48258,13,1
1771363663.061732,73_4,73,das_work,1.7564184665679932,48258,13,1
1771363663.0697527,74_4,74,das_work,3.6427273750305176,48258,13,1
1771363675.0415206,77_4,77,das_work,8.398977518081665,48258,14,1
1771363675.057976,72_4,72,das_work,2.465924024581909,48258,14,1
1771363675.0640266,79_4,79,das_work,5.629700422286987,48258,14,1
1771363675.0672858,75_4,75,das_work,7.3021461963653564,48258,14,1
