timestamp,journey_id,worker_id,tx_type,latency_s,gas_used,block_number,status
1771364150.7250302,4_0,4,das_work,2.397614002227783,48258,7,1
1771364162.700409,2_0,2,das_work,10.357049465179443,48258,8,1
1771364162.7367349,1_0,1,das_work,0.4447782039642334,48258,8,1
1771364162.7458296,6_0,6,das_work,3.222148895263672,48258,8,1
1771364162.7463565,7_0,7,das_work,1.8940677642822263,48258,8,1
1771364162.7822073,3_0,3,das_work,3.763891220092773,48258,8,1
1771364162.7830968,0_0,0,das_work,11.431466579437256,48258,8,1
1771364162.7837176,4_1,4,das_work,3.145052909851074,48258,8,1
1771364174.7318635,6_1,6,das_work,2.627021074295044,48258,9,1
1771364174.732954,3_1,3,das_work,1.182974100112915,48258,9,1
1771364174.7334976,1_1,1,das_work,4.054068803787232,48258,9,1
1771364174.737656,2_1,2,das_work,5.249683856964111,48258,9,1
1771364174.7424195,0_1,0,das_work,2.685455083847046,48258,9,1
1771364174.742946,4_2,4,das_work,2.6156020164489746,48258,9,1
1771364174.7673242,5_0,5,das_work,7.483625650405884,48258,9,1
1771364174.777854,7_1,7,das_work,6.45490312576294,48258,9,1
1771364186.7618327,5_1,5,das_work,2.935293197631836,48258,10,1
1771364186.773897,6_2,6,das_work,3.1726293563842773,48258,10,1
1771364186.7761729,1_2,1,das_work,6.2181267738342285,48258,10,1
1771364186.7866857,2_2,2,das_work,4.447834730148315,48258,10,1
1771364186.78997,0_2,0,das_work,6.192989110946655,48258,10,1
1771364186.7911773,7_2,7,das_work,6.509033203125,48258,10,1
1771364186.7934382,4_3,4,das_work,4.352346897125244,48258,10,1
1771364186.7940018,3_2,3,das_work,4.973845481872559,48258,10,1
1771364198.811863,5_2,5,das_work,1.7723987102508545,48258,11,1
1771364198.8235018,1_3,1,das_work,6.858615875244141,48258,11,1
1771364198.8248355,3_3,3,das_work,3.3113348484039307,48258,11,1
1771364198.8265996,2_3,2,das_work,4.241134881973267,48258,11,1
1771364198.83143,6_3,6,das_work,5.46626877784729,48258,11,1
1771364198.8405168,0_3,0,das_work,8.98879361152649,48258,11,1
1771364198.842217,4_4,4,das_work,7.089686870574951,48258,11,1
1771364198.8427515,7_3,7,das_work,2.491608142852783,48258,11,1
1771364210.8323915,2_4,2,das_work,6.740129470825195,48258,12,1
1771364210.851365,3_4,3,das_work,5.648792266845703,48258,12,1
1771364210.8542345,1_4,1,das_work,8.570107460021973,48258,12,1
1771364210.8612893,0_4,0,das_work,5.5875403881073,48258,12,1
1771364210.867073,5_3,5,das_work,5.580974578857422,48258,12,1
1771364210.8717732,7_4,7,das_work,8.824772834777832,48258,12,1
1771364210.885039,6_4,6,das_work,6.148133039474487,48258,12,1
1771364222.8848832,5_4,5,das_work,4.888429403305054,48258,13,1
1771364174.733435,85_0,85,das_work,0.8997008800506592,48258,9,1
1771364174.776131,84_0,84,das_work,4.323171615600586,48258,9,1
1771364174.7771213,83_0,83,das_work,6.484675407409668,48258,9,1
1771364186.759246,87_0,87,das_work,7.6858720779418945,48258,10,1
1771364186.760618,82_0,82,das_work,4.006676197052002,48258,10,1
1771364186.770336,86_0,86,das_work,6.399136781692505,48258,10,1
1771364186.7731044,83_1,83,das_work,1.4812870025634766,48258,10,1
1771364186.7776325,80_0,80,das_work,11.866854667663574,48258,10,1
1771364186.7790897,81_0,81,das_work,8.271891117095947,48258,10,1
1771364186.7854166,85_1,85,das_work,8.927652597427368,48258,10,1
1771364186.7855897,84_1,84,das_work,6.132540464401245,48258,10,1
1771364198.801916,81_1,81,das_work,5.120409727096558,48258,11,1
1771364198.8114471,80_1,80,das_work,9.925641298294067,48258,11,1
1771364198.8176093,83_2,83,das_work,1.497821569442749,48258,11,1
1771364198.8195548,84_2,84,das_work,9.404605388641356,48258,11,1
1771364198.8217216,87_1,87,das_work,1.603379726409912,48258,11,1
1771364198.8287263,82_1,82,das_work,9.42288851737976,48258,11,1
1771364198.8396723,86_1,86,das_work,5.300889015197754,48258,11,1
1771364198.8466756,85_2,85,das_work,6.33417010307312,48258,11,1
1771364210.8405335,80_2,80,das_work,8.911978483200073,48258,12,1
1771364210.8451977,81_2,81,das_work,6.457169055938721,48258,12,1
1771364210.8459249,83_3,83,das_work,6.7005462646484375,48258,12,1
1771364210.8569703,86_2,86,das_work,5.342827320098877,48258,12,1
1771364210.860014,82_2,82,das_work,6.535889387130737,48258,12,1
1771364210.8712487,85_3,85,das_work,5.7914228439331055,48258,12,1
1771364210.873863,84_3,84,das_work,3.118016242980957,48258,12,1
1771364210.8844397,87_2,87,das_work,9.164255380630491,48258,12,1
1771364222.8478563,81_3,81,das_work,9.249700784683228,48258,13,1
1771364222.8575852,85_4,85,das_work,8.640262842178345,48258,13,1
1771364222.8624556,87_3,87,das_work,1.3575170040130615,48258,13,1
1771364222.8699389,80_3,80,das_work,8.57604694366455,48258,13,1
1771364222.871424,82_3,82,das_work,6.863685369491577,48258,13,1
1771364222.8772895,86_3,86,das_work,8.081352472305298,48258,13,1
1771364222.884814,83_4,83,das_work,1.6230485439300537,48258,13,1
1771364222.8998194,84_4,84,das_work,5.721795320510864,48258,13,1
1771364234.8470483,80_4,80,das_work,3.207876443862915,48258,14,1
1771364234.8544452,86_4,86,das_work,8.204485177993774,48258,14,1
1771364234.8619976,82_4,82,das_work,1.8981409072875977,48258,14,1
1771364234.8788507,87_4,87,das_work,1.6260638236999512,48258,14,1
1771364234.8822553,81_4,81,das_work,4.750997543334961,48258,14,1
1771364174.7807064,90_0,90,das_work,0.6580963134765625,48258,9,1
1771364186.7528586,90_1,90,das_work,8.875218629837036,48258,10,1
1771364186.753394,94_0,94,das_work,5.321661710739136,48258,10,1
1771364186.7702994,93_0,93,das_work,3.7133712768554688,48258,10,1
1771364186.773931,91_0,91,das_work,10.482051372528076,48258,10,1
1771364186.7832673,92_0,92,das_work,8.960669994354248,48258,10,1
1771364186.783897,88_0,88,das_work,10.182933807373049,48258,10,1
1771364186.7854075,89_0,89,das_work,6.420732021331787,48258,10,1
1771364186.7910786,95_0,95,das_work,6.83378529548645,48258,10,1
1771364198.801447,89_1,89,das_work,9.88410711288452,48258,11,1
1771364198.806216,92_1,92,das_work,8.371535062789917,48258,11,1
1771364198.809898,90_2,90,das_work,3.90397572517395,48258,11,1
1771364198.8110063,95_1,95,das_work,3.363931894302368,48258,11,1
1771364198.828385,94_1,94,das_work,4.314861536026001,48258,11,1
1771364198.8300722,93_1,93,das_work,2.719381332397461,48258,11,1
1771364198.8319528,91_1,91,das_work,2.685250997543335,48258,11,1
1771364198.8455908,88_1,88,das_work,2.7940220832824707,48258,11,1
1771364210.8324971,92_2,92,das_work,5.17406153678894,48258,12,1
1771364210.836523,94_2,94,das_work,0.9834659099578856,48258,12,1
1771364210.8495064,89_2,89,das_work,7.981160879135132,48258,12,1
1771364210.8517494,91_2,91,das_work,4.224170923233032,48258,12,1
1771364210.8551528,90_3,90,das_work,8.804434061050415,48258,12,1
1771364210.8632967,95_2,95,das_work,2.3301680088043213,48258,12,1
1771364210.8638914,88_2,88,das_work,6.378647565841675,48258,12,1
1771364210.8645637,93_2,93,das_work,7.515578985214233,48258,12,1
1771364222.8489206,88_3,88,das_work,4.160497665405273,48258,13,1
1771364222.849709,89_3,89,das_work,6.692641735076904,48258,13,1
1771364222.862748,90_4,90,das_work,2.8886160850524902,48258,13,1
1771364222.8659112,93_3,93,das_work,8.867623329162598,48258,13,1
1771364222.8675191,92_3,92,das_work,8.105969429016113,48258,13,1
1771364222.880409,91_3,91,das_work,7.529488801956177,48258,13,1
1771364222.8835042,95_3,95,das_work,1.3808565139770508,48258,13,1
1771364222.887912,94_3,94,das_work,5.518208742141724,48258,13,1
1771364234.8436196,94_4,94,das_work,2.2768032550811768,48258,14,1
1771364234.8441668,89_4,89,das_work,1.280024766921997,48258,14,1
1771364234.8530035,91_4,91,das_work,2.6133477687835693,48258,14,1
1771364234.855291,93_4,93,das_work,4.842562198638916,48258,14,1
1771364234.8719544,92_4,92,das_work,5.850471258163452,48258,14,1
1771364234.8746393,95_4,95,das_work,7.24137020111084,48258,14,1
1771364234.8860674,88_4,88,das_work,7.297486782073975,48258,14,1
1771364174.7343206,101_0,101,das_work,3.1436116695404053,48258,9,1
1771364186.7532983,97_0,97,das_work,3.972354650497437,48258,10,1
1771364186.7562633,96_0,96,das_work,4.779503345489502,48258,10,1
1771364186.778383,98_0,98,das_work,4.047988653182983,48258,10,1
1771364186.782729,101_1,101,das_work,6.924163579940796,48258,10,1
1771364186.786476,99_0,99,das_work,5.122908353805542,48258,10,1
1771364186.790849,100_0,100,das_work,10.152733564376833,48258,10,1
1771364198.8094292,100_1,100,das_work,6.101504325866699,48258,11,1
1771364198.825213,96_1,96,das_work,1.653139591217041,48258,11,1
1771364198.825822,98_1,98,das_work,6.440402984619141,48258,11,1
1771364198.8294804,99_1,99,das_work,2.599060535430908,48258,11,1
1771364198.8368342,101_2,101,das_work,9.000057220458984,48258,11,1
1771364198.8414922,97_1,97,das_work,2.159550666809082,48258,11,1
1771364198.8425505,102_0,102,das_work,9.437330722808838,48258,11,1
1771364198.8432114,103_0,103,das_work,11.79248332977295,48258,11,1
1771364210.8414588,96_2,96,das_work,2.644179105758667,48258,12,1
1771364210.8433073,97_2,97,das_work,9.2220458984375,48258,12,1
1771364210.8501084,99_2,99,das_work,8.800713777542114,48258,12,1
1771364210.8529515,103_1,103,das_work,7.606760740280151,48258,12,1
1771364210.8565297,98_2,98,das_work,7.544058322906494,48258,12,1
1771364210.860215,101_3,101,das_work,5.122602701187134,48258,12,1
1771364210.8639042,102_1,102,das_work,4.327841520309448,48258,12,1
1771364210.8689313,100_2,100,das_work,4.399831056594849,48258,12,1
1771364222.8448126,96_3,96,das_work,4.536783218383789,48258,13,1
1771364222.848253,102_2,102,das_work,9.864238500595093,48258,13,1
1771364222.853583,100_3,100,das_work,7.430021047592163,48258,13,1
1771364222.865385,98_3,98,das_work,8.410114526748657,48258,13,1
1771364222.876222,101_4,101,das_work,1.8680758476257324,48258,13,1
1771364222.8824947,99_3,99,das_work,7.981191635131836,48258,13,1
1771364222.8880315,97_3,97,das_work,8.970877170562744,48258,13,1
1771364222.8994277,103_2,103,das_work,5.800178527832031,48258,13,1
1771364234.8413444,99_4,99,das_work,5.010631561279297,48258,14,1
1771364234.8580704,96_4,96,das_work,5.910896301269531,48258,14,1
1771364234.8594222,103_3,103,das_work,0.48708176612854,48258,14,1
1771364234.860604,100_4,100,das_work,1.362833023071289,48258,14,1
1771364234.8657787,102_3,102,das_work,1.3717920780181885,48258,14,1
1771364234.8684003,97_4,97,das_work,2.985436201095581,48258,14,1
1771364234.892559,98_4,98,das_work,4.3185014724731445,48258,14,1
1771364246.8953023,103_4,103,das_work,2.0940170288085938,48258,15,1
1771364246.896181,102_4,102,das_work,5.210136413574219,48258,15,1
1771364186.757619,105_0,105,das_work,0.2970526218414306,48258,10,1
1771364186.7619994,108_0,108,das_work,1.0261492729187012,48258,10,1
1771364186.7797005,106_0,106,das_work,2.6285951137542725,48258,10,1
1771364186.7840438,110_0,110,das_work,4.551520347595215,48258,10,1
1771364186.7846315,111_0,111,das_work,8.968876838684082,48258,10,1
1771364186.792133,109_0,109,das_work,3.0089221000671387,48258,10,1
1771364198.8043592,111_1,111,das_work,4.19391393661499,48258,11,1
1771364198.8105671,108_1,108,das_work,4.800534963607788,48258,11,1
1771364198.8164947,104_0,104,das_work,7.847651481628418,48258,11,1
1771364198.8180037,109_1,109,das_work,5.742961883544922,48258,11,1
1771364198.8288772,110_1,110,das_work,6.564643144607544,48258,11,1
1771364198.8371964,107_0,107,das_work,9.463162899017334,48258,11,1
1771364198.8398006,105_1,105,das_work,2.220195770263672,48258,11,1
1771364198.8469892,106_1,106,das_work,1.240678310394287,48258,11,1
1771364210.830966,106_2,106,das_work,0.8034172058105469,48258,12,1
1771364210.8395743,105_2,105,das_work,4.4173760414123535,48258,12,1
1771364210.8456385,108_2,108,das_work,4.661287307739258,48258,12,1
1771364210.8491538,109_2,109,das_work,8.93190884590149,48258,12,1
1771364210.8540113,104_1,104,das_work,3.6190202236175537,48258,12,1
1771364210.8573172,110_2,110,das_work,3.836493015289306,48258,12,1
1771364210.86387,107_1,107,das_work,7.332866668701172,48258,12,1
1771364210.8672926,111_2,111,das_work,4.095484733581543,48258,12,1
1771364222.8587253,109_3,109,das_work,1.841059923171997,48258,13,1
1771364222.859526,111_3,111,das_work,4.560278654098511,48258,13,1
1771364222.877088,104_2,104,das_work,0.7682526111602783,48258,13,1
1771364222.8831184,108_3,108,das_work,2.1059212684631348,48258,13,1
1771364222.8850503,105_3,105,das_work,7.776142358779907,48258,13,1
1771364222.89009,106_3,106,das_work,10.0788996219635,48258,13,1
1771364222.8914907,107_2,107,das_work,8.612727403640747,48258,13,1
1771364222.893431,110_3,110,das_work,9.53943920135498,48258,13,1
1771364234.8421075,109_4,109,das_work,3.8373398780822754,48258,14,1
1771364234.8489516,106_4,106,das_work,3.664861440658569,48258,14,1
1771364234.8682148,107_3,107,das_work,6.052596569061279,48258,14,1
1771364234.8714347,105_4,105,das_work,4.222986459732056,48258,14,1
1771364234.88212,110_4,110,das_work,5.121351957321167,48258,14,1
1771364234.8870206,111_4,111,das_work,0.7245597839355469,48258,14,1
1771364234.8877518,108_4,108,das_work,1.7735645771026611,48258,14,1
1771364234.8897593,104_3,104,das_work,2.4814095497131348,48258,14,1
1771364246.868956,104_4,104,das_work,2.806181669235229,48258,15,1
1771364246.878551,107_4,107,das_work,4.4285547733306885,48258,15,1
1771364186.7610135,112_0,112,das_work,4.754167556762695,48258,10,1
1771364186.772044,117_0,117,das_work,1.31852126121521,48258,10,1
1771364186.7727334,114_0,114,das_work,7.434715509414673,48258,10,1
1771364186.7830691,113_0,113,das_work,3.885331630706787,48258,10,1
1771364186.795246,119_0,119,das_work,8.51928162574768,48258,10,1
1771364198.8108652,119_1,119,das_work,6.932725667953491,48258,11,1
1771364198.8186824,113_1,113,das_work,8.696426153182983,48258,11,1
1771364198.8266537,115_0,115,das_work,7.229779005050659,48258,11,1
1771364198.8271706,114_1,114,das_work,6.306678056716919,48258,11,1
1771364198.8299508,118_0,118,das_work,9.31932020187378,48258,11,1
1771364198.830823,112_1,112,das_work,6.656472206115723,48258,11,1
1771364198.8343666,117_1,117,das_work,5.394188404083252,48258,11,1
1771364198.8392963,116_0,116,das_work,5.090924739837647,48258,11,1
1771364210.8370817,116_1,116,das_work,5.15851354598999,48258,12,1
1771364210.8454971,117_2,117,das_work,4.807961702346802,48258,12,1
1771364210.8498304,118_1,118,das_work,7.441446781158447,48258,12,1
1771364210.8503888,113_2,113,das_work,8.39153003692627,48258,12,1
1771364210.8564205,119_2,119,das_work,5.630467414855957,48258,12,1
1771364210.862434,115_1,115,das_work,1.4435131549835205,48258,12,1
1771364210.8642888,112_2,112,das_work,2.7218210697174072,48258,12,1
1771364210.885502,114_2,114,das_work,9.858616590499878,48258,12,1
1771364222.848226,112_3,112,das_work,8.977814197540283,48258,13,1
1771364222.8553774,118_2,118,das_work,8.956092596054077,48258,13,1
1771364222.865381,119_3,119,das_work,3.796889781951904,48258,13,1
1771364222.8687358,115_2,115,das_work,9.08389973640442,48258,13,1
1771364222.886591,116_2,116,das_work,2.978764772415161,48258,13,1
1771364222.8926983,114_3,114,das_work,3.6361196041107178,48258,13,1
1771364222.8932643,117_3,117,das_work,0.5584366321563721,48258,13,1
1771364222.8945794,113_3,113,das_work,9.255355834960938,48258,13,1
1771364234.8343132,119_4,119,das_work,3.3625454902648926,48258,14,1
1771364234.8390498,113_4,113,das_work,3.5070135593414307,48258,14,1
1771364234.842516,118_3,118,das_work,9.629175186157228,48258,14,1
1771364234.8447623,115_3,115,das_work,4.752658128738403,48258,14,1
1771364234.8837116,114_4,114,das_work,5.02518105506897,48258,14,1
1771364234.891604,116_3,116,das_work,6.788333892822266,48258,14,1
1771364234.8926227,112_4,112,das_work,5.388821601867676,48258,14,1
1771364234.8946478,117_4,117,das_work,3.465217351913452,48258,14,1
1771364246.8462172,118_4,118,das_work,5.08280348777771,48258,15,1
1771364246.8653417,116_4,116,das_work,6.218321800231934,48258,15,1
1771364246.8756993,115_4,115,das_work,7.007045745849609,48258,15,1
1771364186.7555158,127_0,127,das_work,3.872314691543579,48258,10,1
1771364186.7821949,120_0,120,das_work,2.292595386505127,48258,10,1
1771364186.795152,123_0,123,das_work,5.667387962341309,48258,10,1
1771364198.8056543,121_0,121,das_work,4.015873193740845,48258,11,1
1771364198.8072047,126_0,126,das_work,11.611052751541138,48258,11,1
1771364198.8102984,124_0,124,das_work,3.652870178222656,48258,11,1
1771364198.8130238,122_0,122,das_work,9.335245609283447,48258,11,1
1771364198.8136072,125_0,125,das_work,5.277892827987671,48258,11,1
1771364198.83579,120_1,120,das_work,7.180019855499268,48258,11,1
1771364198.8446398,127_1,127,das_work,6.071246147155762,48258,11,1
1771364198.8448029,123_1,123,das_work,8.066940307617188,48258,11,1
1771364210.831187,125_1,125,das_work,2.556992292404175,48258,12,1
1771364210.835392,127_2,127,das_work,2.377824306488037,48258,12,1
1771364210.8436167,122_1,122,das_work,2.8562915325164795,48258,12,1
1771364210.8443878,120_2,120,das_work,2.3178484439849854,48258,12,1
1771364210.853299,123_2,123,das_work,7.2575178146362305,48258,12,1
1771364210.855425,126_1,126,das_work,8.056524276733398,48258,12,1
1771364210.8780055,121_1,121,das_work,7.811653614044189,48258,12,1
1771364210.88141,124_1,124,das_work,6.087002515792847,48258,12,1
1771364222.85233,126_2,126,das_work,4.9870922565460205,48258,13,1
1771364222.8531718,122_2,122,das_work,3.747552394866944,48258,13,1
1771364222.8567,123_3,123,das_work,8.717067956924438,48258,13,1
1771364222.8610532,125_2,125,das_work,9.17183232307434,48258,13,1
1771364222.8661628,127_3,127,das_work,2.7360916137695312,48258,13,1
1771364222.8791575,120_3,120,das_work,5.791145324707031,48258,13,1
1771364222.8810863,121_2,121,das_work,0.6649832725524902,48258,13,1
1771364222.8906443,124_2,124,das_work,7.630791425704956,48258,13,1
1771364234.838884,121_3,121,das_work,3.148637294769287,48258,14,1
1771364234.8400085,123_4,123,das_work,3.6454570293426514,48258,14,1
1771364234.8434734,127_4,127,das_work,4.846728801727295,48258,14,1
1771364234.8550165,126_3,126,das_work,2.11352801322937,48258,14,1
1771364234.863027,122_3,122,das_work,7.490600347518921,48258,14,1
1771364234.8675878,120_4,120,das_work,3.787310361862183,48258,14,1
1771364234.8830562,125_3,125,das_work,4.2400078773498535,48258,14,1
1771364234.89185,124_3,124,das_work,6.7605881690979,48258,14,1
1771364246.851394,122_4,122,das_work,7.109910488128662,48258,15,1
1771364246.8560095,121_4,121,das_work,1.3998334407806396,48258,15,1
1771364246.86419,126_4,126,das_work,3.473296880722046,48258,15,1
1771364246.8726776,124_4,124,das_work,2.4889533519744877,48258,15,1
1771364246.882094,125_4,125,das_work,3.935913562774658,48258,15,1
1771364198.818232,135_0,135,das_work,6.224896430969238,48258,11,1
1771364198.8199034,132_0,132,das_work,0.9626219272613524,48258,11,1
1771364198.8209784,130_0,130,das_work,6.5338311195373535,48258,11,1
1771364198.8223813,129_0,129,das_work,2.603745937347412,48258,11,1
1771364198.8330605,134_0,134,das_work,8.198186159133911,48258,11,1
1771364198.8380866,131_0,131,das_work,12.15204405784607,48258,11,1
1771364198.8399572,133_0,133,das_work,7.049458980560303,48258,11,1
1771364198.841822,128_0,128,das_work,8.143131017684937,48258,11,1
1771364210.8298008,135_1,135,das_work,3.715221405029297,48258,12,1
1771364210.833947,131_1,131,das_work,8.015867948532104,48258,12,1
1771364210.8378296,132_1,132,das_work,0.2604908943176269,48258,12,1
1771364210.8438358,130_1,130,das_work,7.104435205459595,48258,12,1
1771364210.8531806,128_1,128,das_work,6.124529838562012,48258,12,1
1771364210.8620164,133_1,133,das_work,8.875359296798706,48258,12,1
1771364210.8626714,134_1,134,das_work,3.996073722839356,48258,12,1
1771364210.8655689,129_1,129,das_work,1.4586784839630127,48258,12,1
1771364222.8478274,130_2,130,das_work,2.5216968059539795,48258,13,1
1771364222.8538904,132_2,132,das_work,4.461953401565552,48258,13,1
1771364222.856057,133_2,133,das_work,0.553239107131958,48258,13,1
1771364222.8592904,129_2,129,das_work,6.932198762893677,48258,13,1
1771364222.8600602,135_2,135,das_work,9.037720441818236,48258,13,1
1771364222.8635018,131_2,131,das_work,3.1498706340789795,48258,13,1
1771364222.8706589,134_2,134,das_work,9.183369398117064,48258,13,1
1771364222.8794503,128_2,128,das_work,9.027436256408691,48258,13,1
1771364234.8408322,129_3,129,das_work,2.182156801223755,48258,14,1
1771364234.8410656,132_3,132,das_work,4.925141572952271,48258,14,1
1771364234.8417234,135_3,135,das_work,9.588371753692629,48258,14,1
1771364234.8481004,134_3,134,das_work,9.321686506271362,48258,14,1
1771364234.8533044,128_3,128,das_work,7.570150136947632,48258,14,1
1771364234.854087,133_3,133,das_work,8.00581431388855,48258,14,1
1771364234.854961,131_3,131,das_work,1.5231585502624512,48258,14,1
1771364234.8602264,130_3,130,das_work,2.2062463760375977,48258,14,1
1771364246.84267,132_4,132,das_work,4.914536476135254,48258,15,1
1771364246.8494737,130_4,130,das_work,4.4761481285095215,48258,15,1
1771364246.8612003,135_4,135,das_work,6.465773820877075,48258,15,1
1771364246.8622909,131_4,131,das_work,5.754495143890381,48258,15,1
1771364246.8743382,128_4,128,das_work,5.261395215988159,48258,15,1
1771364246.8749878,134_4,134,das_work,2.0541157722473145,48258,15,1
1771364246.8848722,133_4,133,das_work,1.3016369342803955,48258,15,1
1771364246.889436,129_4,129,das_work,7.468676328659058,48258,15,1
1771364186.7606225,142_0,142,das_work,5.018273591995239,48258,10,1
1771364186.7611687,141_0,141,das_work,4.910601139068604,48258,10,1
1771364198.8142447,140_0,140,das_work,10.01442527770996,48258,11,1
1771364198.814861,143_0,143,das_work,5.449565172195435,48258,11,1
1771364198.818653,136_0,136,das_work,6.335774660110474,48258,11,1
1771364198.8191786,142_1,142,das_work,2.445353984832764,48258,11,1
1771364198.8278863,141_1,141,das_work,6.752569913864136,48258,11,1
1771364198.835162,138_0,138,das_work,6.723404884338379,48258,11,1
1771364198.8384578,137_0,137,das_work,9.12660837173462,48258,11,1
1771364198.8441534,139_0,139,das_work,10.647671699523926,48258,11,1
1771364210.8294594,140_1,140,das_work,6.418954610824585,48258,12,1
1771364210.836022,143_1,143,das_work,6.491272211074829,48258,12,1
1771364210.8365474,138_1,138,das_work,2.202532768249512,48258,12,1
1771364210.8482258,136_1,136,das_work,2.13327693939209,48258,12,1
1771364210.8524024,137_1,137,das_work,1.3482897281646729,48258,12,1
1771364210.8597682,139_1,139,das_work,6.331233739852905,48258,12,1
1771364210.8627782,142_2,142,das_work,9.20784831047058,48258,12,1
1771364210.8801708,141_2,141,das_work,2.8261168003082275,48258,12,1
1771364222.848595,138_2,138,das_work,2.243349552154541,48258,13,1
1771364222.8499355,142_3,142,das_work,3.4681766033172607,48258,13,1
1771364222.860946,139_2,139,das_work,0.7567939758300781,48258,13,1
1771364222.8640628,140_2,140,das_work,9.55099892616272,48258,13,1
1771364222.871973,136_2,136,das_work,8.069977045059204,48258,13,1
1771364222.8823504,137_2,137,das_work,5.427310466766357,48258,13,1
1771364222.8831463,143_2,143,das_work,5.878972053527832,48258,13,1
1771364222.8912835,141_3,141,das_work,8.237720251083374,48258,13,1
1771364234.837913,140_3,140,das_work,5.308553695678711,48258,14,1
1771364234.8432536,138_3,138,das_work,3.9883859157562256,48258,14,1
1771364234.845092,141_4,141,das_work,2.5806005001068115,48258,14,1
1771364234.8478024,137_3,137,das_work,1.9377210140228271,48258,14,1
1771364234.8587368,143_3,143,das_work,8.334722757339478,48258,14,1
1771364234.8678212,136_3,136,das_work,7.0146324634552,48258,14,1
1771364234.884868,142_4,142,das_work,2.879570484161377,48258,14,1
1771364234.8874426,139_3,139,das_work,4.583606004714966,48258,14,1
1771364246.8444526,136_4,136,das_work,6.194850206375122,48258,15,1
1771364246.850844,137_4,137,das_work,8.173743486404419,48258,15,1
1771364246.875153,139_4,139,das_work,6.776026487350464,48258,15,1
1771364246.8790824,138_4,138,das_work,2.848531007766724,48258,15,1
1771364246.879631,143_4,143,das_work,8.435986042022705,48258,15,1
1771364246.8941183,140_4,140,das_work,6.0210490226745605,48258,15,1
1771364186.7559626,144_0,144,das_work,1.925792932510376,48258,10,1
1771364198.80908,149_0,149,das_work,11.34677243232727,48258,11,1
1771364198.811401,148_0,148,das_work,3.2056515216827397,48258,11,1
1771364198.83343,147_0,147,das_work,8.873456716537476,48258,11,1
1771364198.8388362,145_0,145,das_work,3.891759395599365,48258,11,1
1771364198.8410506,150_0,150,das_work,4.228255987167358,48258,11,1
1771364198.841798,144_1,144,das_work,2.293579578399658,48258,11,1
1771364198.8449545,151_0,151,das_work,10.70544719696045,48258,11,1
1771364210.8317847,151_1,151,das_work,8.271713733673096,48258,12,1
1771364210.8490844,144_2,144,das_work,9.456974506378174,48258,12,1
1771364210.8496003,146_0,146,das_work,11.50428295135498,48258,12,1
1771364210.8590271,150_1,150,das_work,5.123136758804321,48258,12,1
1771364210.8650763,145_1,145,das_work,9.388906478881836,48258,12,1
1771364210.8730054,147_1,147,das_work,6.049503564834595,48258,12,1
1771364210.8736196,149_1,149,das_work,9.790194272994995,48258,12,1
1771364210.8797016,148_1,148,das_work,7.331712484359741,48258,12,1
1771364222.8598642,147_2,147,das_work,5.025878667831421,48258,13,1
1771364222.8661473,146_1,146,das_work,2.3178787231445312,48258,13,1
1771364222.8718698,151_2,151,das_work,1.5569369792938232,48258,13,1
1771364222.8750942,144_3,144,das_work,0.7572853565216064,48258,13,1
1771364222.8787594,149_2,149,das_work,4.299931049346924,48258,13,1
1771364222.8863232,145_2,145,das_work,3.317846775054932,48258,13,1
1771364222.8905942,150_2,150,das_work,4.185868978500366,48258,13,1
1771364222.8923085,148_2,148,das_work,7.59902811050415,48258,13,1
1771364234.8332734,147_3,147,das_work,2.448014736175537,48258,14,1
1771364234.8494167,150_3,150,das_work,2.096872329711914,48258,14,1
1771364234.8540466,149_3,149,das_work,0.8113760948181152,48258,14,1
1771364234.8750267,146_2,146,das_work,1.7437968254089355,48258,14,1
1771364234.8760762,144_4,144,das_work,4.246110916137695,48258,14,1
1771364234.8801577,151_3,151,das_work,2.287343263626098,48258,14,1
1771364234.8942974,145_3,145,das_work,1.0061688423156738,48258,14,1
1771364234.894926,148_3,148,das_work,3.2601637840271,48258,14,1
1771364246.841303,146_3,146,das_work,0.8221876621246338,48258,15,1
1771364246.8452446,148_4,148,das_work,4.694372177124023,48258,15,1
1771364246.8465464,147_4,147,das_work,0.7137389183044434,48258,15,1
1771364246.8473923,145_4,145,das_work,0.6934962272644043,48258,15,1
1771364246.8491416,149_4,149,das_work,7.56276273727417,48258,15,1
1771364246.8695717,150_4,150,das_work,3.725264072418213,48258,15,1
1771364246.8774323,151_4,151,das_work,6.303519487380981,48258,15,1
1771364258.83824,146_4,146,das_work,1.64164137840271,48258,16,1
1771364198.804505,152_0,152,das_work,3.6966943740844727,48258,11,1
1771364198.8224218,154_0,154,das_work,4.979151248931885,48258,11,1
1771364198.8375368,159_0,159,das_work,2.5994012355804443,48258,11,1
1771364198.8422792,153_0,153,das_work,3.790062427520752,48258,11,1
1771364210.8361866,158_0,158,das_work,4.698432445526123,48258,12,1
1771364210.836856,154_1,154,das_work,5.842778205871582,48258,12,1
1771364210.841029,153_1,153,das_work,5.745590925216675,48258,12,1
1771364210.8510244,156_0,156,das_work,11.888893365859984,48258,12,1
1771364210.8630805,159_1,159,das_work,9.373911380767822,48258,12,1
1771364210.8777256,157_0,157,das_work,8.512964010238647,48258,12,1
1771364210.8820047,155_0,155,das_work,10.908722639083862,48258,12,1
1771364210.8844674,152_1,152,das_work,3.048691987991333,48258,12,1
1771364222.8504038,154_2,154,das_work,6.433842182159424,48258,13,1
1771364222.852541,157_1,157,das_work,4.468278169631958,48258,13,1
1771364222.8581982,153_2,153,das_work,3.480201482772827,48258,13,1
1771364222.8664236,156_1,156,das_work,7.846882581710815,48258,13,1
1771364222.87401,155_1,155,das_work,5.333163499832153,48258,13,1
1771364222.875416,159_2,159,das_work,7.69415283203125,48258,13,1
1771364222.8806305,158_1,158,das_work,4.623347282409668,48258,13,1
1771364222.8951907,152_2,152,das_work,9.254088401794434,48258,13,1
1771364234.848404,157_2,157,das_work,2.209090232849121,48258,14,1
1771364234.8521416,158_2,158,das_work,0.4036087989807129,48258,14,1
1771364234.8558686,154_3,154,das_work,5.946207761764526,48258,14,1
1771364234.8565814,153_3,153,das_work,4.618878126144409,48258,14,1
1771364234.8589003,152_3,152,das_work,0.3457362651824951,48258,14,1
1771364234.8710108,156_2,156,das_work,4.098026275634766,48258,14,1
1771364234.8715591,155_2,155,das_work,2.2804551124572754,48258,14,1
1771364234.8750403,159_3,159,das_work,4.472984552383423,48258,14,1
1771364246.843254,158_3,158,das_work,7.999585866928101,48258,15,1
1771364246.8532338,154_4,154,das_work,5.589962959289551,48258,15,1
1771364246.853952,153_4,153,das_work,5.408059358596802,48258,15,1
1771364246.8587885,152_4,152,das_work,2.110494613647461,48258,15,1
1771364246.8661003,156_3,156,das_work,2.528343677520752,48258,15,1
1771364246.8711505,155_3,155,das_work,3.312323808670044,48258,15,1
1771364246.8802896,157_3,157,das_work,4.787099361419678,48258,15,1
1771364246.885045,159_4,159,das_work,3.674216747283936,48258,15,1
1771364258.8349433,158_4,158,das_work,2.505143165588379,48258,16,1
1771364258.839325,156_4,156,das_work,9.133175134658812,48258,16,1
1771364258.8439176,155_4,155,das_work,1.5206050872802734,48258,16,1
1771364258.8880732,157_4,157,das_work,1.97202730178833,48258,16,1
1771364162.700956,8_0,8,das_work,8.231332063674927,48258,8,1
1771364162.7011912,9_0,9,das_work,5.683153390884399,48258,8,1
1771364162.7045088,11_0,11,das_work,5.246626853942871,48258,8,1
1771364162.705029,10_0,10,das_work,6.994654178619385,48258,8,1
1771364162.7267072,15_0,15,das_work,10.164299964904783,48258,8,1
1771364162.758814,14_0,14,das_work,7.803637266159058,48258,8,1
1771364162.7640903,12_0,12,das_work,0.3429632186889648,48258,8,1
1771364174.7347877,14_1,14,das_work,1.905503749847412,48258,9,1
1771364174.7366357,15_1,15,das_work,3.3184456825256348,48258,9,1
1771364174.7845929,12_1,12,das_work,6.318243503570557,48258,9,1
1771364174.786693,9_1,9,das_work,6.779175519943237,48258,9,1
1771364174.788856,10_1,10,das_work,2.141237735748291,48258,9,1
1771364174.78944,8_1,8,das_work,4.947626113891602,48258,9,1
1771364174.789569,11_1,11,das_work,7.524868726730347,48258,9,1
1771364174.7897117,13_0,13,das_work,7.178273677825928,48258,9,1
1771364186.7549958,12_2,12,das_work,5.875937223434448,48258,10,1
1771364186.7566924,13_1,13,das_work,5.843813180923462,48258,10,1
1771364186.7584653,11_2,11,das_work,3.4755873680114746,48258,10,1
1771364186.7590077,15_2,15,das_work,7.794854879379272,48258,10,1
1771364186.762409,9_2,9,das_work,5.702482461929321,48258,10,1
1771364186.7764597,8_2,8,das_work,4.160806179046631,48258,10,1
1771364186.777989,10_2,10,das_work,2.110048770904541,48258,10,1
1771364186.7797427,14_2,14,das_work,9.256914615631104,48258,10,1
1771364198.8072796,12_3,12,das_work,3.4539458751678467,48258,11,1
1771364198.8238118,10_3,10,das_work,3.587733507156372,48258,11,1
1771364198.8257256,8_3,8,das_work,3.3834190368652344,48258,11,1
1771364198.8270836,15_3,15,das_work,1.8432822227478027,48258,11,1
1771364198.8280544,13_2,13,das_work,2.8936398029327397,48258,11,1
1771364198.8323474,11_3,11,das_work,1.566819190979004,48258,11,1
1771364198.839094,9_3,9,das_work,9.598734855651855,48258,11,1
1771364198.845342,14_3,14,das_work,6.739443302154541,48258,11,1
1771364210.8339636,10_4,10,das_work,9.71007251739502,48258,12,1
1771364210.8347876,12_4,12,das_work,3.807522773742676,48258,12,1
1771364210.8353689,8_4,8,das_work,5.387505531311035,48258,12,1
1771364210.847474,13_3,13,das_work,3.866734743118286,48258,12,1
1771364210.8512423,15_4,15,das_work,5.634581089019775,48258,12,1
1771364210.854905,11_4,11,das_work,7.794570684432983,48258,12,1
1771364210.859156,9_4,9,das_work,3.834545135498047,48258,12,1
1771364210.8702283,14_4,14,das_work,3.7299630641937256,48258,12,1
1771364222.8637736,13_4,13,das_work,2.7005186080932617,48258,13,1
1771364198.803475,162_0,162,das_work,0.4937794208526611,48258,11,1
1771364198.813739,164_0,164,das_work,8.600595474243164,48258,11,1
1771364198.8291135,161_0,161,das_work,6.049586534500122,48258,11,1
1771364198.8332798,166_0,166,das_work,6.358177423477173,48258,11,1
1771364198.835297,160_0,160,das_work,8.292302131652832,48258,11,1
1771364198.841442,163_0,163,das_work,4.395498514175415,48258,11,1
1771364198.8463652,165_0,165,das_work,8.986317157745361,48258,11,1
1771364210.8310874,166_1,166,das_work,7.449430227279663,48258,12,1
1771364210.8342547,161_1,161,das_work,2.2109224796295166,48258,12,1
1771364210.8483713,162_1,162,das_work,3.383461236953736,48258,12,1
1771364210.8507185,165_1,165,das_work,1.2933049201965332,48258,12,1
1771364210.860386,167_0,167,das_work,11.32759690284729,48258,12,1
1771364210.8674986,160_1,160,das_work,1.0564162731170654,48258,12,1
1771364210.878162,163_1,163,das_work,1.29278302192688,48258,12,1
1771364210.8790205,164_1,164,das_work,9.149526357650757,48258,12,1
1771364222.8547769,161_2,161,das_work,5.160147428512573,48258,13,1
1771364222.8560362,164_2,164,das_work,2.776268720626831,48258,13,1
1771364222.8615637,166_2,166,das_work,6.8651885986328125,48258,13,1
1771364222.8640275,163_2,163,das_work,6.91041111946106,48258,13,1
1771364222.8667452,160_2,160,das_work,5.728668212890625,48258,13,1
1771364222.8715937,167_1,167,das_work,7.96431040763855,48258,13,1
1771364222.8830364,162_2,162,das_work,4.090476512908936,48258,13,1
1771364222.887421,165_2,165,das_work,2.911579370498657,48258,13,1
1771364234.8338747,165_3,165,das_work,1.5317497253417969,48258,14,1
1771364234.8394744,162_3,162,das_work,1.456124782562256,48258,14,1
1771364234.8484628,166_3,166,das_work,4.700240135192871,48258,14,1
1771364234.8513467,161_3,161,das_work,4.74594521522522,48258,14,1
1771364234.8686492,163_3,163,das_work,6.650513887405396,48258,14,1
1771364234.8692298,160_3,160,das_work,9.701698064804075,48258,14,1
1771364234.8751974,164_3,164,das_work,6.974058866500855,48258,14,1
1771364234.8832004,167_2,167,das_work,2.0863161087036133,48258,14,1
1771364246.8421495,165_4,165,das_work,2.431792736053467,48258,15,1
1771364246.8429165,167_3,167,das_work,8.155478239059448,48258,15,1
1771364246.8504212,166_4,166,das_work,3.163672924041748,48258,15,1
1771364246.8510466,162_4,162,das_work,1.8216805458068848,48258,15,1
1771364246.873039,163_4,163,das_work,3.0953078269958496,48258,15,1
1771364246.876202,161_4,161,das_work,5.896790266036987,48258,15,1
1771364246.8893805,160_4,160,das_work,4.70202112197876,48258,15,1
1771364246.8910415,164_4,164,das_work,1.9490904808044436,48258,15,1
1771364258.8629384,167_4,167,das_work,3.9155831336975098,48258,16,1
1771364198.8248596,174_0,174,das_work,2.7209863662719727,48258,11,1
1771364198.8383083,169_0,169,das_work,0.7424125671386719,48258,11,1
1771364198.844396,172_0,172,das_work,5.684080123901367,48258,11,1
1771364198.8449965,171_0,171,das_work,7.063635349273682,48258,11,1
1771364210.829748,171_1,171,das_work,6.128228664398193,48258,12,1
1771364210.8382106,172_1,172,das_work,3.1841423511505127,48258,12,1
1771364210.8536696,170_0,170,das_work,3.494680166244507,48258,12,1
1771364210.858322,168_0,168,das_work,6.6355955600738525,48258,12,1
1771364210.8754635,173_0,173,das_work,8.62859058380127,48258,12,1
1771364210.88297,174_1,174,das_work,0.5516328811645508,48258,12,1
1771364210.8868177,169_1,169,das_work,9.880953550338743,48258,12,1
1771364222.8545904,172_2,172,das_work,3.0574448108673096,48258,13,1
1771364222.8709102,171_2,171,das_work,7.855229139328003,48258,13,1
1771364222.873161,170_1,170,das_work,2.449620246887207,48258,13,1
1771364222.8839414,174_2,174,das_work,7.926723718643188,48258,13,1
1771364222.88826,169_2,169,das_work,5.775197505950928,48258,13,1
1771364222.8908346,168_1,168,das_work,9.86417531967163,48258,13,1
1771364222.8988814,173_1,173,das_work,2.310222864151001,48258,13,1
1771364222.909412,175_0,175,das_work,12.067837715148926,48258,13,1
1771364234.845749,171_3,171,das_work,1.4594812393188477,48258,14,1
1771364234.8497157,173_2,173,das_work,3.907001256942749,48258,14,1
1771364234.8517628,174_3,174,das_work,9.523006200790403,48258,14,1
1771364234.855652,172_3,172,das_work,1.2871818542480469,48258,14,1
1771364234.856346,170_2,170,das_work,8.534333229064941,48258,14,1
1771364234.8597326,169_3,169,das_work,7.116456985473633,48258,14,1
1771364234.8607872,175_1,175,das_work,8.377645015716553,48258,14,1
1771364234.8640575,168_2,168,das_work,8.229708671569824,48258,14,1
1771364246.842934,174_4,174,das_work,8.656179189682007,48258,15,1
1771364246.8545518,172_4,172,das_work,2.859755516052246,48258,15,1
1771364246.875529,173_3,173,das_work,5.846385955810547,48258,15,1
1771364246.8788722,175_2,175,das_work,6.9521331787109375,48258,15,1
1771364246.8814578,168_3,168,das_work,1.9781620502471924,48258,15,1
1771364246.882761,169_4,169,das_work,9.425238370895386,48258,15,1
1771364246.8834257,170_3,170,das_work,2.498492956161499,48258,15,1
1771364246.9020677,171_4,171,das_work,8.063560962677002,48258,15,1
1771364258.8375342,175_3,175,das_work,6.666561603546143,48258,16,1
1771364258.8480508,173_4,173,das_work,7.922653913497925,48258,16,1
1771364258.864333,170_4,170,das_work,8.474589109420776,48258,16,1
1771364258.8650155,168_4,168,das_work,9.756646871566772,48258,16,1
1771364270.8245096,175_4,175,das_work,9.449741125106812,48258,17,1
1771364198.8218925,181_0,181,das_work,2.622403144836426,48258,11,1
1771364198.8469174,180_0,180,das_work,3.814017534255981,48258,11,1
1771364198.8474796,179_0,179,das_work,2.9385008811950684,48258,11,1
1771364210.8593404,182_0,182,das_work,10.114551067352297,48258,12,1
1771364210.86772,178_0,178,das_work,8.470336198806763,48258,12,1
1771364210.8706536,179_1,179,das_work,2.099781990051269,48258,12,1
1771364210.8714294,181_1,181,das_work,6.302035093307495,48258,12,1
1771364210.8719838,176_0,176,das_work,5.515893936157227,48258,12,1
1771364210.8766258,177_0,177,das_work,8.99826192855835,48258,12,1
1771364210.8807292,180_1,180,das_work,2.6988141536712646,48258,12,1
1771364210.8839293,183_0,183,das_work,7.019248008728027,48258,12,1
1771364222.844519,180_2,180,das_work,6.64483904838562,48258,13,1
1771364222.8459787,183_1,183,das_work,0.8040707111358643,48258,13,1
1771364222.8687823,182_1,182,das_work,0.8276693820953369,48258,13,1
1771364222.8724723,177_1,177,das_work,9.692408561706545,48258,13,1
1771364222.8766823,179_2,179,das_work,8.237391471862793,48258,13,1
1771364222.87763,181_2,181,das_work,3.199375629425049,48258,13,1
1771364222.8815138,178_1,178,das_work,8.685600757598877,48258,13,1
1771364222.893267,176_1,176,das_work,3.648710012435913,48258,13,1
1771364234.8396764,180_3,180,das_work,8.49834132194519,48258,14,1
1771364234.843987,178_2,178,das_work,2.3840668201446533,48258,14,1
1771364234.845694,176_2,176,das_work,3.779771089553833,48258,14,1
1771364234.8473957,177_2,177,das_work,9.064430475234984,48258,14,1
1771364234.866198,182_2,182,das_work,2.467108726501465,48258,14,1
1771364234.8817835,179_3,179,das_work,6.3317179679870605,48258,14,1
1771364234.88578,183_2,183,das_work,6.957355737686157,48258,14,1
1771364234.8922586,181_3,181,das_work,5.655810117721558,48258,14,1
1771364246.8464284,182_3,182,das_work,7.645639419555664,48258,15,1
1771364246.857402,183_3,183,das_work,1.7665257453918457,48258,15,1
1771364246.857957,177_3,177,das_work,5.52762246131897,48258,15,1
1771364246.86002,180_4,180,das_work,2.3631627559661865,48258,15,1
1771364246.8705685,181_4,181,das_work,0.5817694664001465,48258,15,1
1771364246.8832314,176_3,176,das_work,1.1107659339904783,48258,15,1
1771364246.889133,179_4,179,das_work,3.5782456398010254,48258,15,1
1771364246.8957884,178_3,178,das_work,8.992584943771362,48258,15,1
1771364258.8463547,182_4,182,das_work,7.505601167678833,48258,16,1
1771364258.8709292,178_4,178,das_work,1.6242616176605225,48258,16,1
1771364258.8724124,176_4,176,das_work,4.631953954696655,48258,16,1
1771364258.8752348,177_4,177,das_work,9.221165657043455,48258,16,1
1771364258.8819864,183_4,183,das_work,8.307076215744019,48258,16,1
1771364198.806689,186_0,186,das_work,3.825357437133789,48258,11,1
1771364210.8360355,189_0,189,das_work,4.756903171539307,48258,12,1
1771364210.8387418,186_1,186,das_work,7.030411720275879,48258,12,1
1771364210.852029,185_0,185,das_work,10.509145259857178,48258,12,1
1771364210.8731978,190_0,190,das_work,6.139490842819214,48258,12,1
1771364210.87375,187_0,187,das_work,0.8710675239562988,48258,12,1
1771364210.8767772,188_0,188,das_work,10.71119260787964,48258,12,1
1771364210.880919,191_0,191,das_work,10.079474449157717,48258,12,1
1771364222.8564885,188_1,188,das_work,4.21912145614624,48258,13,1
1771364222.8566022,185_1,185,das_work,4.248350620269775,48258,13,1
1771364222.8655612,189_1,189,das_work,1.9309957027435305,48258,13,1
1771364222.8669057,187_1,187,das_work,8.819769859313965,48258,13,1
1771364222.868982,186_2,186,das_work,7.541180610656738,48258,13,1
1771364222.871179,184_0,184,das_work,8.374682903289795,48258,13,1
1771364222.914264,190_1,190,das_work,1.7449936866760254,48258,13,1
1771364234.8351705,184_1,184,das_work,6.992920875549316,48258,14,1
1771364234.8357835,189_2,189,das_work,9.017431020736694,48258,14,1
1771364234.8408515,185_2,185,das_work,8.039871215820312,48258,14,1
1771364234.8486435,190_2,190,das_work,6.209432363510132,48258,14,1
1771364234.8534243,187_2,187,das_work,0.7475447654724121,48258,14,1
1771364234.85916,186_3,186,das_work,0.9193432331085204,48258,14,1
1771364234.872832,191_1,191,das_work,12.261799097061155,48258,14,1
1771364234.8931026,188_2,188,das_work,6.321569919586182,48258,14,1
1771364246.842359,186_4,186,das_work,9.671007633209229,48258,15,1
1771364246.8460083,184_2,184,das_work,7.836631536483765,48258,15,1
1771364246.8534062,185_3,185,das_work,4.518998861312866,48258,15,1
1771364246.8672335,187_3,187,das_work,8.605602025985718,48258,15,1
1771364246.8692205,190_3,190,das_work,2.046304941177368,48258,15,1
1771364246.873,188_3,188,das_work,8.561705827713013,48258,15,1
1771364246.8900511,191_2,191,das_work,2.4347331523895264,48258,15,1
1771364246.893022,189_3,189,das_work,2.7483460903167725,48258,15,1
1771364258.836907,190_4,190,das_work,1.5593459606170654,48258,16,1
1771364258.844134,189_4,189,das_work,9.83534836769104,48258,16,1
1771364258.8454168,187_4,187,das_work,4.541506052017212,48258,16,1
1771364258.8516648,188_4,188,das_work,2.91643500328064,48258,16,1
1771364258.8592937,184_3,184,das_work,4.903499841690064,48258,16,1
1771364258.8825593,191_3,191,das_work,7.513326406478882,48258,16,1
1771364258.888525,185_4,185,das_work,8.540348052978516,48258,16,1
1771364270.8022437,191_4,191,das_work,7.11023211479187,48258,17,1
1771364270.823338,184_4,184,das_work,4.8071064949035645,48258,17,1
1771364198.8177109,197_0,197,das_work,4.906772613525391,48258,11,1
1771364198.844627,199_0,199,das_work,0.4050328731536865,48258,11,1
1771364210.838364,194_0,194,das_work,11.95844864845276,48258,12,1
1771364210.8477328,193_0,193,das_work,1.3211979866027832,48258,12,1
1771364210.854681,195_0,195,das_work,6.364404916763306,48258,12,1
1771364210.8596573,196_0,196,das_work,9.348916292190552,48258,12,1
1771364210.8683696,197_1,197,das_work,5.629105091094971,48258,12,1
1771364210.8794844,192_0,192,das_work,10.774709224700928,48258,12,1
1771364210.8823438,198_0,198,das_work,7.786173820495605,48258,12,1
1771364210.883982,199_1,199,das_work,7.681685447692871,48258,12,1
1771364222.844381,193_1,193,das_work,8.152661323547363,48258,13,1
1771364222.845738,199_2,199,das_work,1.713423728942871,48258,13,1
1771364222.8469071,197_2,197,das_work,0.3756670951843261,48258,13,1
1771364222.851051,195_1,195,das_work,3.460498094558716,48258,13,1
1771364222.87753,192_1,192,das_work,6.338257789611816,48258,13,1
1771364222.8959537,194_1,194,das_work,7.238677740097046,48258,13,1
1771364222.8968358,196_1,196,das_work,1.081859111785889,48258,13,1
1771364222.898774,198_1,198,das_work,6.578219413757324,48258,13,1
1771364234.8357935,196_2,196,das_work,8.069740056991577,48258,14,1
1771364234.8499446,194_2,194,das_work,9.649186372756958,48258,14,1
1771364234.850773,199_3,199,das_work,8.497839450836182,48258,14,1
1771364234.8583455,193_2,193,das_work,2.732462167739868,48258,14,1
1771364234.8639882,192_2,192,das_work,0.9120357036590576,48258,14,1
1771364234.865467,195_2,195,das_work,3.905547380447388,48258,14,1
1771364234.869723,197_3,197,das_work,1.8990561962127688,48258,14,1
1771364234.8900208,198_2,198,das_work,5.22595739364624,48258,14,1
1771364246.8409324,195_3,195,das_work,8.64446234703064,48258,15,1
1771364246.8446858,198_3,198,das_work,5.420001268386841,48258,15,1
1771364246.849006,192_3,192,das_work,6.214749097824097,48258,15,1
1771364246.8589303,199_4,199,das_work,8.986378192901611,48258,15,1
1771364246.8636713,196_3,196,das_work,6.310795783996582,48258,15,1
1771364246.8718717,193_3,193,das_work,3.2440309524536133,48258,15,1
1771364246.8872168,197_4,197,das_work,8.185227155685425,48258,15,1
1771364246.8935432,194_3,194,das_work,1.0031979084014893,48258,15,1
1771364258.841409,193_4,193,das_work,5.147054672241211,48258,16,1
1771364258.8489406,192_4,192,das_work,9.14156174659729,48258,16,1
1771364258.849787,195_4,195,das_work,8.429848194122314,48258,16,1
1771364258.8531537,198_4,198,das_work,1.7442190647125244,48258,16,1
1771364258.8591485,194_4,194,das_work,3.9402859210968018,48258,16,1
1771364258.8613536,196_4,196,das_work,4.976799011230469,48258,16,1
1771364210.8506553,204_0,204,das_work,5.640648365020752,48258,12,1
1771364210.852631,206_0,206,das_work,7.156783103942871,48258,12,1
1771364210.8556526,205_0,205,das_work,1.4402005672454834,48258,12,1
1771364210.8695674,203_0,203,das_work,7.767416477203369,48258,12,1
1771364210.878936,200_0,200,das_work,4.54875922203064,48258,12,1
1771364210.882825,201_0,201,das_work,2.66713285446167,48258,12,1
1771364222.847386,206_1,206,das_work,0.7336194515228271,48258,13,1
1771364222.8475578,204_1,204,das_work,6.931469202041626,48258,13,1
1771364222.8699574,205_1,205,das_work,8.6107919216156,48258,13,1
1771364222.8786645,201_1,201,das_work,9.21076726913452,48258,13,1
1771364222.883742,207_0,207,das_work,9.534356594085692,48258,13,1
1771364222.885872,203_1,203,das_work,0.7592473030090332,48258,13,1
1771364222.9111552,202_0,202,das_work,10.653876304626465,48258,13,1
1771364222.9150414,200_1,200,das_work,4.692023515701294,48258,13,1
1771364234.8386734,206_2,206,das_work,7.93800950050354,48258,14,1
1771364234.847195,203_2,203,das_work,2.057590246200561,48258,14,1
1771364234.851108,205_2,205,das_work,2.615037202835083,48258,14,1
1771364234.8662214,201_2,201,das_work,1.4579014778137207,48258,14,1
1771364234.8710146,204_2,204,das_work,8.587351560592651,48258,14,1
1771364234.8716722,200_2,200,das_work,7.921592473983765,48258,14,1
1771364234.8806362,202_1,202,das_work,9.890710830688477,48258,14,1
1771364234.8877804,207_1,207,das_work,6.840100526809692,48258,14,1
1771364246.8478112,207_2,207,das_work,6.833791494369507,48258,15,1
1771364246.851921,203_3,203,das_work,6.04325270652771,48258,15,1
1771364246.8607678,201_3,201,das_work,7.854804277420044,48258,15,1
1771364246.86244,206_3,206,das_work,3.0803029537200928,48258,15,1
1771364246.863748,204_3,204,das_work,2.1492927074432373,48258,15,1
1771364246.8707223,205_3,205,das_work,4.435824871063232,48258,15,1
1771364246.8798077,200_3,200,das_work,7.753859043121338,48258,15,1
1771364246.892059,202_2,202,das_work,5.436890602111816,48258,15,1
1771364258.8447633,201_4,201,das_work,8.115799188613892,48258,16,1
1771364258.8503993,207_3,207,das_work,7.755527496337891,48258,16,1
1771364258.852593,204_4,204,das_work,8.436747789382935,48258,16,1
1771364258.8543837,205_4,205,das_work,6.022995710372925,48258,16,1
1771364258.8610055,202_3,202,das_work,8.579904079437256,48258,16,1
1771364258.866632,203_4,203,das_work,2.601679563522339,48258,16,1
1771364258.871831,200_4,200,das_work,2.272926092147827,48258,16,1
1771364258.88016,206_4,206,das_work,9.247997999191284,48258,16,1
1771364270.821388,207_4,207,das_work,5.2423930168151855,48258,17,1
1771364270.8461096,202_4,202,das_work,6.644291877746582,48258,17,1
1771364210.840815,212_0,212,das_work,7.87052321434021,48258,12,1
1771364210.8698616,214_0,214,das_work,4.12432599067688,48258,12,1
1771364210.876183,209_0,209,das_work,3.868098974227905,48258,12,1
1771364210.8821738,215_0,215,das_work,2.169013977050781,48258,12,1
1771364222.8734434,212_1,212,das_work,8.093077659606934,48258,13,1
1771364222.8757117,211_0,211,das_work,10.223545551300049,48258,13,1
1771364222.8768046,214_1,214,das_work,1.3212785720825195,48258,13,1
1771364222.8783343,208_0,208,das_work,4.942251443862915,48258,13,1
1771364222.8982017,215_1,215,das_work,7.423289775848389,48258,13,1
1771364222.908501,210_0,210,das_work,3.9801738262176514,48258,13,1
1771364222.9118333,213_0,213,das_work,12.212043762207031,48258,13,1
1771364222.9152367,209_1,209,das_work,7.362704992294311,48258,13,1
1771364234.8373578,213_1,213,das_work,2.561974287033081,48258,14,1
1771364234.8379793,212_2,212,das_work,5.199441432952881,48258,14,1
1771364234.8453443,210_1,210,das_work,7.77310299873352,48258,14,1
1771364234.8605378,214_2,214,das_work,7.84139609336853,48258,14,1
1771364234.861178,209_2,209,das_work,2.4753146171569824,48258,14,1
1771364234.8616674,215_2,215,das_work,5.253295183181763,48258,14,1
1771364234.8630106,208_1,208,das_work,1.227827787399292,48258,14,1
1771364234.8680165,211_1,211,das_work,5.95204758644104,48258,14,1
1771364246.8610036,213_2,213,das_work,1.050458908081055,48258,15,1
1771364246.866799,215_3,215,das_work,6.049575328826904,48258,15,1
1771364246.870993,208_2,208,das_work,2.136183023452759,48258,15,1
1771364246.8715105,211_2,211,das_work,6.094141006469727,48258,15,1
1771364246.877839,210_2,210,das_work,3.706357479095459,48258,15,1
1771364246.878348,214_3,214,das_work,7.324042797088623,48258,15,1
1771364246.881256,209_3,209,das_work,9.557788848876951,48258,15,1
1771364246.891628,212_3,212,das_work,5.07391619682312,48258,15,1
1771364258.8431013,211_3,211,das_work,1.1498677730560305,48258,16,1
1771364258.8457527,210_3,210,das_work,1.0427496433258057,48258,16,1
1771364258.846481,214_4,214,das_work,2.228357315063477,48258,16,1
1771364258.8754408,212_4,212,das_work,9.121145725250244,48258,16,1
1771364258.878152,209_4,209,das_work,8.293850898742676,48258,16,1
1771364258.8800282,213_3,213,das_work,0.9317858219146729,48258,16,1
1771364258.8814056,215_4,215,das_work,6.018708229064941,48258,16,1
1771364258.8892713,208_3,208,das_work,7.0138115882873535,48258,16,1
1771364270.8095987,210_4,210,das_work,1.59668231010437,48258,17,1
1771364270.8108144,213_4,213,das_work,5.270142078399658,48258,17,1
1771364270.833181,208_4,208,das_work,6.966465473175049,48258,17,1
1771364270.8409677,211_4,211,das_work,2.0647342205047607,48258,17,1
1771364210.8586037,218_0,218,das_work,1.537048578262329,48258,12,1
1771364210.8695858,222_0,222,das_work,1.7797210216522217,48258,12,1
1771364210.8741405,219_0,219,das_work,2.7382326126098637,48258,12,1
1771364222.844189,223_0,223,das_work,4.9503278732299805,48258,13,1
1771364222.8673482,217_0,217,das_work,7.228628873825073,48258,13,1
1771364222.870365,222_1,222,das_work,2.5047378540039062,48258,13,1
1771364222.8967936,221_0,221,das_work,11.165756225585938,48258,13,1
1771364222.8974507,218_1,218,das_work,6.140770196914673,48258,13,1
1771364222.899938,219_1,219,das_work,2.681386709213257,48258,13,1
1771364222.9089973,220_0,220,das_work,11.539087772369385,48258,13,1
1771364222.9130948,216_0,216,das_work,9.031317472457886,48258,13,1
1771364234.8405137,219_2,219,das_work,9.42667269706726,48258,14,1
1771364234.8422115,221_1,221,das_work,2.445369005203247,48258,14,1
1771364234.843148,223_1,223,das_work,7.445520877838135,48258,14,1
1771364234.8468444,218_2,218,das_work,4.413679361343384,48258,14,1
1771364234.861842,216_1,216,das_work,1.0699090957641602,48258,14,1
1771364234.870241,220_1,220,das_work,4.614605903625488,48258,14,1
1771364234.8777874,222_2,222,das_work,5.101941823959351,48258,14,1
1771364234.8861744,217_1,217,das_work,5.195448160171509,48258,14,1
1771364246.8474674,218_3,218,das_work,4.113262414932251,48258,15,1
1771364246.85067,223_2,223,das_work,1.077493667602539,48258,15,1
1771364246.864389,222_3,222,das_work,1.5092806816101074,48258,15,1
1771364246.8747864,217_2,217,das_work,6.7318336963653564,48258,15,1
1771364246.87591,220_2,220,das_work,2.4134557247161865,48258,15,1
1771364246.8793852,221_2,221,das_work,3.693982601165772,48258,15,1
1771364246.879891,216_2,216,das_work,1.312726974487305,48258,15,1
1771364246.8942971,219_3,219,das_work,7.053699493408203,48258,15,1
1771364258.8379464,217_3,217,das_work,1.992828607559204,48258,16,1
1771364258.8434873,222_4,222,das_work,2.524578809738159,48258,16,1
1771364258.844148,218_4,218,das_work,0.2675840854644775,48258,16,1
1771364258.8582776,216_3,216,das_work,8.681099891662598,48258,16,1
1771364258.8648002,220_3,220,das_work,3.9759581089019775,48258,16,1
1771364258.8671243,219_4,219,das_work,6.90078067779541,48258,16,1
1771364258.8683903,223_3,223,das_work,8.540296077728271,48258,16,1
1771364258.873845,221_3,221,das_work,4.039594888687134,48258,16,1
1771364270.8071828,221_4,221,das_work,9.547396898269652,48258,17,1
1771364270.817119,223_4,223,das_work,1.0767066478729248,48258,17,1
1771364270.8209803,216_4,216,das_work,4.8327507972717285,48258,17,1
1771364270.8393898,220_4,220,das_work,3.285215139389038,48258,17,1
1771364270.8436668,217_4,217,das_work,1.9724910259246824,48258,17,1
1771364210.853958,231_0,231,das_work,6.720686674118042,48258,12,1
1771364210.861658,228_0,228,das_work,7.6600165367126465,48258,12,1
1771364210.885236,229_0,229,das_work,2.105185031890869,48258,12,1
1771364222.8896909,228_1,228,das_work,9.149019002914429,48258,13,1
1771364222.8921523,229_1,229,das_work,6.487544536590576,48258,13,1
1771364222.8968432,225_0,225,das_work,3.1047797203063965,48258,13,1
1771364222.8992562,230_0,230,das_work,10.30304193496704,48258,13,1
1771364222.9088128,231_1,231,das_work,2.18738865852356,48258,13,1
1771364222.9094384,227_0,227,das_work,8.870355367660522,48258,13,1
1771364222.9110518,226_0,226,das_work,8.457122564315796,48258,13,1
1771364222.9133162,224_0,224,das_work,11.19179654121399,48258,13,1
1771364234.8326828,224_1,224,das_work,6.58906888961792,48258,14,1
1771364234.8342357,231_2,231,das_work,2.098640918731689,48258,14,1
1771364234.8382983,227_1,227,das_work,3.121589422225952,48258,14,1
1771364234.8441927,229_2,229,das_work,4.781110048294067,48258,14,1
1771364234.8480043,228_2,228,das_work,1.0507426261901855,48258,14,1
1771364234.8514206,230_1,230,das_work,1.693916082382202,48258,14,1
1771364234.85474,226_1,226,das_work,6.628403663635254,48258,14,1
1771364234.891372,225_1,225,das_work,8.503169536590576,48258,14,1
1771364246.841551,230_2,230,das_work,2.523550510406494,48258,15,1
1771364246.8587234,226_2,226,das_work,6.470820188522339,48258,15,1
1771364246.867,227_2,227,das_work,1.756798505783081,48258,15,1
1771364246.8690565,228_3,228,das_work,4.3443708419799805,48258,15,1
1771364246.871526,224_2,224,das_work,4.385834932327271,48258,15,1
1771364246.8720458,229_3,229,das_work,3.102935552597046,48258,15,1
1771364246.8763394,231_3,231,das_work,4.94527006149292,48258,15,1
1771364246.8836484,225_2,225,das_work,2.1980762481689453,48258,15,1
1771364258.839218,224_3,224,das_work,4.848223924636841,48258,16,1
1771364258.8521435,230_3,230,das_work,1.5018763542175293,48258,16,1
1771364258.8555813,227_3,227,das_work,9.25660252571106,48258,16,1
1771364258.8722637,231_4,231,das_work,0.8183274269104004,48258,16,1
1771364258.8766563,229_4,229,das_work,2.28843355178833,48258,16,1
1771364258.8811295,226_3,226,das_work,1.7852387428283691,48258,16,1
1771364258.8895175,228_4,228,das_work,1.0608136653900146,48258,16,1
1771364258.8902135,225_3,225,das_work,5.49284815788269,48258,16,1
1771364270.8149807,230_4,230,das_work,1.220606565475464,48258,17,1
1771364270.8217978,225_4,225,das_work,7.991863489151001,48258,17,1
1771364270.8238482,227_4,227,das_work,5.288624048233032,48258,17,1
1771364270.8270876,224_4,224,das_work,5.026983261108398,48258,17,1
1771364270.843343,226_4,226,das_work,7.349396467208862,48258,17,1
1771364210.839737,233_0,233,das_work,6.666768789291382,48258,12,1
1771364222.873437,236_0,236,das_work,6.997495889663696,48258,13,1
1771364222.8843374,239_0,239,das_work,9.250840425491331,48258,13,1
1771364222.885031,233_1,233,das_work,9.430655002593994,48258,13,1
1771364222.896083,237_0,237,das_work,5.489040851593018,48258,13,1
1771364222.9096284,235_0,235,das_work,7.782896041870117,48258,13,1
1771364222.9137166,234_0,234,das_work,3.792994737625122,48258,13,1
1771364222.9145591,238_0,238,das_work,4.522340536117554,48258,13,1
1771364234.8518984,236_1,236,das_work,10.084041118621826,48258,14,1
1771364234.8537338,234_1,234,das_work,9.496329545974731,48258,14,1
1771364234.8592918,239_1,239,das_work,6.390658617019653,48258,14,1
1771364234.8637848,233_2,233,das_work,6.0209009647369385,48258,14,1
1771364234.8653495,235_1,235,das_work,3.1218533515930176,48258,14,1
1771364234.8690772,232_0,232,das_work,10.85806369781494,48258,14,1
1771364234.8789656,237_1,237,das_work,3.545984506607056,48258,14,1
1771364234.8871715,238_1,238,das_work,0.9319500923156738,48258,14,1
1771364246.8522534,232_1,232,das_work,7.674445390701294,48258,15,1
1771364246.8558044,236_2,236,das_work,4.240402460098267,48258,15,1
1771364246.8633957,235_2,235,das_work,2.677328824996948,48258,15,1
1771364246.8826082,234_2,234,das_work,2.5469937324523926,48258,15,1
1771364246.8838425,239_2,239,das_work,4.395157098770142,48258,15,1
1771364246.892413,237_2,237,das_work,5.831740140914917,48258,15,1
1771364246.9004724,233_3,233,das_work,7.838198184967041,48258,15,1
1771364246.9024024,238_2,238,das_work,6.130799770355225,48258,15,1
1771364258.833141,232_2,232,das_work,5.829183101654053,48258,16,1
1771364258.8471158,239_3,239,das_work,7.615555763244629,48258,16,1
1771364258.8514838,233_4,233,das_work,5.064889669418335,48258,16,1
1771364258.861281,238_3,238,das_work,8.288777351379395,48258,16,1
1771364258.8619678,235_3,235,das_work,6.575880765914917,48258,16,1
1771364258.8710566,234_3,234,das_work,4.243292331695557,48258,16,1
1771364258.871614,237_3,237,das_work,3.2452516555786133,48258,16,1
1771364258.8827314,236_3,236,das_work,8.34818696975708,48258,16,1
1771364270.803506,235_4,235,das_work,9.111005783081056,48258,17,1
1771364270.8093843,237_4,237,das_work,1.5588593482971191,48258,17,1
1771364270.819089,232_3,232,das_work,2.4698705673217773,48258,17,1
1771364270.8229797,239_4,239,das_work,6.519327402114868,48258,17,1
1771364270.8283262,238_4,238,das_work,3.2546286582946777,48258,17,1
1771364270.8336184,234_4,234,das_work,8.827702760696411,48258,17,1
1771364270.842952,236_4,236,das_work,5.371429443359375,48258,17,1
1771364282.7639422,232_4,232,das_work,8.65059757232666,48258,18,1
1771364162.6999557,16_0,16,das_work,1.991051435470581,48258,8,1
1771364162.713112,19_0,19,das_work,5.141016483306885,48258,8,1
1771364162.7391822,20_0,20,das_work,4.221012115478516,48258,8,1
1771364162.757764,22_0,22,das_work,7.194844484329224,48258,8,1
1771364162.7665918,18_0,18,das_work,6.3678247928619385,48258,8,1
1771364174.7414887,19_1,19,das_work,7.962120771408081,48258,9,1
1771364174.7421982,18_1,18,das_work,6.636487722396851,48258,9,1
1771364174.7442226,20_1,20,das_work,3.1511471271514893,48258,9,1
1771364174.7451034,16_1,16,das_work,5.241856813430786,48258,9,1
1771364174.745338,21_0,21,das_work,8.856442928314209,48258,9,1
1771364174.7455022,22_1,22,das_work,8.04913854598999,48258,9,1
1771364174.7461023,17_0,17,das_work,11.17851185798645,48258,9,1
1771364174.7658818,23_0,23,das_work,12.1060209274292,48258,9,1
1771364186.7552257,19_2,19,das_work,8.249037742614746,48258,10,1
1771364186.755411,18_2,18,das_work,3.6667284965515137,48258,10,1
1771364186.7555652,22_2,22,das_work,3.002217531204224,48258,10,1
1771364186.758118,16_2,16,das_work,8.668490886688232,48258,10,1
1771364186.7842286,23_1,23,das_work,5.857858419418335,48258,10,1
1771364186.7892327,20_2,20,das_work,7.499714612960815,48258,10,1
1771364186.791617,21_1,21,das_work,6.773281097412109,48258,10,1
1771364186.7922063,17_1,17,das_work,4.4934797286987305,48258,10,1
1771364198.807655,16_3,16,das_work,4.346230030059815,48258,11,1
1771364198.815747,21_2,21,das_work,2.070450782775879,48258,11,1
1771364198.8224635,22_3,22,das_work,5.072484970092773,48258,11,1
1771364198.8225772,23_2,23,das_work,8.54137635231018,48258,11,1
1771364198.8227074,17_2,17,das_work,8.117828607559204,48258,11,1
1771364198.8274431,19_3,19,das_work,8.9365074634552,48258,11,1
1771364198.8429506,18_3,18,das_work,4.771929025650024,48258,11,1
1771364198.843525,20_3,20,das_work,5.97315526008606,48258,11,1
1771364210.8302104,20_4,20,das_work,6.500624895095825,48258,12,1
1771364210.834502,23_3,23,das_work,5.503360271453857,48258,12,1
1771364210.8423514,18_4,18,das_work,2.4233713150024414,48258,12,1
1771364210.8611152,17_3,17,das_work,5.505761384963989,48258,12,1
1771364210.8713388,21_3,21,das_work,8.00204873085022,48258,12,1
1771364210.8763323,22_4,22,das_work,6.319790363311768,48258,12,1
1771364210.8773737,16_4,16,das_work,1.6981561183929443,48258,12,1
1771364210.8812144,19_4,19,das_work,5.286678552627564,48258,12,1
1771364222.8469934,23_4,23,das_work,4.158074378967285,48258,13,1
1771364222.8722138,17_4,17,das_work,3.8565597534179688,48258,13,1
1771364222.8833294,21_4,21,das_work,5.868487119674683,48258,13,1
1771364210.8807557,244_0,244,das_work,0.7820115089416504,48258,12,1
1771364222.8538473,246_0,246,das_work,4.255140542984009,48258,13,1
1771364222.8726532,243_0,243,das_work,10.84641695022583,48258,13,1
1771364222.893958,241_0,241,das_work,4.302514314651489,48258,13,1
1771364222.895016,245_0,245,das_work,3.5046141147613525,48258,13,1
1771364222.896565,247_0,247,das_work,3.948167324066162,48258,13,1
1771364222.9103694,242_0,242,das_work,6.888047933578491,48258,13,1
1771364222.913398,244_1,244,das_work,7.684843063354492,48258,13,1
1771364222.9143107,240_0,240,das_work,1.2077796459197998,48258,13,1
1771364234.832675,240_1,240,das_work,5.875048875808716,48258,14,1
1771364234.8337357,242_1,242,das_work,2.8768985271453857,48258,14,1
1771364234.8494444,247_1,247,das_work,5.910525798797607,48258,14,1
1771364234.8570056,244_2,244,das_work,8.789168357849121,48258,14,1
1771364234.8600078,246_1,246,das_work,9.966091871261597,48258,14,1
1771364234.8627431,241_1,241,das_work,8.82781434059143,48258,14,1
1771364234.8743415,245_1,245,das_work,6.080233335494995,48258,14,1
1771364234.8758273,243_1,243,das_work,9.688776969909668,48258,14,1
1771364246.8651893,243_2,243,das_work,1.2436392307281494,48258,15,1
1771364246.8685255,240_2,240,das_work,8.674947738647461,48258,15,1
1771364246.8753474,244_3,244,das_work,9.147490501403809,48258,15,1
1771364246.881286,241_2,241,das_work,8.8467857837677,48258,15,1
1771364246.885355,245_2,245,das_work,5.831812858581543,48258,15,1
1771364246.885907,242_2,242,das_work,0.3602030277252197,48258,15,1
1771364246.888104,247_2,247,das_work,8.612685680389404,48258,15,1
1771364246.8919,246_2,246,das_work,3.6450605392456055,48258,15,1
1771364258.835143,247_3,247,das_work,8.915956735610962,48258,16,1
1771364258.8377657,246_3,246,das_work,5.278493404388428,48258,16,1
1771364258.846118,242_3,242,das_work,6.624227523803711,48258,16,1
1771364258.8524482,240_3,240,das_work,9.077041864395142,48258,16,1
1771364258.8668857,241_3,241,das_work,9.087529182434082,48258,16,1
1771364258.8772085,244_4,244,das_work,6.679197072982788,48258,16,1
1771364258.8779736,243_3,243,das_work,3.773965358734131,48258,16,1
1771364258.881801,245_3,245,das_work,7.496140241622925,48258,16,1
1771364270.8023283,245_4,245,das_work,8.571189641952515,48258,17,1
1771364270.8045824,242_4,242,das_work,7.785574674606323,48258,17,1
1771364270.804755,243_4,243,das_work,1.6547455787658691,48258,17,1
1771364270.8050015,246_4,246,das_work,1.7248468399047852,48258,17,1
1771364270.811336,247_4,247,das_work,1.6297521591186523,48258,17,1
1771364270.8233953,240_4,240,das_work,0.803992748260498,48258,17,1
1771364270.8339083,241_4,241,das_work,6.3683857917785645,48258,17,1
1771364210.8572092,250_0,250,das_work,3.179957628250122,48258,12,1
1771364222.8534863,252_0,252,das_work,4.715091943740845,48258,13,1
1771364222.8617845,250_1,250,das_work,9.95008420944214,48258,13,1
1771364222.8972151,254_0,254,das_work,4.135206699371338,48258,13,1
1771364222.9083352,253_0,253,das_work,4.335012197494507,48258,13,1
1771364222.913051,249_0,249,das_work,4.112058401107788,48258,13,1
1771364222.913281,251_0,251,das_work,6.351660251617432,48258,13,1
1771364234.8523302,252_1,252,das_work,4.088693380355835,48258,14,1
1771364234.861568,254_1,254,das_work,8.804921865463257,48258,14,1
1771364234.8673186,248_0,248,das_work,9.902212142944336,48258,14,1
1771364234.869569,249_1,249,das_work,4.823803186416626,48258,14,1
1771364234.8701148,250_2,250,das_work,1.9978687763214111,48258,14,1
1771364234.871642,255_0,255,das_work,11.711180210113524,48258,14,1
1771364234.8729048,251_1,251,das_work,8.254619359970093,48258,14,1
1771364234.886692,253_1,253,das_work,5.332836627960205,48258,14,1
1771364246.8542974,254_2,254,das_work,7.310351371765137,48258,15,1
1771364246.8548508,253_2,253,das_work,5.194165945053101,48258,15,1
1771364246.859439,251_2,251,das_work,5.748164415359497,48258,15,1
1771364246.8768842,255_1,255,das_work,4.163396120071411,48258,15,1
1771364246.8808498,250_3,250,das_work,8.554600238800049,48258,15,1
1771364246.886408,252_2,252,das_work,5.351763486862183,48258,15,1
1771364246.8938684,249_2,249,das_work,7.753530740737915,48258,15,1
1771364246.8954058,248_1,248,das_work,2.239641666412353,48258,15,1
1771364258.8337157,252_3,252,das_work,1.5690279006958008,48258,16,1
1771364258.8412368,248_2,248,das_work,7.397648811340332,48258,16,1
1771364258.8550978,250_4,250,das_work,2.860530138015747,48258,16,1
1771364258.855738,249_3,249,das_work,5.2883710861206055,48258,16,1
1771364258.8563523,254_3,254,das_work,1.799795389175415,48258,16,1
1771364258.8570464,251_3,251,das_work,6.855605125427246,48258,16,1
1771364258.8762767,253_3,253,das_work,2.165513753890991,48258,16,1
1771364258.8778937,255_2,255,das_work,6.1880717277526855,48258,16,1
1771364270.8118172,251_4,251,das_work,7.07989501953125,48258,17,1
1771364270.8158226,249_4,249,das_work,2.342740535736084,48258,17,1
1771364270.8173923,253_4,253,das_work,1.298078536987305,48258,17,1
1771364270.8187263,255_3,255,das_work,10.104315280914308,48258,17,1
1771364270.8271005,248_3,248,das_work,8.8180251121521,48258,17,1
1771364270.8342814,252_4,252,das_work,2.0771713256835938,48258,17,1
1771364270.836722,254_4,254,das_work,7.233472108840942,48258,17,1
1771364282.7679198,255_4,255,das_work,1.7407007217407229,48258,18,1
1771364294.747664,248_4,248,das_work,11.997146129608154,48258,19,1
1771364222.8750477,257_0,257,das_work,4.797085285186768,48258,13,1
1771364222.8817718,259_0,259,das_work,5.233086347579956,48258,13,1
1771364222.8937168,261_0,261,das_work,7.107255220413208,48258,13,1
1771364222.909344,263_0,263,das_work,9.314345359802246,48258,13,1
1771364222.9124906,258_0,258,das_work,1.331645965576172,48258,13,1
1771364222.913236,256_0,256,das_work,3.683406352996826,48258,13,1
1771364234.836166,263_1,263,das_work,1.7362401485443115,48258,14,1
1771364234.8376658,256_1,256,das_work,5.297492265701294,48258,14,1
1771364234.8411715,262_0,262,das_work,9.73719835281372,48258,14,1
1771364234.8451433,260_0,260,das_work,10.773200035095217,48258,14,1
1771364234.8670225,258_1,258,das_work,1.9715733528137207,48258,14,1
1771364234.8688085,257_1,257,das_work,9.579322099685667,48258,14,1
1771364234.8726044,261_1,261,das_work,2.0142505168914795,48258,14,1
1771364234.883484,259_1,259,das_work,5.736056089401245,48258,14,1
1771364246.8443909,259_2,259,das_work,1.857682466506958,48258,15,1
1771364246.8451378,261_2,261,das_work,0.8150296211242676,48258,15,1
1771364246.8501723,263_2,263,das_work,6.62865424156189,48258,15,1
1771364246.8549328,260_1,260,das_work,4.693871974945068,48258,15,1
1771364246.8621843,257_2,257,das_work,9.516022205352783,48258,15,1
1771364246.868322,258_2,258,das_work,4.136508941650391,48258,15,1
1771364246.8818934,262_1,262,das_work,2.1479272842407227,48258,15,1
1771364246.8868582,256_2,256,das_work,2.962380886077881,48258,15,1
1771364258.8347034,259_3,259,das_work,8.498340845108032,48258,16,1
1771364258.8375678,261_3,261,das_work,5.32346510887146,48258,16,1
1771364258.858482,256_3,256,das_work,8.92246150970459,48258,16,1
1771364258.8636563,262_2,262,das_work,4.065403461456299,48258,16,1
1771364258.8690088,258_3,258,das_work,2.305412530899048,48258,16,1
1771364258.8758037,263_3,263,das_work,2.964653730392456,48258,16,1
1771364258.8835516,257_3,257,das_work,6.817260265350342,48258,16,1
1771364258.89057,260_2,260,das_work,6.399974346160889,48258,16,1
1771364270.8081658,257_4,257,das_work,1.6160888671875,48258,17,1
1771364270.8086352,256_4,256,das_work,9.739716053009031,48258,17,1
1771364270.813947,262_3,262,das_work,5.75869083404541,48258,17,1
1771364270.8163676,259_4,259,das_work,3.857921600341797,48258,17,1
1771364270.8201065,261_4,261,das_work,3.4621119499206543,48258,17,1
1771364270.826829,263_4,263,das_work,5.606721878051758,48258,17,1
1771364270.8314474,258_4,258,das_work,8.304453134536743,48258,17,1
1771364270.839048,260_3,260,das_work,2.1664364337921143,48258,17,1
1771364282.769816,262_4,262,das_work,8.330564737319946,48258,18,1
1771364282.7782843,260_4,260,das_work,4.772255897521973,48258,18,1
1771364222.8607218,265_0,265,das_work,2.859663248062134,48258,13,1
1771364222.8915713,266_0,266,das_work,9.034220695495604,48258,13,1
1771364222.9138591,269_0,269,das_work,4.325579881668091,48258,13,1
1771364234.8373897,267_0,267,das_work,9.595194339752195,48258,14,1
1771364234.8398092,265_1,265,das_work,5.549627780914307,48258,14,1
1771364234.8573103,264_0,264,das_work,8.487069606781006,48258,14,1
1771364234.869302,271_0,271,das_work,4.442180633544922,48258,14,1
1771364234.8734674,270_0,270,das_work,6.626280069351196,48258,14,1
1771364234.874059,269_1,269,das_work,6.004569053649902,48258,14,1
1771364234.8793726,268_0,268,das_work,11.83351755142212,48258,14,1
1771364234.8827689,266_1,266,das_work,3.947013378143311,48258,14,1
1771364246.8483677,269_2,269,das_work,1.287726879119873,48258,15,1
1771364246.8489523,268_1,268,das_work,0.5866794586181641,48258,15,1
1771364246.8562782,270_1,270,das_work,1.878967046737671,48258,15,1
1771364246.856935,266_2,266,das_work,4.114654779434204,48258,15,1
1771364246.8699548,265_2,265,das_work,4.539433479309082,48258,15,1
1771364246.8805232,264_1,264,das_work,6.109797954559326,48258,15,1
1771364246.8864932,267_1,267,das_work,9.692917823791504,48258,15,1
1771364246.8904865,271_1,271,das_work,3.882339000701904,48258,15,1
1771364258.8506873,265_3,265,das_work,1.8086695671081543,48258,16,1
1771364258.859794,268_2,268,das_work,5.882442474365234,48258,16,1
1771364258.8603208,267_2,267,das_work,8.492719888687134,48258,16,1
1771364258.8630292,266_3,266,das_work,8.736265659332275,48258,16,1
1771364258.8695254,271_2,271,das_work,8.977195262908936,48258,16,1
1771364258.8739548,264_2,264,das_work,7.113550901412964,48258,16,1
1771364258.8786097,270_2,270,das_work,2.6720669269561768,48258,16,1
1771364258.8856723,269_3,269,das_work,8.177944421768188,48258,16,1
1771364270.8042245,264_3,264,das_work,2.4940242767333984,48258,17,1
1771364270.8135989,267_3,267,das_work,3.747318983078003,48258,17,1
1771364270.8230135,271_3,271,das_work,8.583916187286377,48258,17,1
1771364270.8260803,265_4,265,das_work,3.422745704650879,48258,17,1
1771364270.8267837,268_3,268,das_work,3.7126874923706055,48258,17,1
1771364270.8352208,266_4,266,das_work,1.250304937362671,48258,17,1
1771364270.8391633,269_4,269,das_work,3.207657814025879,48258,17,1
1771364270.8470647,270_3,270,das_work,2.665231704711914,48258,17,1
1771364282.7662103,267_4,267,das_work,4.996039628982544,48258,18,1
1771364282.7669604,270_4,270,das_work,2.2175180912017822,48258,18,1
1771364282.772973,268_4,268,das_work,8.958889484405518,48258,18,1
1771364282.7800548,271_4,271,das_work,8.936801195144653,48258,18,1
1771364282.7821622,264_4,264,das_work,3.53273606300354,48258,18,1
1771364222.8447175,273_0,273,das_work,0.6144552230834961,48258,13,1
1771364222.87297,272_0,272,das_work,2.8438150882720947,48258,13,1
1771364234.8416111,274_0,274,das_work,3.981221437454224,48258,14,1
1771364234.8636322,273_1,273,das_work,9.595993757247925,48258,14,1
1771364234.8667114,277_0,277,das_work,2.3339946269989014,48258,14,1
1771364234.8847194,278_0,278,das_work,7.378692626953125,48258,14,1
1771364234.8907585,276_0,276,das_work,5.367695331573486,48258,14,1
1771364234.8934634,272_1,272,das_work,9.636653184890749,48258,14,1
1771364246.8488698,276_1,276,das_work,1.1033148765563965,48258,15,1
1771364246.8525712,272_2,272,das_work,2.266180992126465,48258,15,1
1771364246.8615162,274_1,274,das_work,9.281108856201172,48258,15,1
1771364246.8723872,279_0,279,das_work,10.858822345733644,48258,15,1
1771364246.882331,277_1,277,das_work,4.940738201141357,48258,15,1
1771364246.899435,273_2,273,das_work,5.15515661239624,48258,15,1
1771364246.9017942,278_1,278,das_work,4.403907775878906,48258,15,1
1771364246.9053464,275_0,275,das_work,11.224405765533447,48258,15,1
1771364258.8345623,276_2,276,das_work,8.522896766662598,48258,16,1
1771364258.834777,278_2,278,das_work,2.992385149002075,48258,16,1
1771364258.8350146,275_1,275,das_work,4.314437389373779,48258,16,1
1771364258.842589,274_2,274,das_work,1.597050666809082,48258,16,1
1771364258.854768,272_3,272,das_work,1.838364124298096,48258,16,1
1771364258.867236,277_2,277,das_work,4.800176620483398,48258,16,1
1771364258.8721387,279_1,279,das_work,9.950330018997192,48258,16,1
1771364258.885111,273_3,273,das_work,6.301059007644653,48258,16,1
1771364270.8059657,277_3,277,das_work,4.113422870635986,48258,17,1
1771364270.806564,272_4,272,das_work,7.909674406051636,48258,17,1
1771364270.8162465,275_2,275,das_work,1.8499631881713867,48258,17,1
1771364270.8235478,273_4,273,das_work,9.990965366363524,48258,17,1
1771364270.8256834,276_3,276,das_work,4.357293844223023,48258,17,1
1771364270.8265083,279_2,279,das_work,6.981951951980591,48258,17,1
1771364270.8296573,278_3,278,das_work,2.067185163497925,48258,17,1
1771364270.8405771,274_3,274,das_work,9.816910028457642,48258,17,1
1771364282.76173,276_4,276,das_work,8.758827447891235,48258,18,1
1771364282.7713394,275_3,275,das_work,5.020895004272461,48258,18,1
1771364282.773925,278_4,278,das_work,7.200323820114136,48258,18,1
1771364282.7752824,277_4,277,das_work,4.289108753204346,48258,18,1
1771364282.7829025,274_4,274,das_work,3.763329267501831,48258,18,1
1771364282.7932773,279_3,279,das_work,3.519028186798096,48258,18,1
1771364294.7363863,279_4,279,das_work,9.233616828918455,48258,19,1
1771364294.759675,275_4,275,das_work,4.010894775390625,48258,19,1
1771364222.8572316,281_0,281,das_work,0.5863056182861328,48258,13,1
1771364222.8779404,285_0,285,das_work,3.80801010131836,48258,13,1
1771364222.9114642,284_0,284,das_work,2.4655418395996094,48258,13,1
1771364234.835268,282_0,282,das_work,11.448199033737184,48258,14,1
1771364234.864441,285_1,285,das_work,2.9954864978790283,48258,14,1
1771364234.8671603,280_0,280,das_work,11.1601824760437,48258,14,1
1771364234.8766208,284_1,284,das_work,7.21676230430603,48258,14,1
1771364234.879272,283_0,283,das_work,4.231911420822144,48258,14,1
1771364234.8886418,287_0,287,das_work,5.436036825180054,48258,14,1
1771364234.889254,286_0,286,das_work,4.874683618545532,48258,14,1
1771364234.8932896,281_1,281,das_work,4.270575761795044,48258,14,1
1771364246.845811,283_1,283,das_work,3.894266605377197,48258,15,1
1771364246.8593068,282_1,282,das_work,3.293280839920044,48258,15,1
1771364246.8646762,287_1,287,das_work,3.879466772079468,48258,15,1
1771364246.8703637,280_1,280,das_work,6.570566654205322,48258,15,1
1771364246.8773243,284_2,284,das_work,3.906038284301758,48258,15,1
1771364246.8781488,285_2,285,das_work,6.961886882781982,48258,15,1
1771364246.8897877,286_1,286,das_work,7.634329080581665,48258,15,1
1771364246.8932605,281_2,281,das_work,8.977283954620361,48258,15,1
1771364258.8445773,280_2,280,das_work,5.905602693557739,48258,16,1
1771364258.8452976,285_3,285,das_work,4.659552097320557,48258,16,1
1771364258.8519747,286_2,286,das_work,5.079956293106079,48258,16,1
1771364258.8635025,283_2,283,das_work,3.220550537109375,48258,16,1
1771364258.8659496,282_2,282,das_work,3.824096918106079,48258,16,1
1771364258.8879042,287_2,287,das_work,8.027997255325317,48258,16,1
1771364258.8885567,284_3,284,das_work,1.983981132507324,48258,16,1
1771364258.88959,281_3,281,das_work,3.49782657623291,48258,16,1
1771364270.8066895,284_4,284,das_work,2.619776487350464,48258,17,1
1771364270.810058,280_3,280,das_work,5.5235276222229,48258,17,1
1771364270.8132684,282_3,282,das_work,5.871391296386719,48258,17,1
1771364270.8141398,281_4,281,das_work,4.869800329208374,48258,17,1
1771364270.8172774,283_3,283,das_work,4.953954696655273,48258,17,1
1771364270.8288724,287_3,287,das_work,9.241742134094238,48258,17,1
1771364270.8294868,286_3,286,das_work,4.637805700302124,48258,17,1
1771364270.8327706,285_4,285,das_work,4.030699253082275,48258,17,1
1771364282.7571273,287_4,287,das_work,6.3434364795684814,48258,18,1
1771364282.7641585,280_4,280,das_work,4.071235656738281,48258,18,1
1771364282.783117,286_4,286,das_work,3.388887882232666,48258,18,1
1771364282.7908697,283_4,283,das_work,7.458236217498779,48258,18,1
1771364282.7938423,282_4,282,das_work,7.444298982620239,48258,18,1
1771364222.8702598,289_0,289,das_work,2.136765718460083,48258,13,1
1771364234.8359723,293_0,293,das_work,2.5509159564971924,48258,14,1
1771364234.885512,288_0,288,das_work,2.248096227645874,48258,14,1
1771364234.8913548,291_0,291,das_work,2.6770334243774414,48258,14,1
1771364234.8916955,289_1,289,das_work,8.716527462005615,48258,14,1
1771364234.8947222,295_0,295,das_work,11.444303035736084,48258,14,1
1771364234.8948562,290_0,290,das_work,11.312058448791504,48258,14,1
1771364246.8538697,291_1,291,das_work,2.0465877056121826,48258,15,1
1771364246.8618438,293_1,293,das_work,1.9144821166992188,48258,15,1
1771364246.8722622,292_0,292,das_work,12.012648344039915,48258,15,1
1771364246.8861425,290_1,290,das_work,1.4062414169311523,48258,15,1
1771364246.8919296,294_0,294,das_work,10.70197057723999,48258,15,1
1771364246.8990889,295_1,295,das_work,6.966066122055054,48258,15,1
1771364246.9009066,288_1,288,das_work,6.941873073577881,48258,15,1
1771364246.9027529,289_2,289,das_work,2.6535134315490723,48258,15,1
1771364258.8369472,288_2,288,das_work,1.8826241493225095,48258,16,1
1771364258.842811,294_1,294,das_work,2.789292097091675,48258,16,1
1771364258.8467996,292_1,292,das_work,5.034929037094116,48258,16,1
1771364258.858053,290_2,290,das_work,1.3057761192321775,48258,16,1
1771364258.868192,293_2,293,das_work,4.5338311195373535,48258,16,1
1771364258.8848238,291_2,291,das_work,8.91439414024353,48258,16,1
1771364258.8913972,295_2,295,das_work,5.281779766082764,48258,16,1
1771364270.811405,291_3,291,das_work,6.001715660095215,48258,17,1
1771364270.8123915,288_3,288,das_work,7.706853628158569,48258,17,1
1771364270.8160396,292_2,292,das_work,8.743401050567627,48258,17,1
1771364270.821131,295_3,295,das_work,2.9372143745422363,48258,17,1
1771364270.8263412,294_2,294,das_work,4.420506715774536,48258,17,1
1771364270.833465,290_3,290,das_work,5.39745020866394,48258,17,1
1771364270.8369477,289_3,289,das_work,12.110932350158691,48258,17,1
1771364270.838862,293_3,293,das_work,5.40010404586792,48258,17,1
1771364282.759896,290_4,290,das_work,8.894491195678711,48258,18,1
1771364282.762539,292_3,292,das_work,0.919008493423462,48258,18,1
1771364282.7643714,288_4,288,das_work,5.235504627227783,48258,18,1
1771364282.7670584,295_4,295,das_work,6.820810794830322,48258,18,1
1771364282.7735405,294_3,294,das_work,4.989618539810181,48258,18,1
1771364282.7844305,289_4,289,das_work,1.1184391975402832,48258,18,1
1771364282.7902708,293_4,293,das_work,1.690934181213379,48258,18,1
1771364282.7909536,291_4,291,das_work,3.223475456237793,48258,18,1
1771364294.740514,294_4,294,das_work,6.81168532371521,48258,19,1
1771364294.7415264,292_4,292,das_work,3.9517605304718018,48258,19,1
1771364234.858446,300_0,300,das_work,3.304717779159546,48258,14,1
1771364234.8592165,298_0,298,das_work,0.5210132598876953,48258,14,1
1771364234.872191,299_0,299,das_work,6.508455038070679,48258,14,1
1771364234.8844166,296_0,296,das_work,6.05351996421814,48258,14,1
1771364234.8885014,301_0,301,das_work,7.510589599609375,48258,14,1
1771364234.8891244,297_0,297,das_work,4.488315343856812,48258,14,1
1771364246.8450632,301_1,301,das_work,6.015980005264282,48258,15,1
1771364246.860551,300_1,300,das_work,0.7384207248687744,48258,15,1
1771364246.8831832,299_1,299,das_work,1.783297777175903,48258,15,1
1771364246.8858545,296_1,296,das_work,6.298526763916016,48258,15,1
1771364246.8879302,297_1,297,das_work,3.2430222034454346,48258,15,1
1771364246.8902743,303_0,303,das_work,11.154201984405518,48258,15,1
1771364246.8967354,298_1,298,das_work,8.364237785339355,48258,15,1
1771364246.9029126,302_0,302,das_work,8.101202011108398,48258,15,1
1771364258.833938,297_2,297,das_work,8.817780494689941,48258,16,1
1771364258.8484635,298_2,298,das_work,3.738823413848877,48258,16,1
1771364258.8540804,299_2,299,das_work,3.5973269939422607,48258,16,1
1771364258.8546183,303_1,303,das_work,1.651646852493286,48258,16,1
1771364258.8621864,296_2,296,das_work,4.010096073150635,48258,16,1
1771364258.8741455,301_2,301,das_work,2.419667959213257,48258,16,1
1771364258.8794389,300_2,300,das_work,2.8785738945007324,48258,16,1
1771364258.8908002,302_1,302,das_work,0.9611444473266602,48258,16,1
1771364270.8036692,301_3,301,das_work,5.2509377002716064,48258,17,1
1771364270.8078449,303_2,303,das_work,8.820029735565186,48258,17,1
1771364270.8116984,299_3,299,das_work,8.420058250427246,48258,17,1
1771364270.8412871,298_3,298,das_work,2.912254095077514,48258,17,1
1771364270.845889,297_3,297,das_work,6.166553735733032,48258,17,1
1771364270.8465312,302_2,302,das_work,8.910492658615112,48258,17,1
1771364270.847177,300_3,300,das_work,5.041051387786865,48258,17,1
1771364270.8477151,296_3,296,das_work,8.175821304321289,48258,17,1
1771364282.7694128,298_4,298,das_work,9.612666368484495,48258,18,1
1771364282.7808244,297_4,297,das_work,5.10887598991394,48258,18,1
1771364282.7810242,299_4,299,das_work,2.978132486343384,48258,18,1
1771364282.783224,296_4,296,das_work,6.6498939990997314,48258,18,1
1771364282.786106,300_4,300,das_work,2.7517788410186768,48258,18,1
1771364282.7886574,303_3,303,das_work,4.087601661682129,48258,18,1
1771364282.7922373,301_4,301,das_work,4.341022729873657,48258,18,1
1771364282.7959073,302_3,302,das_work,2.525972843170166,48258,18,1
1771364294.7358663,302_4,302,das_work,9.13658857345581,48258,19,1
1771364294.7758152,303_4,303,das_work,3.4029183387756348,48258,19,1
1771364234.839916,309_0,309,das_work,10.186886072158812,48258,14,1
1771364234.8441696,304_0,304,das_work,11.67459750175476,48258,14,1
1771364234.8447092,311_0,311,das_work,11.567139387130736,48258,14,1
1771364234.8736467,305_0,305,das_work,1.9538702964782717,48258,14,1
1771364234.8743353,306_0,306,das_work,11.829012155532835,48258,14,1
1771364234.8775194,308_0,308,das_work,4.065504550933838,48258,14,1
1771364234.8840704,310_0,310,das_work,11.31869888305664,48258,14,1
1771364246.8455844,304_1,304,das_work,1.6261463165283203,48258,15,1
1771364246.8510303,305_1,305,das_work,2.2854108810424805,48258,15,1
1771364246.8522394,310_1,310,das_work,2.737953424453736,48258,15,1
1771364246.8617516,309_1,309,das_work,3.045116424560547,48258,15,1
1771364246.8630805,308_1,308,das_work,7.355854272842407,48258,15,1
1771364246.868127,311_1,311,das_work,1.1106679439544678,48258,15,1
1771364246.8742628,307_0,307,das_work,8.68227767944336,48258,15,1
1771364246.904,306_1,306,das_work,6.735456705093384,48258,15,1
1771364258.845903,304_2,304,das_work,3.944888830184937,48258,16,1
1771364258.8562317,310_2,310,das_work,7.640867710113525,48258,16,1
1771364258.8574188,305_2,305,das_work,2.513266324996948,48258,16,1
1771364258.8598504,309_2,309,das_work,4.211535215377808,48258,16,1
1771364258.870522,311_2,311,das_work,6.520761013031006,48258,16,1
1771364258.8773406,306_2,306,das_work,5.135482311248779,48258,16,1
1771364258.877988,308_2,308,das_work,5.004383325576782,48258,16,1
1771364258.882994,307_1,307,das_work,8.825299978256226,48258,16,1
1771364270.805367,308_3,308,das_work,2.404484272003174,48258,17,1
1771364270.8106062,307_2,307,das_work,1.9118719100952148,48258,17,1
1771364270.8147695,310_3,310,das_work,7.174938440322876,48258,17,1
1771364270.8317266,305_3,305,das_work,5.89314079284668,48258,17,1
1771364270.8340886,306_3,306,das_work,5.2430596351623535,48258,17,1
1771364270.837854,311_3,311,das_work,8.191601991653442,48258,17,1
1771364270.839569,309_3,309,das_work,5.81682276725769,48258,17,1
1771364270.842769,304_3,304,das_work,3.1143574714660645,48258,17,1
1771364282.759366,307_3,307,das_work,4.042374610900879,48258,18,1
1771364282.763046,308_4,308,das_work,7.374011993408203,48258,18,1
1771364282.7669525,309_4,309,das_work,5.530965328216553,48258,18,1
1771364282.7737834,304_4,304,das_work,4.318124532699585,48258,18,1
1771364282.7757633,311_4,311,das_work,2.4356086254119877,48258,18,1
1771364282.7767944,305_4,305,das_work,3.836514234542847,48258,18,1
1771364282.7842064,310_4,310,das_work,5.788323640823364,48258,18,1
1771364282.7953389,306_4,306,das_work,10.196022510528564,48258,18,1
1771364294.7482822,307_4,307,das_work,9.320135354995728,48258,19,1
1771364234.8743927,312_0,312,das_work,4.251835823059082,48258,14,1
1771364234.8779356,319_0,319,das_work,3.768660068511963,48258,14,1
1771364234.8804495,315_0,315,das_work,2.7576451301574707,48258,14,1
1771364234.8815582,318_0,318,das_work,10.219458818435667,48258,14,1
1771364246.8471682,312_1,312,das_work,8.536840438842773,48258,15,1
1771364246.8571515,316_0,316,das_work,8.187091827392578,48258,15,1
1771364246.8664553,317_0,317,das_work,7.561553001403809,48258,15,1
1771364246.8701248,314_0,314,das_work,11.3749737739563,48258,15,1
1771364246.8781247,315_1,315,das_work,9.153004169464111,48258,15,1
1771364246.887062,319_1,319,das_work,7.89380955696106,48258,15,1
1771364246.895039,313_0,313,das_work,8.752090692520142,48258,15,1
1771364246.8973749,318_1,318,das_work,0.4887988567352295,48258,15,1
1771364258.838333,319_2,319,das_work,10.044326543807983,48258,16,1
1771364258.8549466,312_2,312,das_work,3.617419004440308,48258,16,1
1771364258.860273,315_2,315,das_work,6.291141986846924,48258,16,1
1771364258.862367,314_1,314,das_work,4.36431097984314,48258,16,1
1771364258.8692515,317_1,317,das_work,9.354670524597168,48258,16,1
1771364258.8729618,313_1,313,das_work,8.127309560775757,48258,16,1
1771364258.8852062,316_1,316,das_work,10.12779712677002,48258,16,1
1771364258.8858404,318_2,318,das_work,7.909399509429932,48258,16,1
1771364270.806264,318_3,318,das_work,5.9470813274383545,48258,17,1
1771364270.8068564,314_2,314,das_work,6.694030046463013,48258,17,1
1771364270.814039,319_3,319,das_work,7.089477777481079,48258,17,1
1771364270.8194733,315_3,315,das_work,6.8046581745147705,48258,17,1
1771364270.824063,313_2,313,das_work,1.2032191753387451,48258,17,1
1771364270.8249574,317_2,317,das_work,0.56484055519104,48258,17,1
1771364270.8256326,312_3,312,das_work,1.898895025253296,48258,17,1
1771364270.830712,316_2,316,das_work,1.9781334400177,48258,17,1
1771364282.7614963,318_4,318,das_work,9.473406314849854,48258,18,1
1771364282.7686455,315_4,315,das_work,4.073024988174439,48258,18,1
1771364282.7715366,319_4,319,das_work,4.081958770751953,48258,18,1
1771364282.776012,317_3,317,das_work,1.7530899047851562,48258,18,1
1771364282.7865613,314_3,314,das_work,5.137818813323975,48258,18,1
1771364282.7910774,316_3,316,das_work,5.288193702697754,48258,18,1
1771364282.7928236,312_4,312,das_work,7.12541127204895,48258,18,1
1771364282.793357,313_3,313,das_work,6.680589199066162,48258,18,1
1771364294.733537,317_4,317,das_work,5.666871070861816,48258,19,1
1771364294.741957,314_4,314,das_work,6.48102331161499,48258,19,1
1771364294.7485032,313_4,313,das_work,6.475974798202515,48258,19,1
1771364294.7811563,316_4,316,das_work,9.418667554855348,48258,19,1
1771364162.7003202,28_0,28,das_work,0.5569703578948975,48258,8,1
1771364162.700849,29_0,29,das_work,7.102672338485718,48258,8,1
1771364162.7201371,25_0,25,das_work,0.649317741394043,48258,8,1
1771364174.7269206,26_0,26,das_work,11.8288893699646,48258,9,1
1771364174.7274454,29_1,29,das_work,7.807409048080444,48258,9,1
1771364174.7298307,27_0,27,das_work,1.6063454151153564,48258,9,1
1771364174.7316256,28_1,28,das_work,4.300583124160767,48258,9,1
1771364174.7344103,30_0,30,das_work,8.941373825073242,48258,9,1
1771364174.7611215,31_0,31,das_work,8.636862993240356,48258,9,1
1771364174.766821,24_0,24,das_work,8.749866962432861,48258,9,1
1771364174.7902544,25_1,25,das_work,2.2243025302886963,48258,9,1
1771364186.7542737,30_1,30,das_work,0.8300914764404297,48258,10,1
1771364186.772732,24_1,24,das_work,1.5953311920166016,48258,10,1
1771364186.7856915,27_1,27,das_work,5.238192558288574,48258,10,1
1771364186.7944803,31_1,31,das_work,5.586557388305664,48258,10,1
1771364186.7983663,28_2,28,das_work,2.6370983123779297,48258,10,1
1771364186.7985785,25_2,25,das_work,4.911873817443848,48258,10,1
1771364186.7987175,26_1,26,das_work,8.393914222717285,48258,10,1
1771364186.7988536,29_2,29,das_work,8.770581722259521,48258,10,1
1771364198.801762,27_2,27,das_work,8.332721471786499,48258,11,1
1771364198.812169,29_3,29,das_work,5.424368858337402,48258,11,1
1771364198.816213,28_3,28,das_work,7.485360383987427,48258,11,1
1771364198.819116,31_2,31,das_work,3.1630959510803223,48258,11,1
1771364198.8215044,26_2,26,das_work,6.751833915710449,48258,11,1
1771364198.8231666,25_3,25,das_work,3.579229593276977,48258,11,1
1771364198.8292592,24_2,24,das_work,9.757930755615234,48258,11,1
1771364198.8478682,30_2,30,das_work,5.425675868988037,48258,11,1
1771364210.834757,25_4,25,das_work,7.545738220214844,48258,12,1
1771364210.839405,28_4,28,das_work,1.8772540092468264,48258,12,1
1771364210.840692,24_3,24,das_work,6.608526229858398,48258,12,1
1771364210.8468928,30_3,30,das_work,8.853179454803467,48258,12,1
1771364210.848506,26_3,26,das_work,2.7814860343933105,48258,12,1
1771364210.8636396,27_3,27,das_work,4.567571640014648,48258,12,1
1771364210.8641837,31_3,31,das_work,1.5926718711853027,48258,12,1
1771364210.87989,29_4,29,das_work,7.112522840499878,48258,12,1
1771364222.8530178,30_4,30,das_work,2.818366050720215,48258,13,1
1771364222.870386,31_4,31,das_work,2.2421135902404785,48258,13,1
1771364222.889131,26_4,26,das_work,6.837231397628784,48258,13,1
1771364222.8954887,27_4,27,das_work,7.015104293823242,48258,13,1
1771364222.8989484,24_4,24,das_work,9.495524883270264,48258,13,1
1771364234.891732,323_0,323,das_work,1.192413330078125,48258,14,1
1771364246.8544436,322_0,322,das_work,11.951406478881836,48258,15,1
1771364246.8597562,323_1,323,das_work,8.813359498977661,48258,15,1
1771364246.893512,321_0,321,das_work,10.085583209991457,48258,15,1
1771364246.89657,325_0,325,das_work,11.848577737808228,48258,15,1
1771364246.897193,320_0,320,das_work,2.580921173095703,48258,15,1
1771364246.9058912,327_0,327,das_work,10.19697642326355,48258,15,1
1771364258.8348246,323_2,323,das_work,7.254701614379883,48258,16,1
1771364258.8416293,322_1,322,das_work,7.908504486083984,48258,16,1
1771364258.85021,327_1,327,das_work,5.307039737701416,48258,16,1
1771364258.8507676,326_0,326,das_work,10.678296327590942,48258,16,1
1771364258.874414,324_0,324,das_work,10.69056797027588,48258,16,1
1771364258.8756633,320_1,320,das_work,3.3909895420074463,48258,16,1
1771364258.8822608,325_1,325,das_work,8.022082090377808,48258,16,1
1771364258.883265,321_1,321,das_work,4.427815437316895,48258,16,1
1771364270.8084004,323_3,323,das_work,3.2073755264282227,48258,17,1
1771364270.8178985,322_2,322,das_work,3.514082908630371,48258,17,1
1771364270.836072,327_2,327,das_work,8.34737253189087,48258,17,1
1771364270.8387003,326_1,326,das_work,0.629176139831543,48258,17,1
1771364270.8401542,321_2,321,das_work,8.26038146018982,48258,17,1
1771364270.8413253,320_2,320,das_work,2.7709109783172607,48258,17,1
1771364270.8440492,324_1,324,das_work,1.694032907485962,48258,17,1
1771364270.8445692,325_2,325,das_work,8.118780374526978,48258,17,1
1771364282.7611136,320_3,320,das_work,4.357799291610718,48258,18,1
1771364282.761717,323_4,323,das_work,4.405746936798096,48258,18,1
1771364282.764367,327_3,327,das_work,4.1538474559783936,48258,18,1
1771364282.7652814,321_3,321,das_work,5.64352297782898,48258,18,1
1771364282.766894,322_3,322,das_work,4.035491943359375,48258,18,1
1771364282.7711723,326_2,326,das_work,2.9357776641845703,48258,18,1
1771364282.7765276,325_3,325,das_work,8.752690076828003,48258,18,1
1771364282.7786503,324_2,324,das_work,3.955510139465332,48258,18,1
1771364294.7329135,326_3,326,das_work,7.434552431106567,48258,19,1
1771364294.740068,327_4,327,das_work,5.808827877044678,48258,19,1
1771364294.7403638,324_3,324,das_work,0.5690100193023682,48258,19,1
1771364294.7405305,320_4,320,das_work,8.226831912994385,48258,19,1
1771364294.7429445,325_4,325,das_work,3.624454498291016,48258,19,1
1771364294.7489295,321_4,321,das_work,5.855990409851074,48258,19,1
1771364294.776526,322_4,322,das_work,1.8715367317199707,48258,19,1
1771364306.7259445,324_4,324,das_work,5.88672947883606,48258,20,1
1771364306.7264788,326_4,326,das_work,5.4888880252838135,48258,20,1
1771364234.8356466,329_0,329,das_work,2.1534674167633057,48258,14,1
1771364234.8575015,331_0,331,das_work,2.0785062313079834,48258,14,1
1771364246.840926,335_0,335,das_work,6.775171041488648,48258,15,1
1771364246.848341,331_1,331,das_work,5.096939563751221,48258,15,1
1771364246.8772242,329_1,329,das_work,5.191164970397949,48258,15,1
1771364246.8816998,328_0,328,das_work,9.858703136444092,48258,15,1
1771364246.8993623,334_0,334,das_work,7.405200004577637,48258,15,1
1771364246.902326,330_0,330,das_work,4.645735025405884,48258,15,1
1771364246.904524,332_0,332,das_work,10.033966779708862,48258,15,1
1771364258.833724,334_1,334,das_work,9.223724126815796,48258,16,1
1771364258.8361294,329_2,329,das_work,2.277384042739868,48258,16,1
1771364258.845078,332_1,332,das_work,3.263399124145508,48258,16,1
1771364258.8509967,330_1,330,das_work,4.190551996231079,48258,16,1
1771364258.8517225,331_2,331,das_work,3.417567014694214,48258,16,1
1771364258.85351,333_0,333,das_work,11.028988122940063,48258,16,1
1771364258.8586142,328_1,328,das_work,3.805654764175415,48258,16,1
1771364258.8693953,335_1,335,das_work,6.072488784790039,48258,16,1
1771364270.803054,334_2,334,das_work,0.679081916809082,48258,17,1
1771364270.8056922,328_2,328,das_work,4.4150707721710205,48258,17,1
1771364270.808795,330_2,330,das_work,3.8200087547302246,48258,17,1
1771364270.8095424,329_3,329,das_work,6.075982570648193,48258,17,1
1771364270.8156545,335_2,335,das_work,8.089883089065552,48258,17,1
1771364270.8277676,332_2,332,das_work,8.021734714508057,48258,17,1
1771364270.8383582,331_3,331,das_work,9.313236474990845,48258,17,1
1771364270.846354,333_1,333,das_work,5.3318705558776855,48258,17,1
1771364282.7585502,329_4,329,das_work,3.8116416931152335,48258,18,1
1771364282.760755,332_3,332,das_work,0.359903335571289,48258,18,1
1771364282.7626626,328_3,328,das_work,3.347487688064575,48258,18,1
1771364282.764679,334_3,334,das_work,9.478312492370604,48258,18,1
1771364282.7682595,333_2,333,das_work,8.30678129196167,48258,18,1
1771364282.7756672,330_3,330,das_work,9.691808700561523,48258,18,1
1771364282.7778428,335_3,335,das_work,7.924099683761597,48258,18,1
1771364282.779787,331_4,331,das_work,0.6322684288024902,48258,18,1
1771364294.7496655,335_4,335,das_work,8.343595743179321,48258,19,1
1771364294.7502651,334_4,334,das_work,4.772031545639038,48258,19,1
1771364294.7612572,328_4,328,das_work,3.2257425785064697,48258,19,1
1771364294.7701044,330_4,330,das_work,5.146836042404175,48258,19,1
1771364294.7703197,333_3,333,das_work,4.866260766983032,48258,19,1
1771364294.7706132,332_4,332,das_work,0.6573293209075928,48258,19,1
1771364306.700454,333_4,333,das_work,2.091829538345337,48258,20,1
1771364246.8669922,336_0,336,das_work,4.460352659225464,48258,15,1
1771364246.8744617,342_0,342,das_work,6.815741777420044,48258,15,1
1771364246.8765695,341_0,341,das_work,7.619669675827026,48258,15,1
1771364246.8927777,343_0,343,das_work,3.611007213592529,48258,15,1
1771364246.8960092,337_0,337,das_work,9.713953256607056,48258,15,1
1771364246.8985343,340_0,340,das_work,11.890393495559692,48258,15,1
1771364246.9035468,338_0,338,das_work,1.201986312866211,48258,15,1
1771364246.904121,339_0,339,das_work,2.192950487136841,48258,15,1
1771364258.834237,341_1,341,das_work,3.3489277362823486,48258,16,1
1771364258.8359685,336_1,336,das_work,1.279280662536621,48258,16,1
1771364258.8401153,340_1,340,das_work,4.86053991317749,48258,16,1
1771364258.8448353,342_1,342,das_work,5.349525690078735,48258,16,1
1771364258.8469727,339_1,339,das_work,4.788795232772827,48258,16,1
1771364258.8482492,337_1,337,das_work,5.448146820068359,48258,16,1
1771364258.8589003,338_1,338,das_work,1.7588441371917725,48258,16,1
1771364258.865119,343_1,343,das_work,3.702537059783936,48258,16,1
1771364270.8073757,338_2,338,das_work,9.346683740615845,48258,17,1
1771364270.8114436,343_2,343,das_work,7.015403509140015,48258,17,1
1771364270.8150475,336_2,336,das_work,3.114976167678833,48258,17,1
1771364270.8247433,341_2,341,das_work,0.9933700561523438,48258,17,1
1771364270.8275666,340_2,340,das_work,3.623877048492432,48258,17,1
1771364270.8309026,342_2,342,das_work,7.584112167358398,48258,17,1
1771364270.843766,339_2,339,das_work,4.124927997589111,48258,17,1
1771364270.8448677,337_2,337,das_work,6.452835321426392,48258,17,1
1771364282.76743,341_3,341,das_work,9.04200530052185,48258,18,1
1771364282.768122,343_3,343,das_work,7.876089334487915,48258,18,1
1771364282.7729712,337_3,337,das_work,7.828838586807251,48258,18,1
1771364282.7755432,340_3,340,das_work,3.280913114547729,48258,18,1
1771364282.7771716,338_3,338,das_work,3.995429039001465,48258,18,1
1771364282.792637,336_3,336,das_work,6.117004871368408,48258,18,1
1771364282.794413,342_3,342,das_work,5.104667663574219,48258,18,1
1771364282.7950068,339_3,339,das_work,2.010706901550293,48258,18,1
1771364294.7321615,343_4,343,das_work,0.9943604469299316,48258,19,1
1771364294.7417035,336_4,336,das_work,5.299962520599365,48258,19,1
1771364294.7425086,339_4,339,das_work,8.52262544631958,48258,19,1
1771364294.7465525,340_4,340,das_work,1.825690507888794,48258,19,1
1771364294.7472515,342_4,342,das_work,3.878159999847412,48258,19,1
1771364294.7474165,341_4,341,das_work,5.6935014724731445,48258,19,1
1771364294.7481446,337_4,337,das_work,1.161219835281372,48258,19,1
1771364294.7681215,338_4,338,das_work,1.061969518661499,48258,19,1
1771364246.855345,350_0,350,das_work,6.8751442432403564,48258,15,1
1771364246.8698137,344_0,344,das_work,1.054868459701538,48258,15,1
1771364246.8909018,351_0,351,das_work,5.404368877410889,48258,15,1
1771364246.8977137,345_0,345,das_work,3.277717351913452,48258,15,1
1771364246.901176,347_0,347,das_work,3.6686179637908936,48258,15,1
1771364246.9051466,349_0,349,das_work,6.893861532211304,48258,15,1
1771364258.8364923,347_1,347,das_work,1.3847739696502686,48258,16,1
1771364258.8428752,349_1,349,das_work,2.03592586517334,48258,16,1
1771364258.8512194,344_1,344,das_work,2.2127797603607178,48258,16,1
1771364258.862807,350_1,350,das_work,3.150134801864624,48258,16,1
1771364258.871697,351_1,351,das_work,4.458183288574219,48258,16,1
1771364258.8770263,345_1,345,das_work,4.4859702587127686,48258,16,1
1771364258.889372,346_0,346,das_work,5.927543878555298,48258,16,1
1771364258.8910246,348_0,348,das_work,12.048411846160889,48258,16,1
1771364270.810549,348_1,348,das_work,7.371428966522217,48258,17,1
1771364270.8153706,351_2,351,das_work,1.398564100265503,48258,17,1
1771364270.83068,349_2,349,das_work,8.592285871505737,48258,17,1
1771364270.8319266,350_2,350,das_work,9.92322063446045,48258,17,1
1771364270.8320448,344_2,344,das_work,5.676347970962524,48258,17,1
1771364270.8348374,345_2,345,das_work,3.562412738800049,48258,17,1
1771364270.844694,346_1,346,das_work,2.4865286350250244,48258,17,1
1771364270.8478525,347_2,347,das_work,1.564211130142212,48258,17,1
1771364282.7622142,348_2,348,das_work,5.796026945114136,48258,18,1
1771364282.762478,349_3,349,das_work,8.71384072303772,48258,18,1
1771364282.7633977,345_3,345,das_work,9.480022430419922,48258,18,1
1771364282.7647,344_3,344,das_work,8.912117719650269,48258,18,1
1771364282.779875,346_2,346,das_work,1.866543531417847,48258,18,1
1771364282.7807128,347_3,347,das_work,5.249767303466797,48258,18,1
1771364282.7837856,350_3,350,das_work,6.084702253341675,48258,18,1
1771364282.7920656,351_3,351,das_work,0.7737066745758057,48258,18,1
1771364294.732365,351_4,351,das_work,2.53778076171875,48258,19,1
1771364294.732986,347_4,347,das_work,2.64237904548645,48258,19,1
1771364294.737266,348_3,348,das_work,9.497544288635254,48258,19,1
1771364294.7414002,345_4,345,das_work,8.165909051895142,48258,19,1
1771364294.7436275,349_4,349,das_work,4.755978345870972,48258,19,1
1771364294.744345,344_4,344,das_work,0.856726884841919,48258,19,1
1771364294.762487,346_3,346,das_work,3.819827079772949,48258,19,1
1771364294.763018,350_4,350,das_work,3.915555953979492,48258,19,1
1771364306.701006,346_4,346,das_work,9.53880262374878,48258,20,1
1771364306.7474422,348_4,348,das_work,5.967887878417969,48258,20,1
1771364246.843615,358_0,358,das_work,4.774306774139404,48258,15,1
1771364246.8568883,353_0,353,das_work,3.648455858230591,48258,15,1
1771364258.8534176,358_1,358,das_work,7.472015380859375,48258,16,1
1771364258.866737,359_0,359,das_work,7.118054628372192,48258,16,1
1771364258.868332,353_1,353,das_work,8.38636827468872,48258,16,1
1771364258.871034,357_0,357,das_work,8.263122081756592,48258,16,1
1771364258.8725884,354_0,354,das_work,3.797410488128662,48258,16,1
1771364258.8750422,352_0,352,das_work,6.644057750701904,48258,16,1
1771364258.8785377,355_0,355,das_work,9.44570279121399,48258,16,1
1771364258.8796902,356_0,356,das_work,8.829009294509888,48258,16,1
1771364270.807799,355_1,355,das_work,0.4353020191192627,48258,17,1
1771364270.8200788,354_1,354,das_work,0.9004571437835693,48258,17,1
1771364270.8206894,359_1,359,das_work,4.0848472118377686,48258,17,1
1771364270.828116,358_2,358,das_work,2.242472648620605,48258,17,1
1771364270.828657,352_1,352,das_work,5.430471181869507,48258,17,1
1771364270.829155,356_1,356,das_work,2.55971360206604,48258,17,1
1771364270.829941,357_1,357,das_work,8.801037311553955,48258,17,1
1771364270.8380945,353_2,353,das_work,7.408545017242432,48258,17,1
1771364282.7574277,352_2,352,das_work,9.6521897315979,48258,18,1
1771364282.7603197,358_3,358,das_work,7.0219807624816895,48258,18,1
1771364282.765561,353_3,353,das_work,1.7959694862365725,48258,18,1
1771364282.7807777,359_2,359,das_work,0.5465672016143799,48258,18,1
1771364282.7869873,356_2,356,das_work,1.4868948459625244,48258,18,1
1771364282.7891374,357_2,357,das_work,8.542672395706177,48258,18,1
1771364282.789634,355_2,355,das_work,8.196715593338013,48258,18,1
1771364282.7897985,354_2,354,das_work,9.137694597244264,48258,18,1
1771364294.7324846,356_3,356,das_work,2.222877025604248,48258,19,1
1771364294.7331452,357_3,357,das_work,8.668702363967896,48258,19,1
1771364294.7337153,355_3,355,das_work,7.423106670379639,48258,19,1
1771364294.7376742,358_4,358,das_work,9.233469724655151,48258,19,1
1771364294.740122,352_3,352,das_work,3.811718702316284,48258,19,1
1771364294.7436388,353_4,353,das_work,7.011508226394653,48258,19,1
1771364294.776136,359_3,359,das_work,4.650516748428345,48258,19,1
1771364294.77669,354_3,354,das_work,4.247007608413696,48258,19,1
1771364306.7012105,355_4,355,das_work,2.233686923980713,48258,20,1
1771364306.7016969,359_4,359,das_work,7.237075567245483,48258,20,1
1771364306.7029903,352_4,352,das_work,3.01030707359314,48258,20,1
1771364306.7031257,354_4,354,das_work,4.058425188064575,48258,20,1
1771364306.703966,357_4,357,das_work,3.6114988327026367,48258,20,1
1771364306.7646515,356_4,356,das_work,8.438351154327393,48258,20,1
1771364246.8502052,363_0,363,das_work,1.7010712623596191,48258,15,1
1771364246.89108,364_0,364,das_work,4.625316619873047,48258,15,1
1771364246.8959434,367_0,367,das_work,4.587522268295288,48258,15,1
1771364246.9034154,360_0,360,das_work,7.559433460235596,48258,15,1
1771364246.903958,361_0,361,das_work,4.283105134963989,48258,15,1
1771364258.854041,364_1,364,das_work,5.0917909145355225,48258,16,1
1771364258.8711646,362_0,362,das_work,11.26189351081848,48258,16,1
1771364258.8798163,365_0,365,das_work,8.791581630706787,48258,16,1
1771364258.8812177,360_1,360,das_work,5.974582672119141,48258,16,1
1771364258.8868554,366_0,366,das_work,3.552509069442749,48258,16,1
1771364258.8874612,367_1,367,das_work,10.153921365737917,48258,16,1
1771364258.8889854,361_1,361,das_work,7.044166088104248,48258,16,1
1771364258.8898177,363_1,363,das_work,8.988653182983398,48258,16,1
1771364270.8069067,360_2,360,das_work,7.70337986946106,48258,17,1
1771364270.810099,363_2,363,das_work,2.2131612300872803,48258,17,1
1771364270.8192873,362_1,362,das_work,2.817610740661621,48258,17,1
1771364270.8202045,366_1,366,das_work,2.569795846939087,48258,17,1
1771364270.8243024,364_2,364,das_work,1.4439239501953125,48258,17,1
1771364270.8346968,365_1,365,das_work,1.3026235103607178,48258,17,1
1771364270.8453305,367_2,367,das_work,0.4228627681732178,48258,17,1
1771364270.8458326,361_2,361,das_work,1.1422007083892822,48258,17,1
1771364282.7637742,362_2,362,das_work,2.194307804107666,48258,18,1
1771364282.7699752,364_3,364,das_work,0.8971800804138184,48258,18,1
1771364282.7766623,360_3,360,das_work,5.530888795852661,48258,18,1
1771364282.777388,363_3,363,das_work,7.821107864379883,48258,18,1
1771364282.7797308,361_3,361,das_work,8.03818154335022,48258,18,1
1771364282.780496,366_2,366,das_work,4.099050521850586,48258,18,1
1771364282.7827203,365_2,365,das_work,4.22854471206665,48258,18,1
1771364282.7892528,367_3,367,das_work,5.091865062713623,48258,18,1
1771364294.7334628,361_4,361,das_work,4.558657884597778,48258,19,1
1771364294.734369,367_4,367,das_work,9.329604625701904,48258,19,1
1771364294.7385695,364_4,364,das_work,6.706242084503174,48258,19,1
1771364294.7435431,362_3,362,das_work,4.122307062149048,48258,19,1
1771364294.7604682,365_3,365,das_work,3.007929563522339,48258,19,1
1771364294.7614002,360_4,360,das_work,8.521737337112427,48258,19,1
1771364294.7772057,363_4,363,das_work,5.968055248260498,48258,19,1
1771364294.7774308,366_3,366,das_work,1.9979965686798096,48258,19,1
1771364306.699595,365_4,365,das_work,6.988258123397827,48258,20,1
1771364306.700321,362_4,362,das_work,8.616054058074951,48258,20,1
1771364306.747133,366_4,366,das_work,9.740342140197754,48258,20,1
1771364246.8569214,369_0,369,das_work,2.6604340076446533,48258,15,1
1771364246.8602598,374_0,374,das_work,0.4274940490722656,48258,15,1
1771364246.8975875,371_0,371,das_work,3.38667106628418,48258,15,1
1771364246.900709,370_0,370,das_work,1.2225356101989746,48258,15,1
1771364246.90437,372_0,372,das_work,8.901439428329468,48258,15,1
1771364258.8372068,374_1,374,das_work,5.553971529006958,48258,16,1
1771364258.8528628,372_1,372,das_work,7.890442371368408,48258,16,1
1771364258.8554375,370_1,370,das_work,7.605065107345581,48258,16,1
1771364258.8595126,375_0,375,das_work,4.651707649230957,48258,16,1
1771364258.8703265,369_1,369,das_work,0.6502790451049805,48258,16,1
1771364258.873196,373_0,373,das_work,5.78696608543396,48258,16,1
1771364258.883186,368_0,368,das_work,9.393975496292114,48258,16,1
1771364258.8877418,371_1,371,das_work,4.878625392913818,48258,16,1
1771364270.8081646,372_2,372,das_work,7.073718309402466,48258,17,1
1771364270.8190506,374_2,374,das_work,5.663808584213257,48258,17,1
1771364270.827361,370_2,370,das_work,6.535951375961304,48258,17,1
1771364270.83504,368_1,368,das_work,4.054339408874512,48258,17,1
1771364270.8370533,371_2,371,das_work,8.387019157409668,48258,17,1
1771364270.8404906,369_2,369,das_work,1.993961334228516,48258,17,1
1771364270.8412876,375_1,375,das_work,5.899992227554321,48258,17,1
1771364270.8443508,373_1,373,das_work,2.167667865753174,48258,17,1
1771364282.7591317,371_3,371,das_work,6.894222021102905,48258,18,1
1771364282.7601,373_2,373,das_work,2.0612306594848637,48258,18,1
1771364282.7608545,375_2,375,das_work,1.2766036987304688,48258,18,1
1771364282.7665825,368_2,368,das_work,4.806188106536865,48258,18,1
1771364282.77333,374_3,374,das_work,5.885712146759033,48258,18,1
1771364282.7751536,370_3,370,das_work,5.5850443840026855,48258,18,1
1771364282.7793715,369_3,369,das_work,7.126061677932739,48258,18,1
1771364282.7841318,372_3,372,das_work,1.3818588256835938,48258,18,1
1771364294.7392924,374_4,374,das_work,2.2010648250579834,48258,19,1
1771364294.7402985,372_4,372,das_work,4.0720055103302,48258,19,1
1771364294.742713,368_3,368,das_work,6.72708535194397,48258,19,1
1771364294.7466338,373_3,373,das_work,4.652307748794556,48258,19,1
1771364294.7776794,375_3,375,das_work,9.24493956565857,48258,19,1
1771364294.7778258,370_4,370,das_work,7.809965133666992,48258,19,1
1771364294.7780411,371_4,371,das_work,7.638978004455566,48258,19,1
1771364294.7781558,369_4,369,das_work,5.875434398651123,48258,19,1
1771364306.7008514,375_4,375,das_work,9.346262693405151,48258,20,1
1771364306.7028365,368_4,368,das_work,10.03534770011902,48258,20,1
1771364306.7253358,373_4,373,das_work,8.205344915390015,48258,20,1
1771364246.8653314,380_0,380,das_work,5.347513675689697,48258,15,1
1771364246.880016,381_0,381,das_work,1.978199005126953,48258,15,1
1771364258.8437734,382_0,382,das_work,8.33210015296936,48258,16,1
1771364258.8488855,383_0,383,das_work,9.165977478027344,48258,16,1
1771364258.8531122,376_0,376,das_work,9.5645649433136,48258,16,1
1771364258.8564188,381_1,381,das_work,9.916788816452026,48258,16,1
1771364258.8573773,380_1,380,das_work,9.281606197357178,48258,16,1
1771364258.857917,379_0,379,das_work,10.825860738754272,48258,16,1
1771364258.8838358,378_0,378,das_work,6.373960971832275,48258,16,1
1771364258.886026,377_0,377,das_work,5.266527414321899,48258,16,1
1771364270.8024993,380_2,380,das_work,1.0938990116119385,48258,17,1
1771364270.8050828,377_1,377,das_work,1.8987550735473635,48258,17,1
1771364270.8184798,379_1,379,das_work,2.4169867038726807,48258,17,1
1771364270.819526,376_1,376,das_work,3.135460138320923,48258,17,1
1771364270.823733,383_1,383,das_work,8.527247428894043,48258,17,1
1771364270.8286235,381_2,381,das_work,1.2758917808532717,48258,17,1
1771364270.8363185,378_1,378,das_work,8.602475643157959,48258,17,1
1771364270.84572,382_1,382,das_work,9.186530828475952,48258,17,1
1771364282.7573404,377_2,377,das_work,0.1508042812347412,48258,18,1
1771364282.7600298,379_2,379,das_work,8.115308284759521,48258,18,1
1771364282.7649407,383_2,383,das_work,3.1421170234680176,48258,18,1
1771364282.7684824,378_2,378,das_work,8.968127727508545,48258,18,1
1771364282.7726457,380_3,380,das_work,2.5323750972747803,48258,18,1
1771364282.7835054,382_2,382,das_work,0.3389172554016113,48258,18,1
1771364282.7859042,381_3,381,das_work,3.728199005126953,48258,18,1
1771364282.794916,376_2,376,das_work,0.9866888523101808,48258,18,1
1771364294.7346911,376_3,376,das_work,2.6070361137390137,48258,19,1
1771364294.734894,379_3,379,das_work,8.209168195724487,48258,19,1
1771364294.736936,383_3,383,das_work,1.2845687866210938,48258,19,1
1771364294.7389915,377_3,377,das_work,6.2556774616241455,48258,19,1
1771364294.742017,382_3,382,das_work,3.543650388717652,48258,19,1
1771364294.744798,381_4,381,das_work,7.118269443511963,48258,19,1
1771364294.757253,378_3,378,das_work,3.532271146774292,48258,19,1
1771364294.7578,380_4,380,das_work,3.413543701171875,48258,19,1
1771364306.6990302,378_4,378,das_work,1.487151861190796,48258,20,1
1771364306.7467735,382_4,382,das_work,8.883742332458496,48258,20,1
1771364306.7643304,376_4,376,das_work,4.8526129722595215,48258,20,1
1771364306.7701266,377_4,377,das_work,8.26267957687378,48258,20,1
1771364306.7703197,379_4,379,das_work,7.2737627029418945,48258,20,1
1771364306.770525,383_4,383,das_work,9.127596855163574,48258,20,1
1771364246.8412066,391_0,391,das_work,3.701690912246704,48258,15,1
1771364258.8570175,389_0,389,das_work,9.832053422927856,48258,16,1
1771364258.861707,385_0,385,das_work,4.968777179718018,48258,16,1
1771364258.8631268,384_0,384,das_work,8.978729963302612,48258,16,1
1771364258.8687148,386_0,386,das_work,10.969123363494871,48258,16,1
1771364258.8791227,391_1,391,das_work,2.2300853729248047,48258,16,1
1771364258.8839483,390_0,390,das_work,4.767852783203125,48258,16,1
1771364258.8870816,387_0,387,das_work,6.5473363399505615,48258,16,1
1771364258.8884935,388_0,388,das_work,10.834686040878296,48258,16,1
1771364270.8146555,391_2,391,das_work,0.9434468746185304,48258,17,1
1771364270.8205895,389_1,389,das_work,1.2110185623168943,48258,17,1
1771364270.8319952,386_1,386,das_work,6.832580089569092,48258,17,1
1771364270.8365586,390_1,390,das_work,9.014858484268188,48258,17,1
1771364270.8398404,388_1,388,das_work,9.349859714508057,48258,17,1
1771364270.84216,384_1,384,das_work,6.768682241439819,48258,17,1
1771364270.842955,385_1,385,das_work,9.696132898330688,48258,17,1
1771364270.847534,387_1,387,das_work,8.99551773071289,48258,17,1
1771364282.7850711,391_3,391,das_work,2.0733118057250977,48258,18,1
1771364282.78661,386_2,386,das_work,4.726166248321533,48258,18,1
1771364282.7911775,390_2,390,das_work,1.5324921607971191,48258,18,1
1771364282.7934816,388_2,388,das_work,5.376162052154541,48258,18,1
1771364282.7941396,387_2,387,das_work,8.746165752410889,48258,18,1
1771364282.795534,389_2,389,das_work,8.768837928771973,48258,18,1
1771364282.7957416,385_2,385,das_work,5.861143112182617,48258,18,1
1771364282.7963052,384_2,384,das_work,3.811198711395264,48258,18,1
1771364294.7326655,386_3,386,das_work,0.8971102237701416,48258,19,1
1771364294.7382922,384_3,384,das_work,3.467646360397339,48258,19,1
1771364294.739073,391_4,391,das_work,3.302593469619751,48258,19,1
1771364294.741156,389_3,389,das_work,3.880679607391357,48258,19,1
1771364294.7419567,387_3,387,das_work,4.683091640472412,48258,19,1
1771364294.743105,385_3,385,das_work,5.089902400970459,48258,19,1
1771364294.743761,390_3,390,das_work,5.170966863632202,48258,19,1
1771364294.7490003,388_3,388,das_work,6.252880573272705,48258,19,1
1771364306.733837,386_4,386,das_work,9.158575534820557,48258,20,1
1771364306.7345636,389_4,389,das_work,8.049716711044312,48258,20,1
1771364306.7351508,384_4,384,das_work,4.378582954406738,48258,20,1
1771364306.7510407,390_4,390,das_work,8.76087474822998,48258,20,1
1771364306.7522852,385_4,385,das_work,5.2869648933410645,48258,20,1
1771364306.7628794,388_4,388,das_work,2.6057913303375244,48258,20,1
1771364306.7634134,387_4,387,das_work,7.61643648147583,48258,20,1
1771364246.8916178,398_0,398,das_work,0.9510467052459716,48258,15,1
1771364258.8573031,396_0,396,das_work,12.175984144210815,48258,16,1
1771364258.8662484,392_0,392,das_work,8.518807649612427,48258,16,1
1771364258.8735504,399_0,399,das_work,9.758704900741575,48258,16,1
1771364258.8760898,398_1,398,das_work,5.087562084197998,48258,16,1
1771364258.8789425,393_0,393,das_work,5.256623268127441,48258,16,1
1771364258.8854408,394_0,394,das_work,5.451654672622681,48258,16,1
1771364270.8180485,393_1,393,das_work,3.9556221961975098,48258,17,1
1771364270.8215706,395_0,395,das_work,7.770965099334717,48258,17,1
1771364270.8312995,392_1,392,das_work,4.164712190628052,48258,17,1
1771364270.831465,397_0,397,das_work,11.254678010940552,48258,17,1
1771364270.8315868,399_1,399,das_work,7.272339820861816,48258,17,1
1771364270.842378,396_1,396,das_work,6.2065510749816895,48258,17,1
1771364270.8444312,394_1,394,das_work,6.386931896209717,48258,17,1
1771364270.8467937,398_2,398,das_work,5.132309675216675,48258,17,1
1771364282.7642496,394_2,394,das_work,1.0765252113342283,48258,18,1
1771364282.76443,395_1,395,das_work,0.8363876342773438,48258,18,1
1771364282.7779045,396_2,396,das_work,6.874975681304932,48258,18,1
1771364282.783701,397_1,397,das_work,10.18503761291504,48258,18,1
1771364282.7851346,393_2,393,das_work,1.4829201698303225,48258,18,1
1771364282.787028,392_2,392,das_work,1.4176619052886963,48258,18,1
1771364282.7877,399_2,399,das_work,6.508206367492676,48258,18,1
1771364282.78876,398_3,398,das_work,8.212162017822266,48258,18,1
1771364294.7340407,399_3,399,das_work,1.729750156402588,48258,19,1
1771364294.7369242,398_4,398,das_work,7.836477994918823,48258,19,1
1771364294.7377567,394_3,394,das_work,6.820228815078735,48258,19,1
1771364294.7449036,393_3,393,das_work,2.078562021255493,48258,19,1
1771364294.75818,392_3,392,das_work,1.5749425888061523,48258,19,1
1771364294.7582948,395_2,395,das_work,7.12664794921875,48258,19,1
1771364294.7688258,396_3,396,das_work,5.78922176361084,48258,19,1
1771364294.769831,397_2,397,das_work,5.606032133102417,48258,19,1
1771364306.699296,392_4,392,das_work,7.716346502304077,48258,20,1
1771364306.6994257,394_4,394,das_work,2.701838254928589,48258,20,1
1771364306.702417,395_3,395,das_work,4.118473291397095,48258,20,1
1771364306.7472854,396_4,396,das_work,7.438192367553711,48258,20,1
1771364306.751964,393_4,393,das_work,8.55879259109497,48258,20,1
1771364306.7525609,399_4,399,das_work,5.865467071533203,48258,20,1
1771364306.7603545,397_3,397,das_work,1.4690866470336914,48258,20,1
1771364318.7003784,397_4,397,das_work,8.101979970932007,48258,21,1
1771364318.7009723,395_4,395,das_work,7.919622898101807,48258,21,1
1771364162.7590508,35_0,35,das_work,3.630507946014404,48258,8,1
1771364162.7599034,37_0,37,das_work,1.2731637954711914,48258,8,1
1771364174.7276514,32_0,32,das_work,5.090922117233276,48258,9,1
1771364174.7342863,36_0,36,das_work,5.549070596694946,48258,9,1
1771364174.75978,35_1,35,das_work,2.210623025894165,48258,9,1
1771364174.761649,34_0,34,das_work,11.327805995941162,48258,9,1
1771364174.7655497,39_0,39,das_work,11.957331895828249,48258,9,1
1771364174.7746234,38_0,38,das_work,2.8449387550354004,48258,9,1
1771364174.7747867,37_1,37,das_work,7.736888647079468,48258,9,1
1771364174.7749076,33_0,33,das_work,4.500142574310303,48258,9,1
1771364186.755458,32_1,32,das_work,9.482152938842772,48258,10,1
1771364186.7598567,34_1,34,das_work,9.467548608779907,48258,10,1
1771364186.762298,37_2,37,das_work,1.5045535564422607,48258,10,1
1771364186.7712226,33_1,33,das_work,5.800307512283325,48258,10,1
1771364186.7776089,39_1,39,das_work,1.3942925930023191,48258,10,1
1771364186.7870386,36_1,36,das_work,0.4786882400512695,48258,10,1
1771364186.788279,38_1,38,das_work,7.798239469528198,48258,10,1
1771364186.7926626,35_2,35,das_work,3.025279998779297,48258,10,1
1771364198.8038538,37_3,37,das_work,9.450903177261353,48258,11,1
1771364198.807665,35_3,35,das_work,2.296290397644043,48258,11,1
1771364198.8146644,38_2,38,das_work,8.494642972946167,48258,11,1
1771364198.817406,32_2,32,das_work,2.4940624237060547,48258,11,1
1771364198.8198023,33_2,33,das_work,8.535507678985596,48258,11,1
1771364198.827694,39_2,39,das_work,6.0509068965911865,48258,11,1
1771364198.835768,34_2,34,das_work,0.7416083812713623,48258,11,1
1771364198.8408654,36_2,36,das_work,8.70603346824646,48258,11,1
1771364210.8342414,39_3,39,das_work,2.512939453125,48258,12,1
1771364210.8371751,37_4,37,das_work,5.893337965011597,48258,12,1
1771364210.852679,38_3,38,das_work,5.31485652923584,48258,12,1
1771364210.8668954,32_3,32,das_work,5.177189350128174,48258,12,1
1771364210.8687031,33_3,33,das_work,9.169031381607056,48258,12,1
1771364210.8694491,36_3,36,das_work,5.772234201431274,48258,12,1
1771364210.8753011,34_3,34,das_work,4.99838137626648,48258,12,1
1771364210.8816645,35_4,35,das_work,3.4500272274017334,48258,12,1
1771364222.8476872,36_4,36,das_work,5.790367841720581,48258,13,1
1771364222.8552003,34_4,34,das_work,5.880898475646973,48258,13,1
1771364222.8586264,39_4,39,das_work,0.7643828392028809,48258,13,1
1771364222.874337,33_4,33,das_work,9.716591358184814,48258,13,1
1771364222.880192,32_4,32,das_work,2.98425817489624,48258,13,1
1771364222.889008,38_4,38,das_work,5.880286455154419,48258,13,1
1771364162.7231495,41_0,41,das_work,0.5553953647613525,48258,8,1
1771364174.730482,44_0,44,das_work,11.52889084815979,48258,9,1
1771364174.7317004,46_0,46,das_work,3.83785343170166,48258,9,1
1771364174.731852,43_0,43,das_work,5.061307191848755,48258,9,1
1771364174.732075,45_0,45,das_work,7.929315090179443,48258,9,1
1771364174.735471,42_0,42,das_work,11.949273109436035,48258,9,1
1771364174.7388463,47_0,47,das_work,0.3455405235290527,48258,9,1
1771364174.7762747,41_1,41,das_work,8.756323337554932,48258,9,1
1771364186.7579577,42_1,42,das_work,10.297428607940674,48258,10,1
1771364186.769753,40_0,40,das_work,11.771828413009644,48258,10,1
1771364186.77061,41_2,41,das_work,6.148947238922119,48258,10,1
1771364186.7759671,47_1,47,das_work,6.137690305709839,48258,10,1
1771364186.776604,44_1,44,das_work,4.361333131790161,48258,10,1
1771364186.781092,43_1,43,das_work,7.162754535675049,48258,10,1
1771364186.7850437,46_1,46,das_work,6.306095361709595,48258,10,1
1771364186.79478,45_1,45,das_work,6.134367227554321,48258,10,1
1771364198.809658,40_1,40,das_work,2.885622262954712,48258,11,1
1771364198.8121178,41_3,41,das_work,2.0465452671051025,48258,11,1
1771364198.8128262,42_2,42,das_work,4.687170028686523,48258,11,1
1771364198.8132951,47_2,47,das_work,8.374099254608154,48258,11,1
1771364198.8150036,44_2,44,das_work,1.8072283267974851,48258,11,1
1771364198.8156362,45_2,45,das_work,7.133846282958984,48258,11,1
1771364198.8370342,46_2,46,das_work,0.9230775833129884,48258,11,1
1771364198.8457189,43_2,43,das_work,9.392555952072144,48258,11,1
1771364210.8295715,43_3,43,das_work,6.329959154129028,48258,12,1
1771364210.84172,46_3,46,das_work,0.5555520057678223,48258,12,1
1771364210.8446789,42_3,42,das_work,8.209234714508057,48258,12,1
1771364210.8561325,45_3,45,das_work,1.363468885421753,48258,12,1
1771364210.857048,44_3,44,das_work,7.234847545623779,48258,12,1
1771364210.8577473,41_4,41,das_work,4.6026153564453125,48258,12,1
1771364210.8772025,40_2,40,das_work,2.112668514251709,48258,12,1
1771364210.8779953,47_3,47,das_work,6.907149076461792,48258,12,1
1771364222.848334,47_4,47,das_work,8.916611671447754,48258,13,1
1771364222.8593566,44_4,44,das_work,9.807466506958008,48258,13,1
1771364222.8612697,42_4,42,das_work,8.349878072738647,48258,13,1
1771364222.8613906,45_4,45,das_work,8.282963991165161,48258,13,1
1771364222.8797286,46_4,46,das_work,2.3019745349884038,48258,13,1
1771364222.886111,40_3,40,das_work,4.129901647567749,48258,13,1
1771364222.8942363,43_4,43,das_work,1.6227202415466309,48258,13,1
1771364234.8863893,40_4,40,das_work,7.27275013923645,48258,14,1
1771364162.739246,51_0,51,das_work,3.0045340061187744,48258,8,1
1771364174.7306798,50_0,50,das_work,7.70442008972168,48258,9,1
1771364174.732261,48_0,48,das_work,7.393024921417236,48258,9,1
1771364174.732756,54_0,54,das_work,8.268627643585205,48258,9,1
1771364174.7593424,51_1,51,das_work,3.844363451004028,48258,9,1
1771364174.759838,49_0,49,das_work,5.263796091079712,48258,9,1
1771364174.7669168,55_0,55,das_work,3.0010905265808105,48258,9,1
1771364174.7792366,53_0,53,das_work,7.531592130661011,48258,9,1
1771364186.755234,55_1,55,das_work,7.455650806427002,48258,10,1
1771364186.7824006,50_1,50,das_work,10.33834743499756,48258,10,1
1771364186.7890131,51_2,51,das_work,7.314708232879639,48258,10,1
1771364186.789678,54_1,54,das_work,5.7363762855529785,48258,10,1
1771364186.7901745,49_1,49,das_work,6.629564046859741,48258,10,1
1771364186.7918746,48_1,48,das_work,2.7232048511505127,48258,10,1
1771364186.7921011,53_1,53,das_work,5.123161792755127,48258,10,1
1771364186.7938204,52_0,52,das_work,11.592318296432495,48258,10,1
1771364198.8058217,49_2,49,das_work,1.1583764553070068,48258,11,1
1771364198.8140178,54_2,54,das_work,2.993255376815796,48258,11,1
1771364198.8183007,53_2,53,das_work,1.593541145324707,48258,11,1
1771364198.8192103,50_2,50,das_work,4.556243419647217,48258,11,1
1771364198.8251865,52_1,52,das_work,7.710268259048462,48258,11,1
1771364198.825352,48_2,48,das_work,4.556563377380371,48258,11,1
1771364198.8401968,55_2,55,das_work,6.962200403213501,48258,11,1
1771364198.845959,51_3,51,das_work,2.694588661193848,48258,11,1
1771364210.8320844,52_2,52,das_work,6.070842266082764,48258,12,1
1771364210.8326423,54_3,54,das_work,2.921204090118408,48258,12,1
1771364210.83765,50_3,50,das_work,5.9557294845581055,48258,12,1
1771364210.8420112,55_3,55,das_work,8.243035793304443,48258,12,1
1771364210.8645127,49_3,49,das_work,5.603923320770264,48258,12,1
1771364210.865709,51_4,51,das_work,4.568753719329834,48258,12,1
1771364210.871524,48_3,48,das_work,4.366676568984985,48258,12,1
1771364210.884812,53_3,53,das_work,7.703523874282837,48258,12,1
1771364222.8544247,55_4,55,das_work,6.875319480895996,48258,13,1
1771364222.8579566,49_4,49,das_work,5.613622665405273,48258,13,1
1771364222.8736663,53_4,53,das_work,1.4703001976013184,48258,13,1
1771364222.8746428,52_3,52,das_work,8.644067764282227,48258,13,1
1771364222.8781743,48_4,48,das_work,1.635451078414917,48258,13,1
1771364222.882086,50_4,50,das_work,9.202356338500977,48258,13,1
1771364222.8852663,54_4,54,das_work,4.975698947906494,48258,13,1
1771364234.883817,52_4,52,das_work,7.963510751724243,48258,14,1
1771364162.7748694,61_0,61,das_work,0.7619736194610596,48258,8,1
1771364174.7275808,62_0,62,das_work,8.466109991073608,48258,9,1
1771364174.7293575,56_0,56,das_work,2.7231786251068115,48258,9,1
1771364174.7300136,59_0,59,das_work,4.587610244750977,48258,9,1
1771364174.7306027,61_1,61,das_work,3.5479698181152344,48258,9,1
1771364174.732622,57_0,57,das_work,6.870270252227783,48258,9,1
1771364174.763893,60_0,60,das_work,1.5644116401672363,48258,9,1
1771364186.771453,63_0,63,das_work,11.512876749038696,48258,10,1
1771364186.7748456,60_1,60,das_work,5.657677888870239,48258,10,1
1771364186.7756343,61_2,61,das_work,0.9130926132202148,48258,10,1
1771364186.7769332,59_1,59,das_work,2.6721854209899902,48258,10,1
1771364186.7791088,58_0,58,das_work,10.85185432434082,48258,10,1
1771364186.7837648,62_1,62,das_work,6.13572883605957,48258,10,1
1771364186.7862463,56_1,56,das_work,7.962302207946777,48258,10,1
1771364186.7883267,57_1,57,das_work,8.139660358428955,48258,10,1
1771364198.8091686,59_2,59,das_work,5.481202602386475,48258,11,1
1771364198.8201988,57_2,57,das_work,2.1307568550109863,48258,11,1
1771364198.82208,63_1,63,das_work,5.672291994094849,48258,11,1
1771364198.8262494,60_2,60,das_work,7.574028491973877,48258,11,1
1771364198.829708,56_2,56,das_work,6.58315372467041,48258,11,1
1771364198.831135,62_2,62,das_work,7.670039176940918,48258,11,1
1771364198.8324263,58_1,58,das_work,6.951324939727783,48258,11,1
1771364198.8434973,61_3,61,das_work,8.952359914779663,48258,11,1
1771364210.8375027,59_3,59,das_work,8.197295904159546,48258,12,1
1771364210.8458576,63_2,63,das_work,6.238454103469849,48258,12,1
1771364210.8477702,57_3,57,das_work,8.689916610717773,48258,12,1
1771364210.8485975,62_3,62,das_work,0.5964946746826172,48258,12,1
1771364210.855907,56_3,56,das_work,1.6075756549835205,48258,12,1
1771364210.8653264,61_4,61,das_work,7.6461310386657715,48258,12,1
1771364210.86636,60_3,60,das_work,2.453948497772217,48258,12,1
1771364210.8837996,58_2,58,das_work,2.728977918624878,48258,12,1
1771364222.8452814,60_4,60,das_work,3.2068793773651123,48258,13,1
1771364222.8496628,59_4,59,das_work,2.498505115509033,48258,13,1
1771364222.8542664,62_4,62,das_work,4.125493049621582,48258,13,1
1771364222.857957,56_4,56,das_work,8.225630283355713,48258,13,1
1771364222.8751657,63_3,63,das_work,5.778964996337891,48258,13,1
1771364222.8758757,58_3,58,das_work,3.115330219268799,48258,13,1
1771364222.8918474,57_4,57,das_work,3.386787414550781,48258,13,1
1771364234.8635302,58_4,58,das_work,2.6913390159606934,48258,14,1
1771364234.8723238,63_4,63,das_work,1.122253656387329,48258,14,1
1771364174.7373998,65_0,65,das_work,2.1984896659851074,48258,9,1
1771364174.7375858,71_0,71,das_work,4.642378330230713,48258,9,1
1771364174.737713,70_0,70,das_work,2.2240874767303467,48258,9,1
1771364174.74692,67_0,67,das_work,3.2965402603149414,48258,9,1
1771364174.767366,68_0,68,das_work,3.4029104709625244,48258,9,1
1771364174.7810166,69_0,69,das_work,3.6010704040527344,48258,9,1
1771364186.7531965,67_1,67,das_work,5.177241325378418,48258,10,1
1771364186.754397,66_0,66,das_work,11.441082000732422,48258,10,1
1771364186.7587316,65_1,65,das_work,5.77877140045166,48258,10,1
1771364186.7609472,64_0,64,das_work,10.7021164894104,48258,10,1
1771364186.7750487,68_1,68,das_work,8.002943754196167,48258,10,1
1771364186.7771592,70_1,70,das_work,7.899314880371094,48258,10,1
1771364186.784029,71_1,71,das_work,2.147087812423706,48258,10,1
1771364186.7879024,69_1,69,das_work,8.917036056518555,48258,10,1
1771364198.8021822,71_2,71,das_work,6.313184976577759,48258,11,1
1771364198.8063312,66_1,66,das_work,5.90890645980835,48258,11,1
1771364198.8101375,65_2,65,das_work,9.072319507598875,48258,11,1
1771364198.8144088,67_2,67,das_work,3.407146453857422,48258,11,1
1771364198.8161116,69_2,69,das_work,5.112786531448364,48258,11,1
1771364198.8247402,68_2,68,das_work,5.214840650558472,48258,11,1
1771364198.826953,64_1,64,das_work,1.060703992843628,48258,11,1
1771364198.837956,70_2,70,das_work,1.9443817138671875,48258,11,1
1771364210.831694,65_3,65,das_work,4.158138036727905,48258,12,1
1771364210.8417711,66_2,66,das_work,3.249833822250366,48258,12,1
1771364210.8423166,64_2,64,das_work,2.461174964904785,48258,12,1
1771364210.847171,67_3,67,das_work,4.358546257019043,48258,12,1
1771364210.8504362,69_3,69,das_work,1.2872681617736816,48258,12,1
1771364210.8547692,71_3,71,das_work,7.7926695346832275,48258,12,1
1771364210.8697667,70_3,70,das_work,1.8266348838806152,48258,12,1
1771364210.8804567,68_3,68,das_work,6.091536283493042,48258,12,1
1771364222.8494437,68_4,68,das_work,0.805788516998291,48258,13,1
1771364222.8508556,67_4,67,das_work,6.962476015090942,48258,13,1
1771364222.8518505,64_3,64,das_work,5.456109523773193,48258,13,1
1771364222.861521,71_4,71,das_work,6.689752578735352,48258,13,1
1771364222.869343,69_4,69,das_work,3.343256950378418,48258,13,1
1771364222.875762,70_4,70,das_work,9.256652355194092,48258,13,1
1771364222.8763442,66_3,66,das_work,5.430566310882568,48258,13,1
1771364222.8927414,65_4,65,das_work,1.6200766563415527,48258,13,1
1771364234.8705618,66_4,66,das_work,8.789261817932129,48258,14,1
1771364234.8764722,64_4,64,das_work,4.834019899368286,48258,14,1
1771364174.727913,75_0,75,das_work,2.6949634552001958,48258,9,1
1771364174.7336586,72_0,72,das_work,0.2542579174041748,48258,9,1
1771364174.7356842,79_0,79,das_work,0.6744349002838135,48258,9,1
1771364174.736286,78_0,78,das_work,5.856735944747925,48258,9,1
1771364174.7719305,73_0,73,das_work,1.0546672344207764,48258,9,1
1771364186.752623,76_0,76,das_work,3.483316421508789,48258,10,1
1771364186.7716532,77_0,77,das_work,1.3351261615753174,48258,10,1
1771364186.7837718,75_1,75,das_work,8.665974855422974,48258,10,1
1771364186.7871857,78_1,78,das_work,5.71734881401062,48258,10,1
1771364186.7888234,73_1,73,das_work,7.663276195526123,48258,10,1
1771364186.7893903,79_1,79,das_work,7.762967109680176,48258,10,1
1771364186.793088,74_0,74,das_work,6.808895826339722,48258,10,1
1771364186.793855,72_1,72,das_work,5.494454145431519,48258,10,1
1771364198.802538,72_2,72,das_work,7.297802686691284,48258,11,1
1771364198.8033545,74_1,74,das_work,5.763386487960815,48258,11,1
1771364198.8038762,78_2,78,das_work,8.385937929153442,48258,11,1
1771364198.809456,73_2,73,das_work,8.802156209945679,48258,11,1
1771364198.8152478,77_1,77,das_work,3.918280601501465,48258,11,1
1771364198.8167334,76_1,76,das_work,8.792726755142212,48258,11,1
1771364198.817366,75_2,75,das_work,4.593605995178223,48258,11,1
1771364198.8378353,79_2,79,das_work,1.5377249717712402,48258,11,1
1771364210.830676,73_3,73,das_work,6.957869291305542,48258,12,1
1771364210.8334296,74_2,74,das_work,4.889960527420044,48258,12,1
1771364210.840315,78_3,78,das_work,4.386929273605347,48258,12,1
1771364210.845051,72_3,72,das_work,5.498185157775879,48258,12,1
1771364210.8715,75_3,75,das_work,7.0391716957092285,48258,12,1
1771364210.8723931,77_2,77,das_work,8.712173461914062,48258,12,1
1771364210.8750956,76_2,76,das_work,8.308922529220581,48258,12,1
1771364210.87583,79_3,79,das_work,2.8545031547546387,48258,12,1
1771364222.8486736,77_3,77,das_work,8.487642765045166,48258,13,1
1771364222.8622043,75_4,75,das_work,2.858534097671509,48258,13,1
1771364222.8669982,78_4,78,das_work,1.1095900535583496,48258,13,1
1771364222.8797903,76_3,76,das_work,1.8022804260253904,48258,13,1
1771364222.880865,74_3,74,das_work,5.167650938034058,48258,13,1
1771364222.8814278,79_4,79,das_work,3.127755641937256,48258,13,1
1771364222.8896213,72_4,72,das_work,8.32872486114502,48258,13,1
1771364222.8902907,73_4,73,das_work,5.297107219696045,48258,13,1
1771364234.857686,77_4,77,das_work,8.884111881256104,48258,14,1
1771364234.8664043,76_4,76,das_work,3.615760087966919,48258,14,1
1771364234.8825753,74_4,74,das_work,5.399107456207275,48258,14,1
