timestamp,journey_id,worker_id,tx_type,latency_s,gas_used,block_number,status
1771866046.2313857,16_0,16,das_work,2.698973655700684,48258,7,1
1771866046.259812,6_0,6,das_work,4.749194145202637,48258,7,1
1771866046.2778275,27_0,27,das_work,4.436737775802612,48258,7,1
1771866058.2946038,19_0,19,das_work,5.879889249801636,48258,8,1
1771866058.2996888,2_0,2,das_work,5.623786687850952,48258,8,1
1771866058.299809,12_0,12,das_work,4.942556858062744,48258,8,1
1771866058.300293,13_0,13,das_work,7.216649055480957,48258,8,1
1771866058.3026717,25_0,25,das_work,4.153545379638672,48258,8,1
1771866058.3034437,15_0,15,das_work,4.27047872543335,48258,8,1
1771866058.3042064,29_0,29,das_work,10.338290452957152,48258,8,1
1771866058.3069782,8_0,8,das_work,7.712162256240845,48258,8,1
1771866058.307661,20_0,20,das_work,1.490916728973389,48258,8,1
1771866058.3083403,5_0,5,das_work,11.953970193862917,48258,8,1
1771866058.3095424,21_0,21,das_work,11.635977506637571,48258,8,1
1771866058.3105736,7_0,7,das_work,7.41539716720581,48258,8,1
1771866058.3107457,22_0,22,das_work,4.151638984680176,48258,8,1
1771866058.3109324,23_0,23,das_work,7.825788736343384,48258,8,1
1771866058.3112764,24_0,24,das_work,1.7135052680969238,48258,8,1
1771866058.311538,11_0,11,das_work,4.911073923110962,48258,8,1
1771866058.3116882,14_0,14,das_work,11.73815107345581,48258,8,1
1771866058.3130455,28_0,28,das_work,12.123037576675417,48258,8,1
1771866058.31346,9_0,9,das_work,11.488996505737305,48258,8,1
1771866058.313578,16_1,16,das_work,6.412177801132202,48258,8,1
1771866058.313926,17_0,17,das_work,8.6070077419281,48258,8,1
1771866058.3146122,27_1,27,das_work,6.10482120513916,48258,8,1
1771866058.3147385,0_0,0,das_work,3.558058023452759,48258,8,1
1771866058.3150744,1_0,1,das_work,7.940866947174072,48258,8,1
1771866058.3151968,6_1,6,das_work,4.528386116027832,48258,8,1
1771866070.4092808,29_1,29,das_work,3.391613245010376,48258,9,1
1771866070.4123647,20_1,20,das_work,2.043353319168091,48258,9,1
1771866070.4183626,7_1,7,das_work,1.4862520694732666,48258,9,1
1771866070.4203968,5_1,5,das_work,5.38831639289856,48258,9,1
1771866070.420529,26_0,26,das_work,9.12681007385254,48258,9,1
1771866070.4222617,6_2,6,das_work,5.265181064605713,48258,9,1
1771866070.4276695,15_1,15,das_work,4.023404836654663,48258,9,1
1771866070.4312572,19_1,19,das_work,7.217700242996216,48258,9,1
1771866070.4317963,9_1,9,das_work,10.14050579071045,48258,9,1
1771866070.4320726,1_1,1,das_work,7.088921070098877,48258,9,1
1771866070.4323578,23_1,23,das_work,5.712181806564331,48258,9,1
1771866070.432987,16_2,16,das_work,2.1948819160461426,48258,9,1
1771866070.4366584,10_0,10,das_work,6.969048976898193,48258,9,1
1771866070.4374251,2_1,2,das_work,5.436440467834473,48258,9,1
1771866070.4403782,17_1,17,das_work,6.859710454940796,48258,9,1
1771866070.4413297,28_1,28,das_work,6.416306495666504,48258,9,1
1771866070.4424932,12_1,12,das_work,2.375573873519897,48258,9,1
1771866070.4430978,24_1,24,das_work,9.924546957015991,48258,9,1
1771866070.444232,22_1,22,das_work,6.237062454223633,48258,9,1
1771866070.4468822,3_0,3,das_work,7.460627794265747,48258,9,1
1771866070.447641,21_1,21,das_work,2.5652523040771484,48258,9,1
1771866070.4527695,8_1,8,das_work,6.270385026931763,48258,9,1
1771866070.457557,27_2,27,das_work,5.357755899429321,48258,9,1
1771866070.4594953,11_1,11,das_work,5.99420690536499,48258,9,1
1771866070.4602911,25_1,25,das_work,1.5223228931427002,48258,9,1
1771866070.4620326,0_1,0,das_work,9.032089471817017,48258,9,1
1771866070.4685647,4_0,4,das_work,9.662672996520996,48258,9,1
1771866070.4716687,13_1,13,das_work,2.3063321113586426,48258,9,1
1771866070.477485,18_0,18,das_work,9.95823335647583,48258,9,1
1771866070.4813936,14_1,14,das_work,8.24895191192627,48258,9,1
1771866082.494436,11_2,11,das_work,1.5954678058624268,48258,10,1
1771866082.4970973,8_2,8,das_work,9.14311456680298,48258,10,1
1771866082.49774,20_2,20,das_work,2.223294973373413,48258,10,1
1771866082.5042238,29_2,29,das_work,2.303219556808472,48258,10,1
1771866082.506885,7_2,7,das_work,8.61113977432251,48258,10,1
1771866082.513487,3_1,3,das_work,1.9356043338775637,48258,10,1
1771866082.516576,6_3,6,das_work,8.926877975463867,48258,10,1
1771866082.519307,9_2,9,das_work,7.567924976348877,48258,10,1
1771866082.5200198,27_3,27,das_work,3.47132420539856,48258,10,1
1771866082.5305903,22_2,22,das_work,3.5303521156311035,48258,10,1
1771866082.536167,15_2,15,das_work,6.340041637420654,48258,10,1
1771866082.5380297,19_2,19,das_work,5.469944715499878,48258,10,1
1771866082.538151,24_2,24,das_work,2.7259457111358643,48258,10,1
1771866082.5411084,1_2,1,das_work,4.833774328231812,48258,10,1
1771866082.5581596,10_1,10,das_work,4.456812143325806,48258,10,1
1771866082.5617208,5_2,5,das_work,9.020567893981934,48258,10,1
1771866082.5625608,13_2,13,das_work,2.4590327739715576,48258,10,1
1771866082.5735524,2_2,2,das_work,9.970052003860474,48258,10,1
1771866082.5741124,25_2,25,das_work,7.406394243240356,48258,10,1
1771866082.5788262,4_1,4,das_work,8.198137760162354,48258,10,1
1771866082.5820005,12_2,12,das_work,3.7477216720581055,48258,10,1
1771866082.5832047,28_2,28,das_work,1.2642133235931396,48258,10,1
1771866082.5840876,14_2,14,das_work,5.868479490280151,48258,10,1
1771866082.5888524,26_1,26,das_work,6.813155651092529,48258,10,1
1771866082.58947,23_2,23,das_work,1.7637877464294434,48258,10,1
1771866082.5906522,21_2,21,das_work,0.9740912914276124,48258,10,1
1771866082.593488,17_2,17,das_work,6.120934009552002,48258,10,1
1771866082.602346,16_3,16,das_work,3.2780323028564453,48258,10,1
1771866082.6117928,0_2,0,das_work,9.316513061523438,48258,10,1
1771866094.5552924,26_2,26,das_work,8.975368022918701,48258,11,1
1771866094.5559783,21_3,21,das_work,1.9781672954559328,48258,11,1
1771866094.5580084,11_3,11,das_work,8.886031866073608,48258,11,1
1771866094.5591202,7_3,7,das_work,4.661512136459351,48258,11,1
1771866094.5646398,4_2,4,das_work,3.170156955718994,48258,11,1
1771866094.5913627,17_3,17,das_work,7.839622259140015,48258,11,1
1771866094.593549,0_3,0,das_work,10.246756076812744,48258,11,1
1771866094.5941226,9_3,9,das_work,8.387324810028076,48258,11,1
1771866094.5981047,15_3,15,das_work,8.177509069442749,48258,11,1
1771866094.6132593,24_3,24,das_work,8.872762680053711,48258,11,1
1771866094.6233945,19_3,19,das_work,2.4729647636413574,48258,11,1
1771866094.625517,23_3,23,das_work,2.870745897293091,48258,11,1
1771866094.6282709,20_3,20,das_work,9.499373197555542,48258,11,1
1771866094.631006,8_3,8,das_work,7.597125053405762,48258,11,1
1771866094.63842,5_3,5,das_work,4.645828723907471,48258,11,1
1771866094.6410637,13_3,13,das_work,4.870789051055908,48258,11,1
1771866094.666433,25_3,25,das_work,2.2072877883911133,48258,11,1
1771866094.677377,2_3,2,das_work,8.715383052825928,48258,11,1
1771866094.6860623,3_2,3,das_work,9.20360803604126,48258,11,1
1771866094.6901886,1_3,1,das_work,2.155626058578491,48258,11,1
1771866094.6909757,28_3,28,das_work,3.3954720497131348,48258,11,1
1771866094.6918075,29_3,29,das_work,9.578048944473268,48258,11,1
1771866094.6928923,16_4,16,das_work,4.47145676612854,48258,11,1
1771866094.6940618,10_2,10,das_work,8.123491048812866,48258,11,1
1771866094.6946335,14_3,14,das_work,7.038464069366455,48258,11,1
1771866094.6963956,27_4,27,das_work,8.910001754760742,48258,11,1
1771866094.7118769,6_4,6,das_work,3.4781813621521,48258,11,1
1771866094.7172816,18_1,18,das_work,12.532389640808104,48258,11,1
1771866094.7223923,12_3,12,das_work,6.873180150985718,48258,11,1
1771866094.7231104,22_3,22,das_work,9.140723943710327,48258,11,1
1771866106.5719347,21_4,21,das_work,8.620762825012207,48258,12,1
1771866106.5890548,0_4,0,das_work,2.4157748222351074,48258,12,1
1771866106.606427,9_4,9,das_work,2.461392402648926,48258,12,1
1771866106.6109302,4_3,4,das_work,3.0270066261291504,48258,12,1
1771866106.6209326,5_4,5,das_work,1.7964048385620115,48258,12,1
1771866106.633894,24_4,24,das_work,5.219407081604004,48258,12,1
1771866106.6340137,23_4,23,das_work,3.3915798664093018,48258,12,1
1771866106.6381695,8_4,8,das_work,6.079117774963379,48258,12,1
1771866106.649513,19_4,19,das_work,4.175031423568726,48258,12,1
1771866106.65068,26_3,26,das_work,1.7280139923095703,48258,12,1
1771866106.6514876,10_3,10,das_work,9.22785186767578,48258,12,1
1771866106.6568844,20_4,20,das_work,4.102280378341675,48258,12,1
1771866106.667869,12_4,12,das_work,4.305398464202881,48258,12,1
1771866106.668677,28_4,28,das_work,2.230595588684082,48258,12,1
1771866106.6940467,13_4,13,das_work,2.720999956130981,48258,12,1
1771866106.6977391,25_4,25,das_work,1.6052348613739014,48258,12,1
1771866106.7035604,29_4,29,das_work,7.910340070724487,48258,12,1
1771866106.7140038,1_4,1,das_work,7.672932147979736,48258,12,1
1771866106.7392106,3_3,3,das_work,6.011191368103027,48258,12,1
1771866106.7412293,18_2,18,das_work,6.330085515975952,48258,12,1
1771866106.764357,17_4,17,das_work,9.896379470825195,48258,12,1
1771866106.765314,2_4,2,das_work,6.963813304901123,48258,12,1
1771866106.7701874,11_4,11,das_work,5.956376314163208,48258,12,1
1771866106.7714565,7_4,7,das_work,7.429735898971558,48258,12,1
1771866106.780724,15_4,15,das_work,3.4601683616638184,48258,12,1
1771866106.8148403,14_4,14,das_work,3.019402980804444,48258,12,1
1771866118.5813134,4_4,4,das_work,5.484879016876221,48258,13,1
1771866118.6205668,3_4,3,das_work,6.215471506118774,48258,13,1
1771866118.621153,22_4,22,das_work,12.717596530914308,48258,13,1
1771866118.6289015,10_4,10,das_work,4.138330459594727,48258,13,1
1771866118.6487105,18_3,18,das_work,3.608344316482544,48258,13,1
1771866130.5009615,26_4,26,das_work,11.999974250793455,48258,14,1
1771866130.513293,18_4,18,das_work,4.113616704940796,48258,14,1
1771866070.4204223,326_0,326,das_work,2.1536173820495605,48258,9,1
1771866070.4325836,303_0,303,das_work,0.882394552230835,48258,9,1
1771866070.4332614,311_0,311,das_work,1.7954721450805664,48258,9,1
1771866070.433821,312_0,312,das_work,4.762676000595093,48258,9,1
1771866070.4378898,325_0,325,das_work,4.341803073883057,48258,9,1
1771866070.4559288,300_0,300,das_work,3.92323637008667,48258,9,1
1771866070.4648364,306_0,306,das_work,0.4500620365142822,48258,9,1
1771866070.4758034,329_0,329,das_work,4.005471467971802,48258,9,1
1771866070.47818,320_0,320,das_work,0.9592578411102296,48258,9,1
1771866082.4947064,301_0,301,das_work,10.435703039169312,48258,10,1
1771866082.5122747,305_0,305,das_work,8.310728311538696,48258,10,1
1771866082.5219674,319_0,319,das_work,6.995489120483398,48258,10,1
1771866082.5260377,309_0,309,das_work,1.3550171852111816,48258,10,1
1771866082.5451138,311_1,311,das_work,2.3909175395965576,48258,10,1
1771866082.5477798,316_0,316,das_work,3.4558680057525635,48258,10,1
1771866082.5577433,329_1,329,das_work,2.5092403888702397,48258,10,1
1771866082.5587077,302_0,302,das_work,6.50827169418335,48258,10,1
1771866082.560644,306_1,306,das_work,10.166669368743896,48258,10,1
1771866082.5657587,326_1,326,das_work,4.17335844039917,48258,10,1
1771866082.5673275,303_1,303,das_work,4.644743204116821,48258,10,1
1771866082.567932,314_0,314,das_work,9.55344843864441,48258,10,1
1771866082.5684252,310_0,310,das_work,6.278446912765503,48258,10,1
1771866082.5726326,312_1,312,das_work,3.1571056842803955,48258,10,1
1771866082.5782988,313_0,313,das_work,11.574880361557009,48258,10,1
1771866082.5795505,328_0,328,das_work,6.276723861694336,48258,10,1
1771866082.584303,320_1,320,das_work,5.81466555595398,48258,10,1
1771866082.5851164,323_0,323,das_work,10.34620237350464,48258,10,1
1771866082.586157,324_0,324,das_work,6.979629039764404,48258,10,1
1771866082.6108236,327_0,327,das_work,10.062701225280762,48258,10,1
1771866082.6111486,304_0,304,das_work,2.552513599395752,48258,10,1
1771866082.6112914,325_1,325,das_work,6.349620580673218,48258,10,1
1771866082.6152804,308_0,308,das_work,5.352389574050903,48258,10,1
1771866082.61541,300_1,300,das_work,3.871563911437988,48258,10,1
1771866082.6177976,321_0,321,das_work,8.446611404418945,48258,10,1
1771866082.618996,307_0,307,das_work,11.315715551376345,48258,10,1
1771866082.6204295,315_0,315,das_work,2.212937355041504,48258,10,1
1771866094.563471,311_2,311,das_work,2.755683183670044,48258,11,1
1771866094.5784965,301_1,301,das_work,6.967692852020264,48258,11,1
1771866094.579047,309_1,309,das_work,3.2216124534606934,48258,11,1
1771866094.58055,325_2,325,das_work,8.282355308532715,48258,11,1
1771866094.5822818,327_1,327,das_work,7.643651008605957,48258,11,1
1771866094.584926,314_1,314,das_work,5.125754117965698,48258,11,1
1771866094.587613,326_2,326,das_work,6.90910530090332,48258,11,1
1771866094.5970397,312_2,312,das_work,1.5932917594909668,48258,11,1
1771866094.6182456,328_1,328,das_work,4.728790521621704,48258,11,1
1771866094.6318505,303_2,303,das_work,8.115519046783447,48258,11,1
1771866094.6361926,310_1,310,das_work,3.604215383529663,48258,11,1
1771866094.645049,317_0,317,das_work,11.492360591888428,48258,11,1
1771866094.645194,319_1,319,das_work,9.324400901794434,48258,11,1
1771866094.6457255,316_1,316,das_work,5.090188026428223,48258,11,1
1771866094.6476505,318_0,318,das_work,12.272792339324951,48258,11,1
1771866094.6632478,315_1,315,das_work,2.337338447570801,48258,11,1
1771866094.665358,322_0,322,das_work,11.976181507110596,48258,11,1
1771866094.6717284,329_2,329,das_work,8.398431777954102,48258,11,1
1771866094.6733785,323_1,323,das_work,9.423495531082152,48258,11,1
1771866094.6783805,308_1,308,das_work,6.503664493560791,48258,11,1
1771866094.6840067,307_1,307,das_work,6.557623863220215,48258,11,1
1771866094.7095652,320_2,320,das_work,1.9247095584869385,48258,11,1
1771866094.719641,321_1,321,das_work,4.941380023956299,48258,11,1
1771866094.7217643,313_1,313,das_work,8.661476850509644,48258,11,1
1771866094.725732,300_2,300,das_work,8.960793733596802,48258,11,1
1771866094.7381582,306_2,306,das_work,4.841493844985962,48258,11,1
1771866106.5720916,325_3,325,das_work,3.551180124282837,48258,12,1
1771866106.5728536,304_1,304,das_work,12.81093430519104,48258,12,1
1771866106.5745149,313_2,313,das_work,2.2499053478240967,48258,12,1
1771866106.5752923,314_2,314,das_work,6.03769588470459,48258,12,1
1771866106.5800486,324_1,324,das_work,13.531107187271118,48258,12,1
1771866106.5852404,317_1,317,das_work,9.20855712890625,48258,12,1
1771866106.5914834,316_2,316,das_work,4.51274037361145,48258,12,1
1771866106.5923395,312_3,312,das_work,1.991368532180786,48258,12,1
1771866106.6223238,300_3,300,das_work,7.572870969772339,48258,12,1
1771866106.6252985,305_1,305,das_work,13.516248941421509,48258,12,1
1771866106.646522,328_2,328,das_work,7.358970642089844,48258,12,1
1771866106.6539116,306_3,306,das_work,8.200770139694214,48258,12,1
1771866106.6823366,329_3,329,das_work,7.690552234649658,48258,12,1
1771866106.6902468,309_2,309,das_work,2.615394592285156,48258,12,1
1771866106.69633,322_1,322,das_work,3.2259981632232666,48258,12,1
1771866106.7077217,307_2,307,das_work,7.455732345581055,48258,12,1
1771866106.7128277,301_2,301,das_work,7.098498106002808,48258,12,1
1771866106.723837,310_2,310,das_work,5.0338335037231445,48258,12,1
1771866106.7248087,319_2,319,das_work,7.406752347946167,48258,12,1
1771866106.732775,327_2,327,das_work,9.47521996498108,48258,12,1
1771866106.7346303,321_2,321,das_work,1.7472617626190186,48258,12,1
1771866106.7510505,303_3,303,das_work,7.708272695541382,48258,12,1
1771866106.7672992,326_3,326,das_work,3.125659942626953,48258,12,1
1771866106.77145,302_1,302,das_work,13.689507007598875,48258,12,1
1771866106.7768118,320_3,320,das_work,3.1101653575897217,48258,12,1
1771866106.8064218,311_3,311,das_work,3.4146552085876465,48258,12,1
1771866118.5437508,326_4,326,das_work,5.181133985519409,48258,13,1
1771866118.5463266,308_2,308,das_work,13.233895301818848,48258,13,1
1771866118.5551662,328_3,328,das_work,6.033124923706055,48258,13,1
1771866118.556833,315_2,315,das_work,13.227907419204712,48258,13,1
1771866118.570686,303_4,303,das_work,4.122743606567383,48258,13,1
1771866118.5751002,316_3,316,das_work,8.673851490020752,48258,13,1
1771866118.585099,323_2,323,das_work,13.31596565246582,48258,13,1
1771866118.5982385,327_3,327,das_work,7.1381919384002686,48258,13,1
1771866118.604465,302_2,302,das_work,1.5978198051452637,48258,13,1
1771866118.6082373,300_4,300,das_work,2.591773271560669,48258,13,1
1771866118.6107278,314_3,314,das_work,9.19351887702942,48258,13,1
1771866118.6123142,304_2,304,das_work,4.239535570144653,48258,13,1
1771866118.612471,309_3,309,das_work,2.10742712020874,48258,13,1
1771866118.6129842,320_4,320,das_work,2.136234760284424,48258,13,1
1771866118.6163352,310_3,310,das_work,7.01880669593811,48258,13,1
1771866118.6178102,318_1,318,das_work,12.609355926513672,48258,13,1
1771866118.628865,322_2,322,das_work,4.610019445419312,48258,13,1
1771866118.6291842,319_3,319,das_work,3.474328756332397,48258,13,1
1771866118.632343,313_3,313,das_work,6.352991342544556,48258,13,1
1771866118.6353168,321_3,321,das_work,4.398428201675415,48258,13,1
1771866118.636752,305_2,305,das_work,8.84813904762268,48258,13,1
1771866118.638893,311_4,311,das_work,7.535509347915649,48258,13,1
1771866118.640742,324_2,324,das_work,3.596489191055298,48258,13,1
1771866118.6473525,325_4,325,das_work,4.605229377746582,48258,13,1
1771866118.6596096,317_2,317,das_work,5.192656517028809,48258,13,1
1771866118.664708,306_4,306,das_work,3.8475217819213863,48258,13,1
1771866118.6652963,301_3,301,das_work,1.4665846824645996,48258,13,1
1771866118.6703632,312_4,312,das_work,1.9448628425598145,48258,13,1
1771866118.6709435,307_3,307,das_work,9.142807483673096,48258,13,1
1771866130.5002954,313_4,313,das_work,3.629864454269409,48258,14,1
1771866130.5090234,324_3,324,das_work,6.389089345932007,48258,14,1
1771866130.5108078,307_4,307,das_work,3.799959897994995,48258,14,1
1771866130.5123754,321_4,321,das_work,4.6709980964660645,48258,14,1
1771866130.5136912,305_3,305,das_work,0.6106417179107666,48258,14,1
1771866130.519773,318_2,318,das_work,8.13366413116455,48258,14,1
1771866130.526529,328_4,328,das_work,7.067675590515137,48258,14,1
1771866130.5280845,301_4,301,das_work,9.577121019363403,48258,14,1
1771866130.52871,302_3,302,das_work,1.7794454097747805,48258,14,1
1771866130.5376627,323_3,323,das_work,8.621128797531128,48258,14,1
1771866130.540959,304_3,304,das_work,4.828741788864136,48258,14,1
1771866130.544868,319_4,319,das_work,5.486839771270752,48258,14,1
1771866130.5524666,315_3,315,das_work,2.2345621585845947,48258,14,1
1771866130.555501,329_4,329,das_work,12.877976894378662,48258,14,1
1771866130.5600612,314_4,314,das_work,2.687806844711304,48258,14,1
1771866130.560871,310_4,310,das_work,5.958834409713745,48258,14,1
1771866130.5695732,327_4,327,das_work,4.953291654586792,48258,14,1
1771866130.572395,316_4,316,das_work,0.8519101142883301,48258,14,1
1771866130.5756986,317_3,317,das_work,3.297493934631348,48258,14,1
1771866130.5764155,308_3,308,das_work,8.301983118057251,48258,14,1
1771866130.5803404,309_4,309,das_work,5.507527589797974,48258,14,1
1771866142.3657937,308_4,308,das_work,5.00691819190979,48258,15,1
1771866142.3670218,315_4,315,das_work,2.1401021480560303,48258,15,1
1771866142.3725612,317_4,317,das_work,1.4333655834197998,48258,15,1
1771866142.3728602,304_4,304,das_work,9.03702163696289,48258,15,1
1771866142.3730588,322_3,322,das_work,12.34178876876831,48258,15,1
1771866142.3756886,305_4,305,das_work,1.1921963691711426,48258,15,1
1771866142.3792214,302_4,302,das_work,8.924176692962646,48258,15,1
1771866142.383182,324_4,324,das_work,9.17212438583374,48258,15,1
1771866142.387025,318_3,318,das_work,4.384618759155273,48258,15,1
1771866142.3887527,323_4,323,das_work,8.877163648605347,48258,15,1
1771866154.2626572,318_4,318,das_work,6.321660280227661,48258,16,1
1771866154.2644746,322_4,322,das_work,4.897221326828003,48258,16,1
1771866070.415147,338_0,338,das_work,2.350602388381958,48258,9,1
1771866070.4445078,339_0,339,das_work,6.552463054656982,48258,9,1
1771866070.4575882,355_0,355,das_work,3.1177749633789062,48258,9,1
1771866070.4583712,344_0,344,das_work,1.5779039859771729,48258,9,1
1771866082.4936745,330_0,330,das_work,7.006201505661011,48258,10,1
1771866082.5036218,350_0,350,das_work,4.916544437408447,48258,10,1
1771866082.5115182,331_0,331,das_work,4.8771562576293945,48258,10,1
1771866082.5223548,348_0,348,das_work,12.32903218269348,48258,10,1
1771866082.527005,353_0,353,das_work,5.764092445373535,48258,10,1
1771866082.5276752,338_1,338,das_work,5.3748955726623535,48258,10,1
1771866082.5293312,340_0,340,das_work,9.528523445129396,48258,10,1
1771866082.537839,337_0,337,das_work,2.9004032611846924,48258,10,1
1771866082.5453382,339_1,339,das_work,3.772881507873535,48258,10,1
1771866082.551937,335_0,335,das_work,8.49994945526123,48258,10,1
1771866082.5571926,357_0,357,das_work,3.8917996883392334,48258,10,1
1771866082.559436,342_0,342,das_work,8.524166822433472,48258,10,1
1771866082.5653503,345_0,345,das_work,8.307866334915161,48258,10,1
1771866082.568941,359_0,359,das_work,2.8463048934936523,48258,10,1
1771866082.570402,344_1,344,das_work,1.5646381378173828,48258,10,1
1771866082.576613,332_0,332,das_work,7.320435047149658,48258,10,1
1771866082.582657,343_0,343,das_work,1.3096754550933838,48258,10,1
1771866082.589595,334_0,334,das_work,4.752664804458618,48258,10,1
1771866082.5916748,355_1,355,das_work,5.954739093780518,48258,10,1
1771866082.5936873,358_0,358,das_work,10.328049659729004,48258,10,1
1771866082.5945125,347_0,347,das_work,9.491400957107544,48258,10,1
1771866082.6050923,341_0,341,das_work,5.123315095901489,48258,10,1
1771866082.6091754,336_0,336,das_work,5.451689004898071,48258,10,1
1771866082.6121838,349_0,349,das_work,5.593754053115845,48258,10,1
1771866082.6244974,356_0,356,das_work,10.581936836242676,48258,10,1
1771866082.6287096,354_0,354,das_work,5.797385215759277,48258,10,1
1771866082.6310835,351_0,351,das_work,11.00998306274414,48258,10,1
1771866094.555688,332_1,332,das_work,3.620224714279175,48258,11,1
1771866094.570856,336_1,336,das_work,8.010221481323242,48258,11,1
1771866094.583223,338_2,338,das_work,5.785307168960571,48258,11,1
1771866094.5909023,330_1,330,das_work,3.0347166061401367,48258,11,1
1771866094.5914507,355_2,355,das_work,1.7395415306091309,48258,11,1
1771866094.6104696,344_2,344,das_work,8.02891993522644,48258,11,1
1771866094.6113477,331_1,331,das_work,1.3604421615600586,48258,11,1
1771866094.6166832,346_0,346,das_work,11.620401620864868,48258,11,1
1771866094.6176128,337_1,337,das_work,5.179889917373657,48258,11,1
1771866094.6394277,341_1,341,das_work,3.233804702758789,48258,11,1
1771866094.6418755,335_1,335,das_work,5.956396102905273,48258,11,1
1771866094.647419,339_2,339,das_work,7.300997257232666,48258,11,1
1771866094.647689,351_1,351,das_work,6.03112268447876,48258,11,1
1771866094.6506755,350_1,350,das_work,6.143354892730713,48258,11,1
1771866094.6515543,349_1,349,das_work,2.7223565578460693,48258,11,1
1771866094.6524258,348_1,348,das_work,3.516237497329712,48258,11,1
1771866094.6530707,359_1,359,das_work,7.464019060134888,48258,11,1
1771866094.654232,340_1,340,das_work,3.0240273475646973,48258,11,1
1771866094.6742742,356_1,356,das_work,6.005994558334351,48258,11,1
1771866094.674916,358_1,358,das_work,7.10027003288269,48258,11,1
1771866094.678506,352_0,352,das_work,10.351440906524658,48258,11,1
1771866094.6825254,334_1,334,das_work,8.84915041923523,48258,11,1
1771866094.688177,357_1,357,das_work,7.401837348937988,48258,11,1
1771866094.6905868,347_1,347,das_work,2.619280815124512,48258,11,1
1771866094.7097328,333_0,333,das_work,12.189494132995604,48258,11,1
1771866094.7277803,345_1,345,das_work,4.340209722518921,48258,11,1
1771866094.7377467,342_1,342,das_work,6.939500093460083,48258,11,1
1771866106.5718064,349_2,349,das_work,9.525185108184814,48258,12,1
1771866106.5738382,343_1,343,das_work,13.44055986404419,48258,12,1
1771866106.576176,337_2,337,das_work,1.9162664413452148,48258,12,1
1771866106.5766995,342_2,342,das_work,6.38756275177002,48258,12,1
1771866106.5857856,338_3,338,das_work,3.1316628456115723,48258,12,1
1771866106.590871,357_2,357,das_work,8.325770854949951,48258,12,1
1771866106.596488,346_1,346,das_work,6.366215944290161,48258,12,1
1771866106.6077335,359_2,359,das_work,6.967419862747192,48258,12,1
1771866106.6319816,335_2,335,das_work,5.117586851119995,48258,12,1
1771866106.6418908,333_1,333,das_work,6.73003625869751,48258,12,1
1771866106.6484275,330_2,330,das_work,9.484569549560549,48258,12,1
1771866106.663874,352_1,352,das_work,5.650922060012817,48258,12,1
1771866106.6792085,356_2,356,das_work,6.962814807891846,48258,12,1
1771866106.6812851,336_2,336,das_work,7.644147872924805,48258,12,1
1771866106.6888285,348_2,348,das_work,9.632433891296388,48258,12,1
1771866106.692525,332_2,332,das_work,8.84045672416687,48258,12,1
1771866106.6961832,331_2,331,das_work,2.2327895164489746,48258,12,1
1771866106.6995652,354_1,354,das_work,12.536990880966188,48258,12,1
1771866106.7096334,339_3,339,das_work,1.934301853179932,48258,12,1
1771866106.7131684,355_3,355,das_work,3.2975990772247314,48258,12,1
1771866106.7176878,345_2,345,das_work,7.043221950531006,48258,12,1
1771866106.7253754,350_2,350,das_work,8.023328065872192,48258,12,1
1771866106.7286627,334_2,334,das_work,8.49213719367981,48258,12,1
1771866106.7302687,347_2,347,das_work,7.37897777557373,48258,12,1
1771866106.7378025,358_2,358,das_work,6.339749097824097,48258,12,1
1771866106.739492,353_1,353,das_work,12.761656045913696,48258,12,1
1771866106.7449334,344_3,344,das_work,5.351276397705078,48258,12,1
1771866106.7961228,341_2,341,das_work,6.15673041343689,48258,12,1
1771866106.8203883,340_2,340,das_work,7.951422214508057,48258,12,1
1771866118.551129,338_4,338,das_work,4.318746089935303,48258,13,1
1771866118.5535083,333_2,333,das_work,4.03285813331604,48258,13,1
1771866118.5537276,336_3,336,das_work,8.167415618896484,48258,13,1
1771866118.553931,357_3,357,das_work,2.115309953689575,48258,13,1
1771866118.561222,353_2,353,das_work,9.520465850830078,48258,13,1
1771866118.580022,346_2,346,das_work,2.7538950443267822,48258,13,1
1771866118.586543,341_3,341,das_work,9.569397926330566,48258,13,1
1771866118.589271,359_3,359,das_work,4.41686224937439,48258,13,1
1771866118.598591,334_3,334,das_work,1.496858835220337,48258,13,1
1771866118.606598,349_3,349,das_work,5.788072347640991,48258,13,1
1771866118.6067195,350_3,350,das_work,7.14816427230835,48258,13,1
1771866118.6210966,358_3,358,das_work,6.9955339431762695,48258,13,1
1771866118.6271248,340_3,340,das_work,8.310048818588257,48258,13,1
1771866118.6313338,337_3,337,das_work,1.8994858264923096,48258,13,1
1771866118.6431897,339_4,339,das_work,2.2958884239196777,48258,13,1
1771866118.6608186,335_3,335,das_work,6.905519962310791,48258,13,1
1771866118.6753693,332_3,332,das_work,6.890473127365112,48258,13,1
1771866118.677407,344_4,344,das_work,4.968348503112793,48258,13,1
1771866118.678856,352_2,352,das_work,2.94912338256836,48258,13,1
1771866118.6797607,330_3,330,das_work,5.1333558559417725,48258,13,1
1771866118.684965,351_2,351,das_work,13.039563655853271,48258,13,1
1771866118.6859076,331_3,331,das_work,1.9944114685058596,48258,13,1
1771866118.6955528,356_3,356,das_work,2.4707067012786865,48258,13,1
1771866118.6977031,347_3,347,das_work,1.846254110336304,48258,13,1
1771866118.698419,343_2,343,das_work,3.058959484100342,48258,13,1
1771866118.7024815,355_4,355,das_work,2.366048812866211,48258,13,1
1771866118.7037177,342_3,342,das_work,3.511480569839477,48258,13,1
1771866118.704991,345_3,345,das_work,6.016561031341553,48258,13,1
1771866118.7062345,354_2,354,das_work,5.971989631652832,48258,13,1
1771866130.4892972,354_3,354,das_work,4.12354588508606,48258,14,1
1771866130.4912205,337_4,337,das_work,4.741325378417969,48258,14,1
1771866130.492475,352_3,352,das_work,8.471364498138428,48258,14,1
1771866130.493037,341_4,341,das_work,5.55807638168335,48258,14,1
1771866130.493696,348_3,348,das_work,13.029019832611084,48258,14,1
1771866130.4976747,342_4,342,das_work,3.679566383361816,48258,14,1
1771866130.5002556,351_3,351,das_work,6.368839740753174,48258,14,1
1771866130.5086305,350_4,350,das_work,1.1591391563415527,48258,14,1
1771866130.5207412,340_4,340,das_work,3.989466190338135,48258,14,1
1771866130.5215158,357_4,357,das_work,6.400191068649292,48258,14,1
1771866130.5235076,332_4,332,das_work,4.195634365081787,48258,14,1
1771866130.524232,336_4,336,das_work,3.4899210929870605,48258,14,1
1771866130.5277429,353_3,353,das_work,1.2565734386444092,48258,14,1
1771866130.5337126,334_4,334,das_work,3.190362930297852,48258,14,1
1771866130.5338802,335_4,335,das_work,1.1223888397216797,48258,14,1
1771866130.5470295,356_4,356,das_work,8.269210815429688,48258,14,1
1771866130.5530176,349_4,349,das_work,3.905138731002808,48258,14,1
1771866130.554539,345_4,345,das_work,2.2246665954589844,48258,14,1
1771866130.5656147,347_4,347,das_work,6.273183107376099,48258,14,1
1771866130.5759213,330_4,330,das_work,1.6263298988342283,48258,14,1
1771866130.5771978,331_4,331,das_work,2.4582414627075195,48258,14,1
1771866130.5777469,346_3,346,das_work,2.784207582473755,48258,14,1
1771866130.5877693,343_3,343,das_work,1.4253487586975098,48258,14,1
1771866130.588469,358_4,358,das_work,9.112838983535768,48258,14,1
1771866130.5890532,359_4,359,das_work,8.567070484161377,48258,14,1
1771866142.3612125,351_4,351,das_work,0.7240655422210693,48258,15,1
1771866142.3694437,346_4,346,das_work,9.1428325176239,48258,15,1
1771866142.3810463,353_4,353,das_work,6.795916795730591,48258,15,1
1771866142.3846223,354_4,354,das_work,3.5485827922821045,48258,15,1
1771866142.3869383,343_4,343,das_work,1.1236324310302734,48258,15,1
1771866142.391337,348_4,348,das_work,5.170312166213989,48258,15,1
1771866142.391841,333_3,333,das_work,12.18899917602539,48258,15,1
1771866142.4051094,352_4,352,das_work,5.5060203075408936,48258,15,1
1771866154.2668426,333_4,333,das_work,0.8505544662475586,48258,16,1
1771866070.427157,384_0,384,das_work,0.51116943359375,48258,9,1
1771866082.4941435,375_0,375,das_work,5.804100751876831,48258,10,1
1771866082.4949417,370_0,370,das_work,7.605740547180176,48258,10,1
1771866082.499025,363_0,363,das_work,9.520293712615969,48258,10,1
1771866082.5004792,388_0,388,das_work,1.188380002975464,48258,10,1
1771866082.5015788,389_0,389,das_work,6.795846223831177,48258,10,1
1771866082.5138628,371_0,371,das_work,8.562209129333496,48258,10,1
1771866082.518267,380_0,380,das_work,4.436715364456177,48258,10,1
1771866082.5187943,364_0,364,das_work,2.4000563621521,48258,10,1
1771866082.524367,369_0,369,das_work,10.86605167388916,48258,10,1
1771866082.536192,376_0,376,das_work,3.402787208557129,48258,10,1
1771866082.542664,383_0,383,das_work,6.107081651687622,48258,10,1
1771866082.5433342,385_0,385,das_work,4.729062080383301,48258,10,1
1771866082.5543606,361_0,361,das_work,10.146328926086426,48258,10,1
1771866082.5966756,373_0,373,das_work,3.028249502182007,48258,10,1
1771866082.60495,381_0,381,das_work,7.765898466110229,48258,10,1
1771866082.6141798,374_0,374,das_work,8.703458309173584,48258,10,1
1771866082.61875,386_0,386,das_work,1.751082420349121,48258,10,1
1771866082.622417,384_1,384,das_work,6.9027628898620605,48258,10,1
1771866082.6230416,365_0,365,das_work,8.530434608459473,48258,10,1
1771866082.6281118,362_0,362,das_work,6.952141523361206,48258,10,1
1771866082.6288557,372_0,372,das_work,6.26614785194397,48258,10,1
1771866082.6348956,367_0,367,das_work,12.239522218704224,48258,10,1
1771866094.5655189,365_1,365,das_work,2.364701509475708,48258,11,1
1771866094.5717957,375_1,375,das_work,2.303085327148437,48258,11,1
1771866094.5723689,369_1,369,das_work,7.680847883224487,48258,11,1
1771866094.5735395,373_1,373,das_work,5.050991773605347,48258,11,1
1771866094.5799649,360_0,360,das_work,11.302689790725708,48258,11,1
1771866094.5805285,382_0,382,das_work,9.74876594543457,48258,11,1
1771866094.5821283,374_1,374,das_work,4.544062376022339,48258,11,1
1771866094.582694,370_1,370,das_work,7.489627361297607,48258,11,1
1771866094.5871596,378_0,378,das_work,10.70096468925476,48258,11,1
1771866094.5920074,379_0,379,das_work,10.32703709602356,48258,11,1
1771866094.5974202,372_1,372,das_work,4.13344407081604,48258,11,1
1771866094.6064034,377_0,377,das_work,11.440968036651611,48258,11,1
1771866094.618501,362_1,362,das_work,3.2847988605499268,48258,11,1
1771866094.6193993,384_2,384,das_work,5.550521373748779,48258,11,1
1771866094.6358416,380_1,380,das_work,5.380075454711914,48258,11,1
1771866094.6453316,388_1,388,das_work,3.171959400177002,48258,11,1
1771866094.6531365,368_0,368,das_work,12.855604648590088,48258,11,1
1771866094.6552997,364_1,364,das_work,8.663134336471558,48258,11,1
1771866094.6589134,361_1,361,das_work,9.463833570480348,48258,11,1
1771866094.6651456,371_1,371,das_work,2.4721055030822754,48258,11,1
1771866094.6706238,389_1,389,das_work,7.910705327987671,48258,11,1
1771866094.6715715,383_1,383,das_work,3.3567450046539307,48258,11,1
1771866094.6735814,381_1,381,das_work,4.529339551925659,48258,11,1
1771866094.6741407,366_0,366,das_work,7.497228384017944,48258,11,1
1771866094.6803627,363_1,363,das_work,3.4037458896636963,48258,11,1
1771866094.6820629,385_1,385,das_work,6.466857671737671,48258,11,1
1771866094.6936429,376_1,376,das_work,5.531870126724243,48258,11,1
1771866094.706149,386_1,386,das_work,7.278717279434204,48258,11,1
1771866094.726146,387_0,387,das_work,13.022002935409546,48258,11,1
1771866106.591217,375_2,375,das_work,5.094780445098877,48258,12,1
1771866106.5927403,376_2,376,das_work,1.675654411315918,48258,12,1
1771866106.5933502,366_1,366,das_work,2.054922342300415,48258,12,1
1771866106.605761,369_2,369,das_work,1.752495288848877,48258,12,1
1771866106.606766,374_2,374,das_work,3.6715939044952393,48258,12,1
1771866106.6225386,365_2,365,das_work,3.1319737434387207,48258,12,1
1771866106.6241913,377_1,377,das_work,6.127860069274902,48258,12,1
1771866106.642002,364_2,364,das_work,2.2457387447357178,48258,12,1
1771866106.6618342,382_1,382,das_work,4.198220252990723,48258,12,1
1771866106.6687937,388_2,388,das_work,1.7570202350616455,48258,12,1
1771866106.6895018,371_2,371,das_work,5.26769495010376,48258,12,1
1771866106.6918216,370_2,370,das_work,5.302544832229614,48258,12,1
1771866106.7049096,384_3,384,das_work,5.431506395339966,48258,12,1
1771866106.708743,385_2,385,das_work,7.018877267837524,48258,12,1
1771866106.7147212,386_2,386,das_work,6.006800174713135,48258,12,1
1771866106.7173064,380_2,380,das_work,9.351333141326904,48258,12,1
1771866106.721856,367_1,367,das_work,13.699644327163696,48258,12,1
1771866106.7249255,362_2,362,das_work,1.5677812099456787,48258,12,1
1771866106.736174,383_2,383,das_work,4.868851661682129,48258,12,1
1771866106.7404726,361_2,361,das_work,3.2534337043762207,48258,12,1
1771866106.7414222,372_2,372,das_work,9.99958610534668,48258,12,1
1771866106.7616267,378_1,378,das_work,6.000480651855469,48258,12,1
1771866106.7791684,360_1,360,das_work,7.175021648406982,48258,12,1
1771866106.7945971,381_2,381,das_work,6.557757616043091,48258,12,1
1771866106.8017037,368_1,368,das_work,2.326350212097168,48258,12,1
1771866106.8066325,379_1,379,das_work,6.49455451965332,48258,12,1
1771866118.5492702,376_3,376,das_work,2.12427306175232,48258,13,1
1771866118.5498698,379_2,379,das_work,4.44178032875061,48258,13,1
1771866118.552492,365_3,365,das_work,8.052936553955078,48258,13,1
1771866118.5533712,360_2,360,das_work,9.714813947677612,48258,13,1
1771866118.556448,380_3,380,das_work,2.5131711959838867,48258,13,1
1771866118.5586686,361_3,361,das_work,2.679050207138061,48258,13,1
1771866118.560068,367_2,367,das_work,5.541595220565796,48258,13,1
1771866118.5612686,366_2,366,das_work,7.527652740478516,48258,13,1
1771866118.563621,384_4,384,das_work,3.03926420211792,48258,13,1
1771866118.5648837,368_2,368,das_work,2.0284640789031982,48258,13,1
1771866118.571083,382_2,382,das_work,2.1950666904449463,48258,13,1
1771866118.5719192,369_3,369,das_work,4.520322799682617,48258,13,1
1771866118.5738378,381_3,381,das_work,1.7666947841644287,48258,13,1
1771866118.5833375,378_2,378,das_work,3.8704428672790527,48258,13,1
1771866118.5870528,374_3,374,das_work,1.7812602519989014,48258,13,1
1771866118.60606,362_3,362,das_work,7.205428600311279,48258,13,1
1771866118.606795,364_3,364,das_work,6.408890008926392,48258,13,1
1771866118.6069672,375_3,375,das_work,6.239192485809326,48258,13,1
1771866118.6145968,371_3,371,das_work,5.919071435928345,48258,13,1
1771866118.6296847,377_2,377,das_work,2.722565174102783,48258,13,1
1771866118.635059,363_2,363,das_work,12.627129554748535,48258,13,1
1771866118.6352684,373_2,373,das_work,13.09472918510437,48258,13,1
1771866118.66198,387_1,387,das_work,12.455257415771484,48258,13,1
1771866118.6735227,383_3,383,das_work,8.604941606521606,48258,13,1
1771866118.677867,385_3,385,das_work,8.68582034111023,48258,13,1
1771866118.678759,372_3,372,das_work,7.849354267120361,48258,13,1
1771866118.6962955,388_3,388,das_work,2.054338932037353,48258,13,1
1771866118.698668,389_2,389,das_work,13.0459942817688,48258,13,1
1771866118.6995802,370_3,370,das_work,2.069582939147949,48258,13,1
1771866130.484663,389_3,389,das_work,3.688591480255127,48258,14,1
1771866130.485357,365_4,365,das_work,4.460665464401245,48258,14,1
1771866130.486667,378_3,378,das_work,2.26931095123291,48258,14,1
1771866130.4877982,363_3,363,das_work,3.07338809967041,48258,14,1
1771866130.4988513,364_4,364,das_work,4.16424560546875,48258,14,1
1771866130.4997182,380_4,380,das_work,3.465430974960327,48258,14,1
1771866130.5007863,381_4,381,das_work,5.744154930114746,48258,14,1
1771866130.5023882,362_4,362,das_work,4.662176847457886,48258,14,1
1771866130.5122752,383_4,383,das_work,1.458514928817749,48258,14,1
1771866130.5140169,361_4,361,das_work,9.927112817764282,48258,14,1
1771866130.5155234,373_3,373,das_work,5.97085976600647,48258,14,1
1771866130.5415485,382_3,382,das_work,9.187732458114624,48258,14,1
1771866130.542288,368_3,368,das_work,1.6994378566741943,48258,14,1
1771866130.5434206,360_3,360,das_work,1.754744529724121,48258,14,1
1771866130.5460436,387_2,387,das_work,5.501984119415283,48258,14,1
1771866130.555067,388_4,388,das_work,8.30771279335022,48258,14,1
1771866130.5573852,377_3,377,das_work,6.045817852020264,48258,14,1
1771866130.5581176,369_4,369,das_work,6.566464424133301,48258,14,1
1771866130.5685885,366_3,366,das_work,8.782867431640625,48258,14,1
1771866130.573253,379_3,379,das_work,3.5601963996887207,48258,14,1
1771866130.5740569,386_3,386,das_work,12.909645080566406,48258,14,1
1771866130.5746462,372_4,372,das_work,9.14685583114624,48258,14,1
1771866130.578939,370_4,370,das_work,1.6424510478973389,48258,14,1
1771866130.579666,367_3,367,das_work,2.3187408447265625,48258,14,1
1771866130.5819902,385_4,385,das_work,5.190008401870728,48258,14,1
1771866130.5874126,376_4,376,das_work,2.8406982421875,48258,14,1
1771866130.5886288,371_4,371,das_work,3.0038154125213623,48258,14,1
1771866130.589502,374_4,374,das_work,2.8167054653167725,48258,14,1
1771866130.590498,375_4,375,das_work,4.142890453338623,48258,14,1
1771866142.3587222,379_4,379,das_work,7.816738605499268,48258,15,1
1771866142.3603587,373_4,373,das_work,5.077267646789551,48258,15,1
1771866142.3669786,366_4,366,das_work,4.479840755462647,48258,15,1
1771866142.372979,367_4,367,das_work,0.4267401695251465,48258,15,1
1771866142.3875446,368_4,368,das_work,4.112367391586304,48258,15,1
1771866142.3899012,360_4,360,das_work,9.099457263946531,48258,15,1
1771866142.3929596,387_3,387,das_work,1.6572692394256592,48258,15,1
1771866142.3935535,386_4,386,das_work,3.74125862121582,48258,15,1
1771866142.3942492,389_4,389,das_work,9.512316703796388,48258,15,1
1771866142.395966,363_4,363,das_work,4.170985221862793,48258,15,1
1771866142.401076,382_4,382,das_work,2.881783962249756,48258,15,1
1771866142.404627,378_4,378,das_work,8.708208560943604,48258,15,1
1771866142.4052289,377_4,377,das_work,6.806983709335327,48258,15,1
1771866154.2905867,387_4,387,das_work,7.184752464294434,48258,16,1
1771866070.4112134,413_0,413,das_work,1.413647174835205,48258,9,1
1771866082.49956,405_0,405,das_work,11.920543432235718,48258,10,1
1771866082.501337,399_0,399,das_work,1.687403678894043,48258,10,1
1771866082.5023625,392_0,392,das_work,10.157574653625488,48258,10,1
1771866082.5044167,396_0,396,das_work,4.427391052246094,48258,10,1
1771866082.5133486,404_0,404,das_work,6.667081356048584,48258,10,1
1771866082.51415,407_0,407,das_work,9.166088581085203,48258,10,1
1771866082.5188036,395_0,395,das_work,1.1045494079589844,48258,10,1
1771866082.5221918,412_0,412,das_work,5.5289812088012695,48258,10,1
1771866082.532485,391_0,391,das_work,7.740537166595459,48258,10,1
1771866082.5418024,418_0,418,das_work,1.5183610916137695,48258,10,1
1771866082.556466,406_0,406,das_work,5.844455003738403,48258,10,1
1771866082.5604358,390_0,390,das_work,5.4741692543029785,48258,10,1
1771866082.565456,416_0,416,das_work,9.196046352386476,48258,10,1
1771866082.5681336,400_0,400,das_work,7.677001953125,48258,10,1
1771866082.581423,417_0,417,das_work,9.93715476989746,48258,10,1
1771866082.582508,419_0,419,das_work,5.824090242385864,48258,10,1
1771866082.5941825,413_1,413,das_work,9.525286197662354,48258,10,1
1771866082.5950615,408_0,408,das_work,6.281739950180054,48258,10,1
1771866082.6018686,414_0,414,das_work,10.184208631515505,48258,10,1
1771866082.6180642,415_0,415,das_work,5.616875410079956,48258,10,1
1771866094.560418,396_1,396,das_work,3.773595094680786,48258,11,1
1771866094.5608206,406_1,406,das_work,4.769209384918213,48258,11,1
1771866094.5625434,395_1,395,das_work,10.348496675491331,48258,11,1
1771866094.563033,400_1,400,das_work,8.20257019996643,48258,11,1
1771866094.563349,393_0,393,das_work,9.41491675376892,48258,11,1
1771866094.563494,410_0,410,das_work,6.3705103397369385,48258,11,1
1771866094.5647027,399_1,399,das_work,6.800501108169556,48258,11,1
1771866094.5679293,403_0,403,das_work,11.381206035614014,48258,11,1
1771866094.5685258,409_0,409,das_work,7.640320301055908,48258,11,1
1771866094.57611,405_1,405,das_work,5.121461629867554,48258,11,1
1771866094.5766232,411_0,411,das_work,13.015983819961548,48258,11,1
1771866094.5966866,391_1,391,das_work,3.328174829483032,48258,11,1
1771866094.598576,408_1,408,das_work,6.254198789596558,48258,11,1
1771866094.6028616,412_1,412,das_work,2.3252508640289307,48258,11,1
1771866094.6070127,402_0,402,das_work,11.008636236190796,48258,11,1
1771866094.6391602,398_0,398,das_work,10.180891513824465,48258,11,1
1771866094.6497393,416_1,416,das_work,6.160963296890259,48258,11,1
1771866094.6583216,392_1,392,das_work,6.076385259628296,48258,11,1
1771866094.6646647,415_1,415,das_work,5.569784164428711,48258,11,1
1771866094.6693392,413_2,413,das_work,5.656355857849121,48258,11,1
1771866094.6831632,394_0,394,das_work,11.281596422195436,48258,11,1
1771866094.6837406,419_1,419,das_work,2.689625024795532,48258,11,1
1771866094.692881,407_1,407,das_work,6.434453248977661,48258,11,1
1771866094.7021909,418_1,418,das_work,4.5386834144592285,48258,11,1
1771866094.7059393,417_1,417,das_work,2.885125160217285,48258,11,1
1771866094.7212703,401_0,401,das_work,12.062936067581177,48258,11,1
1771866094.7250023,397_0,397,das_work,10.950685977935793,48258,11,1
1771866106.583176,417_2,417,das_work,6.09819221496582,48258,12,1
1771866106.5970418,418_2,418,das_work,1.8728737831115725,48258,12,1
1771866106.6003838,406_2,406,das_work,8.600264549255371,48258,12,1
1771866106.6095648,419_2,419,das_work,9.681196928024292,48258,12,1
1771866106.6201315,398_1,398,das_work,4.930410623550415,48258,12,1
1771866106.6206064,393_1,393,das_work,1.6309595108032229,48258,12,1
1771866106.651913,416_2,416,das_work,7.217303276062012,48258,12,1
1771866106.6665463,399_2,399,das_work,4.901803016662598,48258,12,1
1771866106.6673927,404_1,404,das_work,12.911433219909668,48258,12,1
1771866106.6680164,412_2,412,das_work,9.388266324996948,48258,12,1
1771866106.6685858,413_3,413,das_work,4.1617419719696045,48258,12,1
1771866106.6732306,407_2,407,das_work,4.919837713241577,48258,12,1
1771866106.680338,392_2,392,das_work,8.957615613937378,48258,12,1
1771866106.6866944,390_1,390,das_work,13.00663447380066,48258,12,1
1771866106.6868746,391_2,391,das_work,7.687126159667969,48258,12,1
1771866106.6919322,400_2,400,das_work,3.901865959167481,48258,12,1
1771866106.70691,394_1,394,das_work,6.025691509246826,48258,12,1
1771866106.7123432,405_2,405,das_work,5.403687715530396,48258,12,1
1771866106.7298083,403_1,403,das_work,6.400891304016113,48258,12,1
1771866106.738124,409_1,409,das_work,9.391693353652954,48258,12,1
1771866106.7446134,408_2,408,das_work,2.1584033966064453,48258,12,1
1771866106.7630243,414_1,414,das_work,12.841238975524902,48258,12,1
1771866106.7856274,402_1,402,das_work,2.127316474914551,48258,12,1
1771866106.8094172,411_1,411,das_work,3.242790937423706,48258,12,1
1771866106.8096318,396_2,396,das_work,4.703719615936279,48258,12,1
1771866118.5499983,395_2,395,das_work,12.92511820793152,48258,13,1
1771866118.5627244,405_3,405,das_work,6.611811399459839,48258,13,1
1771866118.580702,414_2,414,das_work,4.909458637237549,48258,13,1
1771866118.58302,403_2,403,das_work,7.287623882293701,48258,13,1
1771866118.5866196,398_2,398,das_work,7.409864187240601,48258,13,1
1771866118.595893,415_2,415,das_work,12.52452516555786,48258,13,1
1771866118.599385,416_3,416,das_work,6.245561122894287,48258,13,1
1771866118.6011412,394_2,394,das_work,9.531590461730955,48258,13,1
1771866118.6016362,411_2,411,das_work,6.525537014007568,48258,13,1
1771866118.6063411,409_2,409,das_work,6.813016891479492,48258,13,1
1771866118.617919,419_3,419,das_work,7.832913637161255,48258,13,1
1771866118.6233418,391_3,391,das_work,3.49281644821167,48258,13,1
1771866118.6239414,418_3,418,das_work,8.84242868423462,48258,13,1
1771866118.6284137,417_3,417,das_work,1.667281150817871,48258,13,1
1771866118.6303153,402_2,402,das_work,4.9131364822387695,48258,13,1
1771866118.6346707,407_3,407,das_work,6.963035821914673,48258,13,1
1771866118.6412032,401_1,401,das_work,12.89171314239502,48258,13,1
1771866118.642965,397_1,397,das_work,13.50302243232727,48258,13,1
1771866118.6435435,412_3,412,das_work,1.3143839836120603,48258,13,1
1771866118.661504,390_2,390,das_work,4.654361724853516,48258,13,1
1771866118.6678915,393_2,393,das_work,7.724191427230835,48258,13,1
1771866118.6784463,392_3,392,das_work,2.659399032592773,48258,13,1
1771866118.67912,400_3,400,das_work,6.2194342613220215,48258,13,1
1771866118.6793437,399_3,399,das_work,5.104394197463989,48258,13,1
1771866118.67964,413_4,413,das_work,1.8524131774902344,48258,13,1
1771866118.6878622,410_1,410,das_work,13.654526710510254,48258,13,1
1771866118.6894844,396_3,396,das_work,5.225129127502441,48258,13,1
1771866118.6939137,408_3,408,das_work,6.790170192718506,48258,13,1
1771866118.701609,406_3,406,das_work,1.5243291854858398,48258,13,1
1771866130.4854305,407_4,407,das_work,9.053162574768066,48258,14,1
1771866130.4900274,397_2,397,das_work,9.73208236694336,48258,14,1
1771866130.4969325,418_4,418,das_work,7.396678924560547,48258,14,1
1771866130.5052316,411_3,411,das_work,4.690068244934082,48258,14,1
1771866130.5067234,398_3,398,das_work,4.981639623641968,48258,14,1
1771866130.5089126,396_4,396,das_work,2.024149179458618,48258,14,1
1771866130.5172956,400_4,400,das_work,6.598947048187256,48258,14,1
1771866130.519363,391_4,391,das_work,9.498605728149414,48258,14,1
1771866130.5232291,399_4,399,das_work,1.9063286781311035,48258,14,1
1771866130.5304086,405_4,405,das_work,8.958451509475708,48258,14,1
1771866130.533907,401_2,401,das_work,1.657909870147705,48258,14,1
1771866130.534613,402_3,402,das_work,6.204982757568359,48258,14,1
1771866130.535324,419_4,419,das_work,1.7914936542510986,48258,14,1
1771866130.5369444,416_4,416,das_work,7.787914514541626,48258,14,1
1771866130.5456307,393_3,393,das_work,2.568933725357056,48258,14,1
1771866130.551021,404_2,404,das_work,12.127444505691528,48258,14,1
1771866130.5535076,412_4,412,das_work,9.110891103744509,48258,14,1
1771866130.555402,403_3,403,das_work,1.865877628326416,48258,14,1
1771866130.5578945,395_3,395,das_work,7.31832218170166,48258,14,1
1771866130.5593746,414_3,414,das_work,4.741722822189331,48258,14,1
1771866130.5617745,410_2,410,das_work,6.7416160106658936,48258,14,1
1771866130.5639727,406_4,406,das_work,2.063856601715088,48258,14,1
1771866130.5645204,409_3,409,das_work,6.789474487304688,48258,14,1
1771866130.5647385,390_3,390,das_work,6.272721767425537,48258,14,1
1771866130.5648708,415_3,415,das_work,8.668449640274048,48258,14,1
1771866130.569562,417_4,417,das_work,7.788082838058472,48258,14,1
1771866130.5785477,392_4,392,das_work,7.640108346939087,48258,14,1
1771866130.579221,394_3,394,das_work,8.447983026504517,48258,14,1
1771866130.585918,408_4,408,das_work,8.625705003738403,48258,14,1
1771866142.3594036,409_4,409,das_work,5.41274094581604,48258,15,1
1771866142.3603687,394_4,394,das_work,3.8200411796569824,48258,15,1
1771866142.3619044,401_3,401,das_work,9.848922491073608,48258,15,1
1771866142.3627174,397_3,397,das_work,8.575352191925049,48258,15,1
1771866142.365944,404_3,404,das_work,5.131903409957886,48258,15,1
1771866142.366567,415_4,415,das_work,8.432423114776611,48258,15,1
1771866142.3720503,410_3,410,das_work,6.011086463928223,48258,15,1
1771866142.3729503,393_4,393,das_work,3.54484224319458,48258,15,1
1771866142.3734925,390_4,390,das_work,7.824472904205322,48258,15,1
1771866142.3767514,395_4,395,das_work,5.268930673599243,48258,15,1
1771866142.38089,414_4,414,das_work,7.18585729598999,48258,15,1
1771866142.3860166,411_4,411,das_work,2.820006847381592,48258,15,1
1771866142.3875637,403_4,403,das_work,3.826979398727417,48258,15,1
1771866142.390319,402_4,402,das_work,7.865203619003296,48258,15,1
1771866142.3947234,398_4,398,das_work,8.676942825317383,48258,15,1
1771866154.2613316,410_4,410,das_work,3.3253464698791504,48258,16,1
1771866154.273239,404_4,404,das_work,2.381190776824951,48258,16,1
1771866154.2773476,397_4,397,das_work,3.090212345123291,48258,16,1
1771866154.284343,401_4,401,das_work,7.375199794769287,48258,16,1
1771866082.500461,429_0,429,das_work,4.102113485336304,48258,10,1
1771866082.5262718,436_0,436,das_work,5.535916328430176,48258,10,1
1771866082.536105,420_0,420,das_work,7.876483678817749,48258,10,1
1771866082.5414064,449_0,449,das_work,8.910272121429443,48258,10,1
1771866082.5427408,431_0,431,das_work,2.284475564956665,48258,10,1
1771866082.5590992,443_0,443,das_work,10.262091398239136,48258,10,1
1771866082.562273,447_0,447,das_work,6.368632555007935,48258,10,1
1771866082.5678775,438_0,438,das_work,10.14966106414795,48258,10,1
1771866082.571332,445_0,445,das_work,7.746001243591309,48258,10,1
1771866082.5790694,439_0,439,das_work,8.9355309009552,48258,10,1
1771866082.5802927,448_0,448,das_work,8.23096227645874,48258,10,1
1771866082.6014717,423_0,423,das_work,3.432286262512207,48258,10,1
1771866082.6043491,435_0,435,das_work,9.15295958518982,48258,10,1
1771866082.6190112,426_0,426,das_work,4.277701377868652,48258,10,1
1771866082.6195674,442_0,442,das_work,8.44070553779602,48258,10,1
1771866082.6297932,434_0,434,das_work,7.949384450912476,48258,10,1
1771866082.6324575,446_0,446,das_work,1.5079624652862549,48258,10,1
1771866094.556105,432_0,432,das_work,6.958216667175293,48258,11,1
1771866094.566688,434_1,434,das_work,5.311699390411377,48258,11,1
1771866094.5880992,430_0,430,das_work,5.492269515991211,48258,11,1
1771866094.5940418,431_1,431,das_work,2.511608600616455,48258,11,1
1771866094.602199,421_0,421,das_work,10.093515396118164,48258,11,1
1771866094.6034572,429_1,429,das_work,6.92118763923645,48258,11,1
1771866094.6098614,446_1,446,das_work,4.053788185119629,48258,11,1
1771866094.6230123,445_1,445,das_work,6.071016788482666,48258,11,1
1771866094.625085,423_1,423,das_work,8.013890981674194,48258,11,1
1771866094.6259344,427_0,427,das_work,11.873079299926758,48258,11,1
1771866094.6475618,443_1,443,das_work,6.356292963027954,48258,11,1
1771866094.6562138,433_0,433,das_work,4.647088527679443,48258,11,1
1771866094.6572256,428_0,428,das_work,8.965805768966675,48258,11,1
1771866094.6578546,438_1,438,das_work,9.03905439376831,48258,11,1
1771866094.6599169,424_0,424,das_work,12.590309381484984,48258,11,1
1771866094.6663334,436_1,436,das_work,9.684823513031006,48258,11,1
1771866094.667091,426_1,426,das_work,4.136686086654663,48258,11,1
1771866094.6701112,448_1,448,das_work,7.874489545822143,48258,11,1
1771866094.671051,447_1,447,das_work,2.991643190383911,48258,11,1
1771866094.6759448,440_0,440,das_work,11.398199796676636,48258,11,1
1771866094.678709,444_0,444,das_work,9.074796438217165,48258,11,1
1771866094.6866417,449_1,449,das_work,4.352397918701172,48258,11,1
1771866094.6875322,422_0,422,das_work,5.404513120651245,48258,11,1
1771866094.6917672,441_0,441,das_work,12.446696519851685,48258,11,1
1771866094.6944003,439_1,439,das_work,5.5411646366119385,48258,11,1
1771866094.7068431,437_0,437,das_work,12.948348760604858,48258,11,1
1771866094.7099187,425_0,425,das_work,9.964983463287354,48258,11,1
1771866094.7245345,435_1,435,das_work,7.69022798538208,48258,11,1
1771866094.7273302,420_1,420,das_work,8.752919435501099,48258,11,1
1771866094.728671,442_1,442,das_work,8.528670310974121,48258,11,1
1771866106.5725434,435_2,435,das_work,5.484521627426148,48258,12,1
1771866106.592226,440_1,440,das_work,8.514734506607056,48258,12,1
1771866106.6020143,437_1,437,das_work,8.461138486862183,48258,12,1
1771866106.608856,429_2,429,das_work,9.997903108596802,48258,12,1
1771866106.6132064,426_2,426,das_work,2.311762809753418,48258,12,1
1771866106.6149745,423_2,423,das_work,1.6362857818603516,48258,12,1
1771866106.6326897,446_2,446,das_work,3.86162781715393,48258,12,1
1771866106.6346889,424_1,424,das_work,5.594718933105469,48258,12,1
1771866106.636984,436_2,436,das_work,8.702352285385132,48258,12,1
1771866106.6378615,444_1,444,das_work,7.362276077270508,48258,12,1
1771866106.6404836,438_2,438,das_work,5.523537635803223,48258,12,1
1771866106.6545694,431_2,431,das_work,2.1732468605041504,48258,12,1
1771866106.6576233,430_1,430,das_work,1.6938986778259275,48258,12,1
1771866106.6640904,433_1,433,das_work,6.611944198608398,48258,12,1
1771866106.6845913,428_1,428,das_work,7.160654306411743,48258,12,1
1771866106.6892974,425_1,425,das_work,6.385325908660889,48258,12,1
1771866106.6957953,421_1,421,das_work,5.860281229019165,48258,12,1
1771866106.702291,443_2,443,das_work,7.690262794494629,48258,12,1
1771866106.716493,449_2,449,das_work,3.8103160858154297,48258,12,1
1771866106.7221978,442_2,442,das_work,6.961603879928589,48258,12,1
1771866106.7307012,448_2,448,das_work,9.313690662384031,48258,12,1
1771866106.7329154,422_1,422,das_work,6.745471715927124,48258,12,1
1771866106.7632563,434_2,434,das_work,4.762274503707886,48258,12,1
1771866106.765599,447_2,447,das_work,8.151168823242188,48258,12,1
1771866106.8010085,420_2,420,das_work,6.434548854827881,48258,12,1
1771866106.8130052,432_1,432,das_work,9.333361625671388,48258,12,1
1771866118.5440788,438_3,438,das_work,6.798233509063721,48258,13,1
1771866118.545676,426_3,426,das_work,5.603100538253784,48258,13,1
1771866118.5478108,445_2,445,das_work,12.50137495994568,48258,13,1
1771866118.5548854,433_2,433,das_work,9.420308113098145,48258,13,1
1771866118.5573046,434_3,434,das_work,2.981365442276001,48258,13,1
1771866118.5586011,448_3,448,das_work,8.585997104644775,48258,13,1
1771866118.5624652,432_2,432,das_work,2.3912951946258545,48258,13,1
1771866118.567005,439_2,439,das_work,13.789754629135132,48258,13,1
1771866118.5823758,435_3,435,das_work,6.958515167236328,48258,13,1
1771866118.5831015,420_3,420,das_work,6.104722499847412,48258,13,1
1771866118.5921216,436_3,436,das_work,5.761987924575806,48258,13,1
1771866118.5996768,440_2,440,das_work,8.908472299575806,48258,13,1
1771866118.600757,442_3,442,das_work,6.519116163253784,48258,13,1
1771866118.6091456,424_2,424,das_work,1.407308578491211,48258,13,1
1771866118.6114051,443_3,443,das_work,1.6883578300476074,48258,13,1
1771866118.611913,446_3,446,das_work,8.900031089782715,48258,13,1
1771866118.6162012,423_3,423,das_work,5.628910541534424,48258,13,1
1771866118.6326203,422_2,422,das_work,4.5274529457092285,48258,13,1
1771866118.6366758,431_3,431,das_work,2.86124849319458,48258,13,1
1771866118.6400251,427_1,427,das_work,13.008853197097778,48258,13,1
1771866118.6406765,429_3,429,das_work,8.901410341262817,48258,13,1
1771866118.6460454,437_2,437,das_work,6.902513742446899,48258,13,1
1771866118.658918,428_2,428,das_work,6.86820387840271,48258,13,1
1771866118.698948,449_3,449,das_work,4.4812912940979,48258,13,1
1771866118.6992068,447_3,447,das_work,1.9622738361358645,48258,13,1
1771866118.700358,444_2,444,das_work,2.943786859512329,48258,13,1
1771866118.7053268,441_1,441,das_work,13.57554578781128,48258,13,1
1771866118.7089431,421_2,421,das_work,6.820616006851196,48258,13,1
1771866130.4847288,426_4,426,das_work,4.722707986831665,48258,14,1
1771866130.4871273,434_4,434,das_work,1.3219187259674072,48258,14,1
1771866130.488052,427_2,427,das_work,9.62966513633728,48258,14,1
1771866130.4958436,425_2,425,das_work,12.381882667541504,48258,14,1
1771866130.496674,441_2,441,das_work,6.368478298187256,48258,14,1
1771866130.498179,449_4,449,das_work,1.2112758159637451,48258,14,1
1771866130.5151129,442_4,442,das_work,2.93914532661438,48258,14,1
1771866130.5163064,440_3,440,das_work,0.8815019130706787,48258,14,1
1771866130.5175486,437_3,437,das_work,3.498783826828003,48258,14,1
1771866130.5219598,438_4,438,das_work,4.447767734527588,48258,14,1
1771866130.5270128,439_3,439,das_work,9.642370462417604,48258,14,1
1771866130.527207,429_4,429,das_work,9.790123224258425,48258,14,1
1771866130.533177,444_3,444,das_work,8.12960958480835,48258,14,1
1771866130.5333352,443_4,443,das_work,7.240966558456421,48258,14,1
1771866130.534363,424_3,424,das_work,5.1898510456085205,48258,14,1
1771866130.5391943,433_3,433,das_work,6.6005494594573975,48258,14,1
1771866130.5421567,448_4,448,das_work,7.476265907287598,48258,14,1
1771866130.5482025,432_3,432,das_work,6.942447900772095,48258,14,1
1771866130.549806,446_4,446,das_work,8.975012302398682,48258,14,1
1771866130.552088,445_3,445,das_work,3.8199656009674072,48258,14,1
1771866130.5586526,420_4,420,das_work,9.76881194114685,48258,14,1
1771866130.5608542,421_3,421,das_work,1.5674304962158203,48258,14,1
1771866130.5632682,430_2,430,das_work,12.758383989334106,48258,14,1
1771866130.5693762,436_4,436,das_work,5.522286653518677,48258,14,1
1771866130.570383,423_4,423,das_work,5.260964393615723,48258,14,1
1771866130.571194,447_4,447,das_work,7.53770637512207,48258,14,1
1771866130.5759327,422_3,422,das_work,1.6585705280303955,48258,14,1
1771866130.5795195,431_4,431,das_work,8.864092350006104,48258,14,1
1771866130.579682,435_4,435,das_work,2.300959587097168,48258,14,1
1771866130.579941,428_3,428,das_work,3.0492067337036133,48258,14,1
1771866142.3585494,425_3,425,das_work,0.2320699691772461,48258,15,1
1771866142.3634367,445_4,445,das_work,7.55012845993042,48258,15,1
1771866142.366551,432_4,432,das_work,4.059478521347046,48258,15,1
1771866142.3706706,430_3,430,das_work,6.646720886230469,48258,15,1
1771866142.3723943,428_4,428,das_work,7.217217683792114,48258,15,1
1771866142.3746686,433_4,433,das_work,2.947178840637207,48258,15,1
1771866142.3781104,441_3,441,das_work,8.52647614479065,48258,15,1
1771866142.3834448,444_4,444,das_work,2.8135440349578857,48258,15,1
1771866142.3848653,427_3,427,das_work,4.316478490829468,48258,15,1
1771866142.3914587,421_4,421,das_work,4.296037435531616,48258,15,1
1771866142.3922975,424_4,424,das_work,8.84635329246521,48258,15,1
1771866142.3961716,440_4,440,das_work,4.942033529281616,48258,15,1
1771866142.3968616,437_4,437,das_work,4.343850612640381,48258,15,1
1771866142.401657,422_4,422,das_work,5.64545488357544,48258,15,1
1771866142.4031703,439_4,439,das_work,4.778628349304199,48258,15,1
1771866154.2637374,427_4,427,das_work,2.022569179534912,48258,16,1
1771866154.2649703,430_4,430,das_work,2.933098316192627,48258,16,1
1771866154.2665744,425_4,425,das_work,4.836967945098877,48258,16,1
1771866154.2713037,441_4,441,das_work,3.804742336273194,48258,16,1
1771866082.5084074,455_0,455,das_work,7.095743179321289,48258,10,1
1771866082.552356,475_0,475,das_work,8.867106199264526,48258,10,1
1771866082.558724,462_0,462,das_work,4.109133005142212,48258,10,1
1771866082.571001,467_0,467,das_work,3.134987592697144,48258,10,1
1771866082.5718274,461_0,461,das_work,10.764137744903564,48258,10,1
1771866082.5846112,454_0,454,das_work,7.871246099472046,48258,10,1
1771866082.588947,470_0,470,das_work,4.928137063980103,48258,10,1
1771866082.5959191,466_0,466,das_work,10.31256628036499,48258,10,1
1771866082.6288736,450_0,450,das_work,1.8397064208984373,48258,10,1
1771866094.5550215,472_0,472,das_work,12.956527709960938,48258,11,1
1771866094.556465,466_1,466,das_work,3.2474935054779053,48258,11,1
1771866094.558113,458_0,458,das_work,10.04304313659668,48258,11,1
1771866094.559789,453_0,453,das_work,6.56718111038208,48258,11,1
1771866094.5638378,455_1,455,das_work,4.325574398040772,48258,11,1
1771866094.572661,475_1,475,das_work,4.831877708435059,48258,11,1
1771866094.5779555,479_0,479,das_work,11.1864755153656,48258,11,1
1771866094.578517,474_0,474,das_work,8.843449592590332,48258,11,1
1771866094.5792797,473_0,473,das_work,6.445634365081787,48258,11,1
1771866094.583032,451_0,451,das_work,7.849080085754394,48258,11,1
1771866094.5866525,470_1,470,das_work,3.652088165283203,48258,11,1
1771866094.5877297,456_0,456,das_work,6.125884056091309,48258,11,1
1771866094.5955162,462_1,462,das_work,1.8313195705413816,48258,11,1
1771866094.5990877,477_0,477,das_work,10.42345094680786,48258,11,1
1771866094.6113484,476_0,476,das_work,6.966720819473267,48258,11,1
1771866094.62101,457_0,457,das_work,11.683674573898315,48258,11,1
1771866094.625131,478_0,478,das_work,3.753715753555298,48258,11,1
1771866094.6377022,452_0,452,das_work,5.281102418899536,48258,11,1
1771866094.6499078,454_1,454,das_work,7.262683391571045,48258,11,1
1771866094.655943,464_0,464,das_work,11.569110870361328,48258,11,1
1771866094.6564038,463_0,463,das_work,9.80111813545227,48258,11,1
1771866094.6627493,467_1,467,das_work,1.9860522747039795,48258,11,1
1771866094.6700535,461_1,461,das_work,4.092178106307983,48258,11,1
1771866094.696112,450_1,450,das_work,5.570129871368408,48258,11,1
1771866094.700693,469_0,469,das_work,7.471263408660889,48258,11,1
1771866094.7123015,468_0,468,das_work,8.239870071411133,48258,11,1
1771866094.7173731,471_0,471,das_work,8.557365894317627,48258,11,1
1771866094.7274404,465_0,465,das_work,4.172536373138428,48258,11,1
1771866094.7398255,460_0,460,das_work,7.109726905822754,48258,11,1
1771866106.571864,453_1,453,das_work,6.896243333816528,48258,12,1
1771866106.5727198,470_2,470,das_work,9.870848894119264,48258,12,1
1771866106.5800543,464_1,464,das_work,3.713073968887329,48258,12,1
1771866106.582666,467_2,467,das_work,6.502593994140625,48258,12,1
1771866106.5828245,459_0,459,das_work,13.413640260696411,48258,12,1
1771866106.5848272,461_2,461,das_work,4.910473346710205,48258,12,1
1771866106.586992,451_1,451,das_work,7.829949855804443,48258,12,1
1771866106.602181,471_1,471,das_work,6.5467209815979,48258,12,1
1771866106.6112788,476_1,476,das_work,8.36649227142334,48258,12,1
1771866106.616425,475_2,475,das_work,3.145792961120605,48258,12,1
1771866106.617427,472_1,472,das_work,7.77744197845459,48258,12,1
1771866106.6183014,450_2,450,das_work,6.525505781173706,48258,12,1
1771866106.6199114,460_1,460,das_work,6.295754909515381,48258,12,1
1771866106.620043,463_1,463,das_work,2.7715413570404053,48258,12,1
1771866106.6266124,456_1,456,das_work,2.8083198070526123,48258,12,1
1771866106.6288245,479_1,479,das_work,2.479584217071533,48258,12,1
1771866106.647443,454_2,454,das_work,8.84629774093628,48258,12,1
1771866106.6584947,478_1,478,das_work,7.952825307846069,48258,12,1
1771866106.6647727,474_1,474,das_work,6.805056095123291,48258,12,1
1771866106.6689026,458_1,458,das_work,6.745304346084595,48258,12,1
1771866106.688082,477_1,477,das_work,6.914225816726685,48258,12,1
1771866106.7040377,455_2,455,das_work,7.529629945755005,48258,12,1
1771866106.7113843,452_1,452,das_work,2.9012694358825684,48258,12,1
1771866106.7291093,468_1,468,das_work,8.173083543777466,48258,12,1
1771866106.7470655,469_1,469,das_work,9.799407958984377,48258,12,1
1771866106.7478244,466_2,466,das_work,4.2502992153167725,48258,12,1
1771866106.781125,473_1,473,das_work,2.0960824489593506,48258,12,1
1771866106.7814465,462_2,462,das_work,3.10027813911438,48258,12,1
1771866118.5440364,469_2,469,das_work,5.929283618927002,48258,13,1
1771866118.5455382,479_2,479,das_work,5.418352127075195,48258,13,1
1771866118.551671,467_3,467,das_work,8.351458311080933,48258,13,1
1771866118.555834,453_2,453,das_work,2.221341371536255,48258,13,1
1771866118.559489,450_3,450,das_work,2.880326747894287,48258,13,1
1771866118.5675757,468_2,468,das_work,2.5285439491271973,48258,13,1
1771866118.5735977,464_2,464,das_work,9.762081384658812,48258,13,1
1771866118.574442,463_2,463,das_work,2.286285161972046,48258,13,1
1771866118.5876043,461_3,461,das_work,8.188405513763428,48258,13,1
1771866118.594505,470_3,470,das_work,10.123769760131836,48258,13,1
1771866118.5951822,462_3,462,das_work,8.949885368347168,48258,13,1
1771866118.5953708,454_3,454,das_work,4.799917936325073,48258,13,1
1771866118.5957432,474_2,474,das_work,9.239260911941528,48258,13,1
1771866118.596391,471_2,471,das_work,6.348659753799439,48258,13,1
1771866118.5967689,478_2,478,das_work,1.4337785243988037,48258,13,1
1771866118.601416,465_1,465,das_work,13.177945613861084,48258,13,1
1771866118.6029994,457_1,457,das_work,13.209466218948364,48258,13,1
1771866118.6170225,476_2,476,das_work,9.271566390991213,48258,13,1
1771866118.632114,472_2,472,das_work,8.114178895950317,48258,13,1
1771866118.6665547,455_3,455,das_work,7.057636976242065,48258,13,1
1771866118.6778102,456_2,456,das_work,6.148048162460327,48258,13,1
1771866118.6797535,459_1,459,das_work,7.02862024307251,48258,13,1
1771866118.6845093,473_2,473,das_work,9.34217405319214,48258,13,1
1771866118.6905935,477_2,477,das_work,10.176435708999634,48258,13,1
1771866118.6988854,466_3,466,das_work,4.020901203155518,48258,13,1
1771866118.6999526,475_3,475,das_work,5.747049331665039,48258,13,1
1771866118.7016995,451_2,451,das_work,2.4647250175476074,48258,13,1
1771866118.702773,452_2,452,das_work,4.481104373931885,48258,13,1
1771866118.7042675,460_2,460,das_work,4.258842945098877,48258,13,1
1771866130.484821,469_3,469,das_work,2.42838191986084,48258,14,1
1771866130.4856524,461_4,461,das_work,8.897674560546875,48258,14,1
1771866130.487461,474_3,474,das_work,6.383184432983398,48258,14,1
1771866130.493257,478_3,478,das_work,8.025005102157593,48258,14,1
1771866130.4938471,479_3,479,das_work,1.8381812572479248,48258,14,1
1771866130.5006516,453_3,453,das_work,8.148435592651367,48258,14,1
1771866130.503447,465_2,465,das_work,4.432064533233643,48258,14,1
1771866130.5041664,471_3,471,das_work,3.6905367374420166,48258,14,1
1771866130.5087707,472_3,472,das_work,2.85998272895813,48258,14,1
1771866130.515939,463_3,463,das_work,8.187999248504639,48258,14,1
1771866130.5166056,459_2,459,das_work,7.874840497970581,48258,14,1
1771866130.517656,456_3,456,das_work,1.283369064331055,48258,14,1
1771866130.5213532,467_4,467,das_work,6.804477453231812,48258,14,1
1771866130.523497,466_4,466,das_work,9.551095724105837,48258,14,1
1771866130.5245025,468_3,468,das_work,2.0040690898895264,48258,14,1
1771866130.5285015,450_4,450,das_work,3.1907033920288086,48258,14,1
1771866130.534865,454_4,454,das_work,6.537653923034668,48258,14,1
1771866130.5424912,457_2,457,das_work,4.444556474685669,48258,14,1
1771866130.5426204,476_3,476,das_work,7.151423931121826,48258,14,1
1771866130.5435047,464_3,464,das_work,4.445184707641602,48258,14,1
1771866130.545864,460_3,460,das_work,5.4439697265625,48258,14,1
1771866130.5469415,452_3,452,das_work,3.421142816543579,48258,14,1
1771866130.548159,451_3,451,das_work,0.9739291667938232,48258,14,1
1771866130.5489123,455_4,455,das_work,9.535441637039185,48258,14,1
1771866130.558827,462_4,462,das_work,3.841318130493164,48258,14,1
1771866130.5637496,458_2,458,das_work,12.894798278808594,48258,14,1
1771866130.5650616,470_4,470,das_work,1.1636030673980713,48258,14,1
1771866130.5806596,473_3,473,das_work,7.661373853683472,48258,14,1
1771866130.582429,475_4,475,das_work,2.806100368499756,48258,14,1
1771866130.587179,477_3,477,das_work,4.593624830245972,48258,14,1
1771866142.3584197,458_3,458,das_work,3.426072120666504,48258,15,1
1771866142.3599584,453_4,453,das_work,1.4191582202911377,48258,15,1
1771866142.3606987,451_4,451,das_work,3.292567253112793,48258,15,1
1771866142.3613498,476_4,476,das_work,6.463703870773315,48258,15,1
1771866142.361915,469_4,469,das_work,7.918038368225098,48258,15,1
1771866142.3651876,464_4,464,das_work,3.170317888259888,48258,15,1
1771866142.365847,460_4,460,das_work,6.132341384887695,48258,15,1
1771866142.3664172,478_4,478,das_work,5.140195369720459,48258,15,1
1771866142.3677883,456_4,456,das_work,8.614081144332886,48258,15,1
1771866142.3685155,463_4,463,das_work,6.220654487609863,48258,15,1
1771866142.3692422,452_4,452,das_work,5.308522939682007,48258,15,1
1771866142.3698947,477_4,477,das_work,6.446184396743774,48258,15,1
1771866142.3735526,473_4,473,das_work,3.8258557319641113,48258,15,1
1771866142.375178,472_4,472,das_work,2.336099147796631,48258,15,1
1771866142.376757,465_3,465,das_work,8.297775745391846,48258,15,1
1771866142.377811,471_4,471,das_work,3.7554469108581534,48258,15,1
1771866142.378401,479_4,479,das_work,2.5232653617858887,48258,15,1
1771866142.3794036,468_4,468,das_work,1.1448848247528076,48258,15,1
1771866142.3852503,474_4,474,das_work,0.7676632404327393,48258,15,1
1771866142.3885117,459_3,459,das_work,1.5579712390899658,48258,15,1
1771866142.3983786,457_3,457,das_work,9.14006757736206,48258,15,1
1771866154.289782,465_4,465,das_work,6.372565031051636,48258,16,1
1771866154.3053598,457_4,457,das_work,6.371760129928589,48258,16,1
1771866154.3149614,458_4,458,das_work,7.166063547134399,48258,16,1
1771866154.315465,459_4,459,das_work,4.424973249435425,48258,16,1
1771866082.4944997,498_0,498,das_work,4.411716461181641,48258,10,1
1771866082.4951687,501_0,501,das_work,3.4643778800964355,48258,10,1
1771866082.5011885,486_0,486,das_work,6.371968507766724,48258,10,1
1771866082.5278206,484_0,484,das_work,3.372275114059448,48258,10,1
1771866082.529523,500_0,500,das_work,2.3986098766326904,48258,10,1
1771866082.5357463,507_0,507,das_work,5.947846174240112,48258,10,1
1771866082.6222386,508_0,508,das_work,8.454772472381592,48258,10,1
1771866082.6282125,483_0,483,das_work,1.3829751014709473,48258,10,1
1771866094.55553,480_0,480,das_work,6.707237243652344,48258,11,1
1771866094.5628057,484_1,484,das_work,3.90967059135437,48258,11,1
1771866094.565946,503_0,503,das_work,5.447132349014282,48258,11,1
1771866094.566113,506_0,506,das_work,4.349435091018677,48258,11,1
1771866094.5706103,492_0,492,das_work,6.12513542175293,48258,11,1
1771866094.578238,494_0,494,das_work,11.037461996078491,48258,11,1
1771866094.581828,481_0,481,das_work,7.995933294296265,48258,11,1
1771866094.5915048,500_1,500,das_work,6.0509421825408936,48258,11,1
1771866094.6066556,507_1,507,das_work,5.375760793685913,48258,11,1
1771866094.6084075,502_0,502,das_work,3.172963380813598,48258,11,1
1771866094.6169586,485_0,485,das_work,6.015903234481812,48258,11,1
1771866094.6415274,499_0,499,das_work,6.752491474151611,48258,11,1
1771866094.6465106,508_1,508,das_work,5.2858195304870605,48258,11,1
1771866094.6573644,488_0,488,das_work,6.4606006145477295,48258,11,1
1771866094.6635263,498_1,498,das_work,4.714285135269165,48258,11,1
1771866094.6767037,509_0,509,das_work,10.579130411148071,48258,11,1
1771866094.6793177,497_0,497,das_work,7.117260694503784,48258,11,1
1771866094.684209,495_0,495,das_work,5.857428073883057,48258,11,1
1771866094.687178,489_0,489,das_work,9.544816255569458,48258,11,1
1771866094.6906245,482_0,482,das_work,12.120476722717283,48258,11,1
1771866094.6924186,486_1,486,das_work,5.656623125076294,48258,11,1
1771866094.7063422,504_0,504,das_work,2.825751304626465,48258,11,1
1771866094.7091908,483_1,483,das_work,4.193942546844482,48258,11,1
1771866094.713391,490_0,490,das_work,2.435555458068848,48258,11,1
1771866094.7151318,491_0,491,das_work,3.867926359176636,48258,11,1
1771866094.7221897,501_1,501,das_work,3.138007402420044,48258,11,1
1771866094.7280316,487_0,487,das_work,6.229907035827637,48258,11,1
1771866094.735438,496_0,496,das_work,3.9191932678222656,48258,11,1
1771866106.5757208,503_1,503,das_work,1.565829515457153,48258,12,1
1771866106.5902982,482_1,482,das_work,8.843173265457153,48258,12,1
1771866106.5978956,486_2,486,das_work,2.2606358528137207,48258,12,1
1771866106.5985622,497_1,497,das_work,9.419549942016602,48258,12,1
1771866106.6041338,484_2,484,das_work,7.767871141433716,48258,12,1
1771866106.6104217,485_1,485,das_work,9.968790769577026,48258,12,1
1771866106.6113908,504_1,504,das_work,5.286198377609253,48258,12,1
1771866106.6116242,506_1,506,das_work,2.724142074584961,48258,12,1
1771866106.625104,490_1,490,das_work,2.605736494064331,48258,12,1
1771866106.640953,480_1,480,das_work,2.4563992023468018,48258,12,1
1771866106.6434555,508_2,508,das_work,4.768768548965454,48258,12,1
1771866106.6566825,509_1,509,das_work,2.218010902404785,48258,12,1
1771866106.6875322,494_1,494,das_work,4.341314792633057,48258,12,1
1771866106.687739,492_1,492,das_work,6.659469127655029,48258,12,1
1771866106.690895,498_2,498,das_work,4.335991621017456,48258,12,1
1771866106.6966076,491_1,491,das_work,4.634016275405884,48258,12,1
1771866106.7001882,493_0,493,das_work,10.41849446296692,48258,12,1
1771866106.709733,483_2,483,das_work,7.504361629486084,48258,12,1
1771866106.724363,496_1,496,das_work,2.8699216842651367,48258,12,1
1771866106.7760234,505_0,505,das_work,13.468650579452516,48258,12,1
1771866106.792438,507_2,507,das_work,7.373581409454346,48258,12,1
1771866106.7964044,501_2,501,das_work,7.862900257110596,48258,12,1
1771866106.7976086,499_1,499,das_work,5.450016498565674,48258,12,1
1771866106.8160355,489_1,489,das_work,5.635787487030029,48258,12,1
1771866118.544382,485_2,485,das_work,2.219081401824951,48258,13,1
1771866118.545507,483_3,483,das_work,5.709693670272827,48258,13,1
1771866118.5585196,505_1,505,das_work,4.82721734046936,48258,13,1
1771866118.558917,492_2,492,das_work,6.768959999084473,48258,13,1
1771866118.562121,495_1,495,das_work,12.606685638427734,48258,13,1
1771866118.5691147,493_1,493,das_work,9.392757415771484,48258,13,1
1771866118.5697465,494_2,494,das_work,3.4277076721191406,48258,13,1
1771866118.5742817,502_1,502,das_work,12.576200485229492,48258,13,1
1771866118.5854428,490_2,490,das_work,7.854670286178589,48258,13,1
1771866118.588869,486_3,486,das_work,2.8180527687072754,48258,13,1
1771866118.591533,503_2,503,das_work,4.956775426864624,48258,13,1
1771866118.592834,484_3,484,das_work,7.669304847717285,48258,13,1
1771866118.5973835,488_1,488,das_work,13.906940698623655,48258,13,1
1771866118.5979435,482_2,482,das_work,7.874948024749756,48258,13,1
1771866118.6053386,497_2,497,das_work,3.4824531078338623,48258,13,1
1771866118.608878,508_3,508,das_work,9.374147415161133,48258,13,1
1771866118.622963,500_2,500,das_work,13.57038187980652,48258,13,1
1771866118.6370342,496_2,496,das_work,7.588728666305542,48258,13,1
1771866118.6427915,509_2,509,das_work,5.943257808685303,48258,13,1
1771866118.6517236,481_1,481,das_work,12.522285223007202,48258,13,1
1771866118.659662,499_2,499,das_work,1.9472527503967283,48258,13,1
1771866118.670228,487_1,487,das_work,13.475322246551514,48258,13,1
1771866118.6754572,504_2,504,das_work,6.528677940368652,48258,13,1
1771866118.690995,491_2,491,das_work,8.865807056427002,48258,13,1
1771866118.6942194,498_3,498,das_work,10.408795356750488,48258,13,1
1771866118.6983068,506_2,506,das_work,1.8823378086090088,48258,13,1
1771866130.4897404,485_3,485,das_work,0.9018056392669678,48258,14,1
1771866130.4936635,493_2,493,das_work,3.713495969772339,48258,14,1
1771866130.507106,495_2,495,das_work,7.652307510375977,48258,14,1
1771866130.5271132,499_3,499,das_work,8.266488790512085,48258,14,1
1771866130.5278757,503_3,503,das_work,9.620963096618652,48258,14,1
1771866130.5331514,483_4,483,das_work,6.108722686767578,48258,14,1
1771866130.5338302,496_3,496,das_work,2.5839197635650635,48258,14,1
1771866130.535262,505_2,505,das_work,2.014360189437866,48258,14,1
1771866130.536167,497_3,497,das_work,4.173532485961914,48258,14,1
1771866130.5377352,492_3,492,das_work,1.03548264503479,48258,14,1
1771866130.547772,501_3,501,das_work,12.381101369857788,48258,14,1
1771866130.5479205,491_3,491,das_work,4.030799388885498,48258,14,1
1771866130.5535948,489_2,489,das_work,12.720509767532349,48258,14,1
1771866130.554932,487_2,487,das_work,9.500690937042236,48258,14,1
1771866130.5568545,509_3,509,das_work,1.1371426582336426,48258,14,1
1771866130.559302,498_4,498,das_work,6.309184312820435,48258,14,1
1771866130.5651329,482_3,482,das_work,3.8109781742095943,48258,14,1
1771866130.5681248,494_3,494,das_work,2.5642101764678955,48258,14,1
1771866130.5708766,508_4,508,das_work,6.552666902542114,48258,14,1
1771866130.576167,506_3,506,das_work,7.493804454803467,48258,14,1
1771866130.5812445,480_2,480,das_work,12.886779546737673,48258,14,1
1771866130.5833328,481_2,481,das_work,2.1089508533477783,48258,14,1
1771866130.584008,502_2,502,das_work,4.921829700469971,48258,14,1
1771866130.5847974,484_4,484,das_work,4.99306583404541,48258,14,1
1771866130.5857804,486_4,486,das_work,2.9459893703460693,48258,14,1
1771866130.586581,507_3,507,das_work,12.69166088104248,48258,14,1
1771866130.5877168,500_3,500,das_work,5.965529918670654,48258,14,1
1771866130.5885105,488_2,488,das_work,4.402213335037232,48258,14,1
1771866130.5895016,504_3,504,das_work,6.581645488739014,48258,14,1
1771866142.36273,481_3,481,das_work,0.5672664642333984,48258,15,1
1771866142.364325,497_4,497,das_work,6.6447913646698,48258,15,1
1771866142.36719,491_4,491,das_work,6.12084436416626,48258,15,1
1771866142.370196,496_4,496,das_work,8.607929229736328,48258,15,1
1771866142.3757954,501_4,501,das_work,2.5456972122192383,48258,15,1
1771866142.3792126,488_3,488,das_work,6.778192520141602,48258,15,1
1771866142.381646,490_3,490,das_work,12.2868812084198,48258,15,1
1771866142.382365,506_4,506,das_work,8.931913614273071,48258,15,1
1771866142.3850925,495_3,495,das_work,8.039673328399658,48258,15,1
1771866142.3863275,502_3,502,das_work,5.7509870529174805,48258,15,1
1771866142.3897943,503_4,503,das_work,7.304706335067749,48258,15,1
1771866142.3899517,492_4,492,das_work,5.354727745056152,48258,15,1
1771866142.3914871,509_4,509,das_work,7.317103624343872,48258,15,1
1771866142.3924575,493_3,493,das_work,8.96970248222351,48258,15,1
1771866142.395162,482_4,482,das_work,7.41492772102356,48258,15,1
1771866142.3953114,487_3,487,das_work,8.578678607940674,48258,15,1
1771866142.3967063,507_4,507,das_work,7.5135908126831055,48258,15,1
1771866142.3969212,500_4,500,das_work,8.763469219207764,48258,15,1
1771866142.397186,505_3,505,das_work,6.978421926498413,48258,15,1
1771866142.3977168,480_3,480,das_work,2.349900484085083,48258,15,1
1771866142.3992114,494_4,494,das_work,3.853950738906861,48258,15,1
1771866142.401291,499_4,499,das_work,0.848778486251831,48258,15,1
1771866142.4015834,489_3,489,das_work,4.333672046661377,48258,15,1
1771866142.4017456,504_4,504,das_work,4.015600681304932,48258,15,1
1771866142.403788,485_4,485,das_work,4.498166084289551,48258,15,1
1771866154.2617433,481_4,481,das_work,3.0519793033599854,48258,16,1
1771866154.264825,487_4,487,das_work,2.7253549098968506,48258,16,1
1771866154.2653692,489_4,489,das_work,4.5869762897491455,48258,16,1
1771866154.2655585,502_4,502,das_work,5.902610063552856,48258,16,1
1771866154.2661638,488_4,488,das_work,8.93182921409607,48258,16,1
1771866154.2723932,495_4,495,das_work,5.848843336105347,48258,16,1
1771866154.2852466,480_4,480,das_work,0.8492145538330078,48258,16,1
1771866154.2895184,493_4,493,das_work,4.315298080444336,48258,16,1
1771866154.291082,490_4,490,das_work,1.2562227249145508,48258,16,1
1771866154.3270266,505_4,505,das_work,8.525589227676392,48258,16,1
1771866082.522052,533_0,533,das_work,2.7862226963043213,48258,10,1
1771866082.560175,520_0,520,das_work,2.91707181930542,48258,10,1
1771866082.592184,528_0,528,das_work,5.474759817123413,48258,10,1
1771866094.5557325,539_0,539,das_work,12.33335781097412,48258,11,1
1771866094.556538,526_0,526,das_work,8.274896383285522,48258,11,1
1771866094.5585008,530_0,530,das_work,4.498577117919922,48258,11,1
1771866094.5602872,538_0,538,das_work,5.09470009803772,48258,11,1
1771866094.562311,528_1,528,das_work,6.218134641647339,48258,11,1
1771866094.5691164,513_0,513,das_work,9.968202114105225,48258,11,1
1771866094.5711558,531_0,531,das_work,3.003249406814575,48258,11,1
1771866094.5854003,519_0,519,das_work,5.515211582183838,48258,11,1
1771866094.5904489,532_0,532,das_work,6.330430269241333,48258,11,1
1771866094.5923145,512_0,512,das_work,6.7590882778167725,48258,11,1
1771866094.6042302,516_0,516,das_work,7.900152921676636,48258,11,1
1771866094.6335416,536_0,536,das_work,4.802285671234131,48258,11,1
1771866094.6372724,514_0,514,das_work,11.533049821853638,48258,11,1
1771866094.642032,529_0,529,das_work,7.858361482620239,48258,11,1
1771866094.6473155,521_0,521,das_work,8.855330228805542,48258,11,1
1771866094.6491542,535_0,535,das_work,10.936089277267456,48258,11,1
1771866094.6609824,534_0,534,das_work,9.283016443252563,48258,11,1
1771866094.672493,525_0,525,das_work,10.796940088272097,48258,11,1
1771866094.674688,520_1,520,das_work,3.44665265083313,48258,11,1
1771866094.6752532,533_1,533,das_work,2.208225965499878,48258,11,1
1771866094.6823146,511_0,511,das_work,6.837630987167358,48258,11,1
1771866094.7125738,517_0,517,das_work,8.219316720962524,48258,11,1
1771866094.7161324,537_0,537,das_work,2.085418939590454,48258,11,1
1771866094.718443,515_0,515,das_work,1.4408435821533203,48258,11,1
1771866094.724927,527_0,527,das_work,4.641695261001587,48258,11,1
1771866106.5718646,528_2,528,das_work,6.530645132064819,48258,12,1
1771866106.5810783,514_1,514,das_work,3.2646756172180176,48258,12,1
1771866106.5869246,512_1,512,das_work,2.2551426887512207,48258,12,1
1771866106.58962,526_1,526,das_work,5.141110181808472,48258,12,1
1771866106.5953202,515_1,515,das_work,8.416741132736206,48258,12,1
1771866106.5972052,519_1,519,das_work,9.488348484039308,48258,12,1
1771866106.6018214,539_1,539,das_work,8.67674970626831,48258,12,1
1771866106.6054914,536_1,536,das_work,2.1928844451904297,48258,12,1
1771866106.6264956,529_1,529,das_work,3.2269861698150635,48258,12,1
1771866106.633544,510_0,510,das_work,10.12839698791504,48258,12,1
1771866106.634332,533_2,533,das_work,3.658980369567871,48258,12,1
1771866106.637686,537_1,537,das_work,3.060033082962036,48258,12,1
1771866106.6425405,535_1,535,das_work,3.037465333938598,48258,12,1
1771866106.6454108,525_1,525,das_work,6.264141321182251,48258,12,1
1771866106.6542516,538_1,538,das_work,2.413984537124634,48258,12,1
1771866106.658359,534_1,534,das_work,9.184401988983154,48258,12,1
1771866106.7013018,524_0,524,das_work,13.349860191345217,48258,12,1
1771866106.7091837,521_1,521,das_work,5.927146434783936,48258,12,1
1771866106.7185662,511_1,511,das_work,2.381659507751465,48258,12,1
1771866106.7192066,530_1,530,das_work,3.762585163116455,48258,12,1
1771866106.735852,523_0,523,das_work,10.47604513168335,48258,12,1
1771866106.7475135,520_2,520,das_work,10.299127578735352,48258,12,1
1771866106.7482553,513_1,513,das_work,6.82356071472168,48258,12,1
1771866106.772007,518_0,518,das_work,8.567582130432129,48258,12,1
1771866106.7734623,531_1,531,das_work,8.27816390991211,48258,12,1
1771866106.7825034,532_1,532,das_work,8.135984659194946,48258,12,1
1771866106.7990005,516_1,516,das_work,6.521792411804199,48258,12,1
1771866106.800938,522_0,522,das_work,12.701321601867676,48258,12,1
1771866106.8143415,517_1,517,das_work,8.973478317260742,48258,12,1
1771866118.5446994,539_2,539,das_work,8.657423257827759,48258,13,1
1771866118.5477695,522_1,522,das_work,9.09205675125122,48258,13,1
1771866118.5576012,512_2,512,das_work,8.348371982574463,48258,13,1
1771866118.560874,518_1,518,das_work,6.066424608230591,48258,13,1
1771866118.5790272,510_1,510,das_work,7.045847415924072,48258,13,1
1771866118.5802913,536_2,536,das_work,2.7867300510406494,48258,13,1
1771866118.5817444,516_2,516,das_work,4.741928577423096,48258,13,1
1771866118.5870476,530_2,530,das_work,4.954038619995117,48258,13,1
1771866118.5872142,529_2,529,das_work,6.504278659820557,48258,13,1
1771866118.5877786,515_2,515,das_work,6.026595592498779,48258,13,1
1771866118.5905004,537_2,537,das_work,8.652260541915894,48258,13,1
1771866118.5923958,519_2,519,das_work,5.357059478759766,48258,13,1
1771866118.5932548,538_2,538,das_work,6.167344570159912,48258,13,1
1771866118.5969052,514_2,514,das_work,4.312888622283936,48258,13,1
1771866118.6017718,527_1,527,das_work,12.650069236755373,48258,13,1
1771866118.60539,525_2,525,das_work,4.049293518066406,48258,13,1
1771866118.6271772,524_1,524,das_work,6.6494224071502686,48258,13,1
1771866118.6273878,533_3,533,das_work,4.215980291366577,48258,13,1
1771866118.6318712,528_3,528,das_work,4.445350408554077,48258,13,1
1771866118.6324627,532_2,532,das_work,5.825376272201538,48258,13,1
1771866118.6399274,511_2,511,das_work,5.517674684524536,48258,13,1
1771866118.6410768,513_2,513,das_work,3.418831825256348,48258,13,1
1771866118.641339,534_2,534,das_work,5.031364917755127,48258,13,1
1771866118.6450253,517_2,517,das_work,5.089197158813477,48258,13,1
1771866118.6455684,521_2,521,das_work,4.084181785583496,48258,13,1
1771866118.667993,526_2,526,das_work,1.4509987831115725,48258,13,1
1771866118.673632,531_2,531,das_work,5.121179580688477,48258,13,1
1771866118.678399,523_1,523,das_work,7.182426691055298,48258,13,1
1771866130.484795,525_3,525,das_work,3.2775981426239014,48258,14,1
1771866130.4902754,526_3,526,das_work,2.3576602935791016,48258,14,1
1771866130.4904883,521_3,521,das_work,3.860225200653076,48258,14,1
1771866130.4933846,537_3,537,das_work,4.382909297943115,48258,14,1
1771866130.502332,523_2,523,das_work,8.405596256256104,48258,14,1
1771866130.5054414,519_3,519,das_work,4.955894231796265,48258,14,1
1771866130.5085194,536_3,536,das_work,6.789708614349365,48258,14,1
1771866130.5105753,520_3,520,das_work,12.366367816925049,48258,14,1
1771866130.5198865,538_3,538,das_work,1.376164436340332,48258,14,1
1771866130.524976,513_3,513,das_work,7.160344123840332,48258,14,1
1771866130.5252502,531_3,531,das_work,4.862344980239868,48258,14,1
1771866130.5324028,530_3,530,das_work,2.906279325485229,48258,14,1
1771866130.5361178,535_2,535,das_work,13.155088186264038,48258,14,1
1771866130.5373783,522_2,522,das_work,7.2542853355407715,48258,14,1
1771866130.540718,528_4,528,das_work,4.303327322006226,48258,14,1
1771866130.554048,529_3,529,das_work,8.420206785202026,48258,14,1
1771866130.554277,510_2,510,das_work,6.984578847885132,48258,14,1
1771866130.5553164,533_4,533,das_work,0.7487449645996094,48258,14,1
1771866130.5569024,517_3,517,das_work,5.361438274383545,48258,14,1
1771866130.557122,516_3,516,das_work,5.89831280708313,48258,14,1
1771866130.5573924,524_2,524,das_work,5.495009183883667,48258,14,1
1771866130.5616229,515_3,515,das_work,9.233685970306396,48258,14,1
1771866130.5623727,532_3,532,das_work,5.414390563964844,48258,14,1
1771866130.5657873,534_3,534,das_work,7.508011817932129,48258,14,1
1771866130.566825,512_3,512,das_work,8.044715642929077,48258,14,1
1771866130.5685842,518_2,518,das_work,7.712353706359863,48258,14,1
1771866130.5846431,539_3,539,das_work,7.552356243133545,48258,14,1
1771866130.5865977,514_3,514,das_work,4.195506095886231,48258,14,1
1771866130.5908382,511_3,511,das_work,6.123852014541626,48258,14,1
1771866142.36184,510_3,510,das_work,1.847562313079834,48258,15,1
1771866142.3629642,518_3,518,das_work,2.528024911880493,48258,15,1
1771866142.3648126,532_4,532,das_work,8.619170665740967,48258,15,1
1771866142.3683293,537_4,537,das_work,5.212290525436401,48258,15,1
1771866142.3689396,519_4,519,das_work,6.782419681549072,48258,15,1
1771866142.3699384,521_4,521,das_work,3.171480655670166,48258,15,1
1771866142.3705175,514_4,514,das_work,6.355823755264282,48258,15,1
1771866142.371207,513_4,513,das_work,0.9114923477172852,48258,15,1
1771866142.3718293,527_2,527,das_work,12.121286630630491,48258,15,1
1771866142.377055,524_3,524,das_work,2.931633710861206,48258,15,1
1771866142.381078,531_4,531,das_work,9.099987030029297,48258,15,1
1771866142.3812351,526_4,526,das_work,5.2066051959991455,48258,15,1
1771866142.3835988,530_4,530,das_work,4.422346115112305,48258,15,1
1771866142.383849,522_3,522,das_work,7.063776731491089,48258,15,1
1771866142.384446,512_4,512,das_work,6.487305402755737,48258,15,1
1771866142.3847413,538_4,538,das_work,2.3288586139678955,48258,15,1
1771866142.3849118,529_4,529,das_work,5.5010175704956055,48258,15,1
1771866142.3883555,520_4,520,das_work,8.112722396850586,48258,15,1
1771866142.3885362,515_4,515,das_work,1.8054864406585691,48258,15,1
1771866142.3896492,535_3,535,das_work,7.037362337112427,48258,15,1
1771866142.3953793,536_4,536,das_work,7.998873949050903,48258,15,1
1771866142.3969483,539_4,539,das_work,6.756929874420166,48258,15,1
1771866142.3975277,534_4,534,das_work,3.269998788833618,48258,15,1
1771866142.4006248,525_4,525,das_work,6.937490224838257,48258,15,1
1771866142.40316,523_3,523,das_work,9.251167058944702,48258,15,1
1771866142.403922,517_4,517,das_work,5.765122652053833,48258,15,1
1771866142.404724,511_4,511,das_work,6.125760793685913,48258,15,1
1771866142.4056787,516_4,516,das_work,4.949045419692993,48258,15,1
1771866154.2610471,510_4,510,das_work,6.039496898651123,48258,16,1
1771866154.2623277,535_4,535,das_work,6.291769504547119,48258,16,1
1771866154.2629068,527_3,527,das_work,5.617199182510376,48258,16,1
1771866154.2640586,524_4,524,das_work,1.1899597644805908,48258,16,1
1771866154.2934043,518_4,518,das_work,9.853905439376833,48258,16,1
1771866154.309934,522_4,522,das_work,0.8512730598449707,48258,16,1
1771866154.3173463,523_4,523,das_work,1.3630037307739258,48258,16,1
1771866166.283075,527_4,527,das_work,2.183337688446045,48258,17,1
1771866082.5232255,555_0,555,das_work,2.8234670162200928,48258,10,1
1771866082.5496323,544_0,544,das_work,1.8789446353912356,48258,10,1
1771866082.5694742,540_0,540,das_work,1.8313000202178955,48258,10,1
1771866082.5957673,567_0,567,das_work,2.142714023590088,48258,10,1
1771866094.5550394,563_0,563,das_work,4.927786588668823,48258,11,1
1771866094.562869,550_0,550,das_work,1.702265739440918,48258,11,1
1771866094.5649793,546_0,546,das_work,5.282382249832153,48258,11,1
1771866094.5659726,548_0,548,das_work,7.812286853790283,48258,11,1
1771866094.5845964,556_0,556,das_work,9.250540018081663,48258,11,1
1771866094.5852318,560_0,560,das_work,6.547353267669678,48258,11,1
1771866094.6000469,569_0,569,das_work,7.009302377700806,48258,11,1
1771866094.605774,543_0,543,das_work,2.6575169563293457,48258,11,1
1771866094.6060493,567_1,567,das_work,3.21127724647522,48258,11,1
1771866094.607377,557_0,557,das_work,8.946815252304077,48258,11,1
1771866094.6240392,562_0,562,das_work,9.66794204711914,48258,11,1
1771866094.6257408,542_0,542,das_work,1.7996277809143066,48258,11,1
1771866094.6274076,549_0,549,das_work,7.954388380050659,48258,11,1
1771866094.6570475,540_1,540,das_work,5.700774908065796,48258,11,1
1771866094.6644948,565_0,565,das_work,12.74515151977539,48258,11,1
1771866094.6678257,568_0,568,das_work,3.1814706325531006,48258,11,1
1771866094.6773694,559_0,559,das_work,6.882002830505371,48258,11,1
1771866094.6879108,547_0,547,das_work,9.05979609489441,48258,11,1
1771866094.693978,544_1,544,das_work,8.127140998840332,48258,11,1
1771866094.696211,561_0,561,das_work,10.91720724105835,48258,11,1
1771866094.7006395,553_0,553,das_work,7.409223556518555,48258,11,1
1771866094.7020469,551_0,551,das_work,4.501344919204712,48258,11,1
1771866094.7022116,552_0,552,das_work,7.517986297607422,48258,11,1
1771866094.7064805,541_0,541,das_work,6.926047325134277,48258,11,1
1771866094.7128146,555_1,555,das_work,6.9717748165130615,48258,11,1
1771866094.7289915,564_0,564,das_work,5.204347848892212,48258,11,1
1771866106.5754683,562_1,562,das_work,8.280515193939209,48258,12,1
1771866106.581422,567_2,567,das_work,3.0143864154815674,48258,12,1
1771866106.5885077,543_1,543,das_work,4.764086246490479,48258,12,1
1771866106.6045032,566_0,566,das_work,12.75259518623352,48258,12,1
1771866106.6072495,554_0,554,das_work,6.511478662490845,48258,12,1
1771866106.634545,560_1,560,das_work,7.956630945205688,48258,12,1
1771866106.6394136,541_1,541,das_work,4.98259425163269,48258,12,1
1771866106.6400506,546_1,546,das_work,6.626615285873413,48258,12,1
1771866106.6423182,549_1,549,das_work,4.942500114440918,48258,12,1
1771866106.6430008,557_1,557,das_work,9.178215503692629,48258,12,1
1771866106.6504464,553_1,553,das_work,7.537825345993042,48258,12,1
1771866106.6537294,551_1,551,das_work,9.96444606781006,48258,12,1
1771866106.6632288,545_0,545,das_work,9.7385151386261,48258,12,1
1771866106.6655526,548_1,548,das_work,8.054765462875366,48258,12,1
1771866106.6720495,547_1,547,das_work,8.816379070281982,48258,12,1
1771866106.7019482,568_1,568,das_work,8.844238042831421,48258,12,1
1771866106.7111368,558_0,558,das_work,8.985486507415771,48258,12,1
1771866106.7223575,540_2,540,das_work,3.581908941268921,48258,12,1
1771866106.727542,552_1,552,das_work,9.923860788345335,48258,12,1
1771866106.730669,544_2,544,das_work,6.168200969696045,48258,12,1
1771866106.7335434,555_2,555,das_work,2.8527491092681885,48258,12,1
1771866106.7412157,559_1,559,das_work,4.230894804000855,48258,12,1
1771866106.743451,565_1,565,das_work,7.060460805892944,48258,12,1
1771866106.767079,563_1,563,das_work,6.017588376998901,48258,12,1
1771866106.7686832,561_1,561,das_work,6.75152325630188,48258,12,1
1771866106.7977154,556_1,556,das_work,2.924673557281494,48258,12,1
1771866106.8001475,550_1,550,das_work,3.6547110080718994,48258,12,1
1771866106.8123052,569_1,569,das_work,4.926477670669556,48258,12,1
1771866106.8125374,564_1,564,das_work,7.193898916244507,48258,12,1
1771866106.8198066,542_1,542,das_work,7.304060220718384,48258,12,1
1771866118.5604331,552_2,552,das_work,5.846059799194336,48258,13,1
1771866118.567167,567_3,567,das_work,5.273906946182251,48258,13,1
1771866118.5719166,568_2,568,das_work,8.737680912017822,48258,13,1
1771866118.581514,543_2,543,das_work,3.819478511810303,48258,13,1
1771866118.5846355,547_2,547,das_work,3.5509684085845947,48258,13,1
1771866118.5848985,569_2,569,das_work,9.164889574050903,48258,13,1
1771866118.5872054,549_2,549,das_work,4.866000413894653,48258,13,1
1771866118.5875564,558_1,558,das_work,8.47989821434021,48258,13,1
1771866118.5960877,551_2,551,das_work,4.591199636459351,48258,13,1
1771866118.596907,546_2,546,das_work,8.020801544189453,48258,13,1
1771866118.599345,544_3,544,das_work,3.7151851654052734,48258,13,1
1771866118.6001194,545_1,545,das_work,2.331010341644287,48258,13,1
1771866118.60059,542_2,542,das_work,9.201627492904665,48258,13,1
1771866118.6007726,566_1,566,das_work,2.1635866165161133,48258,13,1
1771866118.6172574,540_3,540,das_work,3.452479600906372,48258,13,1
1771866118.6213171,553_2,553,das_work,3.1624550819396973,48258,13,1
1771866118.6223333,550_2,550,das_work,2.441805839538574,48258,13,1
1771866118.6234138,541_2,541,das_work,3.744308233261109,48258,13,1
1771866118.635889,554_1,554,das_work,3.1927826404571533,48258,13,1
1771866118.6485472,557_2,557,das_work,4.72433066368103,48258,13,1
1771866118.6507227,560_2,560,das_work,1.4137272834777832,48258,13,1
1771866118.664979,565_2,565,das_work,8.626648426055908,48258,13,1
1771866118.6902006,556_2,556,das_work,3.9822566509246826,48258,13,1
1771866118.694795,555_3,555,das_work,8.550865888595581,48258,13,1
1771866118.6953306,559_2,559,das_work,7.746479272842407,48258,13,1
1771866118.6958394,561_2,561,das_work,5.354987382888794,48258,13,1
1771866118.7008548,563_2,563,das_work,3.998868942260742,48258,13,1
1771866130.4848225,559_3,559,das_work,1.41583251953125,48258,14,1
1771866130.4993396,541_3,541,das_work,1.669743537902832,48258,14,1
1771866130.5045235,549_3,549,das_work,5.750699043273926,48258,14,1
1771866130.5129144,569_3,569,das_work,6.340894460678101,48258,14,1
1771866130.5148304,551_3,551,das_work,5.822826862335205,48258,14,1
1771866130.5187488,565_3,565,das_work,5.609200477600098,48258,14,1
1771866130.5255997,547_3,547,das_work,6.074220418930054,48258,14,1
1771866130.52678,543_3,543,das_work,1.6954586505889893,48258,14,1
1771866130.5291104,546_3,546,das_work,9.106796741485596,48258,14,1
1771866130.5314257,540_4,540,das_work,5.899197578430176,48258,14,1
1771866130.5410843,554_2,554,das_work,0.6288444995880127,48258,14,1
1771866130.544716,544_4,544,das_work,5.844543933868408,48258,14,1
1771866130.545043,548_2,548,das_work,12.773643255233765,48258,14,1
1771866130.5490563,542_3,542,das_work,1.2162940502166748,48258,14,1
1771866130.551324,553_3,553,das_work,2.4015543460845947,48258,14,1
1771866130.5572288,560_3,560,das_work,7.039287567138672,48258,14,1
1771866130.5585434,564_2,564,das_work,12.83191418647766,48258,14,1
1771866130.5629592,555_4,555,das_work,1.1187090873718262,48258,14,1
1771866130.5655563,561_3,561,das_work,1.91957688331604,48258,14,1
1771866130.5671585,563_3,563,das_work,9.73427438735962,48258,14,1
1771866130.5715573,558_2,558,das_work,1.9734508991241453,48258,14,1
1771866130.572323,562_2,562,das_work,12.368650197982788,48258,14,1
1771866130.5770383,567_4,567,das_work,6.698895215988159,48258,14,1
1771866130.5776436,545_2,545,das_work,4.252037763595581,48258,14,1
1771866130.5800855,557_3,557,das_work,2.599696397781372,48258,14,1
1771866130.58077,550_3,550,das_work,4.711758852005005,48258,14,1
1771866130.5814514,552_3,552,das_work,2.082242965698242,48258,14,1
1771866130.5820477,566_2,566,das_work,6.30607271194458,48258,14,1
1771866130.5856056,568_3,568,das_work,8.992189884185791,48258,14,1
1771866142.3577614,543_4,543,das_work,6.686053276062012,48258,15,1
1771866142.358406,542_4,542,das_work,5.97981071472168,48258,15,1
1771866142.3597786,560_4,560,das_work,5.671072959899902,48258,15,1
1771866142.362527,550_4,550,das_work,2.297745704650879,48258,15,1
1771866142.3631234,569_4,569,das_work,0.4469838142395019,48258,15,1
1771866142.3653965,559_4,559,das_work,3.091599941253662,48258,15,1
1771866142.369071,566_3,566,das_work,6.173171043395996,48258,15,1
1771866142.3715758,563_4,563,das_work,2.847309112548828,48258,15,1
1771866142.3759725,568_4,568,das_work,9.371514797210692,48258,15,1
1771866142.3762455,541_4,541,das_work,4.863012075424194,48258,15,1
1771866142.3764706,546_4,546,das_work,2.551849126815796,48258,15,1
1771866142.3772829,545_3,545,das_work,6.397373199462891,48258,15,1
1771866142.3826425,547_4,547,das_work,4.410772323608398,48258,15,1
1771866142.3855512,557_4,557,das_work,2.8300905227661133,48258,15,1
1771866142.386367,554_3,554,das_work,7.321525812149048,48258,15,1
1771866142.3869207,564_3,564,das_work,9.00476598739624,48258,15,1
1771866142.3889754,553_4,553,das_work,4.352867841720581,48258,15,1
1771866142.3899686,565_4,565,das_work,8.832067966461182,48258,15,1
1771866142.3919733,549_4,549,das_work,3.9555952548980713,48258,15,1
1771866142.3955646,551_4,551,das_work,7.323507308959961,48258,15,1
1771866142.3973987,561_4,561,das_work,3.3156161308288574,48258,15,1
1771866142.3979394,558_3,558,das_work,5.437331914901733,48258,15,1
1771866142.399568,556_3,556,das_work,12.331303119659424,48258,15,1
1771866142.4020352,548_3,548,das_work,4.708959102630615,48258,15,1
1771866142.4025724,552_4,552,das_work,6.17602014541626,48258,15,1
1771866142.4035883,562_3,562,das_work,0.9915618896484376,48258,15,1
1771866154.2618215,554_4,554,das_work,0.2646148204803467,48258,16,1
1771866154.3046894,548_4,548,das_work,9.531238079071043,48258,16,1
1771866154.305188,566_4,566,das_work,4.055437326431274,48258,16,1
1771866154.3055296,545_4,545,das_work,7.246450424194336,48258,16,1
1771866154.3057194,556_4,556,das_work,8.195536851882935,48258,16,1
1771866154.3058393,558_4,558,das_work,5.72728967666626,48258,16,1
1771866154.3277645,564_4,564,das_work,7.010055303573608,48258,16,1
1771866154.32833,562_4,562,das_work,4.052139043807983,48258,16,1
1771866082.598141,598_0,598,das_work,1.0799338817596436,48258,10,1
1771866094.5646086,599_0,599,das_work,10.035612106323242,48258,11,1
1771866094.5663953,597_0,597,das_work,4.442858934402466,48258,11,1
1771866094.575401,575_0,575,das_work,10.916837692260742,48258,11,1
1771866094.576487,571_0,571,das_work,6.360426664352417,48258,11,1
1771866094.5773945,598_1,598,das_work,5.635342121124268,48258,11,1
1771866094.5819392,594_0,594,das_work,6.100090503692627,48258,11,1
1771866094.5826852,581_0,581,das_work,7.675058841705322,48258,11,1
1771866094.5891078,580_0,580,das_work,10.056093454360962,48258,11,1
1771866094.5944142,586_0,586,das_work,4.832159757614136,48258,11,1
1771866094.6018138,596_0,596,das_work,1.9850215911865237,48258,11,1
1771866094.6146424,573_0,573,das_work,8.572343349456787,48258,11,1
1771866094.6218274,582_0,582,das_work,3.2870304584503174,48258,11,1
1771866094.6295648,593_0,593,das_work,5.04572868347168,48258,11,1
1771866094.640594,587_0,587,das_work,2.9139997959136963,48258,11,1
1771866094.658254,590_0,590,das_work,7.701658725738525,48258,11,1
1771866094.6622884,572_0,572,das_work,7.540565013885498,48258,11,1
1771866094.6705055,579_0,579,das_work,3.951659917831421,48258,11,1
1771866094.6755784,584_0,584,das_work,7.763297319412231,48258,11,1
1771866094.7022743,589_0,589,das_work,8.85533618927002,48258,11,1
1771866094.708571,592_0,592,das_work,7.241218328475952,48258,11,1
1771866094.7093616,578_0,578,das_work,8.807047367095947,48258,11,1
1771866106.5804949,593_1,593,das_work,4.264158725738525,48258,12,1
1771866106.5866978,578_1,578,das_work,7.244285106658935,48258,12,1
1771866106.5982258,592_1,592,das_work,4.604064464569092,48258,12,1
1771866106.6057858,585_0,585,das_work,8.062188148498535,48258,12,1
1771866106.6069298,595_0,595,das_work,6.559816360473633,48258,12,1
1771866106.6106708,572_1,572,das_work,2.788276433944702,48258,12,1
1771866106.623931,599_1,599,das_work,7.474926471710205,48258,12,1
1771866106.6249542,584_1,584,das_work,4.827594041824341,48258,12,1
1771866106.630662,591_0,591,das_work,9.354186296463013,48258,12,1
1771866106.6451442,582_1,582,das_work,9.734256505966188,48258,12,1
1771866106.6601236,583_0,583,das_work,9.379562854766846,48258,12,1
1771866106.6792595,574_0,574,das_work,11.181477308273315,48258,12,1
1771866106.6927283,596_1,596,das_work,1.7315924167633057,48258,12,1
1771866106.7031438,571_1,571,das_work,6.085477590560913,48258,12,1
1771866106.7039516,575_1,575,das_work,2.662968873977661,48258,12,1
1771866106.707471,581_1,581,das_work,5.805331468582153,48258,12,1
1771866106.7157867,594_1,594,das_work,2.4140069484710693,48258,12,1
1771866106.7201145,586_1,586,das_work,3.354585886001587,48258,12,1
1771866106.7316997,590_1,590,das_work,1.8361966609954836,48258,12,1
1771866106.738435,598_2,598,das_work,5.127641916275024,48258,12,1
1771866106.742174,577_0,577,das_work,8.985371351242065,48258,12,1
1771866106.748449,579_1,579,das_work,7.475358724594116,48258,12,1
1771866106.765167,573_1,573,das_work,4.347663402557373,48258,12,1
1771866106.8051765,588_0,588,das_work,10.735105514526367,48258,12,1
1771866106.812751,570_0,570,das_work,10.894336462020874,48258,12,1
1771866106.814494,597_1,597,das_work,3.0081779956817627,48258,12,1
1771866106.8227303,576_0,576,das_work,10.300236225128174,48258,12,1
1771866118.5440495,572_2,572,das_work,3.8387157917022714,48258,13,1
1771866118.544771,587_1,587,das_work,12.483545780181885,48258,13,1
1771866118.5471733,594_2,594,das_work,2.618014097213745,48258,13,1
1771866118.5513628,574_1,574,das_work,1.661349534988403,48258,13,1
1771866118.5571077,581_2,581,das_work,1.9211268424987795,48258,13,1
1771866118.5720608,583_1,583,das_work,8.342781782150269,48258,13,1
1771866118.5736456,598_3,598,das_work,8.224166631698608,48258,13,1
1771866118.574442,575_2,575,das_work,7.442696571350098,48258,13,1
1771866118.5778751,589_1,589,das_work,13.16117525100708,48258,13,1
1771866118.5828896,586_2,586,das_work,4.329201936721802,48258,13,1
1771866118.5918932,579_2,579,das_work,4.9679114818573,48258,13,1
1771866118.6050022,599_2,599,das_work,2.6340551376342773,48258,13,1
1771866118.6062517,584_2,584,das_work,5.212782859802246,48258,13,1
1771866118.6134765,576_1,576,das_work,5.534387111663818,48258,13,1
1771866118.6201746,595_1,595,das_work,5.893270015716553,48258,13,1
1771866118.6205132,570_1,570,das_work,4.584172964096069,48258,13,1
1771866118.6220565,585_1,585,das_work,5.396356582641602,48258,13,1
1771866118.6340327,593_2,593,das_work,7.8585381507873535,48258,13,1
1771866118.6393583,582_2,582,das_work,5.545440196990967,48258,13,1
1771866118.6422822,588_1,588,das_work,5.710460901260376,48258,13,1
1771866118.6434815,571_2,571,das_work,5.936467409133911,48258,13,1
1771866118.6477156,573_2,573,das_work,8.561015605926514,48258,13,1
1771866118.6489365,597_2,597,das_work,3.8320295810699454,48258,13,1
1771866118.6728604,596_2,596,das_work,7.295784711837768,48258,13,1
1771866118.6742008,592_2,592,das_work,5.9853057861328125,48258,13,1
1771866118.6802442,590_2,590,das_work,7.069969892501831,48258,13,1
1771866118.6888282,577_1,577,das_work,4.203676223754883,48258,13,1
1771866118.694683,591_1,591,das_work,6.438907623291016,48258,13,1
1771866118.7002826,580_1,580,das_work,12.597227811813354,48258,13,1
1771866130.4874723,587_2,587,das_work,0.956376314163208,48258,14,1
1771866130.490512,575_3,575,das_work,5.65043568611145,48258,14,1
1771866130.4915817,573_3,573,das_work,2.7121741771698,48258,14,1
1771866130.4921558,576_2,576,das_work,2.826669692993164,48258,14,1
1771866130.4983225,585_2,585,das_work,3.5694258213043213,48258,14,1
1771866130.500415,571_3,571,das_work,6.230768203735352,48258,14,1
1771866130.5041316,574_2,574,das_work,1.28123140335083,48258,14,1
1771866130.5066895,588_2,588,das_work,7.083289623260498,48258,14,1
1771866130.506871,580_2,580,das_work,2.0227012634277344,48258,14,1
1771866130.5070992,582_3,582,das_work,4.794795751571655,48258,14,1
1771866130.509296,570_2,570,das_work,1.5957269668579102,48258,14,1
1771866130.5105188,579_3,579,das_work,8.33391261100769,48258,14,1
1771866130.5144308,590_3,590,das_work,3.461293935775757,48258,14,1
1771866130.5300524,572_3,572,das_work,5.959127902984619,48258,14,1
1771866130.530402,589_2,589,das_work,1.2322680950164795,48258,14,1
1771866130.5315075,578_2,578,das_work,12.839247226715088,48258,14,1
1771866130.5316904,586_3,586,das_work,5.410212516784668,48258,14,1
1771866130.5320077,591_2,591,das_work,6.704862594604492,48258,14,1
1771866130.5321925,583_2,583,das_work,4.5433549880981445,48258,14,1
1771866130.5325744,599_3,599,das_work,2.612663745880127,48258,14,1
1771866130.532859,581_3,581,das_work,4.804710149765015,48258,14,1
1771866130.5331926,577_2,577,das_work,5.995244979858398,48258,14,1
1771866130.5333805,597_3,597,das_work,1.982224702835083,48258,14,1
1771866130.5441897,598_4,598,das_work,5.910502195358276,48258,14,1
1771866130.5557349,595_2,595,das_work,7.326870679855347,48258,14,1
1771866130.5635598,592_3,592,das_work,7.12565541267395,48258,14,1
1771866130.5675576,593_3,593,das_work,2.5803768634796143,48258,14,1
1771866130.571453,584_3,584,das_work,1.1258816719055176,48258,14,1
1771866142.3589823,577_3,577,das_work,3.388132333755493,48258,15,1
1771866142.3597343,589_3,589,das_work,1.329941987991333,48258,15,1
1771866142.3603787,590_4,590,das_work,3.955535411834717,48258,15,1
1771866142.363196,591_3,591,das_work,7.229068040847778,48258,15,1
1771866142.363903,593_4,593,das_work,2.984693050384521,48258,15,1
1771866142.365456,571_4,571,das_work,7.685567855834961,48258,15,1
1771866142.3704305,573_4,573,das_work,5.7678186893463135,48258,15,1
1771866142.372871,584_4,584,das_work,4.644113063812256,48258,15,1
1771866142.3734312,599_4,599,das_work,7.530956268310547,48258,15,1
1771866142.3772438,587_3,587,das_work,2.154260396957397,48258,15,1
1771866142.379814,588_3,588,das_work,9.75998306274414,48258,15,1
1771866142.381503,595_3,595,das_work,6.924866199493408,48258,15,1
1771866142.384421,570_3,570,das_work,7.975904703140259,48258,15,1
1771866142.3855138,579_4,579,das_work,3.925208806991577,48258,15,1
1771866142.389326,585_3,585,das_work,7.367352962493896,48258,15,1
1771866142.3903117,581_4,581,das_work,1.1681170463562012,48258,15,1
1771866142.3990262,592_4,592,das_work,8.651416540145874,48258,15,1
1771866142.3996658,572_4,572,das_work,7.933081865310669,48258,15,1
1771866142.4004471,596_3,596,das_work,12.072840690612791,48258,15,1
1771866142.4011457,582_4,582,das_work,3.8942487239837646,48258,15,1
1771866142.402555,586_4,586,das_work,5.819567441940308,48258,15,1
1771866142.402945,575_4,575,das_work,3.229536294937134,48258,15,1
1771866142.4033177,583_3,583,das_work,2.833083152770996,48258,15,1
1771866142.404934,574_3,574,das_work,2.925558567047119,48258,15,1
1771866142.40842,578_3,578,das_work,3.180213928222656,48258,15,1
1771866142.4094608,576_3,576,das_work,4.409348011016846,48258,15,1
1771866142.409598,597_4,597,das_work,8.526581764221191,48258,15,1
1771866142.4099112,580_3,580,das_work,2.989781618118286,48258,15,1
1771866142.4100308,594_3,594,das_work,12.467263221740724,48258,15,1
1771866154.2637937,578_4,578,das_work,4.978285551071167,48258,16,1
1771866154.2836888,570_4,570,das_work,1.0767638683319092,48258,16,1
1771866154.283894,574_4,574,das_work,4.479081392288208,48258,16,1
1771866154.2846518,585_4,585,das_work,4.927533149719238,48258,16,1
1771866154.311115,595_4,595,das_work,8.298358917236328,48258,16,1
1771866154.318476,577_4,577,das_work,1.5335428714752195,48258,16,1
1771866154.3266482,580_4,580,das_work,5.744058609008789,48258,16,1
1771866154.327278,594_4,594,das_work,6.740790843963623,48258,16,1
1771866154.3274243,583_4,583,das_work,2.213005542755127,48258,16,1
1771866154.327588,596_4,596,das_work,6.971352577209473,48258,16,1
1771866154.3281465,591_4,591,das_work,2.186940670013428,48258,16,1
1771866154.3285675,589_4,589,das_work,2.6920268535614014,48258,16,1
1771866154.3305876,587_4,587,das_work,10.2469744682312,48258,16,1
1771866154.3317964,588_4,588,das_work,5.6750099658966064,48258,16,1
1771866154.33247,576_4,576,das_work,4.711234331130981,48258,16,1
1771866046.289987,30_0,30,das_work,1.063347101211548,48258,7,1
1771866058.2680936,57_0,57,das_work,7.917543411254883,48258,8,1
1771866058.2689764,35_0,35,das_work,0.7145965099334717,48258,8,1
1771866058.2702858,38_0,38,das_work,5.842690467834473,48258,8,1
1771866058.2712414,50_0,50,das_work,3.124572515487671,48258,8,1
1771866058.2720234,36_0,36,das_work,7.488764047622681,48258,8,1
1771866058.2722604,54_0,54,das_work,2.1920461654663086,48258,8,1
1771866058.2737565,53_0,53,das_work,8.973795890808105,48258,8,1
1771866058.275527,47_0,47,das_work,2.166311025619507,48258,8,1
1771866058.2843385,39_0,39,das_work,1.819242238998413,48258,8,1
1771866058.2846975,51_0,51,das_work,1.9634218215942385,48258,8,1
1771866058.286041,44_0,44,das_work,0.8715224266052246,48258,8,1
1771866058.286198,49_0,49,das_work,5.417188882827759,48258,8,1
1771866058.2863522,30_1,30,das_work,8.988242149353027,48258,8,1
1771866058.286576,43_0,43,das_work,4.696274280548096,48258,8,1
1771866058.2948763,55_0,55,das_work,0.3886880874633789,48258,8,1
1771866058.307054,37_0,37,das_work,0.3740153312683105,48258,8,1
1771866058.3103323,40_0,40,das_work,0.2109239101409912,48258,8,1
1771866058.31048,34_0,34,das_work,6.30075740814209,48258,8,1
1771866058.3112936,33_0,33,das_work,4.006344795227051,48258,8,1
1771866058.3130977,56_0,56,das_work,1.027022123336792,48258,8,1
1771866070.4090335,54_1,54,das_work,3.70900559425354,48258,9,1
1771866070.4107828,37_1,37,das_work,3.0335280895233154,48258,9,1
1771866070.4148705,33_1,33,das_work,6.115673303604126,48258,9,1
1771866070.416924,38_1,38,das_work,1.510018825531006,48258,9,1
1771866070.421018,34_1,34,das_work,8.98294448852539,48258,9,1
1771866070.422515,47_1,47,das_work,8.320349931716919,48258,9,1
1771866070.42407,31_0,31,das_work,9.26757788658142,48258,9,1
1771866070.424709,35_1,35,das_work,9.980960130691528,48258,9,1
1771866070.4309733,45_0,45,das_work,8.57205605506897,48258,9,1
1771866070.4312322,58_0,58,das_work,10.684766054153442,48258,9,1
1771866070.432824,50_1,50,das_work,1.769078493118286,48258,9,1
1771866070.4331255,52_0,52,das_work,9.948069334030151,48258,9,1
1771866070.434925,53_1,53,das_work,8.314178943634033,48258,9,1
1771866070.436256,57_1,57,das_work,5.173275947570801,48258,9,1
1771866070.4396088,32_0,32,das_work,7.910498857498169,48258,9,1
1771866070.4508584,55_1,55,das_work,7.936193943023682,48258,9,1
1771866070.4602213,56_1,56,das_work,9.86266016960144,48258,9,1
1771866070.467045,36_1,36,das_work,4.874644994735718,48258,9,1
1771866070.469667,49_1,49,das_work,8.502283334732056,48258,9,1
1771866070.4746358,41_0,41,das_work,6.494471788406372,48258,9,1
1771866070.476469,43_1,43,das_work,5.019496202468872,48258,9,1
1771866070.478536,51_1,51,das_work,7.01798152923584,48258,9,1
1771866070.4797926,39_1,39,das_work,4.075363636016846,48258,9,1
1771866070.4810944,48_0,48,das_work,11.913576364517212,48258,9,1
1771866070.484452,30_2,30,das_work,9.390691041946411,48258,9,1
1771866070.4875004,40_1,40,das_work,2.2285234928131104,48258,9,1
1771866070.4876714,42_0,42,das_work,5.642844438552856,48258,9,1
1771866070.4881496,59_0,59,das_work,8.787128686904907,48258,9,1
1771866070.4883518,46_0,46,das_work,10.024885177612305,48258,9,1
1771866070.488585,44_1,44,das_work,1.5334751605987549,48258,9,1
1771866082.4952807,34_2,34,das_work,6.875558376312256,48258,10,1
1771866082.5064282,56_2,56,das_work,4.4228150844573975,48258,10,1
1771866082.5116534,30_3,30,das_work,1.9272828102111816,48258,10,1
1771866082.5141668,32_1,32,das_work,6.476262331008911,48258,10,1
1771866082.5165708,43_2,43,das_work,7.11310338973999,48258,10,1
1771866082.5206976,49_2,49,das_work,6.269599437713623,48258,10,1
1771866082.5237217,51_2,51,das_work,10.003816843032835,48258,10,1
1771866082.527642,46_1,46,das_work,6.374077081680298,48258,10,1
1771866082.5341136,40_2,40,das_work,10.078325271606444,48258,10,1
1771866082.538401,39_2,39,das_work,8.166276454925537,48258,10,1
1771866082.5392816,57_2,57,das_work,1.7651407718658447,48258,10,1
1771866082.5405557,42_1,42,das_work,5.1533050537109375,48258,10,1
1771866082.541855,44_2,44,das_work,3.023756980895996,48258,10,1
1771866082.5464315,45_1,45,das_work,1.891929626464844,48258,10,1
1771866082.5581613,55_2,55,das_work,4.994229555130005,48258,10,1
1771866082.5594923,54_2,54,das_work,8.143744945526123,48258,10,1
1771866082.562915,35_2,35,das_work,7.805871486663818,48258,10,1
1771866082.565071,53_2,53,das_work,5.401848077774048,48258,10,1
1771866082.5659845,58_1,58,das_work,2.133427858352661,48258,10,1
1771866082.5679555,41_1,41,das_work,5.59348726272583,48258,10,1
1771866082.5737233,50_2,50,das_work,3.5571460723876958,48258,10,1
1771866082.576494,33_2,33,das_work,7.844702959060669,48258,10,1
1771866082.5776196,52_1,52,das_work,6.669640302658081,48258,10,1
1771866082.5866225,38_2,38,das_work,7.828447103500366,48258,10,1
1771866082.587744,36_2,36,das_work,8.75102686882019,48258,10,1
1771866082.5897691,48_1,48,das_work,3.556103229522705,48258,10,1
1771866082.6013677,31_1,31,das_work,9.71079707145691,48258,10,1
1771866082.6033857,59_1,59,das_work,3.443441390991211,48258,10,1
1771866082.604288,47_2,47,das_work,8.316208600997925,48258,10,1
1771866082.615174,37_2,37,das_work,8.775447368621826,48258,10,1
1771866094.5556076,32_2,32,das_work,3.996349573135376,48258,11,1
1771866094.557705,41_2,41,das_work,4.269644260406494,48258,11,1
1771866094.561991,43_3,43,das_work,7.835158348083496,48258,11,1
1771866094.5684962,46_2,46,das_work,1.9665369987487795,48258,11,1
1771866094.5721157,38_3,38,das_work,5.642329454421997,48258,11,1
1771866094.5730617,48_2,48,das_work,7.087295293807983,48258,11,1
1771866094.576528,31_2,31,das_work,8.294706344604492,48258,11,1
1771866094.588651,58_2,58,das_work,8.031485557556152,48258,11,1
1771866094.5898776,33_3,33,das_work,5.941718578338623,48258,11,1
1771866094.590433,51_3,51,das_work,8.180988311767578,48258,11,1
1771866094.6174252,36_3,36,das_work,9.566930532455444,48258,11,1
1771866094.6267338,39_3,39,das_work,5.010133981704712,48258,11,1
1771866094.634745,35_3,35,das_work,6.008440732955933,48258,11,1
1771866094.6422646,54_3,54,das_work,2.023232936859131,48258,11,1
1771866094.646997,52_2,52,das_work,5.6457130908966064,48258,11,1
1771866094.6503098,42_2,42,das_work,8.428727149963379,48258,11,1
1771866094.6510584,59_2,59,das_work,5.308182239532471,48258,11,1
1771866094.6586614,34_3,34,das_work,2.2070469856262207,48258,11,1
1771866094.665445,50_3,50,das_work,2.322695732116699,48258,11,1
1771866094.6816928,44_3,44,das_work,2.387777805328369,48258,11,1
1771866094.6897523,30_4,30,das_work,4.788755178451538,48258,11,1
1771866094.6983376,57_3,57,das_work,1.858520746231079,48258,11,1
1771866094.699931,49_3,49,das_work,5.309142351150513,48258,11,1
1771866094.7032404,37_3,37,das_work,8.037114381790161,48258,11,1
1771866094.704014,45_2,45,das_work,4.5703630447387695,48258,11,1
1771866094.7196252,40_3,40,das_work,6.539081573486328,48258,11,1
1771866094.7201705,56_3,56,das_work,2.7542271614074707,48258,11,1
1771866094.7255847,53_3,53,das_work,9.343790531158447,48258,11,1
1771866106.5795133,58_3,58,das_work,9.028882265090942,48258,12,1
1771866106.5815587,50_4,50,das_work,6.922314643859863,48258,12,1
1771866106.5822067,39_4,39,das_work,6.4541404247283936,48258,12,1
1771866106.5828762,31_3,31,das_work,10.253902673721312,48258,12,1
1771866106.5849712,52_3,52,das_work,7.373628377914429,48258,12,1
1771866106.5940597,38_4,38,das_work,6.418310165405273,48258,12,1
1771866106.5949202,55_3,55,das_work,13.473023176193236,48258,12,1
1771866106.597557,44_4,44,das_work,4.504289627075195,48258,12,1
1771866106.603686,53_4,53,das_work,3.042929410934448,48258,12,1
1771866106.620736,49_4,49,das_work,2.856926918029785,48258,12,1
1771866106.6436088,43_4,43,das_work,7.091396331787109,48258,12,1
1771866106.649283,54_4,54,das_work,2.1877949237823486,48258,12,1
1771866106.652733,34_4,34,das_work,2.633660316467285,48258,12,1
1771866106.6543634,46_3,46,das_work,5.778933763504028,48258,12,1
1771866106.666867,57_4,57,das_work,5.6800525188446045,48258,12,1
1771866106.674164,45_3,45,das_work,2.906699180603028,48258,12,1
1771866106.6751993,48_3,48,das_work,2.329528570175171,48258,12,1
1771866106.6794248,59_3,59,das_work,6.707391738891602,48258,12,1
1771866106.6834867,47_3,47,das_work,13.128632068634031,48258,12,1
1771866106.6885269,36_4,36,das_work,8.70542597770691,48258,12,1
1771866106.6983252,32_3,32,das_work,2.1193106174468994,48258,12,1
1771866106.7146454,35_4,35,das_work,7.64779806137085,48258,12,1
1771866106.7156825,42_3,42,das_work,3.2514584064483643,48258,12,1
1771866106.71628,56_4,56,das_work,5.164787292480469,48258,12,1
1771866106.7416756,37_4,37,das_work,4.779433488845825,48258,12,1
1771866106.745374,40_4,40,das_work,3.214607715606689,48258,12,1
1771866106.7856443,51_4,51,das_work,8.285061359405518,48258,12,1
1771866118.5593388,42_4,42,das_work,2.214512825012207,48258,13,1
1771866118.5654986,41_3,41,das_work,12.822336435317991,48258,13,1
1771866118.586281,48_4,48,das_work,3.711554527282715,48258,13,1
1771866118.5905962,47_4,47,das_work,4.110973119735718,48258,13,1
1771866118.5994792,45_4,45,das_work,3.4916036128997803,48258,13,1
1771866118.6025684,32_4,32,das_work,4.236437559127808,48258,13,1
1771866118.6080854,31_4,31,das_work,9.573578834533691,48258,13,1
1771866118.6131835,46_4,46,das_work,1.7329933643341064,48258,13,1
1771866118.613752,58_4,58,das_work,9.176837921142578,48258,13,1
1771866118.65931,33_4,33,das_work,13.053844213485718,48258,13,1
1771866118.685487,59_4,59,das_work,2.893319845199585,48258,13,1
1771866118.6891985,52_4,52,das_work,3.9384377002716064,48258,13,1
1771866130.546739,41_4,41,das_work,2.547636032104492,48258,14,1
1771866130.5500095,55_4,55,das_work,12.95701289176941,48258,14,1
1771866058.2720203,76_0,76,das_work,3.310600996017456,48258,8,1
1771866058.2724693,62_0,62,das_work,3.615650177001953,48258,8,1
1771866058.2727208,65_0,65,das_work,0.5490081310272217,48258,8,1
1771866058.2733264,67_0,67,das_work,9.212482690811155,48258,8,1
1771866058.2740278,60_0,60,das_work,2.866096258163452,48258,8,1
1771866058.274832,85_0,85,das_work,3.483904361724853,48258,8,1
1771866058.2764485,88_0,88,das_work,10.167242288589478,48258,8,1
1771866058.278401,79_0,79,das_work,5.157524347305298,48258,8,1
1771866058.2789764,89_0,89,das_work,7.858497858047485,48258,8,1
1771866058.2863574,84_0,84,das_work,9.771657705307009,48258,8,1
1771866058.306767,63_0,63,das_work,3.6731035709381104,48258,8,1
1771866058.3076758,75_0,75,das_work,0.5859382152557373,48258,8,1
1771866058.3085034,78_0,78,das_work,6.087496519088745,48258,8,1
1771866058.310306,74_0,74,das_work,1.7863543033599854,48258,8,1
1771866058.3111458,69_0,69,das_work,4.677691698074341,48258,8,1
1771866058.3137884,72_0,72,das_work,3.0505893230438232,48258,8,1
1771866058.3139782,77_0,77,das_work,7.851487398147583,48258,8,1
1771866058.314156,81_0,81,das_work,1.214573860168457,48258,8,1
1771866070.4115891,77_1,77,das_work,7.96878981590271,48258,9,1
1771866070.4134803,80_0,80,das_work,6.5068182945251465,48258,9,1
1771866070.418853,71_0,71,das_work,11.22639274597168,48258,9,1
1771866070.419275,83_0,83,das_work,10.987249851226808,48258,9,1
1771866070.4195428,63_1,63,das_work,8.107415914535522,48258,9,1
1771866070.419705,69_1,69,das_work,0.9924452304840088,48258,9,1
1771866070.4208658,61_0,61,das_work,7.787215709686279,48258,9,1
1771866070.4225907,64_0,64,das_work,4.6304707527160645,48258,9,1
1771866070.423262,76_1,76,das_work,5.732848405838013,48258,9,1
1771866070.4285078,73_0,73,das_work,10.570528030395508,48258,9,1
1771866070.429513,88_1,88,das_work,5.773927450180054,48258,9,1
1771866070.4301383,62_1,62,das_work,1.4172768592834473,48258,9,1
1771866070.431254,75_1,75,das_work,7.138869524002075,48258,9,1
1771866070.4399197,60_1,60,das_work,9.605285882949827,48258,9,1
1771866070.4534717,66_0,66,das_work,9.909630298614502,48258,9,1
1771866070.4570563,70_0,70,das_work,11.934059619903564,48258,9,1
1771866070.458036,72_1,72,das_work,5.166584730148315,48258,9,1
1771866070.4588373,65_1,65,das_work,8.545231103897095,48258,9,1
1771866070.461368,74_1,74,das_work,3.4184975624084477,48258,9,1
1771866070.4682906,67_1,67,das_work,2.9023585319519043,48258,9,1
1771866070.4700518,81_1,81,das_work,8.194945096969604,48258,9,1
1771866070.471413,87_0,87,das_work,9.189384937286375,48258,9,1
1771866070.4721909,84_1,84,das_work,1.875027418136597,48258,9,1
1771866070.4729147,78_1,78,das_work,7.773946285247803,48258,9,1
1771866070.4734676,79_1,79,das_work,3.524365186691284,48258,9,1
1771866070.475188,86_0,86,das_work,8.024565935134888,48258,9,1
1771866070.4759834,82_0,82,das_work,4.657840251922607,48258,9,1
1771866070.476616,89_1,89,das_work,3.5098214149475098,48258,9,1
1771866070.4771717,85_1,85,das_work,5.554566144943237,48258,9,1
1771866070.4781957,68_0,68,das_work,10.000470876693726,48258,9,1
1771866082.4940965,85_2,85,das_work,2.91072154045105,48258,10,1
1771866082.4972038,68_1,68,das_work,1.3299477100372314,48258,10,1
1771866082.4977694,78_2,78,das_work,10.437279462814333,48258,10,1
1771866082.501212,69_2,69,das_work,7.923719644546509,48258,10,1
1771866082.5053933,70_1,70,das_work,1.8629674911499023,48258,10,1
1771866082.5210052,72_2,72,das_work,7.883168935775757,48258,10,1
1771866082.5252335,81_2,81,das_work,7.210251331329346,48258,10,1
1771866082.526392,77_2,77,das_work,2.2606422901153564,48258,10,1
1771866082.5318468,79_2,79,das_work,4.083656072616577,48258,10,1
1771866082.535426,65_2,65,das_work,2.608632326126098,48258,10,1
1771866082.5437424,83_1,83,das_work,7.317290782928467,48258,10,1
1771866082.5445127,62_2,62,das_work,4.787752628326416,48258,10,1
1771866082.5466282,60_2,60,das_work,6.349790334701538,48258,10,1
1771866082.548373,87_1,87,das_work,10.062705755233765,48258,10,1
1771866082.555716,76_2,76,das_work,2.111133098602295,48258,10,1
1771866082.557418,64_1,64,das_work,8.11846137046814,48258,10,1
1771866082.5608616,67_2,67,das_work,2.80496883392334,48258,10,1
1771866082.5731618,80_1,80,das_work,9.253235816955566,48258,10,1
1771866082.5739038,71_1,71,das_work,5.4687230587005615,48258,10,1
1771866082.5860093,63_2,63,das_work,6.87213659286499,48258,10,1
1771866082.586571,61_1,61,das_work,8.986439943313599,48258,10,1
1771866082.590439,88_2,88,das_work,5.047918558120728,48258,10,1
1771866082.591756,82_1,82,das_work,4.616253137588501,48258,10,1
1771866082.5954027,73_1,73,das_work,5.409085750579834,48258,10,1
1771866082.5973866,84_2,84,das_work,9.935766696929932,48258,10,1
1771866082.597545,75_2,75,das_work,4.615306854248047,48258,10,1
1771866082.6009011,74_2,74,das_work,8.827772855758667,48258,10,1
1771866082.603099,89_2,89,das_work,5.475123167037964,48258,10,1
1771866082.6039584,86_1,86,das_work,5.1581711769104,48258,10,1
1771866082.6278963,66_1,66,das_work,7.511672496795654,48258,10,1
1771866094.5551882,82_2,82,das_work,6.142197132110596,48258,11,1
1771866094.5571182,71_2,71,das_work,1.6819262504577637,48258,11,1
1771866094.557671,76_3,76,das_work,10.310728311538696,48258,11,1
1771866094.563691,86_2,86,das_work,2.829146146774292,48258,11,1
1771866094.5671053,84_3,84,das_work,6.220488786697388,48258,11,1
1771866094.5916643,69_3,69,das_work,6.7708728313446045,48258,11,1
1771866094.6064649,77_3,77,das_work,8.91291069984436,48258,11,1
1771866094.6079652,72_3,72,das_work,6.168400049209595,48258,11,1
1771866094.6177611,81_3,81,das_work,9.41444730758667,48258,11,1
1771866094.619038,73_2,73,das_work,1.495157241821289,48258,11,1
1771866094.6237426,62_3,62,das_work,3.519785165786743,48258,11,1
1771866094.6294308,79_3,79,das_work,7.440340280532837,48258,11,1
1771866094.6312475,75_3,75,das_work,7.881503105163574,48258,11,1
1771866094.6320584,88_3,88,das_work,8.157392501831055,48258,11,1
1771866094.633983,67_3,67,das_work,4.761379957199097,48258,11,1
1771866094.658328,60_3,60,das_work,4.562191724777222,48258,11,1
1771866094.6691625,74_3,74,das_work,2.245048761367798,48258,11,1
1771866094.6765594,83_2,83,das_work,2.976240873336792,48258,11,1
1771866094.6806104,78_3,78,das_work,2.262033224105835,48258,11,1
1771866094.6953886,68_2,68,das_work,6.072956800460815,48258,11,1
1771866094.695939,85_3,85,das_work,7.904547214508057,48258,11,1
1771866094.7027178,70_2,70,das_work,4.023589134216309,48258,11,1
1771866094.7228649,63_3,63,das_work,6.713961839675903,48258,11,1
1771866094.7266655,61_2,61,das_work,8.003742456436157,48258,11,1
1771866094.7332294,87_2,87,das_work,7.123415470123291,48258,11,1
1771866094.7378652,89_3,89,das_work,6.2062461376190186,48258,11,1
1771866094.738949,66_2,66,das_work,6.491918563842773,48258,11,1
1771866094.7460954,80_2,80,das_work,8.188152074813843,48258,11,1
1771866106.5796487,83_3,83,das_work,4.85635232925415,48258,12,1
1771866106.5802128,88_4,88,das_work,3.629126071929932,48258,12,1
1771866106.600369,65_3,65,das_work,12.707990884780884,48258,12,1
1771866106.602254,66_3,66,das_work,9.036436557769775,48258,12,1
1771866106.6073608,72_4,72,das_work,2.351142168045044,48258,12,1
1771866106.6079707,71_3,71,das_work,9.539524793624878,48258,12,1
1771866106.627025,79_4,79,das_work,6.723943948745728,48258,12,1
1771866106.628587,69_4,69,das_work,3.4554898738861084,48258,12,1
1771866106.6579776,75_4,75,das_work,5.059222459793091,48258,12,1
1771866106.6596014,61_3,61,das_work,1.407215595245361,48258,12,1
1771866106.6807098,62_4,62,das_work,3.797759532928467,48258,12,1
1771866106.6872203,89_4,89,das_work,7.577619552612305,48258,12,1
1771866106.7038534,63_4,63,das_work,4.557241678237915,48258,12,1
1771866106.704301,68_3,68,das_work,9.053262948989868,48258,12,1
1771866106.7044537,67_4,67,das_work,3.202094793319702,48258,12,1
1771866106.715733,82_3,82,das_work,6.554895877838135,48258,12,1
1771866106.7162015,81_4,81,das_work,5.136011600494385,48258,12,1
1771866106.7163894,73_3,73,das_work,7.666579723358154,48258,12,1
1771866106.7277968,85_4,85,das_work,5.547688245773315,48258,12,1
1771866106.731749,80_3,80,das_work,3.746623992919922,48258,12,1
1771866106.737296,84_4,84,das_work,2.1799275875091557,48258,12,1
1771866106.7379043,77_4,77,das_work,4.422996759414673,48258,12,1
1771866106.7558455,74_4,74,das_work,6.474865198135376,48258,12,1
1771866106.7764366,87_3,87,das_work,3.3816676139831543,48258,12,1
1771866106.7834928,76_4,76,das_work,4.001251459121704,48258,12,1
1771866106.7849455,70_3,70,das_work,4.214937686920166,48258,12,1
1771866106.8080046,86_3,86,das_work,3.050962209701538,48258,12,1
1771866106.8265429,64_2,64,das_work,13.634418725967407,48258,12,1
1771866118.5547612,80_4,80,das_work,4.828723192214966,48258,13,1
1771866118.5630307,83_4,83,das_work,1.3246781826019287,48258,13,1
1771866118.566605,71_4,71,das_work,2.546195268630981,48258,13,1
1771866118.5797603,64_3,64,das_work,7.771764516830444,48258,13,1
1771866118.584473,68_4,68,das_work,6.490573406219482,48258,13,1
1771866118.5851104,78_4,78,das_work,13.141929626464844,48258,13,1
1771866118.60239,82_4,82,das_work,4.101365566253662,48258,13,1
1771866118.612435,61_4,61,das_work,3.343411445617676,48258,13,1
1771866118.6140504,60_4,60,das_work,12.438331127166748,48258,13,1
1771866118.623132,65_4,65,das_work,7.948895215988159,48258,13,1
1771866118.6393838,86_4,86,das_work,3.654388904571533,48258,13,1
1771866118.6677012,73_4,73,das_work,3.4960615634918213,48258,13,1
1771866118.685799,87_4,87,das_work,6.1979453563690186,48258,13,1
1771866118.69106,66_4,66,das_work,2.977051019668579,48258,13,1
1771866130.5472643,70_4,70,das_work,12.146893739700316,48258,14,1
1771866130.572507,64_4,64,das_work,1.505061388015747,48258,14,1
1771866058.2752514,109_0,109,das_work,2.0498857498168945,48258,8,1
1771866058.2761242,95_0,95,das_work,2.148559093475342,48258,8,1
1771866058.2766829,117_0,117,das_work,1.9498462677001955,48258,8,1
1771866058.2801774,113_0,113,das_work,3.214812755584717,48258,8,1
1771866058.2930858,98_0,98,das_work,2.2927844524383545,48258,8,1
1771866058.302615,91_0,91,das_work,0.5624041557312012,48258,8,1
1771866058.3075244,93_0,93,das_work,2.8011105060577397,48258,8,1
1771866058.3125732,103_0,103,das_work,6.6237335205078125,48258,8,1
1771866058.3144386,110_0,110,das_work,0.1970288753509521,48258,8,1
1771866058.3156228,96_0,96,das_work,4.379474878311157,48258,8,1
1771866058.3157406,105_0,105,das_work,1.324012041091919,48258,8,1
1771866058.3160565,94_0,94,das_work,1.0654878616333008,48258,8,1
1771866058.3163126,90_0,90,das_work,0.6056020259857178,48258,8,1
1771866070.4084785,94_1,94,das_work,2.388162612915039,48258,9,1
1771866070.411595,103_1,103,das_work,0.7821207046508789,48258,9,1
1771866070.414677,106_0,106,das_work,10.931691646575928,48258,9,1
1771866070.4176736,93_1,93,das_work,6.964357376098633,48258,9,1
1771866070.4188137,111_0,111,das_work,2.6161508560180664,48258,9,1
1771866070.419752,110_1,110,das_work,9.527931451797484,48258,9,1
1771866070.422042,116_0,116,das_work,11.452804327011108,48258,9,1
1771866070.4260566,96_1,96,das_work,5.702876567840576,48258,9,1
1771866070.42666,109_1,109,das_work,4.911077499389648,48258,9,1
1771866070.4313796,117_1,117,das_work,5.169443845748901,48258,9,1
1771866070.432094,114_0,114,das_work,5.734314680099487,48258,9,1
1771866070.4393728,92_0,92,das_work,7.908432722091675,48258,9,1
1771866070.4412444,95_1,95,das_work,4.809786081314087,48258,9,1
1771866070.4454775,99_0,99,das_work,2.1918365955352783,48258,9,1
1771866070.4459968,100_0,100,das_work,10.334836483001707,48258,9,1
1771866070.4500966,108_0,108,das_work,8.404968738555908,48258,9,1
1771866070.4546175,105_1,105,das_work,1.445256233215332,48258,9,1
1771866070.455659,107_0,107,das_work,7.296189546585083,48258,9,1
1771866070.4631495,118_0,118,das_work,9.453651428222656,48258,9,1
1771866070.4641397,97_0,97,das_work,8.432400226593018,48258,9,1
1771866070.466111,115_0,115,das_work,11.798964262008669,48258,9,1
1771866070.4676504,101_0,101,das_work,4.78491473197937,48258,9,1
1771866070.46845,98_1,98,das_work,8.63010311126709,48258,9,1
1771866070.469782,102_0,102,das_work,4.142415046691895,48258,9,1
1771866070.4708686,91_1,91,das_work,3.5512943267822266,48258,9,1
1771866070.4714997,90_1,90,das_work,4.66378927230835,48258,9,1
1771866070.472442,119_0,119,das_work,4.663941144943237,48258,9,1
1771866070.4733136,104_0,104,das_work,7.623036384582519,48258,9,1
1771866070.4742773,113_1,113,das_work,8.919037818908691,48258,9,1
1771866070.4827,112_0,112,das_work,10.343687295913696,48258,9,1
1771866082.503023,104_1,104,das_work,3.0715367794036865,48258,10,1
1771866082.5118527,92_1,92,das_work,1.756716012954712,48258,10,1
1771866082.5124269,117_2,117,das_work,5.895142793655396,48258,10,1
1771866082.5177667,91_2,91,das_work,8.718310356140137,48258,10,1
1771866082.5192764,108_1,108,das_work,5.969787359237671,48258,10,1
1771866082.5198703,105_2,105,das_work,5.649646282196045,48258,10,1
1771866082.5246663,112_1,112,das_work,7.444753408432007,48258,10,1
1771866082.5312796,101_1,101,das_work,1.6789140701293943,48258,10,1
1771866082.5382595,107_1,107,das_work,3.892413377761841,48258,10,1
1771866082.5388522,118_1,118,das_work,1.593522548675537,48258,10,1
1771866082.546487,95_2,95,das_work,3.1272966861724854,48258,10,1
1771866082.5486362,113_2,113,das_work,4.164497137069702,48258,10,1
1771866082.5534303,90_2,90,das_work,3.192998170852661,48258,10,1
1771866082.5536482,111_1,111,das_work,4.951577663421631,48258,10,1
1771866082.556192,103_2,103,das_work,8.835628986358643,48258,10,1
1771866082.557119,110_2,110,das_work,10.450295448303224,48258,10,1
1771866082.5604725,102_1,102,das_work,3.371445417404175,48258,10,1
1771866082.561222,99_1,99,das_work,2.812817335128784,48258,10,1
1771866082.5634885,109_2,109,das_work,8.932809829711914,48258,10,1
1771866082.5639997,119_1,119,das_work,7.083176851272583,48258,10,1
1771866082.569684,93_2,93,das_work,4.573509216308594,48258,10,1
1771866082.574721,116_1,116,das_work,2.8867249488830566,48258,10,1
1771866082.5805929,115_1,115,das_work,9.66995406150818,48258,10,1
1771866082.583742,100_1,100,das_work,9.357733011245728,48258,10,1
1771866082.589326,96_2,96,das_work,3.048492431640625,48258,10,1
1771866082.5961032,114_1,114,das_work,10.052488088607788,48258,10,1
1771866082.615513,98_2,98,das_work,3.909377098083496,48258,10,1
1771866082.630786,94_2,94,das_work,7.307064533233643,48258,10,1
1771866082.6324646,106_1,106,das_work,8.100802183151245,48258,10,1
1771866094.5601132,92_2,92,das_work,10.096008539199827,48258,11,1
1771866094.5682766,106_2,106,das_work,3.263859987258911,48258,11,1
1771866094.5734873,95_3,95,das_work,3.055841445922852,48258,11,1
1771866094.594854,91_3,91,das_work,4.909125328063965,48258,11,1
1771866094.5975676,114_2,114,das_work,7.72028660774231,48258,11,1
1771866094.597771,117_3,117,das_work,1.3479068279266355,48258,11,1
1771866094.5979962,100_2,100,das_work,7.803755521774292,48258,11,1
1771866094.6054914,96_3,96,das_work,2.748392105102539,48258,11,1
1771866094.6063871,112_2,112,das_work,7.504377603530884,48258,11,1
1771866094.614793,109_3,109,das_work,4.651118993759155,48258,11,1
1771866094.6163754,103_3,103,das_work,2.35329818725586,48258,11,1
1771866094.6211088,90_3,90,das_work,5.929168701171875,48258,11,1
1771866094.635754,108_2,108,das_work,1.9384613037109373,48258,11,1
1771866094.6412678,113_3,113,das_work,8.808737516403198,48258,11,1
1771866094.643231,99_2,99,das_work,4.122777223587036,48258,11,1
1771866094.6523294,110_3,110,das_work,5.372939825057983,48258,11,1
1771866094.653448,118_2,118,das_work,4.218167304992676,48258,11,1
1771866094.653989,105_3,105,das_work,4.1241302490234375,48258,11,1
1771866094.6747985,98_3,98,das_work,4.386014461517334,48258,11,1
1771866094.6838975,94_3,94,das_work,7.960056066513061,48258,11,1
1771866094.6845477,97_1,97,das_work,12.980717182159424,48258,11,1
1771866094.685454,111_2,111,das_work,6.802998065948486,48258,11,1
1771866094.687399,115_2,115,das_work,2.036519289016724,48258,11,1
1771866094.6966932,116_2,116,das_work,1.9193027019500728,48258,11,1
1771866094.6979554,119_2,119,das_work,2.3775315284729004,48258,11,1
1771866094.701402,93_3,93,das_work,9.044302940368652,48258,11,1
1771866094.7285774,102_2,102,das_work,7.663224220275879,48258,11,1
1771866094.7294128,104_2,104,das_work,5.127516269683838,48258,11,1
1771866106.5719657,99_3,99,das_work,8.05177354812622,48258,12,1
1771866106.5764964,102_3,102,das_work,4.240135431289673,48258,12,1
1771866106.5811338,117_4,117,das_work,3.109196424484253,48258,12,1
1771866106.5935662,104_3,104,das_work,6.003133773803711,48258,12,1
1771866106.634318,116_3,116,das_work,7.950443506240845,48258,12,1
1771866106.645379,115_3,115,das_work,8.673434257507324,48258,12,1
1771866106.6512828,113_4,113,das_work,1.740950584411621,48258,12,1
1771866106.6570046,112_3,112,das_work,4.449050426483154,48258,12,1
1771866106.661738,90_4,90,das_work,7.95544171333313,48258,12,1
1771866106.6626744,110_4,110,das_work,3.5801539421081543,48258,12,1
1771866106.6638577,105_4,105,das_work,4.128392219543457,48258,12,1
1771866106.667926,118_3,118,das_work,8.662275075912476,48258,12,1
1771866106.6681662,106_3,106,das_work,5.003391265869141,48258,12,1
1771866106.6757262,114_3,114,das_work,8.69978642463684,48258,12,1
1771866106.6816156,103_4,103,das_work,5.563817977905273,48258,12,1
1771866106.682346,109_4,109,das_work,3.0872673988342285,48258,12,1
1771866106.6837869,92_3,92,das_work,4.962000370025635,48258,12,1
1771866106.6851676,108_3,108,das_work,8.508606195449829,48258,12,1
1771866106.688577,100_3,100,das_work,3.221952438354492,48258,12,1
1771866106.7101974,111_3,111,das_work,4.548379898071289,48258,12,1
1771866106.7117617,101_2,101,das_work,13.0885272026062,48258,12,1
1771866106.7128885,95_4,95,das_work,9.051536321640016,48258,12,1
1771866106.7751987,98_4,98,das_work,9.803953409194946,48258,12,1
1771866106.7945776,119_3,119,das_work,6.834205389022827,48258,12,1
1771866106.804629,96_4,96,das_work,6.84987473487854,48258,12,1
1771866106.809124,107_2,107,das_work,13.687460899353027,48258,12,1
1771866118.5477197,111_4,111,das_work,4.113325595855713,48258,13,1
1771866118.5504808,107_3,107,das_work,6.872968435287476,48258,13,1
1771866118.5636268,102_4,102,das_work,9.345568895339966,48258,13,1
1771866118.5753448,108_4,108,das_work,5.76231837272644,48258,13,1
1771866118.5804622,114_4,114,das_work,8.375412702560425,48258,13,1
1771866118.583855,118_4,118,das_work,5.072424650192261,48258,13,1
1771866118.5844553,104_4,104,das_work,4.534945726394653,48258,13,1
1771866118.5945036,94_4,94,das_work,13.699930906295776,48258,13,1
1771866118.6021996,115_4,115,das_work,5.009419918060303,48258,13,1
1771866118.609589,97_2,97,das_work,12.820215702056885,48258,13,1
1771866118.6110096,112_4,112,das_work,8.336897373199463,48258,13,1
1771866118.6135993,92_4,92,das_work,3.95693302154541,48258,13,1
1771866118.624411,106_4,106,das_work,3.1917881965637207,48258,13,1
1771866118.6266751,101_3,101,das_work,8.385270595550537,48258,13,1
1771866118.633748,99_4,99,das_work,3.195124864578247,48258,13,1
1771866118.648112,116_4,116,das_work,7.360604286193848,48258,13,1
1771866118.6619003,100_4,100,das_work,7.5438761711120605,48258,13,1
1771866118.680069,91_4,91,das_work,13.128283500671388,48258,13,1
1771866118.7047231,93_4,93,das_work,12.916877508163452,48258,13,1
1771866130.4846814,97_3,97,das_work,4.426142930984497,48258,14,1
1771866130.4954524,107_4,107,das_work,6.885334253311157,48258,14,1
1771866130.5357254,119_4,119,das_work,11.986644983291626,48258,14,1
1771866130.570458,101_4,101,das_work,8.06446886062622,48258,14,1
1771866142.398136,97_4,97,das_work,0.5852453708648682,48258,15,1
1771866058.2687857,121_0,121,das_work,1.1884582042694092,48258,8,1
1771866058.2704587,142_0,142,das_work,5.592108488082886,48258,8,1
1771866058.2706096,140_0,140,das_work,3.9882736206054688,48258,8,1
1771866058.276974,131_0,131,das_work,4.92706561088562,48258,8,1
1771866058.2798874,138_0,138,das_work,5.864289999008179,48258,8,1
1771866058.28521,144_0,144,das_work,4.272530555725098,48258,8,1
1771866058.285355,124_0,124,das_work,4.636137008666992,48258,8,1
1771866058.2855096,126_0,126,das_work,1.6932029724121094,48258,8,1
1771866058.2954895,141_0,141,das_work,1.874974012374878,48258,8,1
1771866058.2960415,145_0,145,das_work,0.1514317989349365,48258,8,1
1771866058.3146598,123_0,123,das_work,0.4548721313476562,48258,8,1
1771866070.4090035,141_1,141,das_work,7.002776145935059,48258,9,1
1771866070.409539,149_0,149,das_work,5.633683681488037,48258,9,1
1771866070.410292,139_0,139,das_work,1.201387882232666,48258,9,1
1771866070.4141955,145_1,145,das_work,4.847929000854492,48258,9,1
1771866070.416948,130_0,130,das_work,8.92727541923523,48258,9,1
1771866070.4183528,129_0,129,das_work,11.50201177597046,48258,9,1
1771866070.4201057,120_0,120,das_work,7.842531204223633,48258,9,1
1771866070.4214258,128_0,128,das_work,4.785033226013184,48258,9,1
1771866070.42301,135_0,135,das_work,1.4928693771362305,48258,9,1
1771866070.4234755,126_1,126,das_work,6.202002286911011,48258,9,1
1771866070.4235969,121_1,121,das_work,7.065011739730835,48258,9,1
1771866070.4238153,137_0,137,das_work,4.978246450424194,48258,9,1
1771866070.4240046,132_0,132,das_work,9.901564359664915,48258,9,1
1771866070.4257677,123_1,123,das_work,8.840371370315552,48258,9,1
1771866070.4263062,138_1,138,das_work,9.390214204788208,48258,9,1
1771866070.4268825,136_0,136,das_work,6.689994812011719,48258,9,1
1771866070.4331334,143_0,143,das_work,7.409984588623047,48258,9,1
1771866070.446501,134_0,134,das_work,8.95645022392273,48258,9,1
1771866070.4483857,131_1,131,das_work,2.548961877822876,48258,9,1
1771866070.4511628,133_0,133,das_work,5.483252763748169,48258,9,1
1771866070.4533985,122_0,122,das_work,10.25555181503296,48258,9,1
1771866070.455151,124_1,124,das_work,3.9336256980896,48258,9,1
1771866070.4564843,144_1,144,das_work,4.401087760925293,48258,9,1
1771866070.4610946,140_1,140,das_work,9.2622172832489,48258,9,1
1771866070.46846,146_0,146,das_work,8.329092264175415,48258,9,1
1771866070.4725597,142_1,142,das_work,3.1186671257019043,48258,9,1
1771866070.4755683,147_0,147,das_work,11.884116888046265,48258,9,1
1771866070.479133,127_0,127,das_work,6.987346172332764,48258,9,1
1771866070.479908,148_0,148,das_work,4.492006063461304,48258,9,1
1771866082.4945073,134_1,134,das_work,2.369047880172729,48258,10,1
1771866082.495515,141_2,141,das_work,3.3861472606658936,48258,10,1
1771866082.4998546,147_1,147,das_work,1.7217693328857422,48258,10,1
1771866082.5108397,123_2,123,das_work,4.54739236831665,48258,10,1
1771866082.512691,129_1,129,das_work,4.232378721237183,48258,10,1
1771866082.513459,146_1,146,das_work,3.090972185134888,48258,10,1
1771866082.5180714,124_2,124,das_work,8.279754161834717,48258,10,1
1771866082.5308113,120_1,120,das_work,5.380216836929321,48258,10,1
1771866082.5373623,132_1,132,das_work,4.393950700759888,48258,10,1
1771866082.544214,122_1,122,das_work,5.886053085327148,48258,10,1
1771866082.5469592,149_1,149,das_work,7.089260578155518,48258,10,1
1771866082.556797,142_2,142,das_work,2.3774898052215576,48258,10,1
1771866082.5590549,145_2,145,das_work,1.613572597503662,48258,10,1
1771866082.5610924,138_2,138,das_work,3.694443941116333,48258,10,1
1771866082.5630422,143_1,143,das_work,8.71076488494873,48258,10,1
1771866082.5643144,128_1,128,das_work,3.208552837371826,48258,10,1
1771866082.5650055,144_2,144,das_work,3.124601125717163,48258,10,1
1771866082.5717003,140_2,140,das_work,5.452996015548706,48258,10,1
1771866082.5751956,148_1,148,das_work,5.147865533828735,48258,10,1
1771866082.5758998,130_1,130,das_work,3.563473701477051,48258,10,1
1771866082.5793946,137_1,137,das_work,1.2430377006530762,48258,10,1
1771866082.581074,139_1,139,das_work,5.340277910232544,48258,10,1
1771866082.587365,131_2,131,das_work,4.739366292953491,48258,10,1
1771866082.5913134,135_1,135,das_work,2.17794132232666,48258,10,1
1771866082.602244,126_2,126,das_work,4.016324043273926,48258,10,1
1771866082.6028264,133_1,133,das_work,5.3272480964660645,48258,10,1
1771866082.6034677,121_2,121,das_work,10.251980066299438,48258,10,1
1771866082.617923,125_0,125,das_work,11.115565299987791,48258,10,1
1771866094.6078222,139_2,139,das_work,4.223065614700317,48258,11,1
1771866094.6094575,125_1,125,das_work,3.09323787689209,48258,11,1
1771866094.6100595,132_2,132,das_work,2.675500631332397,48258,11,1
1771866094.6201952,135_2,135,das_work,6.371791124343872,48258,11,1
1771866094.6298163,122_2,122,das_work,7.867830753326416,48258,11,1
1771866094.6329513,145_3,145,das_work,7.87592339515686,48258,11,1
1771866094.6394668,149_2,149,das_work,1.9071216583251955,48258,11,1
1771866094.642687,147_2,147,das_work,8.629677057266235,48258,11,1
1771866094.646655,141_3,141,das_work,4.845346450805664,48258,11,1
1771866094.653031,136_1,136,das_work,12.836050033569336,48258,11,1
1771866094.6574428,148_2,148,das_work,5.307316541671753,48258,11,1
1771866094.6629996,129_2,129,das_work,9.542955160140991,48258,11,1
1771866094.6707983,137_2,137,das_work,2.790717601776123,48258,11,1
1771866094.6723545,144_3,144,das_work,7.876244783401489,48258,11,1
1771866094.675018,120_2,120,das_work,8.60057783126831,48258,11,1
1771866094.6770463,123_3,123,das_work,1.602358341217041,48258,11,1
1771866094.685911,126_3,126,das_work,6.128869533538818,48258,11,1
1771866094.686664,130_2,130,das_work,3.689427614212036,48258,11,1
1771866094.6928372,127_1,127,das_work,12.876654624938965,48258,11,1
1771866094.69319,124_3,124,das_work,8.965893983840942,48258,11,1
1771866094.6933577,121_3,121,das_work,4.853671789169312,48258,11,1
1771866094.7165446,134_2,134,das_work,10.206478118896484,48258,11,1
1771866094.7171752,128_2,128,das_work,5.749665975570679,48258,11,1
1771866094.7185028,133_2,133,das_work,8.186885595321655,48258,11,1
1771866094.719842,138_3,138,das_work,3.680288791656494,48258,11,1
1771866094.7300668,143_2,143,das_work,7.218864917755127,48258,11,1
1771866094.7302055,146_2,146,das_work,5.809015274047852,48258,11,1
1771866094.736899,131_3,131,das_work,2.578977584838867,48258,11,1
1771866106.5737088,145_4,145,das_work,8.975577592849731,48258,12,1
1771866106.5743346,127_2,127,das_work,5.962597131729126,48258,12,1
1771866106.5894437,128_3,128,das_work,6.639322757720947,48258,12,1
1771866106.6145887,148_3,148,das_work,2.2989096641540527,48258,12,1
1771866106.615418,124_4,124,das_work,8.420372486114502,48258,12,1
1771866106.6384225,139_3,139,das_work,5.542137145996094,48258,12,1
1771866106.6414008,137_3,137,das_work,8.765535593032837,48258,12,1
1771866106.6487494,143_3,143,das_work,4.431854486465454,48258,12,1
1771866106.649595,126_4,126,das_work,3.1800339221954346,48258,12,1
1771866106.652629,123_4,123,das_work,5.0564799308776855,48258,12,1
1771866106.67238,125_2,125,das_work,8.867875099182129,48258,12,1
1771866106.673138,131_4,131,das_work,1.406738042831421,48258,12,1
1771866106.681455,134_3,134,das_work,7.716983795166016,48258,12,1
1771866106.692564,149_3,149,das_work,7.924592018127441,48258,12,1
1771866106.7010968,138_4,138,das_work,9.614928722381592,48258,12,1
1771866106.7069204,142_3,142,das_work,13.612727403640749,48258,12,1
1771866106.707656,130_3,130,das_work,7.272075176239014,48258,12,1
1771866106.7083528,147_3,147,das_work,6.148278474807739,48258,12,1
1771866106.7173986,132_3,132,das_work,2.418676853179932,48258,12,1
1771866106.7184534,140_3,140,das_work,12.852713584899902,48258,12,1
1771866106.7192235,129_3,129,das_work,3.6354048252105713,48258,12,1
1771866106.7290764,141_4,141,das_work,8.04443097114563,48258,12,1
1771866106.732702,135_3,135,das_work,2.705172061920166,48258,12,1
1771866106.7334695,121_4,121,das_work,7.471119880676269,48258,12,1
1771866106.7644112,136_2,136,das_work,9.153698444366457,48258,12,1
1771866106.8028765,120_3,120,das_work,5.490466117858887,48258,12,1
1771866106.80415,144_4,144,das_work,1.4796245098114014,48258,12,1
1771866106.8129272,122_3,122,das_work,4.104594230651856,48258,12,1
1771866106.8202312,133_3,133,das_work,9.273970603942873,48258,12,1
1771866118.5482645,135_4,135,das_work,5.044307708740234,48258,13,1
1771866118.5512404,147_4,147,das_work,5.447225570678711,48258,13,1
1771866118.5634613,146_3,146,das_work,11.930058002471924,48258,13,1
1771866118.5685267,128_4,128,das_work,5.750117063522339,48258,13,1
1771866118.5686717,137_4,137,das_work,3.6627237796783447,48258,13,1
1771866118.5727785,143_4,143,das_work,4.288236856460571,48258,13,1
1771866118.5944066,139_4,139,das_work,7.702294588088989,48258,13,1
1771866118.5945702,140_4,140,das_work,3.8887879848480233,48258,13,1
1771866118.595629,127_3,127,das_work,9.095886707305908,48258,13,1
1771866118.597653,120_4,120,das_work,3.050969362258911,48258,13,1
1771866118.6093338,148_4,148,das_work,7.397797584533691,48258,13,1
1771866118.6126127,136_3,136,das_work,4.533591747283936,48258,13,1
1771866118.6165829,132_4,132,das_work,5.771926164627075,48258,13,1
1771866118.6319673,133_4,133,das_work,5.806308746337891,48258,13,1
1771866118.6409056,130_4,130,das_work,5.882068395614624,48258,13,1
1771866118.6440127,142_4,142,das_work,2.052208423614502,48258,13,1
1771866118.6669786,125_3,125,das_work,5.952850103378296,48258,13,1
1771866118.6973794,129_4,129,das_work,2.245306491851806,48258,13,1
1771866118.6998692,134_4,134,das_work,3.1068544387817383,48258,13,1
1771866130.4945178,146_4,146,das_work,5.446316480636597,48258,14,1
1771866130.5258994,127_4,127,das_work,4.196548700332642,48258,14,1
1771866130.5390823,122_4,122,das_work,13.199318170547484,48258,14,1
1771866130.5452974,125_4,125,das_work,7.0319883823394775,48258,14,1
1771866130.5491347,149_4,149,das_work,12.109600305557253,48258,14,1
1771866130.5822852,136_4,136,das_work,1.275946855545044,48258,14,1
1771866058.2690332,165_0,165,das_work,0.3016450405120849,48258,8,1
1771866058.2725158,168_0,168,das_work,5.186875104904175,48258,8,1
1771866058.2736678,156_0,156,das_work,0.5015738010406494,48258,8,1
1771866058.2773962,179_0,179,das_work,4.548603773117065,48258,8,1
1771866058.291542,153_0,153,das_work,5.035261631011963,48258,8,1
1771866058.3029408,163_0,163,das_work,2.7162561416625977,48258,8,1
1771866058.303589,157_0,157,das_work,6.193315267562866,48258,8,1
1771866058.3147647,152_0,152,das_work,3.210153818130493,48258,8,1
1771866070.4103787,169_0,169,das_work,8.265004873275757,48258,9,1
1771866070.4121869,177_0,177,das_work,7.730748653411865,48258,9,1
1771866070.4132185,172_0,172,das_work,8.903701782226562,48258,9,1
1771866070.416793,161_0,161,das_work,8.808221578598022,48258,9,1
1771866070.416924,168_1,168,das_work,5.74915885925293,48258,9,1
1771866070.420293,178_0,178,das_work,7.03751802444458,48258,9,1
1771866070.421234,173_0,173,das_work,10.682467699050903,48258,9,1
1771866070.4219518,150_0,150,das_work,4.183031797409058,48258,9,1
1771866070.4268498,157_1,157,das_work,7.993589878082275,48258,9,1
1771866070.4282331,176_0,176,das_work,12.170715093612673,48258,9,1
1771866070.430029,165_1,165,das_work,5.979879140853882,48258,9,1
1771866070.438241,159_0,159,das_work,9.587367534637451,48258,9,1
1771866070.440189,155_0,155,das_work,4.6108903884887695,48258,9,1
1771866070.4424655,156_1,156,das_work,5.701754093170166,48258,9,1
1771866070.4431314,160_0,160,das_work,6.40966272354126,48258,9,1
1771866070.446519,151_0,151,das_work,6.64592432975769,48258,9,1
1771866070.4475658,170_0,170,das_work,7.588911056518555,48258,9,1
1771866070.4503276,166_0,166,das_work,8.74408483505249,48258,9,1
1771866070.4509614,167_0,167,das_work,9.441580295562744,48258,9,1
1771866070.451779,171_0,171,das_work,8.360842227935791,48258,9,1
1771866070.452626,179_1,179,das_work,6.403771162033081,48258,9,1
1771866070.4565349,153_1,153,das_work,1.5414392948150637,48258,9,1
1771866070.4573123,152_1,152,das_work,5.9581029415130615,48258,9,1
1771866070.4629736,163_1,163,das_work,8.382707357406616,48258,9,1
1771866070.4640136,158_0,158,das_work,6.127335786819458,48258,9,1
1771866070.464851,174_0,174,das_work,0.4711470603942871,48258,9,1
1771866070.474803,154_0,154,das_work,10.49674940109253,48258,9,1
1771866082.4945252,172_1,172,das_work,6.341168642044067,48258,10,1
1771866082.4954984,161_1,161,das_work,4.931720972061157,48258,10,1
1771866082.4960308,167_1,167,das_work,5.651952743530273,48258,10,1
1771866082.4984772,156_2,156,das_work,6.12813663482666,48258,10,1
1771866082.4990635,164_0,164,das_work,12.102020978927612,48258,10,1
1771866082.503184,170_1,170,das_work,7.884342193603516,48258,10,1
1771866082.503756,155_1,155,das_work,8.65068244934082,48258,10,1
1771866082.5129411,173_1,173,das_work,3.338945150375366,48258,10,1
1771866082.5225346,174_1,174,das_work,1.441694736480713,48258,10,1
1771866082.5287683,159_1,159,das_work,7.392061948776245,48258,10,1
1771866082.532436,175_0,175,das_work,10.871844053268433,48258,10,1
1771866082.5385993,150_1,150,das_work,4.862874507904053,48258,10,1
1771866082.539132,153_2,153,das_work,0.8351812362670898,48258,10,1
1771866082.5435543,168_2,168,das_work,2.718499183654785,48258,10,1
1771866082.5445812,154_1,154,das_work,7.6795432567596436,48258,10,1
1771866082.545661,151_1,151,das_work,6.846012592315674,48258,10,1
1771866082.546297,157_2,157,das_work,1.3927929401397705,48258,10,1
1771866082.5469232,160_1,160,das_work,3.0408849716186523,48258,10,1
1771866082.5478184,176_1,176,das_work,2.4649128913879395,48258,10,1
1771866082.566924,163_2,163,das_work,5.3972718715667725,48258,10,1
1771866082.568471,177_1,177,das_work,4.289990186691284,48258,10,1
1771866082.5708716,152_2,152,das_work,9.09049916267395,48258,10,1
1771866082.5729744,166_1,166,das_work,8.468238353729248,48258,10,1
1771866082.5739064,162_0,162,das_work,11.02713704109192,48258,10,1
1771866082.5763824,178_1,178,das_work,9.175938367843628,48258,10,1
1771866082.5793903,171_1,171,das_work,5.690495491027832,48258,10,1
1771866082.585251,158_1,158,das_work,8.66598629951477,48258,10,1
1771866082.586292,179_2,179,das_work,1.8344614505767824,48258,10,1
1771866082.6246407,169_1,169,das_work,2.6204466819763184,48258,10,1
1771866082.632889,165_2,165,das_work,1.7946698665618896,48258,10,1
1771866094.5574496,156_3,156,das_work,8.506226062774658,48258,11,1
1771866094.5606794,179_3,179,das_work,8.618514060974121,48258,11,1
1771866094.5619848,150_2,150,das_work,9.34328818321228,48258,11,1
1771866094.5692048,154_2,154,das_work,7.44635534286499,48258,11,1
1771866094.5730796,172_2,172,das_work,6.940366744995117,48258,11,1
1771866094.5777602,166_2,166,das_work,3.4338412284851074,48258,11,1
1771866094.578733,177_2,177,das_work,6.6808061599731445,48258,11,1
1771866094.5809803,170_2,170,das_work,5.029659032821655,48258,11,1
1771866094.5983417,175_1,175,das_work,9.713792085647585,48258,11,1
1771866094.603941,163_3,163,das_work,8.426318407058716,48258,11,1
1771866094.604095,160_2,160,das_work,9.144755840301514,48258,11,1
1771866094.615359,158_2,158,das_work,7.613952875137329,48258,11,1
1771866094.618111,178_2,178,das_work,4.703871011734009,48258,11,1
1771866094.6244428,152_3,152,das_work,4.860079765319824,48258,11,1
1771866094.6250982,173_2,173,das_work,2.996954917907715,48258,11,1
1771866094.6399772,169_2,169,das_work,3.6772711277008057,48258,11,1
1771866094.6529777,159_2,159,das_work,2.468723058700561,48258,11,1
1771866094.6591687,155_2,155,das_work,2.985651731491089,48258,11,1
1771866094.662555,165_3,165,das_work,4.402531385421753,48258,11,1
1771866094.6665895,161_2,161,das_work,5.314443826675415,48258,11,1
1771866094.6672645,164_1,164,das_work,2.966135025024414,48258,11,1
1771866094.6694992,168_3,168,das_work,2.7621638774871826,48258,11,1
1771866094.6762657,171_2,171,das_work,7.316867113113403,48258,11,1
1771866094.6770303,157_3,157,das_work,7.856844663619995,48258,11,1
1771866094.6831422,162_1,162,das_work,5.640331983566284,48258,11,1
1771866094.6882036,176_2,176,das_work,7.83615255355835,48258,11,1
1771866094.6927805,151_2,151,das_work,8.301228046417236,48258,11,1
1771866106.5718043,162_2,162,das_work,5.344404935836792,48258,12,1
1771866106.5741758,169_3,169,das_work,5.313539266586304,48258,12,1
1771866106.6188552,175_2,175,das_work,5.818533658981323,48258,12,1
1771866106.6197748,178_3,178,das_work,2.1967613697052,48258,12,1
1771866106.6262908,153_3,153,das_work,12.80429482460022,48258,12,1
1771866106.631825,173_3,173,das_work,5.832533836364746,48258,12,1
1771866106.6323907,167_2,167,das_work,13.180221557617188,48258,12,1
1771866106.6372,170_3,170,das_work,9.07409691810608,48258,12,1
1771866106.6572762,159_3,159,das_work,2.3035335540771484,48258,12,1
1771866106.6625743,164_2,164,das_work,2.514472723007202,48258,12,1
1771866106.6652544,171_3,171,das_work,6.080037593841553,48258,12,1
1771866106.667014,163_4,163,das_work,5.726669788360596,48258,12,1
1771866106.6749911,154_3,154,das_work,6.697348833084106,48258,12,1
1771866106.7255063,160_3,160,das_work,1.8466813564300537,48258,12,1
1771866106.726304,156_4,156,das_work,3.9251511096954346,48258,12,1
1771866106.7435284,157_4,157,das_work,2.3508763313293457,48258,12,1
1771866106.7502887,161_3,161,das_work,4.28427267074585,48258,12,1
1771866106.751295,166_3,166,das_work,6.633174896240234,48258,12,1
1771866106.7601588,172_3,172,das_work,7.9418251514434814,48258,12,1
1771866106.7603295,158_3,158,das_work,4.191246032714844,48258,12,1
1771866106.763552,165_4,165,das_work,6.462975263595581,48258,12,1
1771866106.7863965,176_3,176,das_work,2.33434534072876,48258,12,1
1771866106.801954,174_2,174,das_work,12.419695854187012,48258,12,1
1771866106.815936,168_4,168,das_work,8.349299192428589,48258,12,1
1771866118.543897,161_4,161,das_work,1.3370695114135742,48258,13,1
1771866118.5477183,152_4,152,das_work,12.548561811447144,48258,13,1
1771866118.558585,159_4,159,das_work,1.7620151042938232,48258,13,1
1771866118.559161,172_4,172,das_work,8.930114269256592,48258,13,1
1771866118.5652635,154_4,154,das_work,5.971597671508789,48258,13,1
1771866118.5665393,167_3,167,das_work,6.579148769378662,48258,13,1
1771866118.5672169,174_3,174,das_work,3.6732351779937744,48258,13,1
1771866118.570915,178_4,178,das_work,2.1373250484466557,48258,13,1
1771866118.5747883,150_3,150,das_work,12.195957660675049,48258,13,1
1771866118.586139,162_3,162,das_work,4.75895094871521,48258,13,1
1771866118.5947192,171_4,171,das_work,2.147969007492065,48258,13,1
1771866118.5991564,175_3,175,das_work,5.694844722747803,48258,13,1
1771866118.6144693,160_4,160,das_work,4.036726713180542,48258,13,1
1771866118.6219273,166_4,166,das_work,8.752817630767822,48258,13,1
1771866118.653375,176_4,176,das_work,9.092618227005005,48258,13,1
1771866118.6558816,170_4,170,das_work,7.787073373794556,48258,13,1
1771866118.6630003,179_4,179,das_work,13.367332220077516,48258,13,1
1771866118.6748064,177_3,177,das_work,12.886209726333618,48258,13,1
1771866118.6808364,164_3,164,das_work,3.865424871444702,48258,13,1
1771866118.687013,155_3,155,das_work,13.594965934753418,48258,13,1
1771866118.6872723,173_4,173,das_work,8.916731119155884,48258,13,1
1771866118.6958077,151_3,151,das_work,12.967961311340332,48258,13,1
1771866118.6994982,153_4,153,das_work,5.00399661064148,48258,13,1
1771866118.707452,158_4,158,das_work,9.909087181091309,48258,13,1
1771866130.49426,155_4,155,das_work,6.024044990539551,48258,14,1
1771866130.5144355,177_4,177,das_work,1.606727123260498,48258,14,1
1771866130.5306537,150_4,150,das_work,9.000011682510376,48258,14,1
1771866130.5402744,169_4,169,das_work,13.085534811019896,48258,14,1
1771866130.5524683,162_4,162,das_work,7.631964921951294,48258,14,1
1771866130.5663178,174_4,174,das_work,1.5966153144836426,48258,14,1
1771866130.5703251,164_4,164,das_work,5.751384019851685,48258,14,1
1771866130.571884,175_4,175,das_work,8.62826657295227,48258,14,1
1771866130.5726156,151_4,151,das_work,8.746649265289307,48258,14,1
1771866130.5868752,167_4,167,das_work,2.42969012260437,48258,14,1
1771866058.269554,203_0,203,das_work,0.4001855850219726,48258,8,1
1771866058.3110082,182_0,182,das_work,3.052320003509521,48258,8,1
1771866058.3128092,201_0,201,das_work,1.918860673904419,48258,8,1
1771866070.4089255,209_0,209,das_work,12.033224821090698,48258,9,1
1771866070.4128692,200_0,200,das_work,4.013967275619507,48258,9,1
1771866070.4137552,191_0,191,das_work,0.9849352836608888,48258,9,1
1771866070.414522,199_0,199,das_work,5.854153633117676,48258,9,1
1771866070.4178698,181_0,181,das_work,0.5638823509216309,48258,9,1
1771866070.4201963,184_0,184,das_work,9.746167421340942,48258,9,1
1771866070.4246902,189_0,189,das_work,4.747121572494507,48258,9,1
1771866070.4329357,201_1,201,das_work,2.370543956756592,48258,9,1
1771866070.435044,208_0,208,das_work,6.423901557922363,48258,9,1
1771866070.4400387,185_0,185,das_work,10.323060989379885,48258,9,1
1771866070.4430256,180_0,180,das_work,3.6365487575531006,48258,9,1
1771866070.4436276,197_0,197,das_work,2.674610376358032,48258,9,1
1771866070.4441528,183_0,183,das_work,7.863183975219727,48258,9,1
1771866070.451173,198_0,198,das_work,2.276198387145996,48258,9,1
1771866070.4549515,195_0,195,das_work,6.566603422164917,48258,9,1
1771866070.4581368,190_0,190,das_work,3.796180725097656,48258,9,1
1771866070.4646475,207_0,207,das_work,5.816442012786865,48258,9,1
1771866070.4649758,193_0,193,das_work,9.07211709022522,48258,9,1
1771866070.467853,182_1,182,das_work,3.774471521377564,48258,9,1
1771866070.4699748,205_0,205,das_work,6.516116619110107,48258,9,1
1771866070.470165,194_0,194,das_work,3.784446001052856,48258,9,1
1771866070.4744594,192_0,192,das_work,6.269946098327637,48258,9,1
1771866070.4805589,186_0,186,das_work,5.893212795257568,48258,9,1
1771866070.4848387,203_1,203,das_work,4.427283525466919,48258,9,1
1771866082.4935086,181_1,181,das_work,3.3106114864349365,48258,10,1
1771866082.497697,185_1,185,das_work,8.382685422897339,48258,10,1
1771866082.4982593,183_1,183,das_work,5.056219816207886,48258,10,1
1771866082.5051458,193_1,193,das_work,2.2131028175354004,48258,10,1
1771866082.506451,209_1,209,das_work,9.005871057510376,48258,10,1
1771866082.5131505,191_1,191,das_work,9.247092008590698,48258,10,1
1771866082.5191357,201_2,201,das_work,7.93744421005249,48258,10,1
1771866082.5285404,208_1,208,das_work,3.577779531478882,48258,10,1
1771866082.5351052,204_0,204,das_work,11.903717279434204,48258,10,1
1771866082.5482385,196_0,196,das_work,11.799734354019163,48258,10,1
1771866082.5493443,206_0,206,das_work,10.56222438812256,48258,10,1
1771866082.550318,199_1,199,das_work,6.685867547988892,48258,10,1
1771866082.554619,207_1,207,das_work,4.001321792602539,48258,10,1
1771866082.5597806,189_1,189,das_work,6.9875078201293945,48258,10,1
1771866082.5639772,205_1,205,das_work,2.799971342086792,48258,10,1
1771866082.5646496,194_1,194,das_work,6.552345514297485,48258,10,1
1771866082.5652542,197_1,197,das_work,8.627964973449707,48258,10,1
1771866082.5669854,192_1,192,das_work,9.160358905792236,48258,10,1
1771866082.5757003,198_1,198,das_work,2.4151415824890137,48258,10,1
1771866082.5765,187_0,187,das_work,6.681339263916016,48258,10,1
1771866082.577089,186_1,186,das_work,9.600831985473633,48258,10,1
1771866082.585472,190_1,190,das_work,8.02387261390686,48258,10,1
1771866082.5903263,203_2,203,das_work,5.170078277587891,48258,10,1
1771866082.597728,182_2,182,das_work,8.110220670700073,48258,10,1
1771866082.6073248,202_0,202,das_work,12.158604383468628,48258,10,1
1771866082.6207051,188_0,188,das_work,12.33124041557312,48258,10,1
1771866082.6236832,180_1,180,das_work,7.84029221534729,48258,10,1
1771866082.6247787,200_1,200,das_work,4.965126991271973,48258,10,1
1771866082.6256254,195_1,195,das_work,3.022533893585205,48258,10,1
1771866094.5585403,202_1,202,das_work,3.158114194869995,48258,11,1
1771866094.560608,207_2,207,das_work,1.7459044456481934,48258,11,1
1771866094.5649378,204_1,204,das_work,3.4966304302215576,48258,11,1
1771866094.569741,203_3,203,das_work,9.464125156402588,48258,11,1
1771866094.57977,201_3,201,das_work,5.3760645389556885,48258,11,1
1771866094.5839474,191_2,191,das_work,9.025607824325562,48258,11,1
1771866094.584979,182_3,182,das_work,9.79617714881897,48258,11,1
1771866094.5868456,208_2,208,das_work,5.602645635604858,48258,11,1
1771866094.5880878,180_2,180,das_work,7.168757677078247,48258,11,1
1771866094.5928297,184_1,184,das_work,13.160068988800049,48258,11,1
1771866094.5935478,197_2,197,das_work,2.8159825801849365,48258,11,1
1771866094.611544,196_1,196,das_work,10.417872428894045,48258,11,1
1771866094.6220489,192_2,192,das_work,5.200730800628662,48258,11,1
1771866094.6364236,206_1,206,das_work,4.639899015426636,48258,11,1
1771866094.639789,195_2,195,das_work,7.100022315979004,48258,11,1
1771866094.6449566,200_2,200,das_work,4.510453462600708,48258,11,1
1771866094.654009,205_2,205,das_work,6.862406969070435,48258,11,1
1771866094.6554034,209_2,209,das_work,5.297142267227173,48258,11,1
1771866094.661416,189_2,189,das_work,6.707032203674316,48258,11,1
1771866094.664546,185_2,185,das_work,6.1597185134887695,48258,11,1
1771866094.7124448,183_2,183,das_work,6.151219129562378,48258,11,1
1771866094.7213876,199_2,199,das_work,4.951889991760254,48258,11,1
1771866094.7227511,187_1,187,das_work,9.484389305114746,48258,11,1
1771866094.7252555,188_1,188,das_work,3.9335741996765137,48258,11,1
1771866094.7342207,190_2,190,das_work,4.701714992523193,48258,11,1
1771866094.7350311,193_2,193,das_work,5.534940481185913,48258,11,1
1771866106.5719678,197_3,197,das_work,9.121475458145142,48258,12,1
1771866106.5830944,207_3,207,das_work,5.497438430786133,48258,12,1
1771866106.5856442,190_3,190,das_work,7.183719158172607,48258,12,1
1771866106.5919244,187_2,187,das_work,4.659816741943359,48258,12,1
1771866106.5932217,189_3,189,das_work,4.199343919754028,48258,12,1
1771866106.604138,200_3,200,das_work,6.433600187301636,48258,12,1
1771866106.6050775,191_3,191,das_work,4.4585371017456055,48258,12,1
1771866106.6230536,194_2,194,das_work,12.708576917648315,48258,12,1
1771866106.6443715,203_4,203,das_work,5.296526908874512,48258,12,1
1771866106.645261,193_3,193,das_work,9.34102988243103,48258,12,1
1771866106.6593978,206_2,206,das_work,1.8587303161621092,48258,12,1
1771866106.663446,198_2,198,das_work,13.009063720703123,48258,12,1
1771866106.6666653,188_2,188,das_work,7.302934169769287,48258,12,1
1771866106.6704023,183_3,183,das_work,6.397545337677002,48258,12,1
1771866106.6724775,199_3,199,das_work,2.8852884769439697,48258,12,1
1771866106.6761172,186_2,186,das_work,13.565026760101318,48258,12,1
1771866106.6889,180_3,180,das_work,4.339106559753418,48258,12,1
1771866106.6926098,201_4,201,das_work,4.985574960708618,48258,12,1
1771866106.699005,205_3,205,das_work,2.79928994178772,48258,12,1
1771866106.7172084,181_2,181,das_work,13.682595252990724,48258,12,1
1771866106.718278,202_2,202,das_work,4.7694480419158936,48258,12,1
1771866106.7250705,184_2,184,das_work,6.381234645843506,48258,12,1
1771866106.7353425,196_2,196,das_work,4.842284440994263,48258,12,1
1771866106.7359617,209_3,209,das_work,4.530399799346924,48258,12,1
1771866106.7565486,208_3,208,das_work,3.9610824584960938,48258,12,1
1771866106.7578332,182_4,182,das_work,4.232160329818726,48258,12,1
1771866106.7803204,204_2,204,das_work,9.345446586608888,48258,12,1
1771866106.786226,192_3,192,das_work,5.515836715698242,48258,12,1
1771866106.821663,195_3,195,das_work,2.7918572425842285,48258,12,1
1771866118.554959,200_4,200,das_work,8.157113790512085,48258,13,1
1771866118.5593915,192_4,192,das_work,6.831281661987305,48258,13,1
1771866118.5646486,206_3,206,das_work,1.4853582382202148,48258,13,1
1771866118.57031,207_4,207,das_work,4.140930414199829,48258,13,1
1771866118.5808537,181_3,181,das_work,7.752084255218506,48258,13,1
1771866118.587326,204_3,204,das_work,4.625286817550659,48258,13,1
1771866118.5885303,209_4,209,das_work,4.5065553188323975,48258,13,1
1771866118.5932534,191_4,191,das_work,4.078472375869751,48258,13,1
1771866118.5938156,189_4,189,das_work,5.435071706771851,48258,13,1
1771866118.6085372,208_4,208,das_work,7.1300482749938965,48258,13,1
1771866118.613045,188_3,188,das_work,3.5150551795959477,48258,13,1
1771866118.6159732,185_3,185,das_work,13.82552433013916,48258,13,1
1771866118.6202278,187_3,187,das_work,8.653929471969604,48258,13,1
1771866118.622828,205_4,205,das_work,3.129600763320923,48258,13,1
1771866118.62889,183_4,183,das_work,1.3690953254699707,48258,13,1
1771866118.6368153,180_4,180,das_work,5.462485313415527,48258,13,1
1771866118.6511755,199_4,199,das_work,9.400301933288574,48258,13,1
1771866118.6594803,186_3,186,das_work,4.521725416183472,48258,13,1
1771866118.66087,197_4,197,das_work,4.692609786987305,48258,13,1
1771866118.6666076,194_3,194,das_work,8.20289945602417,48258,13,1
1771866118.6676254,184_3,184,das_work,5.86343789100647,48258,13,1
1771866118.6761088,198_3,198,das_work,4.149089813232422,48258,13,1
1771866118.6868515,190_4,190,das_work,4.914224863052368,48258,13,1
1771866118.696537,195_4,195,das_work,8.826725006103516,48258,13,1
1771866130.4889283,204_4,204,das_work,7.55996561050415,48258,14,1
1771866130.507939,193_4,193,das_work,12.57462477684021,48258,14,1
1771866130.5111167,187_4,187,das_work,4.879454135894775,48258,14,1
1771866130.5167964,206_4,206,das_work,7.950322389602661,48258,14,1
1771866130.5232,181_4,181,das_work,7.513237237930298,48258,14,1
1771866130.5273314,194_4,194,das_work,3.0950989723205566,48258,14,1
1771866130.5286715,196_3,196,das_work,12.789810419082642,48258,14,1
1771866130.53878,184_4,184,das_work,4.687705039978027,48258,14,1
1771866130.539471,202_3,202,das_work,13.251396656036375,48258,14,1
1771866130.5548844,198_4,198,das_work,1.6417806148529053,48258,14,1
1771866130.5607743,186_4,186,das_work,8.75598931312561,48258,14,1
1771866130.569883,185_4,185,das_work,1.828437328338623,48258,14,1
1771866130.5707831,188_4,188,das_work,9.273410081863403,48258,14,1
1771866142.3979034,196_4,196,das_work,3.68613600730896,48258,15,1
1771866142.4013486,202_4,202,das_work,8.790529727935791,48258,15,1
1771866058.2758296,215_0,215,das_work,3.0200400352478027,48258,8,1
1771866058.293629,224_0,224,das_work,2.580352067947388,48258,8,1
1771866070.4218023,211_0,211,das_work,7.567118406295776,48258,9,1
1771866070.423997,233_0,233,das_work,7.613857746124268,48258,9,1
1771866070.4271803,231_0,231,das_work,5.593999147415161,48258,9,1
1771866070.4278543,235_0,235,das_work,4.072619676589966,48258,9,1
1771866070.4289434,237_0,237,das_work,2.045776605606079,48258,9,1
1771866070.4309402,227_0,227,das_work,8.140891075134277,48258,9,1
1771866070.4336436,221_0,221,das_work,4.818599462509155,48258,9,1
1771866070.438095,229_0,229,das_work,0.3445298671722412,48258,9,1
1771866070.448039,232_0,232,das_work,2.3484275341033936,48258,9,1
1771866070.450096,225_0,225,das_work,11.80518627166748,48258,9,1
1771866070.4562478,214_0,214,das_work,5.984501361846924,48258,9,1
1771866070.456873,216_0,216,das_work,6.16996431350708,48258,9,1
1771866070.459561,215_1,215,das_work,6.241944313049316,48258,9,1
1771866070.4625242,234_0,234,das_work,10.57888650894165,48258,9,1
1771866070.469833,220_0,220,das_work,4.419952154159546,48258,9,1
1771866070.4778094,236_0,236,das_work,9.753600358963013,48258,9,1
1771866070.478414,238_0,238,das_work,6.90644383430481,48258,9,1
1771866070.4812615,222_0,222,das_work,3.1704249382019043,48258,9,1
1771866070.4881854,217_0,217,das_work,5.117354154586792,48258,9,1
1771866070.488666,230_0,230,das_work,1.908655405044556,48258,9,1
1771866070.4888573,213_0,213,das_work,8.169704914093018,48258,9,1
1771866070.4908192,224_1,224,das_work,6.312997341156006,48258,9,1
1771866082.4937108,216_1,216,das_work,8.352390766143799,48258,10,1
1771866082.5009646,239_0,239,das_work,8.575950622558594,48258,10,1
1771866082.5029926,238_1,238,das_work,3.144084453582764,48258,10,1
1771866082.5071805,235_1,235,das_work,10.059430837631226,48258,10,1
1771866082.5105698,231_1,231,das_work,7.883675575256348,48258,10,1
1771866082.5166276,215_2,215,das_work,8.605638980865479,48258,10,1
1771866082.5217583,212_0,212,das_work,9.713627338409424,48258,10,1
1771866082.524058,218_0,218,das_work,5.234391689300537,48258,10,1
1771866082.5297368,214_1,214,das_work,2.4976515769958496,48258,10,1
1771866082.5304463,222_1,222,das_work,9.878068447113035,48258,10,1
1771866082.545481,228_0,228,das_work,12.077174186706545,48258,10,1
1771866082.5526893,226_0,226,das_work,9.906565427780151,48258,10,1
1771866082.5584223,220_1,220,das_work,7.620859861373901,48258,10,1
1771866082.5625129,221_1,221,das_work,5.90673565864563,48258,10,1
1771866082.5658002,237_1,237,das_work,7.950894832611084,48258,10,1
1771866082.5693898,223_0,223,das_work,9.170987367630005,48258,10,1
1771866082.5706542,224_2,224,das_work,3.5666017532348637,48258,10,1
1771866082.5747335,211_1,211,das_work,4.824731349945068,48258,10,1
1771866082.5880544,225_1,225,das_work,5.336560726165772,48258,10,1
1771866082.5944636,232_1,232,das_work,8.263940572738647,48258,10,1
1771866082.602852,210_0,210,das_work,11.584121942520142,48258,10,1
1771866082.6064987,213_1,213,das_work,2.412475824356079,48258,10,1
1771866082.6071424,229_1,229,das_work,4.235528469085693,48258,10,1
1771866082.6166973,219_0,219,das_work,10.76608180999756,48258,10,1
1771866082.6202705,233_1,233,das_work,4.512646436691284,48258,10,1
1771866082.6257243,236_1,236,das_work,5.844314813613892,48258,10,1
1771866082.6262958,234_1,234,das_work,1.511793851852417,48258,10,1
1771866082.6319473,230_1,230,das_work,9.691370248794556,48258,10,1
1771866082.632836,217_1,217,das_work,8.039929866790771,48258,10,1
1771866094.5549505,212_1,212,das_work,3.315017938613892,48258,11,1
1771866094.5568058,220_2,220,das_work,1.8356177806854248,48258,11,1
1771866094.5658538,234_2,234,das_work,7.191007375717163,48258,11,1
1771866094.5701573,238_2,238,das_work,5.972038745880127,48258,11,1
1771866094.5835204,210_1,210,das_work,2.303103446960449,48258,11,1
1771866094.5852177,235_2,235,das_work,6.128981828689575,48258,11,1
1771866094.586231,211_2,211,das_work,9.132901668548584,48258,11,1
1771866094.5930429,228_1,228,das_work,7.391551733016968,48258,11,1
1771866094.5949223,222_2,222,das_work,1.4985573291778564,48258,11,1
1771866094.6037152,221_2,221,das_work,1.5564000606536863,48258,11,1
1771866094.6056824,230_2,230,das_work,7.977070569992065,48258,11,1
1771866094.607116,232_2,232,das_work,7.600948572158813,48258,11,1
1771866094.608251,218_1,218,das_work,3.4435365200042725,48258,11,1
1771866094.6136196,229_2,229,das_work,6.872304439544678,48258,11,1
1771866094.6206048,226_1,226,das_work,8.466000080108643,48258,11,1
1771866094.6272807,231_2,231,das_work,4.748664855957031,48258,11,1
1771866094.6297605,215_3,215,das_work,7.811995983123779,48258,11,1
1771866094.630317,216_2,216,das_work,6.577954292297363,48258,11,1
1771866094.638297,237_2,237,das_work,7.754152536392212,48258,11,1
1771866094.6428506,223_1,223,das_work,4.844578742980957,48258,11,1
1771866094.6481078,225_2,225,das_work,8.374353885650635,48258,11,1
1771866094.6685247,219_1,219,das_work,6.2029688358306885,48258,11,1
1771866094.6790338,236_2,236,das_work,3.36065936088562,48258,11,1
1771866094.6820045,213_2,213,das_work,1.836618185043335,48258,11,1
1771866094.6821294,214_2,214,das_work,9.060699701309204,48258,11,1
1771866094.6932733,239_1,239,das_work,4.67049241065979,48258,11,1
1771866094.7192743,227_1,227,das_work,13.071353673934937,48258,11,1
1771866106.571792,232_3,232,das_work,2.985948085784912,48258,12,1
1771866106.5724618,225_3,225,das_work,5.6809797286987305,48258,12,1
1771866106.5916955,224_3,224,das_work,12.741562366485596,48258,12,1
1771866106.5954914,229_3,229,das_work,4.4101221561431885,48258,12,1
1771866106.5984938,230_3,230,das_work,3.907725811004639,48258,12,1
1771866106.618543,234_3,234,das_work,4.083865642547607,48258,12,1
1771866106.6247563,219_2,219,das_work,7.116828680038452,48258,12,1
1771866106.629362,231_3,231,das_work,5.554459571838379,48258,12,1
1771866106.6370015,238_3,238,das_work,7.875039339065552,48258,12,1
1771866106.669976,221_3,221,das_work,5.335223913192749,48258,12,1
1771866106.6940196,239_2,239,das_work,6.597635984420776,48258,12,1
1771866106.695238,211_3,211,das_work,4.628799915313721,48258,12,1
1771866106.700538,216_3,216,das_work,1.865619421005249,48258,12,1
1771866106.7013972,227_2,227,das_work,3.916321277618408,48258,12,1
1771866106.7044685,218_2,218,das_work,8.742655277252197,48258,12,1
1771866106.7120416,233_2,233,das_work,13.46496605873108,48258,12,1
1771866106.7227712,220_3,220,das_work,8.560545444488525,48258,12,1
1771866106.7270536,212_2,212,das_work,7.583542346954346,48258,12,1
1771866106.7288003,222_3,222,das_work,8.627973556518555,48258,12,1
1771866106.7305236,226_2,226,das_work,8.67028522491455,48258,12,1
1771866106.7406006,214_3,214,das_work,6.304911851882935,48258,12,1
1771866106.7429705,215_4,215,das_work,6.832613468170166,48258,12,1
1771866106.7703848,228_2,228,das_work,5.117012739181519,48258,12,1
1771866106.7864766,237_3,237,das_work,7.649408340454102,48258,12,1
1771866106.793923,210_2,210,das_work,1.787975549697876,48258,12,1
1771866106.8090036,217_2,217,das_work,13.077539443969728,48258,12,1
1771866118.54387,221_4,221,das_work,7.485210657119751,48258,13,1
1771866118.544846,237_4,237,das_work,7.2076826095581055,48258,13,1
1771866118.5521011,226_3,226,das_work,7.723519086837768,48258,13,1
1771866118.5539043,214_4,214,das_work,3.695317029953003,48258,13,1
1771866118.5566714,211_4,211,das_work,4.476893424987793,48258,13,1
1771866118.5596342,235_3,235,das_work,13.093066930770874,48258,13,1
1771866118.568885,227_3,227,das_work,3.457160234451294,48258,13,1
1771866118.5695872,213_3,213,das_work,12.875755071640016,48258,13,1
1771866118.5703716,229_4,229,das_work,2.0239217281341557,48258,13,1
1771866118.5708942,212_3,212,das_work,2.6370229721069336,48258,13,1
1771866118.572961,228_3,228,das_work,5.261541366577148,48258,13,1
1771866118.597052,224_4,224,das_work,3.156688690185547,48258,13,1
1771866118.5976584,239_3,239,das_work,5.278601884841919,48258,13,1
1771866118.6086507,238_4,238,das_work,4.037834882736206,48258,13,1
1771866118.6200862,234_4,234,das_work,4.042807579040527,48258,13,1
1771866118.620853,222_4,222,das_work,6.60991644859314,48258,13,1
1771866118.6295552,236_3,236,das_work,13.196611404418944,48258,13,1
1771866118.6334364,210_3,210,das_work,8.577236652374268,48258,13,1
1771866118.63596,230_4,230,das_work,3.9626235961914062,48258,13,1
1771866118.6383529,233_3,233,das_work,6.1819703578948975,48258,13,1
1771866118.638564,218_3,218,das_work,5.588133096694946,48258,13,1
1771866118.6394775,232_4,232,das_work,2.9209229946136475,48258,13,1
1771866118.6412363,231_4,231,das_work,2.2685675621032715,48258,13,1
1771866118.6742356,216_4,216,das_work,6.9183876514434814,48258,13,1
1771866118.7028766,219_3,219,das_work,8.710080862045288,48258,13,1
1771866118.703688,223_2,223,das_work,12.270172595977783,48258,13,1
1771866130.4847908,233_4,233,das_work,4.760058403015137,48258,14,1
1771866130.4854436,218_4,218,das_work,5.485648155212402,48258,14,1
1771866130.4904742,212_4,212,das_work,1.0210402011871338,48258,14,1
1771866130.502562,217_3,217,das_work,12.854562282562256,48258,14,1
1771866130.5082724,239_4,239,das_work,9.363942384719849,48258,14,1
1771866130.509337,226_4,226,das_work,4.675221681594849,48258,14,1
1771866130.5153627,219_4,219,das_work,5.451151847839356,48258,14,1
1771866130.524281,210_4,210,das_work,0.9015603065490724,48258,14,1
1771866130.5283434,236_4,236,das_work,8.733701467514038,48258,14,1
1771866130.5304534,220_4,220,das_work,13.048975944519045,48258,14,1
1771866130.5337017,225_4,225,das_work,12.56234073638916,48258,14,1
1771866130.5466592,228_4,228,das_work,8.617919921875,48258,14,1
1771866130.5527854,227_4,227,das_work,8.711668014526367,48258,14,1
1771866130.5639424,223_3,223,das_work,5.132072925567627,48258,14,1
1771866130.573523,235_4,235,das_work,4.536222219467163,48258,14,1
1771866130.586631,213_4,213,das_work,6.090269565582275,48258,14,1
1771866142.3861065,217_4,217,das_work,3.177498579025269,48258,15,1
1771866142.3949609,223_4,223,das_work,5.135126113891602,48258,15,1
1771866070.41318,256_0,256,das_work,6.926915645599365,48258,9,1
1771866070.4198673,262_0,262,das_work,4.474936008453369,48258,9,1
1771866070.4239995,268_0,268,das_work,2.8692831993103027,48258,9,1
1771866070.42531,252_0,252,das_work,0.3338551521301269,48258,9,1
1771866070.4360929,257_0,257,das_work,3.873311042785645,48258,9,1
1771866070.4367695,247_0,247,das_work,4.35398006439209,48258,9,1
1771866070.4385765,243_0,243,das_work,1.2286391258239746,48258,9,1
1771866070.4390938,250_0,250,das_work,1.0486013889312744,48258,9,1
1771866070.440996,241_0,241,das_work,3.21602463722229,48258,9,1
1771866070.4453788,269_0,269,das_work,5.878725528717041,48258,9,1
1771866070.44698,267_0,267,das_work,2.657912015914917,48258,9,1
1771866070.448165,255_0,255,das_work,9.185846090316772,48258,9,1
1771866070.4491904,266_0,266,das_work,4.930335760116577,48258,9,1
1771866070.4498577,249_0,249,das_work,7.797937870025635,48258,9,1
1771866070.4555805,263_0,263,das_work,4.933597326278687,48258,9,1
1771866070.4629283,253_0,253,das_work,3.7758560180664062,48258,9,1
1771866070.4660487,260_0,260,das_work,2.6833736896514893,48258,9,1
1771866070.4734464,244_0,244,das_work,4.283144235610962,48258,9,1
1771866070.4768765,246_0,246,das_work,2.30795955657959,48258,9,1
1771866082.4935224,241_1,241,das_work,10.036296606063845,48258,10,1
1771866082.498725,269_1,269,das_work,10.497124671936035,48258,10,1
1771866082.4995725,258_0,258,das_work,3.3389806747436523,48258,10,1
1771866082.5023308,253_1,253,das_work,7.195895433425903,48258,10,1
1771866082.5028608,264_0,264,das_work,4.224171876907349,48258,10,1
1771866082.5035686,255_1,255,das_work,6.013917207717896,48258,10,1
1771866082.5076091,251_0,251,das_work,10.13476061820984,48258,10,1
1771866082.5108953,267_1,267,das_work,7.646404027938843,48258,10,1
1771866082.5136545,243_1,243,das_work,4.753921747207642,48258,10,1
1771866082.517037,262_1,262,das_work,5.924647331237793,48258,10,1
1771866082.5203257,248_0,248,das_work,4.721851110458374,48258,10,1
1771866082.5204732,252_1,252,das_work,2.883472442626953,48258,10,1
1771866082.541222,246_1,246,das_work,5.147972583770752,48258,10,1
1771866082.5490165,261_0,261,das_work,11.045338869094849,48258,10,1
1771866082.5523632,250_1,250,das_work,4.9830944538116455,48258,10,1
1771866082.5535195,266_1,266,das_work,6.004001140594482,48258,10,1
1771866082.5540729,268_1,268,das_work,1.5637118816375732,48258,10,1
1771866082.5634272,244_1,244,das_work,7.0801682472229,48258,10,1
1771866082.56648,254_0,254,das_work,8.003273963928223,48258,10,1
1771866082.5701332,260_1,260,das_work,7.849032402038574,48258,10,1
1771866082.5742784,263_1,263,das_work,4.390740633010864,48258,10,1
1771866082.575948,242_0,242,das_work,6.438410520553589,48258,10,1
1771866082.5909965,245_0,245,das_work,11.085929870605469,48258,10,1
1771866082.5948672,247_1,247,das_work,7.958266496658325,48258,10,1
1771866082.6078498,259_0,259,das_work,4.446289539337158,48258,10,1
1771866082.615708,257_1,257,das_work,8.217020750045776,48258,10,1
1771866082.617231,249_1,249,das_work,8.44209599494934,48258,10,1
1771866082.6203787,265_0,265,das_work,7.251412391662598,48258,10,1
1771866082.6205325,240_0,240,das_work,10.986854553222656,48258,10,1
1771866082.6219275,256_1,256,das_work,6.31272554397583,48258,10,1
1771866094.5559204,266_2,266,das_work,6.53016209602356,48258,11,1
1771866094.5566418,259_1,259,das_work,6.14971661567688,48258,11,1
1771866094.5673125,258_1,258,das_work,4.128951787948608,48258,11,1
1771866094.5703611,257_2,257,das_work,5.190904378890991,48258,11,1
1771866094.5721245,252_2,252,das_work,8.264678955078125,48258,11,1
1771866094.5750742,269_2,269,das_work,8.208361148834229,48258,11,1
1771866094.5816448,253_2,253,das_work,7.301925420761108,48258,11,1
1771866094.590047,247_2,247,das_work,4.8678741455078125,48258,11,1
1771866094.6114209,246_2,246,das_work,8.043888807296753,48258,11,1
1771866094.6220362,254_1,254,das_work,4.023774147033691,48258,11,1
1771866094.6263928,244_2,244,das_work,3.004079818725586,48258,11,1
1771866094.6318884,243_2,243,das_work,6.376721858978272,48258,11,1
1771866094.6333702,261_1,261,das_work,3.675512313842773,48258,11,1
1771866094.6436954,242_1,242,das_work,6.488408327102661,48258,11,1
1771866094.6601515,255_2,255,das_work,8.032106876373291,48258,11,1
1771866094.668105,249_2,249,das_work,5.726162910461426,48258,11,1
1771866094.668673,241_2,241,das_work,6.674301385879517,48258,11,1
1771866094.673046,263_2,263,das_work,8.410104751586914,48258,11,1
1771866094.673638,250_2,250,das_work,7.6627209186553955,48258,11,1
1771866094.6828587,267_2,267,das_work,6.834254741668701,48258,11,1
1771866094.684903,262_2,262,das_work,5.441848039627075,48258,11,1
1771866094.6866455,265_1,265,das_work,3.965810060501098,48258,11,1
1771866094.6902032,248_1,248,das_work,5.809232711791992,48258,11,1
1771866094.693405,260_2,260,das_work,5.001578569412232,48258,11,1
1771866094.694372,251_1,251,das_work,4.344317197799683,48258,11,1
1771866094.7003975,245_1,245,das_work,4.662468194961548,48258,11,1
1771866094.7027586,264_1,264,das_work,3.188945770263672,48258,11,1
1771866094.7101028,240_1,240,das_work,8.895870208740234,48258,11,1
1771866094.7275832,268_2,268,das_work,5.618786811828613,48258,11,1
1771866094.7340798,256_2,256,das_work,2.5771286487579346,48258,11,1
1771866106.579213,240_2,240,das_work,9.29546046257019,48258,12,1
1771866106.5808508,256_3,256,das_work,3.9578216075897217,48258,12,1
1771866106.5886862,244_3,244,das_work,5.724523067474365,48258,12,1
1771866106.592921,264_2,264,das_work,9.263400793075562,48258,12,1
1771866106.5935955,242_2,242,das_work,2.188366413116455,48258,12,1
1771866106.596056,266_3,266,das_work,4.905277490615845,48258,12,1
1771866106.6022434,250_3,250,das_work,4.458638668060303,48258,12,1
1771866106.6030746,246_3,246,das_work,5.495541095733643,48258,12,1
1771866106.6102295,258_2,258,das_work,9.196277856826782,48258,12,1
1771866106.6249082,254_2,254,das_work,3.176292657852173,48258,12,1
1771866106.629174,262_3,262,das_work,5.910818815231323,48258,12,1
1771866106.6338449,265_2,265,das_work,4.950218200683594,48258,12,1
1771866106.6378582,267_3,267,das_work,9.740944385528564,48258,12,1
1771866106.6381798,241_3,241,das_work,7.412883043289185,48258,12,1
1771866106.638348,251_2,251,das_work,5.908697128295898,48258,12,1
1771866106.642841,259_2,259,das_work,6.6914896965026855,48258,12,1
1771866106.6603315,247_3,247,das_work,6.369982957839966,48258,12,1
1771866106.689765,249_3,249,das_work,8.486449003219604,48258,12,1
1771866106.6937766,255_3,255,das_work,5.640292167663574,48258,12,1
1771866106.709444,263_3,263,das_work,4.379429578781128,48258,12,1
1771866106.7143242,243_3,243,das_work,3.206247329711914,48258,12,1
1771866106.721558,269_3,269,das_work,3.2719550132751465,48258,12,1
1771866106.7279365,245_2,245,das_work,3.5428037643432617,48258,12,1
1771866106.7313251,252_3,252,das_work,1.8221938610076904,48258,12,1
1771866106.7362342,268_3,268,das_work,5.33991289138794,48258,12,1
1771866106.7367969,260_3,260,das_work,8.641828775405884,48258,12,1
1771866106.7397246,248_2,248,das_work,9.249169826507568,48258,12,1
1771866106.7495768,253_3,253,das_work,5.701524972915649,48258,12,1
1771866106.767669,261_2,261,das_work,9.590290784835815,48258,12,1
1771866106.7905283,257_3,257,das_work,5.474256038665772,48258,12,1
1771866118.5437598,256_4,256,das_work,3.9360334873199454,48258,13,1
1771866118.545965,257_4,257,das_work,9.353443384170532,48258,13,1
1771866118.548301,248_3,248,das_work,5.65936803817749,48258,13,1
1771866118.5616484,250_4,250,das_work,6.154886722564697,48258,13,1
1771866118.5631332,243_4,243,das_work,7.193004131317139,48258,13,1
1771866118.5648584,245_3,245,das_work,7.629984855651855,48258,13,1
1771866118.5684032,262_4,262,das_work,5.180665016174316,48258,13,1
1771866118.5749776,251_3,251,das_work,4.636129140853882,48258,13,1
1771866118.5751286,253_4,253,das_work,3.8535664081573486,48258,13,1
1771866118.5949607,267_4,267,das_work,6.960062980651856,48258,13,1
1771866118.5956385,268_4,268,das_work,6.891623973846436,48258,13,1
1771866118.5989342,241_4,241,das_work,5.7037513256073,48258,13,1
1771866118.6003945,264_3,264,das_work,1.8218183517456052,48258,13,1
1771866118.604853,258_3,258,das_work,5.425160646438599,48258,13,1
1771866118.6078432,263_4,263,das_work,2.5431525707244877,48258,13,1
1771866118.6121943,265_3,265,das_work,5.075174570083618,48258,13,1
1771866118.615693,240_3,240,das_work,1.5292787551879885,48258,13,1
1771866118.617657,259_3,259,das_work,4.848366975784302,48258,13,1
1771866118.6290843,252_4,252,das_work,6.184713840484619,48258,13,1
1771866118.6373208,254_3,254,das_work,6.967364311218262,48258,13,1
1771866118.640619,269_4,269,das_work,8.099528074264526,48258,13,1
1771866118.6438997,244_4,244,das_work,8.871267795562744,48258,13,1
1771866118.6563635,247_4,247,das_work,5.349670648574829,48258,13,1
1771866118.6808696,260_4,260,das_work,8.487035512924194,48258,13,1
1771866118.6934466,246_4,246,das_work,5.808064937591553,48258,13,1
1771866118.6940465,242_3,242,das_work,9.64538025856018,48258,13,1
1771866118.6992564,266_4,266,das_work,4.76228666305542,48258,13,1
1771866118.7033682,249_4,249,das_work,1.837440490722656,48258,13,1
1771866118.704872,255_4,255,das_work,8.31572437286377,48258,13,1
1771866130.4849055,265_4,265,das_work,2.180026769638061,48258,14,1
1771866130.4893358,258_4,258,das_work,2.8976964950561523,48258,14,1
1771866130.4968424,261_3,261,das_work,12.405566930770874,48258,14,1
1771866130.5205147,248_4,248,das_work,8.743165969848633,48258,14,1
1771866130.5213623,242_4,242,das_work,4.620375633239746,48258,14,1
1771866130.5311491,251_4,251,das_work,7.1742212772369385,48258,14,1
1771866130.532003,254_4,254,das_work,2.1750288009643555,48258,14,1
1771866130.5352106,259_4,259,das_work,8.316652297973633,48258,14,1
1771866130.535765,264_4,264,das_work,6.676949977874756,48258,14,1
1771866130.5678475,245_4,245,das_work,2.072613477706909,48258,14,1
1771866130.5787878,240_4,240,das_work,9.050638437271118,48258,14,1
1771866142.3931782,261_4,261,das_work,5.751670598983765,48258,15,1
1771866070.4088423,299_0,299,das_work,6.807647466659546,48258,9,1
1771866070.4104753,293_0,293,das_work,1.3294615745544434,48258,9,1
1771866070.4247577,298_0,298,das_work,3.3460872173309326,48258,9,1
1771866070.4253662,281_0,281,das_work,1.3494656085968018,48258,9,1
1771866070.4278884,283_0,283,das_work,0.7722628116607666,48258,9,1
1771866070.4387653,295_0,295,das_work,5.710069894790649,48258,9,1
1771866070.4475484,271_0,271,das_work,6.712464094161987,48258,9,1
1771866070.4525952,296_0,296,das_work,0.9441041946411132,48258,9,1
1771866070.4531653,289_0,289,das_work,2.311734676361084,48258,9,1
1771866070.4586377,285_0,285,das_work,5.815608978271484,48258,9,1
1771866070.459239,284_0,284,das_work,3.9245269298553462,48258,9,1
1771866070.4645593,272_0,272,das_work,7.736938953399658,48258,9,1
1771866070.479419,280_0,280,das_work,4.02178692817688,48258,9,1
1771866082.4936142,283_1,283,das_work,6.27696704864502,48258,10,1
1771866082.496523,271_1,271,das_work,6.54330325126648,48258,10,1
1771866082.5019002,291_0,291,das_work,6.755412578582764,48258,10,1
1771866082.5056355,275_0,275,das_work,9.209440231323242,48258,10,1
1771866082.5068245,292_0,292,das_work,5.574889659881592,48258,10,1
1771866082.5119886,270_0,270,das_work,9.914161920547484,48258,10,1
1771866082.5173538,293_1,293,das_work,7.168712377548218,48258,10,1
1771866082.517956,289_1,289,das_work,6.549843788146973,48258,10,1
1771866082.5208304,297_0,297,das_work,10.301138639450071,48258,10,1
1771866082.5230308,285_1,285,das_work,9.96403956413269,48258,10,1
1771866082.5238435,280_1,280,das_work,4.929604530334473,48258,10,1
1771866082.5250316,281_1,281,das_work,6.790652751922607,48258,10,1
1771866082.5305052,277_0,277,das_work,11.269256591796877,48258,10,1
1771866082.531505,298_1,298,das_work,7.265534162521362,48258,10,1
1771866082.5414338,294_0,294,das_work,12.16507649421692,48258,10,1
1771866082.5434604,287_0,287,das_work,4.631030559539795,48258,10,1
1771866082.566869,274_0,274,das_work,6.831645727157593,48258,10,1
1771866082.590537,272_1,272,das_work,3.439396381378174,48258,10,1
1771866082.5954187,278_0,278,das_work,6.48686957359314,48258,10,1
1771866082.6084394,279_0,279,das_work,10.47027039527893,48258,10,1
1771866082.6145687,295_1,295,das_work,5.013270616531372,48258,10,1
1771866082.6151297,299_1,299,das_work,3.7536463737487793,48258,10,1
1771866082.623937,282_0,282,das_work,4.602685928344727,48258,10,1
1771866082.6256237,286_0,286,das_work,9.61166214942932,48258,10,1
1771866082.629199,273_0,273,das_work,3.205345869064331,48258,10,1
1771866082.6309826,296_1,296,das_work,4.600896835327148,48258,10,1
1771866082.6315422,288_0,288,das_work,11.2883038520813,48258,10,1
1771866082.631739,276_0,276,das_work,11.478355884552002,48258,10,1
1771866082.632642,290_0,290,das_work,8.713967323303223,48258,10,1
1771866082.633613,284_1,284,das_work,4.80244779586792,48258,10,1
1771866094.5675275,298_2,298,das_work,9.537580490112305,48258,11,1
1771866094.5713525,271_2,271,das_work,9.09329628944397,48258,11,1
1771866094.5727067,277_1,277,das_work,1.3894047737121582,48258,11,1
1771866094.5746157,275_1,275,das_work,5.171324968338013,48258,11,1
1771866094.5840983,295_2,295,das_work,7.438379764556885,48258,11,1
1771866094.588457,279_1,279,das_work,6.0008063316345215,48258,11,1
1771866094.5895448,297_1,297,das_work,2.2919375896453857,48258,11,1
1771866094.602907,296_2,296,das_work,8.5661141872406,48258,11,1
1771866094.6133845,287_1,287,das_work,5.137402296066284,48258,11,1
1771866094.6140816,284_2,284,das_work,5.763798952102661,48258,11,1
1771866094.617328,283_2,283,das_work,9.261675357818604,48258,11,1
1771866094.618639,289_2,289,das_work,6.295795679092407,48258,11,1
1771866094.6233966,292_1,292,das_work,7.770875453948975,48258,11,1
1771866094.6270185,278_1,278,das_work,4.532527446746826,48258,11,1
1771866094.6332276,276_1,276,das_work,3.824608564376831,48258,11,1
1771866094.6338775,294_1,294,das_work,10.004680156707764,48258,11,1
1771866094.6362245,288_1,288,das_work,8.60178279876709,48258,11,1
1771866094.6417608,272_2,272,das_work,5.483933448791504,48258,11,1
1771866094.642933,291_1,291,das_work,9.26600193977356,48258,11,1
1771866094.653344,273_1,273,das_work,5.701761245727539,48258,11,1
1771866094.6564565,270_1,270,das_work,8.585576057434082,48258,11,1
1771866094.6574008,274_1,274,das_work,7.410452842712402,48258,11,1
1771866094.6723406,285_2,285,das_work,5.190453767776489,48258,11,1
1771866094.6808903,290_1,290,das_work,4.474985361099243,48258,11,1
1771866094.6845534,281_2,281,das_work,8.471544981002808,48258,11,1
1771866094.7155595,286_1,286,das_work,4.320821523666382,48258,11,1
1771866106.5718758,283_3,283,das_work,9.487091302871704,48258,12,1
1771866106.572532,293_2,293,das_work,13.140877485275269,48258,12,1
1771866106.5759225,299_2,299,das_work,13.264887809753418,48258,12,1
1771866106.5905943,289_3,289,das_work,5.513611555099487,48258,12,1
1771866106.594205,285_3,285,das_work,5.788014650344849,48258,12,1
1771866106.6095843,296_3,296,das_work,8.434568643569946,48258,12,1
1771866106.612931,284_3,284,das_work,8.88301968574524,48258,12,1
1771866106.6440654,282_1,282,das_work,13.107126712799072,48258,12,1
1771866106.6485128,274_2,274,das_work,8.45204496383667,48258,12,1
1771866106.6490932,272_3,272,das_work,2.4727225303649902,48258,12,1
1771866106.651365,271_3,271,das_work,9.046833038330078,48258,12,1
1771866106.6553798,270_2,270,das_work,8.762634754180908,48258,12,1
1771866106.656241,294_2,294,das_work,7.39035177230835,48258,12,1
1771866106.6702995,287_2,287,das_work,2.2516138553619385,48258,12,1
1771866106.6705024,279_2,279,das_work,8.980286598205566,48258,12,1
1771866106.673348,288_2,288,das_work,5.030546426773071,48258,12,1
1771866106.6796148,280_2,280,das_work,13.210371255874634,48258,12,1
1771866106.6849616,277_2,277,das_work,3.294365167617798,48258,12,1
1771866106.6992958,273_2,273,das_work,3.144364356994629,48258,12,1
1771866106.706614,276_2,276,das_work,5.856036186218262,48258,12,1
1771866106.7103105,278_2,278,das_work,2.6052916049957275,48258,12,1
1771866106.721485,295_3,295,das_work,6.644956827163696,48258,12,1
1771866106.723519,275_2,275,das_work,4.503993511199951,48258,12,1
1771866106.7261367,298_3,298,das_work,5.374781370162964,48258,12,1
1771866106.7311907,286_2,286,das_work,4.493377685546875,48258,12,1
1771866106.7388787,292_2,292,das_work,2.9758546352386475,48258,12,1
1771866106.7481997,281_3,281,das_work,7.159814119338989,48258,12,1
1771866106.8018954,291_2,291,das_work,4.725970268249512,48258,12,1
1771866106.802277,290_2,290,das_work,1.754981279373169,48258,12,1
1771866118.5441306,285_4,285,das_work,6.038295030593872,48258,13,1
1771866118.545019,287_3,287,das_work,5.832690477371216,48258,13,1
1771866118.557391,295_4,295,das_work,1.603065013885498,48258,13,1
1771866118.5580037,283_4,283,das_work,6.503406763076782,48258,13,1
1771866118.5697467,299_3,299,das_work,9.713215351104736,48258,13,1
1771866118.5712688,272_4,272,das_work,9.106067895889282,48258,13,1
1771866118.575088,282_2,282,das_work,4.231432676315308,48258,13,1
1771866118.578941,288_3,288,das_work,8.581474304199219,48258,13,1
1771866118.5811062,294_3,294,das_work,3.7866227626800537,48258,13,1
1771866118.582483,297_2,297,das_work,13.471690893173218,48258,13,1
1771866118.588396,298_4,298,das_work,7.445419549942017,48258,13,1
1771866118.6006358,281_4,281,das_work,3.668632984161377,48258,13,1
1771866118.604058,284_4,284,das_work,2.6446852684021,48258,13,1
1771866118.604812,291_3,291,das_work,8.215503692626953,48258,13,1
1771866118.6076972,292_3,292,das_work,5.892328977584839,48258,13,1
1771866118.6097026,278_3,278,das_work,3.527571439743042,48258,13,1
1771866118.6279051,290_3,290,das_work,3.622863531112671,48258,13,1
1771866118.641592,273_3,273,das_work,5.988909721374512,48258,13,1
1771866118.6423695,277_3,277,das_work,8.357142925262451,48258,13,1
1771866118.646909,276_3,276,das_work,8.111386775970459,48258,13,1
1771866118.6625278,296_4,296,das_work,6.461681365966797,48258,13,1
1771866118.670202,280_3,280,das_work,1.4374334812164309,48258,13,1
1771866118.6860583,289_4,289,das_work,2.879108667373657,48258,13,1
1771866118.6901524,275_3,275,das_work,4.461981534957886,48258,13,1
1771866118.690903,274_3,274,das_work,9.200679540634155,48258,13,1
1771866118.69524,286_3,286,das_work,4.368929862976074,48258,13,1
1771866118.6991224,270_3,270,das_work,5.7574732303619385,48258,13,1
1771866118.7006643,271_4,271,das_work,2.551962852478028,48258,13,1
1771866118.7039096,293_3,293,das_work,1.3312208652496338,48258,13,1
1771866130.4880264,270_4,270,das_work,4.739321231842041,48258,14,1
1771866130.488617,273_4,273,das_work,7.392736434936523,48258,14,1
1771866130.488875,276_4,276,das_work,9.287707567214966,48258,14,1
1771866130.489023,286_4,286,das_work,3.099853754043579,48258,14,1
1771866130.5183644,294_4,294,das_work,0.6233594417572021,48258,14,1
1771866130.5220156,278_4,278,das_work,5.162569284439087,48258,14,1
1771866130.5234575,282_3,282,das_work,8.448288440704346,48258,14,1
1771866130.5319746,279_3,279,das_work,12.775733947753906,48258,14,1
1771866130.5326548,274_4,274,das_work,3.3475730419158936,48258,14,1
1771866130.53397,292_4,292,das_work,5.109342575073242,48258,14,1
1771866130.540537,293_4,293,das_work,6.74129581451416,48258,14,1
1771866130.5515203,291_4,291,das_work,2.325721263885498,48258,14,1
1771866130.566236,280_4,280,das_work,4.654185056686401,48258,14,1
1771866130.567782,287_4,287,das_work,6.323262691497803,48258,14,1
1771866130.568469,288_4,288,das_work,4.00370192527771,48258,14,1
1771866130.5688026,297_3,297,das_work,3.083436727523804,48258,14,1
1771866130.5716865,299_4,299,das_work,3.581127166748047,48258,14,1
1771866130.5728238,290_4,290,das_work,2.186689138412476,48258,14,1
1771866130.5766895,277_4,277,das_work,9.081414937973022,48258,14,1
1771866130.580187,275_4,275,das_work,1.2764089107513428,48258,14,1
1771866142.3751583,279_4,279,das_work,3.355788469314575,48258,15,1
1771866142.3839855,297_4,297,das_work,4.307263374328613,48258,15,1
1771866142.398613,282_4,282,das_work,7.179642677307129,48258,15,1
