timestamp,journey_id,worker_id,tx_type,latency_s,gas_used,block_number,status
1770223137.4293675,1_0,1,das_work,4.447094917297363,60058,7,1
1770223137.460067,9_0,9,das_work,3.948042392730713,60058,7,1
1770223137.4608335,4_0,4,das_work,2.807134866714477,60058,7,1
1770223137.461142,7_0,7,das_work,2.32511043548584,60058,7,1
1770223151.0347457,8_0,8,das_work,12.564746379852297,60058,8,1
1770223151.035181,9_1,9,das_work,11.89037537574768,60058,8,1
1770223151.0941267,0_0,0,das_work,13.279690265655518,60058,8,1
1770223151.094326,7_1,7,das_work,12.462225437164308,60058,8,1
1770223151.0945752,2_0,2,das_work,6.573046684265137,60058,8,1
1770223151.0954669,5_0,5,das_work,3.7099342346191406,60058,8,1
1770223151.0957303,6_0,6,das_work,9.033994436264038,60058,8,1
1770223151.119367,3_0,3,das_work,13.503124713897703,60058,8,1
1770223151.1197636,4_1,4,das_work,12.075276851654053,60058,8,1
1770223151.1199667,1_1,1,das_work,13.167887687683104,60058,8,1
1770223166.633329,5_1,5,das_work,13.774029731750488,60058,9,1
1770223166.633618,2_1,2,das_work,14.852837800979614,60058,9,1
1770223166.6360383,9_2,9,das_work,14.41355800628662,60058,9,1
1770223166.637857,4_2,4,das_work,14.525330543518066,60058,9,1
1770223166.638265,1_2,1,das_work,13.90866994857788,60058,9,1
1770223166.694285,8_1,8,das_work,14.715701341629028,60058,9,1
1770223166.6944633,6_1,6,das_work,14.832980155944824,60058,9,1
1770223166.6977472,3_1,3,das_work,14.620659828186035,60058,9,1
1770223166.6979823,0_1,0,das_work,14.684584140777588,60058,9,1
1770223166.6982982,7_2,7,das_work,14.766703844070436,60058,9,1
1770223185.0491686,9_3,9,das_work,16.9482638835907,60058,10,1
1770223185.051731,6_2,6,das_work,16.815266609191895,60058,10,1
1770223185.0520036,5_2,5,das_work,16.715688228607178,60058,10,1
1770223185.053661,8_2,8,das_work,16.37048029899597,60058,10,1
1770223185.0541575,2_2,2,das_work,16.820714473724365,60058,10,1
1770223185.0544755,1_3,1,das_work,16.63229990005493,60058,10,1
1770223185.0546737,7_3,7,das_work,16.529696702957153,60058,10,1
1770223185.055039,3_2,3,das_work,17.70289158821106,60058,10,1
1770223185.0552492,0_2,0,das_work,17.453218460083008,60058,10,1
1770223185.05555,4_3,4,das_work,16.429466724395752,60058,10,1
1770223206.8765068,3_3,3,das_work,20.149123191833496,60058,11,1
1770223206.8767493,8_3,8,das_work,21.069920778274536,60058,11,1
1770223206.963456,0_3,0,das_work,20.250075101852417,60058,11,1
1770223206.9667008,9_4,9,das_work,20.638870000839237,60058,11,1
1770223206.971394,6_3,6,das_work,21.06127882003784,60058,11,1
1770223206.9800203,2_3,2,das_work,20.364825963974,60058,11,1
1770223206.981614,5_3,5,das_work,20.184759616851807,60058,11,1
1770223206.983203,7_4,7,das_work,20.40620732307434,60058,11,1
1770223207.0037413,1_4,1,das_work,20.39404249191284,60058,11,1
1770223207.0065985,4_4,4,das_work,21.42862224578857,60058,11,1
1770223232.496552,6_4,6,das_work,24.3298454284668,60058,12,1
1770223232.5058784,8_4,8,das_work,24.156107425689697,60058,12,1
1770223232.51254,0_4,0,das_work,24.90391755104065,60058,12,1
1770223232.5300922,2_4,2,das_work,24.53521013259888,60058,12,1
1770223232.5475357,3_4,3,das_work,24.066222190856934,60058,12,1
1770223232.5580437,5_4,5,das_work,23.66215467453003,60058,12,1
1770223166.6364748,107_0,107,das_work,4.459417104721069,60058,9,1
1770223166.6366894,109_0,109,das_work,4.6655097007751465,60058,9,1
1770223166.6385472,101_0,101,das_work,7.040924549102783,60058,9,1
1770223166.6389124,100_0,100,das_work,12.858358383178713,60058,9,1
1770223166.6959913,103_0,103,das_work,7.078524827957153,60058,9,1
1770223166.697071,104_0,104,das_work,8.685630559921265,60058,9,1
1770223166.697955,108_0,108,das_work,9.11312985420227,60058,9,1
1770223166.6986687,102_0,102,das_work,7.163336277008057,60058,9,1
1770223166.69939,106_0,106,das_work,12.321833610534668,60058,9,1
1770223185.022637,100_1,100,das_work,17.47329831123352,60058,10,1
1770223185.0228772,103_1,103,das_work,17.65650463104248,60058,10,1
1770223185.0272343,109_1,109,das_work,17.158663272857666,60058,10,1
1770223185.028054,107_1,107,das_work,17.81552529335022,60058,10,1
1770223185.0302098,104_1,104,das_work,16.583457469940186,60058,10,1
1770223185.0330772,106_1,106,das_work,16.73798894882202,60058,10,1
1770223185.0381956,102_1,102,das_work,17.612245082855225,60058,10,1
1770223185.0397935,108_1,108,das_work,17.532231092453003,60058,10,1
1770223185.0471156,101_1,101,das_work,17.443567514419556,60058,10,1
1770223206.958098,107_2,107,das_work,20.342901468276978,60058,11,1
1770223206.9617827,100_2,100,das_work,20.85704803466797,60058,11,1
1770223206.9715216,102_2,102,das_work,21.27331852912903,60058,11,1
1770223206.9815085,104_2,104,das_work,20.10886240005493,60058,11,1
1770223206.983383,106_2,106,das_work,20.60127592086792,60058,11,1
1770223206.9916203,101_2,101,das_work,21.22938179969788,60058,11,1
1770223207.0004456,108_2,108,das_work,20.89051866531372,60058,11,1
1770223207.0033722,109_2,109,das_work,20.09469699859619,60058,11,1
1770223207.007404,103_2,103,das_work,20.316298246383667,60058,11,1
1770223232.5055766,102_3,102,das_work,23.96144270896912,60058,12,1
1770223232.5284312,104_3,104,das_work,24.086599111557007,60058,12,1
1770223232.548741,106_3,106,das_work,24.81416964530945,60058,12,1
1770223232.5581908,107_3,107,das_work,24.25162982940674,60058,12,1
1770223232.573141,100_3,100,das_work,24.362897396087646,60058,12,1
1770223232.5776775,101_3,101,das_work,23.66005849838257,60058,12,1
1770223232.578376,103_3,103,das_work,23.68458032608032,60058,12,1
1770223232.5789216,109_3,109,das_work,24.417689323425293,60058,12,1
1770223232.5791264,108_3,108,das_work,24.21729063987732,60058,12,1
1770223256.6383767,101_4,101,das_work,22.657371044158936,60058,13,1
1770223256.656494,107_4,107,das_work,22.371930837631226,60058,13,1
1770223256.6623092,100_4,100,das_work,22.55920004844665,60058,13,1
1770223256.6797192,108_4,108,das_work,23.451870679855347,60058,13,1
1770223256.6907525,102_4,102,das_work,22.420573234558105,60058,13,1
1770223256.6909654,103_4,103,das_work,23.24028992652893,60058,13,1
1770223256.6924684,109_4,109,das_work,22.276512384414676,60058,13,1
1770223256.7097695,104_4,104,das_work,22.518367528915405,60058,13,1
1770223256.7109668,106_4,106,das_work,22.65976905822754,60058,13,1
1770223294.3325336,105_0,105,das_work,129.99270749092102,60058,15,1
1770223310.991109,105_1,105,das_work,15.87517786026001,60058,16,1
1770223326.984688,105_2,105,das_work,15.388145446777344,60058,17,1
1770223341.3617933,105_3,105,das_work,13.658604860305786,60058,18,1
1770223357.3361304,105_4,105,das_work,14.281213998794556,60058,19,1
1770223166.6244812,118_0,118,das_work,7.672199726104736,60058,9,1
1770223166.6937227,116_0,116,das_work,5.099414825439453,60058,9,1
1770223166.694585,112_0,112,das_work,10.89112138748169,60058,9,1
1770223166.6997132,119_0,119,das_work,7.079682111740112,60058,9,1
1770223166.700536,117_0,117,das_work,6.886546850204468,60058,9,1
1770223166.702113,114_0,114,das_work,8.514839887619019,60058,9,1
1770223166.7023947,110_0,110,das_work,10.827414512634276,60058,9,1
1770223185.0384524,114_1,114,das_work,16.414358377456665,60058,10,1
1770223185.0409522,119_1,119,das_work,17.454874753952026,60058,10,1
1770223185.0417342,112_1,112,das_work,17.08573031425476,60058,10,1
1770223185.0481403,118_1,118,das_work,17.159026861190796,60058,10,1
1770223185.048714,117_1,117,das_work,17.188680410385132,60058,10,1
1770223185.049013,116_1,116,das_work,16.614832639694214,60058,10,1
1770223185.0492978,110_1,110,das_work,16.401613235473633,60058,10,1
1770223206.9552133,116_2,116,das_work,21.119234085083008,60058,11,1
1770223206.990422,118_2,118,das_work,20.911030769348145,60058,11,1
1770223206.990791,110_2,110,das_work,20.46947860717773,60058,11,1
1770223206.9910078,112_2,112,das_work,20.247089862823486,60058,11,1
1770223206.9911964,114_2,114,das_work,20.3925678730011,60058,11,1
1770223206.9913833,119_2,119,das_work,21.439552783966064,60058,11,1
1770223206.9916613,117_2,117,das_work,19.97236657142639,60058,11,1
1770223232.5062528,112_3,112,das_work,24.53264212608337,60058,12,1
1770223232.5087676,117_3,117,das_work,23.573167085647583,60058,12,1
1770223232.5261424,118_3,118,das_work,25.00322413444519,60058,12,1
1770223232.528253,110_3,110,das_work,24.41937375068665,60058,12,1
1770223232.5349772,114_3,114,das_work,24.174673080444336,60058,12,1
1770223232.5525205,119_3,119,das_work,24.919055938720703,60058,12,1
1770223232.5570688,116_3,116,das_work,25.019209384918213,60058,12,1
1770223256.64375,110_4,110,das_work,23.0334734916687,60058,13,1
1770223256.6448028,117_4,117,das_work,22.645694732666016,60058,13,1
1770223256.6714838,112_4,112,das_work,22.708685398101807,60058,13,1
1770223256.6787865,116_4,116,das_work,23.580682277679443,60058,13,1
1770223256.684206,114_4,114,das_work,22.239946126937863,60058,13,1
1770223256.6900694,118_4,118,das_work,23.001511096954346,60058,13,1
1770223256.6932025,119_4,119,das_work,22.47954130172729,60058,13,1
1770223294.363068,111_0,111,das_work,129.414404630661,60058,15,1
1770223294.3738286,113_0,113,das_work,128.45191478729248,60058,15,1
1770223294.3741026,115_0,115,das_work,130.06856298446655,60058,15,1
1770223310.992046,111_1,111,das_work,15.57037615776062,60058,16,1
1770223311.0000942,113_1,113,das_work,15.079910516738892,60058,16,1
1770223311.0050848,115_1,115,das_work,14.737571716308594,60058,16,1
1770223326.915745,115_2,115,das_work,14.221396207809448,60058,17,1
1770223326.9173248,113_2,113,das_work,14.966156721115112,60058,17,1
1770223326.917532,111_2,111,das_work,14.464622020721436,60058,17,1
1770223341.362359,113_3,113,das_work,13.200387716293337,60058,18,1
1770223341.3691697,111_3,111,das_work,12.892010927200316,60058,18,1
1770223341.3693604,115_3,115,das_work,13.46622920036316,60058,18,1
1770223357.277089,115_4,115,das_work,14.69814419746399,60058,19,1
1770223357.341647,113_4,113,das_work,15.129992485046388,60058,19,1
1770223357.342193,111_4,111,das_work,15.184754848480225,60058,19,1
1770223166.6239564,129_0,129,das_work,8.967009544372559,60058,9,1
1770223185.0209506,121_0,121,das_work,16.157490491867065,60058,10,1
1770223185.0237267,125_0,125,das_work,13.589988470077516,60058,10,1
1770223185.031498,123_0,123,das_work,14.753944873809814,60058,10,1
1770223185.0350792,120_0,120,das_work,18.405812740325928,60058,10,1
1770223185.0367815,129_1,129,das_work,17.03822636604309,60058,10,1
1770223185.0413766,126_0,126,das_work,16.39825701713562,60058,10,1
1770223185.0421672,127_0,127,das_work,14.968628883361816,60058,10,1
1770223206.9592433,129_2,129,das_work,21.037620544433597,60058,11,1
1770223206.959551,120_1,120,das_work,20.39608120918274,60058,11,1
1770223206.9623127,125_1,125,das_work,19.94353175163269,60058,11,1
1770223206.965175,123_1,123,das_work,20.59153938293457,60058,11,1
1770223206.9711747,127_1,127,das_work,21.264496326446533,60058,11,1
1770223206.9912968,121_1,121,das_work,21.3672194480896,60058,11,1
1770223206.9995794,126_1,126,das_work,21.18013048171997,60058,11,1
1770223232.4951982,121_2,121,das_work,23.933481216430664,60058,12,1
1770223232.5005617,120_2,120,das_work,23.566851377487183,60058,12,1
1770223232.5260952,129_3,129,das_work,25.010780572891235,60058,12,1
1770223232.5289297,126_2,126,das_work,24.370783805847168,60058,12,1
1770223232.5347593,125_2,125,das_work,24.01857829093933,60058,12,1
1770223232.5723183,127_2,127,das_work,24.244073152542114,60058,12,1
1770223232.5734274,123_2,123,das_work,24.080662965774536,60058,12,1
1770223256.641421,121_3,121,das_work,23.255229234695435,60058,13,1
1770223256.654069,126_3,126,das_work,23.312344074249268,60058,13,1
1770223256.6711218,127_3,127,das_work,22.648443698883057,60058,13,1
1770223256.677845,125_3,125,das_work,22.339727640151978,60058,13,1
1770223256.6820102,129_4,129,das_work,23.500324249267575,60058,13,1
1770223256.7095826,123_3,123,das_work,23.029033184051517,60058,13,1
1770223256.7109828,120_3,120,das_work,23.50572896003723,60058,13,1
1770223276.4642012,127_4,127,das_work,18.510581016540527,60058,14,1
1770223276.4985375,121_4,121,das_work,19.181377410888672,60058,14,1
1770223276.5003014,123_4,123,das_work,18.137532472610477,60058,14,1
1770223276.5078363,120_4,120,das_work,19.25222635269165,60058,14,1
1770223276.5173028,126_4,126,das_work,17.98750591278076,60058,14,1
1770223276.5176,125_4,125,das_work,18.43107533454895,60058,14,1
1770223294.3324842,122_0,122,das_work,128.8690845966339,60058,15,1
1770223294.368333,128_0,128,das_work,128.3146915435791,60058,15,1
1770223294.3723595,124_0,124,das_work,130.00642895698547,60058,15,1
1770223310.999531,122_1,122,das_work,15.380817651748655,60058,16,1
1770223311.002523,128_1,128,das_work,15.228498220443726,60058,16,1
1770223311.006079,124_1,124,das_work,15.489107847213743,60058,16,1
1770223326.8863792,124_2,124,das_work,15.118775844573976,60058,17,1
1770223326.8869593,122_2,122,das_work,14.263354301452637,60058,17,1
1770223326.887169,128_2,128,das_work,15.210659265518188,60058,17,1
1770223341.3691912,124_3,124,das_work,13.346643447875977,60058,18,1
1770223341.3700051,122_3,122,das_work,13.386526823043823,60058,18,1
1770223341.3703153,128_3,128,das_work,13.803609371185305,60058,18,1
1770223357.2812295,128_4,128,das_work,15.401660203933716,60058,19,1
1770223357.3426485,124_4,124,das_work,14.857096672058104,60058,19,1
1770223357.3429885,122_4,122,das_work,14.148196458816528,60058,19,1
1770223166.6311471,133_0,133,das_work,6.409740447998047,60058,9,1
1770223166.6390295,131_0,131,das_work,5.391916990280151,60058,9,1
1770223166.6393752,138_0,138,das_work,6.182187080383301,60058,9,1
1770223166.640516,132_0,132,das_work,6.911929368972778,60058,9,1
1770223166.64071,136_0,136,das_work,7.131742715835571,60058,9,1
1770223166.6932042,139_0,139,das_work,5.344559192657471,60058,9,1
1770223184.9132798,130_0,130,das_work,12.329512357711792,60058,10,1
1770223185.0301492,138_1,138,das_work,17.34407877922058,60058,10,1
1770223185.0339231,131_1,131,das_work,17.125311136245728,60058,10,1
1770223185.035709,132_1,132,das_work,17.2573561668396,60058,10,1
1770223185.0416908,133_1,133,das_work,16.83301043510437,60058,10,1
1770223185.042619,136_1,136,das_work,16.478591680526733,60058,10,1
1770223185.0435393,139_1,139,das_work,17.688787937164307,60058,10,1
1770223185.04395,137_0,137,das_work,18.646902084350582,60058,10,1
1770223206.9547322,133_2,133,das_work,20.123780012130737,60058,11,1
1770223206.9593363,136_2,136,das_work,20.71994638442993,60058,11,1
1770223206.9609756,138_2,138,das_work,20.151159286499023,60058,11,1
1770223206.9781775,131_2,131,das_work,19.975899696350098,60058,11,1
1770223206.9925995,139_2,139,das_work,20.42145609855652,60058,11,1
1770223207.0037796,130_1,130,das_work,21.21052718162537,60058,11,1
1770223207.005454,137_1,137,das_work,21.23420238494873,60058,11,1
1770223207.0081866,132_2,132,das_work,20.18324613571167,60058,11,1
1770223232.4963188,132_3,132,das_work,23.854139804840088,60058,12,1
1770223232.5024586,139_3,139,das_work,24.814711809158325,60058,12,1
1770223232.5161269,133_3,133,das_work,24.854225635528564,60058,12,1
1770223232.5217624,138_3,138,das_work,24.21134924888611,60058,12,1
1770223232.547012,131_3,131,das_work,24.923121213912964,60058,12,1
1770223232.5582623,136_3,136,das_work,24.05697250366211,60058,12,1
1770223232.5746615,137_2,137,das_work,23.77464747428894,60058,12,1
1770223232.574978,130_2,130,das_work,24.78962635993957,60058,12,1
1770223256.6626122,132_4,132,das_work,23.37261700630188,60058,13,1
1770223256.664085,130_3,130,das_work,22.290082216262817,60058,13,1
1770223256.6724184,137_3,137,das_work,22.85497117042541,60058,13,1
1770223256.6786182,136_4,136,das_work,22.93772554397583,60058,13,1
1770223256.6836803,131_4,131,das_work,22.36553645133972,60058,13,1
1770223256.691927,138_4,138,das_work,22.35030579566956,60058,13,1
1770223256.709972,139_4,139,das_work,22.36735248565674,60058,13,1
1770223256.7110434,133_4,133,das_work,22.38346552848816,60058,13,1
1770223276.460968,137_4,137,das_work,17.927729606628418,60058,14,1
1770223276.4832022,130_4,130,das_work,18.612081050872803,60058,14,1
1770223294.3667972,134_0,134,das_work,129.60171794891355,60058,15,1
1770223294.3698485,135_0,135,das_work,130.00444746017456,60058,15,1
1770223310.994403,134_1,134,das_work,14.796097755432127,60058,16,1
1770223310.9996145,135_1,135,das_work,15.6415696144104,60058,16,1
1770223326.88441,134_2,134,das_work,14.058511018753052,60058,17,1
1770223326.8846428,135_2,135,das_work,15.102489471435549,60058,17,1
1770223341.365987,134_3,134,das_work,13.743340253829956,60058,18,1
1770223341.3662913,135_3,135,das_work,12.83303952217102,60058,18,1
1770223357.3383338,134_4,134,das_work,15.122551679611206,60058,19,1
1770223357.341494,135_4,135,das_work,14.446128368377686,60058,19,1
1770223166.6929133,148_0,148,das_work,4.483627080917358,60058,9,1
1770223184.9140785,145_0,145,das_work,10.402419090270996,60058,10,1
1770223185.0262232,142_0,142,das_work,10.851961612701416,60058,10,1
1770223185.027998,146_0,146,das_work,22.075249433517456,60058,10,1
1770223185.0319042,140_0,140,das_work,16.03171467781067,60058,10,1
1770223185.0322573,147_0,147,das_work,14.430416584014893,60058,10,1
1770223185.0338998,148_1,148,das_work,16.86559820175171,60058,10,1
1770223185.0364213,141_0,141,das_work,9.609757661819458,60058,10,1
1770223185.0401473,143_0,143,das_work,17.386805295944214,60058,10,1
1770223206.9654813,141_1,141,das_work,20.47072577476501,60058,11,1
1770223206.9659193,142_1,142,das_work,21.15955686569214,60058,11,1
1770223206.9670944,143_1,143,das_work,20.32586646080017,60058,11,1
1770223206.9812405,140_1,140,das_work,20.273621559143063,60058,11,1
1770223206.9814577,147_1,147,das_work,19.95464873313904,60058,11,1
1770223206.990763,146_1,146,das_work,20.18085074424744,60058,11,1
1770223207.0052834,145_1,145,das_work,20.577029943466187,60058,11,1
1770223207.0069957,148_2,148,das_work,20.92158603668213,60058,11,1
1770223232.5054128,145_2,145,das_work,24.286482095718384,60058,12,1
1770223232.512982,148_3,148,das_work,24.834684133529663,60058,12,1
1770223232.5235765,140_2,140,das_work,24.0111939907074,60058,12,1
1770223232.5256543,146_2,146,das_work,24.66120719909668,60058,12,1
1770223232.5331347,147_2,147,das_work,24.64112687110901,60058,12,1
1770223232.5479493,143_2,143,das_work,24.164470195770264,60058,12,1
1770223232.5599594,142_2,142,das_work,24.687857389450077,60058,12,1
1770223232.560261,141_2,141,das_work,23.98069477081299,60058,12,1
1770223256.6566975,140_3,140,das_work,22.64203906059265,60058,13,1
1770223256.6730404,148_4,148,das_work,23.44519329071045,60058,13,1
1770223256.6776414,141_3,141,das_work,22.552677154541016,60058,13,1
1770223256.6792245,142_3,142,das_work,22.50580644607544,60058,13,1
1770223256.6816962,143_3,143,das_work,22.315754413604736,60058,13,1
1770223256.6852329,145_3,145,das_work,22.27624893188477,60058,13,1
1770223256.688631,146_3,146,das_work,22.94607663154602,60058,13,1
1770223256.6912706,147_3,147,das_work,22.91726231575012,60058,13,1
1770223276.4701958,140_4,140,das_work,19.06700587272644,60058,14,1
1770223276.5018048,145_4,145,das_work,18.7739315032959,60058,14,1
1770223276.508434,141_4,141,das_work,19.269713401794437,60058,14,1
1770223276.5113497,143_4,143,das_work,18.921868801116943,60058,14,1
1770223276.5142505,142_4,142,das_work,19.19808840751648,60058,14,1
1770223276.515262,147_4,147,das_work,19.092341423034668,60058,14,1
1770223276.5154357,146_4,146,das_work,18.87233567237854,60058,14,1
1770223294.3686647,149_0,149,das_work,130.5579490661621,60058,15,1
1770223294.3725965,144_0,144,das_work,129.87788558006287,60058,15,1
1770223310.9946663,149_1,149,das_work,15.192163705825806,60058,16,1
1770223311.001806,144_1,144,das_work,15.99141526222229,60058,16,1
1770223326.8822882,144_2,144,das_work,14.867026090621948,60058,17,1
1770223326.8831446,149_2,149,das_work,14.81492304801941,60058,17,1
1770223341.366779,144_3,144,das_work,13.107237815856934,60058,18,1
1770223341.3670466,149_3,149,das_work,13.97473955154419,60058,18,1
1770223357.284171,144_4,144,das_work,15.306994676589966,60058,19,1
1770223357.2846503,149_4,149,das_work,14.506232976913452,60058,19,1
1770223185.0250716,159_0,159,das_work,15.19594693183899,60058,10,1
1770223185.0264163,152_0,152,das_work,13.61677098274231,60058,10,1
1770223185.0301647,155_0,155,das_work,11.039562702178957,60058,10,1
1770223185.032266,158_0,158,das_work,16.149717807769775,60058,10,1
1770223185.035334,157_0,157,das_work,13.452361583709717,60058,10,1
1770223185.0361776,150_0,150,das_work,15.116425275802612,60058,10,1
1770223185.038645,156_0,156,das_work,8.283732652664185,60058,10,1
1770223206.958026,155_1,155,das_work,21.034884452819824,60058,11,1
1770223206.960673,158_1,158,das_work,21.191932201385494,60058,11,1
1770223206.9628017,150_1,150,das_work,20.68581533432007,60058,11,1
1770223206.978798,159_1,159,das_work,20.026046752929688,60058,11,1
1770223206.9931762,152_1,152,das_work,20.6856701374054,60058,11,1
1770223207.0056891,157_1,157,das_work,21.20570135116577,60058,11,1
1770223207.008668,156_1,156,das_work,20.335588216781616,60058,11,1
1770223232.5071988,150_2,150,das_work,24.673545360565186,60058,12,1
1770223232.526109,155_2,155,das_work,24.071472883224487,60058,12,1
1770223232.5279057,156_2,156,das_work,24.29487943649292,60058,12,1
1770223232.533266,159_2,159,das_work,24.912391901016235,60058,12,1
1770223232.5340705,158_2,158,das_work,24.765429496765137,60058,12,1
1770223232.5531151,152_2,152,das_work,24.72464251518249,60058,12,1
1770223232.559299,157_2,157,das_work,24.784121990203857,60058,12,1
1770223256.6449716,157_3,157,das_work,22.95741367340088,60058,13,1
1770223256.6452515,150_3,150,das_work,22.81816601753235,60058,13,1
1770223256.6636486,155_3,155,das_work,23.17847323417664,60058,13,1
1770223256.6811152,159_3,159,das_work,23.48382830619812,60058,13,1
1770223256.6846485,156_3,156,das_work,22.442766904830933,60058,13,1
1770223256.6904984,158_3,158,das_work,22.98023533821106,60058,13,1
1770223256.7013378,152_3,152,das_work,23.424886465072632,60058,13,1
1770223276.4646325,150_4,150,das_work,19.24044370651245,60058,14,1
1770223276.4840157,157_4,157,das_work,18.68796443939209,60058,14,1
1770223276.497219,155_4,155,das_work,18.26823091506958,60058,14,1
1770223276.5074637,156_4,156,das_work,19.07359552383423,60058,14,1
1770223276.5083988,152_4,152,das_work,18.40316367149353,60058,14,1
1770223276.5172844,159_4,159,das_work,18.75191569328308,60058,14,1
1770223276.5175457,158_4,158,das_work,17.884344339370728,60058,14,1
1770223294.3598225,154_0,154,das_work,129.33822870254517,60058,15,1
1770223294.3698294,151_0,151,das_work,128.0919373035431,60058,15,1
1770223294.370124,153_0,153,das_work,131.1887538433075,60058,15,1
1770223311.0000012,153_1,153,das_work,14.699603080749512,60058,16,1
1770223311.0023682,151_1,151,das_work,14.655058860778809,60058,16,1
1770223311.0042725,154_1,154,das_work,15.88834547996521,60058,16,1
1770223326.9091609,154_2,154,das_work,13.977855443954468,60058,17,1
1770223326.910418,151_2,151,das_work,14.293905019760132,60058,17,1
1770223326.9844935,153_2,153,das_work,14.764771223068236,60058,17,1
1770223341.36228,154_3,154,das_work,13.678951025009155,60058,18,1
1770223341.39439,151_3,151,das_work,12.894461631774902,60058,18,1
1770223341.3949509,153_3,153,das_work,12.93189525604248,60058,18,1
1770223357.281375,151_4,151,das_work,13.91465187072754,60058,19,1
1770223357.2844667,154_4,154,das_work,15.38927698135376,60058,19,1
1770223357.2847426,153_4,153,das_work,14.510192394256592,60058,19,1
1770223185.023543,160_0,160,das_work,13.387532711029053,60058,10,1
1770223185.0237677,164_0,164,das_work,18.293803215026852,60058,10,1
1770223185.0293791,165_0,165,das_work,14.58842635154724,60058,10,1
1770223185.032195,161_0,161,das_work,16.52641272544861,60058,10,1
1770223185.0333908,166_0,166,das_work,7.023049354553223,60058,10,1
1770223185.0371742,163_0,163,das_work,16.5026798248291,60058,10,1
1770223185.038728,169_0,169,das_work,17.457708835601807,60058,10,1
1770223185.041366,162_0,162,das_work,18.089932203292847,60058,10,1
1770223185.047116,168_0,168,das_work,16.286367177963257,60058,10,1
1770223206.9638815,169_1,169,das_work,21.399418354034424,60058,11,1
1770223206.9711308,168_1,168,das_work,20.80470013618469,60058,11,1
1770223206.977765,161_1,161,das_work,21.09687113761902,60058,11,1
1770223206.9825,166_1,166,das_work,21.368964433670044,60058,11,1
1770223206.983817,163_1,163,das_work,20.352583408355716,60058,11,1
1770223206.9859755,164_1,164,das_work,21.05522060394287,60058,11,1
1770223207.0009284,160_1,160,das_work,21.26844620704651,60058,11,1
1770223207.0081122,165_1,165,das_work,20.18919897079468,60058,11,1
1770223207.0110638,162_1,162,das_work,21.161048412323,60058,11,1
1770223232.5076315,165_2,165,das_work,24.09013700485229,60058,12,1
1770223232.515031,161_2,161,das_work,23.654748916625977,60058,12,1
1770223232.5214412,164_2,164,das_work,23.757363080978397,60058,12,1
1770223232.524088,169_2,169,das_work,24.795493364334103,60058,12,1
1770223232.5254323,168_2,168,das_work,24.97135734558105,60058,12,1
1770223232.5323014,160_2,160,das_work,23.760842323303223,60058,12,1
1770223232.5539382,162_2,162,das_work,24.866267919540405,60058,12,1
1770223232.5715034,166_2,166,das_work,23.704651594161987,60058,12,1
1770223232.5717285,163_2,163,das_work,24.682725429534912,60058,12,1
1770223256.6390326,164_3,164,das_work,22.238293170928955,60058,13,1
1770223256.6670632,163_3,163,das_work,23.106477975845337,60058,13,1
1770223256.6790197,169_3,169,das_work,23.322364568710327,60058,13,1
1770223256.6803265,160_3,160,das_work,22.295891284942627,60058,13,1
1770223256.692605,166_3,166,das_work,22.422877073287964,60058,13,1
1770223256.692816,165_3,165,das_work,22.96561312675476,60058,13,1
1770223256.693017,162_3,162,das_work,22.159966230392456,60058,13,1
1770223256.7020423,168_3,168,das_work,22.748603343963623,60058,13,1
1770223256.7065625,161_3,161,das_work,22.56418466567993,60058,13,1
1770223276.466761,162_4,162,das_work,18.22618317604065,60058,14,1
1770223276.4715755,161_4,161,das_work,17.927228927612305,60058,14,1
1770223276.4958007,166_4,166,das_work,18.012818813323975,60058,14,1
1770223276.505863,165_4,165,das_work,18.726675748825077,60058,14,1
1770223276.5101452,169_4,169,das_work,18.74425196647644,60058,14,1
1770223276.5126505,164_4,164,das_work,19.03861212730408,60058,14,1
1770223276.514795,160_4,160,das_work,17.939862966537476,60058,14,1
1770223276.5151958,163_4,163,das_work,18.86100149154663,60058,14,1
1770223276.5153608,168_4,168,das_work,18.0293653011322,60058,14,1
1770223310.9868655,167_0,167,das_work,132.43093609809875,60058,16,1
1770223326.98156,167_1,167,das_work,14.699840307235718,60058,17,1
1770223341.361926,167_2,167,das_work,12.80762529373169,60058,18,1
1770223357.277351,167_3,167,das_work,14.981804609298706,60058,19,1
1770223372.921259,167_4,167,das_work,13.721323013305664,60058,20,1
1770223185.0275402,177_0,177,das_work,7.321377038955688,60058,10,1
1770223185.0316825,179_0,179,das_work,11.057466268539429,60058,10,1
1770223185.0335116,173_0,173,das_work,14.801361799240112,60058,10,1
1770223185.0338073,174_0,174,das_work,17.705260276794434,60058,10,1
1770223185.0430255,172_0,172,das_work,10.629366636276243,60058,10,1
1770223185.0476851,176_0,176,das_work,17.239212036132812,60058,10,1
1770223185.0480547,175_0,175,das_work,13.034190893173218,60058,10,1
1770223185.0483544,170_0,170,das_work,17.81525206565857,60058,10,1
1770223185.048792,171_0,171,das_work,15.698720932006836,60058,10,1
1770223206.8776608,171_1,171,das_work,19.890637397766117,60058,11,1
1770223206.8779812,175_1,175,das_work,20.489884614944454,60058,11,1
1770223206.8782084,170_1,170,das_work,20.865017890930176,60058,11,1
1770223206.958344,179_1,179,das_work,20.94214653968811,60058,11,1
1770223206.967176,173_1,173,das_work,21.20746326446533,60058,11,1
1770223206.991225,177_1,177,das_work,20.53698325157165,60058,11,1
1770223207.0040364,172_1,172,das_work,20.64841771125793,60058,11,1
1770223207.0082338,176_1,176,das_work,21.28782606124878,60058,11,1
1770223207.010511,174_1,174,das_work,20.905775785446167,60058,11,1
1770223232.5213048,175_2,175,das_work,24.3992919921875,60058,12,1
1770223232.524079,176_2,176,das_work,24.328867197036743,60058,12,1
1770223232.5338,177_2,177,das_work,24.591846227645878,60058,12,1
1770223232.5578806,174_2,174,das_work,23.835010766983032,60058,12,1
1770223232.5772932,171_2,171,das_work,23.706825971603397,60058,12,1
1770223232.5794735,170_2,170,das_work,23.89067578315735,60058,12,1
1770223232.5804253,173_2,173,das_work,24.39769816398621,60058,12,1
1770223232.580705,172_2,172,das_work,24.73281240463257,60058,12,1
1770223232.5809767,179_2,179,das_work,24.20151710510254,60058,12,1
1770223256.6412292,173_3,173,das_work,23.35414218902588,60058,13,1
1770223256.6615536,175_3,175,das_work,22.87560534477234,60058,13,1
1770223256.67951,171_3,171,das_work,22.12339162826538,60058,13,1
1770223256.6833546,176_3,176,das_work,23.626197338104248,60058,13,1
1770223256.690658,174_3,174,das_work,23.18788290023804,60058,13,1
1770223256.6915991,172_3,172,das_work,22.588486909866333,60058,13,1
1770223256.6940136,177_3,177,das_work,22.621848344802856,60058,13,1
1770223256.694266,179_3,179,das_work,22.15061378479004,60058,13,1
1770223256.706479,170_3,170,das_work,23.32635235786438,60058,13,1
1770223276.470098,171_4,171,das_work,18.849852561950684,60058,14,1
1770223276.472695,174_4,174,das_work,17.80819845199585,60058,14,1
1770223276.4838712,179_4,179,das_work,17.909269332885742,60058,14,1
1770223276.5068944,170_4,170,das_work,18.152220726013184,60058,14,1
1770223276.5073426,173_4,173,das_work,18.02688431739807,60058,14,1
1770223276.508067,176_4,176,das_work,18.0757520198822,60058,14,1
1770223276.5099375,177_4,177,das_work,18.814028024673465,60058,14,1
1770223276.5120983,172_4,172,das_work,19.17171812057495,60058,14,1
1770223276.512865,175_4,175,das_work,18.409830808639526,60058,14,1
1770223310.990776,178_0,178,das_work,129.78724718093872,60058,16,1
1770223326.908274,178_1,178,das_work,14.04026746749878,60058,17,1
1770223341.359738,178_2,178,das_work,12.717573881149292,60058,18,1
1770223357.2807906,178_3,178,das_work,14.064873218536375,60058,19,1
1770223372.921605,178_4,178,das_work,14.970741510391235,60058,20,1
1770223185.0219374,186_0,186,das_work,13.46752643585205,60058,10,1
1770223185.02347,188_0,188,das_work,13.22595191001892,60058,10,1
1770223185.026431,181_0,181,das_work,11.806948900222778,60058,10,1
1770223185.0284345,180_0,180,das_work,14.148063659667969,60058,10,1
1770223185.0294154,187_0,187,das_work,9.207911729812622,60058,10,1
1770223206.8770635,181_1,181,das_work,20.201977729797363,60058,11,1
1770223206.8773746,180_1,180,das_work,21.115638971328732,60058,11,1
1770223206.9608066,186_1,186,das_work,19.93892788887024,60058,11,1
1770223206.9917274,188_1,188,das_work,21.141212940216064,60058,11,1
1770223206.9998095,187_1,187,das_work,21.043825387954712,60058,11,1
1770223232.4951272,180_2,180,das_work,24.133827924728397,60058,12,1
1770223232.5085363,188_2,188,das_work,24.139140129089355,60058,12,1
1770223232.5266504,181_2,181,das_work,24.676215648651123,60058,12,1
1770223232.5320764,186_2,186,das_work,24.584100008010864,60058,12,1
1770223232.5345285,187_2,187,das_work,24.5479154586792,60058,12,1
1770223256.6436198,187_3,187,das_work,22.43438673019409,60058,13,1
1770223256.652863,186_3,186,das_work,23.518060207366943,60058,13,1
1770223256.6634288,181_3,181,das_work,22.17149806022644,60058,13,1
1770223256.6700726,188_3,188,das_work,23.65537166595459,60058,13,1
1770223256.6776764,180_3,180,das_work,23.16827082633972,60058,13,1
1770223276.4733915,188_4,188,das_work,17.963868141174316,60058,14,1
1770223276.4821255,180_4,180,das_work,18.12692713737488,60058,14,1
1770223276.484584,181_4,181,das_work,18.595091819763184,60058,14,1
1770223276.496145,186_4,186,das_work,18.40861463546753,60058,14,1
1770223276.504292,187_4,187,das_work,18.22187757492065,60058,14,1
1770223310.9905944,182_0,182,das_work,131.0532989501953,60058,16,1
1770223311.0310433,184_0,184,das_work,130.78291368484497,60058,16,1
1770223311.031288,183_0,183,das_work,128.4122235774994,60058,16,1
1770223311.0332658,185_0,185,das_work,130.62814116477966,60058,16,1
1770223311.0334823,189_0,189,das_work,129.52027344703674,60058,16,1
1770223326.9172895,185_1,185,das_work,13.979021072387695,60058,17,1
1770223326.9177866,184_1,184,das_work,14.61397624015808,60058,17,1
1770223326.9185398,189_1,189,das_work,14.170123100280762,60058,17,1
1770223326.918836,182_1,182,das_work,14.81669282913208,60058,17,1
1770223326.981807,183_1,183,das_work,14.001302719116213,60058,17,1
1770223341.3651266,189_2,189,das_work,13.618692398071287,60058,18,1
1770223341.3659558,182_2,182,das_work,13.893566370010376,60058,18,1
1770223341.395335,185_2,185,das_work,12.62862753868103,60058,18,1
1770223341.3969457,183_2,183,das_work,13.052870512008669,60058,18,1
1770223341.3972454,184_2,184,das_work,13.072752952575684,60058,18,1
1770223357.2805226,185_3,185,das_work,14.809546709060667,60058,19,1
1770223357.3444264,184_3,184,das_work,15.417484521865845,60058,19,1
1770223357.348517,182_3,182,das_work,14.710987329483032,60058,19,1
1770223357.3487296,189_3,189,das_work,14.400092124938965,60058,19,1
1770223357.3494985,183_3,183,das_work,15.04004430770874,60058,19,1
1770223372.9175029,184_4,184,das_work,14.058088302612305,60058,20,1
1770223372.9320023,182_4,182,das_work,14.597586393356323,60058,20,1
1770223372.9322708,185_4,185,das_work,14.184008359909058,60058,20,1
1770223372.9350958,189_4,189,das_work,14.506864786148071,60058,20,1
1770223372.9361048,183_4,183,das_work,14.856319904327393,60058,20,1
1770223185.0317912,193_0,193,das_work,9.97890019416809,60058,10,1
1770223185.0321949,198_0,198,das_work,7.508910179138184,60058,10,1
1770223185.0334723,194_0,194,das_work,12.23582673072815,60058,10,1
1770223185.0348432,199_0,199,das_work,7.633586168289185,60058,10,1
1770223206.962208,194_1,194,das_work,20.986476182937626,60058,11,1
1770223206.9647603,198_1,198,das_work,20.56906294822693,60058,11,1
1770223207.0006037,197_0,197,das_work,22.055609703063965,60058,11,1
1770223207.0043497,193_1,193,das_work,20.92342567443848,60058,11,1
1770223207.0114725,199_1,199,das_work,21.143293380737305,60058,11,1
1770223232.4909432,194_2,194,das_work,24.673024892807007,60058,12,1
1770223232.5086346,198_2,198,das_work,23.937589645385746,60058,12,1
1770223232.5222104,197_1,197,das_work,24.96017622947693,60058,12,1
1770223232.5238495,199_2,199,das_work,24.61680006980896,60058,12,1
1770223232.52464,193_2,193,das_work,24.86093139648437,60058,12,1
1770223256.6609502,194_3,194,das_work,22.965383052825928,60058,13,1
1770223256.6828978,197_2,197,das_work,22.376583337783813,60058,13,1
1770223256.6915958,199_3,199,das_work,23.643441915512085,60058,13,1
1770223256.7058682,193_3,193,das_work,22.332879781723022,60058,13,1
1770223256.7104037,198_3,198,das_work,22.377208471298218,60058,13,1
1770223276.4632182,198_4,198,das_work,18.58660888671875,60058,14,1
1770223276.4696114,199_4,199,das_work,18.39194965362549,60058,14,1
1770223276.4988377,193_4,193,das_work,19.28582525253296,60058,14,1
1770223276.5013866,197_3,197,das_work,19.11950421333313,60058,14,1
1770223276.5081246,194_4,194,das_work,19.131912231445312,60058,14,1
1770223294.3598433,197_4,197,das_work,16.982964754104614,60058,15,1
1770223310.9994016,191_0,191,das_work,128.40840816497803,60058,16,1
1770223311.0028129,196_0,196,das_work,129.98556303977966,60058,16,1
1770223311.003682,192_0,192,das_work,127.4542555809021,60058,16,1
1770223311.0066805,195_0,195,das_work,131.25379419326782,60058,16,1
1770223311.023377,190_0,190,das_work,128.18205904960632,60058,16,1
1770223326.8855865,195_1,195,das_work,15.194041967391968,60058,17,1
1770223326.8859088,192_1,192,das_work,15.119816064834597,60058,17,1
1770223326.9145043,190_1,190,das_work,14.720688104629517,60058,17,1
1770223326.9147637,196_1,196,das_work,15.04948353767395,60058,17,1
1770223326.9157317,191_1,191,das_work,15.282106399536133,60058,17,1
1770223341.3654397,192_2,192,das_work,12.586062669754028,60058,18,1
1770223341.3664792,191_2,191,das_work,13.122004747390749,60058,18,1
1770223341.367848,190_2,190,das_work,13.465705394744871,60058,18,1
1770223341.395119,196_2,196,das_work,13.576409816741943,60058,18,1
1770223341.3959153,195_2,195,das_work,13.409910917282104,60058,18,1
1770223357.2846212,196_3,196,das_work,13.967040300369264,60058,19,1
1770223357.2877884,191_3,191,das_work,14.640737056732178,60058,19,1
1770223357.2880893,195_3,195,das_work,13.933937072753906,60058,19,1
1770223357.339078,190_3,190,das_work,14.772507190704346,60058,19,1
1770223357.339821,192_3,192,das_work,14.113957405090332,60058,19,1
1770223372.925876,195_4,195,das_work,15.111989974975586,60058,20,1
1770223372.935928,190_4,190,das_work,13.775720834732056,60058,20,1
1770223372.9396608,191_4,191,das_work,14.726613283157349,60058,20,1
1770223372.9398725,196_4,196,das_work,15.035162925720217,60058,20,1
1770223372.940186,192_4,192,das_work,15.08951735496521,60058,20,1
1770223137.430811,15_0,15,das_work,2.3349802494049072,60058,7,1
1770223137.431041,19_0,19,das_work,0.6331620216369629,60058,7,1
1770223137.4583793,17_0,17,das_work,0.8356804847717285,60058,7,1
1770223151.0445256,19_1,19,das_work,11.880805492401125,60058,8,1
1770223151.0455236,16_0,16,das_work,8.318405866622925,60058,8,1
1770223151.0458324,10_0,10,das_work,11.802731990814207,60058,8,1
1770223151.0460403,15_1,15,das_work,13.043862104415894,60058,8,1
1770223151.046254,17_1,17,das_work,11.86335039138794,60058,8,1
1770223151.0465505,18_0,18,das_work,12.808183670043944,60058,8,1
1770223151.0467532,14_0,14,das_work,7.582888126373291,60058,8,1
1770223151.047228,13_0,13,das_work,4.563183784484863,60058,8,1
1770223151.0666256,12_0,12,das_work,4.851042747497559,60058,8,1
1770223151.0669422,11_0,11,das_work,10.293582677841188,60058,8,1
1770223166.6309645,14_1,14,das_work,14.401905536651611,60058,9,1
1770223166.6319196,17_2,17,das_work,14.004913330078123,60058,9,1
1770223166.6322324,16_1,16,das_work,14.698976278305054,60058,9,1
1770223166.693147,19_2,19,das_work,14.36790919303894,60058,9,1
1770223166.694003,11_1,11,das_work,14.86757469177246,60058,9,1
1770223166.700029,12_1,12,das_work,14.91369342803955,60058,9,1
1770223166.7024212,18_1,18,das_work,15.014639854431152,60058,9,1
1770223166.7030933,13_1,13,das_work,15.002973318099976,60058,9,1
1770223166.703298,10_1,10,das_work,14.658244371414185,60058,9,1
1770223166.7036068,15_2,15,das_work,14.447426080703735,60058,9,1
1770223185.021163,13_2,13,das_work,17.52815532684326,60058,10,1
1770223185.024475,18_2,18,das_work,17.719143629074097,60058,10,1
1770223185.0259554,15_3,15,das_work,16.969757318496704,60058,10,1
1770223185.0271285,10_2,10,das_work,16.49265718460083,60058,10,1
1770223185.0313387,14_2,14,das_work,16.583577156066895,60058,10,1
1770223185.037403,11_2,11,das_work,17.047876834869385,60058,10,1
1770223185.0397625,17_3,17,das_work,17.04120922088623,60058,10,1
1770223185.0420754,12_2,12,das_work,17.382359266281128,60058,10,1
1770223185.043177,19_3,19,das_work,16.64104390144348,60058,10,1
1770223185.0438888,16_2,16,das_work,16.644254684448242,60058,10,1
1770223206.9650557,11_3,11,das_work,20.445716381073,60058,11,1
1770223206.9653893,19_4,19,das_work,20.75586199760437,60058,11,1
1770223206.971385,10_3,10,das_work,21.199615478515625,60058,11,1
1770223206.971846,18_3,18,das_work,20.77289605140686,60058,11,1
1770223206.977122,17_4,17,das_work,20.45310759544373,60058,11,1
1770223206.9786468,14_3,14,das_work,20.077970504760746,60058,11,1
1770223206.9920094,15_4,15,das_work,20.44558525085449,60058,11,1
1770223207.0031433,16_3,16,das_work,21.042646646499637,60058,11,1
1770223207.00362,12_3,12,das_work,20.891639709472656,60058,11,1
1770223207.009417,13_3,13,das_work,20.823973178863525,60058,11,1
1770223232.5015302,10_4,10,das_work,24.71869397163391,60058,12,1
1770223232.5146265,13_4,13,das_work,24.911682844161987,60058,12,1
1770223232.5350096,14_4,14,das_work,24.12895441055298,60058,12,1
1770223232.5535414,11_4,11,das_work,24.33511328697205,60058,12,1
1770223232.5594356,12_4,12,das_work,24.312783241271973,60058,12,1
1770223232.5739825,18_4,18,das_work,23.917251586914062,60058,12,1
1770223232.5742028,16_4,16,das_work,23.69429326057434,60058,12,1
1770223184.9138043,203_0,203,das_work,8.693664073944092,60058,10,1
1770223185.027729,206_0,206,das_work,11.84333038330078,60058,10,1
1770223185.029225,208_0,208,das_work,9.734729766845703,60058,10,1
1770223185.0300355,205_0,205,das_work,6.777539491653442,60058,10,1
1770223206.9552891,209_0,209,das_work,19.7126305103302,60058,11,1
1770223206.9572997,203_1,203,das_work,21.14087915420532,60058,11,1
1770223206.968435,206_1,206,das_work,20.00762915611267,60058,11,1
1770223206.9702885,207_0,207,das_work,20.33554005622864,60058,11,1
1770223207.0044923,205_1,205,das_work,20.253049850463867,60058,11,1
1770223207.0093513,208_1,208,das_work,21.2322256565094,60058,11,1
1770223232.5286305,208_2,208,das_work,23.743147134780884,60058,12,1
1770223232.5523298,205_2,205,das_work,24.43834233283997,60058,12,1
1770223232.5580354,203_2,203,das_work,24.98814368247986,60058,12,1
1770223232.5603335,207_1,207,das_work,23.787580013275143,60058,12,1
1770223232.575035,209_1,209,das_work,24.453022003173828,60058,12,1
1770223232.5753207,206_2,206,das_work,24.688826322555546,60058,12,1
1770223256.6456249,203_3,203,das_work,22.262752771377563,60058,13,1
1770223256.6459007,207_2,207,das_work,22.2680778503418,60058,13,1
1770223256.684395,208_3,208,das_work,23.61298418045044,60058,13,1
1770223256.7069745,209_2,209,das_work,22.864341497421265,60058,13,1
1770223256.7132337,206_3,206,das_work,23.235964059829712,60058,13,1
1770223256.7140653,205_3,205,das_work,23.12689447402954,60058,13,1
1770223276.4620385,207_3,207,das_work,19.1321804523468,60058,14,1
1770223276.4975004,208_4,208,das_work,18.14176917076111,60058,14,1
1770223276.4993114,206_4,206,das_work,18.013314962387085,60058,14,1
1770223276.5042589,209_3,209,das_work,18.22185254096985,60058,14,1
1770223276.507625,205_4,205,das_work,19.16324472427368,60058,14,1
1770223276.5160398,203_4,203,das_work,18.47223997116089,60058,14,1
1770223294.3662362,209_4,209,das_work,16.718690633773804,60058,15,1
1770223294.371381,207_4,207,das_work,16.900136709213257,60058,15,1
1770223310.994006,200_0,200,das_work,131.9982213973999,60058,16,1
1770223311.001372,202_0,202,das_work,130.88035464286804,60058,16,1
1770223311.0026524,201_0,201,das_work,132.0678424835205,60058,16,1
1770223311.0049312,204_0,204,das_work,130.31791234016418,60058,16,1
1770223326.9130516,201_1,201,das_work,14.498304843902588,60058,17,1
1770223326.9141357,200_1,200,das_work,15.311569929122925,60058,17,1
1770223326.9144142,204_1,204,das_work,15.08810305595398,60058,17,1
1770223326.9826984,202_1,202,das_work,15.432684659957886,60058,17,1
1770223341.3658886,202_2,202,das_work,12.654255390167236,60058,18,1
1770223341.366187,204_2,204,das_work,13.390581369400024,60058,18,1
1770223341.3947864,201_2,201,das_work,13.548474788665771,60058,18,1
1770223341.3950622,200_2,200,das_work,13.199742555618286,60058,18,1
1770223357.284798,202_3,202,das_work,14.907167673110962,60058,19,1
1770223357.2874,201_3,201,das_work,14.34027934074402,60058,19,1
1770223357.2890203,204_3,204,das_work,14.439231872558594,60058,19,1
1770223357.2893422,200_3,200,das_work,14.973310232162476,60058,19,1
1770223372.942077,202_4,202,das_work,14.843942880630491,60058,20,1
1770223372.942374,201_4,201,das_work,13.717558860778809,60058,20,1
1770223372.9432817,200_4,200,das_work,14.714529991149902,60058,20,1
1770223372.9434724,204_4,204,das_work,15.048264980316162,60058,20,1
1770223185.0222263,218_0,218,das_work,6.610619068145752,60058,10,1
1770223185.0227706,217_0,217,das_work,8.50137448310852,60058,10,1
1770223206.8751657,211_0,211,das_work,17.434350967407227,60058,11,1
1770223206.980538,218_1,218,das_work,20.52784109115601,60058,11,1
1770223206.9833236,215_0,215,das_work,18.845319509506226,60058,11,1
1770223207.0104563,217_1,217,das_work,20.219226837158203,60058,11,1
1770223232.5079195,215_1,215,das_work,23.561129808425903,60058,12,1
1770223232.514872,217_2,217,das_work,23.98958683013916,60058,12,1
1770223232.5285308,211_1,211,das_work,23.69227647781372,60058,12,1
1770223232.533479,218_2,218,das_work,23.84117817878723,60058,12,1
1770223256.6826646,218_3,218,das_work,22.72687530517578,60058,13,1
1770223256.7069206,215_2,215,das_work,22.510509729385376,60058,13,1
1770223256.7107732,211_2,211,das_work,23.234368562698364,60058,13,1
1770223256.7121446,217_3,217,das_work,22.64148020744324,60058,13,1
1770223276.4642382,218_4,218,das_work,18.357774257659912,60058,14,1
1770223276.4654212,215_3,215,das_work,17.987056493759155,60058,14,1
1770223276.470528,211_3,211,das_work,18.96675992012024,60058,14,1
1770223276.4844944,217_4,217,das_work,18.67223358154297,60058,14,1
1770223294.361367,215_4,215,das_work,16.836333751678467,60058,15,1
1770223294.3717852,211_4,211,das_work,17.127886295318604,60058,15,1
1770223310.9915442,216_0,216,das_work,126.67348098754884,60058,16,1
1770223311.0013518,219_0,219,das_work,130.89411854743958,60058,16,1
1770223311.0055883,213_0,213,das_work,131.2516646385193,60058,16,1
1770223311.006885,210_0,210,das_work,128.57883954048157,60058,16,1
1770223311.0280392,212_0,212,das_work,127.25290369987488,60058,16,1
1770223311.028342,214_0,214,das_work,128.23998045921326,60058,16,1
1770223326.911441,216_1,216,das_work,14.4594304561615,60058,17,1
1770223326.918728,214_1,214,das_work,14.971078395843506,60058,17,1
1770223326.9190931,213_1,213,das_work,14.515489101409912,60058,17,1
1770223326.9192848,210_1,210,das_work,14.836350202560425,60058,17,1
1770223326.919593,212_1,212,das_work,13.92133617401123,60058,17,1
1770223326.9833393,219_1,219,das_work,15.074254512786863,60058,17,1
1770223341.3658736,210_2,210,das_work,12.536120176315308,60058,18,1
1770223341.3667552,219_2,219,das_work,13.4740948677063,60058,18,1
1770223341.3988707,214_2,214,das_work,12.726594924926758,60058,18,1
1770223341.399366,213_2,213,das_work,12.64869737625122,60058,18,1
1770223341.3995662,216_2,216,das_work,12.618601560592651,60058,18,1
1770223341.400226,212_2,212,das_work,13.559938192367554,60058,18,1
1770223357.2848978,210_3,210,das_work,14.542469024658203,60058,19,1
1770223357.2851684,216_3,216,das_work,15.251169681549072,60058,19,1
1770223357.345248,214_3,214,das_work,14.521408319473268,60058,19,1
1770223357.3462858,213_3,213,das_work,15.318784475326538,60058,19,1
1770223357.347887,212_3,212,das_work,14.93303608894348,60058,19,1
1770223357.348716,219_3,219,das_work,14.521894693374634,60058,19,1
1770223372.9232037,219_4,219,das_work,14.482092142105104,60058,20,1
1770223372.9235375,212_4,212,das_work,15.01682734489441,60058,20,1
1770223372.9375217,210_4,210,das_work,13.95846700668335,60058,20,1
1770223372.9409702,214_4,214,das_work,14.806399822235107,60058,20,1
1770223372.941936,216_4,216,das_work,14.122602939605711,60058,20,1
1770223372.942145,213_4,213,das_work,13.78247094154358,60058,20,1
1770223185.029169,228_0,228,das_work,7.070208549499512,60058,10,1
1770223206.9556515,221_0,221,das_work,18.0626482963562,60058,11,1
1770223206.9669251,228_1,228,das_work,20.33972311019897,60058,11,1
1770223206.9674258,229_0,229,das_work,20.12581157684326,60058,11,1
1770223206.9703755,226_0,226,das_work,17.801170825958252,60058,11,1
1770223206.977685,225_0,225,das_work,15.657511711120604,60058,11,1
1770223206.9941056,222_0,222,das_work,20.97240114212036,60058,11,1
1770223232.5121148,226_1,226,das_work,24.63963031768799,60058,12,1
1770223232.5145366,225_1,225,das_work,24.394518613815308,60058,12,1
1770223232.533643,228_2,228,das_work,23.8063325881958,60058,12,1
1770223232.5516996,229_1,229,das_work,24.327709197998047,60058,12,1
1770223232.5528386,221_1,221,das_work,23.92765951156616,60058,12,1
1770223232.556837,222_1,222,das_work,24.3671190738678,60058,12,1
1770223256.638641,222_2,222,das_work,22.123145580291748,60058,13,1
1770223256.6627853,221_2,221,das_work,22.424021244049072,60058,13,1
1770223256.6630583,226_2,226,das_work,22.62103629112244,60058,13,1
1770223256.6681175,225_2,225,das_work,22.613539457321167,60058,13,1
1770223256.6729147,229_2,229,das_work,22.966261863708496,60058,13,1
1770223256.7071662,228_3,228,das_work,22.95467472076416,60058,13,1
1770223276.461375,229_3,229,das_work,18.452481031417847,60058,14,1
1770223276.472563,225_3,225,das_work,19.1548912525177,60058,14,1
1770223276.4815905,228_4,228,das_work,18.53659081459045,60058,14,1
1770223276.495162,226_3,226,das_work,19.02567338943481,60058,14,1
1770223276.4979737,222_3,222,das_work,18.628028869628903,60058,14,1
1770223276.5022614,221_3,221,das_work,18.351905584335327,60058,14,1
1770223294.2794962,225_4,225,das_work,16.979541778564453,60058,15,1
1770223294.2799332,221_4,221,das_work,16.3300461769104,60058,15,1
1770223294.2802086,222_4,222,das_work,16.95244312286377,60058,15,1
1770223294.2810142,229_4,229,das_work,17.230884790420532,60058,15,1
1770223294.3663733,226_4,226,das_work,17.034034252166748,60058,15,1
1770223310.987552,220_0,220,das_work,128.5363495349884,60058,16,1
1770223311.0006084,227_0,227,das_work,132.38670706748962,60058,16,1
1770223311.0035386,223_0,223,das_work,132.2759871482849,60058,16,1
1770223311.006569,224_0,224,das_work,128.32761311531067,60058,16,1
1770223326.913842,224_1,224,das_work,15.03606104850769,60058,17,1
1770223326.9140663,227_1,227,das_work,14.123292684555054,60058,17,1
1770223326.9156194,223_1,223,das_work,14.743728399276732,60058,17,1
1770223326.9820857,220_1,220,das_work,14.17730474472046,60058,17,1
1770223341.308551,223_2,223,das_work,13.261441946029665,60058,18,1
1770223341.30875,220_2,220,das_work,13.670566320419312,60058,18,1
1770223341.3951683,224_2,224,das_work,13.921254634857178,60058,18,1
1770223341.3966334,227_2,227,das_work,13.53773283958435,60058,18,1
1770223357.280923,224_3,224,das_work,15.244368076324465,60058,19,1
1770223357.342352,220_3,220,das_work,15.417388439178469,60058,19,1
1770223357.3452446,227_3,227,das_work,14.869249105453491,60058,19,1
1770223357.3455243,223_3,223,das_work,14.522889375686646,60058,19,1
1770223372.9365284,224_4,224,das_work,14.998758554458618,60058,20,1
1770223372.941833,220_4,220,das_work,14.607904195785522,60058,20,1
1770223372.9422274,227_4,227,das_work,15.027384757995604,60058,20,1
1770223372.9424305,223_4,223,das_work,14.478318452835085,60058,20,1
1770223206.9572256,237_0,237,das_work,19.2274181842804,60058,11,1
1770223206.966534,239_0,239,das_work,16.38028120994568,60058,11,1
1770223206.966868,231_0,231,das_work,14.86082124710083,60058,11,1
1770223206.9993117,232_0,232,das_work,18.88993215560913,60058,11,1
1770223207.0084586,236_0,236,das_work,17.99396300315857,60058,11,1
1770223207.0115623,230_0,230,das_work,15.005468368530272,60058,11,1
1770223232.4971416,236_1,236,das_work,24.628665447235107,60058,12,1
1770223232.5207598,230_1,230,das_work,24.59563660621643,60058,12,1
1770223232.5604143,231_1,231,das_work,24.088049173355103,60058,12,1
1770223232.5613277,237_1,237,das_work,24.71136045455933,60058,12,1
1770223232.574967,232_1,232,das_work,23.827381134033203,60058,12,1
1770223232.5752978,239_1,239,das_work,25.10561227798462,60058,12,1
1770223256.6713195,230_2,230,das_work,22.343223094940186,60058,13,1
1770223256.679155,232_2,232,das_work,22.57342839241028,60058,13,1
1770223256.6810172,237_2,237,das_work,22.16552186012268,60058,13,1
1770223256.6845572,239_2,239,das_work,23.47528624534607,60058,13,1
1770223256.703064,231_2,231,das_work,23.221473693847656,60058,13,1
1770223256.7094772,236_2,236,das_work,23.08618378639221,60058,13,1
1770223276.4718628,232_3,232,das_work,19.21374821662903,60058,14,1
1770223276.4834414,236_3,236,das_work,18.963853120803837,60058,14,1
1770223276.501631,237_3,237,das_work,18.98172950744629,60058,14,1
1770223276.50273,230_3,230,das_work,17.972503185272217,60058,14,1
1770223276.506579,239_3,239,das_work,19.128724813461304,60058,14,1
1770223276.5157683,231_3,231,das_work,18.76160502433777,60058,14,1
1770223294.2777486,236_4,236,das_work,16.504139184951782,60058,15,1
1770223294.2781878,232_4,232,das_work,16.419403314590454,60058,15,1
1770223294.336825,239_4,239,das_work,16.463682651519775,60058,15,1
1770223294.3371315,231_4,231,das_work,17.156534433364868,60058,15,1
1770223294.368288,230_4,230,das_work,16.61889886856079,60058,15,1
1770223294.3719854,237_4,237,das_work,16.698996782302856,60058,15,1
1770223310.9916148,234_0,234,das_work,129.25170755386353,60058,16,1
1770223310.9950848,233_0,233,das_work,130.4218192100525,60058,16,1
1770223311.0021107,235_0,235,das_work,131.9164264202118,60058,16,1
1770223311.0237815,238_0,238,das_work,128.28930830955505,60058,16,1
1770223326.8850503,238_1,238,das_work,14.458240270614624,60058,17,1
1770223326.885259,233_1,233,das_work,14.805864572525024,60058,17,1
1770223326.9103336,235_1,235,das_work,14.69917368888855,60058,17,1
1770223326.9106612,234_1,234,das_work,14.57925796508789,60058,17,1
1770223341.3098469,235_2,235,das_work,13.52292275428772,60058,18,1
1770223341.311307,234_2,234,das_work,13.330355167388916,60058,18,1
1770223341.3117342,233_2,233,das_work,13.670404195785522,60058,18,1
1770223341.3119245,238_2,238,das_work,13.470118761062622,60058,18,1
1770223357.2856476,234_3,234,das_work,15.467254877090454,60058,19,1
1770223357.288863,235_3,235,das_work,14.443091869354248,60058,19,1
1770223357.2890856,233_3,233,das_work,14.3230140209198,60058,19,1
1770223357.2893894,238_3,238,das_work,14.731328964233398,60058,19,1
1770223372.9246986,235_4,235,das_work,14.490753412246704,60058,20,1
1770223372.9355738,238_4,238,das_work,14.817543506622314,60058,20,1
1770223372.937651,233_4,233,das_work,14.255618333816528,60058,20,1
1770223372.9379387,234_4,234,das_work,14.803365230560305,60058,20,1
1770223206.957367,246_0,246,das_work,17.313400745391846,60058,11,1
1770223206.9905152,248_0,248,das_work,21.881032466888428,60058,11,1
1770223206.9997368,244_0,244,das_work,20.566062688827515,60058,11,1
1770223207.002881,247_0,247,das_work,16.543676137924194,60058,11,1
1770223207.004253,249_0,249,das_work,15.113664865493774,60058,11,1
1770223207.0110705,240_0,240,das_work,21.780651807785038,60058,11,1
1770223232.507744,240_1,240,das_work,24.488126516342163,60058,12,1
1770223232.5129602,244_1,244,das_work,24.00293612480164,60058,12,1
1770223232.5210483,246_1,246,das_work,24.705638647079468,60058,12,1
1770223232.553478,248_1,248,das_work,24.539015293121334,60058,12,1
1770223232.5566714,247_1,247,das_work,24.68915224075317,60058,12,1
1770223232.5693803,249_1,249,das_work,24.12415719032288,60058,12,1
1770223256.638165,249_2,249,das_work,23.399336099624637,60058,13,1
1770223256.657586,247_2,247,das_work,22.99269199371338,60058,13,1
1770223256.6628718,248_2,248,das_work,23.161114931106567,60058,13,1
1770223256.6633213,240_2,240,das_work,22.497979879379272,60058,13,1
1770223256.6783202,244_2,244,das_work,22.49843692779541,60058,13,1
1770223256.7059703,246_2,246,das_work,23.65781807899475,60058,13,1
1770223276.4631505,249_3,249,das_work,17.9806809425354,60058,14,1
1770223276.481312,247_3,247,das_work,19.222679376602173,60058,14,1
1770223276.4954696,244_3,244,das_work,19.039047718048096,60058,14,1
1770223276.503754,240_3,240,das_work,17.874205827713013,60058,14,1
1770223276.5103383,248_3,248,das_work,17.969394207000732,60058,14,1
1770223276.510542,246_3,246,das_work,18.064212322235107,60058,14,1
1770223294.274622,249_4,249,das_work,17.06622052192688,60058,15,1
1770223294.2757385,248_4,248,das_work,16.778661251068115,60058,15,1
1770223294.2777152,246_4,246,das_work,15.883508443832396,60058,15,1
1770223294.278101,240_4,240,das_work,16.304367542266846,60058,15,1
1770223294.3329587,247_4,247,das_work,16.06922698020935,60058,15,1
1770223294.365433,244_4,244,das_work,16.989070177078247,60058,15,1
1770223311.0003042,243_0,243,das_work,126.66520023345949,60058,16,1
1770223311.002498,241_0,241,das_work,126.59515357017516,60058,16,1
1770223311.0041974,242_0,242,das_work,127.8855459690094,60058,16,1
1770223311.0058925,245_0,245,das_work,127.82631301879884,60058,16,1
1770223326.9135678,241_1,241,das_work,13.99239468574524,60058,17,1
1770223326.9139202,242_1,242,das_work,15.296352624893188,60058,17,1
1770223326.9142587,245_1,245,das_work,14.250519275665283,60058,17,1
1770223326.9829893,243_1,243,das_work,14.719950199127195,60058,17,1
1770223341.3097374,242_2,242,das_work,13.817328929901125,60058,18,1
1770223341.3100169,245_2,245,das_work,13.679363012313845,60058,18,1
1770223341.310259,243_2,243,das_work,12.41293168067932,60058,18,1
1770223341.3634725,241_2,241,das_work,12.776602506637571,60058,18,1
1770223357.3381145,241_3,241,das_work,14.147972106933594,60058,19,1
1770223357.3443582,245_3,245,das_work,14.81621789932251,60058,19,1
1770223357.34576,243_3,243,das_work,15.271937847137451,60058,19,1
1770223357.346053,242_3,242,das_work,15.349609851837158,60058,19,1
1770223372.9257677,243_4,243,das_work,14.528273582458496,60058,20,1
1770223372.9311657,242_4,242,das_work,14.39119267463684,60058,20,1
1770223372.9313936,245_4,245,das_work,14.69082236289978,60058,20,1
1770223372.9317234,241_4,241,das_work,14.01784634590149,60058,20,1
1770223206.9567573,257_0,257,das_work,14.167287349700928,60058,11,1
1770223206.9587643,258_0,258,das_work,18.9923095703125,60058,11,1
1770223206.9687269,256_0,256,das_work,22.02892279624939,60058,11,1
1770223206.9707084,254_0,254,das_work,13.98878049850464,60058,11,1
1770223206.9769442,253_0,253,das_work,13.63308048248291,60058,11,1
1770223206.9920774,259_0,259,das_work,17.732457399368286,60058,11,1
1770223207.0059853,255_0,255,das_work,19.43752932548523,60058,11,1
1770223207.010688,252_0,252,das_work,10.536947250366213,60058,11,1
1770223207.011165,250_0,250,das_work,15.920554637908936,60058,11,1
1770223232.501915,258_1,258,das_work,24.25527238845825,60058,12,1
1770223232.5281584,253_1,253,das_work,24.230512380599976,60058,12,1
1770223232.5324376,252_1,252,das_work,25.02013111114502,60058,12,1
1770223232.552631,254_1,254,das_work,24.19834852218628,60058,12,1
1770223232.5530102,250_1,250,das_work,24.141467809677124,60058,12,1
1770223232.571463,255_1,255,das_work,23.83959412574768,60058,12,1
1770223232.5781486,257_1,257,das_work,23.742887258529663,60058,12,1
1770223232.578354,256_1,256,das_work,24.516602277755737,60058,12,1
1770223232.5786211,259_1,259,das_work,24.973514318466187,60058,12,1
1770223256.6434746,256_2,256,das_work,22.131498336791992,60058,13,1
1770223256.662973,257_2,257,das_work,22.76982092857361,60058,13,1
1770223256.6721892,255_2,255,das_work,23.25227952003479,60058,13,1
1770223256.6799967,254_2,254,das_work,23.5243661403656,60058,13,1
1770223256.6834717,250_2,250,das_work,23.43360638618469,60058,13,1
1770223256.6898935,253_2,253,das_work,23.11176824569702,60058,13,1
1770223256.6910267,252_2,252,das_work,22.477367877960205,60058,13,1
1770223256.6947105,258_2,258,das_work,23.023338079452515,60058,13,1
1770223256.6949794,259_2,259,das_work,22.928458213806152,60058,13,1
1770223276.4608428,257_3,257,das_work,18.582658767700195,60058,14,1
1770223276.4807053,258_3,258,das_work,19.156977891922,60058,14,1
1770223276.4950504,255_3,255,das_work,18.257081508636475,60058,14,1
1770223276.4981165,256_3,256,das_work,18.255285263061523,60058,14,1
1770223276.499966,259_3,259,das_work,18.69235348701477,60058,14,1
1770223276.505304,253_3,253,das_work,18.45856714248657,60058,14,1
1770223276.508932,252_3,252,das_work,18.72657537460327,60058,14,1
1770223276.5102308,250_3,250,das_work,18.989145517349243,60058,14,1
1770223276.5153422,254_3,254,das_work,18.45594358444214,60058,14,1
1770223294.2796235,259_4,259,das_work,16.444561004638672,60058,15,1
1770223294.2814667,253_4,253,das_work,17.081133604049683,60058,15,1
1770223294.3336835,250_4,250,das_work,16.690145015716553,60058,15,1
1770223294.3432157,257_4,257,das_work,16.19522738456726,60058,15,1
1770223294.3436072,256_4,256,das_work,16.448724508285522,60058,15,1
1770223294.343881,252_4,252,das_work,16.896896839141846,60058,15,1
1770223294.3441646,254_4,254,das_work,16.907194137573242,60058,15,1
1770223294.3444114,258_4,258,das_work,16.528148889541626,60058,15,1
1770223294.3631394,255_4,255,das_work,17.11810612678528,60058,15,1
1770223311.0242667,251_0,251,das_work,126.7785758972168,60058,16,1
1770223326.9811716,251_1,251,das_work,14.949777603149414,60058,17,1
1770223341.3616478,251_2,251,das_work,13.654037714004517,60058,18,1
1770223357.280307,251_3,251,das_work,14.367899656295776,60058,19,1
1770223372.9221325,251_4,251,das_work,13.777435541152954,60058,20,1
1770223206.9858725,268_0,268,das_work,14.673088550567629,60058,11,1
1770223206.9862862,260_0,260,das_work,15.45000147819519,60058,11,1
1770223206.986545,269_0,269,das_work,17.269932746887207,60058,11,1
1770223207.0089734,265_0,265,das_work,13.576438665390016,60058,11,1
1770223207.00944,263_0,263,das_work,20.80245041847229,60058,11,1
1770223207.0118043,261_0,261,das_work,13.15627408027649,60058,11,1
1770223232.496733,268_1,268,das_work,24.8039767742157,60058,12,1
1770223232.5274603,263_1,263,das_work,24.292426347732544,60058,12,1
1770223232.5778131,269_1,269,das_work,24.23746109008789,60058,12,1
1770223232.578653,260_1,260,das_work,24.63869833946228,60058,12,1
1770223232.5790365,261_1,261,das_work,24.30504083633423,60058,12,1
1770223232.5792882,265_1,265,das_work,24.50299453735352,60058,12,1
1770223256.641636,269_2,269,das_work,23.413262844085693,60058,13,1
1770223256.6450405,261_2,261,das_work,23.508680820465088,60058,13,1
1770223256.6814656,260_2,260,das_work,22.618875741958615,60058,13,1
1770223256.6897955,268_2,268,das_work,22.4494206905365,60058,13,1
1770223256.7062857,263_2,263,das_work,22.789041757583615,60058,13,1
1770223256.7103944,265_2,265,das_work,23.355870008468628,60058,13,1
1770223276.471643,261_3,261,das_work,17.937906980514526,60058,14,1
1770223276.4808824,260_3,260,das_work,18.35430383682251,60058,14,1
1770223276.483449,268_3,268,das_work,18.47400665283203,60058,14,1
1770223276.4962113,269_3,269,das_work,19.302655696868896,60058,14,1
1770223276.5010936,263_3,263,das_work,19.04963517189026,60058,14,1
1770223276.5099468,265_3,265,das_work,18.397517442703247,60058,14,1
1770223294.277792,263_4,263,das_work,16.1721351146698,60058,15,1
1770223294.278468,268_4,268,das_work,15.829179286956789,60058,15,1
1770223294.2786734,260_4,260,das_work,16.150453329086304,60058,15,1
1770223294.3372514,265_4,265,das_work,17.119887590408325,60058,15,1
1770223294.3390803,269_4,269,das_work,17.266165494918823,60058,15,1
1770223294.3399162,261_4,261,das_work,16.872864246368408,60058,15,1
1770223326.8877702,264_0,264,das_work,129.07788109779358,60058,17,1
1770223326.888827,262_0,262,das_work,128.13523054122925,60058,17,1
1770223326.8891065,266_0,266,das_work,127.69687414169312,60058,17,1
1770223326.8892949,267_0,267,das_work,127.81731581687929,60058,17,1
1770223341.3625531,267_1,267,das_work,13.389482975006104,60058,18,1
1770223341.3633356,266_1,266,das_work,12.497644186019896,60058,18,1
1770223341.3946035,264_1,264,das_work,13.826924800872805,60058,18,1
1770223341.3953798,262_1,262,das_work,13.934514284133911,60058,18,1
1770223357.2838423,262_2,262,das_work,14.801321268081663,60058,19,1
1770223357.2842395,264_2,264,das_work,14.979629755020142,60058,19,1
1770223357.338531,266_2,266,das_work,14.43813943862915,60058,19,1
1770223357.3410676,267_2,267,das_work,14.652569055557253,60058,19,1
1770223372.919839,266_3,266,das_work,14.478776216506958,60058,20,1
1770223372.9273405,264_3,264,das_work,14.980482578277588,60058,20,1
1770223372.939151,267_3,267,das_work,14.111304521560667,60058,20,1
1770223372.939958,262_3,262,das_work,14.69943356513977,60058,20,1
1770223387.0870595,262_4,262,das_work,13.408220529556274,60058,21,1
1770223387.0872653,266_4,266,das_work,13.27622413635254,60058,21,1
1770223387.11389,267_4,267,das_work,13.276715278625488,60058,21,1
1770223387.167958,264_4,264,das_work,12.818786144256592,60058,21,1
1770223206.956242,279_0,279,das_work,18.72732639312744,60058,11,1
1770223206.9602816,272_0,272,das_work,19.565558433532715,60058,11,1
1770223206.9692822,271_0,271,das_work,19.5245418548584,60058,11,1
1770223206.9707694,273_0,273,das_work,17.747108697891235,60058,11,1
1770223206.9903972,278_0,278,das_work,13.095772981643677,60058,11,1
1770223207.001093,275_0,275,das_work,12.635653972625732,60058,11,1
1770223207.0025597,276_0,276,das_work,19.50675868988037,60058,11,1
1770223207.0066752,270_0,270,das_work,15.2504780292511,60058,11,1
1770223232.498031,276_1,276,das_work,23.53280067443848,60058,12,1
1770223232.507968,273_1,273,das_work,24.29212713241577,60058,12,1
1770223232.5278034,270_1,270,das_work,24.740440130233765,60058,12,1
1770223232.5291417,275_1,275,das_work,23.96814203262329,60058,12,1
1770223232.5321338,272_1,272,das_work,24.408117294311523,60058,12,1
1770223232.5539727,278_1,278,das_work,23.808454275131226,60058,12,1
1770223232.5573072,279_1,279,das_work,24.04648756980896,60058,12,1
1770223232.5578265,271_1,271,das_work,23.84095978736877,60058,12,1
1770223256.6380532,273_2,273,das_work,23.48896741867065,60058,13,1
1770223256.644113,270_2,270,das_work,23.26637029647827,60058,13,1
1770223256.6638467,272_2,272,das_work,22.449011087417603,60058,13,1
1770223256.670704,279_2,279,das_work,23.318195104599,60058,13,1
1770223256.6779113,276_2,276,das_work,23.31368970870972,60058,13,1
1770223256.6838298,271_2,271,das_work,22.64783549308777,60058,13,1
1770223256.688858,278_2,278,das_work,23.07507944107056,60058,13,1
1770223256.7060392,275_2,275,das_work,22.364920616149902,60058,13,1
1770223276.4635336,278_3,278,das_work,19.20238208770752,60058,14,1
1770223276.4857354,270_3,270,das_work,18.602004289627075,60058,14,1
1770223276.4977005,279_3,279,das_work,18.488284826278687,60058,14,1
1770223276.498792,273_3,273,das_work,19.00328779220581,60058,14,1
1770223276.508357,272_3,272,das_work,18.45498323440552,60058,14,1
1770223276.5109403,275_3,275,das_work,18.34150576591492,60058,14,1
1770223276.5125327,276_3,276,das_work,18.775386095047,60058,14,1
1770223276.512804,271_3,271,das_work,17.903016567230225,60058,14,1
1770223294.275132,270_4,270,das_work,15.818394899368286,60058,15,1
1770223294.2777023,278_4,278,das_work,15.897104501724243,60058,15,1
1770223294.2822387,271_4,271,das_work,16.47475814819336,60058,15,1
1770223294.284063,275_4,275,das_work,15.975053787231444,60058,15,1
1770223294.284271,273_4,273,das_work,16.95348572731018,60058,15,1
1770223294.333367,279_4,279,das_work,16.719356775283813,60058,15,1
1770223294.3636298,272_4,272,das_work,16.75756287574768,60058,15,1
1770223294.3664536,276_4,276,das_work,16.087544679641724,60058,15,1
1770223326.8834653,274_0,274,das_work,127.15029191970824,60058,17,1
1770223326.8837302,277_0,277,das_work,126.3069987297058,60058,17,1
1770223341.366894,277_1,277,das_work,12.504185914993286,60058,18,1
1770223341.3677373,274_1,274,das_work,12.783429145812988,60058,18,1
1770223357.276925,277_2,277,das_work,14.847486972808838,60058,19,1
1770223357.3366854,274_2,274,das_work,14.373628854751589,60058,19,1
1770223372.9198563,274_3,274,das_work,14.520788192749023,60058,20,1
1770223372.9216812,277_3,277,das_work,14.747470617294312,60058,20,1
1770223387.0849156,277_4,277,das_work,13.441057682037354,60058,21,1
1770223387.1707027,274_4,274,das_work,12.475124835968018,60058,21,1
1770223206.9667113,285_0,285,das_work,11.57418704032898,60058,11,1
1770223206.9696283,286_0,286,das_work,16.590500831604004,60058,11,1
1770223207.0004084,282_0,282,das_work,14.98425006866455,60058,11,1
1770223207.00541,284_0,284,das_work,13.789352893829346,60058,11,1
1770223232.512184,284_1,284,das_work,24.379061937332157,60058,12,1
1770223232.5211508,286_1,286,das_work,24.27559876441956,60058,12,1
1770223232.523219,282_1,282,das_work,24.39362454414368,60058,12,1
1770223232.5251272,285_1,285,das_work,24.03429770469665,60058,12,1
1770223256.6706214,284_2,284,das_work,23.34148359298706,60058,13,1
1770223256.682216,285_2,285,das_work,23.532126903533936,60058,13,1
1770223256.689015,286_2,286,das_work,22.719130992889404,60058,13,1
1770223256.6908314,282_2,282,das_work,22.92381501197815,60058,13,1
1770223276.473235,286_3,286,das_work,19.144455909729004,60058,14,1
1770223276.498183,285_3,285,das_work,17.827914476394653,60058,14,1
1770223276.5039785,284_3,284,das_work,18.79396390914917,60058,14,1
1770223276.5073557,282_3,282,das_work,18.902169704437256,60058,14,1
1770223294.2761693,285_4,285,das_work,16.675122022628784,60058,15,1
1770223294.2774067,286_4,286,das_work,16.384044647216797,60058,15,1
1770223294.368827,282_4,282,das_work,16.972926139831543,60058,15,1
1770223294.3724687,284_4,284,das_work,17.09496569633484,60058,15,1
1770223326.8877003,280_0,280,das_work,125.87464594841003,60058,17,1
1770223326.8907373,287_0,287,das_work,128.5290298461914,60058,17,1
1770223326.8909087,289_0,289,das_work,125.9235293865204,60058,17,1
1770223326.8910935,288_0,288,das_work,124.6172969341278,60058,17,1
1770223326.8912673,281_0,281,das_work,124.54029846191406,60058,17,1
1770223341.3664286,287_1,287,das_work,13.36488938331604,60058,18,1
1770223341.3672078,289_1,289,das_work,13.205236196517944,60058,18,1
1770223341.3954,281_1,281,das_work,13.56416368484497,60058,18,1
1770223341.396864,280_1,280,das_work,13.760180950164797,60058,18,1
1770223341.3971255,288_1,288,das_work,13.81181812286377,60058,18,1
1770223357.2801397,280_2,280,das_work,14.64107632637024,60058,19,1
1770223357.3467522,281_2,281,das_work,15.000279903411863,60058,19,1
1770223357.347118,289_2,289,das_work,15.315130710601808,60058,19,1
1770223357.347321,288_2,288,das_work,13.959685802459717,60058,19,1
1770223357.3480463,287_2,287,das_work,15.328531980514526,60058,19,1
1770223372.9307396,280_3,280,das_work,14.31359577178955,60058,20,1
1770223372.9318864,289_3,289,das_work,14.542303800582886,60058,20,1
1770223372.932183,281_3,281,das_work,13.675780534744264,60058,20,1
1770223372.9360332,288_3,288,das_work,13.610615968704224,60058,20,1
1770223372.9381983,287_3,287,das_work,14.47408652305603,60058,20,1
1770223387.1165192,287_4,287,das_work,12.401947259902954,60058,21,1
1770223387.1167274,289_4,289,das_work,12.80154013633728,60058,21,1
1770223387.1731791,281_4,281,das_work,13.528827905654907,60058,21,1
1770223387.1735466,280_4,280,das_work,12.769430875778198,60058,21,1
1770223387.1737814,288_4,288,das_work,13.496377944946287,60058,21,1
1770223451.3181849,283_0,283,das_work,247.86732387542725,60058,26,1
1770223464.2841191,283_1,283,das_work,11.370477676391602,60058,27,1
1770223477.1257713,283_2,283,das_work,10.898662567138672,60058,28,1
1770223489.9958377,283_3,283,das_work,10.902583360671995,60058,29,1
1770223502.9925869,283_4,283,das_work,11.955347776412964,60058,30,1
1770223206.9629724,294_0,294,das_work,14.78107452392578,60058,11,1
1770223206.963442,295_0,295,das_work,10.992518424987791,60058,11,1
1770223207.0057943,298_0,298,das_work,11.94712734222412,60058,11,1
1770223207.0116117,290_0,290,das_work,10.555777549743652,60058,11,1
1770223232.5011146,298_1,298,das_work,23.50323510169983,60058,12,1
1770223232.5061798,295_1,295,das_work,24.607081413269043,60058,12,1
1770223232.5125856,294_1,294,das_work,24.47790670394897,60058,12,1
1770223232.5253718,290_1,290,das_work,23.77195644378662,60058,12,1
1770223256.656095,290_2,290,das_work,23.421374082565308,60058,13,1
1770223256.661574,295_2,295,das_work,22.83645725250244,60058,13,1
1770223256.689121,298_2,298,das_work,22.98542308807373,60058,13,1
1770223256.710093,294_2,294,das_work,23.27415990829468,60058,13,1
1770223276.4708145,295_3,295,das_work,18.96877098083496,60058,14,1
1770223276.481322,294_3,294,das_work,18.88220906257629,60058,14,1
1770223276.499263,298_3,298,das_work,18.191453218460083,60058,14,1
1770223276.5009265,290_3,290,das_work,18.532735109329224,60058,14,1
1770223294.335822,298_4,298,das_work,17.15623688697815,60058,15,1
1770223294.3362913,294_4,294,das_work,16.746256113052368,60058,15,1
1770223294.3653548,290_4,290,das_work,16.139159202575684,60058,15,1
1770223294.3681197,295_4,295,das_work,17.373600482940674,60058,15,1
1770223326.8854437,297_0,297,das_work,127.05751609802246,60058,17,1
1770223326.885707,291_0,291,das_work,129.39413452148438,60058,17,1
1770223341.3694863,297_1,297,das_work,13.942189931869509,60058,18,1
1770223341.3698533,296_0,296,das_work,138.75776958465576,60058,18,1
1770223341.370042,291_1,291,das_work,12.859449863433838,60058,18,1
1770223357.2798092,291_2,291,das_work,14.91651177406311,60058,19,1
1770223357.3398056,297_2,297,das_work,14.307623863220217,60058,19,1
1770223357.3400586,296_1,296,das_work,15.420764923095703,60058,19,1
1770223372.9175436,297_3,297,das_work,14.038746356964111,60058,20,1
1770223372.926556,296_2,296,das_work,14.084691286087036,60058,20,1
1770223372.926961,291_3,291,das_work,14.578040838241575,60058,20,1
1770223387.0842469,297_4,297,das_work,13.263171672821043,60058,21,1
1770223387.17169,291_4,291,das_work,12.315311670303345,60058,21,1
1770223387.1719935,296_3,296,das_work,12.733500719070436,60058,21,1
1770223400.8590972,296_4,296,das_work,12.634660720825195,60058,22,1
1770223451.268865,293_0,293,das_work,248.15139245986936,60058,26,1
1770223451.3200204,299_0,299,das_work,248.29009199142456,60058,26,1
1770223451.320233,292_0,292,das_work,246.1063659191132,60058,26,1
1770223464.3382957,292_1,292,das_work,11.640533208847046,60058,27,1
1770223464.3388424,299_1,299,das_work,12.036039590835571,60058,27,1
1770223464.3390374,293_1,293,das_work,11.668253898620604,60058,27,1
1770223477.129023,299_2,299,das_work,12.158478498458862,60058,28,1
1770223477.1302938,292_2,292,das_work,10.84252953529358,60058,28,1
1770223477.1304862,293_2,293,das_work,11.101810455322266,60058,28,1
1770223490.0257037,299_3,299,das_work,11.463032960891724,60058,29,1
1770223490.0259123,293_3,293,das_work,11.423144102096558,60058,29,1
1770223490.0262165,292_3,292,das_work,11.274357795715332,60058,29,1
1770223503.0212414,292_4,292,das_work,11.305983781814575,60058,30,1
1770223503.0222504,293_4,293,das_work,11.816495895385742,60058,30,1
1770223503.0224311,299_4,299,das_work,12.125123262405396,60058,30,1
1770223151.0882883,24_0,24,das_work,12.539699792861938,60058,8,1
1770223151.1210153,21_0,21,das_work,12.992675304412842,60058,8,1
1770223151.1284194,28_0,28,das_work,5.815326929092407,60058,8,1
1770223151.1287358,26_0,26,das_work,3.0231406688690186,60058,8,1
1770223151.1297183,23_0,23,das_work,13.984632968902588,60058,8,1
1770223151.1304412,20_0,20,das_work,11.120896577835085,60058,8,1
1770223151.1306603,25_0,25,das_work,1.9435276985168457,60058,8,1
1770223151.1308515,29_0,29,das_work,8.55054521560669,60058,8,1
1770223151.131052,27_0,27,das_work,2.5128509998321533,60058,8,1
1770223166.628952,27_1,27,das_work,14.917992115020752,60058,9,1
1770223166.6307282,26_1,26,das_work,14.317461967468262,60058,9,1
1770223166.6389785,24_1,24,das_work,14.14211368560791,60058,9,1
1770223166.639204,23_1,23,das_work,14.074414014816284,60058,9,1
1770223166.6395102,28_1,28,das_work,14.322727918624878,60058,9,1
1770223166.7024906,20_1,20,das_work,13.822116374969482,60058,9,1
1770223166.7035675,21_1,21,das_work,14.564706563949583,60058,9,1
1770223166.703991,25_1,25,das_work,14.491490840911863,60058,9,1
1770223166.7043562,29_1,29,das_work,14.363386392593384,60058,9,1
1770223166.7045894,22_0,22,das_work,15.291988372802734,60058,9,1
1770223185.0246196,26_2,26,das_work,17.36438488960266,60058,10,1
1770223185.0254068,21_2,21,das_work,17.28065323829651,60058,10,1
1770223185.0256414,22_1,22,das_work,17.57415747642517,60058,10,1
1770223185.028267,27_2,27,das_work,17.855427742004395,60058,10,1
1770223185.032537,20_2,20,das_work,16.874733209609985,60058,10,1
1770223185.033651,29_2,29,das_work,17.705622911453247,60058,10,1
1770223185.0354571,25_2,25,das_work,16.75340723991394,60058,10,1
1770223185.0396106,24_2,24,das_work,16.970889568328857,60058,10,1
1770223185.042981,28_2,28,das_work,16.537195682525635,60058,10,1
1770223185.043259,23_2,23,das_work,17.43103337287903,60058,10,1
1770223206.876544,29_3,29,das_work,21.13000178337097,60058,11,1
1770223206.877251,20_3,20,das_work,19.95705533027649,60058,11,1
1770223206.9618356,28_3,28,das_work,20.82860517501831,60058,11,1
1770223206.9707856,24_3,24,das_work,20.759636878967285,60058,11,1
1770223206.980867,23_3,23,das_work,20.15745425224304,60058,11,1
1770223206.9848564,22_2,22,das_work,20.68786072731018,60058,11,1
1770223206.9864228,21_3,21,das_work,20.586281776428223,60058,11,1
1770223207.0069225,25_3,25,das_work,21.175482273101807,60058,11,1
1770223207.0077126,27_3,27,das_work,21.404688358306885,60058,11,1
1770223207.0104156,26_3,26,das_work,20.89440369606018,60058,11,1
1770223232.507351,23_4,23,das_work,23.92621922492981,60058,12,1
1770223232.5141487,27_4,27,das_work,24.33297824859619,60058,12,1
1770223232.5212672,21_4,21,das_work,24.89551997184753,60058,12,1
1770223232.5272837,20_4,20,das_work,24.16393756866455,60058,12,1
1770223232.5523062,25_4,25,das_work,23.686995029449463,60058,12,1
1770223232.5578823,29_4,29,das_work,24.03312921524048,60058,12,1
1770223232.5790396,28_4,28,das_work,23.64142727851868,60058,12,1
1770223232.579743,26_4,26,das_work,24.16753911972046,60058,12,1
1770223232.579944,24_4,24,das_work,24.291898488998413,60058,12,1
1770223232.5802572,22_3,22,das_work,24.161381244659424,60058,12,1
1770223256.6780806,22_4,22,das_work,23.12805700302124,60058,13,1
1770223206.960333,303_0,303,das_work,10.783618688583374,60058,11,1
1770223206.9606595,305_0,305,das_work,13.273857355117798,60058,11,1
1770223206.9934788,300_0,300,das_work,11.311313152313232,60058,11,1
1770223207.001443,302_0,302,das_work,10.41968059539795,60058,11,1
1770223207.0064511,306_0,306,das_work,10.526597023010254,60058,11,1
1770223232.5095212,302_1,302,das_work,24.491926670074463,60058,12,1
1770223232.5135484,303_1,303,das_work,23.826276302337646,60058,12,1
1770223232.526592,305_1,305,das_work,24.96779775619507,60058,12,1
1770223232.5575552,306_1,306,das_work,24.291598558425903,60058,12,1
1770223232.5744238,308_0,308,das_work,24.81229829788208,60058,12,1
1770223232.575235,300_1,300,das_work,23.59411072731018,60058,12,1
1770223256.662612,303_2,303,das_work,23.5175678730011,60058,13,1
1770223256.6772902,300_2,300,das_work,22.956583738327023,60058,13,1
1770223256.680063,305_2,305,das_work,22.628994464874268,60058,13,1
1770223256.6844535,308_1,308,das_work,23.203375339508057,60058,13,1
1770223256.7116342,306_2,306,das_work,23.33026647567749,60058,13,1
1770223256.7134745,302_2,302,das_work,23.007822275161743,60058,13,1
1770223276.4708524,300_3,300,das_work,18.53215503692627,60058,14,1
1770223276.482668,303_3,303,das_work,19.2454571723938,60058,14,1
1770223276.484093,308_2,308,das_work,18.36019897460937,60058,14,1
1770223276.5011778,302_3,302,das_work,18.9051775932312,60058,14,1
1770223276.5046823,306_3,306,das_work,18.11321187019348,60058,14,1
1770223276.5092008,305_3,305,das_work,18.067305088043213,60058,14,1
1770223294.2748508,303_4,303,das_work,16.8754403591156,60058,15,1
1770223294.2764308,300_4,300,das_work,16.301681756973267,60058,15,1
1770223294.2774818,308_3,308,das_work,15.970357656478882,60058,15,1
1770223294.3341012,305_4,305,das_work,16.577699422836304,60058,15,1
1770223294.3354547,306_4,306,das_work,16.140250205993652,60058,15,1
1770223294.3686674,302_4,302,das_work,16.937852382659912,60058,15,1
1770223310.9872084,308_4,308,das_work,15.468722820281982,60058,16,1
1770223326.8870118,307_0,307,das_work,129.43874168395996,60058,17,1
1770223326.8875206,309_0,309,das_work,125.04407596588136,60058,17,1
1770223326.8877122,304_0,304,das_work,126.95783758163452,60058,17,1
1770223341.3083162,307_1,307,das_work,12.906996965408323,60058,18,1
1770223341.3086095,304_1,304,das_work,12.976929426193236,60058,18,1
1770223341.362201,309_1,309,das_work,12.532962560653688,60058,18,1
1770223357.2849307,307_2,307,das_work,14.557122707366943,60058,19,1
1770223357.2856915,309_2,309,das_work,14.06177043914795,60058,19,1
1770223357.287025,304_2,304,das_work,14.119170665740969,60058,19,1
1770223372.9259443,307_3,307,das_work,13.83236026763916,60058,20,1
1770223372.930488,304_3,304,das_work,14.32927393913269,60058,20,1
1770223372.9308608,309_3,309,das_work,14.837891101837158,60058,20,1
1770223387.116396,304_4,304,das_work,12.77975344657898,60058,21,1
1770223387.1166406,309_4,309,das_work,12.370861291885376,60058,21,1
1770223387.1685193,307_4,307,das_work,13.014245748519896,60058,21,1
1770223451.268891,301_0,301,das_work,248.14310812950131,60058,26,1
1770223464.2837806,301_1,301,das_work,11.994451999664308,60058,27,1
1770223477.125883,301_2,301,das_work,11.156846761703491,60058,28,1
1770223489.9950857,301_3,301,das_work,11.507056713104248,60058,29,1
1770223502.9928071,301_4,301,das_work,12.464145183563232,60058,30,1
1770223206.9928164,313_0,313,das_work,11.347145318984984,60058,11,1
1770223232.495498,313_1,313,das_work,24.36790108680725,60058,12,1
1770223232.5347788,315_0,315,das_work,23.12724995613098,60058,12,1
1770223256.7053702,313_2,313,das_work,22.35371351242065,60058,13,1
1770223256.7061377,315_1,315,das_work,23.386059284210205,60058,13,1
1770223276.499602,313_3,313,das_work,18.832322597503666,60058,14,1
1770223276.5073688,315_2,315,das_work,17.907883167266846,60058,14,1
1770223294.3605847,315_3,315,das_work,17.16526699066162,60058,15,1
1770223294.3719308,313_4,313,das_work,16.459036827087402,60058,15,1
1770223310.9901557,315_4,315,das_work,14.865397453308104,60058,16,1
1770223326.8838508,319_0,319,das_work,125.30343627929688,60058,17,1
1770223326.8840597,314_0,314,das_work,126.56077122688292,60058,17,1
1770223326.9140458,312_0,312,das_work,127.65469670295715,60058,17,1
1770223326.9142482,310_0,310,das_work,124.83088755607604,60058,17,1
1770223326.9145613,311_0,311,das_work,128.70200848579407,60058,17,1
1770223341.365965,312_1,312,das_work,12.90291428565979,60058,18,1
1770223341.3668988,314_1,314,das_work,12.710745573043823,60058,18,1
1770223341.3983414,319_1,319,das_work,13.622800588607788,60058,18,1
1770223341.3987195,311_1,311,das_work,12.747249603271484,60058,18,1
1770223341.398915,310_1,310,das_work,13.47264313697815,60058,18,1
1770223357.2884293,311_2,311,das_work,15.336804389953612,60058,19,1
1770223357.292602,310_2,310,das_work,15.295264720916748,60058,19,1
1770223357.29297,314_2,314,das_work,14.70646357536316,60058,19,1
1770223357.2932613,312_2,312,das_work,14.583481788635254,60058,19,1
1770223357.2934525,319_2,319,das_work,14.476892948150637,60058,19,1
1770223372.929044,312_3,312,das_work,14.919505834579468,60058,20,1
1770223372.9316068,319_3,319,das_work,14.643295764923096,60058,20,1
1770223372.9319732,311_3,311,das_work,14.266529083251951,60058,20,1
1770223372.936391,310_3,310,das_work,14.292004823684692,60058,20,1
1770223372.9384656,314_3,314,das_work,13.95775318145752,60058,20,1
1770223387.086162,310_4,310,das_work,13.603875875473022,60058,21,1
1770223387.0864358,312_4,312,das_work,13.44008994102478,60058,21,1
1770223387.114596,311_4,311,das_work,12.874422073364258,60058,21,1
1770223387.1723037,314_4,314,das_work,12.303171873092651,60058,21,1
1770223387.1725776,319_4,319,das_work,12.822827577590942,60058,21,1
1770223451.2713065,318_0,318,das_work,248.3655526638031,60058,26,1
1770223451.2715106,316_0,316,das_work,247.32878804206848,60058,26,1
1770223451.318508,317_0,317,das_work,246.2124559879303,60058,26,1
1770223464.338743,318_1,318,das_work,12.459330081939695,60058,27,1
1770223464.3392415,316_1,316,das_work,11.15281581878662,60058,27,1
1770223464.3394325,317_1,317,das_work,12.103013515472412,60058,27,1
1770223477.1293936,317_2,317,das_work,11.97427248954773,60058,28,1
1770223477.1299796,318_2,318,das_work,10.973467826843262,60058,28,1
1770223477.1301775,316_2,316,das_work,12.20274257659912,60058,28,1
1770223490.0256402,316_3,316,das_work,11.181713581085203,60058,29,1
1770223490.026008,318_3,318,das_work,11.18060541152954,60058,29,1
1770223490.0262656,317_3,317,das_work,11.12261414527893,60058,29,1
1770223503.022637,318_4,318,das_work,11.200220823287964,60058,30,1
1770223503.022828,316_4,316,das_work,11.622163534164429,60058,30,1
1770223503.023066,317_4,317,das_work,11.79947829246521,60058,30,1
1770223232.4949305,324_0,324,das_work,23.03946208953857,60058,12,1
1770223232.5016718,321_0,321,das_work,23.022584676742557,60058,12,1
1770223232.56056,325_0,325,das_work,22.4593243598938,60058,12,1
1770223232.5608437,326_0,326,das_work,21.10149645805359,60058,12,1
1770223256.6394262,324_1,324,das_work,23.6052770614624,60058,13,1
1770223256.6549475,321_1,321,das_work,22.375252962112427,60058,13,1
1770223256.6773694,325_1,325,das_work,22.15484642982483,60058,13,1
1770223256.7057798,326_1,326,das_work,23.53259539604187,60058,13,1
1770223276.4607177,326_2,326,das_work,18.58952736854553,60058,14,1
1770223276.47141,324_2,324,das_work,18.11722230911255,60058,14,1
1770223276.482465,325_2,325,das_work,18.31202173233032,60058,14,1
1770223276.4998925,321_2,321,das_work,18.58130121231079,60058,14,1
1770223294.2761052,324_3,324,das_work,17.091360092163086,60058,15,1
1770223294.27644,321_3,321,das_work,16.908514738082886,60058,15,1
1770223294.3591025,326_3,326,das_work,16.642308473587036,60058,15,1
1770223294.3648863,325_3,325,das_work,16.54897689819336,60058,15,1
1770223310.9900742,324_4,324,das_work,14.846662282943726,60058,16,1
1770223311.0056682,321_4,321,das_work,15.507660865783691,60058,16,1
1770223311.009425,325_4,325,das_work,15.352703332901,60058,16,1
1770223311.0095985,326_4,326,das_work,14.939433813095093,60058,16,1
1770223326.885261,328_0,328,das_work,128.85451579093933,60058,17,1
1770223326.8854694,320_0,320,das_work,128.83569145202637,60058,17,1
1770223326.9105506,327_0,327,das_work,126.41999650001526,60058,17,1
1770223326.9107728,322_0,322,das_work,128.7226860523224,60058,17,1
1770223341.3599832,320_1,320,das_work,13.013392210006714,60058,18,1
1770223341.3973944,328_1,328,das_work,13.980528593063354,60058,18,1
1770223341.3985271,327_1,327,das_work,13.079887628555298,60058,18,1
1770223341.3987863,322_1,322,das_work,13.330694198608398,60058,18,1
1770223357.2893186,322_2,322,das_work,14.446582794189451,60058,19,1
1770223357.2900782,328_2,328,das_work,14.101457357406616,60058,19,1
1770223357.2903886,320_2,320,das_work,15.118380308151243,60058,19,1
1770223357.290647,327_2,327,das_work,14.217294931411743,60058,19,1
1770223372.916929,320_3,320,das_work,14.787389278411863,60058,20,1
1770223372.9402692,327_3,327,das_work,14.977895736694336,60058,20,1
1770223372.941024,328_3,328,das_work,14.499391794204712,60058,20,1
1770223372.9412992,322_3,322,das_work,14.569115400314333,60058,20,1
1770223387.0869558,322_4,322,das_work,13.567118167877195,60058,21,1
1770223387.087275,327_4,327,das_work,13.25868797302246,60058,21,1
1770223387.172088,320_4,320,das_work,12.844505548477173,60058,21,1
1770223387.1722867,328_4,328,das_work,12.862141132354736,60058,21,1
1770223451.3195026,329_0,329,das_work,245.59135460853577,60058,26,1
1770223451.319784,323_0,323,das_work,246.48606157302856,60058,26,1
1770223464.337464,323_1,323,das_work,12.516539573669434,60058,27,1
1770223464.337754,329_1,329,das_work,12.326826572418211,60058,27,1
1770223477.127843,323_2,323,das_work,11.330840826034546,60058,28,1
1770223477.128114,329_2,329,das_work,11.496541500091553,60058,28,1
1770223490.024002,323_3,323,das_work,11.553221464157104,60058,29,1
1770223490.0469754,329_3,329,das_work,11.29770016670227,60058,29,1
1770223503.020593,323_4,323,das_work,12.185437679290771,60058,30,1
1770223503.02092,329_4,329,das_work,12.199374914169312,60058,30,1
1770223232.5076065,337_0,337,das_work,23.98953056335449,60058,12,1
1770223232.513446,330_0,330,das_work,20.175296783447266,60058,12,1
1770223232.5252707,338_0,338,das_work,24.901381015777588,60058,12,1
1770223232.534299,335_0,335,das_work,24.436012029647827,60058,12,1
1770223232.5352046,336_0,336,das_work,21.543930530548096,60058,12,1
1770223232.5528083,333_0,333,das_work,24.172828435897827,60058,12,1
1770223232.5582628,339_0,339,das_work,22.56767606735229,60058,12,1
1770223256.640593,337_1,337,das_work,23.142338037490845,60058,13,1
1770223256.6715832,336_1,336,das_work,22.272876739501957,60058,13,1
1770223256.6733148,335_1,335,das_work,22.29862666130066,60058,13,1
1770223256.6943562,338_1,338,das_work,23.428406476974487,60058,13,1
1770223256.6945536,339_1,339,das_work,23.635165452957157,60058,13,1
1770223256.7008767,330_1,330,das_work,23.139290809631348,60058,13,1
1770223256.710962,333_1,333,das_work,22.70184135437012,60058,13,1
1770223276.4721518,333_2,333,das_work,18.296664714813232,60058,14,1
1770223276.4744284,337_2,337,das_work,18.48608922958374,60058,14,1
1770223276.505429,338_2,338,das_work,18.58834481239319,60058,14,1
1770223276.5138898,336_2,336,das_work,18.794275522232056,60058,14,1
1770223276.514102,335_2,335,das_work,18.939171314239506,60058,14,1
1770223276.5144238,330_2,330,das_work,19.03191328048706,60058,14,1
1770223276.5146294,339_2,339,das_work,17.828625440597534,60058,14,1
1770223294.2836432,335_3,335,das_work,16.169668197631836,60058,15,1
1770223294.2841218,338_3,338,das_work,15.885883808135986,60058,15,1
1770223294.284319,337_3,337,das_work,15.936845779418944,60058,15,1
1770223294.2846029,333_3,333,das_work,16.04085612297058,60058,15,1
1770223294.3332644,339_3,339,das_work,16.97337579727173,60058,15,1
1770223294.3358688,336_3,336,das_work,16.642935037612915,60058,15,1
1770223294.3617337,330_3,330,das_work,16.046037673950195,60058,15,1
1770223310.9956722,333_4,333,das_work,16.204559326171875,60058,16,1
1770223311.001999,339_4,339,das_work,15.12604832649231,60058,16,1
1770223311.0043595,336_4,336,das_work,15.909607648849487,60058,16,1
1770223311.0286877,337_4,337,das_work,15.47764539718628,60058,16,1
1770223311.030647,330_4,330,das_work,15.526171684265137,60058,16,1
1770223311.030925,335_4,335,das_work,15.916988849639893,60058,16,1
1770223311.0318043,338_4,338,das_work,15.609105825424194,60058,16,1
1770223326.8826466,332_0,332,das_work,125.48217940330504,60058,17,1
1770223326.8839362,334_0,334,das_work,124.44013714790344,60058,17,1
1770223341.3672624,334_1,334,das_work,13.443490266799929,60058,18,1
1770223341.3674717,332_1,332,das_work,12.713443040847778,60058,18,1
1770223357.2804346,334_2,334,das_work,14.595595836639404,60058,19,1
1770223357.3380747,332_2,332,das_work,14.207235336303713,60058,19,1
1770223372.9201944,332_3,332,das_work,15.00086545944214,60058,20,1
1770223372.9236712,334_3,334,das_work,14.071725130081177,60058,20,1
1770223387.0843284,334_4,334,das_work,13.224660634994509,60058,21,1
1770223387.1691284,332_4,332,das_work,12.72353482246399,60058,21,1
1770223451.2685354,331_0,331,das_work,247.0655267238617,60058,26,1
1770223464.2841206,331_1,331,das_work,11.997791528701782,60058,27,1
1770223477.1251886,331_2,331,das_work,11.254597425460815,60058,28,1
1770223489.9969113,331_3,331,das_work,12.0467209815979,60058,29,1
1770223502.9456909,331_4,331,das_work,11.573129892349243,60058,30,1
1770223232.5000565,348_0,348,das_work,17.129937410354614,60058,12,1
1770223232.5155268,340_0,340,das_work,23.272153615951535,60058,12,1
1770223232.521885,349_0,349,das_work,25.726258754730225,60058,12,1
1770223232.5327208,341_0,341,das_work,23.7342381477356,60058,12,1
1770223232.535018,344_0,344,das_work,21.3246910572052,60058,12,1
1770223232.5496838,347_0,347,das_work,19.747745513916016,60058,12,1
1770223256.6411953,344_1,344,das_work,22.20963215827942,60058,13,1
1770223256.66113,340_1,340,das_work,22.73887538909912,60058,13,1
1770223256.6635506,349_1,349,das_work,22.789356470108032,60058,13,1
1770223256.671213,341_1,341,das_work,22.68614935874939,60058,13,1
1770223256.7148342,347_1,347,das_work,22.537360668182373,60058,13,1
1770223256.715087,348_1,348,das_work,23.65615963935852,60058,13,1
1770223276.4647834,348_2,348,das_work,18.882975339889526,60058,14,1
1770223276.47084,347_2,347,das_work,18.151493787765503,60058,14,1
1770223276.4850152,340_2,340,das_work,19.310570001602173,60058,14,1
1770223276.4997077,341_2,341,das_work,19.16691327095032,60058,14,1
1770223276.5027573,349_2,349,das_work,18.008490800857544,60058,14,1
1770223276.5105236,344_2,344,das_work,18.360175371170044,60058,14,1
1770223294.275071,349_3,349,das_work,16.332979679107666,60058,15,1
1770223294.279178,347_3,347,das_work,17.091872453689575,60058,15,1
1770223294.2793863,340_3,340,das_work,16.6608407497406,60058,15,1
1770223294.280199,341_3,341,das_work,16.629130363464355,60058,15,1
1770223294.36513,348_3,348,das_work,16.17200994491577,60058,15,1
1770223294.3687005,344_3,344,das_work,16.54122233390808,60058,15,1
1770223310.9874773,341_4,341,das_work,15.021501302719116,60058,16,1
1770223311.0345523,340_4,340,das_work,14.858561992645264,60058,16,1
1770223311.035826,344_4,344,das_work,14.892409324645996,60058,16,1
1770223311.0360274,348_4,348,das_work,14.97258996963501,60058,16,1
1770223311.0362408,349_4,349,das_work,14.99257516860962,60058,16,1
1770223311.0366428,347_4,347,das_work,15.479097366333008,60058,16,1
1770223451.2737615,342_0,342,das_work,244.98265409469604,60058,26,1
1770223451.2740648,345_0,345,das_work,245.28934741020203,60058,26,1
1770223451.274232,343_0,343,das_work,246.04045510292053,60058,26,1
1770223451.2744772,346_0,346,das_work,245.9180192947388,60058,26,1
1770223464.239758,345_1,345,das_work,11.37590193748474,60058,27,1
1770223464.2400427,342_1,342,das_work,11.349785804748535,60058,27,1
1770223464.240348,346_1,346,das_work,12.189472675323486,60058,27,1
1770223464.3405242,343_1,343,das_work,11.24808406829834,60058,27,1
1770223477.1283555,343_2,343,das_work,12.223721504211426,60058,28,1
1770223477.1286323,342_2,342,das_work,11.520566940307615,60058,28,1
1770223477.1770096,345_2,345,das_work,12.280174255371094,60058,28,1
1770223477.1773126,346_2,346,das_work,11.194326639175417,60058,28,1
1770223490.073629,345_3,345,das_work,11.218093395233154,60058,29,1
1770223490.075443,346_3,346,das_work,11.962982177734377,60058,29,1
1770223490.075909,342_3,342,das_work,12.068063259124756,60058,29,1
1770223490.0760896,343_3,343,das_work,11.730450630187988,60058,29,1
1770223502.9474132,343_4,343,das_work,12.322789192199709,60058,30,1
1770223502.9482782,345_4,345,das_work,12.226945638656616,60058,30,1
1770223502.9486094,342_4,342,das_work,11.84599256515503,60058,30,1
1770223502.9934394,346_4,346,das_work,12.20332932472229,60058,30,1
1770223232.49125,359_0,359,das_work,15.62864589691162,60058,12,1
1770223232.5020912,358_0,358,das_work,15.393534421920776,60058,12,1
1770223232.5064769,350_0,350,das_work,14.807194471359251,60058,12,1
1770223232.5255632,357_0,357,das_work,23.24866557121277,60058,12,1
1770223232.560563,351_0,351,das_work,25.755231380462646,60058,12,1
1770223232.5608704,353_0,353,das_work,20.14542889595032,60058,12,1
1770223256.6413343,353_1,353,das_work,23.32076621055603,60058,13,1
1770223256.6431365,357_1,357,das_work,23.350600242614743,60058,13,1
1770223256.6618142,359_1,359,das_work,23.299632787704468,60058,13,1
1770223256.6679616,351_1,351,das_work,22.65178942680359,60058,13,1
1770223256.6831229,350_1,350,das_work,23.2188732624054,60058,13,1
1770223256.6925242,358_1,358,das_work,22.83936834335327,60058,13,1
1770223276.4691274,350_2,350,das_work,18.092304944992065,60058,14,1
1770223276.4842577,358_2,358,das_work,17.881972789764404,60058,14,1
1770223276.4987154,359_2,359,das_work,18.365140676498413,60058,14,1
1770223276.5020988,351_2,351,das_work,18.35726022720337,60058,14,1
1770223276.5059748,357_2,357,das_work,18.665074110031128,60058,14,1
1770223276.516183,353_2,353,das_work,18.50928401947021,60058,14,1
1770223294.274395,350_3,350,das_work,16.384532690048218,60058,15,1
1770223294.2788088,359_3,359,das_work,16.845757007598877,60058,15,1
1770223294.2798808,357_3,357,das_work,16.372512102127075,60058,15,1
1770223294.2800784,353_3,353,das_work,16.366681337356567,60058,15,1
1770223294.3627644,351_3,351,das_work,16.52356791496277,60058,15,1
1770223294.369215,358_3,358,das_work,16.565669775009155,60058,15,1
1770223310.9922469,353_4,353,das_work,16.188413381576538,60058,16,1
1770223311.007602,357_4,357,das_work,15.145326852798462,60058,16,1
1770223311.0101538,350_4,350,das_work,15.2866051197052,60058,16,1
1770223311.0105631,351_4,351,das_work,15.212125301361084,60058,16,1
1770223311.0108194,359_4,359,das_work,15.447659969329834,60058,16,1
1770223311.023439,358_4,358,das_work,16.05579113960266,60058,16,1
1770223451.2721944,355_0,355,das_work,245.85638451576236,60058,26,1
1770223451.27414,354_0,354,das_work,246.652405500412,60058,26,1
1770223451.274347,356_0,356,das_work,245.63521242141724,60058,26,1
1770223451.2746763,352_0,352,das_work,244.80153942108157,60058,26,1
1770223464.3343246,355_1,355,das_work,12.401448726654053,60058,27,1
1770223464.3414755,354_1,354,das_work,11.626171350479126,60058,27,1
1770223464.342422,356_1,356,das_work,11.952552795410156,60058,27,1
1770223464.3426,352_1,352,das_work,12.1157386302948,60058,27,1
1770223477.1256857,356_2,356,das_work,11.820841073989868,60058,28,1
1770223477.1775155,354_2,354,das_work,12.049830198287964,60058,28,1
1770223477.178849,352_2,352,das_work,11.62999701499939,60058,28,1
1770223477.179073,355_2,355,das_work,11.925041913986206,60058,28,1
1770223490.0224,356_3,356,das_work,11.155350923538208,60058,29,1
1770223490.022722,355_3,355,das_work,10.924957275390623,60058,29,1
1770223490.048851,352_3,352,das_work,11.58446455001831,60058,29,1
1770223490.0491052,354_3,354,das_work,11.09290099143982,60058,29,1
1770223502.9502733,355_4,355,das_work,11.005165338516235,60058,30,1
1770223502.95046,354_4,354,das_work,11.339850664138794,60058,30,1
1770223502.95077,356_4,356,das_work,11.662382125854492,60058,30,1
1770223502.95097,352_4,352,das_work,11.997638940811155,60058,30,1
1770223232.4977827,367_0,367,das_work,21.2672016620636,60058,12,1
1770223232.5132537,363_0,363,das_work,15.4449942111969,60058,12,1
1770223232.5214467,368_0,368,das_work,21.86140751838684,60058,12,1
1770223232.5272193,362_0,362,das_work,18.44417762756348,60058,12,1
1770223232.5294385,361_0,361,das_work,21.070091485977173,60058,12,1
1770223232.5339942,366_0,366,das_work,24.224109888076782,60058,12,1
1770223232.5484138,369_0,369,das_work,16.131773471832275,60058,12,1
1770223232.5587714,365_0,365,das_work,25.124032258987427,60058,12,1
1770223256.6571572,361_1,361,das_work,23.20648169517517,60058,13,1
1770223256.6606443,366_1,366,das_work,22.459148645401,60058,13,1
1770223256.6719038,362_1,362,das_work,23.159045219421387,60058,13,1
1770223256.682811,363_1,363,das_work,23.4575035572052,60058,13,1
1770223256.688557,367_1,367,das_work,23.542473793029785,60058,13,1
1770223256.6923325,369_1,369,das_work,22.661354541778564,60058,13,1
1770223256.702553,365_1,365,das_work,22.588607788085938,60058,13,1
1770223256.712994,368_1,368,das_work,23.5623836517334,60058,13,1
1770223276.4656918,363_2,363,das_work,18.37074041366577,60058,14,1
1770223276.4749668,365_2,365,das_work,18.23752188682556,60058,14,1
1770223276.4973042,368_2,368,das_work,19.06899929046631,60058,14,1
1770223276.5075684,369_2,369,das_work,18.48814368247986,60058,14,1
1770223276.5096743,367_2,367,das_work,19.112166166305546,60058,14,1
1770223276.5098836,361_2,361,das_work,18.385469436645508,60058,14,1
1770223276.5108736,362_2,362,das_work,18.157592058181763,60058,14,1
1770223276.5158708,366_2,366,das_work,18.22768878936768,60058,14,1
1770223294.2787914,369_3,369,das_work,16.627723217010498,60058,15,1
1770223294.282029,365_3,365,das_work,16.815492153167725,60058,15,1
1770223294.282833,362_3,362,das_work,16.96956992149353,60058,15,1
1770223294.2831402,368_3,368,das_work,16.429067850112915,60058,15,1
1770223294.339689,363_3,363,das_work,15.963700771331789,60058,15,1
1770223294.3400426,361_3,361,das_work,15.9552161693573,60058,15,1
1770223294.340255,366_3,366,das_work,16.56702470779419,60058,15,1
1770223294.3670564,367_3,367,das_work,17.206464290618896,60058,15,1
1770223311.0038416,369_4,369,das_work,15.696566343307495,60058,16,1
1770223311.0077193,366_4,366,das_work,16.162821292877197,60058,16,1
1770223311.0085046,368_4,368,das_work,14.864582300186155,60058,16,1
1770223311.025059,365_4,365,das_work,15.69556474685669,60058,16,1
1770223311.026721,363_4,363,das_work,15.426014184951782,60058,16,1
1770223311.0271366,361_4,361,das_work,15.320932865142822,60058,16,1
1770223311.0285132,367_4,367,das_work,16.11278986930847,60058,16,1
1770223311.029478,362_4,362,das_work,16.08674931526184,60058,16,1
1770223451.318287,360_0,360,das_work,246.2330060005188,60058,26,1
1770223464.335832,364_0,364,das_work,244.47173953056333,60058,27,1
1770223464.336173,360_1,360,das_work,12.133715391159058,60058,27,1
1770223477.1282303,364_1,364,das_work,11.645171642303469,60058,28,1
1770223477.1285086,360_2,360,das_work,11.383020639419556,60058,28,1
1770223490.022505,360_3,360,das_work,11.790255784988403,60058,29,1
1770223490.023626,364_2,364,das_work,11.505023717880247,60058,29,1
1770223502.9453552,360_4,360,das_work,11.314444780349731,60058,30,1
1770223502.9929247,364_3,364,das_work,11.502047777175903,60058,30,1
1770223515.347403,364_4,364,das_work,11.57198405265808,60058,31,1
1770223232.500421,372_0,372,das_work,18.817638158798218,60058,12,1
1770223232.5149574,376_0,376,das_work,22.63213801383972,60058,12,1
1770223232.533962,379_0,379,das_work,22.927770853042603,60058,12,1
1770223232.5483067,374_0,374,das_work,24.76546740531921,60058,12,1
1770223232.5587869,377_0,377,das_work,23.54195189476013,60058,12,1
1770223232.5736651,373_0,373,das_work,21.901592254638672,60058,12,1
1770223232.5739667,378_0,378,das_work,23.09997534751892,60058,12,1
1770223256.6438727,374_1,374,das_work,23.36491322517395,60058,13,1
1770223256.6543653,379_1,379,das_work,23.08690571784973,60058,13,1
1770223256.6719427,372_1,372,das_work,22.298448085784912,60058,13,1
1770223256.6721494,373_1,373,das_work,23.199382066726685,60058,13,1
1770223256.6847885,370_0,370,das_work,38.10360741615296,60058,13,1
1770223256.691304,377_1,377,das_work,22.213899850845337,60058,13,1
1770223256.692531,376_1,376,das_work,23.176332473754883,60058,13,1
1770223256.6939108,378_1,378,das_work,23.206290245056152,60058,13,1
1770223276.470974,373_2,373,das_work,17.844244718551636,60058,14,1
1770223276.4831133,379_2,379,das_work,17.965473413467407,60058,14,1
1770223276.496601,377_2,377,das_work,19.24474596977234,60058,14,1
1770223276.5007322,376_2,376,das_work,18.13750982284546,60058,14,1
1770223276.5179582,370_1,370,das_work,18.32465696334839,60058,14,1
1770223276.5187497,378_2,378,das_work,17.833231449127197,60058,14,1
1770223276.5195365,372_2,372,das_work,18.02890706062317,60058,14,1
1770223276.5197904,374_2,374,das_work,18.08396601676941,60058,14,1
1770223294.277561,376_3,376,das_work,16.094523668289185,60058,15,1
1770223294.2779264,370_2,370,das_work,16.56436777114868,60058,15,1
1770223294.3414352,377_3,377,das_work,16.871265411376953,60058,15,1
1770223294.3425636,374_3,374,das_work,16.981239080429077,60058,15,1
1770223294.3428504,379_3,379,das_work,16.6656551361084,60058,15,1
1770223294.34305,378_3,378,das_work,16.058542728424072,60058,15,1
1770223294.364337,373_3,373,das_work,17.112820148468018,60058,15,1
1770223294.369566,372_3,372,das_work,16.784372568130493,60058,15,1
1770223310.9959092,370_3,370,das_work,15.687974214553831,60058,16,1
1770223311.000573,373_4,373,das_work,15.96096158027649,60058,16,1
1770223311.0036492,379_4,379,das_work,15.270076274871826,60058,16,1
1770223311.00566,378_4,378,das_work,15.058878183364868,60058,16,1
1770223311.006832,376_4,376,das_work,15.786528825759888,60058,16,1
1770223311.0087512,374_4,374,das_work,15.99684762954712,60058,16,1
1770223311.026269,372_4,372,das_work,15.781204462051392,60058,16,1
1770223311.026774,377_4,377,das_work,15.159011363983154,60058,16,1
1770223326.9837172,370_4,370,das_work,14.666344165802002,60058,17,1
1770223464.2838044,371_0,371,das_work,243.53734874725345,60058,27,1
1770223464.3350148,375_0,375,das_work,245.43017172813416,60058,27,1
1770223477.1266654,371_1,371,das_work,12.166141748428345,60058,28,1
1770223477.149746,375_1,375,das_work,11.618596076965332,60058,28,1
1770223490.02292,375_2,375,das_work,11.274659395217896,60058,29,1
1770223490.0231826,371_2,371,das_work,11.880640268325806,60058,29,1
1770223502.9451244,375_3,375,das_work,11.113092422485352,60058,30,1
1770223502.993254,371_3,371,das_work,11.998707294464111,60058,30,1
1770223515.3481798,371_4,371,das_work,11.275579452514648,60058,31,1
1770223515.396391,375_4,375,das_work,10.69602084159851,60058,31,1
1770223232.5035007,382_0,382,das_work,14.651426792144775,60058,12,1
1770223232.5237122,381_0,381,das_work,21.020840644836422,60058,12,1
1770223232.523986,385_0,385,das_work,21.591480255126957,60058,12,1
1770223232.5247762,383_0,383,das_work,15.695631504058838,60058,12,1
1770223232.528786,389_0,389,das_work,16.998194456100464,60058,12,1
1770223232.5324278,387_0,387,das_work,18.716976165771484,60058,12,1
1770223256.6452632,387_1,387,das_work,22.217592477798465,60058,13,1
1770223256.646054,383_1,383,das_work,22.5465829372406,60058,13,1
1770223256.6687863,385_1,385,das_work,23.35675430297852,60058,13,1
1770223256.681914,382_1,382,das_work,23.54304838180542,60058,13,1
1770223256.6887274,389_1,389,das_work,23.596218585968018,60058,13,1
1770223256.7026525,381_1,381,das_work,22.46286916732788,60058,13,1
1770223276.4692216,381_2,381,das_work,19.02483105659485,60058,14,1
1770223276.4709609,385_2,385,das_work,17.984954595565796,60058,14,1
1770223276.4830573,387_2,387,das_work,18.752853631973267,60058,14,1
1770223276.4851446,389_2,389,das_work,18.398996591567997,60058,14,1
1770223276.501258,382_2,382,das_work,18.379375219345093,60058,14,1
1770223276.5072453,383_2,383,das_work,18.73877787590027,60058,14,1
1770223294.2749765,387_3,387,das_work,16.97734522819519,60058,15,1
1770223294.2797308,381_3,381,das_work,16.42100429534912,60058,15,1
1770223294.2818244,382_3,382,das_work,17.056492805480957,60058,15,1
1770223294.2825804,383_3,383,das_work,16.92634868621826,60058,15,1
1770223294.364972,389_3,389,das_work,16.420592546463013,60058,15,1
1770223294.366555,385_3,385,das_work,16.885340929031372,60058,15,1
1770223311.037578,385_4,385,das_work,16.126870155334473,60058,16,1
1770223311.0378313,389_4,389,das_work,15.632016897201538,60058,16,1
1770223311.038126,383_4,383,das_work,15.305079460144045,60058,16,1
1770223311.0384245,387_4,387,das_work,15.346974849700928,60058,16,1
1770223311.0386071,381_4,381,das_work,15.827820777893066,60058,16,1
1770223311.0388062,382_4,382,das_work,15.97032880783081,60058,16,1
1770223357.340875,386_0,386,das_work,133.01459550857544,60058,19,1
1770223357.3419845,388_0,388,das_work,134.86205101013184,60058,19,1
1770223372.9235272,388_1,388,das_work,13.61919116973877,60058,20,1
1770223372.923813,386_1,386,das_work,13.8033926486969,60058,20,1
1770223387.114172,388_2,388,das_work,12.890907049179075,60058,21,1
1770223387.169266,386_2,386,das_work,12.9371235370636,60058,21,1
1770223400.86191,388_3,388,das_work,12.645021438598633,60058,22,1
1770223400.8621235,386_3,386,das_work,11.784160614013672,60058,22,1
1770223414.3788197,386_4,386,das_work,12.451659202575684,60058,23,1
1770223414.4074247,388_4,388,das_work,11.960280418395996,60058,23,1
1770223464.3356245,384_0,384,das_work,243.68173480033877,60058,27,1
1770223464.3364327,380_0,380,das_work,244.71954798698425,60058,27,1
1770223477.125455,384_1,384,das_work,11.53600263595581,60058,28,1
1770223477.149863,380_1,380,das_work,10.914710521697998,60058,28,1
1770223489.9956262,384_2,384,das_work,11.39122438430786,60058,29,1
1770223490.023912,380_2,380,das_work,11.01855206489563,60058,29,1
1770223502.9957335,384_3,384,das_work,11.413123846054075,60058,30,1
1770223502.9959266,380_3,380,das_work,12.019094467163086,60058,30,1
1770223515.3967395,380_4,380,das_work,11.068206787109377,60058,31,1
1770223515.396936,384_4,384,das_work,10.846670627593994,60058,31,1
1770223232.5073826,398_0,398,das_work,14.191511631011965,60058,12,1
1770223232.5078228,396_0,396,das_work,14.02872610092163,60058,12,1
1770223256.6692903,398_1,398,das_work,23.03142499923706,60058,13,1
1770223256.710824,396_1,396,das_work,22.804341554641724,60058,13,1
1770223276.4723256,396_2,396,das_work,19.23907256126404,60058,14,1
1770223276.5155935,398_2,398,das_work,18.004549503326416,60058,14,1
1770223294.3628044,396_3,396,das_work,16.849364280700684,60058,15,1
1770223294.365455,398_3,398,das_work,16.91794729232788,60058,15,1
1770223310.9955306,398_4,398,das_work,16.1264545917511,60058,16,1
1770223310.9997244,396_4,396,das_work,15.161002159118652,60058,16,1
1770223357.289623,399_0,399,das_work,133.11189532279968,60058,19,1
1770223357.2898903,397_0,397,das_work,134.37427401542664,60058,19,1
1770223357.290265,391_0,391,das_work,131.16829586029053,60058,19,1
1770223357.2905214,394_0,394,das_work,130.54665637016296,60058,19,1
1770223357.346108,390_0,390,das_work,135.1435890197754,60058,19,1
1770223357.346516,395_0,395,das_work,136.25209212303162,60058,19,1
1770223357.346709,393_0,393,das_work,135.89066696166992,60058,19,1
1770223372.9217026,395_1,395,das_work,14.729771375656128,60058,20,1
1770223372.9221957,399_1,399,das_work,13.9248948097229,60058,20,1
1770223372.9304545,391_1,391,das_work,13.688547134399414,60058,20,1
1770223372.9357784,393_1,393,das_work,14.35560703277588,60058,20,1
1770223372.937955,397_1,397,das_work,14.016976118087769,60058,20,1
1770223372.9381545,390_1,390,das_work,14.623112201690674,60058,20,1
1770223372.9395194,394_1,394,das_work,14.73265528678894,60058,20,1
1770223387.0917826,395_2,395,das_work,13.105016469955444,60058,21,1
1770223387.09208,399_2,399,das_work,12.695067167282104,60058,21,1
1770223387.0928078,394_2,394,das_work,12.516935348510742,60058,21,1
1770223387.0935955,390_2,390,das_work,13.42243194580078,60058,21,1
1770223387.0941389,391_2,391,das_work,13.439270496368408,60058,21,1
1770223387.0943203,393_2,393,das_work,13.528712272644045,60058,21,1
1770223387.114558,397_2,397,das_work,13.282395839691162,60058,21,1
1770223400.855073,393_3,393,das_work,12.128703117370604,60058,22,1
1770223400.8553946,399_3,399,das_work,12.326740980148315,60058,22,1
1770223400.8631127,391_3,391,das_work,13.140940189361572,60058,22,1
1770223400.8655992,395_3,395,das_work,12.487740993499756,60058,22,1
1770223400.8660705,394_3,394,das_work,12.202155590057371,60058,22,1
1770223400.8662796,390_3,390,das_work,12.84268069267273,60058,22,1
1770223400.885281,397_3,397,das_work,13.08412504196167,60058,22,1
1770223414.36094,391_4,391,das_work,11.775750875473022,60058,23,1
1770223414.361401,397_4,397,das_work,11.504727602005005,60058,23,1
1770223414.362102,394_4,394,das_work,11.698066234588625,60058,23,1
1770223414.362352,390_4,390,das_work,12.19855809211731,60058,23,1
1770223414.36316,395_4,395,das_work,12.895298957824709,60058,23,1
1770223414.3633945,393_4,393,das_work,12.508273839950562,60058,23,1
1770223414.4090269,399_4,399,das_work,12.64816665649414,60058,23,1
1770223464.2834654,392_0,392,das_work,244.3207812309265,60058,27,1
1770223477.124992,392_1,392,das_work,11.843246459960938,60058,28,1
1770223489.99559,392_2,392,das_work,12.112759351730348,60058,29,1
1770223502.94565,392_3,392,das_work,11.57702350616455,60058,30,1
1770223515.3477433,392_4,392,das_work,11.229935646057127,60058,31,1
1770223151.0366173,33_0,33,das_work,4.225183725357056,60058,8,1
1770223151.0370104,34_0,34,das_work,5.273649215698242,60058,8,1
1770223151.0372624,30_0,30,das_work,5.750312566757202,60058,8,1
1770223151.0954025,32_0,32,das_work,11.139125347137451,60058,8,1
1770223151.0970142,39_0,39,das_work,4.651206731796265,60058,8,1
1770223151.0976398,31_0,31,das_work,6.756211280822754,60058,8,1
1770223151.0979548,35_0,35,das_work,9.551167011260986,60058,8,1
1770223151.0981517,38_0,38,das_work,8.937934875488281,60058,8,1
1770223151.0983567,36_0,36,das_work,5.767309665679932,60058,8,1
1770223166.6320994,34_1,34,das_work,14.837194919586182,60058,9,1
1770223166.633006,35_1,35,das_work,14.767077207565308,60058,9,1
1770223166.633773,38_1,38,das_work,14.30936861038208,60058,9,1
1770223166.6357453,33_1,33,das_work,14.006226778030396,60058,9,1
1770223166.694438,39_1,39,das_work,14.499977827072144,60058,9,1
1770223166.6953154,31_1,31,das_work,14.85485577583313,60058,9,1
1770223166.6962397,32_1,32,das_work,13.937065601348875,60058,9,1
1770223166.6973088,36_1,36,das_work,14.109331846237184,60058,9,1
1770223166.6989632,30_1,30,das_work,15.116888523101808,60058,9,1
1770223185.0280883,32_2,32,das_work,16.567806482315063,60058,10,1
1770223185.0285194,39_2,39,das_work,16.994308471679688,60058,10,1
1770223185.0299945,34_2,34,das_work,17.72164487838745,60058,10,1
1770223185.030288,31_2,31,das_work,17.076358795166016,60058,10,1
1770223185.0329733,36_2,36,das_work,17.656028747558594,60058,10,1
1770223185.0381444,38_2,38,das_work,16.943931579589844,60058,10,1
1770223185.0396955,35_2,35,das_work,16.95503520965576,60058,10,1
1770223185.0399733,30_2,30,das_work,17.131879568099976,60058,10,1
1770223185.0417297,33_2,33,das_work,17.08716869354248,60058,10,1
1770223206.9612212,38_3,38,das_work,20.7702739238739,60058,11,1
1770223206.979886,33_3,33,das_work,21.09375047683716,60058,11,1
1770223206.9843698,32_3,32,das_work,20.44947576522827,60058,11,1
1770223206.9863782,30_3,30,das_work,20.24296522140503,60058,11,1
1770223206.9871352,35_3,35,das_work,20.842712879180908,60058,11,1
1770223206.9874055,34_3,34,das_work,20.704391717910767,60058,11,1
1770223206.98759,31_3,31,das_work,21.04083228111267,60058,11,1
1770223206.9878118,39_3,39,das_work,20.749958753585812,60058,11,1
1770223207.002305,36_3,36,das_work,20.694798469543457,60058,11,1
1770223232.5002072,33_4,33,das_work,24.38166856765747,60058,12,1
1770223232.5153787,39_4,39,das_work,24.39084386825561,60058,12,1
1770223232.5220425,30_4,30,das_work,24.12304949760437,60058,12,1
1770223232.52413,36_4,36,das_work,23.971664428710938,60058,12,1
1770223232.5269957,38_4,38,das_work,24.84268069267273,60058,12,1
1770223232.5352356,35_4,35,das_work,24.480988264083862,60058,12,1
1770223232.5525312,31_4,31,das_work,23.90264844894409,60058,12,1
1770223232.560412,32_4,32,das_work,24.946549892425537,60058,12,1
1770223232.5609426,34_4,34,das_work,23.8255672454834,60058,12,1
1770223400.8266983,37_0,37,das_work,251.08534789085388,60058,22,1
1770223414.3785377,37_1,37,das_work,11.760527610778809,60058,23,1
1770223426.567903,37_2,37,das_work,10.80447554588318,60058,24,1
1770223438.6492493,37_3,37,das_work,10.386976718902588,60058,25,1
1770223451.3184068,37_4,37,das_work,10.918592929840088,60058,26,1
1770223232.4970062,408_0,408,das_work,16.71630573272705,60058,12,1
1770223232.5082717,401_0,401,das_work,16.590986490249634,60058,12,1
1770223232.5302527,405_0,405,das_work,15.331184387207031,60058,12,1
1770223256.7059855,408_1,408,das_work,22.378904104232788,60058,13,1
1770223256.7144222,405_1,405,das_work,23.25822401046753,60058,13,1
1770223256.714748,401_1,401,das_work,23.318903923034668,60058,13,1
1770223276.496136,408_2,408,das_work,19.191115379333496,60058,14,1
1770223276.5034647,405_2,405,das_work,19.20848512649536,60058,14,1
1770223276.515982,401_2,401,das_work,19.15446448326111,60058,14,1
1770223294.3321571,401_3,401,das_work,16.668514490127563,60058,15,1
1770223294.3626602,408_3,408,das_work,16.345203638076782,60058,15,1
1770223294.3684385,405_3,405,das_work,16.104735136032104,60058,15,1
1770223310.9948616,405_4,405,das_work,15.315898180007936,60058,16,1
1770223310.9997838,408_4,408,das_work,16.109527826309204,60058,16,1
1770223311.001575,401_4,401,das_work,14.841429948806764,60058,16,1
1770223357.284078,404_0,404,das_work,130.19046258926392,60058,19,1
1770223357.2844155,403_0,403,das_work,131.11632919311523,60058,19,1
1770223357.346195,407_0,407,das_work,136.13379406929016,60058,19,1
1770223357.3498845,409_0,409,das_work,132.11965918540955,60058,19,1
1770223357.350091,406_0,406,das_work,130.40638995170593,60058,19,1
1770223357.3504782,402_0,402,das_work,133.44323897361755,60058,19,1
1770223372.9182923,402_1,402,das_work,14.99007534980774,60058,20,1
1770223372.938892,407_1,407,das_work,14.352256298065186,60058,20,1
1770223372.945083,404_1,404,das_work,14.844812393188477,60058,20,1
1770223372.9456637,409_1,409,das_work,13.810575485229492,60058,20,1
1770223372.9458578,406_1,406,das_work,13.682697296142578,60058,20,1
1770223372.946061,403_1,403,das_work,13.915215492248535,60058,20,1
1770223387.119725,404_2,404,das_work,13.658927917480469,60058,21,1
1770223387.1199398,403_2,403,das_work,12.390103578567505,60058,21,1
1770223387.1202323,406_2,406,das_work,12.412164688110352,60058,21,1
1770223387.1204238,407_2,407,das_work,12.663865566253662,60058,21,1
1770223387.1675346,409_2,409,das_work,12.349444150924684,60058,21,1
1770223387.167845,402_2,402,das_work,13.289644479751589,60058,21,1
1770223400.8554337,409_3,409,das_work,12.177447319030762,60058,22,1
1770223400.8557394,404_3,404,das_work,12.483238458633425,60058,22,1
1770223400.8639708,402_3,402,das_work,12.14382815361023,60058,22,1
1770223400.865106,406_3,406,das_work,11.936575174331663,60058,22,1
1770223400.8653238,407_3,407,das_work,12.440772533416748,60058,22,1
1770223400.865503,403_3,403,das_work,12.19054889678955,60058,22,1
1770223414.3288212,409_4,409,das_work,11.516177892684937,60058,23,1
1770223414.3322425,403_4,403,das_work,12.960165977478027,60058,23,1
1770223414.3324409,406_4,406,das_work,12.278765439987184,60058,23,1
1770223414.356662,407_4,407,das_work,12.54619812965393,60058,23,1
1770223414.3568602,402_4,402,das_work,12.29327130317688,60058,23,1
1770223414.3786604,404_4,404,das_work,11.633241176605225,60058,23,1
1770223464.334053,400_0,400,das_work,244.18170356750488,60058,27,1
1770223477.125811,400_1,400,das_work,11.214035034179688,60058,28,1
1770223489.9957306,400_2,400,das_work,11.411434173583984,60058,29,1
1770223502.9935057,400_3,400,das_work,12.364339828491213,60058,30,1
1770223515.348066,400_4,400,das_work,10.975013732910156,60058,31,1
1770223232.515432,415_0,415,das_work,14.874783515930176,60058,12,1
1770223232.523173,414_0,414,das_work,17.052687168121338,60058,12,1
1770223232.5242465,417_0,417,das_work,15.606721878051758,60058,12,1
1770223256.6450531,415_1,415,das_work,22.26462435722351,60058,13,1
1770223256.645295,414_1,414,das_work,22.74257206916809,60058,13,1
1770223256.7034712,417_1,417,das_work,22.610459327697757,60058,13,1
1770223276.4646268,415_2,415,das_work,18.85387706756592,60058,14,1
1770223276.482988,417_2,417,das_work,18.912681818008423,60058,14,1
1770223276.4959264,414_2,414,das_work,18.17507314682007,60058,14,1
1770223294.365635,415_3,415,das_work,16.410725116729736,60058,15,1
1770223294.373686,414_3,414,das_work,16.786105394363403,60058,15,1
1770223294.3738818,417_3,417,das_work,16.104081869125366,60058,15,1
1770223310.9922085,417_4,417,das_work,15.718981981277466,60058,16,1
1770223311.0050764,415_4,415,das_work,15.58340620994568,60058,16,1
1770223311.006848,414_4,414,das_work,15.314863920211792,60058,16,1
1770223357.2796462,411_0,411,das_work,132.10112476348877,60058,19,1
1770223357.3424127,419_0,419,das_work,131.3246946334839,60058,19,1
1770223357.3441958,410_0,410,das_work,131.66045689582825,60058,19,1
1770223357.3450196,416_0,416,das_work,130.5891470909119,60058,19,1
1770223372.9401495,411_1,411,das_work,14.52987504005432,60058,20,1
1770223372.9409866,416_1,416,das_work,13.731720209121704,60058,20,1
1770223372.9423535,410_1,410,das_work,14.087380647659302,60058,20,1
1770223372.9430745,419_1,419,das_work,13.889699459075928,60058,20,1
1770223387.1690428,410_2,410,das_work,13.284817934036257,60058,21,1
1770223387.169266,419_2,419,das_work,13.281548500061035,60058,21,1
1770223387.1715236,416_2,416,das_work,13.084598302841188,60058,21,1
1770223387.1717987,411_2,411,das_work,12.33260726928711,60058,21,1
1770223400.8280246,416_3,416,das_work,11.780601978302002,60058,22,1
1770223400.8625646,411_3,411,das_work,12.93063998222351,60058,22,1
1770223400.8639302,410_3,410,das_work,11.84315037727356,60058,22,1
1770223400.885394,419_3,419,das_work,12.038815975189207,60058,22,1
1770223414.409798,410_4,410,das_work,12.594756364822388,60058,23,1
1770223414.4100022,419_4,419,das_work,12.94657588005066,60058,23,1
1770223414.4108975,411_4,411,das_work,12.74099063873291,60058,23,1
1770223414.411105,416_4,416,das_work,12.711192846298218,60058,23,1
1770223464.2388482,413_0,413,das_work,245.41039180755612,60058,27,1
1770223464.2395904,418_0,418,das_work,244.64821815490723,60058,27,1
1770223464.340657,412_0,412,das_work,243.7342956066132,60058,27,1
1770223477.1269965,418_1,418,das_work,11.448240995407104,60058,28,1
1770223477.1760218,413_1,413,das_work,12.07549238204956,60058,28,1
1770223477.176782,412_1,412,das_work,11.663608312606812,60058,28,1
1770223490.0215604,413_2,413,das_work,12.07585072517395,60058,29,1
1770223490.0226524,412_2,412,das_work,12.04987406730652,60058,29,1
1770223490.0457058,418_2,418,das_work,11.033225536346436,60058,29,1
1770223502.944996,418_3,418,das_work,11.130344152450562,60058,30,1
1770223502.9958258,413_3,413,das_work,11.31658387184143,60058,30,1
1770223502.9960728,412_3,412,das_work,11.719188690185549,60058,30,1
1770223515.398141,418_4,418,das_work,11.627758741378784,60058,31,1
1770223515.3984382,412_4,412,das_work,11.10293698310852,60058,31,1
1770223515.398632,413_4,413,das_work,11.555112600326538,60058,31,1
1770223232.546975,425_0,425,das_work,15.01314663887024,60058,12,1
1770223256.6416416,425_1,425,das_work,23.09562730789185,60058,13,1
1770223256.6433165,421_0,421,das_work,38.08835244178772,60058,13,1
1770223276.472654,425_2,425,das_work,19.09895801544189,60058,14,1
1770223276.481859,421_1,421,das_work,18.91958522796631,60058,14,1
1770223294.33188,421_2,421,das_work,16.67369532585144,60058,15,1
1770223294.360237,425_3,425,das_work,17.033406496047974,60058,15,1
1770223310.9945357,421_3,421,das_work,15.020617008209229,60058,16,1
1770223311.0009089,425_4,425,das_work,15.864363193511965,60058,16,1
1770223326.9843752,421_4,421,das_work,14.537955045700071,60058,17,1
1770223357.2774842,429_0,429,das_work,125.904479265213,60058,19,1
1770223357.338115,426_0,426,das_work,134.66750597953796,60058,19,1
1770223357.3463683,420_0,420,das_work,130.09257435798645,60058,19,1
1770223357.3495133,424_0,424,das_work,128.08448314666748,60058,19,1
1770223357.349923,428_0,428,das_work,133.4830551147461,60058,19,1
1770223357.350194,422_0,422,das_work,134.68152785301208,60058,19,1
1770223372.9201002,429_1,429,das_work,14.820372581481934,60058,20,1
1770223372.929077,424_1,424,das_work,14.4604651927948,60058,20,1
1770223372.930367,428_1,428,das_work,13.832180738449097,60058,20,1
1770223372.936593,420_1,420,das_work,14.217504262924194,60058,20,1
1770223372.9374862,426_1,426,das_work,14.23039484024048,60058,20,1
1770223372.9386156,422_1,422,das_work,14.902718305587769,60058,20,1
1770223387.0906878,426_2,426,das_work,12.936423301696776,60058,21,1
1770223387.092599,424_2,424,das_work,13.010608196258543,60058,21,1
1770223387.093483,429_2,429,das_work,12.501711368560793,60058,21,1
1770223387.0937762,422_2,422,das_work,13.624019861221312,60058,21,1
1770223387.0940695,420_2,420,das_work,12.244324445724487,60058,21,1
1770223387.094247,428_2,428,das_work,13.326679944992064,60058,21,1
1770223400.82729,429_3,429,das_work,11.991955041885376,60058,22,1
1770223400.856565,422_3,422,das_work,11.928038358688354,60058,22,1
1770223400.8570197,428_3,428,das_work,12.029035091400146,60058,22,1
1770223400.8631196,424_3,424,das_work,11.882797002792358,60058,22,1
1770223400.8640816,420_3,420,das_work,12.148082971572876,60058,22,1
1770223400.8643484,426_3,426,das_work,13.153666257858276,60058,22,1
1770223414.4109857,426_4,426,das_work,12.576492071151732,60058,23,1
1770223414.4112656,422_4,422,das_work,11.66631007194519,60058,23,1
1770223414.413731,424_4,424,das_work,12.218306064605711,60058,23,1
1770223414.4144664,429_4,429,das_work,12.453692197799684,60058,23,1
1770223414.4146614,420_4,420,das_work,12.44192123413086,60058,23,1
1770223414.414876,428_4,428,das_work,11.64221739768982,60058,23,1
1770223464.3373888,427_0,427,das_work,244.81221199035645,60058,27,1
1770223464.337597,423_0,423,das_work,243.395770072937,60058,27,1
1770223477.1271942,423_1,423,das_work,11.448445081710815,60058,28,1
1770223477.127952,427_1,427,das_work,11.454139947891235,60058,28,1
1770223489.9949625,427_2,427,das_work,12.028758525848389,60058,29,1
1770223490.0238209,423_2,423,das_work,10.937055587768556,60058,29,1
1770223502.9469683,427_3,427,das_work,11.373449325561523,60058,30,1
1770223502.9472444,423_3,423,das_work,11.678877830505373,60058,30,1
1770223515.3475463,423_4,423,das_work,11.47319746017456,60058,31,1
1770223515.3950222,427_4,427,das_work,11.363926887512209,60058,31,1
1770223256.6730063,437_0,437,das_work,22.93980956077576,60058,13,1
1770223276.4637558,437_1,437,das_work,19.24666666984558,60058,14,1
1770223294.3714316,437_2,437,das_work,16.501593828201294,60058,15,1
1770223310.9903984,437_3,437,das_work,15.238977193832396,60058,16,1
1770223326.983941,437_4,437,das_work,14.477805376052856,60058,17,1
1770223357.2859287,438_0,438,das_work,125.33832597732544,60058,19,1
1770223357.2939136,432_0,432,das_work,136.0970344543457,60058,19,1
1770223357.2945774,434_0,434,das_work,131.06165313720703,60058,19,1
1770223357.2947493,439_0,439,das_work,129.0124523639679,60058,19,1
1770223357.2949982,433_0,433,das_work,130.89082098007202,60058,19,1
1770223357.2952778,431_0,431,das_work,130.09094429016113,60058,19,1
1770223357.295451,435_0,435,das_work,136.0393090248108,60058,19,1
1770223372.9330378,438_1,438,das_work,13.800534963607788,60058,20,1
1770223372.933362,431_1,431,das_work,13.688791990280151,60058,20,1
1770223372.9351895,439_1,439,das_work,13.98423981666565,60058,20,1
1770223372.9381635,434_1,434,das_work,14.998025178909302,60058,20,1
1770223372.940308,433_1,433,das_work,15.099379539489746,60058,20,1
1770223372.9432187,435_1,435,das_work,15.060998678207396,60058,20,1
1770223372.9434888,432_1,432,das_work,14.72469711303711,60058,20,1
1770223387.08427,431_2,431,das_work,12.52294635772705,60058,21,1
1770223387.1161287,439_2,439,das_work,13.22461986541748,60058,21,1
1770223387.1164622,438_2,438,das_work,12.399675369262695,60058,21,1
1770223387.1707027,435_2,435,das_work,13.676928520202637,60058,21,1
1770223387.171722,434_2,434,das_work,13.249629974365234,60058,21,1
1770223387.1720004,432_2,432,das_work,13.360315799713137,60058,21,1
1770223387.1722546,433_2,433,das_work,12.373749017715454,60058,21,1
1770223400.827384,435_3,435,das_work,12.568731546401978,60058,22,1
1770223400.861277,438_3,438,das_work,12.85419988632202,60058,22,1
1770223400.868184,431_3,431,das_work,12.272795915603638,60058,22,1
1770223400.8685172,439_3,439,das_work,12.54423451423645,60058,22,1
1770223400.868966,434_3,434,das_work,12.373886585235596,60058,22,1
1770223400.8691545,433_3,433,das_work,11.882571458816528,60058,22,1
1770223400.8694403,432_3,432,das_work,12.46388554573059,60058,22,1
1770223414.4114833,435_4,435,das_work,12.173736333847046,60058,23,1
1770223414.4133475,434_4,434,das_work,12.275508642196655,60058,23,1
1770223414.415014,431_4,431,das_work,12.323151350021362,60058,23,1
1770223414.415371,432_4,432,das_work,11.921427249908447,60058,23,1
1770223414.4155772,438_4,438,das_work,12.662243366241457,60058,23,1
1770223414.4165285,439_4,439,das_work,11.643561124801636,60058,23,1
1770223414.4167106,433_4,433,das_work,11.892695426940918,60058,23,1
1770223464.33645,430_0,430,das_work,244.53585863113403,60058,27,1
1770223464.3367584,436_0,436,das_work,244.87520956993103,60058,27,1
1770223477.1511416,436_1,436,das_work,11.128032207489014,60058,28,1
1770223477.1514585,430_1,430,das_work,10.84643530845642,60058,28,1
1770223489.9733586,430_2,430,das_work,11.28521966934204,60058,29,1
1770223489.9736054,436_2,436,das_work,11.73995327949524,60058,29,1
1770223503.0214722,436_3,436,das_work,12.112964630126951,60058,30,1
1770223503.0216715,430_3,430,das_work,11.87535309791565,60058,30,1
1770223515.3482797,430_4,430,das_work,10.955633878707886,60058,31,1
1770223515.396653,436_4,436,das_work,11.753464221954346,60058,31,1
1770223256.6641147,445_0,445,das_work,22.06751537322998,60058,13,1
1770223256.7070253,440_0,440,das_work,23.510263204574585,60058,13,1
1770223256.7143774,442_0,442,das_work,23.747331857681274,60058,13,1
1770223256.7146337,449_0,449,das_work,23.75881719589233,60058,13,1
1770223276.4596877,445_1,445,das_work,18.913419723510746,60058,14,1
1770223276.4694476,449_1,449,das_work,17.88799786567688,60058,14,1
1770223276.480873,440_1,440,das_work,18.69350218772888,60058,14,1
1770223276.4851203,442_1,442,das_work,18.4087507724762,60058,14,1
1770223294.274501,440_2,440,das_work,16.37493133544922,60058,15,1
1770223294.27714,442_2,442,das_work,16.265212059020996,60058,15,1
1770223294.2777286,449_2,449,das_work,16.465539693832397,60058,15,1
1770223294.3692143,445_2,445,das_work,16.999351263046265,60058,15,1
1770223310.9940066,442_3,442,das_work,15.235059022903442,60058,16,1
1770223310.99553,449_3,449,das_work,14.77167820930481,60058,16,1
1770223311.0034208,440_3,440,das_work,15.64939308166504,60058,16,1
1770223311.0045974,445_3,445,das_work,15.079370498657228,60058,16,1
1770223326.8866386,445_4,445,das_work,14.08691430091858,60058,17,1
1770223326.886939,442_4,442,das_work,14.8912250995636,60058,17,1
1770223326.8871453,449_4,449,das_work,15.054544925689695,60058,17,1
1770223326.9843645,440_4,440,das_work,14.34009313583374,60058,17,1
1770223357.337576,441_0,441,das_work,132.8264615535736,60058,19,1
1770223357.3499146,448_0,448,das_work,132.12444019317627,60058,19,1
1770223357.351793,446_0,446,das_work,133.01486992836,60058,19,1
1770223357.352372,444_0,444,das_work,133.24454283714294,60058,19,1
1770223357.3526528,443_0,443,das_work,126.56746768951416,60058,19,1
1770223357.3528402,447_0,447,das_work,132.16718888282776,60058,19,1
1770223372.924017,443_1,443,das_work,14.879851818084717,60058,20,1
1770223372.939381,446_1,446,das_work,14.048951387405396,60058,20,1
1770223372.943437,441_1,441,das_work,14.605541706085203,60058,20,1
1770223372.9448617,444_1,444,das_work,14.1144917011261,60058,20,1
1770223372.945281,448_1,448,das_work,14.889311790466309,60058,20,1
1770223372.9454744,447_1,447,das_work,14.915401697158812,60058,20,1
1770223387.087952,448_2,448,das_work,13.07412886619568,60058,21,1
1770223387.0882533,444_2,444,das_work,13.390818357467651,60058,21,1
1770223387.0884542,443_2,443,das_work,13.63175344467163,60058,21,1
1770223387.1135712,441_2,441,das_work,13.248902082443236,60058,21,1
1770223387.1666863,447_2,447,das_work,13.502851486206056,60058,21,1
1770223387.1671646,446_2,446,das_work,13.600366592407228,60058,21,1
1770223400.8542216,446_3,446,das_work,12.6647629737854,60058,22,1
1770223400.8662913,447_3,447,das_work,12.142419815063477,60058,22,1
1770223400.8670945,443_3,443,das_work,11.911442279815674,60058,22,1
1770223400.8673377,444_3,444,das_work,12.52692461013794,60058,22,1
1770223400.8675346,448_3,448,das_work,12.248011112213137,60058,22,1
1770223400.8677928,441_3,441,das_work,12.38255262374878,60058,22,1
1770223414.3317082,441_4,441,das_work,12.535161972045898,60058,23,1
1770223414.3319354,447_4,447,das_work,12.66381311416626,60058,23,1
1770223414.3322406,443_4,443,das_work,11.654598474502563,60058,23,1
1770223414.406851,446_4,446,das_work,11.630865335464478,60058,23,1
1770223414.408172,448_4,448,das_work,11.628641366958618,60058,23,1
1770223414.4108758,444_4,444,das_work,12.965016841888428,60058,23,1
1770223256.672419,456_0,456,das_work,22.299949407577515,60058,13,1
1770223256.679833,453_0,453,das_work,21.585076332092285,60058,13,1
1770223256.71008,459_0,459,das_work,22.64998722076416,60058,13,1
1770223276.4720516,459_1,459,das_work,18.615152835845947,60058,14,1
1770223276.495411,453_1,453,das_work,18.24262380599976,60058,14,1
1770223276.5019794,456_1,456,das_work,18.360188007354736,60058,14,1
1770223294.276239,459_2,459,das_work,17.000826835632324,60058,15,1
1770223294.2765248,456_2,456,das_work,16.784958124160767,60058,15,1
1770223294.3661225,453_2,453,das_work,17.110507249832153,60058,15,1
1770223310.990365,453_3,453,das_work,15.53192901611328,60058,16,1
1770223311.0274105,459_3,459,das_work,16.081618070602417,60058,16,1
1770223311.0276906,456_3,456,das_work,15.277873754501345,60058,16,1
1770223326.9131308,453_4,453,das_work,15.395193815231323,60058,17,1
1770223326.913341,456_4,456,das_work,14.29266095161438,60058,17,1
1770223326.9144535,459_4,459,das_work,15.24349045753479,60058,17,1
1770223357.289231,457_0,457,das_work,133.0624749660492,60058,19,1
1770223357.291015,458_0,458,das_work,128.76650524139404,60058,19,1
1770223357.291353,451_0,451,das_work,125.5014786720276,60058,19,1
1770223357.29273,452_0,452,das_work,127.0353705883026,60058,19,1
1770223357.292976,455_0,455,das_work,125.5986623764038,60058,19,1
1770223357.3407118,454_0,454,das_work,133.5194432735443,60058,19,1
1770223357.3419693,450_0,450,das_work,128.95662832260132,60058,19,1
1770223372.9241116,458_1,458,das_work,14.654488801956177,60058,20,1
1770223372.9354577,455_1,455,das_work,13.817799091339111,60058,20,1
1770223372.9371903,450_1,450,das_work,14.009759426116943,60058,20,1
1770223372.9388227,457_1,457,das_work,14.944803476333618,60058,20,1
1770223372.9390533,451_1,451,das_work,13.915210485458374,60058,20,1
1770223372.9393723,452_1,452,das_work,13.9049813747406,60058,20,1
1770223372.9403684,454_1,454,das_work,14.86261796951294,60058,20,1
1770223387.116017,455_2,455,das_work,12.436485528945925,60058,21,1
1770223387.1452067,450_2,450,das_work,12.702078819274902,60058,21,1
1770223387.1461575,457_2,457,das_work,13.00092601776123,60058,21,1
1770223387.147279,451_2,451,das_work,13.566048383712769,60058,21,1
1770223387.1475234,454_2,454,das_work,12.952669620513916,60058,21,1
1770223387.1477053,458_2,458,das_work,12.895659446716309,60058,21,1
1770223387.1479368,452_2,452,das_work,12.918967723846436,60058,21,1
1770223400.8543224,455_3,455,das_work,11.8058922290802,60058,22,1
1770223400.8640122,457_3,457,das_work,13.171464681625366,60058,22,1
1770223400.8670864,450_3,450,das_work,12.572579860687256,60058,22,1
1770223400.8679562,454_3,454,das_work,12.785222291946411,60058,22,1
1770223400.868436,452_3,452,das_work,11.736263275146484,60058,22,1
1770223400.8688176,451_3,451,das_work,11.93726921081543,60058,22,1
1770223400.8689935,458_3,458,das_work,12.660958290100098,60058,22,1
1770223414.3317862,450_4,450,das_work,12.913548469543455,60058,23,1
1770223414.3320498,458_4,458,das_work,12.646653652191162,60058,23,1
1770223414.4094362,451_4,451,das_work,12.892854928970335,60058,23,1
1770223414.4108212,452_4,452,das_work,12.956481218338013,60058,23,1
1770223414.411137,454_4,454,das_work,12.703359603881836,60058,23,1
1770223414.4124374,455_4,455,das_work,11.974021911621094,60058,23,1
1770223414.4127643,457_4,457,das_work,12.401263952255247,60058,23,1
1770223256.640557,468_0,468,das_work,20.658540964126587,60058,13,1
1770223256.6607356,463_0,463,das_work,18.80384731292725,60058,13,1
1770223256.6642268,465_0,465,das_work,17.298688888549805,60058,13,1
1770223256.668209,464_0,464,das_work,21.96441960334778,60058,13,1
1770223256.6727104,469_0,469,das_work,20.424741983413696,60058,13,1
1770223256.6811452,467_0,467,das_work,22.704651832580566,60058,13,1
1770223276.4649725,463_1,463,das_work,19.171972274780277,60058,14,1
1770223276.4967446,464_1,464,das_work,19.01521158218384,60058,14,1
1770223276.498479,469_1,469,das_work,18.68534684181213,60058,14,1
1770223276.500101,468_1,468,das_work,18.86259150505066,60058,14,1
1770223276.506418,467_1,467,das_work,17.87867832183838,60058,14,1
1770223276.5115826,465_1,465,das_work,18.718074083328247,60058,14,1
1770223294.3402376,464_2,464,das_work,16.083561658859253,60058,15,1
1770223294.3438437,468_2,468,das_work,17.07643985748291,60058,15,1
1770223294.3440852,469_2,469,das_work,16.692471504211426,60058,15,1
1770223294.3445706,467_2,467,das_work,16.99096155166626,60058,15,1
1770223294.3447516,465_2,465,das_work,16.179128408432007,60058,15,1
1770223294.3605108,463_2,463,das_work,16.81241273880005,60058,15,1
1770223310.9873054,467_3,467,das_work,15.858837842941284,60058,16,1
1770223311.034566,468_3,468,das_work,15.282636404037476,60058,16,1
1770223311.0351317,464_3,464,das_work,15.034581422805786,60058,16,1
1770223311.035598,465_3,465,das_work,15.66254734992981,60058,16,1
1770223311.0357962,463_3,463,das_work,15.599794626235962,60058,16,1
1770223311.0360074,469_3,469,das_work,16.048242807388306,60058,16,1
1770223326.8824975,464_4,464,das_work,14.95688819885254,60058,17,1
1770223326.8838038,469_4,469,das_work,14.859944343566896,60058,17,1
1770223326.9176054,467_4,467,das_work,15.293510913848875,60058,17,1
1770223326.9180157,468_4,468,das_work,14.21702480316162,60058,17,1
1770223326.9182143,463_4,463,das_work,14.880783796310425,60058,17,1
1770223326.918884,465_4,465,das_work,15.357404232025146,60058,17,1
1770223357.2809954,466_0,466,das_work,129.4058759212494,60058,19,1
1770223357.344725,462_0,462,das_work,126.82331538200378,60058,19,1
1770223357.3461745,461_0,461,das_work,128.62090158462524,60058,19,1
1770223357.3464458,460_0,460,das_work,126.5262382030487,60058,19,1
1770223372.9295282,466_1,466,das_work,14.922420263290403,60058,20,1
1770223372.9330318,461_1,461,das_work,13.879159212112429,60058,20,1
1770223372.9332426,462_1,462,das_work,14.058511018753052,60058,20,1
1770223372.933552,460_1,460,das_work,13.693140983581545,60058,20,1
1770223387.08589,462_2,462,das_work,13.052633047103882,60058,21,1
1770223387.0861628,466_2,466,das_work,13.01828384399414,60058,21,1
1770223387.1171968,460_2,460,das_work,13.22462558746338,60058,21,1
1770223387.1174614,461_2,461,das_work,13.652122020721436,60058,21,1
1770223400.828127,462_3,462,das_work,12.04313063621521,60058,22,1
1770223400.861379,466_3,466,das_work,11.838091373443604,60058,22,1
1770223400.862455,461_3,461,das_work,13.137813091278076,60058,22,1
1770223400.8848572,460_3,460,das_work,12.359527826309204,60058,22,1
1770223414.3301568,466_4,466,das_work,12.382303476333618,60058,23,1
1770223414.4080896,461_4,461,das_work,13.005449056625366,60058,23,1
1770223414.4083018,462_4,462,das_work,12.333832025527954,60058,23,1
1770223414.4085865,460_4,460,das_work,12.764789819717407,60058,23,1
1770223256.6377823,470_0,470,das_work,17.18607521057129,60058,13,1
1770223256.655439,476_0,476,das_work,14.568750619888306,60058,13,1
1770223256.6685004,475_0,475,das_work,20.594764232635494,60058,13,1
1770223256.6714666,474_0,474,das_work,15.12979531288147,60058,13,1
1770223256.6731577,473_0,473,das_work,17.205225944519043,60058,13,1
1770223256.6783786,471_0,471,das_work,22.246320247650143,60058,13,1
1770223256.6802833,472_0,472,das_work,23.639636754989624,60058,13,1
1770223256.6819675,478_0,478,das_work,17.517946481704712,60058,13,1
1770223256.6914997,479_0,479,das_work,18.524039030075077,60058,13,1
1770223256.7071686,477_0,477,das_work,20.230079174041748,60058,13,1
1770223276.4651165,473_1,473,das_work,18.01327610015869,60058,14,1
1770223276.496585,479_1,479,das_work,18.910272359848022,60058,14,1
1770223276.509909,470_1,470,das_work,19.203935861587524,60058,14,1
1770223276.5103755,478_1,478,das_work,18.994871854782104,60058,14,1
1770223276.513799,474_1,474,das_work,19.21934413909912,60058,14,1
1770223276.51435,475_1,475,das_work,18.41457891464233,60058,14,1
1770223276.5145524,472_1,472,das_work,18.95080876350403,60058,14,1
1770223276.5187073,477_1,477,das_work,18.69068670272827,60058,14,1
1770223276.5189102,476_1,476,das_work,18.68354678153992,60058,14,1
1770223276.519219,471_1,471,das_work,18.482266902923584,60058,14,1
1770223294.2847407,472_2,472,das_work,16.864439487457275,60058,15,1
1770223294.2855363,478_2,478,das_work,16.651997089385986,60058,15,1
1770223294.2860718,476_2,476,das_work,16.448161363601685,60058,15,1
1770223294.2862666,471_2,471,das_work,16.91640329360962,60058,15,1
1770223294.338859,473_2,473,das_work,16.15699338912964,60058,15,1
1770223294.3404543,474_2,474,das_work,16.552719116210938,60058,15,1
1770223294.34132,475_2,475,das_work,16.506975412368774,60058,15,1
1770223294.3415227,479_2,479,das_work,15.981995105743408,60058,15,1
1770223294.35933,470_2,470,das_work,16.591229915618896,60058,15,1
1770223294.3653448,477_2,477,das_work,16.08030605316162,60058,15,1
1770223311.0014567,475_3,475,das_work,14.784621238708496,60058,16,1
1770223311.003296,470_3,470,das_work,15.919304847717283,60058,16,1
1770223311.0103376,478_3,478,das_work,15.92065167427063,60058,16,1
1770223311.0117853,471_3,471,das_work,14.80140256881714,60058,16,1
1770223311.0123758,477_3,477,das_work,15.980286359786987,60058,16,1
1770223311.0125656,474_3,474,das_work,14.951870918273926,60058,16,1
1770223311.012767,476_3,476,das_work,15.45012593269348,60058,16,1
1770223311.0286229,479_3,479,das_work,15.38390302658081,60058,16,1
1770223311.028857,472_3,472,das_work,15.282888889312744,60058,16,1
1770223311.029764,473_3,473,das_work,15.282020807266235,60058,16,1
1770223326.9120522,473_4,473,das_work,15.292932271957396,60058,17,1
1770223326.9172351,470_4,470,das_work,14.738806247711182,60058,17,1
1770223326.9200015,475_4,475,das_work,15.112862586975098,60058,17,1
1770223326.9205115,477_4,477,das_work,14.93532419204712,60058,17,1
1770223326.9207003,476_4,476,das_work,15.2152578830719,60058,17,1
1770223326.920989,474_4,474,das_work,14.593125820159912,60058,17,1
1770223326.938793,471_4,471,das_work,13.936513900756836,60058,17,1
1770223326.939705,472_4,472,das_work,14.7569260597229,60058,17,1
1770223326.939942,479_4,479,das_work,13.949205875396729,60058,17,1
1770223326.9810183,478_4,478,das_work,14.986240863800049,60058,17,1
1770223256.6392963,489_0,489,das_work,14.188130140304564,60058,13,1
1770223256.6544774,485_0,485,das_work,13.672185182571411,60058,13,1
1770223256.6602716,486_0,486,das_work,15.20773696899414,60058,13,1
1770223256.6725345,480_0,480,das_work,12.717300415039062,60058,13,1
1770223256.6819136,484_0,484,das_work,12.551235437393188,60058,13,1
1770223256.6892118,488_0,488,das_work,15.278690338134766,60058,13,1
1770223256.7104597,483_0,483,das_work,15.894046783447266,60058,13,1
1770223256.7121556,482_0,482,das_work,12.804811000823976,60058,13,1
1770223276.4823415,489_1,489,das_work,18.850090980529785,60058,14,1
1770223276.4953194,484_1,484,das_work,18.719725608825684,60058,14,1
1770223276.497774,486_1,486,das_work,18.218559503555294,60058,14,1
1770223276.4994147,480_1,480,das_work,18.99104142189026,60058,14,1
1770223276.5032563,488_1,488,das_work,18.698197841644287,60058,14,1
1770223276.5091765,482_1,482,das_work,18.27588963508606,60058,14,1
1770223276.5094924,483_1,483,das_work,19.067099809646606,60058,14,1
1770223276.5112042,485_1,485,das_work,19.231512546539307,60058,14,1
1770223294.2813556,480_2,480,das_work,16.03451681137085,60058,15,1
1770223294.2822378,483_2,483,das_work,16.581198692321777,60058,15,1
1770223294.2860043,488_2,488,das_work,16.74140453338623,60058,15,1
1770223294.286414,484_2,484,das_work,16.236385822296143,60058,15,1
1770223294.2868135,489_2,489,das_work,17.23211932182312,60058,15,1
1770223294.2871609,486_2,486,das_work,16.128053426742554,60058,15,1
1770223294.2874346,485_2,485,das_work,17.227534532546997,60058,15,1
1770223294.3660018,482_2,482,das_work,17.18220853805542,60058,15,1
1770223310.9927824,483_3,483,das_work,15.30486011505127,60058,16,1
1770223310.9997516,488_3,488,das_work,15.301273345947266,60058,16,1
1770223311.007267,484_3,484,das_work,15.06100082397461,60058,16,1
1770223311.012281,480_3,480,das_work,15.58130407333374,60058,16,1
1770223311.0124755,485_3,485,das_work,15.702706813812256,60058,16,1
1770223311.0127387,486_3,486,das_work,15.70691704750061,60058,16,1
1770223311.0129318,489_3,489,das_work,16.05384063720703,60058,16,1
1770223311.0244403,482_3,482,das_work,15.834170579910278,60058,16,1
1770223326.882301,488_4,488,das_work,14.849248886108398,60058,17,1
1770223326.8831346,486_4,486,das_work,14.950500965118408,60058,17,1
1770223326.919392,489_4,489,das_work,14.93018078804016,60058,17,1
1770223326.9213457,485_4,485,das_work,15.182769298553469,60058,17,1
1770223326.9220195,483_4,483,das_work,14.176118850708008,60058,17,1
1770223326.9222424,482_4,482,das_work,14.5648512840271,60058,17,1
1770223326.9224212,484_4,484,das_work,14.911099672317505,60058,17,1
1770223326.9226112,480_4,480,das_work,14.725769758224487,60058,17,1
1770223357.284666,487_0,487,das_work,126.26261353492735,60058,19,1
1770223357.284875,481_0,481,das_work,126.7296657562256,60058,19,1
1770223372.925944,487_1,487,das_work,14.357481479644775,60058,20,1
1770223372.926412,481_1,481,das_work,14.530350685119627,60058,20,1
1770223387.1716273,487_2,487,das_work,12.895538091659546,60058,21,1
1770223387.171898,481_2,481,das_work,12.503363609313965,60058,21,1
1770223400.8865974,481_3,481,das_work,11.881880521774292,60058,22,1
1770223400.8868418,487_3,487,das_work,12.795151710510254,60058,22,1
1770223414.3790305,487_4,487,das_work,11.824914693832396,60058,23,1
1770223414.4100497,481_4,481,das_work,12.29838728904724,60058,23,1
1770223256.643897,498_0,498,das_work,12.814261436462402,60058,13,1
1770223256.6544774,494_0,494,das_work,19.84398889541626,60058,13,1
1770223256.6719131,496_0,496,das_work,20.619179725646973,60058,13,1
1770223256.6735232,492_0,492,das_work,16.9949848651886,60058,13,1
1770223256.6824322,497_0,497,das_work,15.032626152038574,60058,13,1
1770223256.6904523,499_0,499,das_work,21.41638708114624,60058,13,1
1770223256.7015069,490_0,490,das_work,22.19052815437317,60058,13,1
1770223256.7117634,493_0,493,das_work,23.3500874042511,60058,13,1
1770223256.712601,491_0,491,das_work,14.87220048904419,60058,13,1
1770223276.463941,491_1,491,das_work,18.877559661865234,60058,14,1
1770223276.4850528,492_1,492,das_work,17.96235466003418,60058,14,1
1770223276.496226,490_1,490,das_work,18.48381543159485,60058,14,1
1770223276.5034626,498_1,498,das_work,18.3994357585907,60058,14,1
1770223276.5065565,499_1,499,das_work,18.90592694282532,60058,14,1
1770223276.5106366,493_1,493,das_work,18.9176287651062,60058,14,1
1770223276.5128424,497_1,497,das_work,18.777815341949463,60058,14,1
1770223276.5131085,496_1,496,das_work,18.905930519104004,60058,14,1
1770223276.5164592,494_1,494,das_work,18.357184648513797,60058,14,1
1770223294.2756572,498_2,498,das_work,16.973140001296997,60058,15,1
1770223294.2765112,493_2,493,das_work,15.86724305152893,60058,15,1
1770223294.2784362,494_2,494,das_work,16.56117868423462,60058,15,1
1770223294.2787602,499_2,499,das_work,17.01034450531006,60058,15,1
1770223294.2789698,490_2,490,das_work,16.496344089508057,60058,15,1
1770223294.279714,492_2,492,das_work,16.010969161987305,60058,15,1
1770223294.3340054,496_2,496,das_work,17.297269582748413,60058,15,1
1770223294.3363383,491_2,491,das_work,16.960440635681152,60058,15,1
1770223294.3633888,497_2,497,das_work,15.910609006881714,60058,15,1
1770223310.988209,499_3,499,das_work,15.562344551086426,60058,16,1
1770223310.9915442,496_3,496,das_work,15.269535541534424,60058,16,1
1770223311.0007348,498_3,498,das_work,15.388650178909302,60058,16,1
1770223311.005499,497_3,497,das_work,15.56911039352417,60058,16,1
1770223311.006277,494_3,494,das_work,16.199969053268433,60058,16,1
1770223311.0306218,490_3,490,das_work,16.13037919998169,60058,16,1
1770223311.0330915,491_3,491,das_work,16.077671766281128,60058,16,1
1770223311.0342362,492_3,492,das_work,15.117676496505736,60058,16,1
1770223311.034465,493_3,493,das_work,16.023698568344116,60058,16,1
1770223326.9107044,499_4,499,das_work,14.774827003479004,60058,17,1
1770223326.9163733,490_4,490,das_work,14.85567593574524,60058,17,1
1770223326.9179523,498_4,498,das_work,14.015289306640623,60058,17,1
1770223326.918152,492_4,492,das_work,14.499855756759644,60058,17,1
1770223326.9415698,493_4,493,das_work,15.149935007095335,60058,17,1
1770223326.9418163,494_4,494,das_work,14.154067039489746,60058,17,1
1770223326.9420185,497_4,497,das_work,14.658798933029177,60058,17,1
1770223326.9422162,491_4,491,das_work,14.599854707717896,60058,17,1
1770223326.9831266,496_4,496,das_work,15.300593614578249,60058,17,1
1770223357.2777734,495_0,495,das_work,125.64721965789796,60058,19,1
1770223372.9182055,495_1,495,das_work,13.711930990219116,60058,20,1
1770223387.169189,495_2,495,das_work,12.66783571243286,60058,21,1
1770223400.858811,495_3,495,das_work,11.690171003341677,60058,22,1
1770223414.3302743,495_4,495,das_work,11.597864627838137,60058,23,1
1770223151.0348709,43_0,43,das_work,2.6110024452209477,60058,8,1
1770223151.0350518,47_0,47,das_work,9.26289987564087,60058,8,1
1770223151.119099,42_0,42,das_work,6.500574111938477,60058,8,1
1770223151.12124,40_0,40,das_work,4.702359199523926,60058,8,1
1770223151.1216278,49_0,49,das_work,8.735429525375366,60058,8,1
1770223151.1218345,46_0,46,das_work,4.848353624343872,60058,8,1
1770223166.62947,45_0,45,das_work,13.381795644760132,60058,9,1
1770223166.6327703,48_0,48,das_work,13.273795366287231,60058,9,1
1770223166.6329834,42_1,42,das_work,14.062968254089355,60058,9,1
1770223166.6359477,49_1,49,das_work,14.905386686325071,60058,9,1
1770223166.6389737,47_1,47,das_work,13.911860704421995,60058,9,1
1770223166.699122,44_0,44,das_work,13.277586698532104,60058,9,1
1770223166.6998727,40_1,40,das_work,14.313230037689207,60058,9,1
1770223166.7000525,43_1,43,das_work,14.860053300857544,60058,9,1
1770223166.7002642,46_1,46,das_work,14.664511680603027,60058,9,1
1770223185.0257263,44_1,44,das_work,16.519442319869995,60058,10,1
1770223185.0370307,45_1,45,das_work,16.714404106140137,60058,10,1
1770223185.0411804,43_2,43,das_work,16.79411268234253,60058,10,1
1770223185.0466902,47_2,47,das_work,17.7045955657959,60058,10,1
1770223185.0481348,40_2,40,das_work,16.7695951461792,60058,10,1
1770223185.0489986,42_2,42,das_work,17.750017881393433,60058,10,1
1770223185.0498655,48_1,48,das_work,17.54681706428528,60058,10,1
1770223185.0503733,49_2,49,das_work,16.44832706451416,60058,10,1
1770223185.0505705,46_2,46,das_work,16.513633251190186,60058,10,1
1770223206.9542866,44_2,44,das_work,20.802897930145264,60058,11,1
1770223206.9576406,43_3,43,das_work,20.03544545173645,60058,11,1
1770223206.978223,42_3,42,das_work,21.182869911193848,60058,11,1
1770223206.9832892,45_2,45,das_work,20.629258632659912,60058,11,1
1770223206.9851012,48_2,48,das_work,20.42313981056213,60058,11,1
1770223206.987245,47_3,47,das_work,20.7037832736969,60058,11,1
1770223206.9874349,46_3,46,das_work,20.51159119606018,60058,11,1
1770223206.992577,40_3,40,das_work,21.23702311515808,60058,11,1
1770223207.0040555,49_3,49,das_work,20.686813354492188,60058,11,1
1770223232.500286,49_4,49,das_work,24.458510160446167,60058,12,1
1770223232.5142038,46_4,46,das_work,24.77161335945129,60058,12,1
1770223232.52692,48_3,48,das_work,24.29088258743286,60058,12,1
1770223232.5286727,40_4,40,das_work,24.250263690948486,60058,12,1
1770223232.5328383,45_3,45,das_work,24.730567693710327,60058,12,1
1770223232.553881,47_4,47,das_work,24.81629514694214,60058,12,1
1770223232.5620973,43_4,43,das_work,24.62263536453247,60058,12,1
1770223232.5626006,44_3,44,das_work,24.54713726043701,60058,12,1
1770223232.5627837,42_4,42,das_work,24.844268083572388,60058,12,1
1770223256.6787603,44_4,44,das_work,22.77153730392456,60058,13,1
1770223256.7063863,48_4,48,das_work,22.802671909332275,60058,13,1
1770223256.7097268,45_4,45,das_work,22.30632877349853,60058,13,1
1770223400.853253,41_0,41,das_work,250.8469550609589,60058,22,1
1770223414.408069,41_1,41,das_work,12.498916625976562,60058,23,1
1770223426.567973,41_2,41,das_work,11.208910942077637,60058,24,1
1770223438.649142,41_3,41,das_work,10.137756109237673,60058,25,1
1770223451.2687857,41_4,41,das_work,11.034180164337158,60058,26,1
1770223151.033612,53_0,53,das_work,1.9136886596679688,60058,8,1
1770223151.0338376,52_0,52,das_work,2.821300506591797,60058,8,1
1770223151.1180086,58_0,58,das_work,5.186737537384033,60058,8,1
1770223151.1183512,51_0,51,das_work,7.104206085205078,60058,8,1
1770223166.6337352,56_0,56,das_work,11.39110016822815,60058,9,1
1770223166.6343324,57_0,57,das_work,13.08101773262024,60058,9,1
1770223166.6345465,55_0,55,das_work,13.3037269115448,60058,9,1
1770223166.634833,52_1,52,das_work,14.623538732528688,60058,9,1
1770223166.6964278,51_1,51,das_work,14.24135971069336,60058,9,1
1770223166.696673,59_0,59,das_work,12.508248329162598,60058,9,1
1770223166.696896,53_1,53,das_work,14.954338073730469,60058,9,1
1770223166.6977158,58_1,58,das_work,14.834718942642212,60058,9,1
1770223185.02397,58_2,58,das_work,17.747098207473755,60058,10,1
1770223185.024552,53_2,53,das_work,16.382438898086548,60058,10,1
1770223185.0261302,59_1,59,das_work,17.038621187210083,60058,10,1
1770223185.0360942,56_1,56,das_work,16.715002298355103,60058,10,1
1770223185.0381012,55_1,55,das_work,17.37933874130249,60058,10,1
1770223185.0384836,51_2,51,das_work,16.802944898605347,60058,10,1
1770223185.0407126,52_2,52,das_work,17.062663793563843,60058,10,1
1770223185.0480945,57_1,57,das_work,17.00083827972412,60058,10,1
1770223206.956078,51_3,51,das_work,20.343392610549927,60058,11,1
1770223206.9599864,52_3,52,das_work,21.114962577819824,60058,11,1
1770223206.9636848,53_3,53,das_work,21.02650761604309,60058,11,1
1770223206.9921536,56_2,56,das_work,20.750145196914676,60058,11,1
1770223206.9990933,55_2,55,das_work,20.92522120475769,60058,11,1
1770223207.0033913,59_2,59,das_work,20.555879592895508,60058,11,1
1770223207.009871,58_3,58,das_work,20.662306308746334,60058,11,1
1770223207.011225,57_2,57,das_work,20.0639808177948,60058,11,1
1770223232.499278,52_4,52,das_work,24.97535181045532,60058,12,1
1770223232.5022976,51_4,51,das_work,24.006521940231323,60058,12,1
1770223232.5231483,55_3,55,das_work,23.798349142074585,60058,12,1
1770223232.5233634,59_3,59,das_work,23.74889588356018,60058,12,1
1770223232.529894,57_3,57,das_work,24.66487216949463,60058,12,1
1770223232.5575194,58_4,58,das_work,24.896878004074097,60058,12,1
1770223232.5593908,53_4,53,das_work,24.4916090965271,60058,12,1
1770223232.560516,56_3,56,das_work,24.664497137069706,60058,12,1
1770223256.6841831,59_4,59,das_work,23.160686016082764,60058,13,1
1770223256.7101336,55_4,55,das_work,23.50688743591309,60058,13,1
1770223256.711407,56_4,56,das_work,22.34969401359558,60058,13,1
1770223256.7133389,57_4,57,das_work,23.574946880340576,60058,13,1
1770223400.8273015,50_0,50,das_work,250.6075611114502,60058,22,1
1770223400.8529232,54_0,54,das_work,250.02971363067627,60058,22,1
1770223414.4063208,54_1,54,das_work,12.055896759033203,60058,23,1
1770223414.4066958,50_1,50,das_work,11.961138010025024,60058,23,1
1770223426.5696833,50_2,50,das_work,10.387113332748411,60058,24,1
1770223426.5698888,54_2,54,das_work,10.80007266998291,60058,24,1
1770223438.627093,54_3,54,das_work,11.063021898269652,60058,25,1
1770223438.6272745,50_3,50,das_work,10.115462064743042,60058,25,1
1770223451.2703297,54_4,54,das_work,11.016220092773438,60058,26,1
1770223451.2706432,50_4,50,das_work,11.332582235336304,60058,26,1
1770223151.0371504,66_0,66,das_work,4.410728216171265,60058,8,1
1770223151.0375333,69_0,69,das_work,6.20434308052063,60058,8,1
1770223151.0377443,64_0,64,das_work,6.433394908905029,60058,8,1
1770223166.626891,64_1,64,das_work,13.746317863464355,60058,9,1
1770223166.6293826,67_0,67,das_work,11.517614603042604,60058,9,1
1770223166.6296933,66_1,66,das_work,14.866568565368652,60058,9,1
1770223166.6929584,69_1,69,das_work,13.727278232574465,60058,9,1
1770223166.6961725,61_0,61,das_work,10.793926239013672,60058,9,1
1770223166.6981924,65_0,65,das_work,8.18652057647705,60058,9,1
1770223166.6989963,68_0,68,das_work,13.926300048828123,60058,9,1
1770223166.6998067,62_0,62,das_work,13.883557558059692,60058,9,1
1770223184.9139056,69_2,69,das_work,17.67727518081665,60058,10,1
1770223185.02192,68_1,68,das_work,16.56000852584839,60058,10,1
1770223185.0224173,65_1,65,das_work,17.8023579120636,60058,10,1
1770223185.0274837,64_2,64,das_work,17.209014177322388,60058,10,1
1770223185.0309522,61_1,61,das_work,17.407804012298584,60058,10,1
1770223185.0361505,67_1,67,das_work,17.701544046401978,60058,10,1
1770223185.0365467,66_2,66,das_work,16.670331239700317,60058,10,1
1770223185.038894,62_1,62,das_work,17.317212104797363,60058,10,1
1770223206.958496,64_3,64,das_work,20.07083010673523,60058,11,1
1770223206.9606023,65_2,65,das_work,20.13928842544556,60058,11,1
1770223206.9616833,67_2,67,das_work,20.998589277267456,60058,11,1
1770223206.9647193,69_3,69,das_work,21.24740433692932,60058,11,1
1770223206.965995,62_2,62,das_work,20.70606780052185,60058,11,1
1770223206.9929068,68_2,68,das_work,20.24094557762146,60058,11,1
1770223207.007488,61_2,61,das_work,21.112313985824585,60058,11,1
1770223207.008005,66_3,66,das_work,21.124244928359985,60058,11,1
1770223232.49958,68_3,68,das_work,23.66432356834412,60058,12,1
1770223232.5083704,67_3,67,das_work,24.21574878692627,60058,12,1
1770223232.5133142,62_3,62,das_work,24.86982750892639,60058,12,1
1770223232.5326295,65_3,65,das_work,24.50301480293274,60058,12,1
1770223232.5513186,64_4,64,das_work,23.972755193710327,60058,12,1
1770223232.5535417,61_3,61,das_work,23.99703860282898,60058,12,1
1770223232.5711164,69_4,69,das_work,24.098289251327515,60058,12,1
1770223232.5713966,66_4,66,das_work,24.706949472427368,60058,12,1
1770223256.64183,65_4,65,das_work,23.46062707901001,60058,13,1
1770223256.6550522,68_4,68,das_work,23.624436616897583,60058,13,1
1770223256.6722894,67_4,67,das_work,22.949478149414062,60058,13,1
1770223256.679955,62_4,62,das_work,23.083765029907227,60058,13,1
1770223256.7011778,61_4,61,das_work,22.539358377456665,60058,13,1
1770223400.8279233,60_0,60,das_work,250.25613045692444,60058,22,1
1770223400.8850548,63_0,63,das_work,251.17141819000244,60058,22,1
1770223414.4139464,63_1,63,das_work,11.982069730758669,60058,23,1
1770223414.4142094,60_1,60,das_work,11.72217583656311,60058,23,1
1770223426.569781,60_2,60,das_work,10.29153609275818,60058,24,1
1770223426.5699804,63_2,63,das_work,11.083826541900637,60058,24,1
1770223438.6959746,63_3,63,das_work,10.150484085083008,60058,25,1
1770223438.718928,60_3,60,das_work,10.36008095741272,60058,25,1
1770223451.2708542,60_4,60,das_work,11.399171352386476,60058,26,1
1770223451.271056,63_4,63,das_work,10.638904571533203,60058,26,1
1770223151.118541,75_0,75,das_work,3.623281240463257,60058,8,1
1770223151.1187549,72_0,72,das_work,4.209376096725464,60058,8,1
1770223166.6327722,79_0,79,das_work,5.276638269424439,60058,9,1
1770223166.6335,77_0,77,das_work,10.470637559890749,60058,9,1
1770223166.6378489,76_0,76,das_work,10.700422763824465,60058,9,1
1770223166.6382551,72_1,72,das_work,14.93878722190857,60058,9,1
1770223166.6395917,73_0,73,das_work,6.219598770141602,60058,9,1
1770223166.6403425,78_0,78,das_work,17.283508777618408,60058,9,1
1770223166.6954288,70_0,70,das_work,13.430691719055176,60058,9,1
1770223166.6971178,75_1,75,das_work,13.70439910888672,60058,9,1
1770223166.69754,74_0,74,das_work,5.22968864440918,60058,9,1
1770223166.6977758,71_0,71,das_work,15.68852972984314,60058,9,1
1770223185.0210545,72_2,72,das_work,16.48770523071289,60058,10,1
1770223185.0220697,75_2,75,das_work,17.46072745323181,60058,10,1
1770223185.0243258,71_1,71,das_work,17.821309566497803,60058,10,1
1770223185.026679,77_1,77,das_work,17.216593742370605,60058,10,1
1770223185.0286026,70_1,70,das_work,16.41498374938965,60058,10,1
1770223185.0320675,73_1,73,das_work,17.63265824317932,60058,10,1
1770223185.0368,74_1,74,das_work,17.45229148864746,60058,10,1
1770223185.037927,76_1,76,das_work,16.4408962726593,60058,10,1
1770223185.040729,78_1,78,das_work,17.679076671600342,60058,10,1
1770223185.047301,79_1,79,das_work,17.292397499084473,60058,10,1
1770223206.9599867,71_2,71,das_work,20.40853500366211,60058,11,1
1770223206.961548,78_2,78,das_work,20.56140756607056,60058,11,1
1770223206.9632132,79_2,79,das_work,20.97905158996582,60058,11,1
1770223206.9789577,77_2,77,das_work,20.28832507133484,60058,11,1
1770223206.981753,70_2,70,das_work,21.12420916557312,60058,11,1
1770223206.9827063,72_3,72,das_work,20.368014097213745,60058,11,1
1770223207.000419,75_3,75,das_work,20.984500646591187,60058,11,1
1770223207.0024247,73_2,73,das_work,20.72938823699951,60058,11,1
1770223207.0075543,76_2,76,das_work,20.03822898864746,60058,11,1
1770223207.0091789,74_2,74,das_work,21.395150899887085,60058,11,1
1770223232.5096955,70_3,70,das_work,24.1062970161438,60058,12,1
1770223232.512105,77_3,77,das_work,24.310880661010746,60058,12,1
1770223232.5207384,72_4,72,das_work,24.44531464576721,60058,12,1
1770223232.5226734,76_3,76,das_work,24.466918230056763,60058,12,1
1770223232.5302062,74_3,74,das_work,24.032254457473755,60058,12,1
1770223232.530405,79_3,79,das_work,24.11039423942566,60058,12,1
1770223232.534371,75_4,75,das_work,24.9707989692688,60058,12,1
1770223232.5521584,73_3,73,das_work,24.59408140182495,60058,12,1
1770223232.5537994,78_3,78,das_work,23.83844780921936,60058,12,1
1770223232.5567684,71_3,71,das_work,24.839805126190186,60058,12,1
1770223256.6408455,70_4,70,das_work,23.50856137275696,60058,13,1
1770223256.6565056,76_4,76,das_work,22.91916418075561,60058,13,1
1770223256.6774487,73_4,73,das_work,22.639427423477173,60058,13,1
1770223256.6807587,74_4,74,das_work,23.14833664894104,60058,13,1
1770223256.68428,77_4,77,das_work,22.633216381073,60058,13,1
1770223256.6918705,78_4,78,das_work,23.100680589675903,60058,13,1
1770223256.6929457,79_4,79,das_work,22.21004009246826,60058,13,1
1770223256.702853,71_4,71,das_work,22.2883403301239,60058,13,1
1770223166.6291585,81_0,81,das_work,9.439364910125732,60058,9,1
1770223166.638198,87_0,87,das_work,8.816843032836914,60058,9,1
1770223166.639933,88_0,88,das_work,6.164332151412964,60058,9,1
1770223166.640262,89_0,89,das_work,9.331621170043944,60058,9,1
1770223166.7022426,83_0,83,das_work,9.561793088912964,60058,9,1
1770223166.7050607,85_0,85,das_work,8.8404381275177,60058,9,1
1770223166.705447,82_0,82,das_work,15.137410402297974,60058,9,1
1770223166.7060935,84_0,84,das_work,7.010437488555908,60058,9,1
1770223166.7063112,80_0,80,das_work,13.438579082489014,60058,9,1
1770223166.706593,86_0,86,das_work,7.05338454246521,60058,9,1
1770223185.0227098,80_1,80,das_work,17.797139644622803,60058,10,1
1770223185.0250964,81_1,81,das_work,16.47765302658081,60058,10,1
1770223185.0254476,89_1,89,das_work,16.972280979156494,60058,10,1
1770223185.03241,85_1,85,das_work,16.34011936187744,60058,10,1
1770223185.0349271,87_1,87,das_work,17.170905590057373,60058,10,1
1770223185.0434391,86_1,86,das_work,16.561633348464966,60058,10,1
1770223185.0436585,83_1,83,das_work,16.524319887161255,60058,10,1
1770223185.044361,82_1,82,das_work,17.546831369400024,60058,10,1
1770223185.0460267,88_1,88,das_work,17.118694067001343,60058,10,1
1770223185.0462234,84_1,84,das_work,16.92261576652527,60058,10,1
1770223206.9567068,82_2,82,das_work,20.756219387054443,60058,11,1
1770223206.9680507,83_2,83,das_work,20.6735622882843,60058,11,1
1770223206.9792116,86_2,86,das_work,21.36117720603943,60058,11,1
1770223206.9815383,85_2,85,das_work,20.70156168937683,60058,11,1
1770223206.9817908,88_2,88,das_work,20.66648507118225,60058,11,1
1770223206.983108,84_2,84,das_work,20.05787348747253,60058,11,1
1770223206.9833307,89_2,89,das_work,20.652479887008667,60058,11,1
1770223206.999456,87_2,87,das_work,21.36637258529663,60058,11,1
1770223207.00514,80_2,80,das_work,21.242953777313232,60058,11,1
1770223207.0113442,81_2,81,das_work,21.159199237823486,60058,11,1
1770223232.5099285,85_3,85,das_work,23.93688106536865,60058,12,1
1770223232.5225966,89_3,89,das_work,23.924455404281616,60058,12,1
1770223232.523392,80_3,80,das_work,25.006486177444454,60058,12,1
1770223232.5243216,84_3,84,das_work,24.05012845993042,60058,12,1
1770223232.527457,82_3,82,das_work,24.338253498077396,60058,12,1
1770223232.529259,81_3,81,das_work,24.756103515625,60058,12,1
1770223232.5327616,88_3,88,das_work,24.80059266090393,60058,12,1
1770223232.5615866,83_3,83,das_work,24.662490367889404,60058,12,1
1770223232.562458,87_3,87,das_work,24.19660472869873,60058,12,1
1770223232.5626414,86_3,86,das_work,25.07242035865784,60058,12,1
1770223256.6776989,81_4,81,das_work,22.37602972984314,60058,13,1
1770223256.6804554,86_4,86,das_work,22.53911137580872,60058,13,1
1770223256.683097,80_4,80,das_work,23.56283450126648,60058,13,1
1770223256.689269,83_4,83,das_work,22.625159978866577,60058,13,1
1770223256.692574,82_4,82,das_work,22.891637802124023,60058,13,1
1770223256.694486,88_4,88,das_work,22.72217321395874,60058,13,1
1770223256.6946802,89_4,89,das_work,23.38713550567627,60058,13,1
1770223256.7025197,85_4,85,das_work,23.44702649116516,60058,13,1
1770223256.7066357,84_4,84,das_work,22.6794228553772,60058,13,1
1770223256.7111917,87_4,87,das_work,23.13256549835205,60058,13,1
1770223166.631711,91_0,91,das_work,4.501053810119629,60058,9,1
1770223166.6370428,94_0,94,das_work,10.90859341621399,60058,9,1
1770223166.6388366,99_0,99,das_work,3.998462677001953,60058,9,1
1770223166.6391382,95_0,95,das_work,13.154679536819458,60058,9,1
1770223166.692644,98_0,98,das_work,8.617590188980103,60058,9,1
1770223166.6993284,90_0,90,das_work,5.121037006378174,60058,9,1
1770223166.7008274,93_0,93,das_work,14.943318367004396,60058,9,1
1770223166.7018237,97_0,97,das_work,5.308815240859985,60058,9,1
1770223166.7020504,92_0,92,das_work,10.849663734436035,60058,9,1
1770223185.0207608,94_1,94,das_work,16.393681526184082,60058,10,1
1770223185.0267076,95_1,95,das_work,17.82733726501465,60058,10,1
1770223185.0272486,90_1,90,das_work,17.562748670578003,60058,10,1
1770223185.027466,93_1,93,das_work,16.329235553741455,60058,10,1
1770223185.0302906,97_1,97,das_work,17.715351104736328,60058,10,1
1770223185.034407,91_1,91,das_work,17.03837823867798,60058,10,1
1770223185.0365655,98_1,98,das_work,16.363401412963867,60058,10,1
1770223185.041276,92_1,92,das_work,17.401052713394165,60058,10,1
1770223185.041565,99_1,99,das_work,16.582831621170044,60058,10,1
1770223206.9567397,92_2,92,das_work,20.83874487876892,60058,11,1
1770223206.9595847,98_2,98,das_work,21.00562310218811,60058,11,1
1770223206.9625072,93_2,93,das_work,20.378883838653564,60058,11,1
1770223206.96542,99_2,99,das_work,21.36643958091736,60058,11,1
1770223206.968411,91_2,91,das_work,20.46200656890869,60058,11,1
1770223206.980989,95_2,95,das_work,21.14349675178528,60058,11,1
1770223206.9857397,94_2,94,das_work,21.230106592178345,60058,11,1
1770223206.9862003,97_2,97,das_work,20.27756094932556,60058,11,1
1770223207.0074525,90_2,90,das_work,21.29059338569641,60058,11,1
1770223232.5003376,93_3,93,das_work,24.67790579795837,60058,12,1
1770223232.515443,98_3,98,das_work,23.95211267471313,60058,12,1
1770223232.5251443,90_3,90,das_work,25.004780292510983,60058,12,1
1770223232.5288174,97_3,97,das_work,24.29978370666504,60058,12,1
1770223232.549487,92_3,92,das_work,24.640592098236084,60058,12,1
1770223232.559335,94_3,94,das_work,23.75033402442932,60058,12,1
1770223232.5611155,95_3,95,das_work,24.596078395843502,60058,12,1
1770223232.5614383,91_3,91,das_work,24.585885286331177,60058,12,1
1770223232.5682676,99_3,99,das_work,24.640320301055908,60058,12,1
1770223256.6571832,98_4,98,das_work,22.37391805648804,60058,13,1
1770223256.6814616,97_4,97,das_work,22.655261993408203,60058,13,1
1770223256.6840365,92_4,92,das_work,22.70504713058472,60058,13,1
1770223256.6891172,93_4,93,das_work,23.586878538131717,60058,13,1
1770223256.6907036,90_4,90,das_work,22.38425898551941,60058,13,1
1770223256.692727,99_4,99,das_work,22.856956958770752,60058,13,1
1770223256.715547,94_4,94,das_work,22.34307551383972,60058,13,1
1770223256.7159166,95_4,95,das_work,23.529717683792114,60058,13,1
1770223256.7161202,91_4,91,das_work,22.71854257583618,60058,13,1
1770223294.361158,96_0,96,das_work,130.55395674705505,60058,15,1
1770223310.9909391,96_1,96,das_work,15.33262825012207,60058,16,1
1770223326.9827096,96_2,96,das_work,14.73069715499878,60058,17,1
1770223341.3603826,96_3,96,das_work,13.03697419166565,60058,18,1
1770223357.2793765,96_4,96,das_work,14.553083658218384,60058,19,1
