timestamp,journey_id,worker_id,tx_type,latency_s,gas_used,block_number,status
1771694873.918014,0_0,0,tpc_lock,1.5809857845306396,46549,7,1
1771694873.9688334,8_0,8,tpc_lock,0.7561533451080322,46561,7,1
1771694876.297063,7_0,7,tpc_lock,0.249629259109497,46549,7,1
1771694877.9550166,0_0,0,tpc_lock,4.036996126174927,46549,7,1
1771694877.9818974,7_0,7,tpc_lock,1.6848299503326416,46549,7,1
1771694877.9958937,8_0,8,tpc_lock,4.027055025100708,46561,7,1
1771694885.9076943,6_0,6,tpc_lock,8.99971342086792,46561,8,1
1771694885.909599,4_0,4,tpc_lock,7.779302835464477,46561,8,1
1771694885.9605606,2_0,2,tpc_lock,9.299293994903564,46561,8,1
1771694888.2472565,9_0,9,tpc_lock,6.473362445831299,46549,8,1
1771694888.2904243,5_0,5,tpc_lock,4.009499311447144,46561,8,1
1771694888.2935328,3_0,3,tpc_lock,3.8964955806732178,46561,8,1
1771694888.2979224,1_0,1,tpc_lock,7.69153618812561,46561,8,1
1771694889.9384162,5_0,5,tpc_lock,1.6479854583740234,46561,8,1
1771694889.9443452,1_0,1,tpc_lock,1.6464128494262695,46561,8,1
1771694889.9445102,4_0,4,tpc_lock,4.034907102584839,46561,8,1
1771694889.9450228,0_0,0,das_work,9.901916027069092,48258,8,1
1771694889.946065,3_0,3,tpc_lock,1.6525273323059082,46561,8,1
1771694889.946428,8_0,8,das_work,6.9976184368133545,48258,8,1
1771694889.948872,7_0,7,das_work,4.784763813018799,48258,8,1
1771694889.9561048,6_0,6,tpc_lock,4.048405170440674,46561,8,1
1771694889.9591212,2_0,2,tpc_lock,3.99855637550354,46561,8,1
1771694889.9820783,9_0,9,tpc_lock,1.7348172664642334,46549,8,1
1771694897.905653,0_0,0,tpc_commit,7.960621356964111,28783,9,1
1771694897.952284,8_0,8,tpc_commit,8.00584888458252,28795,9,1
1771694900.242452,7_0,7,tpc_commit,10.293572902679443,28783,9,1
1771694901.981745,2_0,2,das_work,2.2770066261291504,48258,9,1
1771694901.984347,9_0,9,das_work,8.702077627182007,48258,9,1
1771694901.993831,3_0,3,das_work,5.377240180969238,48258,9,1
1771694901.996097,0_0,0,tpc_commit,4.090434789657593,28783,9,1
1771694901.9969783,4_0,4,das_work,10.051765203475952,48258,9,1
1771694902.0098865,5_0,5,das_work,10.039767503738403,48258,9,1
1771694902.021603,8_0,8,tpc_commit,4.069309949874878,28795,9,1
1771694902.0253267,6_0,6,das_work,8.773104667663574,48258,9,1
1771694902.0265365,1_0,1,das_work,8.581598043441772,48258,9,1
1771694902.0456672,7_0,7,tpc_commit,1.8032023906707764,28783,9,1
1771694909.913222,8_1,8,tpc_lock,7.288997888565063,46561,10,1
1771694909.9273477,2_0,2,tpc_commit,7.945592403411865,28795,10,1
1771694909.9286425,0_1,0,tpc_lock,7.051541328430176,46561,10,1
1771694909.9756672,4_0,4,tpc_commit,7.978681564331055,28795,10,1
1771694909.9895651,6_0,6,tpc_commit,7.964224576950073,28795,10,1
1771694912.2596602,7_1,7,tpc_lock,8.828253269195557,46561,10,1
1771694912.283646,5_0,5,tpc_commit,10.273746252059937,28795,10,1
1771694912.3195024,9_0,9,tpc_commit,10.335143327713013,28783,10,1
1771694912.351189,3_0,3,tpc_commit,10.357346773147585,28795,10,1
1771694912.3529878,1_0,1,tpc_commit,10.326440334320068,28795,10,1
1771694914.0294042,9_0,9,tpc_commit,1.7098920345306396,28783,10,1
1771694914.0385623,4_0,4,tpc_commit,4.062883377075195,28795,10,1
1771694914.0466416,6_0,6,tpc_commit,4.057065486907959,28795,10,1
1771694914.084372,0_1,0,tpc_lock,4.155718803405762,46561,10,1
1771694914.0852904,8_1,8,tpc_lock,4.172054052352905,46561,10,1
1771694914.0975933,7_1,7,tpc_lock,1.8379223346710205,46561,10,1
1771694914.105889,2_0,2,tpc_commit,4.178532123565674,28795,10,1
1771694914.1081016,5_0,5,tpc_commit,1.8244428634643557,28795,10,1
1771694914.1242094,1_0,1,tpc_commit,1.771209478378296,28795,10,1
1771694914.1324155,3_0,3,tpc_commit,1.781217098236084,28795,10,1
1771694921.9914691,4_1,4,tpc_lock,6.427041292190552,46561,11,1
1771694922.0154674,2_1,2,tpc_lock,6.217240333557129,46561,11,1
1771694922.037378,6_1,6,tpc_lock,7.199722766876221,46561,11,1
1771694924.2826655,3_1,3,tpc_lock,9.146019220352173,46561,11,1
1771694924.2888525,9_1,9,tpc_lock,8.785552501678467,46561,11,1
1771694924.3607905,1_1,1,tpc_lock,8.250194311141968,46561,11,1
1771694924.3909545,5_1,5,tpc_lock,9.695520639419556,46561,11,1
1771694926.0772138,9_1,9,tpc_lock,1.7883038520812988,46561,11,1
1771694926.086775,3_1,3,tpc_lock,1.8040978908538816,46561,11,1
1771694926.0925472,6_1,6,tpc_lock,4.055159330368042,46561,11,1
1771694926.0932202,4_1,4,tpc_lock,4.101740598678589,46561,11,1
1771694926.0994382,5_1,5,tpc_lock,1.708472490310669,46561,11,1
1771694926.1096373,7_1,7,das_work,10.883907794952393,48258,11,1
1771694926.1576734,1_1,1,tpc_lock,1.796870470046997,46561,11,1
1771694926.1751397,2_1,2,tpc_lock,4.159660816192627,46561,11,1
1771694926.1921768,8_1,8,das_work,7.522777080535889,48258,11,1
1771694926.2136164,0_1,0,das_work,4.580217361450195,48258,11,1
1771694934.0430095,8_1,8,tpc_commit,7.850821256637573,28795,12,1
1771694934.0537562,0_1,0,tpc_commit,7.840127468109131,28795,12,1
1771694936.3022635,7_1,7,tpc_commit,10.192615747451782,28795,12,1
1771694938.109121,0_1,0,tpc_commit,4.055353879928589,28795,12,1
1771694938.1287744,9_1,9,das_work,10.011503458023071,48258,12,1
1771694938.1627398,8_1,8,tpc_commit,4.119720697402954,28795,12,1
1771694938.178487,4_1,4,das_work,8.424907684326172,48258,12,1
1771694938.2088308,6_1,6,das_work,9.20365047454834,48258,12,1
1771694938.255585,5_1,5,das_work,6.352973699569702,48258,12,1
1771694938.262388,7_1,7,tpc_commit,1.960113525390625,28795,12,1
1771694938.3060338,2_1,2,das_work,4.296611070632935,48258,12,1
1771694938.324862,3_1,3,das_work,7.221200704574585,48258,12,1
1771694938.4301412,1_1,1,das_work,11.005280017852783,48258,12,1
1771694946.1275835,2_1,2,tpc_commit,7.821531534194946,28795,13,1
1771694946.154568,0_2,0,tpc_lock,6.647043943405151,46561,13,1
1771694946.169589,8_2,8,tpc_lock,6.910533428192139,46561,13,1
1771694946.2135563,4_1,4,tpc_commit,8.03505825996399,28795,13,1
1771694946.2622378,6_1,6,tpc_commit,8.053393363952637,28795,13,1
1771694948.356443,9_1,9,tpc_commit,10.227659940719604,28795,13,1
1771694948.3751843,3_1,3,tpc_commit,10.05030870437622,28795,13,1
1771694948.3808837,1_1,1,tpc_commit,9.950729608535768,28795,13,1
1771694948.404569,5_1,5,tpc_commit,10.148966073989868,28795,13,1
1771694948.471742,7_2,7,tpc_lock,9.247772455215454,46561,13,1
1771694950.297554,8_2,8,tpc_lock,4.127777576446533,46561,13,1
1771694950.3239431,2_1,2,tpc_commit,4.196346759796143,28795,13,1
1771694950.4363146,4_1,4,tpc_commit,4.22274374961853,28795,13,1
1771694950.6361015,6_1,6,tpc_commit,4.37385106086731,28795,13,1
1771694950.6711874,5_1,5,tpc_commit,2.2666046619415283,28795,13,1
1771694950.7627983,3_1,3,tpc_commit,2.387596845626831,28795,13,1
1771694950.7757628,9_1,9,tpc_commit,2.41930890083313,28795,13,1
1771694950.796977,0_2,0,tpc_lock,4.642396450042725,46561,13,1
1771694950.847797,1_1,1,tpc_commit,2.4669015407562256,28795,13,1
1771694958.193073,6_2,6,tpc_lock,6.405819892883301,46561,14,1
1771694958.2529185,4_2,4,tpc_lock,6.133333921432495,46561,14,1
1771694958.3932135,2_2,2,tpc_lock,7.499669313430786,46561,14,1
1771694960.4198291,1_2,1,tpc_lock,8.867777109146118,46561,14,1
1771694960.440699,3_2,3,tpc_lock,9.1428542137146,46561,14,1
1771694960.476192,9_2,9,tpc_lock,8.66361665725708,46549,14,1
1771694960.5423124,5_2,5,tpc_lock,8.838799238204956,46549,14,1
1771694962.2207177,6_2,6,tpc_lock,4.027631759643555,46561,14,1
1771694962.3316572,5_2,5,tpc_lock,1.7893335819244385,46549,14,1
1771694962.4986663,1_2,1,tpc_lock,2.0788238048553467,46561,14,1
1771694962.6555665,4_2,4,tpc_lock,4.402632713317871,46561,14,1
1771694962.657363,2_2,2,tpc_lock,4.264137268066406,46561,14,1
1771694962.7700908,7_2,7,tpc_lock,14.298336029052734,46561,14,1
1771694962.779734,8_2,8,das_work,5.525643348693848,48258,14,1
1771694962.8851202,0_2,0,das_work,8.983421325683594,48258,14,1
1771694970.4361703,0_2,0,tpc_commit,7.55103588104248,28795,15,1
1771694970.4444797,8_2,8,tpc_commit,7.664734601974487,28795,15,1
1771694974.2768068,9_2,9,tpc_lock,13.800601482391356,46549,15,1
1771694974.3055413,5_2,5,das_work,4.7229766845703125,48258,15,1
1771694974.3792212,8_2,8,tpc_commit,3.934730052947998,28795,15,1
1771694974.4415696,3_2,3,tpc_lock,14.000857591629028,46561,15,1
1771694974.6049638,7_2,7,das_work,10.714348316192629,48258,15,1
1771694974.6834702,0_2,0,tpc_commit,4.247289419174194,28795,15,1
1771694974.695513,1_2,1,das_work,9.453476667404177,48258,15,1
1771694974.869874,2_2,2,das_work,8.473660707473755,48258,15,1
1771694982.35304,8_3,8,tpc_lock,6.510845184326172,46549,16,1
1771694982.3835614,2_2,2,tpc_commit,7.513674736022949,28795,16,1
1771694982.6437376,0_3,0,tpc_lock,6.910217523574829,46561,16,1
1771694984.435556,1_2,1,tpc_commit,9.740029573440552,28795,16,1
1771694984.438351,7_2,7,tpc_commit,9.833375215530396,28795,16,1
1771694984.46148,5_2,5,tpc_commit,10.155925273895264,28783,16,1
1771694986.2451124,3_2,3,das_work,10.378457069396973,48258,16,1
1771694986.3936906,6_2,6,das_work,14.613291025161743,48258,16,1
1771694986.4303236,8_3,8,tpc_lock,4.077272415161133,46549,16,1
1771694986.4968262,0_3,0,tpc_lock,3.853074789047241,46561,16,1
1771694986.869107,4_2,4,das_work,16.23059916496277,48258,16,1
1771694987.1396115,2_2,2,tpc_commit,4.756036996841431,28795,16,1
1771694987.226675,5_2,5,tpc_commit,2.7651827335357666,28783,16,1
1771694994.2380292,4_2,4,tpc_commit,7.368910074234009,28795,17,1
1771694994.2426512,6_2,6,tpc_commit,7.84894871711731,28795,17,1
1771694994.26121,2_3,2,tpc_lock,6.386220932006836,46561,17,1
1771694996.3890984,5_3,5,tpc_lock,7.940831899642944,46561,17,1
1771694996.4304993,3_2,3,tpc_commit,10.185375213623049,28795,17,1
1771694998.2846854,6_2,6,tpc_commit,4.042020320892334,28795,17,1
1771694998.3442912,9_2,9,das_work,14.2481210231781,48258,17,1
1771694998.3569076,8_3,8,das_work,3.0710349082946777,48258,17,1
1771694998.4579568,4_2,4,tpc_commit,4.219914674758911,28795,17,1
1771694998.4638605,5_3,5,tpc_lock,2.0747504234313965,46561,17,1
1771694998.5235815,3_2,3,tpc_commit,2.093071460723877,28795,17,1
1771694998.6354997,0_3,0,das_work,8.142871618270874,48258,17,1
1771694998.647809,2_3,2,tpc_lock,4.386588096618652,46561,17,1
1771694998.6809435,1_2,1,tpc_commit,14.245376586914062,28795,17,1
1771694998.7691514,7_2,7,tpc_commit,14.330788850784302,28795,17,1
1771695006.6188316,8_3,8,tpc_commit,8.261915445327759,28783,18,1
1771695006.6275988,4_3,4,tpc_lock,6.185164213180542,46561,18,1
1771695006.7397285,6_3,6,tpc_lock,6.73123025894165,46561,18,1
1771695006.824546,0_3,0,tpc_commit,8.189034700393677,28795,18,1
1771695008.5232878,3_3,3,tpc_lock,9.23405146598816,46549,18,1
1771695008.532019,1_3,1,tpc_lock,8.198370695114136,46561,18,1
1771695008.559929,9_2,9,tpc_commit,10.215625047683716,28783,18,1
1771695008.650127,7_3,7,tpc_lock,8.294342994689941,46561,18,1
1771695010.3685338,2_3,2,das_work,5.500525951385498,48258,18,1
1771695010.5925877,8_3,8,tpc_commit,3.973742961883545,28783,18,1
1771695010.6045148,0_3,0,tpc_commit,3.779956102371216,28795,18,1
1771695010.6877987,5_3,5,das_work,8.97432279586792,48258,18,1
1771695018.2459145,8_4,8,tpc_lock,6.88585376739502,46561,19,1
1771695018.2581215,2_3,2,tpc_commit,7.889577388763428,28795,19,1
1771695018.4257138,0_4,0,tpc_lock,5.902554750442505,46561,19,1
1771695020.4430068,5_3,5,tpc_commit,9.755196809768677,28795,19,1
1771695022.2771473,1_3,1,tpc_lock,13.745115518569946,46561,19,1
1771695022.3125465,3_3,3,tpc_lock,13.789246320724487,46549,19,1
1771695022.4519773,2_3,2,tpc_commit,4.193843126296997,28795,19,1
1771695022.4594076,9_2,9,tpc_commit,13.89946436882019,28783,19,1
1771695022.5597467,6_3,6,tpc_lock,15.820006132125854,46561,19,1
1771695022.6310422,4_3,4,tpc_lock,16.00343155860901,46561,19,1
1771695022.681412,0_4,0,tpc_lock,4.255686044692993,46561,19,1
1771695022.8224795,8_4,8,tpc_lock,4.576553106307983,46561,19,1
1771695023.0362833,7_3,7,tpc_lock,14.386143684387209,46561,19,1
1771695030.2304058,2_4,2,tpc_lock,6.910462141036987,46561,20,1
1771695032.7811067,9_3,9,tpc_lock,9.425799131393433,46561,20,1
1771695034.2652724,1_3,1,das_work,7.033035516738892,48258,20,1
1771695034.7142076,4_3,4,das_work,6.308228969573975,48258,20,1
1771695034.8272312,0_4,0,das_work,5.043445587158203,48258,20,1
1771695034.8960135,8_4,8,das_work,7.061400890350342,48258,20,1
1771695035.9680746,3_3,3,das_work,7.1560378074646,48258,20,1
1771695036.0051217,5_3,5,tpc_commit,15.562106847763062,28795,20,1
1771695042.1635573,0_4,0,tpc_commit,7.336312770843506,28795,21,1
1771695042.1704755,4_3,4,tpc_commit,7.456255674362183,28795,21,1
1771695042.258234,8_4,8,tpc_commit,7.362205743789673,28795,21,1
1771695044.509201,3_3,3,tpc_commit,8.541112661361694,28783,21,1
1771695044.55291,1_3,1,tpc_commit,10.287625551223757,28795,21,1
1771695044.6390502,5_4,5,tpc_lock,7.685487508773804,46561,21,1
1771695046.348554,6_3,6,das_work,15.333422422409058,48258,21,1
1771695046.383472,9_3,9,tpc_lock,13.602352619171144,46561,21,1
1771695046.4127553,5_4,5,tpc_lock,1.7736928462982178,46561,21,1
1771695046.5686696,0_4,0,tpc_commit,4.405099868774414,28795,21,1
1771695046.6097484,8_4,8,tpc_commit,4.351496458053589,28795,21,1
1771695046.7792947,7_3,7,das_work,14.803773164749146,48258,21,1
1771695046.8149004,4_3,4,tpc_commit,4.644412040710449,28795,21,1
1771695046.9775188,2_4,2,tpc_lock,16.747101306915283,46561,21,1
1771695054.346862,6_3,6,tpc_commit,7.998295545578003,28795,22,1
1771695054.6898592,4_4,4,tpc_lock,6.894678354263306,46561,22,1
1771695056.52623,7_3,7,tpc_commit,9.746920108795166,28795,22,1
1771695058.4328978,6_3,6,tpc_commit,4.086022138595581,28795,22,1
1771695058.7212882,3_3,3,tpc_commit,14.212073802947998,28783,22,1
1771695058.8202388,4_4,4,tpc_lock,4.130368947982788,46561,22,1
1771695058.8870983,5_4,5,das_work,6.006961107254028,48258,22,1
1771695059.0158808,1_3,1,tpc_commit,14.462957382202148,28795,22,1
1771695059.028857,9_3,9,das_work,11.376995086669922,48258,22,1
1771695059.0309696,2_4,2,das_work,9.403534889221191,48258,22,1
1771695066.4189186,6_4,6,tpc_lock,6.492110252380371,46561,23,1
1771695066.4496136,2_4,2,tpc_commit,7.418632745742798,28795,23,1
1771695068.5067358,5_4,5,tpc_commit,9.619625091552734,28795,23,1
1771695068.5730543,1_4,1,tpc_lock,7.891234159469604,46561,23,1
1771695068.5766203,9_3,9,tpc_commit,9.547752618789673,28795,23,1
1771695068.6015067,3_4,3,tpc_lock,9.096038341522217,46561,23,1
1771695070.3118193,7_3,7,tpc_commit,13.785577535629272,28795,23,1
1771695070.3162942,5_4,5,tpc_commit,1.8095462322235107,28795,23,1
1771695070.37868,1_4,1,tpc_lock,1.8056118488311768,46561,23,1
1771695070.6390922,2_4,2,tpc_commit,4.189464330673218,28795,23,1
1771695070.6851313,4_4,4,das_work,8.791820287704468,48258,23,1
1771695070.7069142,9_3,9,tpc_commit,2.130279779434204,28795,23,1
1771695070.7848036,6_4,6,tpc_lock,4.365869283676148,46561,23,1
1771695078.189294,4_4,4,tpc_commit,7.504151821136475,28795,24,1
1771695080.4540365,7_4,7,tpc_lock,8.569311618804932,46561,24,1
1771695080.4625833,9_4,9,tpc_lock,8.481719493865967,46561,24,1
1771695082.3686223,1_4,1,das_work,5.953568696975708,48258,24,1
1771695082.4325836,7_4,7,tpc_lock,1.978534460067749,46561,24,1
1771695082.5531096,9_4,9,tpc_lock,2.0905120372772217,46561,24,1
1771695082.6587703,4_4,4,tpc_commit,4.469465970993042,28795,24,1
1771695082.8788178,3_4,3,tpc_lock,14.277297019958496,46561,24,1
1771695082.8950074,6_4,6,das_work,10.70474886894226,48258,24,1
1771695090.2120578,6_4,6,tpc_commit,7.317038059234619,28795,25,1
1771695092.5716414,1_4,1,tpc_commit,10.203004360198976,28795,25,1
1771695094.2553089,6_4,6,tpc_commit,4.043236255645752,28795,25,1
1771695094.5518637,9_4,9,das_work,8.086230039596558,48258,25,1
1771695094.6515975,3_4,3,das_work,5.637720108032227,48258,25,1
1771695094.889407,7_4,7,das_work,7.704813241958618,48258,25,1
1771695104.6967018,3_4,3,tpc_commit,10.04509139060974,28795,26,1
1771695104.7110448,9_4,9,tpc_commit,10.159166097640991,28795,26,1
1771695104.7626207,7_4,7,tpc_commit,9.873201370239258,28795,26,1
1771695106.6026351,1_4,1,tpc_commit,14.030981063842772,28795,26,1
1771695118.3545225,9_4,9,tpc_commit,13.64346408843994,28795,27,1
1771695118.7072866,3_4,3,tpc_commit,14.010573625564575,28795,27,1
1771695118.8203423,7_4,7,tpc_commit,14.057711362838743,28795,27,1
1771694897.904593,104_0,104,tpc_lock,2.912460803985596,46549,9,1
1771694900.2276783,105_0,105,tpc_lock,7.525261402130127,46561,9,1
1771694900.2326655,107_0,107,tpc_lock,6.75508451461792,46561,9,1
1771694900.2339742,103_0,103,tpc_lock,8.8107271194458,46561,9,1
1771694900.307178,109_0,109,tpc_lock,1.6799569129943848,46561,9,1
1771694901.9825966,109_0,109,tpc_lock,1.675410509109497,46561,9,1
1771694901.985564,105_0,105,tpc_lock,1.757878065109253,46561,9,1
1771694902.0179017,103_0,103,tpc_lock,1.783921241760254,46561,9,1
1771694902.0254302,104_0,104,tpc_lock,4.1208319664001465,46549,9,1
1771694902.0437198,107_0,107,tpc_lock,1.811049222946167,46561,9,1
1771694909.9164107,102_0,102,tpc_lock,6.627588987350464,46561,10,1
1771694909.921627,108_0,108,tpc_lock,9.855996131896973,46561,10,1
1771694909.924013,106_0,106,tpc_lock,10.411449432373049,46561,10,1
1771694909.944631,100_0,100,tpc_lock,6.858327388763428,46561,10,1
1771694912.330945,101_0,101,tpc_lock,7.414913654327393,46561,10,1
1771694914.0262458,103_0,103,das_work,6.732483863830566,48258,10,1
1771694914.037513,105_0,105,das_work,8.870155811309814,48258,10,1
1771694914.0563788,106_0,106,tpc_lock,4.13236141204834,46561,10,1
1771694914.064342,107_0,107,das_work,6.981100082397461,48258,10,1
1771694914.1018045,109_0,109,das_work,2.595811128616333,48258,10,1
1771694914.1183484,108_0,108,tpc_lock,4.196715831756592,46561,10,1
1771694914.1201036,102_0,102,tpc_lock,4.203688859939575,46561,10,1
1771694914.1221485,100_0,100,tpc_lock,4.1775102615356445,46561,10,1
1771694914.1223235,104_0,104,das_work,5.837575912475586,48258,10,1
1771694914.129583,101_0,101,tpc_lock,1.7986319065093994,46561,10,1
1771694922.0109758,104_0,104,tpc_commit,7.888643264770508,28783,11,1
1771694924.3136563,107_0,107,tpc_commit,10.249306201934814,28795,11,1
1771694924.3239083,103_0,103,tpc_commit,10.297654151916504,28795,11,1
1771694924.3399382,105_0,105,tpc_commit,10.302415132522585,28795,11,1
1771694924.3517845,109_0,109,tpc_commit,10.249969244003296,28795,11,1
1771694926.076709,101_0,101,das_work,5.454890012741089,48258,11,1
1771694926.0814376,107_0,107,tpc_commit,1.7677719593048096,28795,11,1
1771694926.0857642,102_0,102,das_work,10.768516778945925,48258,11,1
1771694926.106445,104_0,104,tpc_commit,4.095458030700684,28783,11,1
1771694926.115234,100_0,100,das_work,5.505624294281006,48258,11,1
1771694926.1325204,106_0,106,das_work,10.897392511367798,48258,11,1
1771694926.170358,108_0,108,das_work,4.185845851898193,48258,11,1
1771694926.173964,103_0,103,tpc_commit,1.8500452041625977,28795,11,1
1771694926.1987052,105_0,105,tpc_commit,1.8587563037872317,28795,11,1
1771694926.2081094,109_0,109,tpc_commit,1.8563153743743896,28795,11,1
1771694934.010753,104_1,104,tpc_lock,7.183405637741089,46561,12,1
1771694934.031268,106_0,106,tpc_commit,7.898736000061035,28795,12,1
1771694934.0394056,100_0,100,tpc_commit,7.924164056777954,28795,12,1
1771694934.0410824,102_0,102,tpc_commit,7.955311298370361,28795,12,1
1771694934.0691004,108_0,108,tpc_commit,7.898734092712402,28795,12,1
1771694936.2739582,105_1,105,tpc_lock,8.602372169494629,46549,12,1
1771694936.2757826,103_1,103,tpc_lock,9.133357524871826,46561,12,1
1771694936.2873745,109_1,109,tpc_lock,9.000169515609741,46561,12,1
1771694936.2906392,101_0,101,tpc_commit,10.213870525360107,28795,12,1
1771694936.3394804,107_1,107,tpc_lock,8.839383602142334,46561,12,1
1771694938.1108797,105_1,105,tpc_lock,1.8369085788726809,46549,12,1
1771694938.221867,108_0,108,tpc_commit,4.152756452560425,28795,12,1
1771694938.2787097,103_1,103,tpc_lock,2.002917766571045,46561,12,1
1771694938.2853975,102_0,102,tpc_commit,4.244307994842529,28795,12,1
1771694938.327042,107_1,107,tpc_lock,1.9875502586364744,46561,12,1
1771694938.3632631,100_0,100,tpc_commit,4.323848485946655,28795,12,1
1771694938.3644023,106_0,106,tpc_commit,4.333127498626709,28795,12,1
1771694938.394454,104_1,104,tpc_lock,4.383691072463989,46561,12,1
1771694938.4029684,109_1,109,tpc_lock,2.115584135055542,46561,12,1
1771694938.406355,101_0,101,tpc_commit,2.115703821182251,28795,12,1
1771694946.143789,100_1,100,tpc_lock,6.692445516586304,46561,13,1
1771694946.262429,108_1,108,tpc_lock,7.514055490493774,46561,13,1
1771694946.301823,106_1,106,tpc_lock,6.478114366531372,46561,13,1
1771694946.330142,102_1,102,tpc_lock,7.2508134841918945,46561,13,1
1771694948.5215063,101_1,101,tpc_lock,8.540884733200073,46561,13,1
1771694950.3072112,101_1,101,tpc_lock,1.7856941223144531,46561,13,1
1771694950.3504658,106_1,106,tpc_lock,4.048633575439453,46561,13,1
1771694950.388597,100_1,100,tpc_lock,4.244796752929688,46561,13,1
1771694950.4012375,105_1,105,das_work,7.223706960678101,48258,13,1
1771694950.4650073,103_1,103,das_work,10.318491458892822,48258,13,1
1771694950.5859249,104_1,104,das_work,5.187779188156128,48258,13,1
1771694950.756713,102_1,102,tpc_lock,4.426560163497925,46561,13,1
1771694950.8051364,109_1,109,das_work,6.140626192092896,48258,13,1
1771694950.8285556,107_1,107,das_work,8.345224857330322,48258,13,1
1771694950.8862596,108_1,108,tpc_lock,4.623819351196289,46561,13,1
1771694958.2555711,104_1,104,tpc_commit,7.669635057449341,28795,14,1
1771694960.422924,109_1,109,tpc_commit,9.61777639389038,28795,14,1
1771694960.4518695,103_1,103,tpc_commit,9.986851930618286,28795,14,1
1771694960.4638438,105_1,105,tpc_commit,10.062596082687378,28783,14,1
1771694960.4791403,107_1,107,tpc_commit,9.650572538375854,28795,14,1
1771694962.204445,106_1,106,das_work,7.806613206863403,48258,14,1
1771694962.2592382,108_1,108,das_work,4.364588737487793,48258,14,1
1771694962.2773962,100_1,100,das_work,2.530513286590576,48258,14,1
1771694962.6466498,103_1,103,tpc_commit,2.1947684288024902,28795,14,1
1771694962.6539795,105_1,105,tpc_commit,2.190127372741699,28783,14,1
1771694962.806953,101_1,101,das_work,6.0144572257995605,48258,14,1
1771694962.817282,102_1,102,das_work,3.201028823852539,48258,14,1
1771694962.8623614,104_1,104,tpc_commit,4.606780052185059,28795,14,1
1771694970.297149,104_2,104,tpc_lock,5.458176374435425,46561,15,1
1771694970.299363,108_1,108,tpc_commit,8.040113687515259,28795,15,1
1771694970.3039963,102_1,102,tpc_commit,7.486705303192139,28795,15,1
1771694970.439435,106_1,106,tpc_commit,8.234978675842285,28795,15,1
1771694970.4408722,100_1,100,tpc_commit,8.163465738296509,28795,15,1
1771694972.6024065,101_1,101,tpc_commit,9.795445203781128,28795,15,1
1771694972.6860762,103_2,103,tpc_lock,8.478698015213013,46561,15,1
1771694972.7350955,105_2,105,tpc_lock,9.029833793640137,46561,15,1
1771694974.303169,106_1,106,tpc_commit,3.863723993301392,28795,15,1
1771694974.3402483,102_1,102,tpc_commit,4.0362420082092285,28795,15,1
1771694974.42838,109_1,109,tpc_commit,14.00544285774231,28795,15,1
1771694974.5491855,104_2,104,tpc_lock,4.252023935317993,46561,15,1
1771694974.551764,107_1,107,tpc_commit,14.072614192962646,28795,15,1
1771694974.6473937,108_1,108,tpc_commit,4.3480212688446045,28795,15,1
1771694974.6505785,100_1,100,tpc_commit,4.209693193435669,28795,15,1
1771694974.8370073,105_2,105,tpc_lock,2.1018998622894287,46561,15,1
1771694982.3585627,100_2,100,tpc_lock,5.77981162071228,46561,16,1
1771694982.4172904,106_2,106,tpc_lock,6.645221471786499,46561,16,1
1771694982.5439398,108_2,108,tpc_lock,6.29231333732605,46561,16,1
1771694982.6346073,102_2,102,tpc_lock,6.716108560562134,46561,16,1
1771694984.4309804,109_2,109,tpc_lock,9.393178939819336,46549,16,1
1771694984.433568,107_2,107,tpc_lock,8.971823692321777,46561,16,1
1771694986.303931,106_2,106,tpc_lock,3.8866286277771,46561,16,1
1771694986.3815663,103_2,103,tpc_lock,13.695478916168211,46561,16,1
1771694986.4222388,108_2,108,tpc_lock,3.87828516960144,46561,16,1
1771694986.423073,100_2,100,tpc_lock,4.064498424530029,46561,16,1
1771694986.6442723,104_2,104,das_work,10.553933382034302,48258,16,1
1771694986.7222664,101_1,101,tpc_commit,14.119848728179932,28795,16,1
1771694986.9014175,102_2,102,tpc_lock,4.26680064201355,46561,16,1
1771694987.0361712,105_2,105,das_work,6.554814100265503,48258,16,1
1771694994.1761124,104_2,104,tpc_commit,7.531829595565796,28795,17,1
1771694996.3964045,105_2,105,tpc_commit,9.360221862792969,28795,17,1
1771694996.3987668,101_2,101,tpc_lock,7.754281759262085,46561,17,1
1771694998.2614317,109_2,109,tpc_lock,13.830435514450071,46549,17,1
1771694998.3591206,102_2,102,das_work,6.345415592193604,48258,17,1
1771694998.3662922,101_2,101,tpc_lock,1.967515230178833,46561,17,1
1771694998.4496672,107_2,107,tpc_lock,14.016084909439089,46561,17,1
1771694998.4730363,103_2,103,das_work,10.862955093383787,48258,17,1
1771694998.496253,100_2,100,das_work,5.421103477478027,48258,17,1
1771694998.5416183,104_2,104,tpc_commit,4.365493774414063,28795,17,1
1771694998.6049688,108_2,108,das_work,10.741621255874634,48258,17,1
1771694998.6764882,106_2,106,das_work,10.688364267349243,48258,17,1
1771694998.7418633,105_2,105,tpc_commit,2.3454477787017822,28795,17,1
1771695006.6166496,104_3,104,tpc_lock,7.562819004058838,46561,18,1
1771695006.6265929,100_2,100,tpc_commit,8.13033151626587,28795,18,1
1771695006.6499732,102_2,102,tpc_commit,8.29084300994873,28795,18,1
1771695006.8483171,108_2,108,tpc_commit,8.243336200714111,28795,18,1
1771695006.876406,106_2,106,tpc_commit,8.199907541275024,28795,18,1
1771695008.5934443,103_2,103,tpc_commit,10.120394229888916,28795,18,1
1771695008.617231,105_3,105,tpc_lock,9.090232610702516,46561,18,1
1771695010.2112389,109_2,109,das_work,4.69734263420105,48258,18,1
1771695010.2287846,102_2,102,tpc_commit,3.578800201416016,28795,18,1
1771695010.348769,100_2,100,tpc_commit,3.7221646308898926,28795,18,1
1771695010.4507763,108_2,108,tpc_commit,3.602445602416992,28795,18,1
1771695010.6509044,104_3,104,tpc_lock,4.034240961074829,46561,18,1
1771695010.659808,103_2,103,tpc_commit,2.0663557052612305,28795,18,1
1771695010.6849947,101_2,101,das_work,7.043939113616943,48258,18,1
1771695010.686768,107_2,107,das_work,11.030502080917358,48258,18,1
1771695010.9535446,106_2,106,tpc_commit,4.077126979827881,28795,18,1
1771695018.257905,106_3,106,tpc_lock,5.897730350494385,46561,19,1
1771695018.272242,102_3,102,tpc_lock,7.297938585281372,46561,19,1
1771695018.395466,100_3,100,tpc_lock,6.055630445480347,46561,19,1
1771695018.4285104,108_3,108,tpc_lock,6.771533727645874,46561,19,1
1771695020.4530058,103_3,103,tpc_lock,8.87234878540039,46561,19,1
1771695020.465294,109_2,109,tpc_commit,10.25404453277588,28783,19,1
1771695020.4702704,101_2,101,tpc_commit,9.785263299942017,28795,19,1
1771695020.474282,107_2,107,tpc_commit,9.787504196166992,28795,19,1
1771695022.403087,105_3,105,tpc_lock,13.785845518112184,46561,19,1
1771695022.4515278,108_3,108,tpc_lock,4.023006916046143,46561,19,1
1771695022.6083105,106_3,106,tpc_lock,4.350367784500122,46561,19,1
1771695022.7441225,104_3,104,das_work,6.917304515838623,48258,19,1
1771695022.7595644,101_2,101,tpc_commit,2.289285659790039,28795,19,1
1771695022.78063,100_3,100,tpc_lock,4.385153532028198,46561,19,1
1771695022.8096504,102_3,102,tpc_lock,4.537393808364868,46561,19,1
1771695030.1984031,104_3,104,tpc_commit,7.454268455505371,28795,20,1
1771695032.8338127,101_3,101,tpc_lock,8.84011173248291,46561,20,1
1771695034.2095,100_3,100,das_work,5.799189805984497,48258,20,1
1771695034.2224064,109_2,109,tpc_commit,13.757070064544678,28783,20,1
1771695034.27146,102_3,102,das_work,8.220675468444824,48258,20,1
1771695034.53569,107_2,107,tpc_commit,14.061399936676024,28795,20,1
1771695034.786199,106_3,106,das_work,10.903760194778442,48258,20,1
1771695034.8617582,105_3,105,das_work,8.60622501373291,48258,20,1
1771695035.1668096,108_3,108,das_work,8.595843076705933,48258,20,1
1771695035.600617,103_3,103,tpc_lock,15.147599458694458,46561,20,1
1771695042.1633005,108_3,108,tpc_commit,6.996476650238037,28795,21,1
1771695042.1691115,102_3,102,tpc_commit,7.897640705108643,28795,21,1
1771695042.199921,100_3,100,tpc_commit,7.990408182144165,28795,21,1
1771695042.297583,106_3,106,tpc_commit,7.511372566223144,28795,21,1
1771695044.529651,109_3,109,tpc_lock,9.407015562057495,46561,21,1
1771695044.561921,107_3,107,tpc_lock,9.464205980300903,46561,21,1
1771695044.622965,105_3,105,tpc_commit,9.761195421218872,28795,21,1
1771695046.3284018,104_3,104,tpc_commit,16.129985570907593,28795,21,1
1771695046.5383208,106_3,106,tpc_commit,4.240725755691528,28795,21,1
1771695046.5892527,108_3,108,tpc_commit,4.4249444007873535,28795,21,1
1771695046.69663,103_3,103,das_work,7.90942907333374,48258,21,1
1771695046.72418,101_3,101,tpc_lock,13.89029335975647,46561,21,1
1771695046.7412295,100_3,100,tpc_commit,4.5412962436676025,28795,21,1
1771695046.782669,102_3,102,tpc_commit,4.613546133041382,28795,21,1
1771695046.8472693,107_3,107,tpc_lock,2.285282611846924,46561,21,1
1771695054.3378246,102_4,102,tpc_lock,5.662834882736206,46561,22,1
1771695054.359005,108_4,108,tpc_lock,6.236799001693726,46561,22,1
1771695054.574025,104_4,104,tpc_lock,6.719021797180176,46561,22,1
1771695054.738007,100_4,100,tpc_lock,6.988091468811035,46561,22,1
1771695054.7455783,106_4,106,tpc_lock,6.391180515289307,46561,22,1
1771695056.5642796,103_3,103,tpc_commit,9.86764144897461,28795,22,1
1771695058.3659043,108_4,108,tpc_lock,4.006887674331665,46561,22,1
1771695058.3824286,102_4,102,tpc_lock,4.044594049453735,46561,22,1
1771695058.3979025,106_4,106,tpc_lock,3.6523125171661377,46561,22,1
1771695058.6474977,104_4,104,tpc_lock,4.07345986366272,46561,22,1
1771695058.6748798,105_3,105,tpc_commit,14.05190134048462,28795,22,1
1771695058.6843102,100_4,100,tpc_lock,3.94629168510437,46561,22,1
1771695058.8145802,107_3,107,das_work,10.594020128250122,48258,22,1
1771695058.9994211,109_3,109,tpc_lock,14.46975827217102,46561,22,1
1771695059.2599025,101_3,101,das_work,9.246354818344116,48258,22,1
1771695068.5201006,105_4,105,tpc_lock,8.021527767181396,46561,23,1
1771695068.537444,107_3,107,tpc_commit,9.72285223007202,28795,23,1
1771695068.6243987,101_3,101,tpc_commit,9.364431381225586,28795,23,1
1771695070.2948709,109_3,109,das_work,3.595426082611084,48258,23,1
1771695070.3270173,104_4,104,das_work,5.68248438835144,48258,23,1
1771695070.3987343,102_4,102,das_work,3.928869485855103,48258,23,1
1771695070.5615244,100_4,100,das_work,7.179873466491699,48258,23,1
1771695070.715821,106_4,106,das_work,10.75076150894165,48258,23,1
1771695070.8471751,108_4,108,das_work,2.834036350250244,48258,23,1
1771695070.9089704,103_3,103,tpc_commit,14.344676494598389,28795,23,1
1771695078.1663408,102_4,102,tpc_commit,7.767598390579224,28795,24,1
1771695078.2531414,108_4,108,tpc_commit,7.405954360961914,28795,24,1
1771695078.2571344,106_4,106,tpc_commit,7.541301965713501,28795,24,1
1771695078.258978,104_4,104,tpc_commit,7.931950569152832,28795,24,1
1771695078.289667,100_4,100,tpc_commit,7.727041006088257,28795,24,1
1771695080.433437,109_3,109,tpc_commit,10.13855481147766,28795,24,1
1771695080.5027895,103_4,103,tpc_lock,8.0166916847229,46549,24,1
1771695082.3208337,101_3,101,tpc_commit,13.69642448425293,28795,24,1
1771695082.3679109,100_4,100,tpc_commit,4.078230857849121,28795,24,1
1771695082.4968123,104_4,104,tpc_commit,4.237827062606812,28795,24,1
1771695082.5728612,102_4,102,tpc_commit,4.406512975692749,28795,24,1
1771695082.7427902,108_4,108,tpc_commit,4.489636182785034,28795,24,1
1771695082.7655833,106_4,106,tpc_commit,4.508440971374512,28795,24,1
1771695082.7793157,107_3,107,tpc_commit,14.241860151290894,28795,24,1
1771695082.8262882,105_4,105,tpc_lock,14.306177854537964,46561,24,1
1771695082.8280554,109_3,109,tpc_commit,2.394606590270996,28795,24,1
1771695082.9007857,103_4,103,tpc_lock,2.397966146469116,46549,24,1
1771695092.6113832,107_4,107,tpc_lock,9.003427505493164,46549,25,1
1771695092.653752,101_4,101,tpc_lock,9.007243871688845,46561,25,1
1771695092.6566246,109_4,109,tpc_lock,8.875499725341797,46561,25,1
1771695094.593882,103_4,103,das_work,7.718521595001221,48258,25,1
1771695094.599005,107_4,107,tpc_lock,1.9876089096069336,46549,25,1
1771695094.7236378,105_4,105,das_work,7.485136032104492,48258,25,1
1771695094.7948668,101_4,101,tpc_lock,2.141104221343994,46561,25,1
1771695104.7042103,105_4,105,tpc_commit,9.980562210083008,28795,26,1
1771695104.7396345,103_4,103,tpc_commit,10.145739316940308,28783,26,1
1771695106.7751925,109_4,109,tpc_lock,14.1185564994812,46561,26,1
1771695118.4839523,105_4,105,tpc_commit,13.779732704162598,28795,27,1
1771695118.5369923,107_4,107,das_work,16.162800073623657,48258,27,1
1771695118.6667683,101_4,101,das_work,14.718163013458252,48258,27,1
1771695118.694883,103_4,103,tpc_commit,13.955236673355104,28783,27,1
1771695118.748109,109_4,109,das_work,10.308176517486572,48258,27,1
1771695128.7631872,109_4,109,tpc_commit,10.015066862106323,28795,28,1
1771695128.7837007,107_4,107,tpc_commit,10.246619939804075,28783,28,1
1771695128.8382978,101_4,101,tpc_commit,10.17151927947998,28795,28,1
1771695142.3280776,107_4,107,tpc_commit,13.544365882873535,28783,29,1
1771695142.4575093,101_4,101,tpc_commit,13.619200229644775,28795,29,1
1771695142.5242755,109_4,109,tpc_commit,13.761077880859377,28795,29,1
1771694897.924711,116_0,116,tpc_lock,4.12863302230835,46549,9,1
1771694900.2506752,111_0,111,tpc_lock,1.0621438026428225,46561,9,1
1771694900.2902234,113_0,113,tpc_lock,5.892328500747681,46561,9,1
1771694900.3077476,115_0,115,tpc_lock,1.975942850112915,46561,9,1
1771694901.9898322,111_0,111,tpc_lock,1.7391483783721924,46561,9,1
1771694902.008221,116_0,116,tpc_lock,4.0835020542144775,46549,9,1
1771694902.020615,115_0,115,tpc_lock,1.712857007980347,46561,9,1
1771694902.038701,113_0,113,tpc_lock,1.7484724521636963,46561,9,1
1771694909.9182975,110_0,110,tpc_lock,7.072201490402222,46561,10,1
1771694909.9217963,118_0,118,tpc_lock,3.2500534057617188,46561,10,1
1771694909.924062,114_0,114,tpc_lock,4.52241587638855,46561,10,1
1771694909.9327583,112_0,112,tpc_lock,2.795771598815918,46561,10,1
1771694912.3182936,119_0,119,tpc_lock,4.328550577163696,46561,10,1
1771694912.3310282,117_0,117,tpc_lock,9.60430359840393,46561,10,1
1771694914.0261333,115_0,115,das_work,3.511101245880127,48258,10,1
1771694914.0288508,110_0,110,tpc_lock,4.1105263233184814,46561,10,1
1771694914.040182,119_0,119,tpc_lock,1.7218513488769531,46561,10,1
1771694914.056727,117_0,117,tpc_lock,1.7256946563720703,46561,10,1
1771694914.07154,116_0,116,das_work,4.052838563919067,48258,10,1
1771694914.0976925,114_0,114,tpc_lock,4.1736249923706055,46561,10,1
1771694914.1042662,111_0,111,das_work,9.909111499786375,48258,10,1
1771694914.1182995,118_0,118,tpc_lock,4.196496963500977,46561,10,1
1771694914.137459,112_0,112,tpc_lock,4.204693794250488,46561,10,1
1771694914.139948,113_0,113,das_work,10.696568012237549,48258,10,1
1771694921.9855025,116_0,116,tpc_commit,7.913954496383667,28783,11,1
1771694924.2949495,115_0,115,tpc_commit,10.268808364868164,28795,11,1
1771694924.3600006,111_0,111,tpc_commit,10.25572395324707,28795,11,1
1771694924.3926828,113_0,113,tpc_commit,10.252723455429075,28795,11,1
1771694926.0756605,115_0,115,tpc_commit,1.7806646823883057,28795,11,1
1771694926.0764437,113_0,113,tpc_commit,1.6837501525878906,28795,11,1
1771694926.087278,112_0,112,das_work,3.9890365600585938,48258,11,1
1771694926.1051998,116_0,116,tpc_commit,4.119685649871826,28783,11,1
1771694926.1341257,111_0,111,tpc_commit,1.774116039276123,28795,11,1
1771694926.1363013,114_0,114,das_work,7.757019996643066,48258,11,1
1771694926.1476946,110_0,110,das_work,7.958743572235107,48258,11,1
1771694926.1816092,117_0,117,das_work,10.393552780151367,48258,11,1
1771694926.1845343,118_0,118,das_work,9.88122820854187,48258,11,1
1771694926.237359,119_0,119,das_work,2.511523962020874,48258,11,1
1771694933.9597635,118_0,118,tpc_commit,7.775219202041626,28795,12,1
1771694933.9801152,114_0,114,tpc_commit,7.843804597854614,28795,12,1
1771694933.9904878,112_0,112,tpc_commit,7.903199195861816,28795,12,1
1771694934.0224378,116_1,116,tpc_lock,6.332388877868652,46561,12,1
1771694934.0502264,110_0,110,tpc_commit,7.902522087097168,28795,12,1
1771694936.2749202,119_0,119,tpc_commit,10.037550926208496,28795,12,1
1771694936.2824214,115_1,115,tpc_lock,9.595039129257202,46561,12,1
1771694936.303805,113_1,113,tpc_lock,8.443921327590942,46561,12,1
1771694936.3078818,111_1,111,tpc_lock,8.951912641525269,46561,12,1
1771694936.3530908,117_0,117,tpc_commit,10.171469449996948,28795,12,1
1771694938.1081357,118_0,118,tpc_commit,4.148364067077637,28795,12,1
1771694938.1134858,112_0,112,tpc_commit,4.122986793518066,28795,12,1
1771694938.1429546,119_0,119,tpc_commit,1.86802339553833,28795,12,1
1771694938.193548,110_0,110,tpc_commit,4.143312215805054,28795,12,1
1771694938.198851,116_1,116,tpc_lock,4.176404237747192,46561,12,1
1771694938.216759,115_1,115,tpc_lock,1.9343290328979488,46561,12,1
1771694938.3551078,114_0,114,tpc_commit,4.374983072280884,28795,12,1
1771694938.3784187,113_1,113,tpc_lock,2.074603796005249,46561,12,1
1771694938.4344037,117_0,117,tpc_commit,2.0813024044036865,28795,12,1
1771694938.4397106,111_1,111,tpc_lock,2.1318209171295166,46561,12,1
1771694946.1409495,112_1,112,tpc_lock,6.666186809539795,46561,13,1
1771694946.2398028,110_1,110,tpc_lock,6.921844959259033,46561,13,1
1771694946.256926,118_1,118,tpc_lock,6.573516130447388,46561,13,1
1771694946.291896,114_1,114,tpc_lock,7.144085884094238,46537,13,1
1771694948.4410949,119_1,119,tpc_lock,8.89899754524231,46561,13,1
1771694948.530623,117_1,117,tpc_lock,8.382317304611206,46549,13,1
1771694950.31826,118_1,118,tpc_lock,4.061314344406128,46561,13,1
1771694950.4836688,119_1,119,tpc_lock,2.042560815811157,46561,13,1
1771694950.5248704,111_1,111,das_work,6.834965229034424,48258,13,1
1771694950.615429,116_1,116,das_work,9.660943031311035,48258,13,1
1771694950.6267953,117_1,117,tpc_lock,2.0961570739746094,46549,13,1
1771694950.645583,112_1,112,tpc_lock,4.504621744155884,46561,13,1
1771694950.8435547,114_1,114,tpc_lock,4.551645994186401,46537,13,1
1771694950.861643,115_1,115,das_work,8.835874795913696,48258,13,1
1771694950.86405,110_1,110,tpc_lock,4.624234199523926,46561,13,1
1771694950.896282,113_1,113,das_work,10.415736198425291,48258,13,1
1771694958.4092822,116_1,116,tpc_commit,7.793843984603882,28795,14,1
1771694960.419253,111_1,111,tpc_commit,9.894372701644896,28795,14,1
1771694960.4721718,113_1,113,tpc_commit,9.57588028907776,28795,14,1
1771694960.5417428,115_1,115,tpc_commit,9.68008828163147,28795,14,1
1771694962.1892,116_1,116,tpc_commit,3.779906988143921,28795,14,1
1771694962.192613,119_1,119,das_work,8.06703519821167,48258,14,1
1771694962.3880537,117_1,117,das_work,7.9706130027771,48258,14,1
1771694962.50661,112_1,112,das_work,5.119200944900513,48258,14,1
1771694962.6549764,114_1,114,das_work,3.835597515106201,48258,14,1
1771694962.697163,113_1,113,tpc_commit,2.2249813079833984,28795,14,1
1771694962.7960198,111_1,111,tpc_commit,2.3767547607421875,28795,14,1
1771694962.8136446,118_1,118,das_work,3.6303257942199703,48258,14,1
1771694962.8816547,110_1,110,das_work,9.938451528549194,48258,14,1
1771694970.2547038,110_1,110,tpc_commit,7.373039722442627,28795,15,1
1771694970.2578857,114_1,114,tpc_commit,7.602897644042969,28771,15,1
1771694970.3475215,112_1,112,tpc_commit,7.84089994430542,28795,15,1
1771694970.3856351,118_1,118,tpc_commit,7.5719826221466064,28795,15,1
1771694970.389929,116_2,116,tpc_lock,7.622486591339111,46561,15,1
1771694972.5984006,117_1,117,tpc_commit,10.210333824157717,28783,15,1
1771694972.6272745,119_1,119,tpc_commit,10.434649467468262,28795,15,1
1771694972.674394,113_2,113,tpc_lock,8.060776948928833,46549,15,1
1771694972.7174249,111_2,111,tpc_lock,8.19172191619873,46561,15,1
1771694974.236698,114_1,114,tpc_commit,3.9788029193878174,28771,15,1
1771694974.2559302,118_1,118,tpc_commit,3.870284557342529,28795,15,1
1771694974.294335,110_1,110,tpc_commit,4.039621114730835,28795,15,1
1771694974.3829305,116_2,116,tpc_lock,3.992990016937256,46561,15,1
1771694974.5037096,115_1,115,tpc_commit,13.961954593658447,28795,15,1
1771694974.7375107,112_1,112,tpc_commit,4.389971733093262,28795,15,1
1771694974.8935423,119_1,119,tpc_commit,2.266256809234619,28795,15,1
1771694982.349864,110_2,110,tpc_lock,7.026851415634155,46561,16,1
1771694982.371253,118_2,118,tpc_lock,7.411409616470337,46561,16,1
1771694982.603237,112_2,112,tpc_lock,7.189991235733032,46561,16,1
1771694982.6445775,114_2,114,tpc_lock,7.065916538238525,46561,16,1
1771694984.5008633,115_2,115,tpc_lock,9.008771657943726,46561,16,1
1771694984.5256436,119_2,119,tpc_lock,8.404277324676514,46561,16,1
1771694986.3291435,112_2,112,tpc_lock,3.725893497467041,46561,16,1
1771694986.4370365,118_2,118,tpc_lock,4.0657219886779785,46561,16,1
1771694986.5030262,117_1,117,tpc_commit,13.904613733291626,28783,16,1
1771694986.67423,116_2,116,das_work,5.298101425170898,48258,16,1
1771694986.727836,113_2,113,tpc_lock,14.053430080413818,46549,16,1
1771694986.8409643,111_2,111,tpc_lock,14.123528003692629,46561,16,1
1771694986.87789,114_2,114,tpc_lock,4.233300447463989,46561,16,1
1771694986.9150803,110_2,110,tpc_lock,4.565181255340576,46561,16,1
1771694987.2011292,115_2,115,tpc_lock,2.70025372505188,46561,16,1
1771694994.1522298,116_2,116,tpc_commit,7.477988004684448,28795,17,1
1771694996.3914602,117_2,117,tpc_lock,8.717239141464233,46561,17,1
1771694998.256107,119_2,119,tpc_lock,13.730451822280884,46561,17,1
1771694998.2604437,118_2,118,das_work,8.936598777770996,48258,17,1
1771694998.3480012,111_2,111,das_work,8.631891965866089,48258,17,1
1771694998.3912868,116_2,116,tpc_commit,4.2390453815460205,28795,17,1
1771694998.435755,113_2,113,das_work,7.468644380569458,48258,17,1
1771694998.4402163,117_2,117,tpc_lock,2.0487477779388428,46561,17,1
1771694998.5534406,114_2,114,das_work,2.808724403381348,48258,17,1
1771694998.586167,115_2,115,das_work,8.786484479904175,48258,17,1
1771694998.6737132,110_2,110,das_work,4.00133204460144,48258,17,1
1771694998.7999804,112_2,112,das_work,4.677550554275513,48258,17,1
1771695006.6180832,118_2,118,tpc_commit,8.357630014419556,28795,18,1
1771695006.644409,110_2,110,tpc_commit,7.970681667327881,28795,18,1
1771695006.7984169,114_2,114,tpc_commit,8.244964122772217,28795,18,1
1771695006.888504,116_3,116,tpc_lock,7.914464950561523,46561,18,1
1771695006.9702978,112_2,112,tpc_commit,8.170305013656616,28795,18,1
1771695008.5185566,113_2,113,tpc_commit,10.082791328430176,28783,18,1
1771695008.5851753,111_2,111,tpc_commit,10.237163782119753,28795,18,1
1771695008.6495788,115_2,115,tpc_commit,10.063400745391846,28795,18,1
1771695010.1846702,114_2,114,tpc_commit,3.386239767074585,28795,18,1
1771695010.3521447,119_2,119,das_work,3.645632743835449,48258,18,1
1771695010.4337215,110_2,110,tpc_commit,3.7893028259277344,28795,18,1
1771695010.665152,118_2,118,tpc_commit,4.047056674957275,28795,18,1
1771695018.3991122,114_3,114,tpc_lock,6.330716609954834,46561,19,1
1771695018.4520729,118_3,118,tpc_lock,6.064044237136841,46561,19,1
1771695018.5396943,110_3,110,tpc_lock,6.454607725143433,46561,19,1
1771695020.4650338,119_2,119,tpc_commit,10.112878799438477,28795,19,1
1771695022.2891324,116_3,116,tpc_lock,15.400617599487305,46561,19,1
1771695022.3638446,112_2,112,tpc_commit,15.39353632926941,28795,19,1
1771695022.5542643,113_2,113,tpc_commit,14.035604238510132,28783,19,1
1771695022.5657048,119_2,119,tpc_commit,2.100658893585205,28795,19,1
1771695022.6966982,110_3,110,tpc_lock,4.156991720199585,46561,19,1
1771695022.7543426,118_3,118,tpc_lock,4.301944255828857,46561,19,1
1771695022.7698424,111_2,111,tpc_commit,14.184656381607056,28795,19,1
1771695022.878288,117_2,117,das_work,15.003776550292969,48258,19,1
1771695022.9687014,115_2,115,tpc_commit,14.319109439849854,28795,19,1
1771695022.9699078,114_3,114,tpc_lock,4.570759296417236,46561,19,1
1771695030.2010984,112_3,112,tpc_lock,6.981343507766724,46561,20,1
1771695032.7408252,113_3,113,tpc_lock,9.505463123321531,46561,20,1
1771695032.7511172,115_3,115,tpc_lock,8.674720048904419,46561,20,1
1771695032.7640104,119_3,119,tpc_lock,8.543981075286865,46561,20,1
1771695032.8129132,117_2,117,tpc_commit,9.934585094451904,28795,20,1
1771695032.8457272,111_3,111,tpc_lock,9.031313180923462,46561,20,1
1771695034.2732174,110_3,110,das_work,6.692426681518555,48258,20,1
1771695034.7507694,118_3,118,das_work,9.404128551483154,48258,20,1
1771695035.8171177,116_3,116,das_work,8.17318344116211,48258,20,1
1771695042.2083192,116_3,116,tpc_commit,6.391192197799683,28795,21,1
1771695042.2734487,110_3,110,tpc_commit,8.000221490859985,28795,21,1
1771695042.278211,118_3,118,tpc_commit,7.527430057525635,28795,21,1
1771695046.3791406,118_3,118,tpc_commit,4.100917100906372,28795,21,1
1771695046.38381,111_3,111,tpc_lock,13.538070917129517,46561,21,1
1771695046.394517,114_3,114,das_work,14.76143717765808,48258,21,1
1771695046.4463167,113_3,113,tpc_lock,13.70544171333313,46561,21,1
1771695046.7598815,115_3,115,tpc_lock,14.008720874786375,46561,21,1
1771695046.7816792,116_3,116,tpc_commit,4.573350191116333,28795,21,1
1771695046.9140818,117_2,117,tpc_commit,14.10115647315979,28795,21,1
1771695046.93385,110_3,110,tpc_commit,4.660390853881836,28795,21,1
1771695047.0217,119_3,119,tpc_lock,14.257676124572754,46561,21,1
1771695047.0275335,112_3,112,tpc_lock,16.82642364501953,46561,21,1
1771695054.3311806,110_4,110,tpc_lock,5.961900234222412,46561,22,1
1771695054.496189,118_4,118,tpc_lock,6.575302839279175,46561,22,1
1771695054.6530485,116_4,116,tpc_lock,6.680139780044556,46561,22,1
1771695054.666961,114_3,114,tpc_commit,8.272431135177612,28795,22,1
1771695056.588424,117_3,117,tpc_lock,8.398006439208984,46561,22,1
1771695058.285175,115_3,115,das_work,8.623013257980347,48258,22,1
1771695058.5156417,114_3,114,tpc_commit,3.848665237426758,28795,22,1
1771695058.591864,112_3,112,das_work,5.491631507873535,48258,22,1
1771695058.6202054,111_3,111,das_work,4.204196214675903,48258,22,1
1771695058.6213477,110_4,110,tpc_lock,4.290158748626709,46561,22,1
1771695058.6789708,113_3,113,das_work,9.688416719436646,48258,22,1
1771695058.8351023,118_4,118,tpc_lock,4.338902473449707,46561,22,1
1771695059.2693596,116_4,116,tpc_lock,4.616299390792847,46561,22,1
1771695066.415425,112_3,112,tpc_commit,7.823511362075806,28795,23,1
1771695066.5875902,114_4,114,tpc_lock,7.241678714752197,46561,23,1
1771695068.5063148,111_3,111,tpc_commit,9.886101007461548,28795,23,1
1771695068.5538125,115_3,115,tpc_commit,10.268625974655151,28795,23,1
1771695068.6439264,113_3,113,tpc_commit,9.964946985244753,28795,23,1
1771695070.308383,117_3,117,tpc_lock,13.719911575317385,46561,23,1
1771695070.3176415,114_4,114,tpc_lock,3.73003888130188,46561,23,1
1771695070.5345917,113_3,113,tpc_commit,1.890654802322388,28795,23,1
1771695070.5602071,119_3,119,das_work,13.867965936660768,48258,23,1
1771695070.6667335,112_3,112,tpc_commit,4.251296281814575,28795,23,1
1771695070.7775338,116_4,116,das_work,4.537799835205078,48258,23,1
1771695070.8123293,118_4,118,das_work,5.180941820144653,48258,23,1
1771695070.9946735,115_3,115,tpc_commit,2.4408483505249023,28795,23,1
1771695071.0519342,110_4,110,das_work,9.49579906463623,48258,23,1
1771695078.153961,112_4,112,tpc_lock,5.658658504486084,46561,24,1
1771695078.1587374,116_4,116,tpc_commit,7.381192922592163,28795,24,1
1771695078.1852026,110_4,110,tpc_commit,7.133258581161499,28795,24,1
1771695078.3066435,118_4,118,tpc_commit,7.494306802749634,28795,24,1
1771695080.4481215,113_4,113,tpc_lock,8.289837837219238,46561,24,1
1771695080.4526982,115_4,115,tpc_lock,7.912277221679687,46561,24,1
1771695080.4567945,119_3,119,tpc_commit,9.896572828292848,28795,24,1
1771695082.3411994,111_3,111,tpc_commit,13.8348708152771,28795,24,1
1771695082.3464894,113_4,113,tpc_lock,1.8983564376831052,46561,24,1
1771695082.3845596,110_4,110,tpc_commit,4.199346303939819,28795,24,1
1771695082.5024445,112_4,112,tpc_lock,4.348473072052002,46561,24,1
1771695082.5828402,114_4,114,das_work,3.68183708190918,48258,24,1
1771695082.5857394,117_3,117,das_work,4.5348734855651855,48258,24,1
1771695082.660174,116_4,116,tpc_commit,4.501424789428711,28795,24,1
1771695082.7337415,118_4,118,tpc_commit,4.427088499069214,28795,24,1
1771695082.7970986,115_4,115,tpc_lock,2.3443899154663086,46561,24,1
1771695090.095263,114_4,114,tpc_commit,7.512412786483765,28795,25,1
1771695092.6835177,117_3,117,tpc_commit,10.097765922546388,28795,25,1
1771695092.7043808,111_4,111,tpc_lock,8.365664958953857,46561,25,1
1771695094.4724417,113_4,113,das_work,2.756086826324463,48258,25,1
1771695094.509301,112_4,112,das_work,5.851572036743164,48258,25,1
1771695094.5709243,114_4,114,tpc_commit,4.475650787353516,28795,25,1
1771695094.6044235,119_3,119,tpc_commit,14.147615671157835,28795,25,1
1771695095.0140502,115_4,115,das_work,3.0566418170928955,48258,25,1
1771695102.2248251,112_4,112,tpc_commit,7.715510845184326,28795,26,1
1771695104.6935022,119_4,119,tpc_lock,9.529909133911133,46561,26,1
1771695104.7107978,115_4,115,tpc_commit,9.696733713150024,28795,26,1
1771695104.7783625,113_4,113,tpc_commit,10.305905818939207,28795,26,1
1771695106.680435,117_3,117,tpc_commit,13.99690580368042,28795,26,1
1771695106.8813276,111_4,111,tpc_lock,14.176933765411375,46561,26,1
1771695116.5294478,117_4,117,tpc_lock,8.685182809829712,46561,27,1
1771695118.401466,119_4,119,tpc_lock,13.707951307296751,46561,27,1
1771695118.509559,113_4,113,tpc_commit,13.73118257522583,28795,27,1
1771695118.5921605,115_4,115,tpc_commit,13.881349325180054,28795,27,1
1771695118.7786047,111_4,111,das_work,3.716216564178467,48258,27,1
1771695118.844538,112_4,112,tpc_commit,16.61970019340515,28795,27,1
1771695128.7321754,111_4,111,tpc_commit,9.953557252883911,28795,28,1
1771695130.320385,119_4,119,das_work,2.2220890522003174,48258,28,1
1771695130.6987548,117_4,117,tpc_lock,14.169296503067017,46561,28,1
1771695140.5297656,119_4,119,tpc_commit,10.209368228912354,28795,29,1
1771695142.3261294,119_4,119,tpc_commit,1.7963507175445557,28795,29,1
1771695142.37621,111_4,111,tpc_commit,13.644023418426514,28795,29,1
1771695142.5141463,117_4,117,das_work,8.958441972732544,48258,29,1
1771695152.7686057,117_4,117,tpc_commit,10.254446268081663,28795,30,1
1771695154.3117237,117_4,117,tpc_commit,1.5430700778961182,28795,30,1
1771694897.9585087,128_0,128,tpc_lock,2.0920331478118896,46561,9,1
1771694897.9621558,122_0,122,tpc_lock,0.4490096569061279,46561,9,1
1771694900.2414775,129_0,129,tpc_lock,2.252816915512085,46549,9,1
1771694900.3021994,121_0,121,tpc_lock,4.233228921890259,46561,9,1
1771694901.9896502,122_0,122,tpc_lock,4.02748703956604,46561,9,1
1771694902.0110743,128_0,128,tpc_lock,4.052557468414307,46561,9,1
1771694902.0357552,129_0,129,tpc_lock,1.7942709922790527,46549,9,1
1771694902.0444117,121_0,121,tpc_lock,1.742201328277588,46561,9,1
1771694909.9229405,124_0,124,tpc_lock,7.036317825317383,46561,10,1
1771694909.9822552,120_0,120,tpc_lock,9.161535024642944,46561,10,1
1771694909.985396,126_0,126,tpc_lock,9.64087700843811,46561,10,1
1771694912.265324,125_0,125,tpc_lock,8.163079500198364,46537,10,1
1771694912.2765524,127_0,127,tpc_lock,10.936833620071411,46561,10,1
1771694912.290478,123_0,123,tpc_lock,3.4515633583068848,46561,10,1
1771694914.0290267,123_0,123,tpc_lock,1.7384941577911377,46561,10,1
1771694914.0489316,129_0,129,das_work,5.802919864654541,48258,10,1
1771694914.0659454,126_0,126,tpc_lock,4.080543279647827,46561,10,1
1771694914.0739727,122_0,122,das_work,2.9180257320404053,48258,10,1
1771694914.0761404,127_0,127,tpc_lock,1.799581527709961,46561,10,1
1771694914.0897038,120_0,120,tpc_lock,4.10744309425354,46561,10,1
1771694914.1059113,125_0,125,tpc_lock,1.8405816555023196,46537,10,1
1771694914.1162636,121_0,121,das_work,6.703929901123047,48258,10,1
1771694914.1323466,128_0,128,das_work,4.03839921951294,48258,10,1
1771694914.148491,124_0,124,tpc_lock,4.225545644760132,46561,10,1
1771694921.9445567,128_0,128,tpc_commit,7.812199115753174,28795,11,1
1771694921.9857388,122_0,122,tpc_commit,7.91175651550293,28795,11,1
1771694924.2901986,129_0,129,tpc_commit,10.241255760192873,28783,11,1
1771694924.325826,121_0,121,tpc_commit,10.209551334381104,28795,11,1
1771694926.143526,125_0,125,das_work,7.291659116744995,48258,11,1
1771694926.1506517,120_0,120,das_work,3.064439296722412,48258,11,1
1771694926.1866157,123_0,123,das_work,9.634498596191406,48258,11,1
1771694926.1984515,129_0,129,tpc_commit,1.9082422256469729,28783,11,1
1771694926.2109544,124_0,124,das_work,2.3424034118652344,48258,11,1
1771694926.2321603,121_0,121,tpc_commit,1.906327247619629,28795,11,1
1771694926.2326877,128_0,128,tpc_commit,4.288119792938232,28795,11,1
1771694926.2348115,126_0,126,das_work,11.017847537994385,48258,11,1
1771694926.2470946,122_0,122,tpc_commit,4.261343717575073,28795,11,1
1771694926.254996,127_0,127,das_work,3.9165308475494394,48258,11,1
1771694933.9597795,124_0,124,tpc_commit,7.748815059661865,28795,12,1
1771694933.962882,128_1,128,tpc_lock,6.910943984985352,46561,12,1
1771694934.0074716,120_0,120,tpc_commit,7.856746196746826,28795,12,1
1771694934.018556,122_1,122,tpc_lock,6.222290992736816,46561,12,1
1771694934.0270004,126_0,126,tpc_commit,7.792178153991699,28795,12,1
1771694936.2799008,123_0,123,tpc_commit,10.09327483177185,28795,12,1
1771694936.2847683,121_1,121,tpc_lock,8.40342116355896,46561,12,1
1771694936.2914383,125_0,125,tpc_commit,10.14788055419922,28771,12,1
1771694936.3286178,129_1,129,tpc_lock,9.190945148468018,46561,12,1
1771694936.35711,127_0,127,tpc_commit,10.102104902267456,28795,12,1
1771694938.1152067,120_0,120,tpc_commit,4.107724189758301,28795,12,1
1771694938.2033174,129_1,129,tpc_lock,1.874690055847168,46561,12,1
1771694938.2216797,123_0,123,tpc_commit,1.941767692565918,28795,12,1
1771694938.2434816,124_0,124,tpc_commit,4.283691644668579,28795,12,1
1771694938.29926,128_1,128,tpc_lock,4.336367845535278,46561,12,1
1771694938.3182096,127_0,127,tpc_commit,1.9610888957977293,28795,12,1
1771694938.350566,121_1,121,tpc_lock,2.0657877922058105,46561,12,1
1771694938.4114735,126_0,126,tpc_commit,4.384464263916016,28795,12,1
1771694938.429918,122_1,122,tpc_lock,4.41135311126709,46561,12,1
1771694938.443682,125_0,125,tpc_commit,2.152233123779297,28771,12,1
1771694946.1179829,124_1,124,tpc_lock,6.240407943725586,46561,13,1
1771694946.1809275,120_1,120,tpc_lock,7.195530652999878,46561,13,1
1771694946.1956382,126_1,126,tpc_lock,7.166577577590942,46561,13,1
1771694948.3564022,125_1,125,tpc_lock,9.328131198883057,46561,13,1
1771694948.36176,127_1,127,tpc_lock,9.351325750350952,46549,13,1
1771694948.4544728,123_1,123,tpc_lock,9.645584106445312,46561,13,1
1771694950.2967222,123_1,123,tpc_lock,1.8422346115112305,46561,13,1
1771694950.3112853,128_1,128,das_work,6.31759786605835,48258,13,1
1771694950.3300912,122_1,122,das_work,3.854006290435791,48258,13,1
1771694950.466031,120_1,120,tpc_lock,4.285093307495117,46561,13,1
1771694950.502696,124_1,124,tpc_lock,4.384699106216431,46561,13,1
1771694950.6424632,121_1,121,das_work,9.407219886779783,48258,13,1
1771694950.756671,127_1,127,tpc_lock,2.39490008354187,46549,13,1
1771694950.779551,125_1,125,tpc_lock,2.423136949539185,46561,13,1
1771694950.811448,129_1,129,das_work,4.231271982192993,48258,13,1
1771694950.858749,126_1,126,tpc_lock,4.663097620010376,46561,13,1
1771694958.2684717,122_1,122,tpc_commit,7.938369989395142,28795,14,1
1771694958.2912824,128_1,128,tpc_commit,7.979962825775146,28795,14,1
1771694960.4885645,121_1,121,tpc_commit,9.846089363098145,28795,14,1
1771694960.5018766,129_1,129,tpc_commit,9.690416812896729,28795,14,1
1771694962.2040317,125_1,125,das_work,7.188344240188599,48258,14,1
1771694962.3289206,124_1,124,das_work,10.574076175689695,48258,14,1
1771694962.3714535,126_1,126,das_work,10.395376920700071,48258,14,1
1771694962.4249032,122_1,122,tpc_commit,4.1564226150512695,28795,14,1
1771694962.5523863,121_1,121,tpc_commit,2.063810110092163,28795,14,1
1771694962.627381,120_1,120,das_work,4.543728828430176,48258,14,1
1771694962.6384726,123_1,123,das_work,10.368773698806764,48258,14,1
1771694962.7553134,128_1,128,tpc_commit,4.464019536972046,28795,14,1
1771694962.8843956,127_1,127,das_work,8.94230031967163,48258,14,1
1771694970.2617204,126_1,126,tpc_commit,7.890254735946655,28795,15,1
1771694970.279981,120_1,120,tpc_commit,7.652588367462158,28795,15,1
1771694970.3020835,128_2,128,tpc_lock,5.835747480392456,46561,15,1
1771694970.370023,122_2,122,tpc_lock,6.439081430435181,46561,15,1
1771694970.4328802,124_1,124,tpc_commit,8.103949546813965,28795,15,1
1771694972.6529212,125_1,125,tpc_commit,10.44887924194336,28795,15,1
1771694972.7069068,127_1,127,tpc_commit,9.822502374649048,28783,15,1
1771694972.719468,123_1,123,tpc_commit,10.080983877182009,28795,15,1
1771694972.749957,121_2,121,tpc_lock,9.269942283630373,46561,15,1
1771694974.2229457,129_1,129,tpc_commit,13.721057176589966,28795,15,1
1771694974.2265074,126_1,126,tpc_commit,3.964775562286377,28795,15,1
1771694974.239163,125_1,125,tpc_commit,1.5861921310424805,28795,15,1
1771694974.4371505,124_1,124,tpc_commit,4.004260063171387,28795,15,1
1771694974.5192797,122_2,122,tpc_lock,4.149247169494629,46561,15,1
1771694974.6256883,128_2,128,tpc_lock,4.323595285415649,46561,15,1
1771694974.9417994,120_1,120,tpc_commit,4.66180682182312,28795,15,1
1771694982.475006,124_2,124,tpc_lock,6.274749040603638,46549,16,1
1771694982.5956602,120_2,120,tpc_lock,6.523728609085083,46561,16,1
1771694982.625049,126_2,126,tpc_lock,6.473520040512085,46561,16,1
1771694984.4653018,125_2,125,tpc_lock,8.359299898147583,46561,16,1
1771694984.5148,129_2,129,tpc_lock,8.578383207321167,46561,16,1
1771694986.2650514,121_2,121,tpc_lock,13.51508378982544,46561,16,1
1771694986.2666202,128_2,128,das_work,2.9707894325256348,48258,16,1
1771694986.320299,126_2,126,tpc_lock,3.695237636566162,46561,16,1
1771694986.6268256,122_2,122,das_work,6.47681188583374,48258,16,1
1771694986.7042987,123_1,123,tpc_commit,13.984818935394289,28795,16,1
1771694986.7242477,120_2,120,tpc_lock,4.128574848175049,46561,16,1
1771694986.886868,124_2,124,tpc_lock,4.411850214004517,46549,16,1
1771694986.9773316,127_1,127,tpc_commit,14.270413637161257,28783,16,1
1771694994.248701,122_2,122,tpc_commit,7.621866226196289,28795,17,1
1771694994.2634823,128_2,128,tpc_commit,7.996852159500122,28795,17,1
1771694996.3833032,127_2,127,tpc_lock,7.99271559715271,46561,17,1
1771694996.4284463,123_2,123,tpc_lock,8.615615606307983,46561,17,1
1771694998.2621706,127_2,127,tpc_lock,1.8788580894470213,46561,17,1
1771694998.2759445,121_2,121,das_work,6.054023504257202,48258,17,1
1771694998.3359466,122_2,122,tpc_commit,4.087231874465942,28795,17,1
1771694998.4348447,128_2,128,tpc_commit,4.171350479125977,28795,17,1
1771694998.4739623,125_2,125,tpc_lock,14.00864839553833,46561,17,1
1771694998.520822,126_2,126,das_work,4.405371189117432,48258,17,1
1771694998.5880988,120_2,120,das_work,5.166686296463013,48258,17,1
1771694998.607316,123_2,123,tpc_lock,2.178860902786255,46561,17,1
1771694998.613188,129_2,129,tpc_lock,14.098380088806152,46561,17,1
1771694998.6195228,124_2,124,das_work,4.942269802093506,48258,17,1
1771695006.6352031,120_2,120,tpc_commit,8.047072887420654,28795,18,1
1771695006.746279,122_3,122,tpc_lock,6.888092279434204,46561,18,1
1771695006.829321,128_3,128,tpc_lock,7.041353702545166,46561,18,1
1771695006.8692913,126_2,126,tpc_commit,8.348461389541626,28795,18,1
1771695006.880494,124_2,124,tpc_commit,8.260962963104248,28783,18,1
1771695008.6299374,121_2,121,tpc_commit,10.353981971740724,28795,18,1
1771695010.229709,124_2,124,tpc_commit,3.349200963973999,28783,18,1
1771695010.4043086,126_2,126,tpc_commit,3.535005807876587,28795,18,1
1771695010.5502818,120_2,120,tpc_commit,3.915067672729492,28795,18,1
1771695010.6530292,128_3,128,tpc_lock,3.823698282241821,46561,18,1
1771695010.804354,123_2,123,das_work,6.64447546005249,48258,18,1
1771695018.241231,126_3,126,tpc_lock,6.7358386516571045,46561,19,1
1771695018.2583792,124_3,124,tpc_lock,6.033475637435913,46561,19,1
1771695018.490951,120_3,120,tpc_lock,7.240405082702637,46561,19,1
1771695020.4593434,123_2,123,tpc_commit,9.654979228973389,28795,19,1
1771695022.2795105,127_2,127,das_work,14.172370910644531,48258,19,1
1771695022.4964066,125_2,125,das_work,15.589883804321287,48258,19,1
1771695022.5186856,121_2,121,tpc_commit,13.888737916946411,28795,19,1
1771695022.5822082,126_3,126,tpc_lock,4.3409645557403564,46561,19,1
1771695022.6842742,122_3,122,tpc_lock,15.937982559204102,46561,19,1
1771695022.890659,120_3,120,tpc_lock,4.398190975189209,46561,19,1
1771695022.9859476,129_2,129,das_work,15.5818293094635,48258,19,1
1771695023.1050816,128_3,128,das_work,5.626057147979736,48258,19,1
1771695023.1676695,124_3,124,tpc_lock,4.909278631210327,46561,19,1
1771695030.3478837,128_3,128,tpc_commit,7.242790937423706,28795,20,1
1771695032.7515836,125_2,125,tpc_commit,10.255166292190552,28795,20,1
1771695032.7753992,121_3,121,tpc_lock,9.615238428115845,46561,20,1
1771695032.810173,127_2,127,tpc_commit,10.530619859695436,28795,20,1
1771695032.8171546,129_2,129,tpc_commit,9.831151247024536,28795,20,1
1771695034.341225,124_3,124,das_work,5.183053970336914,48258,20,1
1771695034.712191,122_3,122,das_work,6.9299633502960205,48258,20,1
1771695034.974144,128_3,128,tpc_commit,4.626249313354492,28795,20,1
1771695035.0044742,120_3,120,das_work,5.444243907928467,48258,20,1
1771695035.0180774,126_3,126,das_work,9.111453294754028,48258,20,1
1771695036.085755,123_2,123,tpc_commit,15.626404285430908,28795,20,1
1771695042.163116,126_3,126,tpc_commit,7.145020484924316,28795,21,1
1771695042.1653385,124_3,124,tpc_commit,7.824100017547607,28795,21,1
1771695042.179407,120_3,120,tpc_commit,7.174920082092285,28795,21,1
1771695042.2030728,122_3,122,tpc_commit,7.49086856842041,28795,21,1
1771695042.2050204,128_4,128,tpc_lock,6.716172695159912,46561,21,1
1771695044.5343142,123_3,123,tpc_lock,6.499382972717285,46561,21,1
1771695046.3126092,120_3,120,tpc_commit,4.133190155029297,28795,21,1
1771695046.314927,128_4,128,tpc_lock,4.1098949909210205,46561,21,1
1771695046.50578,127_2,127,tpc_commit,13.695593357086182,28795,21,1
1771695046.5195353,125_2,125,tpc_commit,13.767942428588867,28795,21,1
1771695046.7404687,121_3,121,tpc_lock,13.96505641937256,46561,21,1
1771695046.7867205,122_3,122,tpc_commit,4.583637237548828,28795,21,1
1771695046.9446137,124_3,124,tpc_commit,4.779263734817505,28795,21,1
1771695047.0127308,126_3,126,tpc_commit,4.849600791931152,28795,21,1
1771695047.034926,129_2,129,tpc_commit,14.217756748199465,28795,21,1
1771695054.3904643,120_4,120,tpc_lock,6.170994281768799,46561,22,1
1771695054.3983967,124_4,124,tpc_lock,6.610616207122803,46549,22,1
1771695054.5320213,122_4,122,tpc_lock,6.314765691757202,46561,22,1
1771695054.7916002,126_4,126,tpc_lock,5.856861352920532,46561,22,1
1771695056.4949803,125_3,125,tpc_lock,7.99561882019043,46561,22,1
1771695056.5141711,129_3,129,tpc_lock,8.018147706985474,46561,22,1
1771695056.558272,127_3,127,tpc_lock,9.23872971534729,46561,22,1
1771695058.339438,122_4,122,tpc_lock,3.8074045181274414,46561,22,1
1771695058.4529936,126_4,126,tpc_lock,3.6613831520080566,46561,22,1
1771695058.567835,120_4,120,tpc_lock,4.177355051040649,46561,22,1
1771695058.6036072,128_4,128,das_work,4.204100131988525,48258,22,1
1771695058.8416452,121_3,121,das_work,8.028443336486816,48258,22,1
1771695058.8615875,124_4,124,tpc_lock,4.463180541992188,46549,22,1
1771695058.9137075,123_3,123,tpc_lock,14.379380702972412,46561,22,1
1771695066.5741942,128_4,128,tpc_commit,7.970574378967285,28795,23,1
1771695068.533928,121_3,121,tpc_commit,9.692271947860718,28795,23,1
1771695070.33083,127_3,127,tpc_lock,13.772543907165527,46561,23,1
1771695070.4247017,125_3,125,tpc_lock,13.929708003997805,46561,23,1
1771695070.4884667,124_4,124,das_work,7.641808271408081,48258,23,1
1771695070.498608,129_3,129,tpc_lock,13.984394073486328,46561,23,1
1771695070.6959884,128_4,128,tpc_commit,4.121779918670654,28795,23,1
1771695070.8496363,123_3,123,das_work,8.562834978103638,48258,23,1
1771695070.9538283,122_4,122,das_work,5.951641321182251,48258,23,1
1771695070.9874182,126_4,126,das_work,6.251467227935791,48258,23,1
1771695071.0090878,120_4,120,das_work,7.743028163909912,48258,23,1
1771695078.2129982,126_4,126,tpc_commit,7.225565433502197,28795,24,1
1771695078.2403753,122_4,122,tpc_commit,7.286534547805786,28795,24,1
1771695078.253153,124_4,124,tpc_commit,7.764673948287964,28783,24,1
1771695078.3293836,120_4,120,tpc_commit,7.320284366607666,28795,24,1
1771695080.4975708,123_3,123,tpc_commit,9.64792251586914,28795,24,1
1771695082.339527,121_3,121,tpc_commit,13.80559015274048,28795,24,1
1771695082.517965,129_3,129,das_work,8.884356498718262,48258,24,1
1771695082.5755336,120_4,120,tpc_commit,4.246136903762817,28795,24,1
1771695082.6088228,125_3,125,das_work,5.362265110015869,48258,24,1
1771695082.7264223,124_4,124,tpc_commit,4.4732584953308105,28783,24,1
1771695082.7357123,126_4,126,tpc_commit,4.52266788482666,28795,24,1
1771695082.744148,122_4,122,tpc_commit,4.5037617683410645,28795,24,1
1771695082.7995565,123_3,123,tpc_commit,2.301976203918457,28795,24,1
1771695082.802891,127_3,127,das_work,9.71320629119873,48258,24,1
1771695092.5829494,121_4,121,tpc_lock,8.592529296875,46561,25,1
1771695092.6123376,127_3,127,tpc_commit,9.809435844421388,28795,25,1
1771695092.7007618,123_4,123,tpc_lock,8.15352749824524,46561,25,1
1771695092.703012,125_3,125,tpc_commit,10.094176530838013,28795,25,1
1771695092.70706,129_3,129,tpc_commit,10.189085006713867,28795,25,1
1771695106.262444,125_3,125,tpc_commit,13.559420824050903,28795,26,1
1771695106.3219752,121_4,121,tpc_lock,13.739012718200684,46561,26,1
1771695106.4840105,123_4,123,tpc_lock,13.783238887786863,46561,26,1
1771695107.0056007,127_3,127,tpc_commit,14.393251657485962,28795,26,1
1771695107.229422,129_3,129,tpc_commit,14.52235221862793,28795,26,1
1771695116.5122817,129_4,129,tpc_lock,7.857388973236084,46549,27,1
1771695116.5481546,127_4,127,tpc_lock,8.150719165802002,46561,27,1
1771695116.5633,125_4,125,tpc_lock,8.987809658050537,46561,27,1
1771695118.5205789,127_4,127,tpc_lock,1.9724130630493164,46561,27,1
1771695118.5245411,121_4,121,das_work,4.383663177490234,48258,27,1
1771695118.831626,123_4,123,das_work,7.774549961090088,48258,27,1
1771695128.6386962,121_4,121,tpc_commit,10.114143133163452,28795,28,1
1771695128.6623518,123_4,123,tpc_commit,9.830713748931885,28795,28,1
1771695130.399119,125_4,125,tpc_lock,13.835806131362917,46561,28,1
1771695130.413414,129_4,129,tpc_lock,13.901122093200684,46549,28,1
1771695130.5508893,127_4,127,das_work,6.932463645935059,48258,28,1
1771695140.5181923,127_4,127,tpc_commit,9.967292308807371,28795,29,1
1771695142.2979214,127_4,127,tpc_commit,1.779716968536377,28795,29,1
1771695142.3118267,123_4,123,tpc_commit,13.64946222305298,28795,29,1
1771695142.3128395,125_4,125,das_work,4.219257354736328,48258,29,1
1771695142.571823,121_4,121,tpc_commit,13.933115482330322,28795,29,1
1771695142.7051916,129_4,129,das_work,10.178236722946169,48258,29,1
1771695152.756489,129_4,129,tpc_commit,10.051259756088257,28783,30,1
1771695152.827471,125_4,125,tpc_commit,10.51462197303772,28795,30,1
1771695154.4503672,125_4,125,tpc_commit,1.6228854656219482,28795,30,1
1771695154.5257242,129_4,129,tpc_commit,1.7692232131958008,28783,30,1
1771694900.2624545,131_0,131,tpc_lock,0.1604070663452148,46561,9,1
1771694901.9881604,131_0,131,tpc_lock,1.7256979942321775,46561,9,1
1771694909.9270568,138_0,138,tpc_lock,7.697313070297241,46561,10,1
1771694909.9827704,136_0,136,tpc_lock,4.77858829498291,46561,10,1
1771694909.9937146,130_0,130,tpc_lock,4.489675521850586,46561,10,1
1771694909.9993174,132_0,132,tpc_lock,2.976692676544189,46561,10,1
1771694912.2657611,137_0,137,tpc_lock,9.2061128616333,46561,10,1
1771694912.2727668,139_0,139,tpc_lock,6.333038568496704,46561,10,1
1771694912.2857847,135_0,135,tpc_lock,3.7613372802734375,46561,10,1
1771694912.330082,133_0,133,tpc_lock,7.471920728683472,46561,10,1
1771694914.042612,138_0,138,tpc_lock,4.115549564361572,46561,10,1
1771694914.0524256,132_0,132,tpc_lock,4.053102016448975,46561,10,1
1771694914.0610242,133_0,133,tpc_lock,1.730936050415039,46561,10,1
1771694914.06215,139_0,139,tpc_lock,1.7888658046722412,46561,10,1
1771694914.0677743,135_0,135,tpc_lock,1.7819819450378418,46561,10,1
1771694914.0756488,130_0,130,tpc_lock,4.08192777633667,46561,10,1
1771694914.089183,137_0,137,tpc_lock,1.823416233062744,46561,10,1
1771694914.089985,136_0,136,tpc_lock,4.107208967208862,46561,10,1
1771694914.1140687,131_0,131,das_work,10.630595684051514,48258,10,1
1771694921.9619024,134_0,134,tpc_lock,11.38815450668335,46561,11,1
1771694924.2878275,131_0,131,tpc_commit,10.173747777938845,28795,11,1
1771694926.0818594,131_0,131,tpc_commit,1.793975591659546,28795,11,1
1771694926.0821269,136_0,136,das_work,2.1522645950317383,48258,11,1
1771694926.0900712,134_0,134,tpc_lock,4.128163576126099,46561,11,1
1771694926.0991423,135_0,135,das_work,10.187328577041626,48258,11,1
1771694926.1093895,132_0,132,das_work,6.874815940856934,48258,11,1
1771694926.1420147,138_0,138,das_work,8.86980938911438,48258,11,1
1771694926.143606,133_0,133,das_work,3.003882884979248,48258,11,1
1771694926.1457086,137_0,137,das_work,6.618989229202271,48258,11,1
1771694926.157206,130_0,130,das_work,4.493124008178711,48258,11,1
1771694926.193071,139_0,139,das_work,6.4556884765625,48258,11,1
1771694934.0119314,136_0,136,tpc_commit,7.929756164550781,28795,12,1
1771694934.0167444,132_0,132,tpc_commit,7.907319068908691,28795,12,1
1771694934.0181077,130_0,130,tpc_commit,7.860891342163086,28795,12,1
1771694934.0523229,138_0,138,tpc_commit,7.91029691696167,28795,12,1
1771694936.2761934,137_0,137,tpc_commit,10.130473852157593,28795,12,1
1771694936.2972505,139_0,139,tpc_commit,10.104169845581056,28795,12,1
1771694936.3008823,133_0,133,tpc_commit,10.157268047332764,28795,12,1
1771694936.3241289,135_0,135,tpc_commit,10.22497844696045,28795,12,1
1771694936.338265,131_1,131,tpc_lock,9.413089752197266,46561,12,1
1771694938.107497,137_0,137,tpc_commit,1.831291913986206,28795,12,1
1771694938.1082344,131_1,131,tpc_lock,1.7699604034423828,46561,12,1
1771694938.2149973,136_0,136,tpc_commit,4.203058481216431,28795,12,1
1771694938.256398,130_0,130,tpc_commit,4.238281965255737,28795,12,1
1771694938.2953966,135_0,135,tpc_commit,1.971257209777832,28795,12,1
1771694938.3127878,132_0,132,tpc_commit,4.296034574508667,28795,12,1
1771694938.3386369,134_0,134,das_work,5.667757511138916,48258,12,1
1771694938.343122,139_0,139,tpc_commit,2.045862436294556,28795,12,1
1771694938.358043,133_0,133,tpc_commit,2.0571506023406982,28795,12,1
1771694938.414049,138_0,138,tpc_commit,4.361695051193237,28795,12,1
1771694946.1323917,130_1,130,tpc_lock,6.06028413772583,46561,13,1
1771694946.1343417,132_1,132,tpc_lock,6.122095584869385,46561,13,1
1771694946.180446,136_1,136,tpc_lock,6.77111554145813,46549,13,1
1771694946.261931,134_0,134,tpc_commit,7.923281908035278,28795,13,1
1771694946.2674737,138_1,138,tpc_lock,5.94791841506958,46561,13,1
1771694948.369583,139_1,139,tpc_lock,8.930647850036621,46561,13,1
1771694948.378713,133_1,133,tpc_lock,9.49739122390747,46561,13,1
1771694948.3812988,135_1,135,tpc_lock,8.71759819984436,46561,13,1
1771694948.4326253,137_1,137,tpc_lock,8.82448434829712,46549,13,1
1771694950.3205888,138_1,138,tpc_lock,4.053099870681763,46561,13,1
1771694950.4217286,135_1,135,tpc_lock,2.040417194366455,46561,13,1
1771694950.441923,133_1,133,tpc_lock,2.063199758529663,46561,13,1
1771694950.6414762,130_1,130,tpc_lock,4.509072542190552,46561,13,1
1771694950.6955912,139_1,139,tpc_lock,2.3259987831115723,46561,13,1
1771694950.7192984,131_1,131,das_work,10.47883915901184,48258,13,1
1771694950.7233872,134_0,134,tpc_commit,4.461445093154907,28795,13,1
1771694950.8241987,132_1,132,tpc_lock,4.689847469329834,46561,13,1
1771694950.873332,136_1,136,tpc_lock,4.692854166030884,46549,13,1
1771694958.3964074,134_1,134,tpc_lock,6.728427171707153,46561,14,1
1771694960.51593,131_1,131,tpc_commit,9.796621561050417,28795,14,1
1771694962.1900194,136_1,136,das_work,5.211279392242432,48258,14,1
1771694962.2079098,132_1,132,das_work,2.446746349334717,48258,14,1
1771694962.4611402,139_1,139,das_work,7.41840386390686,48258,14,1
1771694962.534414,135_1,135,das_work,3.2325921058654785,48258,14,1
1771694962.5416267,130_1,130,das_work,5.356223821640015,48258,14,1
1771694962.7036405,137_1,137,tpc_lock,14.271004438400269,46549,14,1
1771694962.7082243,133_1,133,das_work,7.590208530426025,48258,14,1
1771694962.7979224,138_1,138,das_work,6.919910907745361,48258,14,1
1771694962.9235373,134_1,134,tpc_lock,4.527120590209961,46561,14,1
1771694970.355712,136_1,136,tpc_commit,8.165679693222046,28783,15,1
1771694970.3610404,130_1,130,tpc_commit,7.819404125213623,28795,15,1
1771694970.3908775,132_1,132,tpc_commit,8.182955980300903,28795,15,1
1771694970.4155462,138_1,138,tpc_commit,7.617612838745117,28795,15,1
1771694972.604123,133_1,133,tpc_commit,9.89588737487793,28795,15,1
1771694972.6324484,135_1,135,tpc_commit,10.098023653030396,28795,15,1
1771694972.6540933,139_1,139,tpc_commit,10.192942380905151,28795,15,1
1771694974.2385557,130_1,130,tpc_commit,3.8775038719177246,28795,15,1
1771694974.2610412,134_1,134,das_work,7.38939905166626,48258,15,1
1771694974.3626804,138_1,138,tpc_commit,3.9471240043640137,28795,15,1
1771694974.3746986,139_1,139,tpc_commit,1.7205944061279297,28795,15,1
1771694974.3929043,132_1,132,tpc_commit,4.001989364624023,28795,15,1
1771694974.4742064,133_1,133,tpc_commit,1.870053768157959,28795,15,1
1771694974.6594224,131_1,131,tpc_commit,14.143481492996216,28795,15,1
1771694974.6695657,137_1,137,das_work,4.5645787715911865,48258,15,1
1771694975.0126896,136_1,136,tpc_commit,4.656968116760254,28783,15,1
1771694982.3926437,134_1,134,tpc_commit,8.131591081619263,28795,16,1
1771694982.4933317,130_2,130,tpc_lock,6.56456470489502,46561,16,1
1771694982.5068038,138_2,138,tpc_lock,7.016653299331665,46561,16,1
1771694982.5712285,136_2,136,tpc_lock,6.346534729003906,46561,16,1
1771694982.6186724,132_2,132,tpc_lock,6.249009609222412,46561,16,1
1771694984.4090884,137_1,137,tpc_commit,9.73951244354248,28783,16,1
1771694984.4124515,139_2,139,tpc_lock,9.403716802597046,46561,16,1
1771694984.453364,131_2,131,tpc_lock,8.568037271499634,46561,16,1
1771694984.5052314,133_2,133,tpc_lock,8.350348949432373,46561,16,1
1771694986.2868707,132_2,132,tpc_lock,3.6681878566741934,46561,16,1
1771694986.346047,130_2,130,tpc_lock,3.85270357131958,46561,16,1
1771694986.3499482,136_2,136,tpc_lock,3.77870512008667,46561,16,1
1771694986.5309217,134_1,134,tpc_commit,4.138266563415527,28795,16,1
1771694986.606935,135_1,135,tpc_commit,13.97447657585144,28795,16,1
1771694986.930833,138_2,138,tpc_lock,4.424015998840332,46561,16,1
1771694994.2151308,134_2,134,tpc_lock,6.203617811203003,46561,17,1
1771694996.3967004,135_2,135,tpc_lock,9.080670595169067,46561,17,1
1771694998.256642,131_2,131,tpc_lock,13.803267002105711,46561,17,1
1771694998.326388,133_2,133,tpc_lock,13.821143627166748,46561,17,1
1771694998.3506155,132_2,132,das_work,3.2011117935180664,48258,17,1
1771694998.3982594,134_2,134,tpc_lock,4.183117628097534,46561,17,1
1771694998.5623784,138_2,138,das_work,9.570395708084106,48258,17,1
1771694998.6310732,130_2,130,das_work,3.4940783977508545,48258,17,1
1771694998.7129164,136_2,136,das_work,6.234068870544434,48258,17,1
1771694998.7600632,137_1,137,tpc_commit,14.3509624004364,28783,17,1
1771694998.7620084,135_2,135,tpc_lock,2.3652946949005127,46561,17,1
1771694998.793873,139_2,139,tpc_lock,14.381405591964722,46561,17,1
1771695006.645074,136_2,136,tpc_commit,7.932147741317749,28795,18,1
1771695006.6490026,138_2,138,tpc_commit,8.086613416671753,28795,18,1
1771695006.8431125,132_2,132,tpc_commit,8.492486000061035,28795,18,1
1771695006.923564,130_2,130,tpc_commit,8.292481422424316,28795,18,1
1771695008.5393806,137_2,137,tpc_lock,8.475242376327515,46561,18,1
1771695010.175309,133_2,133,das_work,6.612315654754639,48258,18,1
1771695010.2854283,134_2,134,das_work,4.549052953720093,48258,18,1
1771695010.3206131,136_2,136,tpc_commit,3.675523996353149,28795,18,1
1771695010.3464096,131_2,131,das_work,6.54072904586792,48258,18,1
1771695010.3549254,139_2,139,das_work,6.172206401824951,48258,18,1
1771695010.3884697,130_2,130,tpc_commit,3.4648923873901367,28795,18,1
1771695010.6950767,132_2,132,tpc_commit,3.851952075958252,28795,18,1
1771695018.247743,134_2,134,tpc_commit,7.962302684783935,28795,19,1
1771695018.391321,136_3,136,tpc_lock,6.969756126403809,46561,19,1
1771695018.4269824,130_3,130,tpc_lock,6.302014589309692,46561,19,1
1771695018.43594,132_3,132,tpc_lock,6.331764221191406,46561,19,1
1771695020.439914,131_2,131,tpc_commit,10.09349250793457,28795,19,1
1771695020.4648066,139_2,139,tpc_commit,10.10987114906311,28795,19,1
1771695020.4670763,133_2,133,tpc_commit,10.291756391525269,28795,19,1
1771695022.3678536,132_3,132,tpc_lock,3.931570053100586,46561,19,1
1771695022.5187242,136_3,136,tpc_lock,4.127390623092651,46561,19,1
1771695022.548802,134_2,134,tpc_commit,4.301023483276367,28795,19,1
1771695022.6127152,130_3,130,tpc_lock,4.185720443725586,46561,19,1
1771695022.6373572,138_2,138,tpc_commit,15.988340616226196,28795,19,1
1771695022.6385448,135_2,135,das_work,14.20293116569519,48258,19,1
1771695022.912213,137_2,137,tpc_lock,14.372824668884276,46561,19,1
1771695030.4294634,138_3,138,tpc_lock,7.159217357635498,46561,20,1
1771695030.444558,134_3,134,tpc_lock,6.612941741943359,46561,20,1
1771695032.73878,135_2,135,tpc_commit,10.100223779678345,28795,20,1
1771695034.2097626,132_3,132,das_work,7.591626405715942,48258,20,1
1771695034.429896,139_2,139,tpc_commit,13.965078592300417,28795,20,1
1771695034.5222538,133_2,133,tpc_commit,14.055163383483888,28795,20,1
1771695034.601127,137_2,137,das_work,5.170215368270874,48258,20,1
1771695034.8180385,134_3,134,tpc_lock,4.3734681606292725,46561,20,1
1771695035.3374069,130_3,130,das_work,7.667124032974243,48258,20,1
1771695035.4746535,131_2,131,tpc_commit,15.034728288650513,28795,20,1
1771695035.7787209,136_3,136,das_work,6.724515199661255,48258,20,1
1771695042.162908,136_3,136,tpc_commit,6.384102582931519,28795,21,1
1771695042.1650765,130_3,130,tpc_commit,6.827659130096436,28795,21,1
1771695042.1740026,132_3,132,tpc_commit,7.964179515838623,28795,21,1
1771695044.5307617,131_3,131,tpc_lock,8.196279287338257,46561,21,1
1771695044.5428295,139_3,139,tpc_lock,8.334255456924438,46561,21,1
1771695044.5691774,137_2,137,tpc_commit,9.968037128448486,28795,21,1
1771695044.57225,133_3,133,tpc_lock,9.325384378433228,46561,21,1
1771695046.3083673,132_3,132,tpc_commit,4.134352922439575,28795,21,1
1771695046.3169954,138_3,138,tpc_lock,15.887482166290283,46561,21,1
1771695046.31801,134_3,134,das_work,7.712923765182495,48258,21,1
1771695046.5037415,130_3,130,tpc_commit,4.3386549949646,28795,21,1
1771695046.585058,136_3,136,tpc_commit,4.422138929367065,28795,21,1
1771695046.5911326,135_2,135,tpc_commit,13.85230302810669,28795,21,1
1771695046.6459837,139_3,139,tpc_lock,2.1031429767608643,46561,21,1
1771695047.0516472,131_3,131,tpc_lock,2.5208747386932373,46561,21,1
1771695054.320974,136_4,136,tpc_lock,6.91214656829834,46561,22,1
1771695054.3475814,134_3,134,tpc_commit,8.029560089111328,28795,22,1
1771695054.5378222,132_4,132,tpc_lock,7.1461944580078125,46561,22,1
1771695054.542937,130_4,130,tpc_lock,7.167926788330078,46561,22,1
1771695056.5636957,135_3,135,tpc_lock,9.070741891860962,46561,22,1
1771695058.4375155,139_3,139,das_work,9.42490816116333,48258,22,1
1771695058.461141,134_3,134,tpc_commit,4.113547563552856,28795,22,1
1771695058.5190651,133_3,133,tpc_lock,13.946803331375122,46561,22,1
1771695058.5671024,137_2,137,tpc_commit,13.997912168502808,28795,22,1
1771695058.6851633,136_4,136,tpc_lock,4.364179611206055,46561,22,1
1771695058.717494,138_3,138,das_work,9.13645362854004,48258,22,1
1771695058.7307646,130_4,130,tpc_lock,4.187814950942993,46561,22,1
1771695059.0758052,132_4,132,tpc_lock,4.5379722118377686,46561,22,1
1771695066.6039524,134_4,134,tpc_lock,6.619878768920898,46561,23,1
1771695066.640874,138_3,138,tpc_commit,7.923369169235229,28795,23,1
1771695068.6127598,137_3,137,tpc_lock,8.263967990875244,46561,23,1
1771695068.6311045,139_3,139,tpc_commit,10.193557977676392,28795,23,1
1771695070.4854915,134_4,134,tpc_lock,3.8815274238586426,46561,23,1
1771695070.4959376,138_3,138,tpc_commit,3.8550524711608887,28795,23,1
1771695070.5363765,131_3,131,das_work,14.70309853553772,48258,23,1
1771695070.656629,133_3,133,das_work,5.762107610702515,48258,23,1
1771695070.7778344,136_4,136,das_work,9.159152507781982,48258,23,1
1771695070.863106,135_3,135,tpc_lock,14.29939889907837,46561,23,1
1771695070.88126,130_4,130,das_work,8.445258617401123,48258,23,1
1771695070.883119,132_4,132,das_work,8.693340539932251,48258,23,1
1771695071.002606,137_3,137,tpc_lock,2.389836549758911,46561,23,1
1771695078.1392982,130_4,130,tpc_commit,7.258025646209717,28795,24,1
1771695078.2035215,132_4,132,tpc_commit,7.32039475440979,28795,24,1
1771695078.2252693,138_4,138,tpc_lock,6.987406015396118,46561,24,1
1771695078.3148997,136_4,136,tpc_commit,7.537055253982544,28795,24,1
1771695080.4531343,133_3,133,tpc_commit,9.796494960784912,28795,24,1
1771695080.4552834,131_3,131,tpc_commit,9.918894052505491,28795,24,1
1771695082.378096,139_3,139,tpc_commit,13.746980905532835,28795,24,1
1771695082.4572773,136_4,136,tpc_commit,4.142367124557495,28795,24,1
1771695082.5625987,132_4,132,tpc_commit,4.359066724777222,28795,24,1
1771695082.6020017,130_4,130,tpc_commit,4.462689399719238,28795,24,1
1771695082.633443,131_3,131,tpc_commit,2.178149700164795,28795,24,1
1771695082.681208,134_4,134,das_work,3.3535873889923096,48258,24,1
1771695082.7044897,135_3,135,das_work,7.615731477737427,48258,24,1
1771695082.7104197,133_3,133,tpc_commit,2.257275104522705,28795,24,1
1771695082.7481868,137_3,137,das_work,5.817126512527466,48258,24,1
1771695082.766495,138_4,138,tpc_lock,4.54121470451355,46561,24,1
1771695090.1432774,134_4,134,tpc_commit,7.462058305740356,28795,25,1
1771695092.5648532,133_4,133,tpc_lock,8.751179933547974,46561,25,1
1771695092.6264832,139_4,139,tpc_lock,9.004685640335083,46561,25,1
1771695092.6403036,135_3,135,tpc_commit,9.935803174972534,28795,25,1
1771695092.6510942,131_4,131,tpc_lock,9.133831977844238,46561,25,1
1771695092.7072935,137_3,137,tpc_commit,9.959096908569336,28795,25,1
1771695094.3972542,138_4,138,das_work,6.561449527740479,48258,25,1
1771695094.4965286,134_4,134,tpc_commit,4.353240013122559,28795,25,1
1771695094.5184588,139_4,139,tpc_lock,1.891963005065918,46561,25,1
1771695102.3082526,138_4,138,tpc_commit,7.910987615585327,28795,26,1
1771695106.2602365,137_3,137,tpc_commit,13.552932739257812,28795,26,1
1771695106.3216486,135_3,135,tpc_commit,13.681334018707275,28795,26,1
1771695106.4399638,131_4,131,tpc_lock,13.788856983184814,46561,26,1
1771695106.694908,139_4,139,das_work,9.613846063613892,48258,26,1
1771695106.7579443,133_4,133,tpc_lock,14.19308090209961,46561,26,1
1771695116.5347044,139_4,139,tpc_commit,9.8397855758667,28795,27,1
1771695116.5374718,135_4,135,tpc_lock,9.575896739959717,46561,27,1
1771695116.549456,137_4,137,tpc_lock,9.181030750274658,46561,27,1
1771695118.4132488,139_4,139,tpc_commit,1.878502607345581,28795,27,1
1771695118.4220395,133_4,133,das_work,10.46506643295288,48258,27,1
1771695118.655686,138_4,138,tpc_commit,16.34742283821106,28795,27,1
1771695118.7198782,131_4,131,das_work,9.065635919570925,48258,27,1
1771695128.6414528,131_4,131,tpc_commit,9.921562910079956,28795,28,1
1771695128.736981,133_4,133,tpc_commit,10.314882040023804,28795,28,1
1771695130.2915406,135_4,135,tpc_lock,13.75405740737915,46561,28,1
1771695130.4267917,137_4,137,tpc_lock,13.877324104309082,46561,28,1
1771695142.402485,131_4,131,tpc_commit,13.761021852493286,28795,29,1
1771695142.4789145,137_4,137,das_work,9.114410161972046,48258,29,1
1771695142.5885391,135_4,135,das_work,7.860919713973999,48258,29,1
1771695142.772679,133_4,133,tpc_commit,14.035690784454346,28795,29,1
1771695152.7285488,137_4,137,tpc_commit,10.249560832977297,28795,30,1
1771695152.7638912,135_4,135,tpc_commit,10.17529296875,28795,30,1
1771695154.3286111,137_4,137,tpc_commit,1.60001540184021,28795,30,1
1771695154.729247,135_4,135,tpc_commit,1.965346097946167,28795,30,1
1771694909.9308796,142_0,142,tpc_lock,8.029326677322388,46549,10,1
1771694909.9332397,146_0,146,tpc_lock,0.3549184799194336,46561,10,1
1771694909.942613,148_0,148,tpc_lock,7.197585582733154,46561,10,1
1771694912.264197,141_0,141,tpc_lock,8.655084371566772,46561,10,1
1771694912.3058944,147_0,147,tpc_lock,2.658377170562744,46561,10,1
1771694912.3108654,143_0,143,tpc_lock,10.445666074752808,46561,10,1
1771694914.033902,148_0,148,tpc_lock,4.091282367706299,46561,10,1
1771694914.0552442,141_0,141,tpc_lock,1.7910397052764893,46561,10,1
1771694914.0604727,143_0,143,tpc_lock,1.7496018409729004,46561,10,1
1771694914.0695882,146_0,146,tpc_lock,4.136338710784912,46561,10,1
1771694914.1133194,147_0,147,tpc_lock,1.8074181079864504,46561,10,1
1771694914.1281383,142_0,142,tpc_lock,4.197251796722412,46549,10,1
1771694922.006354,140_0,140,tpc_lock,9.938584566116331,46561,11,1
1771694922.0106466,144_0,144,tpc_lock,11.759830474853516,46561,11,1
1771694924.2838905,149_0,149,tpc_lock,11.081328630447388,46561,11,1
1771694924.2897394,145_0,145,tpc_lock,10.915932178497314,46561,11,1
1771694926.0759034,149_0,149,tpc_lock,1.7920067310333252,46561,11,1
1771694926.0768683,141_0,141,das_work,8.320762157440186,48258,11,1
1771694926.092731,148_0,148,das_work,4.022042274475098,48258,11,1
1771694926.1060843,147_0,147,das_work,7.688270330429077,48258,11,1
1771694926.1599202,142_0,142,das_work,3.9436399936676025,48258,11,1
1771694926.1808455,140_0,140,tpc_lock,4.174485206604004,46561,11,1
1771694926.1872137,145_0,145,tpc_lock,1.89743447303772,46561,11,1
1771694926.1948154,146_0,146,das_work,7.523240327835083,48258,11,1
1771694926.2113607,143_0,143,das_work,8.807425737380981,48258,11,1
1771694926.226515,144_0,144,tpc_lock,4.215862274169922,46561,11,1
1771694933.9529195,148_0,148,tpc_commit,7.860178709030151,28795,12,1
1771694933.9545498,142_0,142,tpc_commit,7.794619798660278,28783,12,1
1771694934.0036724,146_0,146,tpc_commit,7.808844566345215,28795,12,1
1771694936.3276756,147_0,147,tpc_commit,10.221580028533936,28795,12,1
1771694936.3307376,141_0,141,tpc_commit,10.253827333450316,28795,12,1
1771694936.3549116,143_0,143,tpc_commit,10.143539428710938,28795,12,1
1771694938.154733,146_0,146,tpc_commit,4.151050567626953,28795,12,1
1771694938.186098,141_0,141,tpc_commit,1.8553504943847656,28795,12,1
1771694938.2435892,143_0,143,tpc_commit,1.8886692523956297,28795,12,1
1771694938.2835393,148_0,148,tpc_commit,4.330612421035767,28795,12,1
1771694938.349373,140_0,140,das_work,2.739423990249634,48258,12,1
1771694938.3917406,142_0,142,tpc_commit,4.43718409538269,28783,12,1
1771694938.3956494,147_0,147,tpc_commit,2.067962884902954,28795,12,1
1771694938.414904,149_0,149,das_work,6.808949708938599,48258,12,1
1771694938.4451845,145_0,145,das_work,8.675844669342041,48258,12,1
1771694938.453259,144_0,144,das_work,11.036580085754396,48258,12,1
1771694946.1315055,140_0,140,tpc_commit,7.782121658325195,28795,13,1
1771694946.144826,144_0,144,tpc_commit,7.691555023193359,28795,13,1
1771694946.1495671,142_1,142,tpc_lock,6.040884256362915,46561,13,1
1771694946.236738,146_1,146,tpc_lock,6.848719596862793,46561,13,1
1771694946.2440157,148_1,148,tpc_lock,6.026355743408203,46561,13,1
1771694948.36613,143_1,143,tpc_lock,8.21358036994934,46561,13,1
1771694948.3756924,147_1,147,tpc_lock,8.855684280395508,46561,13,1
1771694948.3790991,149_0,149,tpc_commit,9.964183807373049,28795,13,1
1771694948.4597156,145_0,145,tpc_commit,10.01452136039734,28795,13,1
1771694948.5182867,141_1,141,tpc_lock,9.206550359725952,46549,13,1
1771694950.3270392,146_1,146,tpc_lock,4.090290307998657,46561,13,1
1771694950.4638398,148_1,148,tpc_lock,4.219813585281372,46561,13,1
1771694950.478193,142_1,142,tpc_lock,4.328614950180054,46561,13,1
1771694950.4793465,141_1,141,tpc_lock,1.9610481262207031,46549,13,1
1771694950.5195897,149_0,149,tpc_commit,2.1404800415039062,28795,13,1
1771694950.644768,143_1,143,tpc_lock,2.2786247730255127,46561,13,1
1771694950.6886656,145_0,145,tpc_commit,2.228938341140747,28795,13,1
1771694950.7064288,147_1,147,tpc_lock,2.330726146697998,46561,13,1
1771694950.805308,144_0,144,tpc_commit,4.66047215461731,28795,13,1
1771694950.82609,140_0,140,tpc_commit,4.694571018218994,28795,13,1
1771694958.3385131,144_1,144,tpc_lock,5.6324217319488525,46561,14,1
1771694958.3858986,140_1,140,tpc_lock,6.126435041427612,46561,14,1
1771694960.411168,145_1,145,tpc_lock,8.500036478042603,46561,14,1
1771694960.431321,149_1,149,tpc_lock,8.796545267105103,46561,14,1
1771694962.1891973,142_1,142,das_work,7.928838729858398,48258,14,1
1771694962.323821,143_1,143,das_work,8.521596908569336,48258,14,1
1771694962.4360683,145_1,145,tpc_lock,2.024889707565308,46561,14,1
1771694962.6794555,147_1,147,das_work,8.935606002807617,48258,14,1
1771694962.7575512,140_1,140,tpc_lock,4.371641159057617,46561,14,1
1771694962.7927587,148_1,148,das_work,4.887176275253296,48258,14,1
1771694962.8227725,146_1,146,das_work,7.709327936172485,48258,14,1
1771694962.8799105,144_1,144,tpc_lock,4.541386604309082,46561,14,1
1771694962.9413536,141_1,141,das_work,8.550193071365356,48258,14,1
1771694970.378046,142_1,142,tpc_commit,8.18883752822876,28795,15,1
1771694970.3845682,146_1,146,tpc_commit,7.561784982681274,28795,15,1
1771694970.440303,148_1,148,tpc_commit,7.647533178329468,28795,15,1
1771694972.5975928,141_1,141,tpc_commit,9.656231880187988,28783,15,1
1771694972.5995762,143_1,143,tpc_commit,10.275746822357178,28795,15,1
1771694972.6085937,147_1,147,tpc_commit,9.929126024246216,28795,15,1
1771694974.253764,147_1,147,tpc_commit,1.6451590061187744,28795,15,1
1771694974.2541268,142_1,142,tpc_commit,3.876070737838745,28795,15,1
1771694974.4289174,149_1,149,tpc_lock,13.997586488723757,46561,15,1
1771694974.4669423,144_1,144,das_work,9.65591835975647,48258,15,1
1771694974.5240886,146_1,146,tpc_commit,4.139509201049805,28795,15,1
1771694974.6251502,148_1,148,tpc_commit,4.18483567237854,28795,15,1
1771694974.6254172,140_1,140,das_work,4.0279505252838135,48258,15,1
1771694974.724625,145_1,145,das_work,8.467065811157227,48258,15,1
1771694982.341823,144_1,144,tpc_commit,7.874869108200073,28795,16,1
1771694982.468597,140_1,140,tpc_commit,7.843171119689941,28795,16,1
1771694982.6041172,142_2,142,tpc_lock,6.883534669876099,46561,16,1
1771694982.6515284,148_2,148,tpc_lock,6.073286533355713,46561,16,1
1771694982.6552546,146_2,146,tpc_lock,6.850234031677246,46561,16,1
1771694984.4644814,147_2,147,tpc_lock,9.680116415023804,46561,16,1
1771694984.5193272,145_1,145,tpc_commit,9.794689893722534,28795,16,1
1771694986.3607612,148_2,148,tpc_lock,3.709221839904785,46561,16,1
1771694986.3783505,140_1,140,tpc_commit,3.909742832183838,28795,16,1
1771694986.710592,144_1,144,tpc_commit,4.368755340576172,28795,16,1
1771694986.7860906,142_2,142,tpc_lock,4.181960821151733,46561,16,1
1771694986.8365796,141_1,141,tpc_commit,14.238975286483765,28783,16,1
1771694986.8919537,146_2,146,tpc_lock,4.236688137054443,46561,16,1
1771694986.9446938,143_1,143,tpc_commit,14.345105648040771,28795,16,1
1771694987.1361203,149_1,149,das_work,7.109069585800171,48258,16,1
1771694994.2235231,144_2,144,tpc_lock,5.571787118911743,46561,17,1
1771694994.30439,140_2,140,tpc_lock,6.163036346435547,46561,17,1
1771694996.3700671,141_2,141,tpc_lock,8.491384267807007,46561,17,1
1771694996.3972492,149_1,149,tpc_commit,9.26111626625061,28795,17,1
1771694996.4312434,143_2,143,tpc_lock,8.91989254951477,46561,17,1
1771694998.2538996,140_2,140,tpc_lock,3.949500322341919,46561,17,1
1771694998.2615182,149_1,149,tpc_commit,1.8642587661743164,28795,17,1
1771694998.303733,141_2,141,tpc_lock,1.9336578845977783,46561,17,1
1771694998.3406756,148_2,148,das_work,9.793391466140749,48258,17,1
1771694998.5138805,146_2,146,das_work,2.73352575302124,48258,17,1
1771694998.6754415,143_2,143,tpc_lock,2.2441885471343994,46561,17,1
1771694998.688967,144_2,144,tpc_lock,4.465432643890381,46561,17,1
1771694998.735171,147_2,147,tpc_lock,14.270677089691162,46561,17,1
1771694998.742399,142_2,142,das_work,9.858800411224363,48258,17,1
1771694998.7766638,145_1,145,tpc_commit,14.257327795028688,28795,17,1
1771695006.6356387,148_2,148,tpc_commit,8.294950723648071,28795,18,1
1771695006.6795597,146_2,146,tpc_commit,8.165666580200195,28795,18,1
1771695006.7993865,142_2,142,tpc_commit,8.056978940963745,28795,18,1
1771695008.522459,149_2,149,tpc_lock,9.539494037628174,46561,18,1
1771695008.5850627,145_2,145,tpc_lock,7.886745452880859,46561,18,1
1771695010.1663015,146_2,146,tpc_commit,3.486691951751709,28795,18,1
1771695010.1971354,144_2,144,das_work,6.430017471313477,48258,18,1
1771695010.4370022,141_2,141,das_work,4.624396800994873,48258,18,1
1771695010.5151303,142_2,142,tpc_commit,3.7157328128814697,28795,18,1
1771695010.6206796,148_2,148,tpc_commit,3.985028982162476,28795,18,1
1771695010.6434836,147_2,147,das_work,7.916747093200684,48258,18,1
1771695010.6624925,140_2,140,das_work,11.361509561538696,48258,18,1
1771695010.973307,143_2,143,das_work,8.926099061965942,48258,18,1
1771695018.2435937,142_3,142,tpc_lock,6.073198080062866,46561,19,1
1771695018.24497,148_3,148,tpc_lock,6.564131259918213,46561,19,1
1771695018.41664,140_2,140,tpc_commit,7.754137277603149,28795,19,1
1771695018.4304,144_2,144,tpc_commit,8.23325490951538,28795,19,1
1771695018.5758011,146_3,146,tpc_lock,7.453118801116943,46561,19,1
1771695020.4345248,141_2,141,tpc_commit,9.997511386871338,28795,19,1
1771695020.46108,143_2,143,tpc_commit,9.487764358520508,28795,19,1
1771695020.4717228,147_2,147,tpc_commit,9.82822871208191,28795,19,1
1771695022.2773929,140_2,140,tpc_commit,3.860740900039673,28795,19,1
1771695022.3077996,146_3,146,tpc_lock,3.731984853744507,46561,19,1
1771695022.3376546,145_2,145,tpc_lock,13.752581119537354,46561,19,1
1771695022.3517325,148_3,148,tpc_lock,4.106749773025513,46561,19,1
1771695022.5111866,142_3,142,tpc_lock,4.267527580261231,46561,19,1
1771695022.5573275,144_2,144,tpc_commit,4.1269166469573975,28795,19,1
1771695022.9440742,149_2,149,tpc_lock,14.421603202819824,46561,19,1
1771695030.3227978,144_3,144,tpc_lock,5.913100242614746,46561,20,1
1771695030.388674,140_3,140,tpc_lock,6.85298490524292,46561,20,1
1771695034.2238653,141_2,141,tpc_commit,13.789330244064333,28795,20,1
1771695034.4541898,148_3,148,das_work,4.868043899536133,48258,20,1
1771695034.61126,149_2,149,das_work,6.9551098346710205,48258,20,1
1771695034.7222846,146_3,146,das_work,7.879091739654541,48258,20,1
1771695034.8147106,140_3,140,tpc_lock,4.426019668579102,46561,20,1
1771695034.8914576,143_2,143,tpc_commit,14.430365800857544,28795,20,1
1771695035.0610414,147_2,147,tpc_commit,14.589311361312866,28795,20,1
1771695035.2354307,145_2,145,das_work,7.886277437210083,48258,20,1
1771695035.8432715,142_3,142,das_work,9.5542733669281,48258,20,1
1771695036.1448398,144_3,144,tpc_lock,5.822030544281006,46561,20,1
1771695042.1668923,142_3,142,tpc_commit,6.323610305786133,28795,21,1
1771695042.1689348,146_3,146,tpc_commit,7.446638822555542,28795,21,1
1771695042.2676983,148_3,148,tpc_commit,7.813494205474853,28795,21,1
1771695044.5045755,149_2,149,tpc_commit,9.893303871154783,28795,21,1
1771695044.5369604,141_3,141,tpc_lock,8.809349060058594,46561,21,1
1771695044.5803173,143_3,143,tpc_lock,8.564158201217651,46561,21,1
1771695044.623924,145_2,145,tpc_commit,9.388456344604492,28795,21,1
1771695044.6314726,147_3,147,tpc_lock,8.783224105834961,46561,21,1
1771695046.3512745,140_3,140,das_work,9.049235820770264,48258,21,1
1771695046.5212328,149_2,149,tpc_commit,2.016621351242065,28795,21,1
1771695046.528067,148_3,148,tpc_commit,4.260352373123169,28795,21,1
1771695046.6578314,142_3,142,tpc_commit,4.49092698097229,28795,21,1
1771695046.7666905,143_3,143,tpc_lock,2.186361312866211,46561,21,1
1771695047.011456,146_3,146,tpc_commit,4.842508554458618,28795,21,1
1771695047.0491304,144_3,144,das_work,4.1787638664245605,48258,21,1
1771695054.3856995,140_3,140,tpc_commit,8.03441333770752,28795,22,1
1771695054.4149644,146_4,146,tpc_lock,5.986166000366211,46561,22,1
1771695054.5243196,148_4,148,tpc_lock,6.305418252944946,46549,22,1
1771695054.681983,144_3,144,tpc_commit,7.632842063903809,28795,22,1
1771695054.6889396,142_4,142,tpc_lock,7.115031003952026,46561,22,1
1771695056.5845375,149_3,149,tpc_lock,8.580281019210815,46561,22,1
1771695058.286346,144_3,144,tpc_commit,3.60435152053833,28795,22,1
1771695058.311556,140_3,140,tpc_commit,3.925844430923462,28795,22,1
1771695058.3489466,146_4,146,tpc_lock,3.9339699745178223,46561,22,1
1771695058.3645644,148_4,148,tpc_lock,3.84023380279541,46549,22,1
1771695058.370685,143_3,143,das_work,9.25147533416748,48258,22,1
1771695058.4791112,145_2,145,tpc_commit,13.855177640914915,28795,22,1
1771695059.1005695,142_4,142,tpc_lock,4.411616802215576,46561,22,1
1771695059.1306808,147_3,147,tpc_lock,14.499196767807009,46561,22,1
1771695059.1367474,141_3,141,tpc_lock,14.599772691726685,46561,22,1
1771695066.4399033,144_4,144,tpc_lock,6.941550254821777,46561,23,1
1771695066.5755818,140_4,140,tpc_lock,7.515543222427368,46549,23,1
1771695068.5300815,145_3,145,tpc_lock,9.467764854431152,46561,23,1
1771695068.5888484,143_3,143,tpc_commit,10.21815037727356,28795,23,1
1771695070.3048933,146_4,146,das_work,1.9647791385650637,48258,23,1
1771695070.3079028,144_4,144,tpc_lock,3.8679280281066895,46561,23,1
1771695070.3342524,142_4,142,das_work,3.140299081802368,48258,23,1
1771695070.3801472,148_4,148,das_work,10.104785919189451,48258,23,1
1771695070.3954787,140_4,140,tpc_lock,3.819886922836304,46549,23,1
1771695070.7576723,141_3,141,das_work,6.985128402709961,48258,23,1
1771695070.843895,147_3,147,das_work,3.294349431991577,48258,23,1
1771695070.9745848,149_3,149,tpc_lock,14.390031814575195,46561,23,1
1771695078.2464166,146_4,146,tpc_commit,7.94150972366333,28795,24,1
1771695078.2663813,142_4,142,tpc_commit,7.93211817741394,28795,24,1
1771695078.2688265,148_4,148,tpc_commit,7.888667106628418,28783,24,1
1771695080.447313,141_3,141,tpc_commit,9.689631700515749,28795,24,1
1771695080.4727857,147_3,147,tpc_commit,9.628879308700562,28795,24,1
1771695082.3863585,142_4,142,tpc_commit,4.119965314865112,28795,24,1
1771695082.4866502,148_4,148,tpc_commit,4.217814207077026,28783,24,1
1771695082.579713,143_3,143,tpc_commit,13.990853309631348,28795,24,1
1771695082.5861282,149_3,149,das_work,4.29801344871521,48258,24,1
1771695082.613151,145_3,145,tpc_lock,14.08305811882019,46561,24,1
1771695082.7073617,141_3,141,tpc_commit,2.260038375854492,28795,24,1
1771695082.7247272,147_3,147,tpc_commit,2.2519290447235107,28795,24,1
1771695082.8103807,140_4,140,das_work,9.95438289642334,48258,24,1
1771695082.8284144,144_4,144,das_work,4.188100099563599,48258,24,1
1771695082.8714871,146_4,146,tpc_commit,4.6250388622283936,28795,24,1
1771695090.133708,144_4,144,tpc_commit,7.3052818775177,28795,25,1
1771695090.2792814,140_4,140,tpc_commit,7.4688897132873535,28783,25,1
1771695092.578704,141_4,141,tpc_lock,7.90242338180542,46561,25,1
1771695092.591503,143_4,143,tpc_lock,9.426027536392212,46561,25,1
1771695092.6154463,147_4,147,tpc_lock,8.37875247001648,46561,25,1
1771695092.6684306,149_3,149,tpc_commit,10.082291841506958,28795,25,1
1771695094.253387,145_3,145,das_work,5.559955596923828,48258,25,1
1771695094.3041117,140_4,140,tpc_commit,4.024819612503052,28783,25,1
1771695094.7979996,144_4,144,tpc_commit,4.664278984069824,28795,25,1
1771695094.963138,143_4,143,tpc_lock,2.3716249465942383,46561,25,1
1771695104.699299,145_3,145,tpc_commit,10.44590163230896,28795,26,1
1771695106.4049437,147_4,147,tpc_lock,13.789485931396484,46561,26,1
1771695106.4588318,143_4,143,das_work,6.106771945953369,48258,26,1
1771695106.712935,149_3,149,tpc_commit,14.044493436813354,28795,26,1
1771695107.6323404,141_4,141,tpc_lock,15.05362844467163,46561,26,1
1771695116.518491,149_4,149,tpc_lock,9.024050235748293,46561,27,1
1771695116.5613017,143_4,143,tpc_commit,10.102457046508787,28795,27,1
1771695118.3994358,141_4,141,das_work,2.730098962783813,48258,27,1
1771695118.5361953,147_4,147,das_work,7.2255542278289795,48258,27,1
1771695118.5948772,145_3,145,tpc_commit,13.895570516586304,28795,27,1
1771695118.7780252,143_4,143,tpc_commit,2.2166898250579834,28795,27,1
1771695118.8521764,149_4,149,tpc_lock,2.3336422443389893,46561,27,1
1771695128.6564102,145_4,145,tpc_lock,8.473848581314087,46561,28,1
1771695128.7503865,141_4,141,tpc_commit,10.350939512252808,28795,28,1
1771695128.764212,147_4,147,tpc_commit,10.228005647659302,28795,28,1
1771695130.407349,149_4,149,das_work,6.231836080551148,48258,28,1
1771695140.5408175,149_4,149,tpc_commit,10.133434534072876,28795,29,1
1771695142.3699155,141_4,141,tpc_commit,13.619518756866457,28795,29,1
1771695142.4161382,145_4,145,tpc_lock,13.759715557098389,46561,29,1
1771695142.5697498,149_4,149,tpc_commit,2.028897762298584,28795,29,1
1771695142.7083611,147_4,147,tpc_commit,13.944139003753662,28795,29,1
1771695154.3529954,145_4,145,das_work,5.580534219741821,48258,30,1
1771695164.6416552,145_4,145,tpc_commit,10.28856873512268,28795,31,1
1771695166.3323994,145_4,145,tpc_commit,1.690709352493286,28795,31,1
1771694909.9142969,152_0,152,tpc_lock,3.5127358436584477,46549,10,1
1771694909.9611008,156_0,156,tpc_lock,5.95786452293396,46549,10,1
1771694912.274023,153_0,153,tpc_lock,8.562069654464722,46561,10,1
1771694912.2790856,159_0,159,tpc_lock,4.797724485397339,46561,10,1
1771694912.332597,155_0,155,tpc_lock,8.050570487976074,46561,10,1
1771694914.0540793,156_0,156,tpc_lock,4.092971563339233,46549,10,1
1771694914.0797396,153_0,153,tpc_lock,1.8057096004486084,46561,10,1
1771694914.0961812,152_0,152,tpc_lock,4.1818788051605225,46549,10,1
1771694914.10168,159_0,159,tpc_lock,1.8225886821746824,46561,10,1
1771694914.1358244,155_0,155,tpc_lock,1.8032190799713133,46561,10,1
1771694921.9690182,158_0,158,tpc_lock,8.905259370803833,46549,11,1
1771694922.0003986,154_0,154,tpc_lock,11.511609554290771,46549,11,1
1771694922.0440166,150_0,150,tpc_lock,7.319098472595215,46561,11,1
1771694924.2831526,151_0,151,tpc_lock,10.584749221801758,46561,11,1
1771694924.3157969,157_0,157,tpc_lock,8.827736377716064,46561,11,1
1771694926.0775092,158_0,158,tpc_lock,4.108484983444214,46549,11,1
1771694926.0781152,156_0,156,das_work,10.611862897872925,48258,11,1
1771694926.0812771,157_0,157,tpc_lock,1.765474796295166,46561,11,1
1771694926.0862455,159_0,159,das_work,9.46813702583313,48258,11,1
1771694926.088142,155_0,155,das_work,7.639554023742676,48258,11,1
1771694926.106364,154_0,154,tpc_lock,4.105959415435791,46549,11,1
1771694926.1570065,152_0,152,das_work,2.721388816833496,48258,11,1
1771694926.2045834,153_0,153,das_work,6.63018012046814,48258,11,1
1771694926.222687,151_0,151,tpc_lock,1.9395294189453125,46561,11,1
1771694926.2250593,150_0,150,tpc_lock,4.181035757064819,46561,11,1
1771694933.974467,156_0,156,tpc_commit,7.896344184875488,28783,12,1
1771694933.9831588,152_0,152,tpc_commit,7.82614254951477,28783,12,1
1771694936.3014898,153_0,153,tpc_commit,10.096896171569824,28795,12,1
1771694936.3156805,159_0,159,tpc_commit,10.229424238204956,28795,12,1
1771694936.3628955,155_0,155,tpc_commit,10.274742603302002,28795,12,1
1771694938.139829,151_0,151,das_work,7.640156745910644,48258,12,1
1771694938.167419,156_0,156,tpc_commit,4.192941665649414,28783,12,1
1771694938.1714137,153_0,153,tpc_commit,1.8699116706848145,28795,12,1
1771694938.247416,152_0,152,tpc_commit,4.264245986938477,28783,12,1
1771694938.2606332,159_0,159,tpc_commit,1.944941520690918,28795,12,1
1771694938.2717838,158_0,158,das_work,10.0021231174469,48258,12,1
1771694938.3562489,150_0,150,das_work,3.545593023300171,48258,12,1
1771694938.4003887,157_0,157,das_work,7.124547481536865,48258,12,1
1771694938.4432442,155_0,155,tpc_commit,2.080338478088379,28795,12,1
1771694938.4467416,154_0,154,das_work,7.155082941055298,48258,12,1
1771694946.11309,154_0,154,tpc_commit,7.666337013244629,28783,13,1
1771694946.1160522,156_1,156,tpc_lock,6.981124401092529,46561,13,1
1771694946.1247215,158_0,158,tpc_commit,7.852926969528198,28783,13,1
1771694946.216463,150_0,150,tpc_commit,7.860203266143799,28795,13,1
1771694946.245779,152_1,152,tpc_lock,7.347007036209106,46561,13,1
1771694948.3907075,155_1,155,tpc_lock,9.10918426513672,46549,13,1
1771694948.3929424,159_1,159,tpc_lock,9.302749395370483,46561,13,1
1771694948.4735434,157_0,157,tpc_commit,10.073142051696776,28795,13,1
1771694948.4907448,151_0,151,tpc_commit,10.350907325744627,28795,13,1
1771694948.5157895,153_1,153,tpc_lock,8.765485286712646,46561,13,1
1771694950.2971504,154_0,154,tpc_commit,4.184047222137451,28783,13,1
1771694950.2998712,158_0,158,tpc_commit,4.17513918876648,28783,13,1
1771694950.323445,156_1,156,tpc_lock,4.207374095916748,46561,13,1
1771694950.333236,157_0,157,tpc_commit,1.85968017578125,28795,13,1
1771694950.447986,151_0,151,tpc_commit,1.957226276397705,28795,13,1
1771694950.682803,150_0,150,tpc_commit,4.466326713562012,28795,13,1
1771694950.726768,159_1,159,tpc_lock,2.333811044692993,46561,13,1
1771694950.7304845,152_1,152,tpc_lock,4.48469352722168,46561,13,1
1771694950.861442,153_1,153,tpc_lock,2.3456296920776367,46561,13,1
1771694958.233744,154_1,154,tpc_lock,6.722647190093994,46549,14,1
1771694958.2695918,158_1,158,tpc_lock,6.478461265563965,46561,14,1
1771694958.4011128,150_1,150,tpc_lock,6.513644456863403,46561,14,1
1771694960.4176407,151_1,151,tpc_lock,8.62780237197876,46561,14,1
1771694960.4463165,157_1,157,tpc_lock,8.578113794326782,46549,14,1
1771694962.1891332,156_1,156,das_work,3.861222267150879,48258,14,1
1771694962.1913216,152_1,152,das_work,10.26561164855957,48258,14,1
1771694962.2174654,158_1,158,tpc_lock,3.9478626251220703,46561,14,1
1771694962.3514023,154_1,154,tpc_lock,4.117647171020508,46549,14,1
1771694962.681441,153_1,153,das_work,9.337623357772827,48258,14,1
1771694962.7681034,150_1,150,tpc_lock,4.366979360580444,46561,14,1
1771694962.7691903,157_1,157,tpc_lock,2.3228631019592285,46549,14,1
1771694962.8189468,155_1,155,tpc_lock,14.428224563598633,46549,14,1
1771694962.825036,151_1,151,tpc_lock,2.407386064529419,46561,14,1
1771694962.9159942,159_1,159,das_work,9.080116510391235,48258,14,1
1771694970.2839482,152_1,152,tpc_commit,8.092612743377686,28795,15,1
1771694970.4448876,156_1,156,tpc_commit,8.255743741989136,28795,15,1
1771694972.6545217,153_1,153,tpc_commit,9.973068237304688,28795,15,1
1771694972.6607754,159_1,159,tpc_commit,9.744769096374512,28795,15,1
1771694974.2320094,151_1,151,das_work,6.084995031356812,48258,15,1
1771694974.2650428,156_1,156,tpc_commit,3.820144891738892,28795,15,1
1771694974.3223,157_1,157,das_work,6.8892576694488525,48258,15,1
1771694974.3516262,158_1,158,das_work,6.531416177749634,48258,15,1
1771694974.5101335,152_1,152,tpc_commit,4.226173400878906,28795,15,1
1771694974.8204024,150_1,150,das_work,9.19664478302002,48258,15,1
1771694975.0258431,155_1,155,das_work,10.933888673782349,48258,15,1
1771694975.1018171,154_1,154,das_work,8.009416818618774,48258,15,1
1771694982.3456624,156_2,156,tpc_lock,6.083434343338013,46561,16,1
1771694982.3626237,150_1,150,tpc_commit,7.542193651199341,28795,16,1
1771694982.457078,158_1,158,tpc_commit,8.10544228553772,28795,16,1
1771694982.4600377,154_1,154,tpc_commit,7.358208894729614,28783,16,1
1771694982.4821248,152_2,152,tpc_lock,6.67871356010437,46561,16,1
1771694984.411088,155_1,155,tpc_commit,9.385233640670776,28783,16,1
1771694984.417194,151_1,151,tpc_commit,10.185173034667969,28795,16,1
1771694984.4412758,157_1,157,tpc_commit,10.118966817855837,28783,16,1
1771694986.3738894,153_1,153,tpc_commit,13.71935486793518,28795,16,1
1771694986.4711144,158_1,158,tpc_commit,4.014026641845703,28795,16,1
1771694986.5574465,152_2,152,tpc_lock,4.075310468673706,46561,16,1
1771694986.664192,159_1,159,tpc_commit,14.003404378890991,28795,16,1
1771694986.7567248,156_2,156,tpc_lock,4.411053657531738,46561,16,1
1771694986.8499267,154_1,154,tpc_commit,4.3898766040802,28783,16,1
1771694987.1736248,150_1,150,tpc_commit,4.810991287231445,28795,16,1
1771694994.1627083,158_2,158,tpc_lock,6.919729471206665,46549,17,1
1771694994.179413,154_2,154,tpc_lock,6.577529668807983,46561,17,1
1771694994.3045094,150_2,150,tpc_lock,6.3365747928619385,46561,17,1
1771694996.3750665,153_2,153,tpc_lock,9.361080884933472,46561,17,1
1771694996.4144237,159_2,159,tpc_lock,8.0276517868042,46561,17,1
1771694998.2539425,152_2,152,das_work,3.867260456085205,48258,17,1
1771694998.2791593,157_1,157,tpc_commit,13.83787226676941,28783,17,1
1771694998.2818215,156_2,156,das_work,5.0749218463897705,48258,17,1
1771694998.3289075,151_1,151,tpc_commit,13.911700248718262,28795,17,1
1771694998.47344,155_1,155,tpc_commit,14.06234049797058,28783,17,1
1771694998.520537,150_2,150,tpc_lock,4.216017007827759,46561,17,1
1771694998.547155,159_2,159,tpc_lock,2.1327216625213623,46561,17,1
1771694998.590338,158_2,158,tpc_lock,4.427619218826294,46549,17,1
1771694998.7008226,153_2,153,tpc_lock,2.325749397277832,46561,17,1
1771694998.7347798,154_2,154,tpc_lock,4.555353879928589,46561,17,1
1771695006.6776106,152_2,152,tpc_commit,8.423656463623047,28795,18,1
1771695006.6913035,156_2,156,tpc_commit,8.409469842910767,28795,18,1
1771695008.5162292,151_2,151,tpc_lock,9.227734088897703,46561,18,1
1771695008.541857,157_2,157,tpc_lock,9.529842138290403,46561,18,1
1771695008.6552565,155_2,155,tpc_lock,9.510242462158203,46561,18,1
1771695010.256628,156_2,156,tpc_commit,3.5652875900268555,28795,18,1
1771695010.2686367,150_2,150,das_work,4.659313678741455,48258,18,1
1771695010.3724992,153_2,153,das_work,7.258593559265137,48258,18,1
1771695010.607956,154_2,154,das_work,7.1653151512146,48258,18,1
1771695010.8545337,158_2,158,das_work,6.594103574752808,48258,18,1
1771695018.2518628,154_2,154,tpc_commit,7.643894672393799,28795,19,1
1771695018.2556813,156_3,156,tpc_lock,7.268038034439087,46561,19,1
1771695018.5022974,150_2,150,tpc_commit,8.233649253845215,28795,19,1
1771695018.5214064,158_2,158,tpc_commit,7.666860818862915,28783,19,1
1771695020.4519074,153_2,153,tpc_commit,10.079397439956663,28795,19,1
1771695022.3856642,155_2,155,tpc_lock,13.730396270751951,46561,19,1
1771695022.6141486,153_2,153,tpc_commit,2.1622297763824463,28795,19,1
1771695022.7052295,158_2,158,tpc_commit,4.183813095092773,28783,19,1
1771695022.8134308,152_2,152,tpc_commit,16.13580846786499,28795,19,1
1771695022.85856,157_2,157,tpc_lock,14.316692352294922,46561,19,1
1771695022.87791,159_2,159,das_work,14.68160915374756,48258,19,1
1771695022.9342957,151_2,151,tpc_lock,14.41805338859558,46561,19,1
1771695023.0890005,154_2,154,tpc_commit,4.837099313735962,28795,19,1
1771695023.1422908,156_3,156,tpc_lock,4.886595964431763,46561,19,1
1771695023.1492815,150_2,150,tpc_commit,4.646968126296997,28795,19,1
1771695030.1970458,150_3,150,tpc_lock,5.319135427474976,46561,20,1
1771695030.3191533,158_3,158,tpc_lock,5.703567743301392,46561,20,1
1771695030.464945,152_3,152,tpc_lock,6.420093774795532,46561,20,1
1771695030.471497,154_3,154,tpc_lock,5.871463060379028,46561,20,1
1771695032.7136898,159_2,159,tpc_commit,9.835766315460203,28795,20,1
1771695032.825035,153_3,153,tpc_lock,9.18431520462036,46561,20,1
1771695034.4434826,155_2,155,das_work,8.982024431228638,48258,20,1
1771695036.0028772,151_2,151,das_work,10.04845905303955,48258,20,1
1771695044.573331,151_2,151,tpc_commit,8.570440530776978,28795,21,1
1771695044.5905347,155_2,155,tpc_commit,10.147040843963625,28795,21,1
1771695046.3075233,159_2,159,tpc_commit,13.593819618225098,28795,21,1
1771695046.3372386,153_3,153,tpc_lock,13.51219081878662,46561,21,1
1771695046.3633127,152_3,152,tpc_lock,15.898355722427368,46561,21,1
1771695046.3742645,157_2,157,das_work,14.340615034103394,48258,21,1
1771695046.5179477,156_3,156,das_work,14.122878551483154,48258,21,1
1771695046.6259785,150_3,150,tpc_lock,16.42892074584961,46561,21,1
1771695046.6745927,158_3,158,tpc_lock,16.35542941093445,46561,21,1
1771695046.720059,154_3,154,tpc_lock,16.248550415039062,46561,21,1
1771695054.4528892,156_3,156,tpc_commit,7.934930801391602,28795,22,1
1771695056.497654,159_3,159,tpc_lock,9.517672300338743,46561,22,1
1771695056.5776105,157_2,157,tpc_commit,10.203332901000977,28795,22,1
1771695058.2927058,150_3,150,das_work,8.91049838066101,48258,22,1
1771695058.3602316,154_3,154,das_work,2.816929578781128,48258,22,1
1771695058.4927728,153_3,153,das_work,10.823548078536987,48258,22,1
1771695058.512339,155_2,155,tpc_commit,13.92179036140442,28795,22,1
1771695058.6948483,151_2,151,tpc_commit,14.121506452560425,28795,22,1
1771695058.852292,152_3,152,das_work,8.589765310287476,48258,22,1
1771695066.4678876,152_3,152,tpc_commit,7.615585088729858,28795,23,1
1771695066.5642602,150_3,150,tpc_commit,8.271517515182495,28795,23,1
1771695066.625094,154_3,154,tpc_commit,8.264853477478027,28795,23,1
1771695068.5635984,155_3,155,tpc_lock,8.121527433395386,46561,23,1
1771695068.5904877,153_3,153,tpc_commit,10.09770131111145,28795,23,1
1771695068.6040113,151_3,151,tpc_lock,8.890942096710205,46561,23,1
1771695070.3787994,150_3,150,tpc_commit,3.814525604248047,28795,23,1
1771695070.380908,159_3,159,tpc_lock,13.88324236869812,46561,23,1
1771695070.455299,152_3,152,tpc_commit,3.987396001815796,28795,23,1
1771695070.5201197,156_3,156,tpc_commit,16.067219734191895,28795,23,1
1771695070.6261334,151_3,151,tpc_lock,2.022108316421509,46561,23,1
1771695070.7759285,154_3,154,tpc_commit,4.150822639465332,28795,23,1
1771695070.8848004,157_2,157,tpc_commit,14.307180166244509,28795,23,1
1771695070.9586155,158_3,158,das_work,15.77270793914795,48258,23,1
1771695078.2658658,154_4,154,tpc_lock,6.092277526855469,46561,24,1
1771695078.2688978,156_4,156,tpc_lock,6.00093412399292,46561,24,1
1771695078.276554,158_3,158,tpc_commit,7.317927122116089,28795,24,1
1771695078.310006,150_4,150,tpc_lock,6.85727858543396,46561,24,1
1771695078.339804,152_4,152,tpc_lock,5.989961862564087,46561,24,1
1771695080.4486096,157_3,157,tpc_lock,8.235454320907593,46561,24,1
1771695082.4112618,155_3,155,tpc_lock,13.84765100479126,46561,24,1
1771695082.4145296,159_3,159,das_work,2.396070718765259,48258,24,1
1771695082.4443696,156_4,156,tpc_lock,4.175462961196899,46561,24,1
1771695082.5401006,150_4,150,tpc_lock,4.230085134506226,46561,24,1
1771695082.598385,153_3,153,tpc_commit,14.007884502410889,28795,24,1
1771695082.6798322,151_3,151,das_work,4.817693471908569,48258,24,1
1771695082.699308,152_4,152,tpc_lock,4.359491586685181,46561,24,1
1771695082.7699218,154_4,154,tpc_lock,4.504044055938721,46561,24,1
1771695082.8410623,158_3,158,tpc_commit,4.564493656158447,28795,24,1
1771695082.860113,157_3,157,tpc_lock,2.4114930629730225,46561,24,1
1771695090.2594726,158_4,158,tpc_lock,6.190550327301025,46561,25,1
1771695092.6011405,151_3,151,tpc_commit,9.921298503875732,28795,25,1
1771695092.61636,153_4,153,tpc_lock,8.048884630203247,46561,25,1
1771695092.63337,159_3,159,tpc_commit,10.218831300735474,28795,25,1
1771695094.285322,157_3,157,das_work,10.091618299484251,48258,25,1
1771695094.2897005,155_3,155,das_work,2.234037399291992,48258,25,1
1771695094.2929635,150_4,150,das_work,5.211585760116577,48258,25,1
1771695094.346966,154_4,154,das_work,5.267196416854858,48258,25,1
1771695094.4215496,153_4,153,tpc_lock,1.8051762580871584,46561,25,1
1771695094.7226646,158_4,158,tpc_lock,4.463178396224976,46561,25,1
1771695094.8997538,152_4,152,das_work,3.0729610919952397,48258,25,1
1771695094.9784596,156_4,156,das_work,8.990728616714478,48258,25,1
1771695102.2243843,152_4,152,tpc_commit,7.324618101119995,28795,26,1
1771695102.2312148,156_4,156,tpc_commit,7.252745866775513,28795,26,1
1771695102.3064938,154_4,154,tpc_commit,7.959516286849976,28795,26,1
1771695102.3642814,150_4,150,tpc_commit,8.071304559707642,28795,26,1
1771695104.6940987,155_3,155,tpc_commit,10.404389381408691,28795,26,1
1771695104.7958934,157_3,157,tpc_commit,10.510560750961304,28795,26,1
1771695106.260296,158_4,158,das_work,8.412264347076416,48258,26,1
1771695106.2628546,153_4,153,das_work,6.9513866901397705,48258,26,1
1771695106.340783,152_4,152,tpc_commit,4.116365909576416,28795,26,1
1771695106.4173384,151_3,151,tpc_commit,13.816186904907228,28795,26,1
1771695106.9140563,159_3,159,tpc_commit,14.280676364898682,28795,26,1
1771695114.2002423,158_4,158,tpc_commit,7.939934492111206,28795,27,1
1771695116.5256069,153_4,153,tpc_commit,10.262722492218018,28795,27,1
1771695116.5448575,159_4,159,tpc_lock,8.58038854598999,46561,27,1
1771695116.5528831,151_4,151,tpc_lock,9.052188634872437,46561,27,1
1771695118.349574,158_4,158,tpc_commit,4.149320840835571,28795,27,1
1771695118.3833756,157_3,157,tpc_commit,13.58747124671936,28795,27,1
1771695118.4652438,155_3,155,tpc_commit,13.771133661270142,28795,27,1
1771695118.651526,150_4,150,tpc_commit,16.287233591079712,28795,27,1
1771695118.7403471,156_4,156,tpc_commit,16.509119510650635,28795,27,1
1771695118.8133092,154_4,154,tpc_commit,16.50680446624756,28795,27,1
1771695119.0608976,159_4,159,tpc_lock,2.5160298347473145,46561,27,1
1771695128.7192774,157_4,157,tpc_lock,9.815041065216064,46561,28,1
1771695128.7756228,155_4,155,tpc_lock,9.806394100189207,46561,28,1
1771695130.358224,159_4,159,das_work,4.51201605796814,48258,28,1
1771695130.5019124,151_4,151,tpc_lock,13.9490168094635,46561,28,1
1771695130.71789,153_4,153,tpc_commit,14.19227147102356,28795,28,1
1771695140.5427778,159_4,159,tpc_commit,10.184542894363403,28795,29,1
1771695142.2978098,159_4,159,tpc_commit,1.754992961883545,28795,29,1
1771695142.432904,155_4,155,tpc_lock,13.657269954681396,46561,29,1
1771695142.7026,157_4,157,tpc_lock,13.98330855369568,46561,29,1
1771695142.7398434,151_4,151,das_work,7.055095672607422,48258,29,1
1771695152.7763112,151_4,151,tpc_commit,10.036458253860474,28795,30,1
1771695154.497268,157_4,157,das_work,5.876502513885498,48258,30,1
1771695154.6166525,155_4,155,das_work,8.423045635223389,48258,30,1
1771695154.8285074,151_4,151,tpc_commit,2.052180528640747,28795,30,1
1771695164.5197794,155_4,155,tpc_commit,9.90311336517334,28795,31,1
1771695164.5705864,157_4,157,tpc_commit,10.073307514190674,28795,31,1
1771695166.2609396,155_4,155,tpc_commit,1.7411189079284668,28795,31,1
1771695166.4240036,157_4,157,tpc_commit,1.8534066677093504,28795,31,1
1771694909.926063,166_0,166,tpc_lock,1.829006910324097,46561,10,1
1771694909.9292078,164_0,164,tpc_lock,1.4125709533691406,46561,10,1
1771694909.9570336,160_0,160,tpc_lock,0.3567209243774414,46561,10,1
1771694912.2727745,161_0,161,tpc_lock,3.9659743309021,46561,10,1
1771694912.3260727,167_0,167,tpc_lock,7.68789792060852,46549,10,1
1771694914.0381606,166_0,166,tpc_lock,4.11208963394165,46561,10,1
1771694914.089921,160_0,160,tpc_lock,4.132875919342041,46561,10,1
1771694914.10412,164_0,164,tpc_lock,4.174907207489014,46561,10,1
1771694914.120601,161_0,161,tpc_lock,1.8478202819824217,46561,10,1
1771694914.1289597,167_0,167,tpc_lock,1.8028810024261477,46549,10,1
1771694921.944841,162_0,162,tpc_lock,3.9250974655151367,46561,11,1
1771694921.9702697,168_0,168,tpc_lock,4.132340431213379,46561,11,1
1771694924.282451,165_0,165,tpc_lock,7.137410640716553,46561,11,1
1771694924.2833807,169_0,169,tpc_lock,7.989784479141235,46561,11,1
1771694924.2970624,163_0,163,tpc_lock,8.316421747207642,46561,11,1
1771694926.0879614,165_0,165,tpc_lock,1.805485725402832,46561,11,1
1771694926.1121726,166_0,166,das_work,10.581091403961182,48258,11,1
1771694926.1185193,164_0,164,das_work,10.934735774993896,48258,11,1
1771694926.121757,160_0,160,das_work,2.313442707061768,48258,11,1
1771694926.1300783,168_0,168,tpc_lock,4.159802913665772,46561,11,1
1771694926.1387172,161_0,161,das_work,8.21236515045166,48258,11,1
1771694926.199573,162_0,162,tpc_lock,4.254727125167847,46561,11,1
1771694926.2005963,169_0,169,tpc_lock,1.9172112941741943,46561,11,1
1771694926.2178664,163_0,163,tpc_lock,1.9207990169525144,46561,11,1
1771694926.243891,167_0,167,das_work,3.462199449539185,48258,11,1
1771694933.9599705,160_0,160,tpc_commit,7.838184595108032,28795,12,1
1771694934.016361,164_0,164,tpc_commit,7.897832632064819,28795,12,1
1771694934.0735917,166_0,166,tpc_commit,7.961407423019409,28795,12,1
1771694936.302232,167_0,167,tpc_commit,10.05833101272583,28783,12,1
1771694936.331645,161_0,161,tpc_commit,10.192916870117188,28795,12,1
1771694938.1146207,167_0,167,tpc_commit,1.812376976013184,28783,12,1
1771694938.1279624,166_0,166,tpc_commit,4.054361581802368,28795,12,1
1771694938.163619,162_0,162,das_work,10.693721294403076,48258,12,1
1771694938.2078805,169_0,169,das_work,4.885995149612427,48258,12,1
1771694938.232162,168_0,168,das_work,4.097913265228272,48258,12,1
1771694938.2480755,160_0,160,tpc_commit,4.288093328475952,28795,12,1
1771694938.260643,165_0,165,das_work,6.294793367385864,48258,12,1
1771694938.2898805,164_0,164,tpc_commit,4.273508071899414,28795,12,1
1771694938.368158,163_0,163,das_work,10.076489210128784,48258,12,1
1771694938.3734877,161_0,161,tpc_commit,2.041832685470581,28795,12,1
1771694946.1133442,162_0,162,tpc_commit,7.94971489906311,28795,13,1
1771694946.144458,160_1,160,tpc_lock,7.156935453414917,46549,13,1
1771694946.1772056,166_1,166,tpc_lock,6.206543445587158,46561,13,1
1771694946.2017083,164_1,164,tpc_lock,6.806844234466553,46561,13,1
1771694946.253864,168_0,168,tpc_commit,8.021693706512451,28795,13,1
1771694948.4209542,167_1,167,tpc_lock,8.914137601852417,46561,13,1
1771694948.443285,169_0,169,tpc_commit,10.235394954681396,28795,13,1
1771694948.4939446,163_0,163,tpc_commit,10.125773191452026,28795,13,1
1771694948.5082438,161_1,161,tpc_lock,9.396311283111572,46561,13,1
1771694948.521623,165_0,165,tpc_commit,10.260968685150146,28795,13,1
1771694950.4335823,164_1,164,tpc_lock,4.231862783432007,46561,13,1
1771694950.496971,168_0,168,tpc_commit,4.243096828460693,28795,13,1
1771694950.5027711,161_1,161,tpc_lock,1.9945156574249268,46561,13,1
1771694950.6515124,167_1,167,tpc_lock,2.2305471897125244,46561,13,1
1771694950.6679554,163_0,163,tpc_commit,2.173999547958374,28795,13,1
1771694950.7498891,160_1,160,tpc_lock,4.605421543121338,46549,13,1
1771694950.8521636,169_0,169,tpc_commit,2.4088664054870605,28795,13,1
1771694950.8835218,162_0,162,tpc_commit,4.770136833190918,28795,13,1
1771694950.8891196,166_1,166,tpc_lock,4.711902141571045,46561,13,1
1771694958.1953874,162_1,162,tpc_lock,6.496495962142944,46561,14,1
1771694958.2003727,168_1,168,tpc_lock,6.091332197189331,46561,14,1
1771694960.416768,163_1,163,tpc_lock,8.571528673171997,46561,14,1
1771694960.4752448,169_1,169,tpc_lock,7.89749550819397,46561,14,1
1771694962.1915383,168_1,168,tpc_lock,3.99115514755249,46561,14,1
1771694962.400423,167_1,167,das_work,4.371773719787598,48258,14,1
1771694962.4616692,169_1,169,tpc_lock,1.98641300201416,46561,14,1
1771694962.498122,162_1,162,tpc_lock,4.302723169326782,46561,14,1
1771694962.5401273,160_1,160,das_work,6.545015096664429,48258,14,1
1771694962.5770054,164_1,164,das_work,5.409814357757568,48258,14,1
1771694962.5841904,161_1,161,das_work,7.388532400131226,48258,14,1
1771694962.6768322,163_1,163,tpc_lock,2.260054111480713,46561,14,1
1771694962.757178,166_1,166,das_work,6.868707895278931,48258,14,1
1771694962.804715,165_0,165,tpc_commit,14.2830810546875,28795,14,1
1771694970.2545636,160_1,160,tpc_commit,7.714426517486572,28783,15,1
1771694970.420515,164_1,164,tpc_commit,7.843498706817627,28795,15,1
1771694970.4464836,166_1,166,tpc_commit,7.689293622970581,28795,15,1
1771694972.7170668,165_1,165,tpc_lock,8.469247579574585,46561,15,1
1771694972.756564,161_1,161,tpc_commit,10.17236065864563,28795,15,1
1771694972.7596617,167_1,167,tpc_commit,10.359225749969482,28795,15,1
1771694974.3737793,160_1,160,tpc_commit,4.119165897369385,28783,15,1
1771694974.5468476,164_1,164,tpc_commit,4.126323223114014,28795,15,1
1771694974.5771115,162_1,162,das_work,5.104355573654175,48258,15,1
1771694974.659926,163_1,163,das_work,9.472068309783936,48258,15,1
1771694974.7226486,169_1,169,das_work,10.812682390213013,48258,15,1
1771694974.7743323,168_1,168,das_work,11.564382314682009,48258,15,1
1771694974.7792592,166_1,166,tpc_commit,4.332762956619263,28795,15,1
1771694982.345104,168_1,168,tpc_commit,7.57075834274292,28795,16,1
1771694982.44935,162_1,162,tpc_commit,7.872227191925049,28795,16,1
1771694982.4692247,164_2,164,tpc_lock,6.526061773300171,46561,16,1
1771694982.5507798,166_2,166,tpc_lock,6.578967571258545,46561,16,1
1771694982.6512864,160_2,160,tpc_lock,7.749003887176514,46561,16,1
1771694984.445583,163_1,163,tpc_commit,9.785645484924316,28795,16,1
1771694984.4968855,169_1,169,tpc_commit,9.774225234985352,28795,16,1
1771694986.3215168,161_1,161,tpc_commit,13.564939260482788,28795,16,1
1771694986.335398,167_1,167,tpc_commit,13.575724124908447,28795,16,1
1771694986.3595874,166_2,166,tpc_lock,3.8087968826293945,46561,16,1
1771694986.3976624,169_1,169,tpc_commit,1.9007658958435056,28795,16,1
1771694986.39873,168_1,168,tpc_commit,4.05361533164978,28795,16,1
1771694986.5170157,160_2,160,tpc_lock,3.8657188415527344,46561,16,1
1771694986.6677835,165_1,165,tpc_lock,13.950704336166382,46561,16,1
1771694986.674476,164_2,164,tpc_lock,4.2052412033081055,46561,16,1
1771694986.891343,162_1,162,tpc_commit,4.44198203086853,28795,16,1
1771694994.1587763,162_2,162,tpc_lock,6.465595006942749,46561,17,1
1771694994.2156403,168_2,168,tpc_lock,6.516106367111206,46561,17,1
1771694996.4092567,161_2,161,tpc_lock,9.448902606964111,46561,17,1
1771694996.4140742,169_2,169,tpc_lock,9.463934898376465,46561,17,1
1771694996.43436,167_2,167,tpc_lock,8.417462587356567,46561,17,1
1771694998.2550228,167_2,167,tpc_lock,1.820650339126587,46561,17,1
1771694998.2880468,166_2,166,das_work,3.77501368522644,48258,17,1
1771694998.2944684,169_2,169,tpc_lock,1.8803825378417969,46561,17,1
1771694998.3830285,160_2,160,das_work,4.445607662200928,48258,17,1
1771694998.407345,164_2,164,das_work,9.606345415115356,48258,17,1
1771694998.508046,161_2,161,tpc_lock,2.098778009414673,46561,17,1
1771694998.5307715,162_2,162,tpc_lock,4.371984720230103,46561,17,1
1771694998.6413488,165_1,165,das_work,10.706673383712769,48258,17,1
1771694998.7601275,163_1,163,tpc_commit,14.314531326293944,28795,17,1
1771694998.7874088,168_2,168,tpc_lock,4.571758508682251,46561,17,1
1771695006.793134,166_2,166,tpc_commit,8.505075216293335,28795,18,1
1771695006.8194225,160_2,160,tpc_commit,8.436383247375488,28795,18,1
1771695006.8871262,164_2,164,tpc_commit,8.479773759841919,28795,18,1
1771695008.5549865,165_1,165,tpc_commit,9.913628816604614,28795,18,1
1771695008.561602,163_2,163,tpc_lock,8.045981168746948,46561,18,1
1771695010.17039,162_2,162,das_work,7.867278814315796,48258,18,1
1771695010.4004416,167_2,167,das_work,8.575493574142456,48258,18,1
1771695010.5690565,169_2,169,das_work,9.474979639053345,48258,18,1
1771695010.615295,160_2,160,tpc_commit,3.7958617210388175,28795,18,1
1771695010.8007371,168_2,168,das_work,6.704631805419922,48258,18,1
1771695010.8071449,164_2,164,tpc_commit,3.92000675201416,28795,18,1
1771695018.2426205,164_3,164,tpc_lock,6.649009943008423,46561,19,1
1771695018.2456963,162_2,162,tpc_commit,8.075297355651855,28795,19,1
1771695018.2749257,160_3,160,tpc_lock,5.8306379318237305,46561,19,1
1771695018.4478562,168_2,168,tpc_commit,7.647110462188721,28795,19,1
1771695020.4466605,167_2,167,tpc_commit,10.046207666397097,28795,19,1
1771695020.4621067,169_2,169,tpc_commit,9.893038749694824,28795,19,1
1771695022.2776382,161_2,161,das_work,14.686163663864136,48258,19,1
1771695022.2910795,168_2,168,tpc_commit,3.8432109355926514,28795,19,1
1771695022.413755,162_2,162,tpc_commit,4.168046236038208,28795,19,1
1771695022.4304423,163_2,163,tpc_lock,13.868830680847168,46561,19,1
1771695022.44145,166_2,166,tpc_commit,15.64830446243286,28795,19,1
1771695022.7004316,164_3,164,tpc_lock,4.4576568603515625,46561,19,1
1771695022.730378,160_3,160,tpc_lock,4.455442428588867,46561,19,1
1771695022.760544,165_1,165,tpc_commit,14.205548763275146,28795,19,1
1771695030.3160148,166_3,166,tpc_lock,6.460952043533325,46561,20,1
1771695030.3297288,168_3,168,tpc_lock,6.805810451507568,46561,20,1
1771695030.4390683,162_3,162,tpc_lock,6.267991065979004,46561,20,1
1771695032.712897,161_2,161,tpc_commit,10.435245752334597,28795,20,1
1771695032.7415411,165_2,165,tpc_lock,8.54540491104126,46561,20,1
1771695034.592393,167_2,167,tpc_commit,14.145724773406982,28795,20,1
1771695035.1253836,164_3,164,das_work,9.57950496673584,48258,20,1
1771695035.29972,169_2,169,tpc_commit,14.837603569030762,28795,20,1
1771695035.3008163,163_2,163,das_work,4.354446649551392,48258,20,1
1771695042.172818,164_3,164,tpc_commit,7.047420263290405,28795,21,1
1771695044.4978073,169_3,169,tpc_lock,8.204374074935913,46561,21,1
1771695044.5063696,163_2,163,tpc_commit,9.205541372299194,28795,21,1
1771695044.5199337,167_3,167,tpc_lock,9.341091632843018,46561,21,1
1771695046.3140285,161_2,161,tpc_commit,13.601119756698608,28795,21,1
1771695046.51046,160_3,160,das_work,14.303153038024902,48258,21,1
1771695046.6757903,166_3,166,tpc_lock,16.359763383865356,46561,21,1
1771695046.7273085,168_3,168,tpc_lock,16.39756441116333,46561,21,1
1771695046.7654538,162_3,162,tpc_lock,16.326371908187866,46561,21,1
1771695046.780233,164_3,164,tpc_commit,4.607404708862305,28795,21,1
1771695046.7846825,165_2,165,tpc_lock,14.043129682540894,46561,21,1
1771695046.8785954,163_2,163,tpc_commit,2.37221622467041,28795,21,1
1771695046.9111576,167_3,167,tpc_lock,2.3912127017974854,46561,21,1
1771695047.053937,169_3,169,tpc_lock,2.556119203567505,46561,21,1
1771695054.373427,160_3,160,tpc_commit,7.862955331802368,28795,22,1
1771695054.6513336,164_4,164,tpc_lock,6.537097692489624,46561,22,1
1771695056.526662,163_3,163,tpc_lock,7.9745824337005615,46561,22,1
1771695056.5689518,161_3,161,tpc_lock,9.311649322509766,46549,22,1
1771695058.332928,162_3,162,das_work,7.963701486587524,48258,22,1
1771695058.4305065,167_3,167,das_work,9.69290852546692,48258,22,1
1771695058.4957342,168_3,168,das_work,9.156201601028442,48258,22,1
1771695058.555522,169_3,169,das_work,9.412960052490234,48258,22,1
1771695058.661506,160_3,160,tpc_commit,4.288068056106567,28795,22,1
1771695058.677565,166_3,166,das_work,3.4999935626983643,48258,22,1
1771695058.8284836,164_4,164,tpc_lock,4.177136898040772,46561,22,1
1771695058.8295472,165_2,165,das_work,4.06177020072937,48258,22,1
1771695066.5602288,166_3,166,tpc_commit,7.882649898529053,28795,23,1
1771695066.5696864,160_4,160,tpc_lock,6.9393579959869385,46561,23,1
1771695066.601424,168_3,168,tpc_commit,8.105659008026123,28795,23,1
1771695066.6175876,162_3,162,tpc_commit,8.284619092941284,28795,23,1
1771695068.496899,169_3,169,tpc_commit,9.941363096237184,28795,23,1
1771695068.522679,165_2,165,tpc_commit,9.69312310218811,28795,23,1
1771695068.619554,167_3,167,tpc_commit,10.1890389919281,28795,23,1
1771695070.3056798,169_3,169,tpc_commit,1.808772325515747,28795,23,1
1771695070.3113685,162_3,162,tpc_commit,3.693768262863159,28795,23,1
1771695070.4015703,163_3,163,tpc_lock,13.87488889694214,46561,23,1
1771695070.4351957,166_3,166,tpc_commit,3.872342586517334,28795,23,1
1771695070.486251,164_4,164,das_work,4.316232919692993,48258,23,1
1771695070.7170155,168_3,168,tpc_commit,4.115579128265381,28795,23,1
1771695070.7241087,161_3,161,tpc_lock,14.155144453048706,46549,23,1
1771695070.8453648,160_4,160,tpc_lock,4.275665760040283,46561,23,1
1771695070.895817,165_2,165,tpc_commit,2.3731253147125244,28795,23,1
1771695078.1358118,164_4,164,tpc_commit,7.649550199508667,28795,24,1
1771695078.197081,166_4,166,tpc_lock,6.138183355331421,46561,24,1
1771695078.2260828,162_4,162,tpc_lock,5.994744539260864,46561,24,1
1771695078.2295568,168_4,168,tpc_lock,6.556120157241821,46561,24,1
1771695080.4532995,169_4,169,tpc_lock,8.328102827072144,46561,24,1
1771695080.4706285,165_3,165,tpc_lock,7.906664609909058,46549,24,1
1771695082.321061,160_4,160,das_work,10.055678129196169,48258,24,1
1771695082.3927054,162_4,162,tpc_lock,4.166610479354858,46561,24,1
1771695082.4266107,161_3,161,das_work,9.37268853187561,48258,24,1
1771695082.487912,164_4,164,tpc_commit,4.352056503295898,28795,24,1
1771695082.6390402,167_3,167,tpc_commit,14.019474983215332,28795,24,1
1771695082.6925485,163_3,163,das_work,9.973593711853027,48258,24,1
1771695082.6950085,166_4,166,tpc_lock,4.497917175292969,46561,24,1
1771695082.6976054,169_4,169,tpc_lock,2.244296073913574,46561,24,1
1771695082.7258704,168_4,168,tpc_lock,4.496301651000977,46561,24,1
1771695082.877659,165_3,165,tpc_lock,2.4070215225219727,46549,24,1
1771695090.22707,160_4,160,tpc_commit,7.905997037887573,28795,25,1
1771695092.564413,161_3,161,tpc_commit,10.137789726257324,28783,25,1
1771695092.578996,163_3,163,tpc_commit,9.886437892913818,28795,25,1
1771695092.608918,167_4,167,tpc_lock,8.889455318450928,46561,25,1
1771695094.254559,162_4,162,das_work,2.687026262283325,48258,25,1
1771695094.2774572,168_4,168,das_work,8.60016918182373,48258,25,1
1771695094.400127,167_4,167,tpc_lock,1.791198492050171,46561,25,1
1771695094.6417062,169_4,169,das_work,6.25804591178894,48258,25,1
1771695094.7134752,165_3,165,das_work,5.33215856552124,48258,25,1
1771695094.7978623,160_4,160,tpc_commit,4.570781707763672,28795,25,1
1771695094.9297216,166_4,166,das_work,4.271987438201904,48258,25,1
1771695102.2342508,166_4,166,tpc_commit,7.304515838623047,28795,26,1
1771695102.2927012,162_4,162,tpc_commit,8.038129091262817,28795,26,1
1771695102.362028,168_4,168,tpc_commit,8.084558963775635,28795,26,1
1771695104.702454,169_4,169,tpc_commit,10.06073522567749,28795,26,1
1771695104.789209,165_3,165,tpc_commit,10.075721263885498,28783,26,1
1771695106.261682,163_3,163,tpc_commit,13.68267822265625,28795,26,1
1771695106.443164,161_3,161,tpc_commit,13.878738403320312,28783,26,1
1771695106.7155,166_4,166,tpc_commit,4.481237173080444,28795,26,1
1771695107.1072154,167_4,167,das_work,7.500871181488037,48258,26,1
1771695116.5335464,161_4,161,tpc_lock,9.103100776672363,46537,27,1
1771695116.5540206,167_4,167,tpc_commit,9.44679307937622,28795,27,1
1771695116.56008,163_4,163,tpc_lock,9.59231734275818,46561,27,1
1771695118.4595914,163_4,163,tpc_lock,1.8994994163513184,46561,27,1
1771695118.484489,169_4,169,tpc_commit,13.782024383544922,28795,27,1
1771695118.5004733,167_4,167,tpc_commit,1.9464421272277832,28795,27,1
1771695118.5444543,162_4,162,tpc_commit,16.25174117088318,28795,27,1
1771695118.5602946,161_4,161,tpc_lock,2.026735782623291,46537,27,1
1771695118.5969827,168_4,168,tpc_commit,16.234940767288208,28795,27,1
1771695118.7893798,165_3,165,tpc_commit,14.000158071517944,28783,27,1
1771695128.79786,165_4,165,tpc_lock,8.837995529174805,46561,28,1
1771695130.378369,163_4,163,das_work,9.458781003952026,48258,28,1
1771695130.6797333,161_4,161,das_work,4.01113224029541,48258,28,1
1771695140.518254,161_4,161,tpc_commit,9.838509559631348,28771,29,1
1771695140.5258317,163_4,163,tpc_commit,10.147451162338257,28795,29,1
1771695142.4330497,163_4,163,tpc_commit,1.90720796585083,28795,29,1
1771695142.7250483,165_4,165,tpc_lock,13.927178382873535,46561,29,1
1771695142.742133,161_4,161,tpc_commit,2.2238659858703613,28771,29,1
1771695154.492726,165_4,165,das_work,7.795835018157959,48258,30,1
1771695164.56565,165_4,165,tpc_commit,10.072912216186523,28795,31,1
1771695166.276711,165_4,165,tpc_commit,1.7110483646392822,28795,31,1
1771694909.9451466,174_0,174,tpc_lock,1.9893295764923096,46561,10,1
1771694909.9718182,176_0,176,tpc_lock,1.119004249572754,46561,10,1
1771694909.9755836,170_0,170,tpc_lock,3.421183824539185,46549,10,1
1771694912.2611632,173_0,173,tpc_lock,6.236701011657715,46561,10,1
1771694912.2675934,177_0,177,tpc_lock,0.1527891159057617,46561,10,1
1771694912.2802162,179_0,179,tpc_lock,3.4206202030181885,46561,10,1
1771694912.3065116,171_0,171,tpc_lock,0.7223730087280273,46561,10,1
1771694914.0343027,171_0,171,tpc_lock,1.727766036987305,46561,10,1
1771694914.070864,173_0,173,tpc_lock,1.8096940517425537,46561,10,1
1771694914.0733058,176_0,176,tpc_lock,4.1014463901519775,46561,10,1
1771694914.0912974,174_0,174,tpc_lock,4.145985126495361,46561,10,1
1771694914.1120243,177_0,177,tpc_lock,1.8444242477416992,46561,10,1
1771694914.1178887,170_0,170,tpc_lock,4.14229416847229,46549,10,1
1771694914.14089,179_0,179,tpc_lock,1.8606653213500977,46561,10,1
1771694921.96654,172_0,172,tpc_lock,3.940362215042114,46561,11,1
1771694922.027393,178_0,178,tpc_lock,1.8777635097503664,46561,11,1
1771694924.3158703,175_0,175,tpc_lock,8.983270645141602,46561,11,1
1771694926.0744,172_0,172,tpc_lock,4.107854127883911,46561,11,1
1771694926.0964055,176_0,176,das_work,6.630048751831055,48258,11,1
1771694926.119577,177_0,177,das_work,7.79080605506897,48258,11,1
1771694926.140862,175_0,175,tpc_lock,1.8249857425689695,46561,11,1
1771694926.1579454,170_0,170,das_work,10.73681640625,48258,11,1
1771694926.203838,179_0,179,das_work,10.188509702682495,48258,11,1
1771694926.2058513,173_0,173,das_work,2.370530843734741,48258,11,1
1771694926.2239122,178_0,178,tpc_lock,4.196513652801514,46561,11,1
1771694926.2241635,174_0,174,das_work,6.027301788330078,48258,11,1
1771694926.2462723,171_0,171,das_work,9.275052309036257,48258,11,1
1771694933.9734845,174_0,174,tpc_commit,7.749311208724976,28795,12,1
1771694934.042874,176_0,176,tpc_commit,7.946430921554565,28795,12,1
1771694934.0627024,170_0,170,tpc_commit,7.904745101928711,28783,12,1
1771694936.290477,173_0,173,tpc_commit,10.08461618423462,28795,12,1
1771694936.293205,179_0,179,tpc_commit,10.089356184005736,28795,12,1
1771694936.3130777,171_0,171,tpc_commit,10.066796064376833,28795,12,1
1771694936.3718648,177_0,177,tpc_commit,10.252280235290527,28795,12,1
1771694938.1076488,177_0,177,tpc_commit,1.7357733249664309,28795,12,1
1771694938.109312,172_0,172,das_work,6.9521894454956055,48258,12,1
1771694938.2039592,170_0,170,tpc_commit,4.141244649887085,28783,12,1
1771694938.2685628,171_0,171,tpc_commit,1.9554743766784668,28795,12,1
1771694938.3102589,176_0,176,tpc_commit,4.267375946044922,28795,12,1
1771694938.3646302,175_0,175,das_work,6.75276255607605,48258,12,1
1771694938.374878,179_0,179,tpc_commit,2.081661939620972,28795,12,1
1771694938.3909943,173_0,173,tpc_commit,2.1005067825317383,28795,12,1
1771694938.4368055,174_0,174,tpc_commit,4.463308811187744,28795,12,1
1771694938.4499102,178_0,178,das_work,7.062055587768555,48258,12,1
1771694946.2233088,174_1,174,tpc_lock,6.219584941864014,46561,13,1
1771694946.2504494,170_1,170,tpc_lock,7.033020496368408,46561,13,1
1771694946.2551208,172_0,172,tpc_commit,8.145798683166504,28795,13,1
1771694946.2577622,176_1,176,tpc_lock,6.95684814453125,46561,13,1
1771694946.320007,178_0,178,tpc_commit,7.870086908340454,28795,13,1
1771694948.3619075,177_1,177,tpc_lock,8.82907223701477,46549,13,1
1771694948.3954089,175_0,175,tpc_commit,10.030768394470217,28795,13,1
1771694948.4319203,171_1,171,tpc_lock,8.332444667816162,46561,13,1
1771694948.4406872,173_1,173,tpc_lock,9.445293426513672,46561,13,1
1771694948.4505694,179_1,179,tpc_lock,9.447129487991331,46561,13,1
1771694950.3499737,171_1,171,tpc_lock,1.918041467666626,46561,13,1
1771694950.3980205,173_1,173,tpc_lock,1.9573180675506592,46561,13,1
1771694950.4544086,172_0,172,tpc_commit,4.199277877807617,28795,13,1
1771694950.481593,177_1,177,tpc_lock,2.119673252105713,46549,13,1
1771694950.665767,170_1,170,tpc_lock,4.415307283401489,46561,13,1
1771694950.6897438,178_0,178,tpc_commit,4.369724750518799,28795,13,1
1771694950.7180707,174_1,174,tpc_lock,4.494698524475098,46561,13,1
1771694950.783634,179_1,179,tpc_lock,2.3330297470092773,46561,13,1
1771694950.789084,175_0,175,tpc_commit,2.393662452697754,28795,13,1
1771694950.892597,176_1,176,tpc_lock,4.634821653366089,46561,13,1
1771694958.207863,172_1,172,tpc_lock,6.633207082748413,46561,14,1
1771694958.3855743,178_1,178,tpc_lock,6.327020406723023,46561,14,1
1771694960.4874446,175_1,175,tpc_lock,9.114106178283691,46561,14,1
1771694962.240852,172_1,172,tpc_lock,4.032977342605591,46561,14,1
1771694962.5293944,177_1,177,das_work,6.779175281524658,48258,14,1
1771694962.536622,178_1,178,tpc_lock,4.151037693023682,46561,14,1
1771694962.5524666,173_1,173,das_work,2.5833775997161865,48258,14,1
1771694962.656518,171_1,171,das_work,8.086393117904663,48258,14,1
1771694962.6889777,176_1,176,das_work,2.8030593395233154,48258,14,1
1771694962.692479,174_1,174,das_work,10.966422319412231,48258,14,1
1771694962.768882,179_1,179,das_work,4.559924125671387,48258,14,1
1771694962.855657,170_1,170,das_work,3.757900714874268,48258,14,1
1771694970.2616112,176_1,176,tpc_commit,7.572622060775757,28795,15,1
1771694970.3155196,170_1,170,tpc_commit,7.459853410720825,28795,15,1
1771694970.354592,174_1,174,tpc_commit,7.662099599838257,28795,15,1
1771694972.600686,179_1,179,tpc_commit,9.831792831420898,28795,15,1
1771694972.6057603,173_1,173,tpc_commit,10.053283214569092,28795,15,1
1771694972.6244762,177_1,177,tpc_commit,10.095069169998167,28783,15,1
1771694972.7309415,171_1,171,tpc_commit,10.074411392211914,28795,15,1
1771694974.2218983,170_1,170,tpc_commit,3.9063687324523926,28795,15,1
1771694974.33124,176_1,176,tpc_commit,4.069617033004761,28795,15,1
1771694974.342874,174_1,174,tpc_commit,3.988271951675415,28795,15,1
1771694974.4615765,178_1,178,das_work,5.524638414382935,48258,15,1
1771694974.51068,175_1,175,tpc_lock,14.02322268486023,46561,15,1
1771694974.5706172,172_1,172,das_work,10.091229438781738,48258,15,1
1771694982.351897,170_2,170,tpc_lock,6.254663944244385,46561,16,1
1771694982.382764,174_2,174,tpc_lock,7.260108232498169,46561,16,1
1771694982.5627737,178_1,178,tpc_commit,8.101185321807861,28795,16,1
1771694982.591924,176_2,176,tpc_lock,7.551641464233398,46561,16,1
1771694982.6131585,172_1,172,tpc_commit,8.042527675628662,28795,16,1
1771694986.2893474,176_2,176,tpc_lock,3.697412252426148,46561,16,1
1771694986.407927,173_1,173,tpc_commit,13.802154779434204,28795,16,1
1771694986.6003897,179_1,179,tpc_commit,13.999693155288696,28795,16,1
1771694986.7698169,178_1,178,tpc_commit,4.207031965255737,28795,16,1
1771694986.8255377,170_2,170,tpc_lock,4.473630428314209,46561,16,1
1771694986.871277,174_2,174,tpc_lock,4.488500595092773,46561,16,1
1771694986.933409,171_1,171,tpc_commit,14.20245599746704,28795,16,1
1771694987.0568411,172_1,172,tpc_commit,4.443671941757202,28795,16,1
1771694987.0716407,175_1,175,das_work,7.813362598419189,48258,16,1
1771694987.1669104,177_1,177,tpc_commit,14.542423248291016,28783,16,1
1771694994.152109,178_2,178,tpc_lock,6.58149528503418,46561,17,1
1771694994.1592305,172_2,172,tpc_lock,5.4531543254852295,46561,17,1
1771694996.3796415,175_1,175,tpc_commit,9.307990789413452,28795,17,1
1771694996.400185,177_2,177,tpc_lock,8.053241968154907,46561,17,1
1771694996.4068289,179_2,179,tpc_lock,8.919370174407959,46561,17,1
1771694996.426367,171_2,171,tpc_lock,7.667470932006836,46561,17,1
1771694996.433978,173_2,173,tpc_lock,9.34141969680786,46561,17,1
1771694998.2840462,177_2,177,tpc_lock,1.8838508129119875,46561,17,1
1771694998.3569565,172_2,172,tpc_lock,4.197714328765869,46561,17,1
1771694998.3818414,178_2,178,tpc_lock,4.229722023010254,46561,17,1
1771694998.4051616,179_2,179,tpc_lock,1.9983227252960205,46561,17,1
1771694998.5200777,176_2,176,das_work,5.139544486999512,48258,17,1
1771694998.591967,170_2,170,das_work,3.165895462036133,48258,17,1
1771694998.597902,175_1,175,tpc_commit,2.218252182006836,28795,17,1
1771694998.697718,173_2,173,tpc_lock,2.2637057304382324,46561,17,1
1771694998.7213736,171_2,171,tpc_lock,2.2949960231781006,46561,17,1
1771694998.7609386,174_2,174,das_work,8.251241683959961,48258,17,1
1771695006.669498,170_2,170,tpc_commit,8.07746934890747,28795,18,1
1771695006.710225,176_2,176,tpc_commit,8.190136194229126,28795,18,1
1771695006.741314,174_2,174,tpc_commit,7.980364084243774,28795,18,1
1771695008.5469704,175_2,175,tpc_lock,8.892563819885254,46561,18,1
1771695010.1654036,178_2,178,das_work,10.413182258605955,48258,18,1
1771695010.1855912,173_2,173,das_work,5.225464105606079,48258,18,1
1771695010.3460326,171_2,171,das_work,10.608219623565674,48258,18,1
1771695010.4239144,179_2,179,das_work,10.067920684814451,48258,18,1
1771695010.4995012,170_2,170,tpc_commit,3.8299927711486816,28795,18,1
1771695010.5607495,177_2,177,das_work,8.205064535140991,48258,18,1
1771695010.5913866,172_2,172,das_work,7.159316539764404,48258,18,1
1771695018.3012905,178_2,178,tpc_commit,8.135871171951294,28795,19,1
1771695018.3617527,172_2,172,tpc_commit,7.770355701446533,28795,19,1
1771695018.4719636,170_3,170,tpc_lock,6.565229654312134,46561,19,1
1771695020.4296737,179_2,179,tpc_commit,10.005749464035034,28795,19,1
1771695020.449861,171_2,171,tpc_commit,10.103817701339722,28795,19,1
1771695020.4699306,173_2,173,tpc_commit,10.28432846069336,28795,19,1
1771695020.477383,177_2,177,tpc_commit,9.916621923446655,28795,19,1
1771695022.2836914,175_2,175,tpc_lock,13.736706972122192,46561,19,1
1771695022.405657,170_3,170,tpc_lock,3.933661699295044,46561,19,1
1771695022.428171,174_2,174,tpc_commit,15.68684697151184,28795,19,1
1771695022.486775,178_2,178,tpc_commit,4.185472249984741,28795,19,1
1771695022.498073,176_2,176,tpc_commit,15.787837505340576,28795,19,1
1771695022.5401206,172_2,172,tpc_commit,4.178354263305664,28795,19,1
1771695022.9382088,173_2,173,tpc_commit,2.4682695865631104,28795,19,1
1771695030.2048702,174_3,174,tpc_lock,5.8731689453125,46561,20,1
1771695030.2202249,172_3,172,tpc_lock,7.063855171203613,46561,20,1
1771695030.320204,178_3,178,tpc_lock,6.499322175979614,46561,20,1
1771695030.3226595,176_3,176,tpc_lock,7.002697467803955,46561,20,1
1771695032.770114,173_3,173,tpc_lock,8.663941621780396,46549,20,1
1771695034.2113535,179_2,179,tpc_commit,13.781668663024902,28795,20,1
1771695034.518567,174_3,174,tpc_lock,4.313684701919556,46561,20,1
1771695034.5300028,172_3,172,tpc_lock,4.309766054153442,46561,20,1
1771695034.5531943,171_2,171,tpc_commit,14.103320837020874,28795,20,1
1771695034.9492538,170_3,170,das_work,6.2413177490234375,48258,20,1
1771695035.452726,177_2,177,tpc_commit,14.975332736968994,28795,20,1
1771695042.1629906,170_3,170,tpc_commit,7.213724374771118,28795,21,1
1771695044.5170732,177_3,177,tpc_lock,8.56396198272705,46561,21,1
1771695044.5566008,179_3,179,tpc_lock,9.122046709060667,46561,21,1
1771695044.6139157,171_3,171,tpc_lock,8.599936485290527,46561,21,1
1771695046.3450851,170_3,170,tpc_commit,4.182082653045654,28795,21,1
1771695046.5243857,172_3,172,das_work,3.8331005573272714,48258,21,1
1771695046.6434493,173_3,173,tpc_lock,13.873321056365969,46549,21,1
1771695046.708491,174_3,174,das_work,8.079905986785889,48258,21,1
1771695046.8891697,176_3,176,tpc_lock,16.566497325897217,46561,21,1
1771695046.894517,175_2,175,das_work,16.630067110061646,48258,21,1
1771695046.9575794,177_3,177,tpc_lock,2.440495014190674,46561,21,1
1771695046.9811847,178_3,178,tpc_lock,16.660969972610474,46561,21,1
1771695054.3420112,170_4,170,tpc_lock,7.1245105266571045,46549,22,1
1771695054.369668,174_3,174,tpc_commit,7.661168813705444,28795,22,1
1771695054.6866274,172_3,172,tpc_commit,8.162229061126709,28795,22,1
1771695056.5523283,175_2,175,tpc_commit,9.657800674438477,28795,22,1
1771695058.2863402,173_3,173,das_work,5.513355255126953,48258,22,1
1771695058.2920642,176_3,176,das_work,8.451663970947266,48258,22,1
1771695058.3507736,174_3,174,tpc_commit,3.9810950756073,28795,22,1
1771695058.4104326,171_3,171,tpc_lock,13.796505212783812,46561,22,1
1771695058.65911,175_2,175,tpc_commit,2.106708526611328,28795,22,1
1771695058.6805222,172_3,172,tpc_commit,3.9938831329345694,28795,22,1
1771695058.757461,177_3,177,das_work,8.948920488357544,48258,22,1
1771695058.7751696,179_3,179,tpc_lock,14.218557834625244,46561,22,1
1771695058.949969,178_3,178,das_work,6.630675554275513,48258,22,1
1771695059.0210896,170_4,170,tpc_lock,4.679068088531494,46549,22,1
1771695066.4803123,178_3,178,tpc_commit,7.530333042144775,28795,23,1
1771695066.527777,174_4,174,tpc_lock,7.035922527313232,46561,23,1
1771695066.563457,176_3,176,tpc_commit,8.271380186080933,28795,23,1
1771695066.6101067,172_4,172,tpc_lock,7.233938932418823,46561,23,1
1771695068.5030465,177_3,177,tpc_commit,9.74551510810852,28795,23,1
1771695068.5577445,173_3,173,tpc_commit,10.271368741989136,28783,23,1
1771695068.6383884,175_3,175,tpc_lock,9.0575749874115,46561,23,1
1771695070.366736,171_3,171,das_work,8.622456789016724,48258,23,1
1771695070.6091344,170_4,170,das_work,7.241319417953491,48258,23,1
1771695070.614488,174_4,174,tpc_lock,4.086698293685913,46561,23,1
1771695070.6274943,178_3,178,tpc_commit,4.147171497344971,28795,23,1
1771695070.6386988,176_3,176,tpc_commit,4.075226068496704,28795,23,1
1771695070.642243,177_3,177,tpc_commit,2.1391849517822266,28795,23,1
1771695070.7535615,175_3,175,tpc_lock,2.115161418914795,46561,23,1
1771695070.7610662,172_4,172,tpc_lock,4.1509082317352295,46561,23,1
1771695070.9412408,179_3,179,das_work,4.203453302383423,48258,23,1
1771695078.132306,178_4,178,tpc_lock,5.676702737808228,46561,24,1
1771695078.317607,176_4,176,tpc_lock,6.0598108768463135,46561,24,1
1771695078.3307493,170_4,170,tpc_commit,7.721603870391846,28783,24,1
1771695080.4514642,177_4,177,tpc_lock,9.248469591140749,46561,24,1
1771695080.4673522,171_3,171,tpc_commit,10.100604772567747,28795,24,1
1771695080.5005598,179_3,179,tpc_commit,9.559281826019289,28795,24,1
1771695082.371812,178_4,178,tpc_lock,4.239494323730469,46561,24,1
1771695082.3906703,176_4,176,tpc_lock,4.0730531215667725,46561,24,1
1771695082.612549,173_3,173,tpc_commit,14.05479383468628,28783,24,1
1771695082.6733887,175_3,175,das_work,5.498464107513428,48258,24,1
1771695082.722475,174_4,174,das_work,4.838013887405396,48258,24,1
1771695082.7361164,172_4,172,das_work,10.47637701034546,48258,24,1
1771695082.8086455,171_3,171,tpc_commit,2.341280698776245,28795,24,1
1771695082.869624,170_4,170,tpc_commit,4.538863658905029,28783,24,1
1771695090.163605,174_4,174,tpc_commit,7.441120386123657,28795,25,1
1771695090.270396,172_4,172,tpc_commit,7.53426718711853,28795,25,1
1771695092.5884235,173_4,173,tpc_lock,8.42540168762207,46561,25,1
1771695092.6030126,171_4,171,tpc_lock,8.823055267333984,46561,25,1
1771695092.6184452,175_3,175,tpc_commit,9.945043802261353,28795,25,1
1771695094.257071,171_4,171,tpc_lock,1.6540486812591553,46561,25,1
1771695094.3505626,174_4,174,tpc_commit,4.186946153640747,28795,25,1
1771695094.405331,178_4,178,das_work,8.293586254119873,48258,25,1
1771695094.4108365,172_4,172,tpc_commit,4.140428781509399,28795,25,1
1771695094.7495582,177_4,177,tpc_lock,14.298080444335938,46561,25,1
1771695094.753078,173_4,173,tpc_lock,2.1646435260772705,46561,25,1
1771695094.7756743,176_4,176,das_work,4.8521728515625,48258,25,1
1771695094.9908729,179_3,179,tpc_commit,14.490299940109251,28795,25,1
1771695102.2408075,178_4,178,tpc_commit,7.835464715957642,28795,26,1
1771695102.358837,176_4,176,tpc_commit,7.583150863647461,28795,26,1
1771695104.7669091,179_4,179,tpc_lock,8.9517183303833,46561,26,1
1771695106.2876325,173_4,173,das_work,4.978213310241699,48258,26,1
1771695106.328412,177_4,177,das_work,4.329419374465942,48258,26,1
1771695106.5051818,175_3,175,tpc_commit,13.886723279953005,28795,26,1
1771695106.5722227,171_4,171,das_work,10.406749486923218,48258,26,1
1771695116.51121,173_4,173,tpc_commit,10.223567962646484,28795,27,1
1771695116.5242088,171_4,171,tpc_commit,9.951968908309937,28795,27,1
1771695116.546694,175_4,175,tpc_lock,8.52549147605896,46561,27,1
1771695116.5666037,177_4,177,tpc_commit,10.238179206848145,28795,27,1
1771695118.5652845,177_4,177,tpc_commit,1.9986727237701416,28795,27,1
1771695118.7232804,179_4,179,tpc_lock,13.95635724067688,46561,27,1
1771695118.7616549,178_4,178,tpc_commit,16.5207736492157,28795,27,1
1771695119.0273843,176_4,176,tpc_commit,16.668535709381104,28795,27,1
1771695130.3029563,179_4,179,das_work,9.148540019989014,48258,28,1
1771695130.314103,175_4,175,tpc_lock,13.767399072647097,46561,28,1
1771695130.345581,171_4,171,tpc_commit,13.821361541748049,28795,28,1
1771695130.6067305,173_4,173,tpc_commit,14.095508337020874,28795,28,1
1771695140.5420897,179_4,179,tpc_commit,10.23912262916565,28795,29,1
1771695142.3358126,175_4,175,das_work,6.075069189071655,48258,29,1
1771695142.7595184,179_4,179,tpc_commit,2.217418909072876,28795,29,1
1771695152.7311263,175_4,175,tpc_commit,10.395299196243286,28795,30,1
1771695154.5343466,175_4,175,tpc_commit,1.8031792640686035,28795,30,1
1771694912.278401,183_0,183,tpc_lock,3.9062986373901367,46561,10,1
1771694914.0319653,183_0,183,tpc_lock,1.7531228065490725,46561,10,1
1771694921.9521036,184_0,184,tpc_lock,1.0111892223358154,46561,11,1
1771694921.9575202,186_0,186,tpc_lock,7.712415456771851,46561,11,1
1771694921.9990494,188_0,188,tpc_lock,8.159571886062622,46561,11,1
1771694922.013245,180_0,180,tpc_lock,2.376499891281128,46561,11,1
1771694922.0272875,182_0,182,tpc_lock,10.96125864982605,46561,11,1
1771694924.2946332,187_0,187,tpc_lock,10.37536072731018,46561,11,1
1771694924.2968552,185_0,185,tpc_lock,7.010846138000488,46561,11,1
1771694924.3889377,189_0,189,tpc_lock,5.6641926765441895,46561,11,1
1771694924.3930695,181_0,181,tpc_lock,11.354416370391846,46549,11,1
1771694926.077948,182_0,182,tpc_lock,4.050654172897339,46561,11,1
1771694926.0814831,186_0,186,tpc_lock,4.123958349227905,46561,11,1
1771694926.095711,183_0,183,das_work,5.95714807510376,48258,11,1
1771694926.1062517,184_0,184,tpc_lock,4.154141426086426,46561,11,1
1771694926.1642544,189_0,189,tpc_lock,1.77531099319458,46561,11,1
1771694926.1738908,181_0,181,tpc_lock,1.780815839767456,46549,11,1
1771694926.174704,185_0,185,tpc_lock,1.877842664718628,46561,11,1
1771694926.1761708,187_0,187,tpc_lock,1.8815321922302248,46561,11,1
1771694926.2027843,188_0,188,tpc_lock,4.203729391098023,46561,11,1
1771694926.2204378,180_0,180,tpc_lock,4.207187175750732,46561,11,1
1771694936.338192,183_0,183,tpc_commit,10.242470026016235,28795,12,1
1771694938.146986,184_0,184,das_work,7.99600625038147,48258,12,1
1771694938.1529613,182_0,182,das_work,8.755796909332275,48258,12,1
1771694938.1765015,180_0,180,das_work,2.975757360458374,48258,12,1
1771694938.206457,181_0,181,das_work,4.74735426902771,48258,12,1
1771694938.214259,188_0,188,das_work,2.764082908630371,48258,12,1
1771694938.2324204,189_0,189,das_work,10.209352254867554,48258,12,1
1771694938.3286507,183_0,183,tpc_commit,1.9904465675354004,28795,12,1
1771694938.419489,187_0,187,das_work,10.678303480148315,48258,12,1
1771694938.420103,185_0,185,das_work,2.3485002517700195,48258,12,1
1771694938.42497,186_0,186,das_work,3.751087427139282,48258,12,1
1771694946.1257727,180_0,180,tpc_commit,7.949260234832764,28795,13,1
1771694946.230548,184_0,184,tpc_commit,8.08355188369751,28795,13,1
1771694946.2933266,186_0,186,tpc_commit,7.868344306945801,28795,13,1
1771694946.3253157,188_0,188,tpc_commit,8.11104679107666,28795,13,1
1771694946.3275342,182_0,182,tpc_commit,8.174562454223633,28795,13,1
1771694948.368616,189_0,189,tpc_commit,10.136185646057127,28795,13,1
1771694948.4157832,181_0,181,tpc_commit,10.209316492080688,28783,13,1
1771694948.4368186,183_1,183,tpc_lock,9.44278597831726,46561,13,1
1771694948.4663785,185_0,185,tpc_commit,10.046267032623293,28795,13,1
1771694948.5109265,187_0,187,tpc_commit,10.091424465179443,28795,13,1
1771694950.2968705,185_0,185,tpc_commit,1.830475091934204,28795,13,1
1771694950.3407636,183_1,183,tpc_lock,1.9039313793182373,46561,13,1
1771694950.4897337,186_0,186,tpc_commit,4.196395397186279,28795,13,1
1771694950.4957244,182_0,182,tpc_commit,4.168181896209717,28795,13,1
1771694950.530659,188_0,188,tpc_commit,4.205333709716797,28795,13,1
1771694950.6522598,189_0,189,tpc_commit,2.2836339473724365,28795,13,1
1771694950.6820655,180_0,180,tpc_commit,4.556281805038452,28795,13,1
1771694950.7552023,184_0,184,tpc_commit,4.5246429443359375,28795,13,1
1771694950.8421557,187_0,187,tpc_commit,2.331216812133789,28795,13,1
1771694958.3117108,182_1,182,tpc_lock,5.851235628128052,46549,14,1
1771694958.3392708,180_1,180,tpc_lock,6.1486430168151855,46561,14,1
1771694958.376373,188_1,188,tpc_lock,6.201762914657593,46561,14,1
1771694958.3914957,186_1,186,tpc_lock,6.875215530395508,46561,14,1
1771694958.4016223,184_1,184,tpc_lock,6.658994913101196,46561,14,1
1771694960.422111,185_1,185,tpc_lock,8.261643171310425,46561,14,1
1771694960.4444923,189_1,189,tpc_lock,8.149378538131714,46561,14,1
1771694960.4559228,187_1,187,tpc_lock,8.591487169265747,46561,14,1
1771694962.2475183,189_1,189,tpc_lock,1.803015947341919,46561,14,1
1771694962.4303415,181_0,181,tpc_commit,14.01454782485962,28783,14,1
1771694962.4761412,184_1,184,tpc_lock,4.074509620666504,46561,14,1
1771694962.5465755,183_1,183,das_work,9.471957683563232,48258,14,1
1771694962.7057085,180_1,180,tpc_lock,4.366426229476929,46561,14,1
1771694962.7392929,182_1,182,tpc_lock,4.427571535110474,46549,14,1
1771694962.7819755,186_1,186,tpc_lock,4.390470266342163,46561,14,1
1771694962.878274,188_1,188,tpc_lock,4.501891374588013,46561,14,1
1771694972.6042042,181_1,181,tpc_lock,9.199106454849243,46561,15,1
1771694972.605561,183_1,183,tpc_commit,10.058975219726562,28795,15,1
1771694974.2218986,182_1,182,das_work,5.698924541473389,48258,15,1
1771694974.2239344,185_1,185,tpc_lock,13.801814079284668,46561,15,1
1771694974.3167295,188_1,188,das_work,3.8825771808624263,48258,15,1
1771694974.4984975,180_1,180,das_work,10.289782524108888,48258,15,1
1771694974.5132053,183_1,183,tpc_commit,1.9076335430145264,28795,15,1
1771694974.6917276,186_1,186,das_work,4.83444094657898,48258,15,1
1771694974.7398174,187_1,187,tpc_lock,14.283883094787598,46561,15,1
1771694974.8375442,184_1,184,das_work,2.991916418075561,48258,15,1
1771694974.8890424,189_1,189,das_work,8.470232009887695,48258,15,1
1771694982.3880897,188_1,188,tpc_commit,8.071349382400513,28795,16,1
1771694982.4363492,184_1,184,tpc_commit,7.598791122436523,28795,16,1
1771694982.5995135,180_1,180,tpc_commit,8.10100531578064,28795,16,1
1771694982.6395123,182_1,182,tpc_commit,8.417602777481079,28783,16,1
1771694982.6445763,186_1,186,tpc_commit,7.9528374671936035,28795,16,1
1771694984.4492512,189_1,189,tpc_commit,9.56019639968872,28795,16,1
1771694984.5108714,183_2,183,tpc_lock,9.38549828529358,46561,16,1
1771694986.2718506,182_1,182,tpc_commit,3.6323277950286874,28783,16,1
1771694986.2983084,185_1,185,das_work,3.8746447563171382,48258,16,1
1771694986.3657663,184_1,184,tpc_commit,3.9294044971466064,28795,16,1
1771694986.8701558,180_1,180,tpc_commit,4.270630598068237,28795,16,1
1771694986.9819074,188_1,188,tpc_commit,4.593806028366089,28795,16,1
1771694986.988519,181_1,181,tpc_lock,14.38430404663086,46561,16,1
1771694987.0945995,186_1,186,tpc_commit,4.449991464614868,28795,16,1
1771694987.1793962,187_1,187,das_work,6.044619083404541,48258,16,1
1771694994.179386,182_2,182,tpc_lock,7.22540807723999,46561,17,1
1771694994.2567933,180_2,180,tpc_lock,6.202013969421387,46561,17,1
1771694994.2811174,186_2,186,tpc_lock,5.71670126914978,46561,17,1
1771694994.2913167,184_2,184,tpc_lock,6.035404920578003,46549,17,1
1771694994.2997494,188_2,188,tpc_lock,5.660248994827271,46561,17,1
1771694996.4101129,187_1,187,tpc_commit,9.230704069137571,28795,17,1
1771694996.4257464,185_1,185,tpc_commit,10.127426862716677,28795,17,1
1771694998.2695503,184_2,184,tpc_lock,3.978222608566284,46549,17,1
1771694998.329703,188_2,188,tpc_lock,4.029942750930786,46561,17,1
1771694998.4851198,180_2,180,tpc_lock,4.2283148765563965,46561,17,1
1771694998.5626545,185_1,185,tpc_commit,2.136897087097168,28795,17,1
1771694998.6002138,187_1,187,tpc_commit,2.190093994140625,28795,17,1
1771694998.6091166,182_2,182,tpc_lock,4.429718494415283,46561,17,1
1771694998.6727188,186_2,186,tpc_lock,4.391590118408203,46561,17,1
1771694998.6885133,183_2,183,tpc_lock,14.177631616592407,46561,17,1
1771694998.709169,181_1,181,das_work,2.058698892593384,48258,17,1
1771694998.799808,189_1,189,tpc_commit,14.350547313690186,28795,17,1
1771695008.5167103,181_1,181,tpc_commit,9.807529926300049,28795,18,1
1771695008.6067312,185_2,185,tpc_lock,9.490338802337646,46561,18,1
1771695008.640917,189_2,189,tpc_lock,9.075441360473633,46549,18,1
1771695008.6521378,187_2,187,tpc_lock,8.92266035079956,46561,18,1
1771695010.1653073,180_2,180,das_work,3.684649705886841,48258,18,1
1771695010.211336,186_2,186,das_work,9.536827564239502,48258,18,1
1771695010.2790754,183_2,183,das_work,6.182930946350098,48258,18,1
1771695010.6934602,188_2,188,das_work,3.261493444442749,48258,18,1
1771695010.8633742,182_2,182,das_work,4.281315565109253,48258,18,1
1771695018.2435908,182_2,182,tpc_commit,7.380205392837524,28795,19,1
1771695018.523901,188_2,188,tpc_commit,7.830430746078491,28795,19,1
1771695018.5558238,186_2,186,tpc_commit,8.34447693824768,28795,19,1
1771695018.563005,180_2,180,tpc_commit,8.397685527801514,28795,19,1
1771695020.4800336,183_2,183,tpc_commit,10.200945138931274,28795,19,1
1771695022.3297925,189_2,189,tpc_lock,13.68886661529541,46549,19,1
1771695022.3736866,182_2,182,tpc_commit,4.13003396987915,28795,19,1
1771695022.4440415,184_2,184,das_work,14.551714658737184,48258,19,1
1771695022.5055788,187_2,187,tpc_lock,13.853430032730104,46561,19,1
1771695022.5898132,181_1,181,tpc_commit,14.073091506958008,28795,19,1
1771695022.6094074,188_2,188,tpc_commit,4.085494756698608,28795,19,1
1771695022.6577933,180_2,180,tpc_commit,4.094775676727295,28795,19,1
1771695022.7193482,185_2,185,tpc_lock,14.112606048583984,46561,19,1
1771695022.819728,186_2,186,tpc_commit,4.263889789581299,28795,19,1
1771695023.0827148,183_2,183,tpc_commit,2.6026711463928223,28795,19,1
1771695030.2129729,180_3,180,tpc_lock,6.048131704330444,46561,20,1
1771695030.2619042,188_3,188,tpc_lock,6.145343065261841,46549,20,1
1771695030.4160447,184_2,184,tpc_commit,7.971943378448486,28783,20,1
1771695030.43272,182_3,182,tpc_lock,6.923168420791626,46561,20,1
1771695030.48662,186_3,186,tpc_lock,6.139986515045166,46561,20,1
1771695032.7633436,183_3,183,tpc_lock,8.72046971321106,46561,20,1
1771695032.7896092,181_2,181,tpc_lock,8.832204580307007,46561,20,1
1771695034.7899668,189_2,189,das_work,6.020316362380981,48258,20,1
1771695034.939019,187_2,187,das_work,10.3039231300354,48258,20,1
1771695044.5374866,189_2,189,tpc_commit,9.747507810592651,28783,21,1
1771695044.6422446,187_2,187,tpc_commit,9.703213691711426,28795,21,1
1771695046.3069117,187_2,187,tpc_commit,1.6646559238433838,28795,21,1
1771695046.3133004,180_3,180,tpc_lock,16.100316524505615,46561,21,1
1771695046.3142097,181_2,181,tpc_lock,13.52458953857422,46561,21,1
1771695046.3174624,185_2,185,das_work,15.15809679031372,48258,21,1
1771695046.3871925,184_2,184,tpc_commit,15.971136808395386,28783,21,1
1771695046.6994104,182_3,182,tpc_lock,16.26667881011963,46561,21,1
1771695046.7548077,188_3,188,tpc_lock,16.492892742156982,46549,21,1
1771695046.7735753,189_2,189,tpc_commit,2.2360782623291016,28783,21,1
1771695046.943052,183_3,183,tpc_lock,14.179695844650269,46561,21,1
1771695046.9603796,186_3,186,tpc_lock,16.473748445510864,46561,21,1
1771695054.8723707,184_3,184,tpc_lock,7.665935039520264,46561,22,1
1771695056.507599,187_3,187,tpc_lock,8.884174108505249,46561,22,1
1771695056.562533,189_3,189,tpc_lock,7.968364477157593,46561,22,1
1771695056.6026542,185_2,185,tpc_commit,10.2851824760437,28795,22,1
1771695058.315143,182_3,182,das_work,4.150142431259155,48258,22,1
1771695058.4449682,181_2,181,das_work,8.054775476455688,48258,22,1
1771695058.4689307,180_3,180,das_work,7.8000874519348145,48258,22,1
1771695058.56808,184_3,184,tpc_lock,3.69569730758667,46561,22,1
1771695058.7766905,186_3,186,das_work,7.162434816360474,48258,22,1
1771695059.0121555,188_3,188,das_work,6.861161470413208,48258,22,1
1771695059.180977,183_3,183,das_work,7.690111875534058,48258,22,1
1771695066.4896247,188_3,188,tpc_commit,7.477458477020264,28783,23,1
1771695066.5462658,186_3,186,tpc_commit,7.7695631980896,28795,23,1
1771695066.607196,180_3,180,tpc_commit,8.138254404067993,28795,23,1
1771695066.6386197,182_3,182,tpc_commit,8.323309183120728,28795,23,1
1771695068.53644,183_3,183,tpc_commit,9.355440855026243,28795,23,1
1771695068.5699818,181_2,181,tpc_commit,10.125001907348633,28795,23,1
1771695070.303138,186_3,186,tpc_commit,3.756858587265015,28795,23,1
1771695070.3041675,189_3,189,tpc_lock,13.741623163223268,46561,23,1
1771695070.341816,184_3,184,das_work,8.042401552200317,48258,23,1
1771695070.590175,182_3,182,tpc_commit,3.951502084732056,28795,23,1
1771695070.7235296,185_2,185,tpc_commit,14.12084150314331,28795,23,1
1771695070.766034,188_3,188,tpc_commit,4.27600622177124,28783,23,1
1771695070.9133902,187_3,187,tpc_lock,14.405779123306274,46561,23,1
1771695071.0221438,180_3,180,tpc_commit,4.414932489395142,28795,23,1
1771695078.149329,188_4,188,tpc_lock,6.429115533828735,46561,24,1
1771695078.2430282,180_4,180,tpc_lock,5.963704586029053,46549,24,1
1771695078.2751846,186_4,186,tpc_lock,6.410686731338501,46561,24,1
1771695078.2935915,182_4,182,tpc_lock,5.995859384536743,46561,24,1
1771695078.300701,184_3,184,tpc_commit,7.958874464035034,28795,24,1
1771695080.4593472,185_3,185,tpc_lock,7.763098478317261,46561,24,1
1771695082.3445747,183_3,183,tpc_commit,13.80812168121338,28795,24,1
1771695082.3557503,189_3,189,das_work,3.0724306106567383,48258,24,1
1771695082.381593,185_3,185,tpc_lock,1.9222350120544436,46561,24,1
1771695082.510394,181_2,181,tpc_commit,13.940401554107666,28795,24,1
1771695082.6303644,187_3,187,das_work,10.397281646728516,48258,24,1
1771695082.669548,180_4,180,tpc_lock,4.426507234573364,46549,24,1
1771695082.7190924,182_4,182,tpc_lock,4.425488233566284,46561,24,1
1771695082.7440925,186_4,186,tpc_lock,4.468897581100464,46561,24,1
1771695082.8078425,184_3,184,tpc_commit,4.50713324546814,28795,24,1
1771695082.8181994,188_4,188,tpc_lock,4.668806076049805,46561,24,1
1771695090.2177706,184_4,184,tpc_lock,6.635360479354858,46561,25,1
1771695092.612437,181_3,181,tpc_lock,9.55830192565918,46561,25,1
1771695092.6209705,187_3,187,tpc_commit,9.990594863891602,28795,25,1
1771695092.6828628,183_4,183,tpc_lock,9.654795169830322,46561,25,1
1771695092.7082217,189_3,189,tpc_commit,10.35246229171753,28795,25,1
1771695094.2536757,188_4,188,das_work,9.768936395645142,48258,25,1
1771695094.435278,185_3,185,das_work,2.8917341232299805,48258,25,1
1771695094.530744,180_4,180,das_work,8.845457553863525,48258,25,1
1771695094.5640438,186_4,186,das_work,7.194846153259277,48258,25,1
1771695094.6924856,184_4,184,tpc_lock,4.474703788757324,46561,25,1
1771695094.769088,182_4,182,das_work,5.775938034057617,48258,25,1
1771695102.2801006,188_4,188,tpc_commit,8.026411771774292,28795,26,1
1771695102.29235,182_4,182,tpc_commit,7.523251056671143,28795,26,1
1771695102.3966312,180_4,180,tpc_commit,7.865875005722046,28783,26,1
1771695102.407138,186_4,186,tpc_commit,7.843081951141357,28795,26,1
1771695104.694108,185_3,185,tpc_commit,10.25881838798523,28795,26,1
1771695106.288042,181_3,181,tpc_lock,13.675593852996826,46561,26,1
1771695106.3467307,187_3,187,tpc_commit,13.725749015808104,28795,26,1
1771695106.5677311,183_4,183,tpc_lock,13.884857892990112,46561,26,1
1771695106.955263,184_4,184,das_work,9.631958723068236,48258,26,1
1771695107.0329998,189_3,189,tpc_commit,14.32474446296692,28795,26,1
1771695114.2181082,184_4,184,tpc_commit,7.262831926345825,28795,27,1
1771695116.549884,189_4,189,tpc_lock,8.804260015487671,46561,27,1
1771695116.5627408,187_4,187,tpc_lock,8.425476312637329,46561,27,1
1771695118.355121,180_4,180,tpc_commit,15.958477258682253,28783,27,1
1771695118.3621123,184_4,184,tpc_commit,4.14399266242981,28795,27,1
1771695118.3659143,187_4,187,tpc_lock,1.8031606674194336,46561,27,1
1771695118.37549,189_4,189,tpc_lock,1.8255939483642576,46561,27,1
1771695118.5117164,181_3,181,das_work,8.90359091758728,48258,27,1
1771695118.5739768,188_4,188,tpc_commit,16.29386281967163,28795,27,1
1771695118.7721891,186_4,186,tpc_commit,16.36504077911377,28795,27,1
1771695118.7880342,182_4,182,tpc_commit,16.49567174911499,28795,27,1
1771695118.7950735,183_4,183,das_work,10.205217599868774,48258,27,1
1771695119.016785,185_3,185,tpc_commit,14.322665691375732,28795,27,1
1771695128.7839923,185_4,185,tpc_lock,8.45409607887268,46561,28,1
1771695128.7984092,183_4,183,tpc_commit,10.003323554992676,28795,28,1
1771695128.8036408,181_3,181,tpc_commit,10.291909217834473,28795,28,1
1771695130.3345408,187_4,187,das_work,9.16038417816162,48258,28,1
1771695130.651369,189_4,189,das_work,3.52933669090271,48258,28,1
1771695140.5183506,189_4,189,tpc_commit,9.866970300674438,28795,29,1
1771695140.527017,187_4,187,tpc_commit,10.19246506690979,28795,29,1
1771695142.319449,181_3,181,tpc_commit,13.515794277191162,28795,29,1
1771695142.3587527,189_4,189,tpc_commit,1.8403561115264893,28795,29,1
1771695142.556209,183_4,183,tpc_commit,13.757786750793455,28795,29,1
1771695142.5865805,185_4,185,tpc_lock,13.802577257156372,46561,29,1
1771695142.7078094,187_4,187,tpc_commit,2.180781126022339,28795,29,1
1771695152.740085,181_4,181,tpc_lock,9.85391092300415,46561,30,1
1771695154.3422213,185_4,185,das_work,1.7623021602630615,48258,30,1
1771695154.5087905,181_4,181,tpc_lock,1.7686960697174072,46561,30,1
1771695164.6543126,185_4,185,tpc_commit,10.31207823753357,28795,31,1
1771695166.2617743,181_4,181,das_work,10.531572341918944,48258,31,1
1771695166.2938786,185_4,185,tpc_commit,1.6395530700683594,28795,31,1
1771695176.6197984,181_4,181,tpc_commit,10.358009338378906,28795,32,1
1771695178.2274969,181_4,181,tpc_commit,1.607685089111328,28795,32,1
1771694921.94777,190_0,190,tpc_lock,3.0144295692443848,46561,11,1
1771694921.9519396,192_0,192,tpc_lock,4.913832902908325,46561,11,1
1771694922.032267,198_0,198,tpc_lock,4.541271209716797,46561,11,1
1771694922.0442495,196_0,196,tpc_lock,10.522998094558716,46561,11,1
1771694924.2814617,197_0,197,tpc_lock,2.7529492378234863,46561,11,1
1771694924.304004,199_0,199,tpc_lock,10.87183952331543,46561,11,1
1771694924.3395455,195_0,195,tpc_lock,10.443768978118896,46561,11,1
1771694924.3630843,193_0,193,tpc_lock,2.6374411582946777,46561,11,1
1771694924.3765614,191_0,191,tpc_lock,6.011648654937744,46561,11,1
1771694926.0787222,197_0,197,tpc_lock,1.7972562313079834,46561,11,1
1771694926.1042645,195_0,195,tpc_lock,1.7647125720977783,46561,11,1
1771694926.125325,196_0,196,tpc_lock,4.081068754196167,46561,11,1
1771694926.1386623,198_0,198,tpc_lock,4.106390476226807,46561,11,1
1771694926.1832924,190_0,190,tpc_lock,4.235515594482422,46561,11,1
1771694926.192523,192_0,192,tpc_lock,4.240578889846802,46561,11,1
1771694926.195421,193_0,193,tpc_lock,1.832330703735352,46561,11,1
1771694926.1975129,199_0,199,tpc_lock,1.8935036659240725,46561,11,1
1771694926.2228377,191_0,191,tpc_lock,1.8462684154510496,46561,11,1
1771694933.9778388,194_0,194,tpc_lock,10.937556505203249,46561,12,1
1771694938.1103218,198_0,198,das_work,7.870542287826538,48258,12,1
1771694938.1126926,191_0,191,das_work,2.645202875137329,48258,12,1
1771694938.196774,190_0,190,das_work,10.447522401809692,48258,12,1
1771694938.2954528,197_0,197,das_work,8.570904970169067,48258,12,1
1771694938.3304932,195_0,195,das_work,3.15530014038086,48258,12,1
1771694938.3385768,196_0,196,das_work,3.691895246505737,48258,12,1
1771694938.3977747,193_0,193,das_work,6.024566650390625,48258,12,1
1771694938.4009826,192_0,192,das_work,2.6411943435668945,48258,12,1
1771694938.4514346,194_0,194,tpc_lock,4.473591089248657,46561,12,1
1771694938.4533892,199_0,199,das_work,10.49845576286316,48258,12,1
1771694946.2623944,196_0,196,tpc_commit,7.92380690574646,28795,13,1
1771694946.2669473,192_0,192,tpc_commit,7.865952253341675,28795,13,1
1771694946.2742116,190_0,190,tpc_commit,8.077427625656128,28795,13,1
1771694946.2878673,198_0,198,tpc_commit,8.17753267288208,28795,13,1
1771694948.3618824,193_0,193,tpc_commit,9.964096784591677,28795,13,1
1771694948.395415,197_0,197,tpc_commit,10.09995174407959,28795,13,1
1771694948.3979368,195_0,195,tpc_commit,10.067431449890137,28795,13,1
1771694948.4136837,199_0,199,tpc_commit,9.960283994674684,28795,13,1
1771694948.487721,191_0,191,tpc_commit,10.37501835823059,28795,13,1
1771694950.306768,191_0,191,tpc_commit,1.8190357685089111,28795,13,1
1771694950.3082025,190_0,190,tpc_commit,4.033978223800659,28795,13,1
1771694950.4783387,194_0,194,das_work,7.164430379867554,48258,13,1
1771694950.4934037,193_0,193,tpc_commit,2.1315085887908936,28795,13,1
1771694950.4960296,199_0,199,tpc_commit,2.082334518432617,28795,13,1
1771694950.5239563,196_0,196,tpc_commit,4.261550188064575,28795,13,1
1771694950.587324,195_0,195,tpc_commit,2.1893773078918457,28795,13,1
1771694950.6600251,197_0,197,tpc_commit,2.264599084854126,28795,13,1
1771694950.7353687,192_0,192,tpc_commit,4.46840763092041,28795,13,1
1771694950.784602,198_0,198,tpc_commit,4.496721267700195,28795,13,1
1771694958.1939948,192_1,192,tpc_lock,5.973838806152344,46561,14,1
1771694958.2296524,198_1,198,tpc_lock,5.699355602264404,46561,14,1
1771694958.25429,194_0,194,tpc_commit,7.775941371917725,28795,14,1
1771694958.3076634,190_1,190,tpc_lock,7.38077449798584,46561,14,1
1771694958.3765993,196_1,196,tpc_lock,5.945024490356445,46561,14,1
1771694960.4127762,193_1,193,tpc_lock,8.31801176071167,46561,14,1
1771694960.4268186,191_1,191,tpc_lock,8.50417184829712,46561,14,1
1771694960.4980109,195_1,195,tpc_lock,9.066617727279665,46561,14,1
1771694960.5116189,199_1,199,tpc_lock,8.254382371902466,46561,14,1
1771694960.5194163,197_1,197,tpc_lock,8.364655494689941,46561,14,1
1771694962.4595225,190_1,190,tpc_lock,4.151846408843994,46561,14,1
1771694962.4817154,191_1,191,tpc_lock,2.0548880100250244,46561,14,1
1771694962.4911282,194_0,194,tpc_commit,4.2368268966674805,28795,14,1
1771694962.6586423,198_1,198,tpc_lock,4.428978204727173,46561,14,1
1771694962.6791005,196_1,196,tpc_lock,4.302490711212158,46561,14,1
1771694962.8821084,193_1,193,tpc_lock,2.469321727752685,46561,14,1
1771694962.9106796,192_1,192,tpc_lock,4.716674327850342,46561,14,1
1771694970.4675298,194_1,194,tpc_lock,7.027859210968018,46561,15,1
1771694974.244635,195_1,195,tpc_lock,13.746614456176758,46561,15,1
1771694974.28137,196_1,196,das_work,4.514388561248779,48258,15,1
1771694974.3418505,198_1,198,das_work,2.979487895965576,48258,15,1
1771694974.3432398,197_1,197,tpc_lock,13.82381272315979,46561,15,1
1771694974.4038064,193_1,193,das_work,7.546380758285522,48258,15,1
1771694974.4207282,194_1,194,tpc_lock,3.953187704086304,46561,15,1
1771694974.6372178,199_1,199,tpc_lock,14.12558889389038,46561,15,1
1771694974.7315657,192_1,192,das_work,7.607497930526733,48258,15,1
1771694974.928718,190_1,190,das_work,8.785441875457764,48258,15,1
1771694974.9728725,191_1,191,das_work,8.928361654281616,48258,15,1
1771694982.4445276,192_1,192,tpc_commit,7.712952375411987,28795,16,1
1771694982.4505537,190_1,190,tpc_commit,7.521825075149536,28795,16,1
1771694982.476261,198_1,198,tpc_commit,8.134399652481079,28795,16,1
1771694982.6050837,196_1,196,tpc_commit,8.323703527450562,28795,16,1
1771694984.447111,191_1,191,tpc_commit,9.474227905273438,28795,16,1
1771694984.492803,193_1,193,tpc_commit,10.08898377418518,28795,16,1
1771694986.3707576,197_1,197,das_work,10.420552253723145,48258,16,1
1771694986.4209335,194_1,194,das_work,2.8192923069000244,48258,16,1
1771694986.4444242,198_1,198,tpc_commit,3.96815037727356,28795,16,1
1771694986.571818,196_1,196,tpc_commit,3.9667232036590576,28795,16,1
1771694986.774678,195_1,195,das_work,6.70782470703125,48258,16,1
1771694986.7957811,192_1,192,tpc_commit,4.35124135017395,28795,16,1
1771694986.8001776,199_1,199,das_work,4.4515886306762695,48258,16,1
1771694987.058955,190_1,190,tpc_commit,4.608389377593994,28795,16,1
1771694994.152937,198_2,198,tpc_lock,6.085515260696411,46561,17,1
1771694994.1569326,192_2,192,tpc_lock,5.520924091339111,46549,17,1
1771694994.169037,196_2,196,tpc_lock,6.786967515945435,46549,17,1
1771694994.279713,190_2,190,tpc_lock,5.329498291015625,46561,17,1
1771694994.313511,194_1,194,tpc_commit,7.892566680908203,28795,17,1
1771694996.4101827,197_1,197,tpc_commit,10.039414405822754,28795,17,1
1771694996.4273982,195_1,195,tpc_commit,9.6527099609375,28795,17,1
1771694996.431162,199_1,199,tpc_commit,9.630973815917969,28795,17,1
1771694998.291755,191_1,191,tpc_commit,13.844633340835571,28795,17,1
1771694998.4098887,196_2,196,tpc_lock,4.240843772888184,46549,17,1
1771694998.4688833,198_2,198,tpc_lock,4.315934658050537,46561,17,1
1771694998.4740198,192_2,192,tpc_lock,4.317016839981079,46549,17,1
1771694998.476517,194_1,194,tpc_commit,4.162993431091309,28795,17,1
1771694998.517423,193_1,193,tpc_commit,14.024607419967651,28795,17,1
1771694998.626411,190_2,190,tpc_lock,4.346687316894531,46561,17,1
1771695006.855507,194_2,194,tpc_lock,7.570982456207275,46561,18,1
1771695008.537794,193_2,193,tpc_lock,9.076374530792236,46561,18,1
1771695008.5887356,191_2,191,tpc_lock,8.361876726150513,46561,18,1
1771695010.2766218,197_1,197,tpc_commit,13.866430044174194,28795,18,1
1771695010.5740488,199_1,199,tpc_commit,14.142877340316772,28795,18,1
1771695010.604957,196_2,196,das_work,10.580005168914797,48258,18,1
1771695010.6732984,194_2,194,tpc_lock,3.8177809715271,46561,18,1
1771695010.768859,195_1,195,tpc_commit,14.34144687652588,28795,18,1
1771695010.815074,190_2,190,das_work,7.756574392318726,48258,18,1
1771695010.9045925,198_2,198,das_work,11.099435806274414,48258,18,1
1771695018.240815,196_2,196,tpc_commit,7.635844707489014,28783,19,1
1771695018.2500648,190_2,190,tpc_commit,7.434981346130371,28795,19,1
1771695018.3703537,198_2,198,tpc_commit,7.46574854850769,28795,19,1
1771695020.4357204,197_2,197,tpc_lock,8.484914779663086,46561,19,1
1771695020.4562025,195_2,195,tpc_lock,9.15286135673523,46537,19,1
1771695020.4625075,199_2,199,tpc_lock,9.286195039749146,46561,19,1
1771695022.2878404,191_2,191,tpc_lock,13.699094533920288,46561,19,1
1771695022.3211358,196_2,196,tpc_commit,4.080311298370361,28783,19,1
1771695022.3213072,193_2,193,tpc_lock,13.783506870269775,46561,19,1
1771695022.4273586,198_2,198,tpc_commit,4.05699348449707,28795,19,1
1771695022.5328913,192_2,192,das_work,14.463017463684082,48258,19,1
1771695022.7507982,194_2,194,das_work,7.293971538543701,48258,19,1
1771695022.8748257,195_2,195,tpc_lock,2.4186127185821533,46537,19,1
1771695022.953087,197_2,197,tpc_lock,2.5173540115356445,46561,19,1
1771695022.973118,190_2,190,tpc_commit,4.723042964935303,28795,19,1
1771695030.197789,190_3,190,tpc_lock,6.59655499458313,46561,20,1
1771695030.2117872,194_2,194,tpc_commit,7.460978984832764,28795,20,1
1771695030.2136734,196_3,196,tpc_lock,6.83091926574707,46561,20,1
1771695030.2821453,192_2,192,tpc_commit,7.74924111366272,28783,20,1
1771695030.3053572,198_3,198,tpc_lock,6.840527772903442,46561,20,1
1771695034.303759,193_2,193,das_work,4.764421463012695,48258,20,1
1771695034.4371202,192_2,192,tpc_commit,4.154964685440064,28783,20,1
1771695034.4415486,194_2,194,tpc_commit,4.229748487472534,28795,20,1
1771695034.6106458,198_3,198,tpc_lock,4.305278301239014,46561,20,1
1771695035.0955586,196_3,196,tpc_lock,4.881874322891235,46561,20,1
1771695035.2053025,197_2,197,das_work,4.720235586166382,48258,20,1
1771695035.2480338,199_2,199,tpc_lock,14.785519123077393,46561,20,1
1771695035.3410964,190_3,190,tpc_lock,5.143293857574463,46561,20,1
1771695035.8940024,191_2,191,das_work,6.584031581878662,48258,20,1
1771695042.1822877,192_3,192,tpc_lock,7.158614635467529,46549,21,1
1771695042.2183146,194_3,194,tpc_lock,5.926877021789551,46561,21,1
1771695044.5443358,191_2,191,tpc_commit,8.650323390960693,28795,21,1
1771695044.576351,193_2,193,tpc_commit,10.272583961486816,28795,21,1
1771695044.617251,197_2,197,tpc_commit,9.411937475204468,28795,21,1
1771695046.3892272,190_3,190,das_work,4.527344226837158,48258,21,1
1771695046.3931737,197_2,197,tpc_commit,1.7759084701538086,28795,21,1
1771695046.428511,193_2,193,tpc_commit,1.8521480560302732,28795,21,1
1771695046.495646,196_3,196,das_work,6.591037034988403,48258,21,1
1771695046.7138357,195_2,195,das_work,15.320990085601808,48258,21,1
1771695046.7342458,198_3,198,das_work,4.555862903594971,48258,21,1
1771695046.7431805,194_3,194,tpc_lock,4.524853944778442,46561,21,1
1771695047.0536814,192_3,192,tpc_lock,4.8713860511779785,46549,21,1
1771695047.0547807,199_2,199,das_work,6.136847734451294,48258,21,1
1771695054.321549,198_3,198,tpc_commit,7.587292194366455,28795,22,1
1771695054.3270998,196_3,196,tpc_commit,7.83144211769104,28795,22,1
1771695054.4334807,190_3,190,tpc_commit,8.04417085647583,28795,22,1
1771695056.48727,195_2,195,tpc_commit,9.773423194885254,28771,22,1
1771695056.5171356,193_3,193,tpc_lock,8.778326034545898,46561,22,1
1771695056.526052,197_3,197,tpc_lock,8.45552110671997,46561,22,1
1771695056.53911,199_2,199,tpc_commit,9.484318256378174,28795,22,1
1771695058.3015225,198_3,198,tpc_commit,3.9799630641937256,28795,22,1
1771695058.339205,191_2,191,tpc_commit,13.794857501983644,28795,22,1
1771695058.3705392,192_3,192,das_work,9.132158517837524,48258,22,1
1771695058.5362632,190_3,190,tpc_commit,4.1027703285217285,28795,22,1
1771695058.5575995,196_3,196,tpc_commit,4.230489253997803,28795,22,1
1771695058.7441409,194_3,194,das_work,6.678775310516357,48258,22,1
1771695066.423438,194_3,194,tpc_commit,7.679286241531372,28795,23,1
1771695066.5060155,198_4,198,tpc_lock,7.328429937362671,46561,23,1
1771695066.5191076,196_4,196,tpc_lock,7.120483875274658,46561,23,1
1771695066.5792985,190_4,190,tpc_lock,7.136005163192749,46561,23,1
1771695066.5990849,192_3,192,tpc_commit,8.22853422164917,28783,23,1
1771695068.619114,191_3,191,tpc_lock,9.37102198600769,46561,23,1
1771695070.2942874,190_4,190,tpc_lock,3.7149739265441895,46561,23,1
1771695070.4091823,193_3,193,tpc_lock,13.892035245895386,46561,23,1
1771695070.4735696,195_2,195,tpc_commit,13.986289262771606,28771,23,1
1771695070.4784927,199_2,199,tpc_commit,13.939372301101685,28795,23,1
1771695070.49215,194_3,194,tpc_commit,4.068700551986694,28795,23,1
1771695070.6954658,192_3,192,tpc_commit,4.096367120742798,28783,23,1
1771695070.763117,196_4,196,tpc_lock,4.243998765945435,46561,23,1
1771695070.9231231,198_4,198,tpc_lock,4.417093992233276,46561,23,1
1771695070.9267163,197_3,197,tpc_lock,14.400652647018433,46561,23,1
1771695078.2395754,194_4,194,tpc_lock,5.824761390686035,46561,24,1
1771695078.3034272,192_4,192,tpc_lock,5.951722145080566,46561,24,1
1771695080.4811342,199_3,199,tpc_lock,8.980661630630493,46561,24,1
1771695080.5091157,195_3,195,tpc_lock,9.265156030654907,46561,24,1
1771695082.3535938,190_4,190,das_work,7.602934122085571,48258,24,1
1771695082.4041362,196_4,196,das_work,9.992882251739502,48258,24,1
1771695082.427117,193_3,193,das_work,3.569570302963257,48258,24,1
1771695082.5106757,198_4,198,das_work,4.307123184204102,48258,24,1
1771695082.5117087,194_4,194,tpc_lock,4.27212381362915,46561,24,1
1771695082.5502975,192_4,192,tpc_lock,4.246857166290283,46561,24,1
1771695082.5523572,191_3,191,tpc_lock,13.933208465576172,46561,24,1
1771695082.6637816,195_3,195,tpc_lock,2.1546547412872314,46561,24,1
1771695082.8202803,199_3,199,tpc_lock,2.339134454727173,46561,24,1
1771695082.8370855,197_3,197,das_work,2.244201183319092,48258,24,1
1771695090.188504,196_4,196,tpc_commit,7.784356832504272,28795,25,1
1771695090.2714388,190_4,190,tpc_commit,7.917834758758545,28795,25,1
1771695090.2874243,198_4,198,tpc_commit,7.776740074157715,28795,25,1
1771695092.6108627,197_3,197,tpc_commit,9.773765325546265,28795,25,1
1771695092.6672082,193_3,193,tpc_commit,10.240079402923584,28795,25,1
1771695094.2613397,194_4,194,das_work,7.323230028152466,48258,25,1
1771695094.352377,199_3,199,das_work,8.761220693588257,48258,25,1
1771695094.408975,195_3,195,das_work,6.040517330169678,48258,25,1
1771695094.5091877,193_3,193,tpc_commit,1.8419673442840576,28795,25,1
1771695094.7123246,196_4,196,tpc_commit,4.5238096714019775,28795,25,1
1771695094.7404728,198_4,198,tpc_commit,4.453038930892944,28795,25,1
1771695094.817502,191_3,191,das_work,10.038311004638672,48258,25,1
1771695095.0019696,192_4,192,das_work,3.0557045936584477,48258,25,1
1771695095.0585625,190_4,190,tpc_commit,4.787113904953003,28795,25,1
1771695102.2072022,192_4,192,tpc_commit,7.205223083496094,28795,26,1
1771695102.3960502,194_4,194,tpc_commit,8.134698629379272,28795,26,1
1771695104.7501023,195_3,195,tpc_commit,10.341115951538086,28795,26,1
1771695104.7557533,199_3,199,tpc_commit,10.40336298942566,28795,26,1
1771695104.772054,191_3,191,tpc_commit,9.95453953742981,28795,26,1
1771695104.8569536,193_4,193,tpc_lock,9.567489385604858,46561,26,1
1771695106.9669435,197_3,197,tpc_commit,14.356069087982178,28795,26,1
1771695116.520925,197_4,197,tpc_lock,7.648728370666504,46561,27,1
1771695118.4519289,192_4,192,tpc_commit,16.24471688270569,28795,27,1
1771695118.459508,195_3,195,tpc_commit,13.709394693374634,28795,27,1
1771695118.4723442,191_3,191,tpc_commit,13.700275659561155,28795,27,1
1771695118.5070877,197_4,197,tpc_lock,1.9861500263214111,46561,27,1
1771695118.679178,193_4,193,tpc_lock,13.822211742401125,46561,27,1
1771695118.8016388,194_4,194,tpc_commit,16.405365228652954,28795,27,1
1771695119.1299007,199_3,199,tpc_commit,14.374134302139282,28795,27,1
1771695128.6381776,195_4,195,tpc_lock,9.468852758407593,46561,28,1
1771695128.6644678,191_4,191,tpc_lock,8.932483434677124,46561,28,1
1771695128.7593873,199_4,199,tpc_lock,7.911026954650879,46561,28,1
1771695130.4020326,193_4,193,das_work,7.620934009552002,48258,28,1
1771695130.7159133,197_4,197,das_work,6.234920740127564,48258,28,1
1771695140.5263116,193_4,193,tpc_commit,10.124263048171995,28795,29,1
1771695140.5304742,197_4,197,tpc_commit,9.814549446105955,28795,29,1
1771695142.3050992,191_4,191,tpc_lock,13.640619039535522,46561,29,1
1771695142.4155204,195_4,195,tpc_lock,13.777329444885254,46561,29,1
1771695142.455442,193_4,193,tpc_commit,1.9291198253631592,28795,29,1
1771695142.6931632,197_4,197,tpc_commit,2.162681102752685,28795,29,1
1771695142.7376614,199_4,199,tpc_lock,13.978261470794678,46561,29,1
1771695154.3035653,199_4,199,das_work,3.861392736434937,48258,30,1
1771695154.434095,195_4,195,das_work,6.4280219078063965,48258,30,1
1771695154.658327,191_4,191,das_work,6.00333571434021,48258,30,1
1771695164.528088,195_4,195,tpc_commit,10.093980550765991,28795,31,1
1771695164.6283543,191_4,191,tpc_commit,9.970017433166504,28795,31,1
1771695164.653791,199_4,199,tpc_commit,10.350213766098022,28795,31,1
1771695166.2695625,195_4,195,tpc_commit,1.741466045379639,28795,31,1
1771695166.2927418,191_4,191,tpc_commit,1.6643755435943604,28795,31,1
1771695166.4765313,199_4,199,tpc_commit,1.8227291107177732,28795,31,1
1771694885.9048514,10_0,10,tpc_lock,4.344985008239746,46537,8,1
1771694885.9869044,16_0,16,tpc_lock,9.999976634979248,46561,8,1
1771694885.9879615,18_0,18,tpc_lock,4.83092737197876,46561,8,1
1771694888.259479,17_0,17,tpc_lock,10.56482458114624,46561,8,1
1771694888.297119,11_0,11,tpc_lock,2.220393180847168,46561,8,1
1771694888.2977314,13_0,13,tpc_lock,4.609663486480713,46561,8,1
1771694888.2995684,19_0,19,tpc_lock,7.96910810470581,46549,8,1
1771694888.3010652,15_0,15,tpc_lock,5.000046968460083,46561,8,1
1771694889.9395115,11_0,11,tpc_lock,1.642384052276611,46561,8,1
1771694889.9416249,19_0,19,tpc_lock,1.6420493125915527,46549,8,1
1771694889.9561353,17_0,17,tpc_lock,1.6966516971588137,46561,8,1
1771694889.988817,16_0,16,tpc_lock,4.00190806388855,46561,8,1
1771694889.9891968,13_0,13,tpc_lock,1.6914546489715576,46561,8,1
1771694889.9897058,18_0,18,tpc_lock,4.001740455627441,46561,8,1
1771694889.9961505,15_0,15,tpc_lock,1.6950790882110596,46561,8,1
1771694889.9963143,10_0,10,tpc_lock,4.091454744338989,46537,8,1
1771694897.9468784,14_0,14,tpc_lock,10.995248079299929,46561,9,1
1771694897.9750807,12_0,12,tpc_lock,10.370749473571776,46561,9,1
1771694901.9899926,16_0,16,das_work,5.68311882019043,48258,9,1
1771694901.99135,15_0,15,das_work,7.513763904571533,48258,9,1
1771694902.013319,10_0,10,das_work,6.947310209274292,48258,9,1
1771694902.0267882,18_0,18,das_work,6.086633205413818,48258,9,1
1771694902.0307572,17_0,17,das_work,3.968820571899414,48258,9,1
1771694902.0390484,11_0,11,das_work,7.198037147521973,48258,9,1
1771694902.0481684,14_0,14,tpc_lock,4.101283311843872,46561,9,1
1771694902.050315,12_0,12,tpc_lock,4.075208425521851,46561,9,1
1771694902.0506802,13_0,13,das_work,8.469055652618408,48258,9,1
1771694902.0548067,19_0,19,das_work,10.53494358062744,48258,9,1
1771694909.9163609,18_0,18,tpc_commit,7.889562129974365,28795,10,1
1771694910.0159438,16_0,16,tpc_commit,8.025938987731934,28795,10,1
1771694910.0178676,10_0,10,tpc_commit,8.004535913467407,28771,10,1
1771694912.2687726,19_0,19,tpc_commit,10.21395230293274,28783,10,1
1771694912.2772214,11_0,11,tpc_commit,10.238160848617554,28795,10,1
1771694912.280157,15_0,15,tpc_commit,10.28879690170288,28795,10,1
1771694912.304952,13_0,13,tpc_commit,10.254260301589966,28795,10,1
1771694912.312466,17_0,17,tpc_commit,10.281698226928713,28795,10,1
1771694914.0280907,14_0,14,das_work,2.6695055961608887,48258,10,1
1771694914.029424,11_0,11,tpc_commit,1.7521910667419434,28795,10,1
1771694914.0297604,10_0,10,tpc_commit,4.011882543563843,28771,10,1
1771694914.040794,17_0,17,tpc_commit,1.728316068649292,28795,10,1
1771694914.0411737,13_0,13,tpc_commit,1.7362103462219238,28795,10,1
1771694914.0996082,12_0,12,das_work,8.047276020050049,48258,10,1
1771694914.1144753,16_0,16,tpc_commit,4.09852147102356,28795,10,1
1771694914.1316895,15_0,15,tpc_commit,1.8515207767486568,28795,10,1
1771694914.1412022,18_0,18,tpc_commit,4.224832773208618,28795,10,1
1771694914.1426406,19_0,19,tpc_commit,1.873854637145996,28783,10,1
1771694921.9489565,10_1,10,tpc_lock,7.14379096031189,46561,11,1
1771694921.951207,18_1,18,tpc_lock,7.059351205825806,46561,11,1
1771694921.9553633,12_0,12,tpc_commit,7.85574460029602,28795,11,1
1771694921.964747,14_0,14,tpc_commit,7.936643362045288,28795,11,1
1771694921.9831831,16_1,16,tpc_lock,6.459840536117554,46561,11,1
1771694924.2850876,19_1,19,tpc_lock,9.456204175949097,46561,11,1
1771694924.2894125,17_1,17,tpc_lock,8.547197341918945,46561,11,1
1771694924.2937117,13_1,13,tpc_lock,8.490452766418457,46561,11,1
1771694924.306013,15_1,15,tpc_lock,8.80591082572937,46561,11,1
1771694924.3448644,11_1,11,tpc_lock,9.623075723648071,46561,11,1
1771694926.0823116,17_1,17,tpc_lock,1.7928900718688965,46561,11,1
1771694926.0837226,12_0,12,tpc_commit,4.128349781036377,28795,11,1
1771694926.0869873,13_1,13,tpc_lock,1.793264389038086,46561,11,1
1771694926.094937,18_1,18,tpc_lock,4.1437201499938965,46561,11,1
1771694926.0961978,15_1,15,tpc_lock,1.7901771068572998,46561,11,1
1771694926.1322072,11_1,11,tpc_lock,1.7873334884643557,46561,11,1
1771694926.149317,10_1,10,tpc_lock,4.200351238250732,46561,11,1
1771694926.1593194,14_0,14,tpc_commit,4.194562673568726,28795,11,1
1771694926.1692505,16_1,16,tpc_lock,4.186057090759277,46561,11,1
1771694926.2337527,19_1,19,tpc_lock,1.9486515522003172,46561,11,1
1771694933.9642112,12_1,12,tpc_lock,7.063388586044312,46549,12,1
1771694934.0100436,14_1,14,tpc_lock,6.2552337646484375,46561,12,1
1771694938.1121268,12_1,12,tpc_lock,4.147905826568604,46549,12,1
1771694938.1250362,19_1,19,das_work,10.269553422927856,48258,12,1
1771694938.1653082,17_1,17,das_work,8.059974431991577,48258,12,1
1771694938.19646,16_1,16,das_work,6.441090106964111,48258,12,1
1771694938.245876,14_1,14,tpc_lock,4.2358222007751465,46561,12,1
1771694938.2571356,13_1,13,das_work,3.7142891883850098,48258,12,1
1771694938.3020654,18_1,18,das_work,4.53914737701416,48258,12,1
1771694938.3442764,11_1,11,das_work,6.636880874633789,48258,12,1
1771694938.3587792,10_1,10,das_work,9.870193719863892,48258,12,1
1771694938.3791974,15_1,15,das_work,3.139343738555908,48258,12,1
1771694946.1878526,10_1,10,tpc_commit,7.829058647155762,28795,13,1
1771694946.2882123,18_1,18,tpc_commit,7.98613429069519,28795,13,1
1771694946.3161082,16_1,16,tpc_commit,8.119637489318848,28795,13,1
1771694948.3594103,17_1,17,tpc_commit,10.194090366363524,28795,13,1
1771694948.4055696,11_1,11,tpc_commit,10.061282634735107,28795,13,1
1771694948.446032,13_1,13,tpc_commit,10.188884019851685,28795,13,1
1771694948.49507,19_1,19,tpc_commit,10.370023488998411,28795,13,1
1771694948.5007658,15_1,15,tpc_commit,10.121557235717772,28795,13,1
1771694950.2973375,14_1,14,das_work,10.29727268218994,48258,13,1
1771694950.2989528,15_1,15,tpc_commit,1.798172950744629,28795,13,1
1771694950.422647,17_1,17,tpc_commit,2.0632216930389404,28795,13,1
1771694950.445474,11_1,11,tpc_commit,2.039848566055298,28795,13,1
1771694950.455464,19_1,19,tpc_commit,1.9603819847106931,28795,13,1
1771694950.693115,13_1,13,tpc_commit,2.247070074081421,28795,13,1
1771694950.7121522,10_1,10,tpc_commit,4.524287939071655,28795,13,1
1771694950.7217643,12_1,12,das_work,4.545463562011719,48258,13,1
1771694950.7511857,16_1,16,tpc_commit,4.435060501098633,28795,13,1
1771694950.8115008,18_1,18,tpc_commit,4.52327823638916,28795,13,1
1771694958.2315617,14_1,14,tpc_commit,7.934212923049927,28795,14,1
1771694958.273559,12_1,12,tpc_commit,7.551783800125122,28783,14,1
1771694958.3364077,16_2,16,tpc_lock,6.346390247344971,46561,14,1
1771694958.3483586,18_2,18,tpc_lock,6.96880030632019,46561,14,1
1771694958.3811295,10_2,10,tpc_lock,6.919849872589111,46549,14,1
1771694960.466463,11_2,11,tpc_lock,8.747070789337158,46561,14,1
1771694960.4687862,13_2,13,tpc_lock,9.156513929367064,46561,14,1
1771694960.4736936,17_2,17,tpc_lock,8.883153676986694,46549,14,1
1771694960.4781528,19_2,19,tpc_lock,8.208491563796997,46561,14,1
1771694960.5347838,15_2,15,tpc_lock,9.078190326690674,46561,14,1
1771694962.2127306,10_2,10,tpc_lock,3.831588983535767,46549,14,1
1771694962.2759895,14_1,14,tpc_commit,4.0444176197052,28795,14,1
1771694962.406151,12_1,12,tpc_commit,4.132581472396851,28783,14,1
1771694962.518473,13_2,13,tpc_lock,2.049675703048706,46561,14,1
1771694962.7034822,18_2,18,tpc_lock,4.355112314224243,46561,14,1
1771694962.77953,16_2,16,tpc_lock,4.4431116580963135,46561,14,1
1771694962.8418956,15_2,15,tpc_lock,2.307100772857666,46561,14,1
1771694970.3179889,14_2,14,tpc_lock,6.765151739120483,46561,15,1
1771694970.4533837,12_2,12,tpc_lock,6.803191423416138,46561,15,1
1771694974.2470982,16_2,16,das_work,7.66319727897644,48258,15,1
1771694974.2570162,18_2,18,das_work,3.073025941848755,48258,15,1
1771694974.2649214,19_2,19,tpc_lock,13.786724328994753,46561,15,1
1771694974.3287702,12_2,12,tpc_lock,3.875375032424927,46561,15,1
1771694974.432539,14_2,14,tpc_lock,4.114537239074707,46561,15,1
1771694974.444898,13_2,13,das_work,7.252066850662231,48258,15,1
1771694974.5011308,17_2,17,tpc_lock,14.02742624282837,46549,15,1
1771694974.591101,10_2,10,das_work,11.223275423049929,48258,15,1
1771694974.6550727,11_2,11,tpc_lock,14.188601016998293,46561,15,1
1771694974.80315,15_2,15,das_work,9.452593803405762,48258,15,1
1771694982.3524954,18_2,18,tpc_commit,8.09546685218811,28795,16,1
1771694982.521158,16_2,16,tpc_commit,8.274052143096924,28795,16,1
1771694982.5244176,10_2,10,tpc_commit,7.933305978775024,28783,16,1
1771694984.4178336,15_2,15,tpc_commit,9.6146719455719,28795,16,1
1771694984.4885807,13_2,13,tpc_commit,10.043667078018188,28795,16,1
1771694986.3393528,16_2,16,tpc_commit,3.8181848526000977,28795,16,1
1771694986.3505845,17_2,17,das_work,5.272362232208252,48258,16,1
1771694986.4316657,18_2,18,tpc_commit,4.079158306121826,28795,16,1
1771694986.616276,14_2,14,das_work,9.0978045463562,48258,16,1
1771694986.8258388,12_2,12,das_work,7.961852073669434,48258,16,1
1771694986.9206383,11_2,11,das_work,3.713839530944824,48258,16,1
1771694986.9512732,10_2,10,tpc_commit,4.426843643188477,28783,16,1
1771694994.1531465,18_3,18,tpc_lock,7.072949409484863,46561,17,1
1771694994.166999,12_2,12,tpc_commit,7.341147899627685,28795,17,1
1771694994.2522132,10_3,10,tpc_lock,6.181534290313721,46549,17,1
1771694994.2583969,14_2,14,tpc_commit,7.642107725143433,28795,17,1
1771694994.2842588,16_3,16,tpc_lock,6.985192537307739,46561,17,1
1771694996.3823967,11_2,11,tpc_commit,9.461747169494627,28795,17,1
1771694996.4261312,17_2,17,tpc_commit,10.075537204742432,28783,17,1
1771694998.2730238,14_2,14,tpc_commit,4.014612674713135,28795,17,1
1771694998.3184242,15_2,15,tpc_commit,13.900580406188965,28795,17,1
1771694998.3508675,11_2,11,tpc_commit,1.9684624671936035,28795,17,1
1771694998.3732471,12_2,12,tpc_commit,4.206237316131592,28795,17,1
1771694998.3826025,13_2,13,tpc_commit,13.893977165222168,28795,17,1
1771694998.3995707,16_3,16,tpc_lock,4.115298509597778,46561,17,1
1771694998.4259334,17_2,17,tpc_commit,1.9997899532318115,28783,17,1
1771694998.5599513,19_2,19,das_work,14.38593316078186,48258,17,1
1771694998.6011014,18_3,18,tpc_lock,4.447943210601807,46561,17,1
1771694998.7871158,10_3,10,tpc_lock,4.534891843795776,46549,17,1
1771695006.7622216,12_3,12,tpc_lock,7.346261739730835,46561,18,1
1771695006.8904972,14_3,14,tpc_lock,7.922232151031494,46561,18,1
1771695008.5290935,19_2,19,tpc_commit,9.969130992889404,28795,18,1
1771695008.5472147,17_3,17,tpc_lock,9.53489065170288,46561,18,1
1771695008.552645,11_3,11,tpc_lock,8.353545904159546,46561,18,1
1771695008.5771234,15_3,15,tpc_lock,8.761092185974121,46561,18,1
1771695008.5844293,13_3,13,tpc_lock,9.190958261489868,46561,18,1
1771695010.2061598,10_3,10,das_work,5.03688383102417,48258,18,1
1771695010.2556572,16_3,16,das_work,9.639596223831177,48258,18,1
1771695010.6073446,12_3,12,tpc_lock,3.845110893249512,46561,18,1
1771695010.8853438,18_3,18,das_work,8.3526930809021,48258,18,1
1771695010.8898466,14_3,14,tpc_lock,3.9993417263031006,46561,18,1
1771695018.25247,18_3,18,tpc_commit,7.367116689682007,28795,19,1
1771695018.4433715,10_3,10,tpc_commit,8.23714542388916,28783,19,1
1771695018.4484262,16_3,16,tpc_commit,8.192755937576294,28795,19,1
1771695022.294263,13_3,13,tpc_lock,13.709818840026855,46561,19,1
1771695022.3212392,12_3,12,das_work,5.685590982437134,48258,19,1
1771695022.3466835,19_2,19,tpc_commit,13.81757926940918,28795,19,1
1771695022.490491,18_3,18,tpc_commit,4.238010883331299,28795,19,1
1771695022.6266809,14_3,14,das_work,6.264091730117798,48258,19,1
1771695022.7408338,17_3,17,tpc_lock,14.193608045578005,46561,19,1
1771695023.0253873,15_3,15,tpc_lock,14.448250770568848,46561,19,1
1771695023.063316,11_3,11,tpc_lock,14.510658979415894,46561,19,1
1771695023.0851383,16_3,16,tpc_commit,4.636701822280884,28795,19,1
1771695023.2047095,10_3,10,tpc_commit,4.761326789855957,28783,19,1
1771695030.2358897,14_3,14,tpc_commit,7.609194755554199,28795,20,1
1771695030.325635,18_4,18,tpc_lock,6.331800222396851,46561,20,1
1771695030.3291104,12_3,12,tpc_commit,8.007859468460083,28795,20,1
1771695030.4015195,10_4,10,tpc_lock,5.651409387588501,46561,20,1
1771695030.4521313,16_4,16,tpc_lock,6.478274583816528,46561,20,1
1771695032.820779,19_3,19,tpc_lock,8.768388986587524,46561,20,1
1771695034.2092173,11_3,11,das_work,7.9454591274261475,48258,20,1
1771695034.892245,17_3,17,das_work,7.725053548812866,48258,20,1
1771695035.1609623,13_3,13,das_work,4.914288282394409,48258,20,1
1771695035.3851326,19_3,19,tpc_lock,2.564272165298462,0,-1,0
1771695036.1197965,16_4,16,tpc_lock,5.667651414871216,46561,20,1
1771695044.528183,19_4,19,tpc_lock,9.143027782440186,46561,21,1
1771695044.553557,17_3,17,tpc_commit,9.661299705505373,28795,21,1
1771695044.5642424,13_3,13,tpc_commit,9.403268575668337,28795,21,1
1771695044.5828187,11_3,11,tpc_commit,10.373587369918823,28795,21,1
1771695046.3360088,12_3,12,tpc_commit,16.006887435913086,28795,21,1
1771695046.3993528,18_4,18,tpc_lock,16.073707103729248,46561,21,1
1771695046.414985,16_4,16,das_work,4.673401832580566,48258,21,1
1771695046.4275763,14_3,14,tpc_commit,16.191676139831543,28795,21,1
1771695046.670789,13_3,13,tpc_commit,2.106532573699951,28795,21,1
1771695046.817523,15_3,15,das_work,15.167844772338867,48258,21,1
1771695046.8833797,10_4,10,tpc_lock,16.481847047805786,46561,21,1
1771695047.0540342,19_4,19,tpc_lock,2.5258419513702397,46561,21,1
1771695047.0734072,17_3,17,tpc_commit,2.519838571548462,28795,21,1
1771695054.3219037,16_4,16,tpc_commit,7.906903505325317,28795,22,1
1771695054.3345492,14_4,14,tpc_lock,6.025133371353149,46561,22,1
1771695054.4160657,12_4,12,tpc_lock,6.206946611404419,46561,22,1
1771695056.5082057,15_3,15,tpc_commit,9.69067120552063,28795,22,1
1771695056.5717657,17_4,17,tpc_lock,8.009315252304077,46561,22,1
1771695056.588336,13_4,13,tpc_lock,9.09841799736023,46561,22,1
1771695058.2851276,18_4,18,das_work,8.525601625442505,48258,22,1
1771695058.3463955,16_4,16,tpc_commit,4.024479866027832,28795,22,1
1771695058.4580913,12_4,12,tpc_lock,4.042014598846436,46561,22,1
1771695058.602175,14_4,14,tpc_lock,4.267614126205444,46561,22,1
1771695058.6037714,11_3,11,tpc_commit,14.020941734313965,28795,22,1
1771695058.69073,10_4,10,das_work,6.478359699249268,48258,22,1
1771695058.7212403,19_4,19,das_work,10.568484544754028,48258,22,1
1771695066.417411,10_4,10,tpc_commit,7.7266716957092285,28795,23,1
1771695066.626954,18_4,18,tpc_commit,8.341814041137695,28795,23,1
1771695068.6079075,19_4,19,tpc_commit,9.886656522750854,28795,23,1
1771695068.6220946,11_4,11,tpc_lock,8.218583822250366,46561,23,1
1771695070.3260078,14_4,14,das_work,3.0531797409057617,48258,23,1
1771695070.338801,17_4,17,tpc_lock,13.767023801803589,46561,23,1
1771695070.429998,19_4,19,tpc_commit,1.8220772743225095,28795,23,1
1771695070.526001,10_4,10,tpc_commit,4.108577728271484,28795,23,1
1771695070.5467703,18_4,18,tpc_commit,3.9198055267333984,28795,23,1
1771695070.7308102,15_3,15,tpc_commit,14.222594499588013,28795,23,1
1771695070.803009,12_4,12,das_work,11.054333686828612,48258,23,1
1771695070.9330409,13_4,13,tpc_lock,14.344693899154665,46561,23,1
1771695078.1660223,12_4,12,tpc_commit,7.363000631332397,28795,24,1
1771695078.2439754,14_4,14,tpc_commit,7.917954921722412,28795,24,1
1771695080.4383545,15_4,15,tpc_lock,8.29753041267395,46561,24,1
1771695082.3209004,17_4,17,das_work,2.6294949054718018,48258,24,1
1771695082.4555426,15_4,15,tpc_lock,2.0171761512756348,46561,24,1
1771695082.4614146,12_4,12,tpc_commit,4.29538106918335,28795,24,1
1771695082.4663825,14_4,14,tpc_commit,4.222343921661377,28795,24,1
1771695082.5257196,13_4,13,das_work,6.20299506187439,48258,24,1
1771695082.8176231,11_4,11,tpc_lock,14.19551420211792,46561,24,1
1771695092.6061568,13_4,13,tpc_commit,10.08042860031128,28795,25,1
1771695092.6548052,17_4,17,tpc_commit,10.333892345428469,28795,25,1
1771695094.8252556,11_4,11,das_work,7.383476972579956,48258,25,1
1771695104.7090113,11_4,11,tpc_commit,9.883746147155762,28795,26,1
1771695106.26169,17_4,17,tpc_commit,13.60687494277954,28795,26,1
1771695107.02734,13_4,13,tpc_commit,14.421171426773071,28795,26,1
1771695107.1292365,15_4,15,das_work,14.73406434059143,48258,26,1
1771695116.5130413,15_4,15,tpc_commit,9.383793115615845,28795,27,1
1771695118.58771,15_4,15,tpc_commit,2.074657440185547,28795,27,1
1771695118.8518517,11_4,11,tpc_commit,14.142829418182371,28795,27,1
1771694921.9740095,202_0,202,tpc_lock,4.219221830368042,46561,11,1
1771694921.978831,200_0,200,tpc_lock,10.35444450378418,46561,11,1
1771694921.9977992,204_0,204,tpc_lock,2.4878292083740234,46561,11,1
1771694922.0047345,206_0,206,tpc_lock,9.630782842636108,46537,11,1
1771694922.0398364,208_0,208,tpc_lock,1.5535883903503418,46561,11,1
1771694924.283645,209_0,209,tpc_lock,0.6336448192596436,46561,11,1
1771694924.2856736,203_0,203,tpc_lock,4.867935657501221,46561,11,1
1771694924.2940698,207_0,207,tpc_lock,2.996291399002075,46561,11,1
1771694924.3832192,201_0,201,tpc_lock,4.845616817474365,46561,11,1
1771694924.3991532,205_0,205,tpc_lock,2.846973180770874,46561,11,1
1771694926.0744555,204_0,204,tpc_lock,4.076651334762573,46561,11,1
1771694926.0754104,205_0,205,tpc_lock,1.676250457763672,46561,11,1
1771694926.0907376,208_0,208,tpc_lock,4.05089545249939,46561,11,1
1771694926.1087823,206_0,206,tpc_lock,4.104043006896973,46537,11,1
1771694926.141408,207_0,207,tpc_lock,1.8473331928253172,46561,11,1
1771694926.1552572,200_0,200,tpc_lock,4.17642068862915,46561,11,1
1771694926.1576495,203_0,203,tpc_lock,1.871969223022461,46561,11,1
1771694926.1901317,201_0,201,tpc_lock,1.8069071769714355,46561,11,1
1771694926.2218397,209_0,209,tpc_lock,1.9381897449493408,46561,11,1
1771694926.2395084,202_0,202,tpc_lock,4.26549220085144,46561,11,1
1771694938.124594,200_0,200,das_work,10.76520013809204,48258,12,1
1771694938.1564355,205_0,205,das_work,7.940151214599609,48258,12,1
1771694938.162928,202_0,202,das_work,9.697412252426147,48258,12,1
1771694938.1660798,209_0,209,das_work,5.480369091033936,48258,12,1
1771694938.2174687,208_0,208,das_work,10.480783939361572,48258,12,1
1771694938.226098,207_0,207,das_work,4.668009042739868,48258,12,1
1771694938.2484405,206_0,206,das_work,6.800050497055054,48258,12,1
1771694938.3732877,203_0,203,das_work,6.329464435577393,48258,12,1
1771694938.4152246,201_0,201,das_work,10.877405166625977,48258,12,1
1771694938.4263327,204_0,204,das_work,4.276935815811157,48258,12,1
1771694946.1609538,208_0,208,tpc_commit,7.943474292755127,28795,13,1
1771694946.250113,206_0,206,tpc_commit,8.0016610622406,28771,13,1
1771694946.277832,200_0,200,tpc_commit,8.15322732925415,28795,13,1
1771694946.2939458,202_0,202,tpc_commit,8.131006240844727,28795,13,1
1771694946.3007965,204_0,204,tpc_commit,7.874452114105225,28795,13,1
1771694948.4129615,207_0,207,tpc_commit,10.186852931976318,28795,13,1
1771694948.46537,201_0,201,tpc_commit,10.050135612487791,28795,13,1
1771694948.495962,203_0,203,tpc_commit,10.122662782669067,28795,13,1
1771694948.505444,205_0,205,tpc_commit,10.348997592926024,28795,13,1
1771694948.524446,209_0,209,tpc_commit,10.358355283737184,28795,13,1
1771694950.3129506,208_0,208,tpc_commit,4.151983737945557,28795,13,1
1771694950.375227,209_0,209,tpc_commit,1.8507704734802248,28795,13,1
1771694950.4043255,206_0,206,tpc_commit,4.154202938079834,28771,13,1
1771694950.4061391,204_0,204,tpc_commit,4.105331182479858,28795,13,1
1771694950.4402604,201_0,201,tpc_commit,1.9748761653900144,28795,13,1
1771694950.4751365,203_0,203,tpc_commit,1.979164123535156,28795,13,1
1771694950.663598,205_0,205,tpc_commit,2.1581387519836426,28795,13,1
1771694950.688584,207_0,207,tpc_commit,2.275611639022827,28795,13,1
1771694950.769703,200_0,200,tpc_commit,4.491859674453735,28795,13,1
1771694950.8563073,202_0,202,tpc_commit,4.562349557876587,28795,13,1
1771694958.193216,200_1,200,tpc_lock,6.644974231719971,46561,14,1
1771694958.2569137,204_1,204,tpc_lock,6.112243890762329,46549,14,1
1771694958.2769153,206_1,206,tpc_lock,6.025613069534302,46561,14,1
1771694958.2980323,208_1,208,tpc_lock,7.232677221298218,46561,14,1
1771694958.3088574,202_1,202,tpc_lock,6.095752716064453,46561,14,1
1771694960.4396334,207_1,207,tpc_lock,8.551663637161255,46561,14,1
1771694960.4440606,203_1,203,tpc_lock,8.535429000854492,46561,14,1
1771694960.4487867,201_1,201,tpc_lock,8.314484596252441,46561,14,1
1771694960.51842,209_1,209,tpc_lock,8.77650499343872,46561,14,1
1771694960.539753,205_1,205,tpc_lock,9.22448468208313,46561,14,1
1771694962.1887171,201_1,201,tpc_lock,1.7399206161499023,46561,14,1
1771694962.3111026,203_1,203,tpc_lock,1.8670337200164795,46561,14,1
1771694962.479003,206_1,206,tpc_lock,4.202076196670532,46561,14,1
1771694962.501043,208_1,208,tpc_lock,4.203000545501709,46561,14,1
1771694962.6446884,202_1,202,tpc_lock,4.335819482803345,46561,14,1
1771694962.6503155,200_1,200,tpc_lock,4.457064390182495,46561,14,1
1771694962.7559178,204_1,204,tpc_lock,4.498993873596191,46549,14,1
1771694962.7615356,209_1,209,tpc_lock,2.243102550506592,46561,14,1
1771694974.2268748,207_1,207,tpc_lock,13.787231922149658,46561,15,1
1771694974.227957,202_1,202,das_work,4.943456411361694,48258,15,1
1771694974.314741,204_1,204,das_work,3.785770893096924,48258,15,1
1771694974.4605696,201_1,201,das_work,11.088354110717772,48258,15,1
1771694974.5147295,209_1,209,das_work,5.423798561096191,48258,15,1
1771694974.5185652,203_1,203,das_work,3.699333906173706,48258,15,1
1771694974.6833413,205_1,205,tpc_lock,14.14357852935791,46561,15,1
1771694974.9329264,206_1,206,das_work,5.849459886550903,48258,15,1
1771694974.9583597,200_1,200,das_work,6.512685775756836,48258,15,1
1771694982.342902,202_1,202,tpc_commit,8.114933252334595,28795,16,1
1771694982.452814,206_1,206,tpc_commit,7.519876718521118,28795,16,1
1771694982.4875696,204_1,204,tpc_commit,8.17281723022461,28783,16,1
1771694982.530239,200_1,200,tpc_commit,7.571866989135742,28795,16,1
1771694984.4254236,209_1,209,tpc_commit,9.910682916641235,28795,16,1
1771694984.4509718,201_1,201,tpc_commit,9.990390062332152,28795,16,1
1771694984.474368,203_1,203,tpc_commit,9.955790042877195,28795,16,1
1771694986.2453303,206_1,206,tpc_commit,3.792504787445069,28795,16,1
1771694986.260264,204_1,204,tpc_commit,3.772684097290039,28783,16,1
1771694986.3119628,207_1,207,das_work,4.623573541641235,48258,16,1
1771694986.3247793,205_1,205,das_work,3.745701789855957,48258,16,1
1771694986.3566427,208_1,208,das_work,14.69733214378357,48258,16,1
1771694986.3684626,202_1,202,tpc_commit,4.025548458099365,28795,16,1
1771694986.5090847,200_1,200,tpc_commit,3.978835821151733,28795,16,1
1771694994.2070763,200_2,200,tpc_lock,6.021866321563721,46549,17,1
1771694994.2090266,206_2,206,tpc_lock,6.413144826889038,46561,17,1
1771694994.2170804,208_1,208,tpc_commit,7.860425710678101,28795,17,1
1771694994.2766156,202_2,202,tpc_lock,6.9981889724731445,46561,17,1
1771694994.3096066,204_2,204,tpc_lock,7.484033584594727,46561,17,1
1771694996.3704364,205_1,205,tpc_commit,10.045647144317629,28795,17,1
1771694996.402215,207_1,207,tpc_commit,10.090241193771362,28795,17,1
1771694998.3340845,207_1,207,tpc_commit,1.931861400604248,28795,17,1
1771694998.3485315,206_2,206,tpc_lock,4.139492034912109,46561,17,1
1771694998.380526,209_1,209,tpc_commit,13.95509123802185,28795,17,1
1771694998.4426634,202_2,202,tpc_lock,4.166036367416382,46561,17,1
1771694998.4446204,200_2,200,tpc_lock,4.237532615661621,46549,17,1
1771694998.4791129,201_1,201,tpc_commit,14.028130292892456,28795,17,1
1771694998.5374846,203_1,203,tpc_commit,14.063104391098022,28795,17,1
1771694998.6735015,204_2,204,tpc_lock,4.36388373374939,46561,17,1
1771694998.748494,205_1,205,tpc_commit,2.3780479431152344,28795,17,1
1771694998.783985,208_1,208,tpc_commit,4.566894769668579,28795,17,1
1771695006.961196,208_2,208,tpc_lock,6.86499810218811,46561,18,1
1771695008.5165017,207_2,207,tpc_lock,9.452619075775146,46561,18,1
1771695008.518975,205_2,205,tpc_lock,7.829305410385132,46561,18,1
1771695008.5479815,203_2,203,tpc_lock,8.663987159729004,46549,18,1
1771695008.6004877,209_2,209,tpc_lock,8.399726390838623,46561,18,1
1771695008.6044097,201_2,201,tpc_lock,8.921088695526123,46561,18,1
1771695010.2667089,200_2,200,das_work,4.599835157394409,48258,18,1
1771695010.348338,202_2,202,das_work,6.892611026763916,48258,18,1
1771695010.4362798,204_2,204,das_work,9.315476894378662,48258,18,1
1771695010.826103,208_2,208,tpc_lock,3.864895820617676,46561,18,1
1771695010.866488,206_2,206,das_work,8.70801591873169,48258,18,1
1771695018.3099585,206_2,206,tpc_commit,7.443459510803223,28795,19,1
1771695018.4021862,204_2,204,tpc_commit,7.965894937515259,28795,19,1
1771695018.4387114,200_2,200,tpc_commit,8.171990871429443,28783,19,1
1771695018.5715349,202_2,202,tpc_commit,8.223185300827026,28795,19,1
1771695022.289349,201_2,201,tpc_lock,13.6849102973938,46561,19,1
1771695022.3366914,207_2,207,tpc_lock,13.82017707824707,46561,19,1
1771695022.3467891,205_2,205,tpc_lock,13.827802181243896,46561,19,1
1771695022.4138422,209_2,209,tpc_lock,13.81334400177002,46561,19,1
1771695022.4354472,203_2,203,tpc_lock,13.887454509735107,46549,19,1
1771695022.6413877,202_2,202,tpc_commit,4.069842100143433,28795,19,1
1771695022.6873918,204_2,204,tpc_commit,4.285194873809815,28795,19,1
1771695022.869859,200_2,200,tpc_commit,4.4311363697052,28783,19,1
1771695023.0645957,206_2,206,tpc_commit,4.754625558853149,28795,19,1
1771695023.0670657,208_2,208,das_work,10.428730487823486,48258,19,1
1771695030.1971457,206_3,206,tpc_lock,5.307452917098999,46561,20,1
1771695030.200061,202_3,202,tpc_lock,5.605721712112427,46561,20,1
1771695030.2031844,200_3,200,tpc_lock,5.988349199295044,46561,20,1
1771695030.3029234,208_2,208,tpc_commit,7.23584508895874,28795,20,1
1771695030.351826,204_3,204,tpc_lock,6.719456911087036,46561,20,1
1771695034.2310925,203_2,203,das_work,7.890856504440308,48258,20,1
1771695034.247344,200_3,200,tpc_lock,4.044147729873657,46561,20,1
1771695034.4243069,206_3,206,tpc_lock,4.227151870727539,46561,20,1
1771695034.5133135,209_2,209,das_work,6.108489513397217,48258,20,1
1771695034.7662497,207_2,207,das_work,11.160642623901367,48258,20,1
1771695034.9975305,202_3,202,tpc_lock,4.797455549240112,46561,20,1
1771695035.0507877,208_2,208,tpc_commit,4.747852563858032,28795,20,1
1771695035.132333,201_2,201,das_work,7.11572527885437,48258,20,1
1771695035.55975,205_2,205,das_work,10.592660188674929,48258,20,1
1771695042.1873827,208_3,208,tpc_lock,6.425933361053467,46561,21,1
1771695044.5101368,203_2,203,tpc_commit,10.279033184051514,28783,21,1
1771695044.5115917,209_2,209,tpc_commit,9.998265504837036,28795,21,1
1771695044.5237124,207_2,207,tpc_commit,9.75745153427124,28795,21,1
1771695044.6271152,201_2,201,tpc_commit,9.494768857955933,28795,21,1
1771695044.630046,205_2,205,tpc_commit,9.0702862739563,28795,21,1
1771695046.306929,207_2,207,tpc_commit,1.7832059860229492,28795,21,1
1771695046.3157957,201_2,201,tpc_commit,1.688667058944702,28795,21,1
1771695046.3881285,204_3,204,tpc_lock,16.03628945350647,46561,21,1
1771695046.4239483,203_2,203,tpc_commit,1.9138000011444087,28783,21,1
1771695046.4339263,206_3,206,das_work,4.591427326202393,48258,21,1
1771695046.5025609,202_3,202,das_work,2.4880337715148926,48258,21,1
1771695046.6874423,200_3,200,das_work,9.54725170135498,48258,21,1
1771695046.715947,209_2,209,tpc_commit,2.2043442726135254,28795,21,1
1771695047.0343828,208_3,208,tpc_lock,4.846988201141357,46561,21,1
1771695054.3191876,202_3,202,tpc_commit,7.816617250442505,28795,22,1
1771695054.3210473,200_3,200,tpc_commit,7.633595705032349,28795,22,1
1771695054.4247315,206_3,206,tpc_commit,7.990793704986572,28795,22,1
1771695056.4921205,203_3,203,tpc_lock,9.284142017364502,46561,22,1
1771695056.4946074,209_3,209,tpc_lock,8.254189491271973,46561,22,1
1771695056.4981968,207_3,207,tpc_lock,8.919512510299683,46561,22,1
1771695056.5591657,201_3,201,tpc_lock,8.403904438018799,46561,22,1
1771695058.380932,205_2,205,tpc_commit,13.75087285041809,28795,22,1
1771695058.6092737,204_3,204,das_work,10.814696550369264,48258,22,1
1771695058.6787198,206_3,206,tpc_commit,4.253975629806519,28795,22,1
1771695066.4190068,206_4,206,tpc_lock,5.830212116241455,46561,23,1
1771695066.58894,204_3,204,tpc_commit,7.979654312133789,28795,23,1
1771695068.5637786,205_3,205,tpc_lock,8.955501317977905,46549,23,1
1771695070.295997,200_3,200,tpc_commit,15.974938869476318,28795,23,1
1771695070.3077598,206_4,206,tpc_lock,3.88874101638794,46561,23,1
1771695070.4673913,202_3,202,tpc_commit,16.14819359779358,28795,23,1
1771695070.4824188,201_3,201,tpc_lock,13.923242092132568,46561,23,1
1771695070.5398915,207_3,207,tpc_lock,14.041682243347168,46561,23,1
1771695070.7373188,203_3,203,tpc_lock,14.245184659957886,46561,23,1
1771695070.7622447,209_3,209,tpc_lock,14.267625331878662,46561,23,1
1771695070.8158655,208_3,208,das_work,14.202677488327026,48258,23,1
1771695070.8581913,204_3,204,tpc_commit,4.269015789031982,28795,23,1
1771695078.1483085,204_4,204,tpc_lock,5.339254379272461,46549,24,1
1771695078.1535556,208_3,208,tpc_commit,7.337679147720337,28795,24,1
1771695078.310289,200_4,200,tpc_lock,6.262417554855347,46561,24,1
1771695078.3167732,202_4,202,tpc_lock,6.737490892410278,46549,24,1
1771695082.3283412,204_4,204,tpc_lock,4.180023670196533,46549,24,1
1771695082.4255323,205_3,205,tpc_lock,13.86174201965332,46549,24,1
1771695082.4283395,208_3,208,tpc_commit,4.274773597717285,28795,24,1
1771695082.447638,209_3,209,das_work,4.898000240325928,48258,24,1
1771695082.4844582,202_4,202,tpc_lock,4.167675018310547,46549,24,1
1771695082.624004,203_3,203,das_work,2.5392141342163086,48258,24,1
1771695082.6305184,200_4,200,tpc_lock,4.320220232009888,46561,24,1
1771695082.678528,201_3,201,das_work,7.930309295654297,48258,24,1
1771695082.8094523,207_3,207,das_work,8.736694574356079,48258,24,1
1771695082.8620126,206_4,206,das_work,6.945024967193604,48258,24,1
1771695090.155404,206_4,206,tpc_commit,7.293382883071899,28795,25,1
1771695090.1704886,208_4,208,tpc_lock,6.207103967666626,46561,25,1
1771695092.568529,201_3,201,tpc_commit,9.889990091323853,28795,25,1
1771695092.572544,209_3,209,tpc_commit,10.124893188476562,28795,25,1
1771695092.581944,203_3,203,tpc_commit,9.957929372787476,28795,25,1
1771695092.6526349,207_3,207,tpc_commit,9.843170881271362,28795,25,1
1771695094.2557826,202_4,202,das_work,7.069302320480347,48258,25,1
1771695094.396317,205_3,205,das_work,2.851313829421997,48258,25,1
1771695094.4498005,204_4,204,das_work,3.5353124141693115,48258,25,1
1771695094.5241113,200_4,200,das_work,4.427199125289917,48258,25,1
1771695094.5540698,209_3,209,tpc_commit,1.9815127849578855,28795,25,1
1771695094.6343288,206_4,206,tpc_commit,4.478913307189941,28795,25,1
1771695094.73216,208_4,208,tpc_lock,4.561658620834351,46561,25,1
1771695102.207298,200_4,200,tpc_commit,7.683173418045044,28795,26,1
1771695102.2261002,204_4,204,tpc_commit,7.776292085647583,28783,26,1
1771695102.3541467,202_4,202,tpc_commit,8.098352193832397,28783,26,1
1771695104.706887,205_3,205,tpc_commit,10.310558795928957,28783,26,1
1771695104.7657597,209_4,209,tpc_lock,9.63288187980652,46561,26,1
1771695106.2880862,201_3,201,tpc_commit,13.7195463180542,28795,26,1
1771695106.3222206,203_3,203,tpc_commit,13.740265369415283,28795,26,1
1771695106.457373,208_4,208,das_work,5.848005294799805,48258,26,1
1771695106.4780688,207_3,207,tpc_commit,13.82542324066162,28795,26,1
1771695114.204187,208_4,208,tpc_commit,7.746802568435669,28795,27,1
1771695116.5348074,203_4,203,tpc_lock,9.490087270736694,46561,27,1
1771695116.5373137,201_4,201,tpc_lock,9.2964346408844,46561,27,1
1771695116.563191,207_4,207,tpc_lock,9.31905436515808,46561,27,1
1771695118.3470078,203_4,203,tpc_lock,1.8121895790100095,46561,27,1
1771695118.3590498,204_4,204,tpc_commit,16.132936000823975,28783,27,1
1771695118.3751647,208_4,208,tpc_commit,4.170965194702148,28795,27,1
1771695118.4913049,200_4,200,tpc_commit,16.2839937210083,28795,27,1
1771695118.552987,207_4,207,tpc_lock,1.9892783164978027,46561,27,1
1771695118.6361704,209_4,209,tpc_lock,13.870396614074709,46561,27,1
1771695118.6946871,202_4,202,tpc_commit,16.340530395507812,28783,27,1
1771695118.7785838,205_3,205,tpc_commit,14.071685552597046,28783,27,1
1771695128.7342052,205_4,205,tpc_lock,8.549567222595215,46561,28,1
1771695130.291451,201_4,201,tpc_lock,13.754124402999878,46561,28,1
1771695130.5221343,203_4,203,das_work,4.265889883041382,48258,28,1
1771695130.5749848,209_4,209,das_work,10.516358613967896,48258,28,1
1771695130.6815298,207_4,207,das_work,3.0509955883026123,48258,28,1
1771695140.5285647,207_4,207,tpc_commit,9.847024202346802,28795,29,1
1771695140.5372877,203_4,203,tpc_commit,10.015142679214478,28795,29,1
1771695140.542614,209_4,209,tpc_commit,9.967618227005005,28795,29,1
1771695142.3308582,201_4,201,das_work,9.490649461746216,48258,29,1
1771695142.356435,203_4,203,tpc_commit,1.819136381149292,28795,29,1
1771695142.731083,209_4,209,tpc_commit,2.1884584426879883,28795,29,1
1771695142.7532656,205_4,205,tpc_lock,14.019048929214478,46561,29,1
1771695142.7588365,207_4,207,tpc_commit,2.230180263519287,28795,29,1
1771695152.720942,201_4,201,tpc_commit,10.390069484710692,28795,30,1
1771695154.363236,205_4,205,das_work,4.733929634094238,48258,30,1
1771695154.5423174,201_4,201,tpc_commit,1.8213632106781008,28795,30,1
1771695164.5741117,205_4,205,tpc_commit,10.210865497589111,28795,31,1
1771695166.305597,205_4,205,tpc_commit,1.7314743995666504,28795,31,1
1771694921.997208,218_0,218,tpc_lock,2.5273983478546143,46549,11,1
1771694922.0294642,214_0,214,tpc_lock,4.952213764190674,46561,11,1
1771694924.3224845,219_0,219,tpc_lock,3.816465616226196,46561,11,1
1771694924.3289912,217_0,217,tpc_lock,8.341723918914795,46549,11,1
1771694924.3671875,215_0,215,tpc_lock,0.8561217784881592,46561,11,1
1771694924.389622,213_0,213,tpc_lock,1.1341886520385742,46561,11,1
1771694926.076137,217_0,217,tpc_lock,1.7471411228179932,46549,11,1
1771694926.0838466,218_0,218,tpc_lock,4.086630821228027,46549,11,1
1771694926.165503,219_0,219,tpc_lock,1.8430125713348389,46561,11,1
1771694926.1948276,214_0,214,tpc_lock,4.1653571128845215,46561,11,1
1771694926.2037892,213_0,213,tpc_lock,1.814159870147705,46561,11,1
1771694926.226198,215_0,215,tpc_lock,1.8590033054351809,46561,11,1
1771694933.9639018,212_0,212,tpc_lock,6.594321966171265,46561,12,1
1771694933.978295,210_0,210,tpc_lock,9.273765087127686,46561,12,1
1771694934.065318,216_0,216,tpc_lock,8.784834146499634,46561,12,1
1771694936.338604,211_0,211,tpc_lock,11.067907571792604,46561,12,1
1771694938.1250944,217_0,217,das_work,10.562720775604248,48258,12,1
1771694938.1359737,214_0,214,das_work,10.22307562828064,48258,12,1
1771694938.2174497,211_0,211,tpc_lock,1.8788402080535889,46561,12,1
1771694938.2439291,212_0,212,tpc_lock,4.280022621154785,46561,12,1
1771694938.2487402,215_0,215,das_work,4.061530113220215,48258,12,1
1771694938.3675644,216_0,216,tpc_lock,4.302240610122681,46561,12,1
1771694938.376016,218_0,218,das_work,4.3097875118255615,48258,12,1
1771694938.3836496,210_0,210,tpc_lock,4.405349254608154,46561,12,1
1771694938.4064903,213_0,213,das_work,4.128206253051758,48258,12,1
1771694938.4436104,219_0,219,das_work,6.864638805389404,48258,12,1
1771694946.237456,218_0,218,tpc_commit,7.861429929733276,28783,13,1
1771694946.2597857,214_0,214,tpc_commit,8.123804807662964,28795,13,1
1771694948.3622797,215_0,215,tpc_commit,10.113530158996582,28795,13,1
1771694948.4393888,217_0,217,tpc_commit,10.31428575515747,28783,13,1
1771694948.4461768,219_0,219,tpc_commit,10.00255537033081,28795,13,1
1771694948.4916775,213_0,213,tpc_commit,10.085103034973145,28795,13,1
1771694950.3461113,215_0,215,tpc_commit,1.983820915222168,28795,13,1
1771694950.353451,211_0,211,das_work,3.726044416427612,48258,13,1
1771694950.5172648,218_0,218,tpc_commit,4.27979588508606,28783,13,1
1771694950.546692,210_0,210,das_work,6.833045721054077,48258,13,1
1771694950.598232,214_0,214,tpc_commit,4.338435411453247,28795,13,1
1771694950.6863456,216_0,216,das_work,2.7094626426696777,48258,13,1
1771694950.7054894,213_0,213,tpc_commit,2.213801622390747,28795,13,1
1771694950.7586503,212_0,212,das_work,9.402234315872192,48258,13,1
1771694950.8323646,217_0,217,tpc_commit,2.3929636478424072,28783,13,1
1771694950.8609726,219_0,219,tpc_commit,2.4147863388061523,28795,13,1
1771694958.209238,218_1,218,tpc_lock,5.721737623214722,46561,14,1
1771694958.2194853,212_0,212,tpc_commit,7.460824966430664,28795,14,1
1771694958.3320715,210_0,210,tpc_commit,7.7853684425354,28795,14,1
1771694958.3843293,214_1,214,tpc_lock,6.727825403213501,46561,14,1
1771694958.395076,216_0,216,tpc_commit,7.708718538284302,28795,14,1
1771694960.436037,217_1,217,tpc_lock,7.862825155258179,46561,14,1
1771694960.4525795,215_1,215,tpc_lock,8.506385087966919,46561,14,1
1771694960.483132,213_1,213,tpc_lock,8.644388914108276,46561,14,1
1771694960.4977272,219_1,219,tpc_lock,8.739049434661865,46561,14,1
1771694960.513808,211_0,211,tpc_commit,10.160346508026125,28795,14,1
1771694962.2563682,219_1,219,tpc_lock,1.758629560470581,46561,14,1
1771694962.2641704,214_1,214,tpc_lock,3.879831314086914,46561,14,1
1771694962.3852098,217_1,217,tpc_lock,1.9491617679595947,46561,14,1
1771694962.5122535,218_1,218,tpc_lock,4.303004026412964,46561,14,1
1771694962.5839684,212_0,212,tpc_commit,4.36447286605835,28795,14,1
1771694962.641351,211_0,211,tpc_commit,2.1275322437286377,28795,14,1
1771694962.697451,210_0,210,tpc_commit,4.365368127822876,28795,14,1
1771694962.847751,216_0,216,tpc_commit,4.452666997909546,28795,14,1
1771694970.2572927,216_1,216,tpc_lock,5.766177654266357,46561,15,1
1771694970.396939,210_1,210,tpc_lock,6.285643100738525,46561,15,1
1771694970.4819672,212_1,212,tpc_lock,5.970016717910767,46561,15,1
1771694972.7593226,211_1,211,tpc_lock,9.055863857269289,46561,15,1
1771694974.2601626,210_1,210,tpc_lock,3.863214254379273,46561,15,1
1771694974.3995824,212_1,212,tpc_lock,3.917604684829712,46561,15,1
1771694974.5296168,214_1,214,das_work,9.971765518188477,48258,15,1
1771694974.535725,213_1,213,tpc_lock,14.052581071853638,46561,15,1
1771694974.5888574,215_1,215,tpc_lock,14.136266469955444,46561,15,1
1771694974.5973902,218_1,218,das_work,7.256269693374634,48258,15,1
1771694974.6710906,216_1,216,tpc_lock,4.413785457611084,46561,15,1
1771694974.7371194,217_1,217,das_work,7.910714149475098,48258,15,1
1771694982.465525,218_1,218,tpc_commit,7.868121862411499,28795,16,1
1771694982.6089904,214_1,214,tpc_commit,8.079363107681274,28795,16,1
1771694984.429113,217_1,217,tpc_commit,9.691982746124268,28795,16,1
1771694986.363572,210_1,210,das_work,8.535049676895142,48258,16,1
1771694986.5925796,219_1,219,das_work,14.677343130111694,48258,16,1
1771694986.6145463,217_1,217,tpc_commit,2.1854214668273926,28795,16,1
1771694986.6332374,216_1,216,das_work,4.6657774448394775,48258,16,1
1771694986.6498008,213_1,213,das_work,5.230351686477661,48258,16,1
1771694986.670149,214_1,214,tpc_commit,4.061147689819336,28795,16,1
1771694986.783187,211_1,211,tpc_lock,14.023852586746216,46561,16,1
1771694986.8480768,218_1,218,tpc_commit,4.382540702819824,28795,16,1
1771694994.1619792,216_1,216,tpc_commit,7.528729915618896,28795,17,1
1771694994.1854646,210_1,210,tpc_commit,7.821880340576172,28795,17,1
1771694994.2014756,214_2,214,tpc_lock,5.826146602630615,46561,17,1
1771694994.2756495,218_2,218,tpc_lock,5.941502094268799,46561,17,1
1771694996.4063764,219_1,219,tpc_commit,9.8137845993042,28795,17,1
1771694996.40909,213_1,213,tpc_commit,9.759279727935793,28795,17,1
1771694996.423067,217_2,217,tpc_lock,9.246556520462036,46561,17,1
1771694998.4641302,211_1,211,das_work,6.983556270599365,48258,17,1
1771694998.4934072,214_2,214,tpc_lock,4.291921377182007,46561,17,1
1771694998.678756,219_1,219,tpc_commit,2.2723727226257324,28795,17,1
1771694998.7152057,213_1,213,tpc_commit,2.3061044216156006,28795,17,1
1771694998.7190988,215_1,215,das_work,14.44788908958435,48258,17,1
1771694998.7387483,216_1,216,tpc_commit,4.576757431030273,28795,17,1
1771694998.7571278,212_1,212,das_work,14.481905937194824,48258,17,1
1771694998.7924633,218_2,218,tpc_lock,4.516802072525024,46561,17,1
1771694998.7932472,210_1,210,tpc_commit,4.607772588729858,28795,17,1
1771695006.616141,216_2,216,tpc_lock,6.149080038070679,46561,18,1
1771695006.769532,210_2,210,tpc_lock,6.770702123641968,46561,18,1
1771695006.9794016,212_1,212,tpc_commit,8.222262859344482,28795,18,1
1771695008.519977,213_2,213,tpc_lock,7.993598222732544,46561,18,1
1771695008.5394697,219_2,219,tpc_lock,8.584617376327515,46561,18,1
1771695008.557197,215_1,215,tpc_commit,9.83808946609497,28795,18,1
1771695008.579587,211_1,211,tpc_commit,10.115444660186768,28795,18,1
1771695010.176326,210_2,210,tpc_lock,3.406782388687134,46561,18,1
1771695010.459968,218_2,218,das_work,5.7236809730529785,48258,18,1
1771695010.8850317,216_2,216,tpc_lock,4.268882036209106,46561,18,1
1771695010.976238,217_2,217,tpc_lock,14.553159952163696,46561,18,1
1771695018.5593736,218_2,218,tpc_commit,8.099394083023071,28795,19,1
1771695022.2776597,219_2,219,tpc_lock,13.73818325996399,46561,19,1
1771695022.299957,210_2,210,das_work,2.300555944442749,48258,19,1
1771695022.3025296,213_2,213,tpc_lock,13.78253984451294,46561,19,1
1771695022.310302,216_2,216,das_work,6.579452276229858,48258,19,1
1771695022.3392026,211_1,211,tpc_commit,13.75960397720337,28795,19,1
1771695022.4431877,218_2,218,tpc_commit,3.8838047981262207,28795,19,1
1771695022.617432,215_1,215,tpc_commit,14.06022334098816,28795,19,1
1771695022.707371,214_2,214,das_work,15.163370609283447,48258,19,1
1771695022.7772348,217_2,217,das_work,5.5292558670043945,48258,19,1
1771695023.0330577,212_1,212,tpc_commit,16.053646326065063,28795,19,1
1771695030.2985458,210_2,210,tpc_commit,7.998576164245605,28795,20,1
1771695030.303709,212_2,212,tpc_lock,5.478653192520142,46561,20,1
1771695030.3794746,216_2,216,tpc_commit,8.069161415100098,28795,20,1
1771695030.4350405,218_3,218,tpc_lock,7.28614616394043,46561,20,1
1771695030.444126,214_2,214,tpc_commit,7.736742734909058,28795,20,1
1771695032.7337348,215_2,215,tpc_lock,9.528186798095703,46561,20,1
1771695032.7541184,217_2,217,tpc_commit,9.976871728897097,28795,20,1
1771695032.845313,211_2,211,tpc_lock,9.266901969909668,46561,20,1
1771695035.1373408,219_2,219,das_work,11.713669776916504,48258,20,1
1771695035.7380972,212_2,212,tpc_lock,5.434377193450928,46561,20,1
1771695035.877191,216_2,216,tpc_commit,5.497648477554321,28795,20,1
1771695042.1743712,216_3,216,tpc_lock,4.786115884780884,46549,21,1
1771695044.5332098,219_2,219,tpc_commit,9.39585781097412,28795,21,1
1771695046.3071454,217_2,217,tpc_commit,13.553015232086182,28795,21,1
1771695046.313249,215_2,215,tpc_lock,13.57950210571289,46561,21,1
1771695046.328065,218_3,218,tpc_lock,15.893015384674072,46561,21,1
1771695046.437159,211_2,211,tpc_lock,13.591834545135498,46561,21,1
1771695046.536023,212_2,212,das_work,7.275991678237915,48258,21,1
1771695046.707214,216_3,216,tpc_lock,4.532832145690918,46549,21,1
1771695046.8029234,214_2,214,tpc_commit,16.358577728271484,28795,21,1
1771695046.8415413,213_2,213,das_work,14.932960033416748,48258,21,1
1771695047.0258713,210_2,210,tpc_commit,16.727315664291382,28795,21,1
1771695054.3744323,214_3,214,tpc_lock,5.641298294067383,46561,22,1
1771695054.4118469,210_3,210,tpc_lock,5.825543880462647,46561,22,1
1771695054.49562,212_2,212,tpc_commit,7.959584951400757,28795,22,1
1771695056.5168068,213_2,213,tpc_commit,9.675254821777344,28795,22,1
1771695056.5559723,217_3,217,tpc_lock,9.47311305999756,46561,22,1
1771695058.52212,218_3,218,das_work,10.796200513839722,48258,22,1
1771695058.588054,210_3,210,tpc_lock,4.176197052001953,46561,22,1
1771695058.7060626,211_2,211,das_work,9.580222129821776,48258,22,1
1771695058.8060043,219_2,219,tpc_commit,14.272784233093262,28795,22,1
1771695058.8145945,214_3,214,tpc_lock,4.440150260925293,46561,22,1
1771695058.8301363,215_2,215,das_work,5.439525365829468,48258,22,1
1771695058.8657272,212_2,212,tpc_commit,4.370095729827881,28795,22,1
1771695066.49247,212_3,212,tpc_lock,6.027806282043457,46561,23,1
1771695066.6243,218_3,218,tpc_commit,8.102166414260864,28795,23,1
1771695068.5177166,219_3,219,tpc_lock,8.286036014556885,46561,23,1
1771695068.6086173,215_2,215,tpc_commit,9.778470516204834,28795,23,1
1771695068.6372058,211_2,211,tpc_commit,9.931108951568604,28795,23,1
1771695070.293408,215_2,215,tpc_commit,1.6847784519195557,28795,23,1
1771695070.3117445,218_3,218,tpc_commit,3.687433481216431,28795,23,1
1771695070.4872696,216_3,216,das_work,13.89935302734375,48258,23,1
1771695070.704239,214_3,214,das_work,5.546019554138184,48258,23,1
1771695070.7240102,210_3,210,das_work,2.8002281188964844,48258,23,1
1771695070.7306683,213_2,213,tpc_commit,14.213849782943726,28795,23,1
1771695070.7612195,217_3,217,tpc_lock,14.205236196517944,46561,23,1
1771695070.7989054,212_3,212,tpc_lock,4.306423187255859,46561,23,1
1771695070.999646,219_3,219,tpc_lock,2.481916666030884,46561,23,1
1771695078.1400216,218_4,218,tpc_lock,7.034234285354614,46561,24,1
1771695078.1721845,214_3,214,tpc_commit,7.467936992645264,28795,24,1
1771695078.209265,210_3,210,tpc_commit,7.485239505767822,28795,24,1
1771695078.3253698,216_3,216,tpc_commit,7.838086605072021,28783,24,1
1771695080.426878,213_3,213,tpc_lock,9.07193899154663,46561,24,1
1771695080.4921858,215_3,215,tpc_lock,9.475604057312012,46561,24,1
1771695082.3330922,215_3,215,tpc_lock,1.840895652770996,46561,24,1
1771695082.3372362,217_3,217,das_work,2.62014102935791,48258,24,1
1771695082.394825,213_3,213,tpc_lock,1.967935562133789,46561,24,1
1771695082.5174894,210_3,210,tpc_commit,4.308213710784912,28795,24,1
1771695082.5924313,216_3,216,tpc_commit,4.267050266265869,28783,24,1
1771695082.6693497,218_4,218,tpc_lock,4.5293169021606445,46561,24,1
1771695082.7159674,211_2,211,tpc_commit,14.078749656677246,28795,24,1
1771695082.722463,212_3,212,das_work,3.965670585632324,48258,24,1
1771695082.7292368,219_3,219,das_work,8.884890079498291,48258,24,1
1771695082.8808026,214_3,214,tpc_commit,4.708606958389282,28795,24,1
1771695090.0993972,214_4,214,tpc_lock,6.36418342590332,46561,25,1
1771695090.1172206,210_4,210,tpc_lock,5.816101789474487,46561,25,1
1771695090.1197894,216_4,216,tpc_lock,6.88526725769043,46561,25,1
1771695090.167183,212_3,212,tpc_commit,7.444708585739136,28795,25,1
1771695092.592147,219_3,219,tpc_commit,9.862898588180542,28795,25,1
1771695092.5949135,217_3,217,tpc_commit,10.257666110992432,28795,25,1
1771695092.6964867,211_3,211,tpc_lock,8.188113689422607,46561,25,1
1771695094.2756624,214_4,214,tpc_lock,4.176254034042358,46561,25,1
1771695094.4286342,218_4,218,das_work,4.9986207485198975,48258,25,1
1771695094.597415,216_4,216,tpc_lock,4.477614402770996,46561,25,1
1771695094.5989127,210_4,210,tpc_lock,4.481680870056152,46561,25,1
1771695094.6233213,213_3,213,das_work,7.701315402984619,48258,25,1
1771695094.7838137,215_3,215,das_work,3.3744258880615234,48258,25,1
1771695094.9863052,212_3,212,tpc_commit,4.8191118240356445,28795,25,1
1771695095.239029,211_3,211,tpc_lock,2.5425126552581787,46561,25,1
1771695102.2731922,218_4,218,tpc_commit,7.84454607963562,28795,26,1
1771695102.3576384,212_4,212,tpc_lock,5.419505596160889,46561,26,1
1771695104.6941755,213_3,213,tpc_commit,10.0708429813385,28795,26,1
1771695104.7823882,215_3,215,tpc_commit,9.998560905456545,28795,26,1
1771695106.260524,217_3,217,tpc_commit,13.665597200393677,28795,26,1
1771695106.5117147,214_4,214,das_work,4.448155641555786,48258,26,1
1771695106.7090487,210_4,210,das_work,10.03282380104065,48258,26,1
1771695106.9795294,219_3,219,tpc_commit,14.38736867904663,28795,26,1
1771695114.1941438,210_4,210,tpc_commit,7.485083818435669,28795,27,1
1771695114.210221,214_4,214,tpc_commit,7.698492050170898,28795,27,1
1771695116.5465226,219_4,219,tpc_lock,7.643253564834595,46561,27,1
1771695116.5537229,217_4,217,tpc_lock,8.90190577507019,46561,27,1
1771695118.3474724,213_3,213,tpc_commit,13.653285503387451,28795,27,1
1771695118.3486018,210_4,210,tpc_commit,4.154391765594482,28795,27,1
1771695118.383943,218_4,218,tpc_commit,16.11073660850525,28795,27,1
1771695118.3945348,215_3,215,tpc_commit,13.612132787704468,28795,27,1
1771695118.5170164,217_4,217,tpc_lock,1.963285446166992,46561,27,1
1771695118.5335224,212_4,212,tpc_lock,16.175872325897217,46561,27,1
1771695118.719868,216_4,216,das_work,15.6617534160614,48258,27,1
1771695118.7803178,211_3,211,das_work,15.596617937088013,48258,27,1
1771695118.8406584,219_4,219,tpc_lock,2.29412579536438,46561,27,1
1771695119.0381331,214_4,214,tpc_commit,4.82790207862854,28795,27,1
1771695126.3437722,216_4,216,tpc_commit,7.623889207839966,28795,28,1
1771695128.6469045,211_3,211,tpc_commit,9.8665189743042,28795,28,1
1771695128.7456508,215_4,215,tpc_lock,9.513129949569702,46561,28,1
1771695128.887365,213_4,213,tpc_lock,9.522188425064089,46561,28,1
1771695130.402003,217_4,217,das_work,6.176403999328613,48258,28,1
1771695130.480175,212_4,212,das_work,4.48332405090332,48258,28,1
1771695130.904317,216_4,216,tpc_commit,4.560532569885254,28795,28,1
1771695131.0029025,219_4,219,das_work,6.130375862121582,48258,28,1
1771695138.3256998,212_4,212,tpc_commit,7.84549069404602,28795,29,1
1771695140.5174177,217_4,217,tpc_commit,10.11540150642395,28795,29,1
1771695140.522616,219_4,219,tpc_commit,9.519702434539797,28795,29,1
1771695142.3320382,219_4,219,tpc_commit,1.809408187866211,28795,29,1
1771695142.3920667,213_4,213,tpc_lock,13.504693031311035,46561,29,1
1771695142.4743114,211_3,211,tpc_commit,13.827393770217896,28795,29,1
1771695142.5142958,215_4,215,tpc_lock,13.768635034561155,46561,29,1
1771695142.6475337,217_4,217,tpc_commit,2.130104780197144,28795,29,1
1771695142.7714145,212_4,212,tpc_commit,4.445655345916748,28795,29,1
1771695152.7460582,211_4,211,tpc_lock,9.72669553756714,46561,30,1
1771695154.3133256,213_4,213,das_work,2.636630058288574,48258,30,1
1771695154.3513672,215_4,215,das_work,8.122662544250488,48258,30,1
1771695154.777352,211_4,211,tpc_lock,2.031282424926758,46561,30,1
1771695164.5303729,213_4,213,tpc_commit,10.217032670974731,28795,31,1
1771695164.5513384,215_4,215,tpc_commit,10.199959993362429,28795,31,1
1771695166.2726295,211_4,211,das_work,5.015506982803345,48258,31,1
1771695166.349861,213_4,213,tpc_commit,1.8194482326507568,28795,31,1
1771695166.4792342,215_4,215,tpc_commit,1.9278812408447263,28795,31,1
1771695176.5358377,211_4,211,tpc_commit,10.263195991516112,28795,32,1
1771695178.2120898,211_4,211,tpc_commit,1.6762418746948242,28795,32,1
1771694921.9455998,226_0,226,tpc_lock,0.6892483234405518,46549,11,1
1771694922.0276442,220_0,220,tpc_lock,5.242320775985718,46561,11,1
1771694922.041468,228_0,228,tpc_lock,3.4465460777282715,46561,11,1
1771694924.2824693,229_0,229,tpc_lock,1.218071222305298,46549,11,1
1771694924.330555,223_0,223,tpc_lock,7.399454116821289,46561,11,1
1771694924.3790183,221_0,221,tpc_lock,1.3619296550750732,46561,11,1
1771694924.3902082,225_0,225,tpc_lock,6.014337539672852,46561,11,1
1771694926.0736597,228_0,228,tpc_lock,4.0321807861328125,46561,11,1
1771694926.0746834,225_0,225,tpc_lock,1.6844689846038818,46561,11,1
1771694926.0923183,229_0,229,tpc_lock,1.8098435401916504,46549,11,1
1771694926.1101203,221_0,221,tpc_lock,1.731000900268555,46561,11,1
1771694926.1304448,223_0,223,tpc_lock,1.799884557723999,46561,11,1
1771694926.13532,220_0,220,tpc_lock,4.107669353485107,46561,11,1
1771694926.2386267,226_0,226,tpc_lock,4.29302191734314,46549,11,1
1771694933.9562304,222_0,222,tpc_lock,10.883016586303713,46561,12,1
1771694934.04643,224_0,224,tpc_lock,4.289544582366943,46549,12,1
1771694936.307994,227_0,227,tpc_lock,11.688693284988403,46561,12,1
1771694938.111747,227_0,227,tpc_lock,1.80374813079834,46561,12,1
1771694938.1276093,223_0,223,das_work,6.917874097824097,48258,12,1
1771694938.167261,226_0,226,das_work,6.866854429244995,48258,12,1
1771694938.2037048,224_0,224,tpc_lock,4.157268762588501,46549,12,1
1771694938.2206676,222_0,222,tpc_lock,4.264432430267334,46561,12,1
1771694938.234094,229_0,229,das_work,7.37113618850708,48258,12,1
1771694938.2790928,221_0,221,das_work,2.4732346534729004,48258,12,1
1771694938.3780086,225_0,225,das_work,8.56537914276123,48258,12,1
1771694938.4434977,220_0,220,das_work,3.5293335914611816,48258,12,1
1771694938.449497,228_0,228,das_work,5.819477796554565,48258,12,1
1771694946.123756,226_0,226,tpc_commit,7.956488370895386,28783,13,1
1771694946.139711,228_0,228,tpc_commit,7.690201044082642,28795,13,1
1771694946.2693467,220_0,220,tpc_commit,7.825838804244995,28795,13,1
1771694948.357132,221_0,221,tpc_commit,10.078026056289673,28795,13,1
1771694948.3788347,229_0,229,tpc_commit,10.144731521606444,28783,13,1
1771694948.428873,225_0,225,tpc_commit,10.050851583480837,28795,13,1
1771694948.4538524,223_0,223,tpc_commit,10.32623028755188,28795,13,1
1771694950.330791,224_0,224,das_work,6.075289249420166,48258,13,1
1771694950.4067712,226_0,226,tpc_commit,4.283000946044922,28783,13,1
1771694950.460588,229_0,229,tpc_commit,2.081709861755371,28783,13,1
1771694950.6232934,221_0,221,tpc_commit,2.266153335571289,28795,13,1
1771694950.6249924,227_0,227,das_work,9.026926279067991,48258,13,1
1771694950.710797,222_0,222,das_work,10.17732548713684,48258,13,1
1771694950.7758005,223_0,223,tpc_commit,2.3219306468963623,28795,13,1
1771694950.783234,220_0,220,tpc_commit,4.513875246047974,28795,13,1
1771694950.816424,228_0,228,tpc_commit,4.676702499389648,28795,13,1
1771694958.1931074,222_0,222,tpc_commit,7.482296705245972,28795,14,1
1771694958.225995,226_1,226,tpc_lock,7.285456418991089,46561,14,1
1771694958.328,224_0,224,tpc_commit,7.997196197509766,28783,14,1
1771694958.3698952,228_1,228,tpc_lock,6.536800384521484,46561,14,1
1771694958.4053507,220_1,220,tpc_lock,6.172322988510132,46561,14,1
1771694960.4247468,221_1,221,tpc_lock,7.860317945480347,46561,14,1
1771694960.454351,227_0,227,tpc_commit,9.829347133636476,28795,14,1
1771694960.485348,223_1,223,tpc_lock,8.432841539382935,46561,14,1
1771694960.5008466,229_1,229,tpc_lock,8.514939308166504,46561,14,1
1771694962.255695,220_1,220,tpc_lock,3.850334882736206,46561,14,1
1771694962.2796748,224_0,224,tpc_commit,3.9516642093658447,28783,14,1
1771694962.3142424,226_1,226,tpc_lock,4.088236093521118,46561,14,1
1771694962.3934636,223_1,223,tpc_lock,1.9081072807312007,46561,14,1
1771694962.5374155,221_1,221,tpc_lock,2.112656116485596,46561,14,1
1771694962.6629484,228_1,228,tpc_lock,4.293043851852417,46561,14,1
1771694962.6891358,225_0,225,tpc_commit,14.260251760482788,28795,14,1
1771694962.857984,227_0,227,tpc_commit,2.4036202430725098,28795,14,1
1771694962.894008,222_0,222,tpc_commit,4.700890064239502,28795,14,1
1771694970.260422,222_1,222,tpc_lock,6.055928468704224,46561,15,1
1771694970.387066,224_1,224,tpc_lock,6.420053482055664,46561,15,1
1771694972.6138318,227_1,227,tpc_lock,9.029044389724731,46561,15,1
1771694972.622365,225_1,225,tpc_lock,8.98285961151123,46561,15,1
1771694974.2246208,220_1,220,das_work,3.173891305923462,48258,15,1
1771694974.2863808,223_1,223,das_work,6.511613130569458,48258,15,1
1771694974.343049,229_1,229,tpc_lock,13.842190504074097,46561,15,1
1771694974.4826782,222_1,222,tpc_lock,4.222245216369629,46561,15,1
1771694974.4932244,224_1,224,tpc_lock,4.106149673461914,46561,15,1
1771694974.533482,228_1,228,das_work,6.9182775020599365,48258,15,1
1771694974.5845916,226_1,226,das_work,7.835103034973144,48258,15,1
1771694974.8561182,221_1,221,das_work,10.426495790481567,48258,15,1
1771694982.344007,228_1,228,tpc_commit,7.810513257980347,28795,16,1
1771694982.3669348,226_1,226,tpc_commit,7.782332420349121,28795,16,1
1771694982.3803842,220_1,220,tpc_commit,8.155751705169678,28795,16,1
1771694984.4091172,221_1,221,tpc_commit,9.552985429763794,28795,16,1
1771694984.5111258,223_1,223,tpc_commit,10.224733591079712,28795,16,1
1771694986.396716,228_1,228,tpc_commit,4.052602052688599,28795,16,1
1771694986.4548965,224_1,224,das_work,10.214582681655884,48258,16,1
1771694986.481051,226_1,226,tpc_commit,4.114103555679321,28795,16,1
1771694986.7245307,225_1,225,tpc_lock,14.10215425491333,46561,16,1
1771694986.7278397,229_1,229,das_work,10.642240524291992,48258,16,1
1771694986.8573124,220_1,220,tpc_commit,4.476915597915649,28795,16,1
1771694986.9017043,227_1,227,tpc_lock,14.28786277770996,46561,16,1
1771694986.997381,222_1,222,das_work,4.099838733673096,48258,16,1
1771694994.176048,226_2,226,tpc_lock,6.192033767700195,46561,17,1
1771694994.2157302,220_2,220,tpc_lock,6.532712697982788,46561,17,1
1771694994.21794,222_1,222,tpc_commit,7.220548629760742,28795,17,1
1771694994.2210312,228_2,228,tpc_lock,6.9006311893463135,46561,17,1
1771694994.238842,224_1,224,tpc_commit,7.783933162689209,28795,17,1
1771694996.4195127,229_1,229,tpc_commit,9.691663980484009,28795,17,1
1771694998.2625406,222_1,222,tpc_commit,4.044588804244995,28795,17,1
1771694998.3739495,228_2,228,tpc_lock,4.1529059410095215,46561,17,1
1771694998.3889134,224_1,224,tpc_commit,4.150059223175049,28795,17,1
1771694998.4697905,223_1,223,tpc_commit,13.958654403686523,28795,17,1
1771694998.471612,220_2,220,tpc_lock,4.255871534347534,46561,17,1
1771694998.6507945,225_1,225,das_work,6.755805015563965,48258,17,1
1771694998.7535665,221_1,221,tpc_commit,14.344436407089232,28795,17,1
1771694998.7681203,229_1,229,tpc_commit,2.348582029342652,28795,17,1
1771694998.775173,227_1,227,das_work,9.346715927124023,48258,17,1
1771694998.7975736,226_2,226,tpc_lock,4.621511220932007,46561,17,1
1771695006.8410325,224_2,224,tpc_lock,6.52101731300354,46561,18,1
1771695006.8744748,222_2,222,tpc_lock,7.975223064422607,46561,18,1
1771695008.5345728,221_2,221,tpc_lock,8.741620779037476,46561,18,1
1771695008.5442653,227_1,227,tpc_commit,9.76908278465271,28795,18,1
1771695008.5547297,225_1,225,tpc_commit,9.903927564620972,28795,18,1
1771695008.5688398,223_2,223,tpc_lock,8.20931887626648,46561,18,1
1771695008.6388967,229_2,229,tpc_lock,8.051396608352661,46561,18,1
1771695010.2011976,222_2,222,tpc_lock,3.326711654663086,46561,18,1
1771695010.206383,228_2,228,das_work,6.729729652404785,48258,18,1
1771695010.2775233,226_2,226,das_work,4.373186111450195,48258,18,1
1771695010.5927916,220_2,220,das_work,5.227941751480103,48258,18,1
1771695010.6390374,224_2,224,tpc_lock,3.797991991043091,46561,18,1
1771695018.3899038,228_2,228,tpc_commit,8.18351125717163,28795,19,1
1771695018.3921237,226_2,226,tpc_commit,8.114588737487793,28795,19,1
1771695018.5106275,220_2,220,tpc_commit,7.917826414108276,28795,19,1
1771695022.282617,228_2,228,tpc_commit,3.892701387405396,28795,19,1
1771695022.3113992,226_2,226,tpc_commit,3.919265985488892,28795,19,1
1771695022.4753537,224_2,224,das_work,10.831225872039797,48258,19,1
1771695022.4790423,225_1,225,tpc_commit,13.924301862716677,28795,19,1
1771695022.5631402,222_2,222,das_work,9.151245594024658,48258,19,1
1771695022.6666222,227_1,227,tpc_commit,14.122349500656128,28795,19,1
1771695022.9362936,223_2,223,tpc_lock,14.3674418926239,46561,19,1
1771695023.028515,220_2,220,tpc_commit,4.517877578735352,28795,19,1
1771695023.0715306,229_2,229,tpc_lock,14.432620525360107,46561,19,1
1771695023.089355,221_2,221,tpc_lock,14.55477261543274,46561,19,1
1771695030.2063627,224_2,224,tpc_commit,7.730996608734131,28795,20,1
1771695030.3245215,222_2,222,tpc_commit,7.761369705200195,28795,20,1
1771695030.3351038,226_3,226,tpc_lock,6.424887180328369,46561,20,1
1771695030.345802,228_3,228,tpc_lock,6.200541257858276,46561,20,1
1771695030.493639,220_3,220,tpc_lock,5.78032660484314,46561,20,1
1771695032.7391388,227_2,227,tpc_lock,8.657855987548828,46561,20,1
1771695032.8493536,225_2,225,tpc_lock,9.226635932922363,46561,20,1
1771695034.210338,224_2,224,tpc_commit,4.003963947296143,28795,20,1
1771695034.726472,220_3,220,tpc_lock,4.232823371887207,46561,20,1
1771695034.7991548,229_2,229,das_work,4.514776229858398,48258,20,1
1771695035.0621593,221_2,221,das_work,10.681758403778076,48258,20,1
1771695042.242313,224_3,224,tpc_lock,7.287334680557251,46561,21,1
1771695044.5294046,229_2,229,tpc_commit,9.730237483978271,28795,21,1
1771695044.6364474,221_2,221,tpc_commit,9.57427716255188,28795,21,1
1771695046.3245263,225_2,225,tpc_lock,13.475161790847778,46561,21,1
1771695046.3660264,222_2,222,tpc_commit,16.0414457321167,28795,21,1
1771695046.441775,226_3,226,tpc_lock,16.106662273406982,46561,21,1
1771695046.4820812,223_2,223,das_work,14.42153263092041,48258,21,1
1771695046.6987343,224_3,224,tpc_lock,4.456408977508545,46561,21,1
1771695046.7467031,228_3,228,tpc_lock,16.400888442993164,46561,21,1
1771695046.8681543,227_2,227,tpc_lock,14.12900447845459,46561,21,1
1771695046.950126,229_2,229,tpc_commit,2.420709609985352,28795,21,1
1771695046.959296,220_3,220,das_work,2.262315511703491,48258,21,1
1771695054.3675978,220_3,220,tpc_commit,7.40829062461853,28795,22,1
1771695054.375175,222_3,222,tpc_lock,7.422588586807251,46561,22,1
1771695056.4940994,223_2,223,tpc_commit,10.012008428573608,28795,22,1
1771695056.5693495,229_3,229,tpc_lock,8.571241855621338,46537,22,1
1771695058.2856708,228_3,228,das_work,9.821677684783936,48258,22,1
1771695058.3288112,221_2,221,tpc_commit,13.69235372543335,28795,22,1
1771695058.367339,224_3,224,das_work,4.668191432952881,48258,22,1
1771695058.4120955,225_2,225,das_work,11.053058862686155,48258,22,1
1771695058.5371509,222_3,222,tpc_lock,4.161965847015381,46561,22,1
1771695058.7235098,227_2,227,das_work,4.588030815124512,48258,22,1
1771695058.8240602,220_3,220,tpc_commit,4.456450939178467,28795,22,1
1771695059.10253,226_3,226,das_work,7.259811878204346,48258,22,1
1771695066.4164488,224_3,224,tpc_commit,8.049098253250122,28795,23,1
1771695066.509126,228_3,228,tpc_commit,8.223442316055298,28795,23,1
1771695066.5353053,220_4,220,tpc_lock,6.111269235610962,46561,23,1
1771695066.597757,226_3,226,tpc_commit,7.495214462280273,28795,23,1
1771695068.4948115,227_2,227,tpc_commit,9.77129340171814,28795,23,1
1771695068.5315285,225_2,225,tpc_commit,10.119421482086182,28795,23,1
1771695068.5678203,221_3,221,tpc_lock,8.672394752502441,46561,23,1
1771695070.293408,220_4,220,tpc_lock,3.758090019226074,46561,23,1
1771695070.304817,228_3,228,tpc_commit,3.7956790924072266,28795,23,1
1771695070.439327,229_3,229,tpc_lock,13.869966983795166,46537,23,1
1771695070.58859,222_3,222,das_work,5.239176511764526,48258,23,1
1771695070.6885755,223_2,223,tpc_commit,14.194463968276978,28795,23,1
1771695070.7580357,225_2,225,tpc_commit,2.226496458053589,28795,23,1
1771695070.8643334,226_3,226,tpc_commit,4.266563892364502,28795,23,1
1771695070.867179,224_3,224,tpc_commit,4.450713157653809,28795,23,1
1771695078.1415994,222_3,222,tpc_commit,7.552998065948486,28795,24,1
1771695078.194027,224_4,224,tpc_lock,6.630456209182739,46561,24,1
1771695078.2340596,226_4,226,tpc_lock,6.301446199417114,46561,24,1
1771695078.2748492,228_4,228,tpc_lock,6.211965322494507,46549,24,1
1771695080.4219968,223_3,223,tpc_lock,9.034183025360107,46561,24,1
1771695080.485127,225_3,225,tpc_lock,8.041638135910034,46561,24,1
1771695082.3337784,225_3,225,tpc_lock,1.8486406803131104,46561,24,1
1771695082.3981469,221_3,221,tpc_lock,13.830313682556152,46561,24,1
1771695082.5127482,220_4,220,das_work,3.404729127883911,48258,24,1
1771695082.757907,228_4,228,tpc_lock,4.483047246932983,46549,24,1
1771695082.7671585,229_3,229,das_work,8.340940237045288,48258,24,1
1771695082.7703109,224_4,224,tpc_lock,4.576273918151856,46561,24,1
1771695082.784787,227_2,227,tpc_commit,14.28996205329895,28795,24,1
1771695082.8099918,226_4,226,tpc_lock,4.575922727584839,46561,24,1
1771695082.871257,222_3,222,tpc_commit,4.7296462059021,28795,24,1
1771695090.1514394,222_4,222,tpc_lock,5.566550254821777,46561,25,1
1771695090.1718464,220_4,220,tpc_commit,7.659090280532837,28795,25,1
1771695092.5887914,229_3,229,tpc_commit,9.821624517440796,28771,25,1
1771695092.602291,227_3,227,tpc_lock,8.285585641860962,46549,25,1
1771695094.3222592,220_4,220,tpc_commit,4.150402069091797,28795,25,1
1771695094.3495235,225_3,225,das_work,10.315240144729614,48258,25,1
1771695094.4254024,226_4,226,das_work,9.370226860046388,48258,25,1
1771695094.545309,222_4,222,tpc_lock,4.393859624862671,46561,25,1
1771695094.802765,224_4,224,das_work,4.147675514221191,48258,25,1
1771695094.852805,223_3,223,tpc_lock,14.43079662322998,46561,25,1
1771695094.911578,228_4,228,das_work,4.9933083057403564,48258,25,1
1771695102.2532804,226_4,226,tpc_commit,7.8278656005859375,28795,26,1
1771695102.314372,228_4,228,tpc_commit,7.402782201766968,28783,26,1
1771695102.4026003,224_4,224,tpc_commit,7.599822044372559,28795,26,1
1771695104.7916684,225_3,225,tpc_commit,10.44213366508484,28795,26,1
1771695106.2607727,222_4,222,das_work,5.896354675292969,48258,26,1
1771695106.27148,227_3,227,tpc_lock,13.66917848587036,46549,26,1
1771695106.3835871,221_3,221,das_work,14.249690771102903,48258,26,1
1771695106.5104327,229_3,229,tpc_commit,13.921629190444946,28771,26,1
1771695106.8022792,223_3,223,das_work,7.062072277069092,48258,26,1
1771695114.1796372,222_4,222,tpc_commit,7.918853044509888,28795,27,1
1771695116.536406,223_3,223,tpc_commit,9.734115362167358,28795,27,1
1771695116.5499249,229_4,229,tpc_lock,9.024873495101929,46549,27,1
1771695116.569129,221_3,221,tpc_commit,10.185530424118042,28795,27,1
1771695118.348914,224_4,224,tpc_commit,15.946302890777588,28795,27,1
1771695118.3526506,228_4,228,tpc_commit,16.038265228271484,28783,27,1
1771695118.3959262,229_4,229,tpc_lock,1.845987558364868,46549,27,1
1771695118.431989,226_4,226,tpc_commit,16.178695678710938,28795,27,1
1771695118.493483,225_3,225,tpc_commit,13.701802253723145,28795,27,1
1771695118.710388,227_3,227,das_work,10.166870832443236,48258,27,1
1771695118.779674,221_3,221,tpc_commit,2.2105159759521484,28795,27,1
1771695118.9128387,222_4,222,tpc_commit,4.733191251754761,28795,27,1
1771695128.7569697,225_4,225,tpc_lock,8.577571630477905,46561,28,1
1771695128.759231,221_4,221,tpc_lock,8.419979095458984,46561,28,1
1771695128.80237,227_3,227,tpc_commit,10.091971397399902,28783,28,1
1771695130.3075612,223_3,223,tpc_commit,13.771142959594728,28795,28,1
1771695130.3704357,229_4,229,das_work,6.929714918136597,48258,28,1
1771695140.521764,223_4,223,tpc_lock,8.682657718658447,46561,29,1
1771695140.5327802,229_4,229,tpc_commit,10.162332773208618,28783,29,1
1771695142.3131905,223_4,223,tpc_lock,1.791412591934204,46561,29,1
1771695142.3235848,227_3,227,tpc_commit,13.521202564239502,28783,29,1
1771695142.326915,225_4,225,tpc_lock,13.56993579864502,46561,29,1
1771695142.353478,229_4,229,tpc_commit,1.820685863494873,28783,29,1
1771695142.3951342,221_4,221,tpc_lock,13.635893106460571,46561,29,1
1771695152.7591424,227_4,227,tpc_lock,8.92874813079834,46561,30,1
1771695154.51117,227_4,227,tpc_lock,1.7520160675048828,46561,30,1
1771695154.513362,225_4,225,das_work,4.461679697036743,48258,30,1
1771695154.6137764,223_4,223,das_work,6.737709999084473,48258,30,1
1771695154.6590133,221_4,221,das_work,9.8283109664917,48258,30,1
1771695164.6108203,225_4,225,tpc_commit,10.097445487976074,28795,31,1
1771695164.6262755,223_4,223,tpc_commit,10.012486457824709,28795,31,1
1771695164.6575732,221_4,221,tpc_commit,9.998547554016112,28795,31,1
1771695166.3252409,227_4,227,das_work,6.380899429321289,48258,31,1
1771695166.354723,221_4,221,tpc_commit,1.6971397399902344,28795,31,1
1771695166.4710865,223_4,223,tpc_commit,1.8448002338409424,28795,31,1
1771695166.4759748,225_4,225,tpc_commit,1.8651423454284668,28795,31,1
1771695176.5134408,227_4,227,tpc_commit,10.18818974494934,28795,32,1
1771695178.214656,227_4,227,tpc_commit,1.7012035846710205,28795,32,1
1771694922.007283,232_0,232,tpc_lock,0.1852130889892578,46561,11,1
1771694924.3472624,235_0,235,tpc_lock,3.3117542266845703,46561,11,1
1771694924.363284,231_0,231,tpc_lock,0.9084274768829346,46561,11,1
1771694924.3964915,233_0,233,tpc_lock,6.379809141159058,46561,11,1
1771694924.399026,239_0,239,tpc_lock,2.716442584991455,46561,11,1
1771694926.0959847,239_0,239,tpc_lock,1.6969528198242188,46561,11,1
1771694926.162927,233_0,233,tpc_lock,1.7664306163787842,46561,11,1
1771694926.217585,231_0,231,tpc_lock,1.854295253753662,46561,11,1
1771694926.223056,235_0,235,tpc_lock,1.875781297683716,46561,11,1
1771694926.2240229,232_0,232,tpc_lock,4.216733455657959,46561,11,1
1771694933.9505012,234_0,234,tpc_lock,5.6263587474823,46561,12,1
1771694933.991539,236_0,236,tpc_lock,6.230462551116943,46561,12,1
1771694934.0041208,230_0,230,tpc_lock,10.921183586120604,46561,12,1
1771694934.0659144,238_0,238,tpc_lock,3.4999353885650635,46561,12,1
1771694936.3648388,237_0,237,tpc_lock,8.697639226913452,46561,12,1
1771694938.1076002,238_0,238,tpc_lock,4.041680574417114,46561,12,1
1771694938.1122837,233_0,233,das_work,3.691272497177124,48258,12,1
1771694938.1488605,239_0,239,das_work,7.517045259475708,48258,12,1
1771694938.1662366,230_0,230,tpc_lock,4.162110328674316,46561,12,1
1771694938.1842816,231_0,231,das_work,6.28835916519165,48258,12,1
1771694938.2024577,236_0,236,tpc_lock,4.21091365814209,46561,12,1
1771694938.2439816,232_0,232,das_work,9.33800196647644,48258,12,1
1771694938.2595985,235_0,235,das_work,2.3637523651123047,48258,12,1
1771694938.375292,237_0,237,tpc_lock,2.0104458332061768,46561,12,1
1771694938.385604,234_0,234,tpc_lock,4.435096025466919,46561,12,1
1771694946.1637585,232_0,232,tpc_commit,7.919763088226318,28795,13,1
1771694948.3608482,233_0,233,tpc_commit,10.248552560806274,28795,13,1
1771694948.379666,235_0,235,tpc_commit,10.120051145553589,28795,13,1
1771694948.477667,231_0,231,tpc_commit,10.293375968933104,28795,13,1
1771694948.5109956,239_0,239,tpc_commit,10.362125158309937,28795,13,1
1771694950.2965014,234_0,234,das_work,9.331690549850464,48258,13,1
1771694950.3368633,238_0,238,das_work,2.3344414234161377,48258,13,1
1771694950.6473222,237_0,237,das_work,7.549643278121948,48258,13,1
1771694950.649592,231_0,231,tpc_commit,2.171913385391236,28795,13,1
1771694950.7074883,235_0,235,tpc_commit,2.327810764312744,28795,13,1
1771694950.7154446,233_0,233,tpc_commit,2.3545541763305664,28795,13,1
1771694950.8042138,236_0,236,das_work,8.831475734710693,48258,13,1
1771694950.8269756,230_0,230,das_work,4.074984312057495,48258,13,1
1771694950.8412688,239_0,239,tpc_commit,2.3302621841430664,28795,13,1
1771694950.9036946,232_0,232,tpc_commit,4.739919662475586,28795,13,1
1771694958.2080998,238_0,238,tpc_commit,7.8712098598480225,28795,14,1
1771694958.2862086,236_0,236,tpc_commit,7.481983661651611,28795,14,1
1771694958.316594,230_0,230,tpc_commit,7.4896080493927,28795,14,1
1771694958.319122,234_0,234,tpc_commit,8.022609949111938,28795,14,1
1771694958.369007,232_1,232,tpc_lock,5.656114339828491,46561,14,1
1771694960.4413707,235_1,235,tpc_lock,7.850887060165405,46561,14,1
1771694960.4528313,237_0,237,tpc_commit,9.80549931526184,28795,14,1
1771694960.4565802,231_1,231,tpc_lock,9.26446008682251,46561,14,1
1771694960.4695125,239_1,239,tpc_lock,8.934281587600708,46561,14,1
1771694960.5093057,233_1,233,tpc_lock,8.841082334518433,46561,14,1
1771694962.2823756,232_1,232,tpc_lock,3.9133589267730713,46561,14,1
1771694962.3797448,239_1,239,tpc_lock,1.9102225303649905,46561,14,1
1771694962.585634,233_1,233,tpc_lock,2.0763187408447266,46561,14,1
1771694962.5865607,235_1,235,tpc_lock,2.145182609558105,46561,14,1
1771694962.5980723,237_0,237,tpc_commit,2.145174980163574,28795,14,1
1771694962.6746817,238_0,238,tpc_commit,4.466568231582642,28795,14,1
1771694962.7639604,230_0,230,tpc_commit,4.4473557472229,28795,14,1
1771694962.768129,236_0,236,tpc_commit,4.481907844543457,28795,14,1
1771694962.772601,234_0,234,tpc_commit,4.45346736907959,28795,14,1
1771694970.2544918,236_1,236,tpc_lock,5.68762731552124,46561,15,1
1771694970.262777,238_1,238,tpc_lock,7.041010618209839,46561,15,1
1771694970.2657423,234_1,234,tpc_lock,6.495779752731323,46561,15,1
1771694970.3091445,230_1,230,tpc_lock,6.04944920539856,46561,15,1
1771694972.614309,237_1,237,tpc_lock,8.803016662597656,46561,15,1
1771694974.3255122,235_1,235,das_work,9.186965227127075,48258,15,1
1771694974.406071,231_1,231,tpc_lock,13.949478387832642,46561,15,1
1771694974.4224544,232_1,232,das_work,9.0785014629364,48258,15,1
1771694974.5211754,234_1,234,tpc_lock,4.255422592163086,46561,15,1
1771694974.6383104,230_1,230,tpc_lock,4.3291566371917725,46561,15,1
1771694974.7119808,238_1,238,tpc_lock,4.449196577072144,46561,15,1
1771694974.7346697,233_1,233,das_work,8.048691272735596,48258,15,1
1771694974.8739378,236_1,236,tpc_lock,4.619433403015137,46561,15,1
1771694974.8747616,239_1,239,das_work,3.901896715164185,48258,15,1
1771694982.6558506,232_1,232,tpc_commit,8.23338508605957,28795,16,1
1771694984.410031,235_1,235,tpc_commit,10.084508180618286,28795,16,1
1771694984.426193,239_1,239,tpc_commit,9.551422119140623,28795,16,1
1771694984.4879427,233_1,233,tpc_commit,9.753262281417848,28795,16,1
1771694986.2444592,232_1,232,tpc_commit,3.58859658241272,28795,16,1
1771694986.2457454,238_1,238,das_work,5.293633937835693,48258,16,1
1771694986.247759,231_1,231,das_work,2.3787155151367188,48258,16,1
1771694986.6181312,234_1,234,das_work,6.58556866645813,48258,16,1
1771694986.6905365,237_1,237,tpc_lock,14.076215744018556,46561,16,1
1771694986.814041,236_1,236,das_work,8.335292339324951,48258,16,1
1771694986.8623116,230_1,230,das_work,5.403258800506592,48258,16,1
1771694994.176411,230_1,230,tpc_commit,7.314087390899658,28795,17,1
1771694994.2258492,236_1,236,tpc_commit,7.411796808242798,28795,17,1
1771694994.265043,234_1,234,tpc_commit,7.646898508071899,28795,17,1
1771694994.297201,238_1,238,tpc_commit,8.051447868347168,28795,17,1
1771694994.3047495,232_2,232,tpc_lock,6.296566486358643,46549,17,1
1771694996.4231536,231_1,231,tpc_commit,10.17538595199585,28795,17,1
1771694998.3208246,233_1,233,tpc_commit,13.832870721817017,28795,17,1
1771694998.399002,239_1,239,tpc_commit,13.972797870635986,28795,17,1
1771694998.4007983,232_2,232,tpc_lock,4.096039056777954,46549,17,1
1771694998.4103017,230_1,230,tpc_commit,4.233877182006836,28795,17,1
1771694998.46369,236_1,236,tpc_commit,4.237831354141235,28795,17,1
1771694998.475834,235_1,235,tpc_commit,14.06579065322876,28795,17,1
1771694998.5171788,238_1,238,tpc_commit,4.219966173171997,28795,17,1
1771694998.552533,234_1,234,tpc_commit,4.287480354309082,28795,17,1
1771694998.6040294,237_1,237,das_work,9.729101657867432,48258,17,1
1771694998.67023,231_1,231,tpc_commit,2.247065782546997,28795,17,1
1771695006.6505268,238_2,238,tpc_lock,6.8913733959198,46561,18,1
1771695006.75084,234_2,234,tpc_lock,7.230456590652466,46561,18,1
1771695006.8327608,236_2,236,tpc_lock,7.604436874389648,46561,18,1
1771695006.8493323,230_2,230,tpc_lock,7.8914196491241455,46561,18,1
1771695008.5222433,231_2,231,tpc_lock,8.652309656143188,46561,18,1
1771695008.528577,235_2,235,tpc_lock,9.147866487503052,46561,18,1
1771695008.5327857,237_1,237,tpc_commit,9.928745746612549,28795,18,1
1771695008.5668,233_2,233,tpc_lock,8.538743019104004,46561,18,1
1771695008.658187,239_2,239,tpc_lock,9.0812566280365,46561,18,1
1771695010.1792538,232_2,232,das_work,8.898510217666626,48258,18,1
1771695010.190008,238_2,238,tpc_lock,3.539454221725464,46561,18,1
1771695010.5926468,230_2,230,tpc_lock,3.7433018684387207,46561,18,1
1771695010.908843,236_2,236,tpc_lock,4.076071739196777,46561,18,1
1771695018.2514334,232_2,232,tpc_commit,8.072168588638306,28783,19,1
1771695022.284388,238_2,238,das_work,3.4921395778656006,48258,19,1
1771695022.2857633,235_2,235,tpc_lock,13.7571759223938,46561,19,1
1771695022.290324,237_1,237,tpc_commit,13.75752592086792,28795,19,1
1771695022.305957,236_2,236,das_work,6.634273290634155,48258,19,1
1771695022.5671377,230_2,230,das_work,8.995079517364502,48258,19,1
1771695022.60713,232_2,232,tpc_commit,4.355684041976929,28783,19,1
1771695022.6085927,234_2,234,tpc_lock,15.857741355895996,46561,19,1
1771695022.7326832,239_2,239,tpc_lock,14.074482202529907,46561,19,1
1771695022.8981194,233_2,233,tpc_lock,14.33130931854248,46561,19,1
1771695022.9252408,231_2,231,tpc_lock,14.402985334396362,46561,19,1
1771695030.2183156,236_2,236,tpc_commit,7.912346839904785,28795,20,1
1771695030.2880502,230_2,230,tpc_commit,7.720899820327759,28795,20,1
1771695030.3315463,232_3,232,tpc_lock,7.106462240219116,46561,20,1
1771695030.443386,238_2,238,tpc_commit,8.15898609161377,28795,20,1
1771695032.728458,237_2,237,tpc_lock,9.62315821647644,46561,20,1
1771695034.2334578,231_2,231,das_work,5.210387468338013,48258,20,1
1771695035.2269056,239_2,239,das_work,10.40918755531311,48258,20,1
1771695035.9413383,230_2,230,tpc_commit,5.653277397155762,28795,20,1
1771695042.19794,230_3,230,tpc_lock,4.789260149002075,46561,21,1
1771695044.515793,231_2,231,tpc_commit,10.282207012176514,28795,21,1
1771695044.5200906,239_2,239,tpc_commit,9.29317331314087,28795,21,1
1771695046.307005,230_3,230,tpc_lock,4.109052896499634,46561,21,1
1771695046.3077958,232_3,232,tpc_lock,15.976239681243896,46561,21,1
1771695046.3167017,238_2,238,tpc_commit,15.873286724090576,28795,21,1
1771695046.407848,234_2,234,das_work,13.95615577697754,48258,21,1
1771695046.4297357,235_2,235,das_work,15.344301462173462,48258,21,1
1771695046.4845114,231_2,231,tpc_commit,1.9687073230743408,28795,21,1
1771695046.810028,239_2,239,tpc_commit,2.289926528930664,28795,21,1
1771695047.0405972,233_2,233,das_work,16.399646520614624,48258,21,1
1771695047.0449502,237_2,237,tpc_lock,14.316478967666626,46561,21,1
1771695047.0697017,236_2,236,tpc_commit,16.851375102996826,28795,21,1
1771695054.540373,234_2,234,tpc_commit,8.132513523101807,28795,22,1
1771695054.741399,238_3,238,tpc_lock,6.531002759933472,46561,22,1
1771695054.7435484,236_3,236,tpc_lock,7.063738822937012,46561,22,1
1771695056.5010452,233_2,233,tpc_commit,9.460437059402466,28795,22,1
1771695056.503202,239_3,239,tpc_lock,7.900014638900757,46561,22,1
1771695056.51832,235_2,235,tpc_commit,10.08857250213623,28795,22,1
1771695056.598321,231_3,231,tpc_lock,9.321892023086548,46561,22,1
1771695058.3688402,237_2,237,das_work,4.979464530944824,48258,22,1
1771695058.516806,238_3,238,tpc_lock,3.775395154953003,46561,22,1
1771695058.5937734,236_3,236,tpc_lock,3.850212812423706,46561,22,1
1771695058.994384,234_2,234,tpc_commit,4.4539995193481445,28795,22,1
1771695059.205409,232_3,232,das_work,4.082726716995239,48258,22,1
1771695066.479675,232_3,232,tpc_commit,7.274255990982056,28795,23,1
1771695066.523413,234_3,234,tpc_lock,6.471755027770996,46561,23,1
1771695068.530373,237_2,237,tpc_commit,10.161521673202516,28795,23,1
1771695070.2938373,239_3,239,tpc_lock,13.79062557220459,46561,23,1
1771695070.4068732,231_3,231,tpc_lock,13.808504343032835,46561,23,1
1771695070.5982797,230_3,230,das_work,14.331726551055908,48258,23,1
1771695070.615524,237_2,237,tpc_commit,2.0851399898529053,28795,23,1
1771695070.6622684,238_3,238,das_work,4.143791437149048,48258,23,1
1771695070.8235471,235_2,235,tpc_commit,14.3052179813385,28795,23,1
1771695070.9132817,236_3,236,das_work,7.739077806472778,48258,23,1
1771695070.922861,232_3,232,tpc_commit,4.443175554275513,28795,23,1
1771695070.9297342,234_3,234,tpc_lock,4.406307697296143,46561,23,1
1771695070.9327097,233_2,233,tpc_commit,14.431650400161743,28795,23,1
1771695078.1944785,238_3,238,tpc_commit,7.532198429107666,28795,24,1
1771695078.1985302,236_3,236,tpc_commit,7.28523588180542,28795,24,1
1771695078.221667,232_4,232,tpc_lock,6.257199048995972,46549,24,1
1771695078.2551155,230_3,230,tpc_commit,7.656824111938477,28795,24,1
1771695080.4346056,233_3,233,tpc_lock,7.873764276504517,46561,24,1
1771695080.451154,235_3,235,tpc_lock,8.82181978225708,46561,24,1
1771695080.47336,237_3,237,tpc_lock,8.917482376098633,46561,24,1
1771695082.339047,230_3,230,tpc_commit,4.08392333984375,28795,24,1
1771695082.361156,239_3,239,das_work,2.1259970664978027,48258,24,1
1771695082.3918266,231_3,231,das_work,6.544414281845093,48258,24,1
1771695082.4079533,235_3,235,tpc_lock,1.956787109375,46561,24,1
1771695082.5285509,237_3,237,tpc_lock,2.055180549621582,46561,24,1
1771695082.7154255,233_3,233,tpc_lock,2.2808094024658203,46561,24,1
1771695082.7589242,234_3,234,das_work,7.199275732040405,48258,24,1
1771695082.8048503,238_3,238,tpc_commit,4.610361576080322,28795,24,1
1771695082.809358,236_3,236,tpc_commit,4.610817909240723,28795,24,1
1771695082.847806,232_4,232,tpc_lock,4.626124858856201,46549,24,1
1771695090.1003785,236_4,236,tpc_lock,6.076840877532959,46561,25,1
1771695090.1273596,230_4,230,tpc_lock,6.691336631774902,46561,25,1
1771695090.186473,234_3,234,tpc_commit,7.427537202835083,28795,25,1
1771695090.2048926,238_4,238,tpc_lock,6.15369176864624,46549,25,1
1771695092.5771606,239_3,239,tpc_commit,10.215992450714111,28795,25,1
1771695092.5867426,231_3,231,tpc_commit,10.194902420043944,28795,25,1
1771695094.2536066,237_3,237,das_work,10.023100137710571,48258,25,1
1771695094.3218343,238_4,238,tpc_lock,4.116930961608887,46549,25,1
1771695094.459112,234_3,234,tpc_commit,4.272630929946899,28795,25,1
1771695094.5451453,230_4,230,tpc_lock,4.4177751541137695,46561,25,1
1771695094.800553,232_4,232,das_work,4.835628509521484,48258,25,1
1771695094.8135395,235_3,235,das_work,8.890719652175903,48258,25,1
1771695094.963753,236_4,236,tpc_lock,4.863361835479736,46561,25,1
1771695095.168529,233_3,233,das_work,9.126604080200195,48258,25,1
1771695102.267669,232_4,232,tpc_commit,7.467089653015137,28783,26,1
1771695102.380978,234_4,234,tpc_lock,5.960088491439819,46561,26,1
1771695104.6958623,233_3,233,tpc_commit,9.527320146560667,28795,26,1
1771695104.7224703,237_3,237,tpc_commit,10.468851566314695,28795,26,1
1771695104.7591438,235_3,235,tpc_commit,9.94559097290039,28795,26,1
1771695106.262791,231_3,231,tpc_commit,13.676034927368164,28795,26,1
1771695106.4290037,239_3,239,tpc_commit,13.851832151412964,28795,26,1
1771695106.5155194,234_4,234,tpc_lock,4.1345298290252686,46561,26,1
1771695106.673084,230_4,230,das_work,6.869729518890381,48258,26,1
1771695114.2103217,230_4,230,tpc_commit,7.537227153778076,28795,27,1
1771695116.5167525,239_4,239,tpc_lock,9.564913272857666,46561,27,1
1771695116.520958,231_4,231,tpc_lock,9.634271621704102,46561,27,1
1771695118.4085734,232_4,232,tpc_commit,16.14089345932007,28783,27,1
1771695118.4320724,239_4,239,tpc_lock,1.9153094291687007,46561,27,1
1771695118.4789176,230_4,230,tpc_commit,4.268585205078125,28795,27,1
1771695118.4889584,233_3,233,tpc_commit,13.793084621429443,28795,27,1
1771695118.5314538,234_4,234,das_work,8.78453540802002,48258,27,1
1771695118.5362625,235_3,235,tpc_commit,13.777106523513794,28795,27,1
1771695118.6715446,236_4,236,das_work,14.843236923217772,48258,27,1
1771695118.7445917,237_3,237,tpc_commit,14.022109746932983,28795,27,1
1771695118.788419,231_4,231,tpc_lock,2.267451524734497,46561,27,1
1771695119.054837,238_4,238,das_work,16.31082057952881,48258,27,1
1771695126.2112772,234_4,234,tpc_commit,7.679811239242554,28795,28,1
1771695126.2228794,236_4,236,tpc_commit,7.551320791244507,28795,28,1
1771695126.2336097,238_4,238,tpc_commit,7.178760290145874,28783,28,1
1771695128.747381,233_4,233,tpc_lock,8.921996116638184,46561,28,1
1771695128.855606,237_4,237,tpc_lock,8.119256258010864,46561,28,1
1771695128.8723643,235_4,235,tpc_lock,9.42601490020752,46549,28,1
1771695130.3647811,231_4,231,das_work,3.986459732055664,48258,28,1
1771695130.4078388,238_4,238,tpc_commit,4.174217462539673,28783,28,1
1771695130.4499516,236_4,236,tpc_commit,4.227061986923218,28795,28,1
1771695130.72665,239_4,239,das_work,5.431915044784546,48258,28,1
1771695130.8599966,234_4,234,tpc_commit,4.648709058761597,28795,28,1
1771695140.525982,231_4,231,tpc_commit,10.161188840866089,28795,29,1
1771695140.5376618,239_4,239,tpc_commit,9.81099796295166,28795,29,1
1771695142.32031,239_4,239,tpc_commit,1.782636642456055,28795,29,1
1771695142.4047322,237_4,237,tpc_lock,13.549113988876345,46561,29,1
1771695142.5343678,231_4,231,tpc_commit,2.008375406265259,28795,29,1
1771695142.7346432,233_4,233,tpc_lock,13.987249851226808,46561,29,1
1771695142.763417,235_4,235,tpc_lock,13.891042470932009,46549,29,1
1771695154.307886,233_4,233,das_work,2.893174648284912,48258,30,1
1771695154.3146498,237_4,237,das_work,7.992341756820679,48258,30,1
1771695154.5990093,235_4,235,das_work,2.4470462799072266,48258,30,1
1771695164.539994,233_4,233,tpc_commit,10.232095003128052,28795,31,1
1771695164.630098,237_4,237,tpc_commit,10.315436601638794,28795,31,1
1771695164.6435354,235_4,235,tpc_commit,10.044514417648315,28783,31,1
1771695166.2975194,235_4,235,tpc_commit,1.6539721488952637,28783,31,1
1771695166.3231258,237_4,237,tpc_commit,1.6930148601531982,28795,31,1
1771695166.4448192,233_4,233,tpc_commit,1.904812812805176,28795,31,1
1771694921.9705293,240_0,240,tpc_lock,1.0261211395263672,46549,11,1
1771694921.9787438,242_0,242,tpc_lock,2.3413290977478027,46561,11,1
1771694922.0005512,244_0,244,tpc_lock,2.038409948348999,46561,11,1
1771694924.282196,243_0,243,tpc_lock,1.9274065494537356,46561,11,1
1771694924.2994866,245_0,245,tpc_lock,4.678158521652222,46561,11,1
1771694924.3552706,241_0,241,tpc_lock,2.320136547088623,46561,11,1
1771694924.3673918,249_0,249,tpc_lock,2.451786994934082,46561,11,1
1771694924.3958127,247_0,247,tpc_lock,2.2144784927368164,46549,11,1
1771694926.0773475,249_0,249,tpc_lock,1.7099502086639404,46561,11,1
1771694926.0852244,241_0,241,tpc_lock,1.7299473285675049,46561,11,1
1771694926.1100206,244_0,244,tpc_lock,4.109461545944214,46561,11,1
1771694926.1160831,242_0,242,tpc_lock,4.137333869934082,46561,11,1
1771694926.1301806,240_0,240,tpc_lock,4.159643650054932,46549,11,1
1771694926.1687295,247_0,247,tpc_lock,1.7729110717773438,46549,11,1
1771694926.1768537,245_0,245,tpc_lock,1.8773624897003172,46561,11,1
1771694926.2041144,243_0,243,tpc_lock,1.9219129085540767,46561,11,1
1771694933.970835,246_0,246,tpc_lock,4.833361864089966,46561,12,1
1771694934.0699182,248_0,248,tpc_lock,8.386762142181396,46561,12,1
1771694938.1093023,242_0,242,das_work,9.426496267318726,48258,12,1
1771694938.1266367,247_0,247,das_work,9.271977424621582,48258,12,1
1771694938.1599364,248_0,248,tpc_lock,4.090012550354004,46561,12,1
1771694938.2113414,244_0,244,das_work,10.027686834335327,48258,12,1
1771694938.2408624,243_0,243,das_work,7.343960762023926,48258,12,1
1771694938.2462642,245_0,245,das_work,3.946865558624268,48258,12,1
1771694938.289436,246_0,246,tpc_lock,4.318595409393311,46561,12,1
1771694938.3262467,249_0,249,das_work,4.878468990325928,48258,12,1
1771694938.3848295,240_0,240,das_work,9.826379776000977,48258,12,1
1771694938.4340248,241_0,241,das_work,6.531457185745239,48258,12,1
1771694946.1561966,240_0,240,tpc_commit,7.771354913711548,28783,13,1
1771694946.2303815,242_0,242,tpc_commit,8.121068954467773,28795,13,1
1771694946.261535,244_0,244,tpc_commit,8.050184726715088,28795,13,1
1771694948.365054,247_0,247,tpc_commit,10.238404273986816,28783,13,1
1771694948.4020784,241_0,241,tpc_commit,9.968040704727173,28795,13,1
1771694948.4830115,249_0,249,tpc_commit,10.156753063201904,28795,13,1
1771694948.5020676,245_0,245,tpc_commit,10.255791664123535,28795,13,1
1771694948.525013,243_0,243,tpc_commit,10.284139394760132,28795,13,1
1771694950.3090465,243_0,243,tpc_commit,1.7840242385864258,28795,13,1
1771694950.327618,247_0,247,tpc_commit,1.9625496864318848,28783,13,1
1771694950.368493,244_0,244,tpc_commit,4.10694432258606,28795,13,1
1771694950.368636,241_0,241,tpc_commit,1.966545581817627,28795,13,1
1771694950.7019358,248_0,248,das_work,8.305124759674072,48258,13,1
1771694950.814756,242_0,242,tpc_commit,4.584362030029297,28795,13,1
1771694950.822317,249_0,249,tpc_commit,2.3392930030822754,28795,13,1
1771694950.8465247,240_0,240,tpc_commit,4.690315008163452,28783,13,1
1771694950.8579342,246_0,246,das_work,7.926263332366943,48258,13,1
1771694958.195806,242_1,242,tpc_lock,6.595980405807495,46561,14,1
1771694958.2485626,240_1,240,tpc_lock,6.300139904022217,46561,14,1
1771694958.28525,248_0,248,tpc_commit,7.583304166793823,28795,14,1
1771694958.293724,246_0,246,tpc_commit,7.435778379440308,28795,14,1
1771694958.314055,244_1,244,tpc_lock,6.562399387359619,46561,14,1
1771694960.4124744,249_1,249,tpc_lock,8.308490991592407,46561,14,1
1771694960.4171536,243_1,243,tpc_lock,9.466943264007568,46561,14,1
1771694960.4685583,247_1,247,tpc_lock,8.224292755126953,46561,14,1
1771694960.5404265,241_1,241,tpc_lock,9.332031726837158,46561,14,1
1771694962.331236,241_1,241,tpc_lock,1.7908003330230713,46561,14,1
1771694962.3537395,242_1,242,tpc_lock,4.157922744750977,46561,14,1
1771694962.5370567,240_1,240,tpc_lock,4.288485050201416,46561,14,1
1771694962.612745,247_1,247,tpc_lock,2.1441752910614014,46561,14,1
1771694962.6320796,246_0,246,tpc_commit,4.338345050811768,28795,14,1
1771694962.6793306,248_0,248,tpc_commit,4.394064903259277,28795,14,1
1771694962.697904,245_0,245,tpc_commit,14.195786237716677,28795,14,1
1771694962.89921,244_1,244,tpc_lock,4.585143327713013,46561,14,1
1771694970.2776072,246_1,246,tpc_lock,5.923357248306274,46561,15,1
1771694970.352191,248_1,248,tpc_lock,6.1342315673828125,46561,15,1
1771694972.64387,245_1,245,tpc_lock,9.01237154006958,46549,15,1
1771694974.222461,242_1,242,das_work,3.520824193954468,48258,15,1
1771694974.2244663,248_1,248,tpc_lock,3.8722641468048096,46561,15,1
1771694974.4574175,246_1,246,tpc_lock,4.17980170249939,46561,15,1
1771694974.5460296,241_1,241,das_work,8.064963817596436,48258,15,1
1771694974.6449733,247_1,247,das_work,7.430551290512085,48258,15,1
1771694974.7251823,240_1,240,das_work,10.14345407485962,48258,15,1
1771694974.7503846,243_1,243,tpc_lock,14.333221435546877,46561,15,1
1771694974.939978,249_1,249,tpc_lock,14.527491807937622,46561,15,1
1771694974.9788134,244_1,244,das_work,9.66659665107727,48258,15,1
1771694982.3383684,244_1,244,tpc_commit,7.359544277191162,28795,16,1
1771694982.5123024,242_1,242,tpc_commit,8.289830684661865,28795,16,1
1771694982.6197226,240_1,240,tpc_commit,7.89453125,28795,16,1
1771694984.412747,241_1,241,tpc_commit,9.866703987121582,28795,16,1
1771694984.4488547,247_1,247,tpc_commit,9.80387020111084,28795,16,1
1771694986.2443526,244_1,244,tpc_commit,3.905973672866821,28795,16,1
1771694986.2621562,248_1,248,das_work,10.803913593292236,48258,16,1
1771694986.2751951,240_1,240,tpc_commit,3.655459403991699,28795,16,1
1771694986.39874,243_1,243,das_work,2.558679819107056,48258,16,1
1771694986.6684628,245_1,245,tpc_lock,14.024579286575316,46549,16,1
1771694986.7443354,242_1,242,tpc_commit,4.23201847076416,28795,16,1
1771694987.0400753,246_1,246,das_work,8.544719457626343,48258,16,1
1771694987.252669,249_1,249,das_work,8.966408729553223,48258,16,1
1771694994.1781716,246_1,246,tpc_commit,7.138086557388306,28795,17,1
1771694994.2210076,248_1,248,tpc_commit,7.958841323852539,28795,17,1
1771694994.2391014,240_2,240,tpc_lock,7.401041507720947,46561,17,1
1771694994.2928283,244_2,244,tpc_lock,6.416853189468384,46561,17,1
1771694994.2951288,242_2,242,tpc_lock,6.061605930328369,46561,17,1
1771694996.3960865,249_1,249,tpc_commit,9.143407344818115,28795,17,1
1771694996.4001024,243_1,243,tpc_commit,10.001351118087769,28795,17,1
1771694998.25622,243_1,243,tpc_commit,1.8561055660247805,28795,17,1
1771694998.260278,245_1,245,das_work,8.574678182601929,48258,17,1
1771694998.46327,240_2,240,tpc_lock,4.224159002304077,46561,17,1
1771694998.5204213,247_1,247,tpc_commit,14.07155728340149,28795,17,1
1771694998.6164098,242_2,242,tpc_lock,4.321270704269409,46561,17,1
1771694998.6682692,244_2,244,tpc_lock,4.37542986869812,46561,17,1
1771694998.6966257,248_1,248,tpc_commit,4.475606918334961,28795,17,1
1771694998.7638612,241_1,241,tpc_commit,14.351102352142334,28795,17,1
1771694998.7657614,249_1,249,tpc_commit,2.369662284851074,28795,17,1
1771694998.779652,246_1,246,tpc_commit,4.60146951675415,28795,17,1
1771695006.637442,246_2,246,tpc_lock,5.9753148555755615,46561,18,1
1771695006.7939985,248_2,248,tpc_lock,6.130126953125,46561,18,1
1771695008.523677,241_2,241,tpc_lock,8.296431303024292,46561,18,1
1771695008.53774,249_2,249,tpc_lock,8.203772783279419,46561,18,1
1771695008.5464473,245_1,245,tpc_commit,10.286157369613647,28783,18,1
1771695008.6440983,247_2,247,tpc_lock,9.355226993560793,46561,18,1
1771695008.656843,243_2,243,tpc_lock,9.341362476348875,46549,18,1
1771695010.493268,242_2,242,das_work,8.464437246322632,48258,18,1
1771695010.628031,244_2,244,das_work,10.167771577835085,48258,18,1
1771695018.2564704,242_2,242,tpc_commit,7.7631919384002686,28795,19,1
1771695018.3850749,244_2,244,tpc_commit,7.75703501701355,28795,19,1
1771695022.2918687,244_2,244,tpc_commit,3.906784772872925,28795,19,1
1771695022.2949133,247_2,247,tpc_lock,13.650803804397585,46561,19,1
1771695022.363999,246_2,246,tpc_lock,15.72654390335083,46561,19,1
1771695022.399732,242_2,242,tpc_commit,4.143248319625855,28795,19,1
1771695022.5258195,248_2,248,tpc_lock,15.73180890083313,46561,19,1
1771695022.5692031,243_2,243,tpc_lock,13.912348747253418,46549,19,1
1771695022.6710038,249_2,249,tpc_lock,14.133252382278442,46561,19,1
1771695022.7147226,241_2,241,tpc_lock,14.191032648086548,46561,19,1
1771695022.721913,240_2,240,das_work,15.74046230316162,48258,19,1
1771695023.1121445,245_1,245,tpc_commit,14.565683841705322,28783,19,1
1771695030.1993382,242_3,242,tpc_lock,6.202936410903931,46561,20,1
1771695030.3260477,240_2,240,tpc_commit,7.604125022888184,28795,20,1
1771695030.4254043,244_3,244,tpc_lock,7.145670413970947,46561,20,1
1771695032.7940593,245_2,245,tpc_lock,8.393785238265991,46561,20,1
1771695034.3188727,243_2,243,das_work,8.201541185379028,48258,20,1
1771695034.4137137,242_3,242,tpc_lock,4.214364051818848,46561,20,1
1771695034.486969,248_2,248,das_work,9.090553522109984,48258,20,1
1771695034.6995902,240_2,240,tpc_commit,4.37353253364563,28795,20,1
1771695034.954604,247_2,247,das_work,4.925063133239746,48258,20,1
1771695042.1677778,248_2,248,tpc_commit,7.680797815322876,28795,21,1
1771695042.1717896,240_3,240,tpc_lock,5.576329708099365,46561,21,1
1771695044.5465136,243_2,243,tpc_commit,10.22763180732727,28783,21,1
1771695044.5956044,247_2,247,tpc_commit,9.640989780426024,28795,21,1
1771695046.324972,240_3,240,tpc_lock,4.153171062469482,46561,21,1
1771695046.4365606,244_3,244,tpc_lock,16.011143445968628,46561,21,1
1771695046.4462612,246_2,246,das_work,14.767650842666626,48258,21,1
1771695046.4550438,247_2,247,tpc_commit,1.8594293594360352,28795,21,1
1771695046.465826,248_2,248,tpc_commit,4.29803729057312,28795,21,1
1771695046.4843855,245_2,245,tpc_lock,13.69031023979187,46561,21,1
1771695046.5737877,241_2,241,das_work,14.032232761383057,48258,21,1
1771695046.7122018,243_2,243,tpc_commit,2.165677309036255,28783,21,1
1771695046.7530673,249_2,249,das_work,15.29140305519104,48258,21,1
1771695046.9869025,242_3,242,das_work,9.68779969215393,48258,21,1
1771695054.3211398,248_3,248,tpc_lock,6.271539926528931,46561,22,1
1771695054.3646977,242_3,242,tpc_commit,7.377780914306641,28795,22,1
1771695054.6799068,246_2,246,tpc_commit,8.23363208770752,28795,22,1
1771695056.497892,247_3,247,tpc_lock,8.957927942276001,46549,22,1
1771695056.5350406,241_2,241,tpc_commit,9.961241483688354,28795,22,1
1771695056.5537045,249_2,249,tpc_commit,9.800625562667848,28795,22,1
1771695056.591831,243_3,243,tpc_lock,8.406518936157227,46561,22,1
1771695058.4105735,248_3,248,tpc_lock,4.08942174911499,46561,22,1
1771695058.5746212,245_2,245,das_work,8.970192909240723,48258,22,1
1771695058.5780053,242_3,242,tpc_commit,4.213269472122192,28795,22,1
1771695058.7599504,246_2,246,tpc_commit,4.080032825469971,28795,22,1
1771695058.8182194,240_3,240,das_work,6.025022506713867,48258,22,1
1771695066.4452622,240_3,240,tpc_commit,7.627031803131103,28795,23,1
1771695066.4732718,242_4,242,tpc_lock,5.970678329467773,46561,23,1
1771695066.530726,246_3,246,tpc_lock,6.402188539505005,46549,23,1
1771695068.525371,245_2,245,tpc_commit,9.950711488723757,28795,23,1
1771695070.3147428,241_2,241,tpc_commit,13.779690742492676,28795,23,1
1771695070.4215846,243_3,243,tpc_lock,13.82974410057068,46561,23,1
1771695070.718568,246_3,246,tpc_lock,4.187828779220581,46549,23,1
1771695070.7473574,249_2,249,tpc_commit,14.193609714508057,28795,23,1
1771695070.7739563,240_3,240,tpc_commit,4.328684091567993,28795,23,1
1771695070.8126566,244_3,244,das_work,14.721330404281616,48258,23,1
1771695070.8180952,247_3,247,tpc_lock,14.320191383361816,46549,23,1
1771695070.828067,242_4,242,tpc_lock,4.354783058166504,46561,23,1
1771695070.8349764,248_3,248,das_work,2.672360897064209,48258,23,1
1771695070.900932,245_2,245,tpc_commit,2.375551462173462,28795,23,1
1771695078.1352365,240_4,240,tpc_lock,6.355187892913818,46561,24,1
1771695078.1777112,244_3,244,tpc_commit,7.365044832229614,28795,24,1
1771695078.286986,248_3,248,tpc_commit,7.451996803283691,28795,24,1
1771695080.4228644,241_3,241,tpc_lock,9.432441473007202,46561,24,1
1771695080.4733255,245_3,245,tpc_lock,8.106855869293213,46561,24,1
1771695080.4831667,249_3,249,tpc_lock,9.169227838516235,46561,24,1
1771695082.3349297,243_3,243,das_work,6.403876543045044,48258,24,1
1771695082.363136,245_3,245,tpc_lock,1.889801025390625,46561,24,1
1771695082.5904033,241_3,241,tpc_lock,2.1675283908843994,46561,24,1
1771695082.5935922,247_3,247,das_work,7.141321420669556,48258,24,1
1771695082.616503,240_4,240,tpc_lock,4.4812541007995605,46561,24,1
1771695082.6829662,248_3,248,tpc_commit,4.39596962928772,28795,24,1
1771695082.7149448,246_3,246,das_work,10.163390636444092,48258,24,1
1771695082.7787588,249_3,249,tpc_lock,2.295579671859741,46561,24,1
1771695082.7843883,242_4,242,das_work,7.479715824127197,48258,24,1
1771695082.802524,244_3,244,tpc_commit,4.624799966812134,28795,24,1
1771695090.1474974,244_4,244,tpc_lock,6.437308311462402,46561,25,1
1771695090.1743696,246_3,246,tpc_commit,7.459414005279541,28783,25,1
1771695090.2526128,248_4,248,tpc_lock,5.94167685508728,46561,25,1
1771695090.276487,242_4,242,tpc_commit,7.492087364196777,28795,25,1
1771695092.5659769,243_3,243,tpc_commit,10.23103141784668,28795,25,1
1771695092.603606,247_3,247,tpc_commit,10.010001182556152,28783,25,1
1771695094.2920544,248_4,248,tpc_lock,4.039431571960449,46561,25,1
1771695094.383535,240_4,240,das_work,7.789707660675049,48258,25,1
1771695094.5922,249_3,249,das_work,3.58024525642395,48258,25,1
1771695094.703004,242_4,242,tpc_commit,4.426507472991943,28795,25,1
1771695094.7525504,246_3,246,tpc_commit,4.578170299530029,28783,25,1
1771695094.780786,244_4,244,tpc_lock,4.633277177810669,46561,25,1
1771695094.8305976,241_3,241,das_work,8.590259313583374,48258,25,1
1771695094.849952,245_3,245,das_work,9.73194980621338,48258,25,1
1771695095.1855412,247_3,247,tpc_commit,2.581925392150879,28783,25,1
1771695102.2665389,246_4,246,tpc_lock,6.989038705825806,46561,26,1
1771695102.341883,240_4,240,tpc_commit,7.958337306976318,28795,26,1
1771695104.709784,249_3,249,tpc_commit,10.117573022842407,28795,26,1
1771695104.7796412,247_4,247,tpc_lock,8.524352073669434,46561,26,1
1771695104.8467624,241_3,241,tpc_commit,10.016153812408447,28795,26,1
1771695104.8813286,245_3,245,tpc_commit,10.031364917755129,28795,26,1
1771695106.288241,243_3,243,tpc_commit,13.722251176834106,28795,26,1
1771695106.3270628,244_4,244,das_work,4.8679046630859375,48258,26,1
1771695114.2167003,244_4,244,tpc_commit,7.88962459564209,28795,27,1
1771695116.5306356,243_4,243,tpc_lock,8.41711139678955,46561,27,1
1771695118.3470657,241_3,241,tpc_commit,13.50028920173645,28795,27,1
1771695118.3546338,240_4,240,tpc_commit,16.012736320495605,28795,27,1
1771695118.3713312,247_4,247,tpc_lock,13.591674089431764,46561,27,1
1771695118.4149387,244_4,244,tpc_commit,4.198225498199463,28795,27,1
1771695118.4331975,245_3,245,tpc_commit,13.551855087280272,28795,27,1
1771695118.5053,248_4,248,das_work,16.28410053253174,48258,27,1
1771695118.90878,246_4,246,tpc_lock,16.64223027229309,46561,27,1
1771695118.9398017,249_3,249,tpc_commit,14.229982137680054,28795,27,1
1771695126.3367264,248_4,248,tpc_commit,7.83141565322876,28795,28,1
1771695128.651944,241_4,241,tpc_lock,9.71720576286316,46561,28,1
1771695128.7669196,245_4,245,tpc_lock,8.514931440353394,46561,28,1
1771695128.802353,249_4,249,tpc_lock,9.310888767242432,46561,28,1
1771695130.2925432,248_4,248,tpc_commit,3.9558029174804688,28795,28,1
1771695130.596857,243_4,243,tpc_lock,14.066210985183716,46561,28,1
1771695130.6632326,247_4,247,das_work,9.069219827651978,48258,28,1
1771695130.7070372,246_4,246,das_work,10.440874099731444,48258,28,1
1771695138.382187,246_4,246,tpc_commit,7.6751389503479,28795,29,1
1771695140.5235486,247_4,247,tpc_commit,9.86030387878418,28795,29,1
1771695142.2992506,249_4,249,tpc_lock,13.4968843460083,46561,29,1
1771695142.3013875,241_4,241,tpc_lock,13.649428606033323,46561,29,1
1771695142.3344345,247_4,247,tpc_commit,1.8108696937561035,28795,29,1
1771695142.5910325,245_4,245,tpc_lock,13.82410168647766,46561,29,1
1771695142.6587732,243_4,243,das_work,5.0432069301605225,48258,29,1
1771695142.757903,246_4,246,tpc_commit,4.375704050064087,28795,29,1
1771695152.7794812,243_4,243,tpc_commit,10.12069606781006,28795,30,1
1771695154.303364,249_4,249,das_work,5.178313970565796,48258,30,1
1771695154.3257415,241_4,241,das_work,2.185060739517212,48258,30,1
1771695154.3530586,243_4,243,tpc_commit,1.5735671520233154,28795,30,1
1771695154.3643365,245_4,245,das_work,7.446615934371948,48258,30,1
1771695164.518758,241_4,241,tpc_commit,10.193004608154297,28795,31,1
1771695164.552108,245_4,245,tpc_commit,10.187761783599854,28795,31,1
1771695164.606039,249_4,249,tpc_commit,10.302663087844849,28795,31,1
1771695166.2714422,249_4,249,tpc_commit,1.6653916835784912,28795,31,1
1771695166.2897065,245_4,245,tpc_commit,1.7375881671905518,28795,31,1
1771695166.4464786,241_4,241,tpc_commit,1.9277098178863523,28795,31,1
1771694933.974396,252_0,252,tpc_lock,6.798862218856812,46561,12,1
1771694933.9875083,250_0,250,tpc_lock,5.53202748298645,46561,12,1
1771694934.0048423,254_0,254,tpc_lock,4.174181222915649,46561,12,1
1771694934.0549626,256_0,256,tpc_lock,9.889710426330566,46561,12,1
1771694936.281122,255_0,255,tpc_lock,10.628765106201172,46549,12,1
1771694936.2842674,251_0,251,tpc_lock,9.003257751464844,46561,12,1
1771694936.344473,259_0,259,tpc_lock,2.23630690574646,46561,12,1
1771694936.351725,253_0,253,tpc_lock,3.6429922580718994,46561,12,1
1771694936.3659716,257_0,257,tpc_lock,6.2733118534088135,46561,12,1
1771694938.1076665,254_0,254,tpc_lock,4.102819204330444,46561,12,1
1771694938.1336262,251_0,251,tpc_lock,1.8493528366088867,46561,12,1
1771694938.158571,252_0,252,tpc_lock,4.184168815612793,46561,12,1
1771694938.1703985,253_0,253,tpc_lock,1.818668365478516,46561,12,1
1771694938.200052,250_0,250,tpc_lock,4.212538480758667,46561,12,1
1771694938.2517624,259_0,259,tpc_lock,1.9072835445404053,46561,12,1
1771694938.306055,257_0,257,tpc_lock,1.9400770664215088,46561,12,1
1771694938.3423245,256_0,256,tpc_lock,4.287355422973633,46561,12,1
1771694938.3830185,255_0,255,tpc_lock,2.101891279220581,46549,12,1
1771694946.1301692,258_0,258,tpc_lock,11.94724988937378,46561,13,1
1771694950.320552,259_0,259,das_work,6.089096784591675,48258,13,1
1771694950.325972,250_0,250,das_work,2.2652809619903564,48258,13,1
1771694950.3434396,257_0,257,das_work,7.251678228378296,48258,13,1
1771694950.463139,252_0,252,das_work,3.702058792114258,48258,13,1
1771694950.4873607,255_0,255,das_work,4.790174961090088,48258,13,1
1771694950.5158186,253_0,253,das_work,4.88248348236084,48258,13,1
1771694950.6826982,254_0,254,das_work,7.496922969818115,48258,13,1
1771694950.7820227,251_0,251,das_work,3.5701229572296143,48258,13,1
1771694950.8216276,258_0,258,tpc_lock,4.691452503204346,46561,13,1
1771694950.8408563,256_0,256,das_work,3.9263124465942383,48258,13,1
1771694958.2340171,256_0,256,tpc_commit,7.393150806427002,28795,14,1
1771694958.306082,250_0,250,tpc_commit,7.980100631713867,28795,14,1
1771694958.3505716,252_0,252,tpc_commit,7.887420654296875,28795,14,1
1771694958.358977,254_0,254,tpc_commit,7.67626953125,28795,14,1
1771694960.4318235,253_0,253,tpc_commit,9.915993213653564,28795,14,1
1771694960.4639812,255_0,255,tpc_commit,9.976603984832764,28783,14,1
1771694960.504578,257_0,257,tpc_commit,10.161128282546995,28795,14,1
1771694960.5205386,251_0,251,tpc_commit,9.73850393295288,28795,14,1
1771694960.5296657,259_0,259,tpc_commit,10.209098100662231,28795,14,1
1771694962.3464844,252_0,252,tpc_commit,3.995902538299561,28795,14,1
1771694962.4722283,255_0,255,tpc_commit,2.008237838745117,28783,14,1
1771694962.6089897,258_0,258,das_work,7.73693323135376,48258,14,1
1771694962.7086415,256_0,256,tpc_commit,4.474615812301636,28795,14,1
1771694962.7542217,250_0,250,tpc_commit,4.448129653930664,28795,14,1
1771694962.8253686,254_0,254,tpc_commit,4.466379642486572,28795,14,1
1771694962.8936946,251_0,251,tpc_commit,2.373144626617432,28795,14,1
1771694970.2573,254_1,254,tpc_lock,6.440606594085693,46561,15,1
1771694970.2601004,250_1,250,tpc_lock,5.611741304397583,46561,15,1
1771694970.369333,256_1,256,tpc_lock,6.451306819915772,46561,15,1
1771694970.421772,258_0,258,tpc_commit,7.812771558761597,28795,15,1
1771694970.4681473,252_1,252,tpc_lock,6.931298494338989,46549,15,1
1771694972.7009318,251_1,251,tpc_lock,9.27946949005127,46561,15,1
1771694972.7351744,255_1,255,tpc_lock,8.373883724212646,46561,15,1
1771694974.3496034,256_1,256,tpc_lock,3.980259656906128,46561,15,1
1771694974.4194107,259_0,259,tpc_commit,13.889734983444214,28795,15,1
1771694974.54064,254_1,254,tpc_lock,4.283329725265503,46561,15,1
1771694974.6205602,258_0,258,tpc_commit,4.1987714767456055,28795,15,1
1771694974.774639,252_1,252,tpc_lock,4.306481838226318,46549,15,1
1771694974.803706,253_0,253,tpc_commit,14.371872186660768,28795,15,1
1771694974.9812846,250_1,250,tpc_lock,4.721174716949463,46561,15,1
1771694975.0363767,257_0,257,tpc_commit,14.531789064407349,28795,15,1
1771694982.3732882,258_1,258,tpc_lock,6.014278173446655,46549,16,1
1771694984.4505708,257_1,257,tpc_lock,7.7341766357421875,46561,16,1
1771694984.5005372,259_1,259,tpc_lock,8.919748783111572,46561,16,1
1771694984.521349,253_1,253,tpc_lock,8.429457902908325,46561,16,1
1771694986.5178297,257_1,257,tpc_lock,2.0672500133514404,46561,16,1
1771694986.6928012,255_1,255,tpc_lock,13.957615613937378,46561,16,1
1771694986.7066028,258_1,258,tpc_lock,4.333304405212402,46549,16,1
1771694986.7270048,254_1,254,das_work,9.4414963722229,48258,16,1
1771694986.8365378,252_1,252,das_work,2.9383347034454346,48258,16,1
1771694986.875917,251_1,251,tpc_lock,14.174973726272585,46561,16,1
1771694987.228442,250_1,250,das_work,5.094692230224609,48258,16,1
1771694987.2314951,256_1,256,das_work,11.4586763381958,48258,16,1
1771694994.1575365,254_1,254,tpc_commit,7.430520534515381,28795,17,1
1771694994.1830268,250_1,250,tpc_commit,6.954572439193726,28795,17,1
1771694994.2787514,252_1,252,tpc_commit,7.442202806472778,28783,17,1
1771694994.2973683,256_1,256,tpc_commit,7.065860033035278,28795,17,1
1771694998.293528,252_1,252,tpc_commit,4.014765739440918,28783,17,1
1771694998.3189218,257_1,257,das_work,6.522680044174194,48258,17,1
1771694998.3229702,255_1,255,das_work,10.126264572143556,48258,17,1
1771694998.394449,254_1,254,tpc_commit,4.236900329589844,28795,17,1
1771694998.4570627,250_1,250,tpc_commit,4.274024963378906,28795,17,1
1771694998.470827,253_1,253,tpc_lock,13.949469804763794,46561,17,1
1771694998.514297,258_1,258,das_work,6.31988263130188,48258,17,1
1771694998.6231177,259_1,259,tpc_lock,14.122570037841797,46561,17,1
1771694998.6724691,251_1,251,das_work,8.255798578262329,48258,17,1
1771694998.7193272,256_1,256,tpc_commit,4.421947002410889,28795,17,1
1771695006.6173172,256_2,256,tpc_lock,7.178009033203125,46561,18,1
1771695006.6409998,250_2,250,tpc_lock,6.438709259033203,46561,18,1
1771695006.6621325,258_1,258,tpc_commit,8.147824048995972,28783,18,1
1771695006.7262385,254_2,254,tpc_lock,7.599739551544189,46561,18,1
1771695006.8388493,252_2,252,tpc_lock,7.209762096405029,46561,18,1
1771695008.5468285,255_1,255,tpc_commit,10.223850011825562,28795,18,1
1771695008.558193,257_1,257,tpc_commit,10.239261150360107,28795,18,1
1771695008.6607487,251_1,251,tpc_commit,9.988266944885254,28795,18,1
1771695010.2024038,252_2,252,tpc_lock,3.3635432720184326,46561,18,1
1771695010.3479772,258_1,258,tpc_commit,3.6858317852020255,28783,18,1
1771695010.537433,256_2,256,tpc_lock,3.9201042652130127,46561,18,1
1771695010.5423844,259_1,259,das_work,4.255016326904297,48258,18,1
1771695010.652465,250_2,250,tpc_lock,4.011455297470093,46561,18,1
1771695010.708225,253_1,253,das_work,9.599521398544312,48258,18,1
1771695018.4710412,258_2,258,tpc_lock,7.080063104629517,46561,19,1
1771695020.433444,259_1,259,tpc_commit,9.891048908233644,28795,19,1
1771695020.4449418,253_1,253,tpc_commit,9.736705541610718,28795,19,1
1771695022.2985616,255_1,255,tpc_commit,13.75172233581543,28795,19,1
1771695022.3035676,251_1,251,tpc_commit,13.642805337905884,28795,19,1
1771695022.4287362,254_2,254,tpc_lock,15.702486515045166,46561,19,1
1771695022.6479073,250_2,250,das_work,10.163230180740356,48258,19,1
1771695022.653288,257_1,257,tpc_commit,14.095084190368652,28795,19,1
1771695022.9704266,252_2,252,das_work,6.594769716262817,48258,19,1
1771695023.0450466,256_2,256,das_work,4.588714599609375,48258,19,1
1771695023.1915717,258_2,258,tpc_lock,4.7205188274383545,46561,19,1
1771695030.2276103,250_2,250,tpc_commit,7.579692125320435,28795,20,1
1771695030.2404735,252_2,252,tpc_commit,7.270035743713379,28795,20,1
1771695030.485451,256_2,256,tpc_commit,7.44039249420166,28795,20,1
1771695032.713565,255_2,255,tpc_lock,9.502546548843384,46561,20,1
1771695032.716285,251_2,251,tpc_lock,9.720237016677856,46561,20,1
1771695032.8489752,257_2,257,tpc_lock,8.649744987487793,46549,20,1
1771695034.2094495,259_1,259,tpc_commit,13.775993585586548,28795,20,1
1771695034.2261455,258_2,258,das_work,9.601781368255615,48258,20,1
1771695034.954444,255_2,255,tpc_lock,2.240806579589844,0,-1,0
1771695035.2984817,253_1,253,tpc_commit,14.853532314300535,28795,20,1
1771695035.6258743,250_2,250,tpc_commit,5.398252964019775,28795,20,1
1771695042.1754613,250_3,250,tpc_lock,5.2967400550842285,46561,21,1
1771695042.2693305,258_2,258,tpc_commit,8.043174266815186,28795,21,1
1771695044.5455804,253_2,253,tpc_lock,7.91429591178894,46561,21,1
1771695044.56841,255_3,255,tpc_lock,9.613946199417114,46561,21,1
1771695044.5705528,259_2,259,tpc_lock,8.68551516532898,46561,21,1
1771695046.3157897,254_2,254,das_work,13.934199810028076,48258,21,1
1771695046.324787,256_2,256,tpc_commit,15.83932399749756,28795,21,1
1771695046.337448,255_3,255,tpc_lock,1.7690308094024658,46561,21,1
1771695046.4860184,258_2,258,tpc_commit,4.21667742729187,28795,21,1
1771695046.5547245,250_3,250,tpc_lock,4.379252433776856,46561,21,1
1771695046.6584218,251_2,251,tpc_lock,13.94212555885315,46561,21,1
1771695046.6621227,252_2,252,tpc_commit,16.42163872718811,28795,21,1
1771695046.71407,257_2,257,tpc_lock,13.865084171295166,46549,21,1
1771695054.3230274,252_3,252,tpc_lock,6.866538763046265,46561,22,1
1771695054.358394,256_3,256,tpc_lock,7.097110748291016,46561,22,1
1771695054.5789993,254_2,254,tpc_commit,8.263197898864746,28795,22,1
1771695054.6877337,258_3,258,tpc_lock,7.605690717697143,46561,22,1
1771695058.3596883,259_2,259,tpc_lock,13.789123773574827,46561,22,1
1771695058.3701558,251_2,251,das_work,7.208486795425415,48258,22,1
1771695058.6886463,258_3,258,tpc_lock,4.000900268554688,46561,22,1
1771695058.7348285,257_2,257,das_work,3.0468590259552,48258,22,1
1771695058.767612,255_3,255,das_work,3.9850785732269287,48258,22,1
1771695058.883686,254_2,254,tpc_commit,4.304676294326782,28795,22,1
1771695058.9131854,253_2,253,tpc_lock,14.367563009262083,46561,22,1
1771695058.9227438,250_3,250,das_work,8.220047235488892,48258,22,1
1771695059.0664942,252_3,252,tpc_lock,4.74345588684082,46561,22,1
1771695059.066633,256_3,256,tpc_lock,4.708226680755615,46561,22,1
1771695066.5443957,254_3,254,tpc_lock,6.4093873500823975,46561,23,1
1771695066.5880642,250_3,250,tpc_commit,7.665308475494385,28795,23,1
1771695068.5340824,257_2,257,tpc_commit,9.79924249649048,28783,23,1
1771695068.5922728,251_2,251,tpc_commit,10.222104787826538,28795,23,1
1771695068.636575,255_3,255,tpc_commit,9.86894917488098,28795,23,1
1771695070.3008852,250_3,250,tpc_commit,3.71280837059021,28795,23,1
1771695070.3454714,253_2,253,das_work,9.481490850448608,48258,23,1
1771695070.6201217,258_3,258,das_work,2.44990611076355,48258,23,1
1771695070.6657057,256_3,256,das_work,9.047186613082886,48258,23,1
1771695070.6687312,259_2,259,das_work,7.439555168151855,48258,23,1
1771695070.8692482,254_3,254,tpc_lock,4.324841499328613,46561,23,1
1771695071.0649736,252_3,252,das_work,3.516563892364502,48258,23,1
1771695078.2344258,258_3,258,tpc_commit,7.614295721054077,28795,24,1
1771695078.2511573,252_3,252,tpc_commit,7.186173439025879,28795,24,1
1771695078.2775495,250_4,250,tpc_lock,7.043544292449951,46561,24,1
1771695078.3311658,256_3,256,tpc_commit,7.665447473526001,28795,24,1
1771695080.4453764,259_2,259,tpc_commit,9.776634693145752,28795,24,1
1771695080.4699929,253_2,253,tpc_commit,10.124512195587158,28795,24,1
1771695082.3512497,258_3,258,tpc_commit,4.116814374923706,28795,24,1
1771695082.4340515,251_2,251,tpc_commit,13.84176754951477,28795,24,1
1771695082.4409952,257_2,257,tpc_commit,13.906902074813845,28783,24,1
1771695082.50806,254_3,254,das_work,9.039983987808228,48258,24,1
1771695082.5450356,250_4,250,tpc_lock,4.2674760818481445,46561,24,1
1771695082.6479876,256_3,256,tpc_commit,4.316811800003052,28795,24,1
1771695082.704836,252_3,252,tpc_commit,4.453668594360352,28795,24,1
1771695082.8009434,259_2,259,tpc_commit,2.355558156967163,28795,24,1
1771695082.8620975,253_2,253,tpc_commit,2.3920931816101074,28795,24,1
1771695082.8661418,255_3,255,tpc_commit,14.229554414749146,28795,24,1
1771695090.099971,252_4,252,tpc_lock,6.777372360229492,46561,25,1
1771695090.1189291,258_4,258,tpc_lock,6.528639078140259,46549,25,1
1771695090.1495795,254_3,254,tpc_commit,7.6415088176727295,28795,25,1
1771695090.2352984,256_4,256,tpc_lock,6.648176670074463,46561,25,1
1771695092.5648532,257_3,257,tpc_lock,9.554983615875244,46561,25,1
1771695092.5743754,255_4,255,tpc_lock,8.949642658233643,46561,25,1
1771695092.5869184,251_3,251,tpc_lock,9.262211084365845,46561,25,1
1771695092.6646583,253_3,253,tpc_lock,8.19915771484375,46561,25,1
1771695092.6681452,259_3,259,tpc_lock,8.513228416442871,46549,25,1
1771695094.2951226,254_3,254,tpc_commit,4.145532846450806,28795,25,1
1771695094.414634,258_4,258,tpc_lock,4.295692920684815,46549,25,1
1771695094.4547868,252_4,252,tpc_lock,4.354803323745728,46561,25,1
1771695094.4733927,256_4,256,tpc_lock,4.238080978393555,46561,25,1
1771695094.9524865,250_4,250,das_work,9.129005670547484,48258,25,1
1771695102.3516352,254_4,254,tpc_lock,6.535592794418335,46561,26,1
1771695102.374085,250_4,250,tpc_commit,7.421586513519287,28795,26,1
1771695106.4239051,255_4,255,tpc_lock,13.84951901435852,46561,26,1
1771695106.8192897,253_3,253,tpc_lock,14.154621124267578,46561,26,1
1771695106.935419,256_4,256,das_work,11.246460437774658,48258,26,1
1771695107.003782,251_3,251,tpc_lock,14.41684865951538,46561,26,1
1771695107.0537088,259_3,259,tpc_lock,14.385553359985352,46549,26,1
1771695107.1904745,257_3,257,tpc_lock,14.625611782073976,46561,26,1
1771695114.179352,256_4,256,tpc_commit,7.243922233581543,28795,27,1
1771695118.3482163,254_4,254,tpc_lock,15.996570348739624,46561,27,1
1771695118.429486,257_3,257,das_work,4.53171968460083,48258,27,1
1771695118.4636283,256_4,256,tpc_commit,4.2842652797698975,28795,27,1
1771695118.5119455,252_4,252,das_work,15.81115984916687,48258,27,1
1771695118.5396256,258_4,258,das_work,14.53226399421692,48258,27,1
1771695118.6490748,253_3,253,das_work,10.46938419342041,48258,27,1
1771695118.6618626,251_3,251,das_work,5.2474775314331055,48258,27,1
1771695118.7166698,250_4,250,tpc_commit,16.34247374534607,28795,27,1
1771695118.7985554,259_3,259,das_work,7.1345295906066895,48258,27,1
1771695118.941991,255_4,255,das_work,8.902232646942139,48258,27,1
1771695126.3155825,252_4,252,tpc_commit,7.803622007369995,28795,28,1
1771695126.3570163,258_4,258,tpc_commit,7.817378282546997,28783,28,1
1771695128.659416,251_3,251,tpc_commit,9.99754238128662,28795,28,1
1771695128.6644511,259_3,259,tpc_commit,9.865882873535156,28783,28,1
1771695128.6900082,257_3,257,tpc_commit,10.260507583618164,28795,28,1
1771695128.7097356,255_4,255,tpc_commit,9.767733335494995,28795,28,1
1771695128.7519186,253_3,253,tpc_commit,10.102832078933716,28795,28,1
1771695130.30421,254_4,254,das_work,9.273810863494871,48258,28,1
1771695130.647691,258_4,258,tpc_commit,4.290660858154297,28783,28,1
1771695130.7876604,252_4,252,tpc_commit,4.472064733505249,28795,28,1
1771695138.351859,254_4,254,tpc_commit,8.047637224197388,28795,29,1
1771695142.3002005,257_3,257,tpc_commit,13.6101815700531,28795,29,1
1771695142.303187,251_3,251,tpc_commit,13.643760204315186,28795,29,1
1771695142.3195336,253_3,253,tpc_commit,13.567604541778564,28795,29,1
1771695142.3220315,254_4,254,tpc_commit,3.9701626300811768,28795,29,1
1771695142.3591454,259_3,259,tpc_commit,13.69468379020691,28783,29,1
1771695142.6552217,255_4,255,tpc_commit,13.94547152519226,28795,29,1
1771695152.7129486,253_4,253,tpc_lock,8.969831705093384,46561,30,1
1771695152.7311835,251_4,251,tpc_lock,9.214899778366089,46561,30,1
1771695152.8084705,259_4,259,tpc_lock,9.518273830413818,46561,30,1
1771695152.821844,257_4,257,tpc_lock,8.8041090965271,46561,30,1
1771695154.3316164,253_4,253,tpc_lock,1.61865496635437,46561,30,1
1771695154.496331,259_4,259,tpc_lock,1.687849998474121,46561,30,1
1771695154.5062757,251_4,251,tpc_lock,1.7750816345214844,46561,30,1
1771695166.2843354,251_4,251,das_work,8.701651334762573,48258,31,1
1771695166.2859662,259_4,259,das_work,10.23780608177185,48258,31,1
1771695166.3454182,253_4,253,das_work,9.523978233337402,48258,31,1
1771695166.402623,257_4,257,tpc_lock,13.58074426651001,46561,31,1
1771695176.5332751,251_4,251,tpc_commit,10.248927116394045,28795,32,1
1771695176.5506628,259_4,259,tpc_commit,10.264686107635498,28795,32,1
1771695176.5560217,253_4,253,tpc_commit,10.21059250831604,28795,32,1
1771695178.224656,259_4,259,tpc_commit,1.673983812332153,28795,32,1
1771695178.2253594,257_4,257,das_work,5.782766103744507,48258,32,1
1771695178.250523,253_4,253,tpc_commit,1.6944918632507324,28795,32,1
1771695178.264284,251_4,251,tpc_commit,1.7309975624084473,28795,32,1
1771695188.5774126,257_4,257,tpc_commit,10.352043867111206,28795,33,1
1771695190.2460642,257_4,257,tpc_commit,1.668639898300171,28795,33,1
1771694934.004007,262_0,262,tpc_lock,7.588145971298218,46549,12,1
1771694934.026023,268_0,268,tpc_lock,9.40731406211853,46561,12,1
1771694934.041443,260_0,260,tpc_lock,3.853451728820801,46561,12,1
1771694934.0569606,266_0,266,tpc_lock,3.3688387870788574,46561,12,1
1771694934.0589778,264_0,264,tpc_lock,7.4988017082214355,46549,12,1
1771694936.2737432,265_0,265,tpc_lock,1.2434744834899902,46561,12,1
1771694936.294432,263_0,263,tpc_lock,9.841091394424438,46561,12,1
1771694936.3057537,267_0,267,tpc_lock,1.3522984981536863,46561,12,1
1771694936.3273373,269_0,269,tpc_lock,6.002021551132202,46561,12,1
1771694936.377141,261_0,261,tpc_lock,9.109965085983276,46561,12,1
1771694938.112995,264_0,264,tpc_lock,4.054011583328247,46549,12,1
1771694938.139027,261_0,261,tpc_lock,1.7618815898895264,46561,12,1
1771694938.1784692,266_0,266,tpc_lock,4.121503114700317,46561,12,1
1771694938.1845958,267_0,267,tpc_lock,1.878835916519165,46561,12,1
1771694938.199609,269_0,269,tpc_lock,1.8722648620605469,46561,12,1
1771694938.2672873,268_0,268,tpc_lock,4.2412590980529785,46561,12,1
1771694938.2787535,260_0,260,tpc_lock,4.237305641174316,46561,12,1
1771694938.3856208,263_0,263,tpc_lock,2.091182947158813,46561,12,1
1771694938.439031,262_0,262,tpc_lock,4.435017108917236,46549,12,1
1771694938.449244,265_0,265,tpc_lock,2.1754939556121826,46561,12,1
1771694950.30032,262_0,262,das_work,4.94676399230957,48258,13,1
1771694950.3084185,268_0,268,das_work,4.78671407699585,48258,13,1
1771694950.4542549,266_0,266,das_work,9.976846694946287,48258,13,1
1771694950.5047286,267_0,267,das_work,10.591439247131348,48258,13,1
1771694950.6391678,269_0,269,das_work,10.10233449935913,48258,13,1
1771694950.713888,261_0,261,das_work,7.5247979164123535,48258,13,1
1771694950.7972853,264_0,264,das_work,5.900161743164063,48258,13,1
1771694950.7997332,263_0,263,das_work,7.522082090377808,48258,13,1
1771694950.854426,265_0,265,das_work,7.857445955276489,48258,13,1
1771694950.8893774,260_0,260,das_work,4.352793216705322,48258,13,1
1771694958.1930752,268_0,268,tpc_commit,7.884645462036133,28795,14,1
1771694958.220529,264_0,264,tpc_commit,7.4232337474823,28783,14,1
1771694958.2734897,262_0,262,tpc_commit,7.973113775253296,28783,14,1
1771694958.3035705,266_0,266,tpc_commit,7.849304914474487,28795,14,1
1771694958.3929574,260_0,260,tpc_commit,7.50356912612915,28795,14,1
1771694960.4127998,263_0,263,tpc_commit,9.613054752349854,28795,14,1
1771694960.429305,261_0,261,tpc_commit,9.715405464172363,28795,14,1
1771694960.438342,267_0,267,tpc_commit,9.933601140975952,28795,14,1
1771694960.4569538,269_0,269,tpc_commit,9.8177752494812,28795,14,1
1771694960.5371072,265_0,265,tpc_commit,9.68267035484314,28795,14,1
1771694962.189217,264_0,264,tpc_commit,3.968675374984741,28783,14,1
1771694962.1946523,260_0,260,tpc_commit,3.801685094833374,28795,14,1
1771694962.1954997,263_0,263,tpc_commit,1.782689332962036,28795,14,1
1771694962.2080095,266_0,266,tpc_commit,3.9044289588928223,28795,14,1
1771694962.2291558,265_0,265,tpc_commit,1.69203782081604,28795,14,1
1771694962.29572,267_0,267,tpc_commit,1.8573687076568604,28795,14,1
1771694962.530639,262_0,262,tpc_commit,4.257138729095459,28783,14,1
1771694962.876395,268_0,268,tpc_commit,4.683308124542236,28795,14,1
1771694970.2850869,268_1,268,tpc_lock,6.375658750534058,46561,15,1
1771694970.3936715,264_1,264,tpc_lock,7.247660160064697,46561,15,1
1771694970.3996322,262_1,262,tpc_lock,7.1518168449401855,46561,15,1
1771694970.4269977,260_1,260,tpc_lock,7.251202821731567,46561,15,1
1771694970.4352088,266_1,266,tpc_lock,7.681266069412231,46549,15,1
1771694972.5982363,265_1,265,tpc_lock,8.48574185371399,46561,15,1
1771694972.6129022,267_1,267,tpc_lock,8.408797264099121,46561,15,1
1771694972.6568935,263_1,263,tpc_lock,9.191748857498167,46561,15,1
1771694974.2219014,262_1,262,tpc_lock,3.8222596645355225,46561,15,1
1771694974.2317123,269_0,269,tpc_commit,13.77474856376648,28795,15,1
1771694974.2533991,266_1,266,tpc_lock,3.818179845809937,46549,15,1
1771694974.2880704,264_1,264,tpc_lock,3.894387006759644,46561,15,1
1771694974.539584,268_1,268,tpc_lock,4.254488945007324,46561,15,1
1771694974.561149,260_1,260,tpc_lock,4.134139537811279,46561,15,1
1771694974.6507788,261_0,261,tpc_commit,14.221462965011597,28795,15,1
1771694984.5098095,261_1,261,tpc_lock,8.457235336303711,46561,16,1
1771694984.5114455,269_1,269,tpc_lock,8.79594373703003,46561,16,1
1771694986.2524624,266_1,266,das_work,3.173925399780273,48258,16,1
1771694986.2678676,264_1,264,das_work,4.5152997970581055,48258,16,1
1771694986.4535296,268_1,268,das_work,10.128048419952393,48258,16,1
1771694986.6027017,262_1,262,das_work,5.272859334945679,48258,16,1
1771694986.6179075,260_1,260,das_work,8.77636981010437,48258,16,1
1771694986.7533824,263_1,263,tpc_lock,14.096478700637816,46561,16,1
1771694986.9268851,265_1,265,tpc_lock,14.328637599945068,46561,16,1
1771694986.930982,267_1,267,tpc_lock,14.31806755065918,46561,16,1
1771694994.154774,264_1,264,tpc_commit,7.886895656585693,28795,17,1
1771694994.1714742,260_1,260,tpc_commit,7.5535569190979,28795,17,1
1771694994.1735544,268_1,268,tpc_commit,7.720013618469238,28795,17,1
1771694994.2285368,262_1,262,tpc_commit,7.625823497772217,28795,17,1
1771694994.2359447,266_1,266,tpc_commit,7.983471155166626,28783,17,1
1771694998.3069246,263_1,263,das_work,9.4965980052948,48258,17,1
1771694998.312993,262_1,262,tpc_commit,4.0844457149505615,28795,17,1
1771694998.4177985,260_1,260,tpc_commit,4.2463154792785645,28795,17,1
1771694998.4382305,266_1,266,tpc_commit,4.202275514602661,28783,17,1
1771694998.445996,261_1,261,tpc_lock,13.936176776885986,46561,17,1
1771694998.5085542,264_1,264,tpc_commit,4.353769779205322,28795,17,1
1771694998.5347445,269_1,269,tpc_lock,14.023289442062378,46561,17,1
1771694998.672711,265_1,265,das_work,6.9622204303741455,48258,17,1
1771694998.7082412,268_1,268,tpc_commit,4.534677505493164,28795,17,1
1771694998.7376611,267_1,267,das_work,5.725606679916382,48258,17,1
1771695006.764814,266_2,266,tpc_lock,7.653945446014404,46561,18,1
1771695006.7854142,260_2,260,tpc_lock,7.046847343444824,46561,18,1
1771695006.8070076,268_2,268,tpc_lock,6.305115461349487,46561,18,1
1771695006.8784957,264_2,264,tpc_lock,6.886518239974976,46561,18,1
1771695006.925289,262_2,262,tpc_lock,7.498659610748291,46561,18,1
1771695008.5916038,267_1,267,tpc_commit,9.85393214225769,28795,18,1
1771695008.6164854,263_1,263,tpc_commit,10.309552907943726,28795,18,1
1771695008.6546736,265_1,265,tpc_commit,9.981952905654907,28795,18,1
1771695010.1783454,260_2,260,tpc_lock,3.3929214477539062,46561,18,1
1771695010.2049053,269_1,269,das_work,2.8209750652313232,48258,18,1
1771695010.259291,266_2,266,tpc_lock,3.4944653511047363,46561,18,1
1771695010.4492855,261_1,261,das_work,9.549287796020508,48258,18,1
1771695010.508787,264_2,264,tpc_lock,3.630280494689941,46561,18,1
1771695010.5302763,262_2,262,tpc_lock,3.6049749851226807,46561,18,1
1771695020.431213,269_1,269,tpc_commit,10.226295471191406,28795,19,1
1771695020.4655154,261_1,261,tpc_commit,10.01621699333191,28795,19,1
1771695022.32535,265_1,265,tpc_commit,13.67066478729248,28795,19,1
1771695022.4872174,268_2,268,tpc_lock,15.680193901062012,46561,19,1
1771695022.5045266,262_2,262,das_work,6.551460266113281,48258,19,1
1771695022.5431788,267_1,267,tpc_commit,13.9515643119812,28795,19,1
1771695022.679072,264_2,264,das_work,5.835325002670288,48258,19,1
1771695022.7802174,260_2,260,das_work,10.229290008544922,48258,19,1
1771695022.8898818,266_2,266,das_work,4.260671854019165,48258,19,1
1771695023.0907197,263_1,263,tpc_commit,14.474223613739014,28795,19,1
1771695030.236272,266_2,266,tpc_commit,7.346379041671753,28795,20,1
1771695030.306915,262_2,262,tpc_commit,7.802376747131348,28795,20,1
1771695030.4492164,260_2,260,tpc_commit,7.668989181518555,28795,20,1
1771695030.4592712,264_2,264,tpc_commit,7.780185699462891,28795,20,1
1771695032.7944686,267_2,267,tpc_lock,8.3412606716156,46561,20,1
1771695032.7992444,265_2,265,tpc_lock,8.653006076812744,46561,20,1
1771695032.8390164,263_2,263,tpc_lock,7.915979146957397,46561,20,1
1771695034.7777648,269_1,269,tpc_commit,14.346542119979858,28795,20,1
1771695034.8923385,261_1,261,tpc_commit,14.426811695098875,28795,20,1
1771695035.8634791,268_2,268,das_work,5.838128566741943,48258,20,1
1771695042.1715074,268_2,268,tpc_commit,6.308016538619995,28795,21,1
1771695044.533121,269_2,269,tpc_lock,8.827707052230835,46561,21,1
1771695044.619971,261_2,261,tpc_lock,7.9656877517700195,46537,21,1
1771695046.3536394,268_2,268,tpc_commit,4.182121753692627,28795,21,1
1771695046.38304,266_2,266,tpc_commit,16.146758317947388,28795,21,1
1771695046.4219482,262_2,262,tpc_commit,16.115022897720337,28795,21,1
1771695046.494124,263_2,263,tpc_lock,13.655093908309937,46561,21,1
1771695046.6687326,264_2,264,tpc_commit,16.2094509601593,28795,21,1
1771695046.772571,265_2,265,tpc_lock,13.97331690788269,46561,21,1
1771695046.7802827,269_2,269,tpc_lock,2.2471513748168945,46561,21,1
1771695046.7924166,260_2,260,tpc_commit,16.34319043159485,28795,21,1
1771695046.9618988,267_2,267,tpc_lock,14.167418003082275,46561,21,1
1771695054.3502204,264_3,264,tpc_lock,5.8509063720703125,46561,22,1
1771695054.3843963,260_3,260,tpc_lock,6.517549276351929,46561,22,1
1771695054.38811,262_3,262,tpc_lock,6.34408974647522,46549,22,1
1771695054.3920245,268_3,268,tpc_lock,7.063966751098633,46561,22,1
1771695054.4364655,266_3,266,tpc_lock,6.599675893783569,46537,22,1
1771695058.284933,266_3,266,tpc_lock,3.8484561443328857,46537,22,1
1771695058.3701658,269_2,269,das_work,3.4893994331359863,48258,22,1
1771695058.528439,263_2,263,das_work,2.6372833251953125,48258,22,1
1771695058.53109,268_3,268,tpc_lock,4.139010190963745,46561,22,1
1771695058.547418,265_2,265,das_work,7.055150985717773,48258,22,1
1771695058.5914714,260_3,260,tpc_lock,4.207063436508179,46561,22,1
1771695058.8328075,267_2,267,das_work,9.80472493171692,48258,22,1
1771695058.9960492,264_3,264,tpc_lock,4.645816087722778,46561,22,1
1771695059.0055723,262_3,262,tpc_lock,4.617450952529907,46549,22,1
1771695059.163704,261_2,261,tpc_lock,14.543721675872805,46537,22,1
1771695068.5195231,265_2,265,tpc_commit,9.972094774246216,28795,23,1
1771695068.5240574,269_2,269,tpc_commit,10.153880834579468,28795,23,1
1771695068.5549293,263_2,263,tpc_commit,10.02647876739502,28795,23,1
1771695068.639826,267_2,267,tpc_commit,9.807008504867554,28795,23,1
1771695070.6230648,261_2,261,das_work,9.343971490859984,48258,23,1
1771695070.7989235,268_3,268,das_work,8.189790964126587,48258,23,1
1771695070.8243911,264_3,264,das_work,4.477076530456543,48258,23,1
1771695070.8677802,266_3,266,das_work,8.290439128875732,48258,23,1
1771695070.8911526,262_3,262,das_work,7.8205413818359375,48258,23,1
1771695071.047998,260_3,260,das_work,2.9208245277404785,48258,23,1
1771695078.221562,268_3,268,tpc_commit,7.422628164291382,28795,24,1
1771695078.28846,266_3,266,tpc_commit,7.420667886734009,28771,24,1
1771695078.3075695,262_3,262,tpc_commit,7.4164063930511475,28783,24,1
1771695078.3417516,260_3,260,tpc_commit,7.293742418289185,28795,24,1
1771695078.345157,264_3,264,tpc_commit,7.520757436752319,28795,24,1
1771695080.4691734,261_2,261,tpc_commit,9.846096515655518,28771,24,1
1771695082.3206146,268_3,268,tpc_commit,4.099040269851685,28795,24,1
1771695082.3501642,264_3,264,tpc_commit,4.004996061325073,28795,24,1
1771695082.360865,266_3,266,tpc_commit,4.072394609451294,28771,24,1
1771695082.5625389,261_2,261,tpc_commit,2.0933549404144287,28771,24,1
1771695082.568736,263_2,263,tpc_commit,14.0137939453125,28795,24,1
1771695082.5767305,269_2,269,tpc_commit,14.052662372589111,28795,24,1
1771695082.7193546,260_3,260,tpc_commit,4.377593040466309,28795,24,1
1771695082.7418025,262_3,262,tpc_commit,4.434223175048828,28783,24,1
1771695082.815006,267_2,267,tpc_commit,14.175167560577393,28795,24,1
1771695082.8375766,265_2,265,tpc_commit,14.31804132461548,28795,24,1
1771695090.0909147,268_4,268,tpc_lock,6.166806936264038,46561,25,1
1771695090.1213603,262_4,262,tpc_lock,5.549753665924072,46549,25,1
1771695090.1299694,266_4,266,tpc_lock,6.520899534225464,46561,25,1
1771695090.1860652,264_4,264,tpc_lock,5.983146667480469,46561,25,1
1771695090.25497,260_4,260,tpc_lock,5.862908363342285,46561,25,1
1771695092.5817049,267_3,267,tpc_lock,8.177852869033813,46561,25,1
1771695092.5939012,263_3,263,tpc_lock,8.942474126815796,46561,25,1
1771695092.6046786,269_3,269,tpc_lock,8.780948162078857,46561,25,1
1771695092.6116004,261_3,261,tpc_lock,8.511863708496094,46561,25,1
1771695092.678223,265_3,265,tpc_lock,8.05732536315918,46561,25,1
1771695094.2681024,261_3,261,tpc_lock,1.6564908027648926,46561,25,1
1771695094.3892956,262_4,262,tpc_lock,4.267922401428223,46549,25,1
1771695094.5704634,260_4,260,tpc_lock,4.315482139587402,46561,25,1
1771695094.6051216,268_4,268,tpc_lock,4.514194488525391,46561,25,1
1771695094.609195,266_4,266,tpc_lock,4.479214429855347,46561,25,1
1771695094.9834845,263_3,263,tpc_lock,2.389570474624634,46561,25,1
1771695095.0095806,264_4,264,tpc_lock,4.823503494262695,46561,25,1
1771695106.3040617,266_4,266,das_work,7.319149494171143,48258,26,1
1771695106.3361137,269_3,269,tpc_lock,13.731424808502195,46561,26,1
1771695106.675617,264_4,264,das_work,6.730191707611084,48258,26,1
1771695106.6811635,265_3,265,tpc_lock,14.00292944908142,46561,26,1
1771695106.8005793,260_4,260,das_work,6.670070648193359,48258,26,1
1771695106.9094622,268_4,268,das_work,5.228846788406372,48258,26,1
1771695106.9610984,261_3,261,das_work,10.76724123954773,48258,26,1
1771695107.001687,267_3,267,tpc_lock,14.419968366622925,46561,26,1
1771695107.0993502,262_4,262,das_work,9.011844873428345,48258,26,1
1771695114.17945,260_4,260,tpc_commit,7.378858089447021,28795,27,1
1771695114.2077668,266_4,266,tpc_commit,7.903695344924927,28795,27,1
1771695114.2180223,268_4,268,tpc_commit,7.308549165725708,28795,27,1
1771695114.2238178,264_4,264,tpc_commit,7.548187017440796,28795,27,1
1771695114.2271552,262_4,262,tpc_commit,7.127791404724121,28783,27,1
1771695116.5693505,261_3,261,tpc_commit,9.608237743377686,28795,27,1
1771695118.3488066,269_3,269,das_work,8.019128799438477,48258,27,1
1771695118.474736,268_4,268,tpc_commit,4.256700038909912,28795,27,1
1771695118.5970993,267_3,267,das_work,5.734009265899658,48258,27,1
1771695118.612324,266_4,266,tpc_commit,4.404546499252319,28795,27,1
1771695118.6242404,265_3,265,das_work,6.963239669799805,48258,27,1
1771695118.6989172,264_4,264,tpc_commit,4.475080966949463,28795,27,1
1771695118.7297134,262_4,262,tpc_commit,4.502548933029175,28783,27,1
1771695118.769471,263_3,263,das_work,16.69579267501831,48258,27,1
1771695118.815506,261_3,261,tpc_commit,2.24614691734314,28795,27,1
1771695118.8253567,260_4,260,tpc_commit,4.645895481109619,28795,27,1
1771695128.6381943,263_3,263,tpc_commit,9.868709802627563,28795,28,1
1771695128.640174,267_3,267,tpc_commit,10.043062925338743,28795,28,1
1771695128.6482103,269_3,269,tpc_commit,10.29939031600952,28795,28,1
1771695128.776402,261_4,261,tpc_lock,8.408584117889404,46561,28,1
1771695128.8305788,265_3,265,tpc_commit,10.20632553100586,28795,28,1
1771695142.2983463,265_3,265,tpc_commit,13.467754602432253,28795,29,1
1771695142.3030114,261_4,261,tpc_lock,13.52659821510315,46561,29,1
1771695142.5646927,263_3,263,tpc_commit,13.926486015319824,28795,29,1
1771695142.5831168,267_3,267,tpc_commit,13.942932605743408,28795,29,1
1771695142.664024,269_3,269,tpc_commit,14.015801668167114,28795,29,1
1771695152.7107728,267_4,267,tpc_lock,8.573840856552124,46561,30,1
1771695152.7367225,265_4,265,tpc_lock,9.792376518249512,46561,30,1
1771695152.7509108,269_4,269,tpc_lock,8.928617000579834,46561,30,1
1771695152.7759724,263_4,263,tpc_lock,9.349645137786863,46561,30,1
1771695154.338859,267_4,267,tpc_lock,1.6280264854431152,46561,30,1
1771695154.3819585,265_4,265,tpc_lock,1.645223617553711,46561,30,1
1771695154.4538045,263_4,263,tpc_lock,1.677820920944214,46561,30,1
1771695154.493507,261_4,261,das_work,9.705294132232666,48258,30,1
1771695154.603257,269_4,269,tpc_lock,1.8522789478302,46561,30,1
1771695164.6312077,261_4,261,tpc_commit,10.137688875198364,28795,31,1
1771695166.3207636,267_4,267,das_work,9.107069492340088,48258,31,1
1771695166.332832,263_4,263,das_work,9.886059522628784,48258,31,1
1771695166.3705528,261_4,261,tpc_commit,1.7393343448638916,28795,31,1
1771695166.3785017,269_4,269,das_work,4.2252044677734375,48258,31,1
1771695166.427456,265_4,265,das_work,6.862272024154663,48258,31,1
1771695176.5368297,267_4,267,tpc_commit,10.216055393218994,28795,32,1
1771695176.5744402,269_4,269,tpc_commit,10.195926904678345,28795,32,1
1771695176.6374755,265_4,265,tpc_commit,10.210009574890137,28795,32,1
1771695176.6520216,263_4,263,tpc_commit,10.319177627563477,28795,32,1
1771695178.2227194,263_4,263,tpc_commit,1.5706872940063477,28795,32,1
1771695178.230299,267_4,267,tpc_commit,1.69346022605896,28795,32,1
1771695178.2341464,269_4,269,tpc_commit,1.6596958637237549,28795,32,1
1771695178.2411392,265_4,265,tpc_commit,1.6036484241485596,28795,32,1
1771694934.0013893,272_0,272,tpc_lock,2.354682207107544,46561,12,1
1771694934.017246,274_0,274,tpc_lock,7.377992868423462,46561,12,1
1771694936.272993,271_0,271,tpc_lock,8.281790494918823,46561,12,1
1771694936.2830963,277_0,277,tpc_lock,4.8923304080963135,46561,12,1
1771694936.304505,273_0,273,tpc_lock,8.608853816986084,46549,12,1
1771694936.31936,275_0,275,tpc_lock,6.734280586242676,46561,12,1
1771694938.113162,274_0,274,tpc_lock,4.095911264419556,46561,12,1
1771694938.1325912,272_0,272,tpc_lock,4.13119101524353,46561,12,1
1771694938.169637,273_0,273,tpc_lock,1.865124225616455,46549,12,1
1771694938.21745,271_0,271,tpc_lock,1.9444513320922847,46561,12,1
1771694938.2785203,277_0,277,tpc_lock,1.9954168796539309,46561,12,1
1771694938.401438,275_0,275,tpc_lock,2.0820720195770264,46561,12,1
1771694946.2480094,270_0,270,tpc_lock,6.6789186000823975,46561,13,1
1771694946.2750998,278_0,278,tpc_lock,9.824647665023804,46549,13,1
1771694946.3300364,276_0,276,tpc_lock,12.335150480270386,46561,13,1
1771694948.4574814,279_0,279,tpc_lock,11.428077697753906,46561,13,1
1771694950.3072088,275_0,275,das_work,3.4296703338623047,48258,13,1
1771694950.3387506,270_0,270,tpc_lock,4.090735912322998,46561,13,1
1771694950.345255,273_0,273,das_work,6.5078771114349365,48258,13,1
1771694950.4636009,272_0,272,das_work,3.068768262863159,48258,13,1
1771694950.6615322,277_0,277,das_work,5.279407501220703,48258,13,1
1771694950.7327974,271_0,271,das_work,7.214100837707519,48258,13,1
1771694950.7645545,278_0,278,tpc_lock,4.489421844482422,46549,13,1
1771694950.7742832,279_0,279,tpc_lock,2.316795110702514,46561,13,1
1771694950.81097,274_0,274,das_work,7.203091144561768,48258,13,1
1771694950.890561,276_0,276,tpc_lock,4.560518741607666,46561,13,1
1771694958.1936798,272_0,272,tpc_commit,7.730068206787109,28795,14,1
1771694958.2227182,274_0,274,tpc_commit,7.411738395690918,28795,14,1
1771694960.4179606,271_0,271,tpc_commit,9.685153007507324,28795,14,1
1771694960.463168,273_0,273,tpc_commit,10.117902517318726,28783,14,1
1771694960.4852357,275_0,275,tpc_commit,10.1780104637146,28795,14,1
1771694960.5282383,277_0,277,tpc_commit,9.866694688796995,28795,14,1
1771694962.2401717,277_0,277,tpc_commit,1.7119238376617432,28795,14,1
1771694962.2984438,271_0,271,tpc_commit,1.8804738521575928,28795,14,1
1771694962.3017182,278_0,278,das_work,2.5997440814971924,48258,14,1
1771694962.3224297,270_0,270,das_work,2.711952447891236,48258,14,1
1771694962.45938,273_0,273,tpc_commit,1.996201992034912,28783,14,1
1771694962.605027,279_0,279,das_work,3.265606641769409,48258,14,1
1771694962.650641,276_0,276,das_work,4.301076889038086,48258,14,1
1771694962.807535,274_0,274,tpc_commit,4.584805727005005,28795,14,1
1771694962.910709,272_0,272,tpc_commit,4.717017650604248,28795,14,1
1771694970.2887037,276_0,276,tpc_commit,7.638051509857178,28795,15,1
1771694970.30069,278_0,278,tpc_commit,7.998956918716431,28783,15,1
1771694970.356403,274_1,274,tpc_lock,6.175499677658081,46561,15,1
1771694970.3650572,270_0,270,tpc_commit,8.042617321014404,28795,15,1
1771694970.47452,272_1,272,tpc_lock,6.917967319488525,46561,15,1
1771694972.5991642,273_1,273,tpc_lock,8.710920095443726,46549,15,1
1771694972.622208,279_0,279,tpc_commit,10.017170190811155,28795,15,1
1771694972.667364,271_1,271,tpc_lock,9.54778814315796,46549,15,1
1771694972.747815,277_1,277,tpc_lock,9.49499535560608,46561,15,1
1771694974.2925768,276_0,276,tpc_commit,4.003863334655762,28795,15,1
1771694974.293604,278_0,278,tpc_commit,3.992903470993042,28783,15,1
1771694974.3582933,272_1,272,tpc_lock,3.883763074874878,46561,15,1
1771694974.4849367,274_1,274,tpc_lock,4.128523826599121,46561,15,1
1771694974.4856906,275_0,275,tpc_commit,14.000444889068604,28795,15,1
1771694974.7282035,270_0,270,tpc_commit,4.363137006759644,28795,15,1
1771694982.339357,270_1,270,tpc_lock,6.8115293979644775,46561,16,1
1771694982.5594397,278_1,278,tpc_lock,7.039657115936279,46561,16,1
1771694982.639239,276_1,276,tpc_lock,7.667138576507568,46561,16,1
1771694984.5182602,275_1,275,tpc_lock,8.278169870376587,46561,16,1
1771694986.2475054,273_1,273,tpc_lock,13.648329973220823,46549,16,1
1771694986.2550178,270_1,270,tpc_lock,3.915649652481079,46561,16,1
1771694986.2596526,277_1,277,tpc_lock,13.511824369430542,46561,16,1
1771694986.3056197,271_1,271,tpc_lock,13.638244152069092,46549,16,1
1771694986.430127,272_1,272,das_work,8.562721252441406,48258,16,1
1771694986.476539,276_1,276,tpc_lock,3.837289571762085,46561,16,1
1771694986.6501114,278_1,278,tpc_lock,4.090660095214844,46561,16,1
1771694986.7948525,279_0,279,tpc_commit,14.172633409500122,28795,16,1
1771694994.1967971,272_1,272,tpc_commit,7.766659259796143,28795,17,1
1771694996.382645,279_1,279,tpc_lock,7.782894134521484,46561,17,1
1771694998.2547276,277_1,277,das_work,3.6936519145965576,48258,17,1
1771694998.3413248,278_1,278,das_work,9.011576175689695,48258,17,1
1771694998.368737,274_1,274,das_work,13.894686937332152,48258,17,1
1771694998.3848836,279_1,279,tpc_lock,2.0022284984588623,46561,17,1
1771694998.5078557,275_1,275,tpc_lock,13.989582777023315,46561,17,1
1771694998.5318775,276_1,276,das_work,5.845123767852783,48258,17,1
1771694998.5555823,273_1,273,das_work,6.907634019851685,48258,17,1
1771694998.5626583,272_1,272,tpc_commit,4.365851879119873,28795,17,1
1771694998.5782833,270_1,270,das_work,3.374539375305176,48258,17,1
1771694998.7851803,271_1,271,das_work,10.578523635864258,48258,17,1
1771695006.656221,278_1,278,tpc_commit,8.314885377883911,28795,18,1
1771695006.831421,270_1,270,tpc_commit,8.253129243850708,28795,18,1
1771695006.8446283,276_1,276,tpc_commit,8.31273889541626,28795,18,1
1771695006.8469434,274_1,274,tpc_commit,8.478197813034058,28795,18,1
1771695006.9372003,272_2,272,tpc_lock,6.543825626373291,46561,18,1
1771695008.5229764,271_1,271,tpc_commit,9.737786293029783,28783,18,1
1771695008.608795,277_1,277,tpc_commit,10.354055881500244,28795,18,1
1771695008.6392896,273_1,273,tpc_commit,10.083695888519289,28783,18,1
1771695010.1876645,278_1,278,tpc_commit,3.5314323902130127,28795,18,1
1771695010.353681,270_1,270,tpc_commit,3.5219030380249023,28795,18,1
1771695010.4403274,272_2,272,tpc_lock,3.503114938735962,46561,18,1
1771695010.529026,279_1,279,das_work,6.141642808914185,48258,18,1
1771695010.617107,274_1,274,tpc_commit,3.770152091979981,28795,18,1
1771695010.7903707,275_1,275,das_work,3.410766363143921,48258,18,1
1771695010.9094334,276_1,276,tpc_commit,4.064793586730957,28795,18,1
1771695018.2411222,276_2,276,tpc_lock,6.636066913604736,46549,19,1
1771695018.2465854,278_2,278,tpc_lock,7.4609375,46549,19,1
1771695018.39903,270_2,270,tpc_lock,7.23590612411499,46561,19,1
1771695018.460472,274_2,274,tpc_lock,7.282453775405884,46561,19,1
1771695020.4572587,275_1,275,tpc_commit,9.666874885559082,28795,19,1
1771695020.4680662,279_1,279,tpc_commit,9.939028978347778,28795,19,1
1771695022.4669447,273_1,273,tpc_commit,13.827643156051636,28783,19,1
1771695022.470003,272_2,272,das_work,9.43049430847168,48258,19,1
1771695022.4834917,277_1,277,tpc_commit,13.874685287475586,28795,19,1
1771695022.487896,270_2,270,tpc_lock,4.088855981826782,46561,19,1
1771695022.6518292,274_2,274,tpc_lock,4.191347360610962,46561,19,1
1771695022.6529293,276_2,276,tpc_lock,4.411795377731323,46549,19,1
1771695022.7429612,271_1,271,tpc_commit,14.219972610473633,28783,19,1
1771695023.066572,278_2,278,tpc_lock,4.8199756145477295,46549,19,1
1771695030.3266282,272_2,272,tpc_commit,7.856613397598267,28795,20,1
1771695032.713064,271_2,271,tpc_lock,8.478548049926758,46561,20,1
1771695032.7458086,273_2,273,tpc_lock,8.94005274772644,46561,20,1
1771695032.800347,277_2,277,tpc_lock,8.516862154006958,46561,20,1
1771695034.2455833,276_2,276,das_work,9.237075328826904,48258,20,1
1771695035.0005362,270_2,270,das_work,6.047147512435913,48258,20,1
1771695035.1228526,275_1,275,tpc_commit,14.665584087371826,28795,20,1
1771695035.2760062,279_1,279,tpc_commit,14.807931423187256,28795,20,1
1771695042.2022305,276_2,276,tpc_commit,7.956636667251587,28783,21,1
1771695042.205058,270_2,270,tpc_commit,7.204509496688843,28795,21,1
1771695044.499764,279_2,279,tpc_lock,7.43803596496582,46561,21,1
1771695044.550621,275_2,275,tpc_lock,8.425544500350952,46561,21,1
1771695046.353192,276_2,276,tpc_commit,4.1509504318237305,28783,21,1
1771695046.3798928,278_2,278,das_work,14.953192710876465,48258,21,1
1771695046.421388,270_2,270,tpc_commit,4.216317892074585,28795,21,1
1771695046.4931045,272_2,272,tpc_commit,16.166462182998657,28795,21,1
1771695046.5165458,273_2,273,tpc_lock,13.770723819732666,46561,21,1
1771695046.5231998,274_2,274,das_work,14.299595832824709,48258,21,1
1771695046.528158,277_2,277,tpc_lock,13.7277991771698,46561,21,1
1771695046.680344,279_2,279,tpc_lock,2.1805691719055176,46561,21,1
1771695046.973353,271_2,271,tpc_lock,14.260277271270752,46561,21,1
1771695054.3252978,270_3,270,tpc_lock,7.105784893035889,46549,22,1
1771695054.341912,278_2,278,tpc_commit,7.962009429931641,28783,22,1
1771695054.354703,274_2,274,tpc_commit,7.831488132476807,28795,22,1
1771695054.4844413,276_3,276,tpc_lock,6.68821382522583,46561,22,1
1771695054.6448822,272_3,272,tpc_lock,6.315889835357666,46561,22,1
1771695058.2851958,278_2,278,tpc_commit,3.943272829055786,28783,22,1
1771695058.289014,274_2,274,tpc_commit,3.934300422668457,28795,22,1
1771695058.421532,276_3,276,tpc_lock,3.937080383300781,46561,22,1
1771695058.4621806,271_2,271,das_work,4.8880650997161865,48258,22,1
1771695058.471187,275_2,275,tpc_lock,13.92055606842041,46561,22,1
1771695058.8141294,277_2,277,das_work,7.74751615524292,48258,22,1
1771695058.82823,273_2,273,das_work,2.7223541736602783,48258,22,1
1771695058.865418,270_3,270,tpc_lock,4.540081024169922,46549,22,1
1771695059.051043,272_3,272,tpc_lock,4.4061501026153564,46561,22,1
1771695066.428584,278_3,278,tpc_lock,7.36372447013855,46561,23,1
1771695066.5848918,274_3,274,tpc_lock,6.514622926712036,46549,23,1
1771695068.5201712,271_2,271,tpc_commit,10.057978868484495,28795,23,1
1771695068.5285482,273_2,273,tpc_commit,9.700305461883543,28795,23,1
1771695068.61337,277_2,277,tpc_commit,9.799229621887209,28795,23,1
1771695070.3576798,274_3,274,tpc_lock,3.772773742675781,46549,23,1
1771695070.4755032,279_2,279,das_work,14.561342000961304,48258,23,1
1771695070.818056,276_3,276,das_work,6.128909111022949,48258,23,1
1771695070.9145236,272_3,272,das_work,6.885568380355835,48258,23,1
1771695070.9195352,270_3,270,das_work,7.726339101791382,48258,23,1
1771695070.969344,275_2,275,das_work,5.187320947647095,48258,23,1
1771695071.0035436,273_2,273,tpc_commit,2.474984169006348,28795,23,1
1771695071.082005,278_3,278,tpc_lock,4.653375625610352,46561,23,1
1771695078.2035236,272_3,272,tpc_commit,7.288990020751953,28795,24,1
1771695078.2811594,270_3,270,tpc_commit,7.361613273620605,28783,24,1
1771695078.3038454,276_3,276,tpc_commit,7.48578143119812,28795,24,1
1771695080.422122,279_2,279,tpc_commit,9.946606874465942,28795,24,1
1771695080.4306705,273_3,273,tpc_lock,7.730303287506103,46561,24,1
1771695080.4729607,275_2,275,tpc_commit,9.503605842590332,28795,24,1
1771695082.3206408,275_2,275,tpc_commit,1.8476662635803225,28795,24,1
1771695082.3562222,276_3,276,tpc_commit,4.052366018295288,28795,24,1
1771695082.4991224,278_3,278,das_work,10.050538301467896,48258,24,1
1771695082.639053,279_2,279,tpc_commit,2.2169196605682373,28795,24,1
1771695082.7019005,270_3,270,tpc_commit,4.420730829238892,28783,24,1
1771695082.779779,277_2,277,tpc_commit,14.166399240493774,28795,24,1
1771695082.8259394,272_3,272,tpc_commit,4.62240743637085,28795,24,1
1771695082.865451,273_3,273,tpc_lock,2.43476939201355,46561,24,1
1771695082.884894,271_2,271,tpc_commit,14.364712238311768,28795,24,1
1771695082.8870711,274_3,274,das_work,6.286770343780518,48258,24,1
1771695090.0923915,274_3,274,tpc_commit,7.205307722091675,28783,25,1
1771695090.0930336,272_4,272,tpc_lock,6.555454969406128,46561,25,1
1771695090.111392,270_4,270,tpc_lock,6.663254261016846,46561,25,1
1771695090.1406822,278_3,278,tpc_commit,7.641548156738281,28795,25,1
1771695090.267362,276_4,276,tpc_lock,7.066140413284302,46561,25,1
1771695092.5787249,275_3,275,tpc_lock,9.363938331604004,46561,25,1
1771695092.610199,279_3,279,tpc_lock,9.438899278640749,46561,25,1
1771695092.6571054,277_3,277,tpc_lock,8.882279396057129,46561,25,1
1771695092.6640956,271_3,271,tpc_lock,9.063934087753296,46561,25,1
1771695094.2641418,270_4,270,tpc_lock,4.152738094329834,46561,25,1
1771695094.3979418,273_3,273,das_work,7.969880819320679,48258,25,1
1771695094.72258,278_3,278,tpc_commit,4.58188533782959,28795,25,1
1771695094.806445,272_4,272,tpc_lock,4.713400602340698,46561,25,1
1771695094.8791597,274_3,274,tpc_commit,4.786755084991455,28783,25,1
1771695095.0083451,276_4,276,tpc_lock,4.740972995758057,46561,25,1
1771695102.2763102,278_4,278,tpc_lock,6.380808115005493,46561,26,1
1771695102.3688045,274_4,274,tpc_lock,5.590761661529541,46561,26,1
1771695104.7675445,273_3,273,tpc_commit,10.369590997695925,28795,26,1
1771695106.3024857,279_3,279,tpc_lock,13.69227147102356,46561,26,1
1771695106.3577452,272_4,272,das_work,5.499284505844116,48258,26,1
1771695106.3933291,275_3,275,tpc_lock,13.81459641456604,46561,26,1
1771695106.445496,276_4,276,das_work,4.559834957122803,48258,26,1
1771695106.8366413,277_3,277,tpc_lock,14.179524660110474,46561,26,1
1771695107.0510705,271_3,271,tpc_lock,14.386963844299316,46561,26,1
1771695114.2243187,272_4,272,tpc_commit,7.866561889648437,28795,27,1
1771695114.2280672,276_4,276,tpc_commit,7.782557725906372,28795,27,1
1771695118.3532383,275_3,275,das_work,6.583476066589356,48258,27,1
1771695118.3655596,274_4,274,tpc_lock,15.99674153327942,46561,27,1
1771695118.3986669,270_4,270,das_work,15.113245248794556,48258,27,1
1771695118.413092,277_3,277,das_work,3.0116512775421143,48258,27,1
1771695118.5655413,276_4,276,tpc_commit,4.337463140487671,28795,27,1
1771695118.6904073,271_3,271,das_work,2.789225816726685,48258,27,1
1771695118.6999068,279_3,279,das_work,6.19943642616272,48258,27,1
1771695118.7551954,273_3,273,tpc_commit,13.987638473510742,28795,27,1
1771695118.761431,278_4,278,tpc_lock,16.485107898712158,46561,27,1
1771695118.808556,272_4,272,tpc_commit,4.584226846694946,28795,27,1
1771695126.3592212,270_4,270,tpc_commit,7.960538864135742,28795,28,1
1771695128.6639638,275_3,275,tpc_commit,10.310713052749634,28795,28,1
1771695128.7248116,279_3,279,tpc_commit,10.024894952774048,28795,28,1
1771695128.781749,277_3,277,tpc_commit,10.368643760681152,28795,28,1
1771695128.797768,273_4,273,tpc_lock,9.024223566055298,46561,28,1
1771695128.8454342,271_3,271,tpc_commit,10.15501594543457,28795,28,1
1771695130.3189878,274_4,274,das_work,9.488263130187988,48258,28,1
1771695130.3210726,270_4,270,tpc_commit,3.961837530136109,28795,28,1
1771695130.7854478,278_4,278,das_work,6.635011911392212,48258,28,1
1771695138.3030438,278_4,278,tpc_commit,7.517580509185791,28795,29,1
1771695138.3764966,274_4,274,tpc_commit,8.057498931884766,28795,29,1
1771695142.2975812,275_3,275,tpc_commit,13.633604288101196,28795,29,1
1771695142.3155217,274_4,274,tpc_commit,3.939014673233032,28795,29,1
1771695142.38758,279_3,279,tpc_commit,13.662758350372314,28795,29,1
1771695142.503568,277_3,277,tpc_commit,13.721806049346924,28795,29,1
1771695142.6847987,271_3,271,tpc_commit,13.839352369308472,28795,29,1
1771695142.727059,273_4,273,tpc_lock,13.929277181625366,46561,29,1
1771695142.7302096,278_4,278,tpc_commit,4.427146673202515,28795,29,1
1771695152.7208278,271_4,271,tpc_lock,9.232275485992432,46561,30,1
1771695152.7348096,277_4,277,tpc_lock,9.3073308467865,46561,30,1
1771695152.7372513,279_4,279,tpc_lock,8.652957439422607,46561,30,1
1771695152.7443156,275_4,275,tpc_lock,8.461912870407104,46561,30,1
1771695154.3031516,277_4,277,tpc_lock,1.5683293342590332,46561,30,1
1771695154.3041103,279_4,279,tpc_lock,1.5668494701385498,46561,30,1
1771695154.5113003,271_4,271,tpc_lock,1.7904610633850098,46561,30,1
1771695154.5441751,275_4,275,tpc_lock,1.7998459339141846,46561,30,1
1771695154.5451162,273_4,273,das_work,5.864265203475952,48258,30,1
1771695164.6539009,273_4,273,tpc_commit,10.108772277832031,28795,31,1
1771695166.370048,277_4,277,das_work,9.851176023483276,48258,31,1
1771695166.3768673,275_4,275,das_work,9.187476873397827,48258,31,1
1771695166.4164622,271_4,271,das_work,4.486743450164795,48258,31,1
1771695166.4505832,273_4,273,tpc_commit,1.7966704368591309,28795,31,1
1771695166.4659705,279_4,279,das_work,9.574416399002075,48258,31,1
1771695176.512047,279_4,279,tpc_commit,10.046065330505373,28795,32,1
1771695176.5326755,275_4,275,tpc_commit,10.155797004699709,28795,32,1
1771695176.6074872,271_4,271,tpc_commit,10.19101333618164,28795,32,1
1771695176.6351757,277_4,277,tpc_commit,10.265113115310667,28795,32,1
1771695178.2058134,275_4,275,tpc_commit,1.6731243133544922,28795,32,1
1771695178.211959,271_4,271,tpc_commit,1.6044597625732422,28795,32,1
1771695178.2152033,277_4,277,tpc_commit,1.5800158977508545,28795,32,1
1771695178.2401118,279_4,279,tpc_commit,1.728055715560913,28795,32,1
1771694934.0212388,286_0,286,tpc_lock,3.2925894260406494,46561,12,1
1771694934.0274932,280_0,280,tpc_lock,4.474616527557373,46561,12,1
1771694936.3016088,289_0,289,tpc_lock,1.1880686283111572,46549,12,1
1771694936.3350823,285_0,285,tpc_lock,4.862013816833496,46561,12,1
1771694936.3550093,287_0,287,tpc_lock,2.158574342727661,46561,12,1
1771694938.1570888,287_0,287,tpc_lock,1.802073955535889,46561,12,1
1771694938.382431,286_0,286,tpc_lock,4.36118483543396,46561,12,1
1771694938.427097,285_0,285,tpc_lock,2.092008590698242,46561,12,1
1771694938.4329207,289_0,289,tpc_lock,2.131305694580078,46549,12,1
1771694938.448183,280_0,280,tpc_lock,4.4206836223602295,46561,12,1
1771694946.123978,288_0,288,tpc_lock,7.90756368637085,46561,13,1
1771694946.2058392,282_0,282,tpc_lock,12.174811124801636,46561,13,1
1771694946.2397125,284_0,284,tpc_lock,10.600541830062866,46561,13,1
1771694948.4141548,283_0,283,tpc_lock,12.083490371704102,46561,13,1
1771694948.4764605,281_0,281,tpc_lock,10.389079570770264,46561,13,1
1771694950.309584,282_0,282,tpc_lock,4.1037373542785645,46561,13,1
1771694950.5061991,286_0,286,das_work,6.0745530128479,48258,13,1
1771694950.6030517,280_0,280,das_work,9.027836561203005,48258,13,1
1771694950.6283574,285_0,285,das_work,7.01059889793396,48258,13,1
1771694950.657875,288_0,288,tpc_lock,4.53388786315918,46561,13,1
1771694950.6781626,287_0,287,das_work,9.058468580245972,48258,13,1
1771694950.723789,281_0,281,tpc_lock,2.247321605682373,46561,13,1
1771694950.736368,289_0,289,das_work,9.72846007347107,48258,13,1
1771694950.8641846,284_0,284,tpc_lock,4.624465703964233,46561,13,1
1771694958.224492,286_0,286,tpc_commit,7.718282699584961,28795,14,1
1771694958.2907524,280_0,280,tpc_commit,7.687690019607544,28795,14,1
1771694960.4258392,287_0,287,tpc_commit,9.747667789459229,28795,14,1
1771694960.4727335,289_0,289,tpc_commit,9.736353635787964,28783,14,1
1771694960.49232,285_0,285,tpc_commit,9.863952398300173,28795,14,1
1771694962.2386465,287_0,287,tpc_commit,1.8127944469451904,28795,14,1
1771694962.2857964,282_0,282,das_work,9.856241464614868,48258,14,1
1771694962.3655715,289_0,289,tpc_commit,1.8928263187408447,28783,14,1
1771694962.4375682,285_0,285,tpc_commit,1.9452366828918457,28795,14,1
1771694962.6204135,280_0,280,tpc_commit,4.329650402069092,28795,14,1
1771694962.6938317,281_0,281,das_work,9.157154560089111,48258,14,1
1771694962.809682,283_0,283,tpc_lock,14.395520687103271,46561,14,1
1771694962.8474567,286_0,286,tpc_commit,4.62295389175415,28795,14,1
1771694962.9474285,288_0,288,das_work,9.450045824050903,48258,14,1
1771694962.9551845,284_0,284,das_work,8.922592163085938,48258,14,1
1771694970.25476,282_0,282,tpc_commit,7.968953132629394,28795,15,1
1771694970.258932,286_1,286,tpc_lock,6.629594326019287,46561,15,1
1771694970.3179686,280_1,280,tpc_lock,6.957031011581421,46561,15,1
1771694970.39108,288_0,288,tpc_commit,7.4436423778533936,28795,15,1
1771694970.416833,284_0,284,tpc_commit,7.461638450622559,28795,15,1
1771694972.6154673,285_1,285,tpc_lock,8.614449501037598,46561,15,1
1771694972.652954,289_1,289,tpc_lock,9.094534158706663,46561,15,1
1771694972.7124782,281_0,281,tpc_commit,10.018636703491213,28795,15,1
1771694972.7587907,287_1,287,tpc_lock,9.711583614349363,46549,15,1
1771694974.269776,284_0,284,tpc_commit,3.852914333343506,28795,15,1
1771694974.3084135,280_1,280,tpc_lock,3.990435361862183,46561,15,1
1771694974.5946023,288_0,288,tpc_commit,4.203512668609619,28795,15,1
1771694974.7353923,286_1,286,tpc_lock,4.476447105407715,46561,15,1
1771694974.9387684,289_1,289,tpc_lock,2.285784244537353,46561,15,1
1771694974.9767432,282_0,282,tpc_commit,4.721972227096558,28795,15,1
1771694975.0509949,283_0,283,das_work,6.316119194030762,48258,15,1
1771694982.4045155,284_1,284,tpc_lock,6.904975652694702,46561,16,1
1771694982.5493789,288_1,288,tpc_lock,7.301174163818359,46561,16,1
1771694982.635265,282_1,282,tpc_lock,6.842373609542847,46561,16,1
1771694984.4431388,283_0,283,tpc_commit,9.39211630821228,28795,16,1
1771694986.246842,282_1,282,tpc_lock,3.611561536788941,46561,16,1
1771694986.2602491,286_1,286,das_work,2.0136499404907227,48258,16,1
1771694986.3212514,284_1,284,tpc_lock,3.916724681854248,46561,16,1
1771694986.3654718,281_0,281,tpc_commit,13.652979850769045,28795,16,1
1771694986.4181736,288_1,288,tpc_lock,3.868784666061402,46561,16,1
1771694986.7143478,280_1,280,das_work,4.9934258460998535,48258,16,1
1771694986.7209892,287_1,287,tpc_lock,13.962186813354492,46549,16,1
1771694986.7607975,285_1,285,tpc_lock,14.145319700241089,46561,16,1
1771694986.993817,289_1,289,das_work,8.017184019088745,48258,16,1
1771694994.2049353,286_1,286,tpc_commit,7.944674015045166,28795,17,1
1771694994.2746432,280_1,280,tpc_commit,7.560284376144409,28795,17,1
1771694996.373179,289_1,289,tpc_commit,9.379348516464232,28795,17,1
1771694996.433625,281_1,281,tpc_lock,8.789031505584717,46561,17,1
1771694998.2801669,280_1,280,tpc_commit,4.005512952804565,28795,17,1
1771694998.3335576,283_0,283,tpc_commit,13.890409708023071,28795,17,1
1771694998.364209,288_1,288,das_work,5.995785236358643,48258,17,1
1771694998.4225245,287_1,287,das_work,4.628589868545532,48258,17,1
1771694998.4962962,282_1,282,das_work,10.575722455978394,48258,17,1
1771694998.6231892,286_1,286,tpc_commit,4.418242931365967,28795,17,1
1771694998.6310637,289_1,289,tpc_commit,2.25787615776062,28795,17,1
1771694998.633285,284_1,284,das_work,10.217521905899048,48258,17,1
1771694998.7382145,285_1,285,das_work,2.736634492874145,48258,17,1
1771695006.6180868,288_1,288,tpc_commit,8.253868579864502,28795,18,1
1771695006.722271,286_2,286,tpc_lock,6.439593076705933,46561,18,1
1771695006.8133602,280_2,280,tpc_lock,6.978128671646118,46561,18,1
1771695006.8958955,284_1,284,tpc_commit,8.262601852416992,28795,18,1
1771695006.97915,282_1,282,tpc_commit,8.482846021652222,28795,18,1
1771695008.5670495,285_1,285,tpc_commit,9.82882595062256,28795,18,1
1771695008.5706468,287_1,287,tpc_commit,10.148112058639526,28783,18,1
1771695008.571628,283_1,283,tpc_lock,9.642061948776243,46561,18,1
1771695008.5830004,289_2,289,tpc_lock,8.728743314743042,46561,18,1
1771695010.1652586,284_1,284,tpc_commit,3.2693533897399902,28795,18,1
1771695010.1863468,288_1,288,tpc_commit,3.5682477951049805,28795,18,1
1771695010.4861758,280_2,280,tpc_lock,3.6728029251098633,46561,18,1
1771695010.8263392,282_1,282,tpc_commit,3.847178220748901,28795,18,1
1771695010.9018316,281_1,281,tpc_lock,14.468194484710692,46561,18,1
1771695018.3996189,288_2,288,tpc_lock,6.822104692459106,46561,19,1
1771695018.4981322,284_2,284,tpc_lock,6.637753963470459,46561,19,1
1771695018.512135,282_2,282,tpc_lock,6.773146390914917,46561,19,1
1771695022.2771587,288_2,288,tpc_lock,3.877528667449951,46561,19,1
1771695022.2796128,284_2,284,tpc_lock,3.78147029876709,46561,19,1
1771695022.3159866,282_2,282,tpc_lock,3.8038408756256095,46561,19,1
1771695022.3600729,281_1,281,das_work,9.287750244140623,48258,19,1
1771695022.4639757,286_2,286,tpc_lock,15.741693258285522,46561,19,1
1771695022.520618,283_1,283,tpc_lock,13.948978662490845,46561,19,1
1771695022.605815,287_1,287,tpc_commit,14.03515648841858,28783,19,1
1771695022.6121852,289_2,289,tpc_lock,14.029172420501707,46561,19,1
1771695022.6224148,280_2,280,das_work,4.523967742919922,48258,19,1
1771695022.9115682,285_1,285,tpc_commit,14.344505786895752,28795,19,1
1771695030.2319531,280_2,280,tpc_commit,7.609528064727783,28795,20,1
1771695032.7507188,281_1,281,tpc_commit,10.390634536743164,28795,20,1
1771695032.8224788,285_2,285,tpc_lock,8.953672170639038,46561,20,1
1771695032.8252342,287_2,287,tpc_lock,9.39134931564331,46561,20,1
1771695034.2102427,286_2,286,das_work,4.33321738243103,48258,20,1
1771695034.6965497,289_2,289,das_work,4.0812087059021,48258,20,1
1771695034.749194,283_1,283,das_work,4.2080957889556885,48258,20,1
1771695035.3181837,288_2,288,das_work,7.488446950912476,48258,20,1
1771695035.336301,280_2,280,tpc_commit,5.104336500167847,28795,20,1
1771695035.6949418,282_2,282,das_work,9.4519202709198,48258,20,1
1771695042.1638556,282_2,282,tpc_commit,6.468902111053467,28795,21,1
1771695042.1653132,288_2,288,tpc_commit,6.847118139266968,28795,21,1
1771695042.169943,280_3,280,tpc_lock,5.511340379714966,46561,21,1
1771695042.1882496,286_2,286,tpc_commit,7.9779956340789795,28795,21,1
1771695044.549858,289_2,289,tpc_commit,9.853296041488647,28795,21,1
1771695044.6301289,283_1,283,tpc_commit,9.880919218063354,28795,21,1
1771695046.3085892,286_2,286,tpc_commit,4.120328664779663,28795,21,1
1771695046.4139848,285_2,285,tpc_lock,13.591493129730225,46561,21,1
1771695046.5954156,282_2,282,tpc_commit,4.431549310684204,28795,21,1
1771695046.6934068,287_2,287,tpc_lock,13.868159770965576,46561,21,1
1771695046.9220712,280_3,280,tpc_lock,4.752117156982422,46561,21,1
1771695046.9511616,288_2,288,tpc_commit,4.785839080810547,28795,21,1
1771695046.9573526,281_1,281,tpc_commit,14.20662260055542,28795,21,1
1771695047.0442214,284_2,284,das_work,16.63406276702881,48258,21,1
1771695054.3287165,282_3,282,tpc_lock,5.992582559585571,46561,22,1
1771695054.333856,284_2,284,tpc_commit,7.289620637893677,28795,22,1
1771695054.4095066,288_3,288,tpc_lock,6.6865856647491455,46561,22,1
1771695054.771844,286_3,286,tpc_lock,7.930307149887085,46549,22,1
1771695056.5270722,281_2,281,tpc_lock,8.716382503509521,46561,22,1
1771695058.293432,287_2,287,das_work,2.723144054412842,48258,22,1
1771695058.4472947,284_2,284,tpc_commit,4.11342716217041,28795,22,1
1771695058.4781332,285_2,285,das_work,8.554059505462646,48258,22,1
1771695058.6707745,286_3,286,tpc_lock,3.898919582366944,46549,22,1
1771695058.679077,280_3,280,das_work,2.77271056175232,48258,22,1
1771695058.6900768,289_2,289,tpc_commit,14.14020299911499,28795,22,1
1771695058.995761,283_1,283,tpc_commit,14.36561894416809,28795,22,1
1771695059.0189178,282_3,282,tpc_lock,4.690192461013794,46561,22,1
1771695066.4153817,280_3,280,tpc_commit,7.736294031143188,28795,23,1
1771695066.5430715,284_3,284,tpc_lock,7.554226398468018,46561,23,1
1771695068.495603,285_2,285,tpc_commit,10.017459392547607,28795,23,1
1771695068.5367043,287_2,287,tpc_commit,10.243260622024536,28795,23,1
1771695068.6254387,289_3,289,tpc_lock,8.783505201339722,46561,23,1
1771695068.6308656,283_2,283,tpc_lock,7.937071561813354,46561,23,1
1771695070.4646888,286_3,286,das_work,10.18557906150818,48258,23,1
1771695070.5281355,289_3,289,tpc_lock,1.9026870727539065,46561,23,1
1771695070.5525408,284_3,284,tpc_lock,4.009457349777222,46561,23,1
1771695070.650911,280_3,280,tpc_commit,4.235517740249634,28795,23,1
1771695070.707608,287_2,287,tpc_commit,2.1708900928497314,28795,23,1
1771695070.7523513,288_3,288,tpc_lock,16.342833757400513,46561,23,1
1771695070.773559,282_3,282,das_work,3.144821882247925,48258,23,1
1771695070.80271,281_2,281,tpc_lock,14.275627136230469,46561,23,1
1771695078.2107892,286_3,286,tpc_commit,7.746087551116943,28783,24,1
1771695078.285385,280_4,280,tpc_lock,6.541181564331055,46561,24,1
1771695078.2994237,282_3,282,tpc_commit,7.525851249694824,28795,24,1
1771695080.4475772,287_3,287,tpc_lock,8.14095401763916,46561,24,1
1771695082.397262,287_3,287,tpc_lock,1.9496726989746092,46561,24,1
1771695082.4717183,289_3,289,das_work,10.6925311088562,48258,24,1
1771695082.5511088,285_2,285,tpc_commit,14.0554940700531,28795,24,1
1771695082.587861,283_2,283,tpc_lock,13.95698308944702,46561,24,1
1771695082.6500688,280_4,280,tpc_lock,4.364673852920532,46561,24,1
1771695082.6696224,284_3,284,das_work,4.32215428352356,48258,24,1
1771695082.7318668,288_3,288,das_work,10.8527569770813,48258,24,1
1771695082.7928154,286_3,286,tpc_commit,4.58201789855957,28783,24,1
1771695082.7965126,282_3,282,tpc_commit,4.497077703475952,28795,24,1
1771695082.839053,281_2,281,das_work,7.7914652824401855,48258,24,1
1771695090.0967746,282_4,282,tpc_lock,6.662653923034668,46561,25,1
1771695090.2004917,288_3,288,tpc_commit,7.468613624572754,28795,25,1
1771695090.2214968,286_4,286,tpc_lock,6.641904592514038,46561,25,1
1771695090.2836132,284_3,284,tpc_commit,7.613980770111084,28795,25,1
1771695092.5663478,281_2,281,tpc_commit,9.727283239364624,28795,25,1
1771695092.6138556,289_3,289,tpc_commit,10.142123937606812,28795,25,1
1771695092.6165164,285_3,285,tpc_lock,9.282307386398315,46561,25,1
1771695094.396604,284_3,284,tpc_commit,4.112979888916016,28795,25,1
1771695094.421698,282_4,282,tpc_lock,4.324910640716553,46561,25,1
1771695094.5112834,283_2,283,das_work,9.63151216506958,48258,25,1
1771695094.8243945,280_4,280,das_work,8.287668943405151,48258,25,1
1771695094.8699849,286_4,286,tpc_lock,4.648475885391235,46561,25,1
1771695095.0616274,288_3,288,tpc_commit,4.861124515533447,28795,25,1
1771695095.1657157,287_3,287,das_work,4.599769353866577,48258,25,1
1771695102.2106826,288_4,288,tpc_lock,5.997495889663696,46561,26,1
1771695102.3015275,280_4,280,tpc_commit,7.477121829986572,28795,26,1
1771695102.3447974,284_4,284,tpc_lock,6.655174493789673,46561,26,1
1771695104.6941755,283_2,283,tpc_commit,10.182881832122805,28795,26,1
1771695104.8013797,287_3,287,tpc_commit,9.63565182685852,28795,26,1
1771695106.336835,289_3,289,tpc_commit,13.722965478897097,28795,26,1
1771695106.3534334,281_2,281,tpc_commit,13.787073373794556,28795,26,1
1771695106.7975285,285_3,285,tpc_lock,14.180999994277954,46561,26,1
1771695107.531124,286_4,286,das_work,11.080878734588625,48258,26,1
1771695114.1825218,286_4,286,tpc_commit,6.6513872146606445,28795,27,1
1771695116.5433254,289_4,289,tpc_lock,9.286594152450562,46549,27,1
1771695116.5645,281_3,281,tpc_lock,8.27387809753418,46561,27,1
1771695118.3469274,288_4,288,tpc_lock,16.136231899261475,46561,27,1
1771695118.4244182,282_4,282,das_work,15.600584030151367,48258,27,1
1771695118.446724,283_2,283,tpc_commit,13.75253701210022,28795,27,1
1771695118.47436,280_4,280,tpc_commit,16.172822952270508,28795,27,1
1771695118.615259,287_3,287,tpc_commit,13.81386661529541,28795,27,1
1771695118.627194,286_4,286,tpc_commit,4.444660902023315,28795,27,1
1771695118.784372,285_3,285,das_work,10.728179454803469,48258,27,1
1771695119.1324012,284_4,284,tpc_lock,16.78759217262268,46561,27,1
1771695119.1472957,281_3,281,tpc_lock,2.5827829837799072,46561,27,1
1771695126.2858958,282_4,282,tpc_commit,7.861393451690674,28795,28,1
1771695128.7901769,283_3,283,tpc_lock,9.113309621810911,46561,28,1
1771695128.8034315,285_3,285,tpc_commit,10.019047737121582,28795,28,1
1771695128.8284428,287_4,287,tpc_lock,8.424493074417114,46561,28,1
1771695130.3117428,289_4,289,tpc_lock,13.768405675888062,46549,28,1
1771695130.3252726,284_4,284,das_work,8.054416418075562,48258,28,1
1771695130.6207016,288_4,288,das_work,2.4942166805267334,48258,28,1
1771695130.7656884,281_3,281,das_work,10.273667812347412,48258,28,1
1771695130.7969089,282_4,282,tpc_commit,4.51099967956543,28795,28,1
1771695138.319038,288_4,288,tpc_commit,7.698320865631103,28795,29,1
1771695138.3394296,284_4,284,tpc_commit,8.014146566390991,28795,29,1
1771695140.5390384,281_3,281,tpc_commit,9.773337602615356,28795,29,1
1771695142.2976394,284_4,284,tpc_commit,3.958198547363281,28795,29,1
1771695142.314083,281_3,281,tpc_commit,1.775031805038452,28795,29,1
1771695142.5531402,289_4,289,das_work,3.106178998947144,48258,29,1
1771695142.5554943,285_3,285,tpc_commit,13.752050876617432,28795,29,1
1771695142.6037433,283_3,283,tpc_lock,13.813552379608154,46561,29,1
1771695142.698236,287_4,287,tpc_lock,13.869779348373411,46561,29,1
1771695142.705007,288_4,288,tpc_commit,4.385958194732666,28795,29,1
1771695152.7117383,289_4,289,tpc_commit,10.158587217330933,28783,30,1
1771695152.7152832,281_4,281,tpc_lock,8.619128704071045,46561,30,1
1771695152.8242593,285_4,285,tpc_lock,9.644684076309204,46561,30,1
1771695154.3082812,287_4,287,das_work,6.119415044784546,48258,30,1
1771695154.3469632,283_3,283,das_work,7.71635365486145,48258,30,1
1771695154.4539034,289_4,289,tpc_commit,1.7421534061431885,28783,30,1
1771695154.472443,285_4,285,tpc_lock,1.648149013519287,46561,30,1
1771695154.514657,281_4,281,tpc_lock,1.799358606338501,46561,30,1
1771695164.5419066,287_4,287,tpc_commit,10.233612537384031,28795,31,1
1771695164.6312337,283_3,283,tpc_commit,10.28425908088684,28795,31,1
1771695166.2929423,285_4,285,das_work,2.550678014755249,48258,31,1
1771695166.355719,287_4,287,tpc_commit,1.8138012886047363,28795,31,1
1771695166.394375,281_4,281,das_work,3.166903018951416,48258,31,1
1771695166.4147055,283_3,283,tpc_commit,1.7834596633911133,28795,31,1
1771695176.5124502,285_4,285,tpc_commit,10.219494342803957,28795,32,1
1771695176.5507438,283_4,283,tpc_lock,9.481363296508787,46561,32,1
1771695176.5556638,281_4,281,tpc_commit,10.161277770996094,28795,32,1
1771695178.2040763,283_4,283,tpc_lock,1.6533219814300537,46561,32,1
1771695178.2088337,281_4,281,tpc_commit,1.6531572341918943,28795,32,1
1771695178.216993,285_4,285,tpc_commit,1.70453143119812,28795,32,1
1771695190.3576922,283_4,283,das_work,10.745567798614502,48258,33,1
1771695200.48202,283_4,283,tpc_commit,10.124317407608032,28795,34,1
1771695202.1718078,283_4,283,tpc_commit,1.6897766590118408,28795,34,1
1771694936.2762978,291_0,291,tpc_lock,3.632212400436402,46561,12,1
1771694936.2780275,299_0,299,tpc_lock,6.348093748092651,46561,12,1
1771694936.3630874,297_0,297,tpc_lock,1.7191298007965088,46561,12,1
1771694938.171844,291_0,291,tpc_lock,1.8955395221710205,46561,12,1
1771694938.3064103,299_0,299,tpc_lock,2.0283775329589844,46561,12,1
1771694938.3118453,297_0,297,tpc_lock,1.9487478733062744,46561,12,1
1771694946.1124566,292_0,292,tpc_lock,11.45605492591858,46561,13,1
1771694946.1250436,296_0,296,tpc_lock,4.277446508407593,46561,13,1
1771694946.2151651,298_0,298,tpc_lock,3.634044885635376,46561,13,1
1771694946.218318,294_0,294,tpc_lock,4.2309250831604,46561,13,1
1771694946.3036528,290_0,290,tpc_lock,11.16761875152588,46561,13,1
1771694948.4053204,295_0,295,tpc_lock,8.613117933273315,46561,13,1
1771694948.5076067,293_0,293,tpc_lock,6.441754102706909,46561,13,1
1771694950.3066845,296_0,296,tpc_lock,4.181633949279785,46561,13,1
1771694950.314006,298_0,298,tpc_lock,4.098830938339233,46561,13,1
1771694950.318941,295_0,295,tpc_lock,1.9135856628417969,46561,13,1
1771694950.5821028,299_0,299,das_work,3.311986923217773,48258,13,1
1771694950.728763,291_0,291,das_work,3.621692657470703,48258,13,1
1771694950.7440538,293_0,293,tpc_lock,2.2364397048950195,46561,13,1
1771694950.7527275,290_0,290,tpc_lock,4.449067354202271,46561,13,1
1771694950.8054366,294_0,294,tpc_lock,4.587112903594971,46561,13,1
1771694950.8133595,292_0,292,tpc_lock,4.700897932052612,46561,13,1
1771694950.8282676,297_0,297,das_work,10.408808708190918,48258,13,1
1771694960.4393196,297_0,297,tpc_commit,9.61104130744934,28795,14,1
1771694960.453803,291_0,291,tpc_commit,9.725031852722168,28795,14,1
1771694960.499622,299_0,299,tpc_commit,9.91750717163086,28795,14,1
1771694962.220063,293_0,293,das_work,8.857978343963623,48258,14,1
1771694962.2823691,299_0,299,tpc_commit,1.7827355861663818,28795,14,1
1771694962.3110468,298_0,298,das_work,4.475775003433228,48258,14,1
1771694962.4124944,291_0,291,tpc_commit,1.958681344985962,28795,14,1
1771694962.630451,292_0,292,das_work,5.366648197174072,48258,14,1
1771694962.8169384,296_0,296,das_work,2.8957769870758057,48258,14,1
1771694962.827583,290_0,290,das_work,7.558884620666504,48258,14,1
1771694962.837898,294_0,294,das_work,5.142962217330933,48258,14,1
1771694962.8700335,295_0,295,das_work,10.843606233596802,48258,14,1
1771694970.2571957,292_0,292,tpc_commit,7.626734256744385,28795,15,1
1771694970.2809374,298_0,298,tpc_commit,7.96988034248352,28795,15,1
1771694970.3755507,290_0,290,tpc_commit,7.547957420349121,28795,15,1
1771694970.4127276,294_0,294,tpc_commit,7.574819087982178,28795,15,1
1771694970.4733336,296_0,296,tpc_commit,7.656383752822876,28795,15,1
1771694972.6061325,291_1,291,tpc_lock,9.0103497505188,46561,15,1
1771694972.6338558,299_1,299,tpc_lock,9.492931842803957,46561,15,1
1771694972.65159,295_0,295,tpc_commit,9.781545639038086,28795,15,1
1771694972.6615665,293_0,293,tpc_commit,10.441491603851318,28795,15,1
1771694974.244172,292_0,292,tpc_commit,3.986961841583252,28795,15,1
1771694974.335111,298_0,298,tpc_commit,4.054163932800293,28795,15,1
1771694974.3457534,297_0,297,tpc_commit,13.906422853469849,28795,15,1
1771694974.5433211,294_0,294,tpc_commit,4.13058352470398,28795,15,1
1771694974.8076973,290_0,290,tpc_commit,4.432137489318848,28795,15,1
1771694974.9104185,296_0,296,tpc_commit,4.437074899673462,28795,15,1
1771694982.542529,294_1,294,tpc_lock,6.360774517059326,46561,16,1
1771694982.580449,296_1,296,tpc_lock,6.574566125869751,46561,16,1
1771694982.5915349,290_1,290,tpc_lock,7.24428653717041,46561,16,1
1771694982.6011734,298_1,298,tpc_lock,6.505552053451538,46561,16,1
1771694982.6342242,292_1,292,tpc_lock,6.5309739112854,46561,16,1
1771694984.4899244,297_1,297,tpc_lock,9.14639687538147,46561,16,1
1771694986.2453392,299_1,299,tpc_lock,13.611470699310305,46561,16,1
1771694986.252593,291_1,291,tpc_lock,13.646450281143188,46561,16,1
1771694986.314356,293_0,293,tpc_commit,13.652780294418337,28795,16,1
1771694986.3960547,296_1,296,tpc_lock,3.815593719482422,46561,16,1
1771694986.6583147,295_0,295,tpc_commit,14.006712675094604,28795,16,1
1771694986.662739,294_1,294,tpc_lock,4.120198011398315,46561,16,1
1771694986.8295388,292_1,292,tpc_lock,4.195302724838257,46561,16,1
1771694987.0644476,290_1,290,tpc_lock,4.472901105880737,46561,16,1
1771694987.0751178,298_1,298,tpc_lock,4.473930835723877,46561,16,1
1771694996.377072,293_1,293,tpc_lock,9.4709050655365,46561,17,1
1771694996.4155426,295_1,295,tpc_lock,7.933687210083008,46561,17,1
1771694998.2539196,299_1,299,das_work,2.41904354095459,48258,17,1
1771694998.2559102,290_1,290,das_work,3.540396213531494,48258,17,1
1771694998.2595396,298_1,298,das_work,8.2715904712677,48258,17,1
1771694998.275659,293_1,293,tpc_lock,1.898579835891724,46561,17,1
1771694998.297793,297_1,297,tpc_lock,13.807856559753418,46561,17,1
1771694998.5146682,291_1,291,das_work,6.991105079650879,48258,17,1
1771694998.5510128,296_1,296,das_work,9.696698188781738,48258,17,1
1771694998.7580822,295_1,295,tpc_lock,2.3425254821777344,46561,17,1
1771694998.7810333,294_1,294,das_work,9.293991088867188,48258,17,1
1771694998.79836,292_1,292,das_work,9.288610458374023,48258,17,1
1771695006.6177485,290_1,290,tpc_commit,8.361827611923218,28795,18,1
1771695006.6713076,296_1,296,tpc_commit,8.120283603668213,28795,18,1
1771695006.6894062,298_1,298,tpc_commit,8.429856538772583,28795,18,1
1771695006.8170073,294_1,294,tpc_commit,8.035965204238892,28795,18,1
1771695006.933823,292_1,292,tpc_commit,8.135452270507812,28795,18,1
1771695008.532365,291_1,291,tpc_commit,10.017685651779177,28795,18,1
1771695008.603028,299_1,299,tpc_commit,10.3490948677063,28795,18,1
1771695010.206275,297_1,297,das_work,10.681371212005615,48258,18,1
1771695010.2450435,293_1,293,das_work,5.811733245849609,48258,18,1
1771695010.3421924,292_1,292,tpc_commit,3.408358097076416,28795,18,1
1771695010.6720254,290_1,290,tpc_commit,4.054265737533569,28795,18,1
1771695010.706762,298_1,298,tpc_commit,4.017340183258057,28795,18,1
1771695010.7560894,294_1,294,tpc_commit,3.9390697479248047,28795,18,1
1771695018.2409296,292_2,292,tpc_lock,6.817615985870361,46561,19,1
1771695018.3456922,290_2,290,tpc_lock,5.862992525100708,46561,19,1
1771695018.403141,294_2,294,tpc_lock,6.273786306381226,46561,19,1
1771695018.4898863,298_2,298,tpc_lock,7.145029783248901,46561,19,1
1771695020.462044,297_1,297,tpc_commit,10.25575590133667,28795,19,1
1771695020.479024,293_1,293,tpc_commit,10.233967065811155,28795,19,1
1771695022.3695738,292_2,292,tpc_lock,4.127936840057373,46561,19,1
1771695022.3978927,299_1,299,tpc_commit,13.79485321044922,28795,19,1
1771695022.4704564,298_2,298,tpc_lock,3.980557918548584,46561,19,1
1771695022.730311,295_1,295,das_work,14.54966950416565,48258,19,1
1771695022.8806362,294_2,294,tpc_lock,4.477479457855225,46561,19,1
1771695023.0222323,296_1,296,tpc_commit,16.350914478302002,28795,19,1
1771695023.0296135,291_1,291,tpc_commit,14.497236728668211,28795,19,1
1771695023.1359065,290_2,290,tpc_lock,4.790202617645264,46561,19,1
1771695030.4405353,296_2,296,tpc_lock,6.504009008407593,46561,20,1
1771695032.7597263,299_2,299,tpc_lock,9.101311206817629,46561,20,1
1771695032.7953858,291_2,291,tpc_lock,8.403820514678955,46561,20,1
1771695032.849897,295_1,295,tpc_commit,10.119574308395386,28795,20,1
1771695034.4567597,290_2,290,das_work,5.427525997161865,48258,20,1
1771695034.4764626,292_2,292,das_work,4.293337345123291,48258,20,1
1771695035.1364503,293_1,293,tpc_commit,14.657416343688965,28795,20,1
1771695035.5050652,298_2,298,das_work,4.398500204086304,48258,20,1
1771695035.5510397,294_2,294,das_work,10.075201749801636,48258,20,1
1771695035.6304052,297_1,297,tpc_commit,15.168350458145142,28795,20,1
1771695042.1741395,292_2,292,tpc_commit,7.697646379470825,28795,21,1
1771695042.1848187,298_2,298,tpc_commit,6.679744958877564,28795,21,1
1771695042.2220306,290_2,290,tpc_commit,7.765258550643921,28795,21,1
1771695042.24781,294_2,294,tpc_commit,6.696758270263672,28795,21,1
1771695044.6363976,297_2,297,tpc_lock,8.002567291259766,46561,21,1
1771695044.6420162,293_2,293,tpc_lock,8.914316892623901,46561,21,1
1771695046.3176827,290_2,290,tpc_commit,4.095643758773804,28795,21,1
1771695046.3229454,299_2,299,tpc_lock,13.563206911087036,46561,21,1
1771695046.3262932,296_2,296,tpc_lock,15.885745286941528,46561,21,1
1771695046.3430088,291_2,291,tpc_lock,13.547611474990845,46561,21,1
1771695046.595915,295_1,295,tpc_commit,13.746007919311523,28795,21,1
1771695046.77835,292_2,292,tpc_commit,4.604198455810547,28795,21,1
1771695046.849154,294_2,294,tpc_commit,4.601332426071167,28795,21,1
1771695047.0340965,298_2,298,tpc_commit,4.849266052246094,28795,21,1
1771695054.4320102,292_3,292,tpc_lock,5.935181856155396,46561,22,1
1771695054.4740334,294_3,294,tpc_lock,6.256248950958252,46561,22,1
1771695054.4765737,290_3,290,tpc_lock,7.579076766967773,46561,22,1
1771695054.8390288,298_3,298,tpc_lock,7.221071720123291,46561,22,1
1771695056.601826,295_2,295,tpc_lock,8.969115495681763,46561,22,1
1771695058.315488,292_3,292,tpc_lock,3.883465051651001,46561,22,1
1771695058.34052,291_2,291,das_work,6.422111749649048,48258,22,1
1771695058.6109073,297_2,297,tpc_lock,13.974498748779297,46561,22,1
1771695058.6616557,293_2,293,tpc_lock,14.019626379013062,46561,22,1
1771695058.6963136,296_2,296,das_work,6.975257396697998,48258,22,1
1771695058.7499816,290_3,290,tpc_lock,4.2733964920043945,46561,22,1
1771695058.970072,294_3,294,tpc_lock,4.496026992797852,46561,22,1
1771695059.2168589,299_2,299,das_work,5.209239482879639,48258,22,1
1771695066.5904534,296_2,296,tpc_commit,7.894129276275635,28795,23,1
1771695068.5032525,299_2,299,tpc_commit,9.28638195991516,28795,23,1
1771695068.5480044,291_2,291,tpc_commit,10.207470417022703,28795,23,1
1771695070.2934434,290_3,290,das_work,3.745120286941528,48258,23,1
1771695070.3491757,295_2,295,tpc_lock,13.747339725494385,46561,23,1
1771695070.3674347,296_2,296,tpc_commit,3.776968479156494,28795,23,1
1771695070.3701255,292_3,292,das_work,10.354019403457642,48258,23,1
1771695070.4759786,298_3,298,tpc_lock,15.636916160583496,46561,23,1
1771695070.606906,294_3,294,das_work,8.076628684997559,48258,23,1
1771695071.0149992,297_2,297,das_work,7.050355434417725,48258,23,1
1771695078.1780083,292_3,292,tpc_commit,7.807875156402588,28795,24,1
1771695078.2016308,296_3,296,tpc_lock,7.275356292724609,46561,24,1
1771695078.2930515,290_3,290,tpc_commit,7.999594926834106,28795,24,1
1771695078.349605,294_3,294,tpc_commit,7.742687940597534,28795,24,1
1771695080.438369,297_2,297,tpc_commit,9.423358678817747,28795,24,1
1771695082.3524225,297_2,297,tpc_commit,1.9140443801879885,28795,24,1
1771695082.5839207,290_3,290,tpc_commit,4.290858268737793,28795,24,1
1771695082.591709,291_2,291,tpc_commit,14.043692111968994,28795,24,1
1771695082.6392791,292_3,292,tpc_commit,4.461260318756104,28795,24,1
1771695082.647777,299_2,299,tpc_commit,14.144513607025146,28795,24,1
1771695082.6568365,298_3,298,das_work,5.149688482284546,48258,24,1
1771695082.6702707,294_3,294,tpc_commit,4.320657968521118,28795,24,1
1771695082.8313673,295_2,295,das_work,8.163209676742554,48258,24,1
1771695082.840828,296_3,296,tpc_lock,4.639155387878418,46561,24,1
1771695082.8720274,293_2,293,das_work,14.76912808418274,48258,24,1
1771695090.094879,292_4,292,tpc_lock,6.306837320327759,46561,25,1
1771695090.110479,298_3,298,tpc_commit,7.453632831573486,28795,25,1
1771695090.176004,294_4,294,tpc_lock,6.994422197341919,46561,25,1
1771695090.2284305,290_4,290,tpc_lock,5.982665300369263,46549,25,1
1771695092.565057,291_3,291,tpc_lock,8.524244546890259,46561,25,1
1771695092.5769577,299_3,299,tpc_lock,7.942230701446533,46561,25,1
1771695092.587791,295_2,295,tpc_commit,9.7564115524292,28795,25,1
1771695092.679083,297_3,297,tpc_lock,8.392803430557251,46561,25,1
1771695092.688662,293_2,293,tpc_commit,9.816621780395508,28795,25,1
1771695094.3689506,294_4,294,tpc_lock,4.192936182022095,46561,25,1
1771695094.4272366,292_4,292,tpc_lock,4.332346200942993,46561,25,1
1771695094.538583,296_3,296,das_work,4.188166856765747,48258,25,1
1771695094.7623742,298_3,298,tpc_commit,4.651884317398071,28795,25,1
1771695094.7908287,290_4,290,tpc_lock,4.562388896942139,46549,25,1
1771695094.9256673,299_3,299,tpc_lock,2.348697662353516,46561,25,1
1771695102.3327725,298_4,298,tpc_lock,6.079735517501831,46561,26,1
1771695102.335982,296_3,296,tpc_commit,7.79738712310791,28795,26,1
1771695106.261574,294_4,294,das_work,6.368917465209961,48258,26,1
1771695106.268414,292_4,292,das_work,8.449503183364868,48258,26,1
1771695106.273294,290_4,290,das_work,9.723251819610596,48258,26,1
1771695106.360675,295_2,295,tpc_commit,13.772870779037476,28795,26,1
1771695106.7492075,293_2,293,tpc_commit,14.060532331466677,28795,26,1
1771695106.8953109,297_3,297,tpc_lock,14.216214179992676,46561,26,1
1771695107.0085793,291_3,291,tpc_lock,14.443510293960571,46561,26,1
1771695114.1795447,294_4,294,tpc_commit,7.917958974838257,28795,27,1
1771695114.1827931,292_4,292,tpc_commit,7.914365768432617,28795,27,1
1771695114.198685,290_4,290,tpc_commit,7.925381898880005,28783,27,1
1771695116.529699,295_3,295,tpc_lock,8.411636352539062,46561,27,1
1771695116.555726,293_3,293,tpc_lock,8.471834421157837,46561,27,1
1771695118.362275,297_3,297,das_work,6.01032304763794,48258,27,1
1771695118.3856533,291_3,291,das_work,3.716900587081909,48258,27,1
1771695118.3935587,299_3,299,das_work,14.661789417266846,48258,27,1
1771695118.4184325,296_3,296,tpc_commit,16.082380294799805,28795,27,1
1771695118.4977906,298_4,298,tpc_lock,16.16500735282898,46561,27,1
1771695118.5931487,290_4,290,tpc_commit,4.394452095031738,28783,27,1
1771695118.69378,292_4,292,tpc_commit,4.510975360870361,28795,27,1
1771695119.0751798,294_4,294,tpc_commit,4.895622730255127,28795,27,1
1771695126.2286685,296_4,296,tpc_lock,6.671316385269165,46561,28,1
1771695128.7034783,297_3,297,tpc_commit,10.341190576553345,28795,28,1
1771695128.7343254,299_3,299,tpc_commit,10.340752840042114,28795,28,1
1771695128.8441236,291_3,291,tpc_commit,10.458456993103027,28795,28,1
1771695130.3185835,296_4,296,tpc_lock,4.089905738830566,46561,28,1
1771695130.34689,293_3,293,tpc_lock,13.791149854660034,46561,28,1
1771695130.3799124,295_3,295,tpc_lock,13.850199699401855,46561,28,1
1771695130.6136668,298_4,298,das_work,2.403450489044189,48258,28,1
1771695138.303081,298_4,298,tpc_commit,7.689403533935547,28795,29,1
1771695142.3223171,291_3,291,tpc_commit,13.478180408477783,28795,29,1
1771695142.51,299_3,299,tpc_commit,13.77566385269165,28795,29,1
1771695142.529984,293_3,293,das_work,3.344996452331543,48258,29,1
1771695142.534374,297_3,297,tpc_commit,13.8308846950531,28795,29,1
1771695142.6647818,298_4,298,tpc_commit,4.361686944961548,28795,29,1
1771695142.7456152,295_3,295,das_work,5.909316301345825,48258,29,1
1771695142.7711048,296_4,296,das_work,2.513411045074463,48258,29,1
1771695150.0889812,296_4,296,tpc_commit,7.317865371704102,28795,30,1
1771695152.710876,299_4,299,tpc_lock,8.581877708435059,46561,30,1
1771695152.7248664,297_4,297,tpc_lock,8.204833030700684,46561,30,1
1771695152.7419467,295_3,295,tpc_commit,9.996320724487305,28795,30,1
1771695152.7457814,291_4,291,tpc_lock,9.023056030273438,46561,30,1
1771695152.8055944,293_3,293,tpc_commit,10.27559518814087,28795,30,1
1771695154.4347527,295_3,295,tpc_commit,1.6927931308746338,28795,30,1
1771695154.4422257,299_4,299,tpc_lock,1.7313387393951416,46561,30,1
1771695154.555961,296_4,296,tpc_commit,4.466968297958374,28795,30,1
1771695154.5697205,293_3,293,tpc_commit,1.7640650272369385,28795,30,1
1771695154.6207802,291_4,291,tpc_lock,1.874987363815308,46561,30,1
1771695154.669989,297_4,297,tpc_lock,1.945109844207764,46561,30,1
1771695164.6349258,293_4,293,tpc_lock,9.325087547302246,46561,31,1
1771695164.6474855,295_4,295,tpc_lock,8.71657657623291,46561,31,1
1771695166.2609656,295_4,295,tpc_lock,1.613433837890625,46561,31,1
1771695166.263997,299_4,299,das_work,4.606704473495483,48258,31,1
1771695166.2760315,293_4,293,tpc_lock,1.6408843994140625,46561,31,1
1771695166.3346756,297_4,297,das_work,5.598734617233276,48258,31,1
1771695166.337246,291_4,291,das_work,8.55090069770813,48258,31,1
1771695176.5223331,291_4,291,tpc_commit,10.185075759887695,28795,32,1
1771695176.5281594,297_4,297,tpc_commit,10.193473100662231,28795,32,1
1771695176.641165,299_4,299,tpc_commit,10.377153396606444,28795,32,1
1771695178.206793,293_4,293,das_work,8.627472400665283,48258,32,1
1771695178.2369287,299_4,299,tpc_commit,1.595752477645874,28795,32,1
1771695178.2408917,295_4,295,das_work,10.8513765335083,48258,32,1
1771695178.2430103,297_4,297,tpc_commit,1.7148382663726809,28795,32,1
1771695178.2479074,291_4,291,tpc_commit,1.7255282402038574,28795,32,1
1771695188.563836,293_4,293,tpc_commit,10.357032299041748,28795,33,1
1771695188.6100876,295_4,295,tpc_commit,10.369185447692873,28795,33,1
1771695190.3164966,295_4,295,tpc_commit,1.7063992023468018,28795,33,1
1771695190.3280694,293_4,293,tpc_commit,1.7642223834991455,28795,33,1
1771694885.892635,24_0,24,tpc_lock,5.559040784835815,46561,8,1
1771694885.9157617,28_0,28,tpc_lock,4.138719320297241,46561,8,1
1771694885.9767375,22_0,22,tpc_lock,1.7822234630584717,46561,8,1
1771694888.238643,21_0,21,tpc_lock,1.0658044815063477,46561,8,1
1771694888.2437882,25_0,25,tpc_lock,9.033843994140623,46561,8,1
1771694888.3058062,29_0,29,tpc_lock,4.140687704086304,46561,8,1
1771694889.936099,22_0,22,tpc_lock,3.9593522548675537,46561,8,1
1771694889.937441,25_0,25,tpc_lock,1.6936476230621338,46561,8,1
1771694889.9415734,29_0,29,tpc_lock,1.6357617378234863,46561,8,1
1771694889.9602091,24_0,24,tpc_lock,4.06756854057312,46561,8,1
1771694889.978745,28_0,28,tpc_lock,4.06297755241394,46561,8,1
1771694889.9793956,21_0,21,tpc_lock,1.7407488822937012,46561,8,1
1771694897.9278882,26_0,26,tpc_lock,9.132885456085203,46561,9,1
1771694897.9635882,20_0,20,tpc_lock,10.703829765319824,46549,9,1
1771694900.22951,23_0,23,tpc_lock,9.998378992080688,46561,9,1
1771694900.288544,27_0,27,tpc_lock,10.981894731521606,46561,9,1
1771694901.981509,23_0,23,tpc_lock,1.7519941329956057,46561,9,1
1771694901.9826396,20_0,20,tpc_lock,4.019045829772949,46549,9,1
1771694901.9890008,28_0,28,das_work,6.541834115982056,48258,9,1
1771694902.0037332,22_0,22,das_work,6.842848777770996,48258,9,1
1771694902.0129006,21_0,21,das_work,9.254892110824583,48258,9,1
1771694902.0144148,27_0,27,tpc_lock,1.7258644104003906,46561,9,1
1771694902.025402,29_0,29,das_work,7.168123006820679,48258,9,1
1771694902.0272386,24_0,24,das_work,3.407525062561035,48258,9,1
1771694902.0326543,26_0,26,tpc_lock,4.104760885238648,46561,9,1
1771694902.0328755,25_0,25,das_work,7.159178256988525,48258,9,1
1771694909.9309628,22_0,22,tpc_commit,7.927217721939087,28795,10,1
1771694909.937184,28_0,28,tpc_commit,7.948169708251953,28795,10,1
1771694909.951087,24_0,24,tpc_commit,7.92383861541748,28795,10,1
1771694912.260618,29_0,29,tpc_commit,10.235205888748167,28795,10,1
1771694912.273632,21_0,21,tpc_commit,10.260719776153564,28795,10,1
1771694912.2761066,25_0,25,tpc_commit,10.243221998214722,28795,10,1
1771694914.029596,29_0,29,tpc_commit,1.7689664363861084,28795,10,1
1771694914.0299056,24_0,24,tpc_commit,4.0788092613220215,28795,10,1
1771694914.0300565,25_0,25,tpc_commit,1.7539396286010742,28795,10,1
1771694914.0302317,27_0,27,das_work,6.642587184906006,48258,10,1
1771694914.0530138,21_0,21,tpc_commit,1.7793703079223633,28795,10,1
1771694914.0751464,28_0,28,tpc_commit,4.137952327728272,28795,10,1
1771694914.0845163,23_0,23,das_work,7.156275987625122,48258,10,1
1771694914.103543,22_0,22,tpc_commit,4.1725685596466064,28795,10,1
1771694914.1290753,26_0,26,das_work,7.437283754348755,48258,10,1
1771694914.1450589,20_0,20,das_work,3.760770320892334,48258,10,1
1771694922.0120409,28_1,28,tpc_lock,7.283003091812134,46561,11,1
1771694922.015983,20_0,20,tpc_commit,7.870913743972778,28783,11,1
1771694922.0243256,26_0,26,tpc_commit,7.89523983001709,28795,11,1
1771694922.0308163,24_1,24,tpc_lock,7.200204372406006,46561,11,1
1771694922.040006,22_1,22,tpc_lock,6.989931583404541,46561,11,1
1771694924.32305,21_1,21,tpc_lock,9.521414279937744,46561,11,1
1771694924.3347857,25_1,25,tpc_lock,9.211052179336548,46561,11,1
1771694924.3365092,27_0,27,tpc_commit,10.306270360946655,28795,11,1
1771694924.3858137,29_1,29,tpc_lock,9.48399019241333,46549,11,1
1771694924.401665,23_0,23,tpc_commit,10.317138195037842,28795,11,1
1771694926.0736935,23_0,23,tpc_commit,1.6720170974731443,28795,11,1
1771694926.0900197,22_1,22,tpc_lock,4.050004005432129,46561,11,1
1771694926.1034544,27_0,27,tpc_commit,1.7669382095336914,28795,11,1
1771694926.1126735,21_1,21,tpc_lock,1.78961443901062,46561,11,1
1771694926.121002,24_1,24,tpc_lock,4.090143203735352,46561,11,1
1771694926.1528454,26_0,26,tpc_commit,4.128509759902954,28795,11,1
1771694926.1574917,28_1,28,tpc_lock,4.1454033851623535,46561,11,1
1771694926.185094,20_0,20,tpc_commit,4.169102430343628,28783,11,1
1771694926.1930804,25_1,25,tpc_lock,1.8582847118377688,46561,11,1
1771694926.205372,29_1,29,tpc_lock,1.819547414779663,46549,11,1
1771694933.9521062,26_1,26,tpc_lock,6.196323156356812,46561,12,1
1771694933.9854398,20_1,20,tpc_lock,6.156498432159424,46561,12,1
1771694936.28483,27_1,27,tpc_lock,8.408793687820435,46561,12,1
1771694936.3230855,23_1,23,tpc_lock,8.43670916557312,46561,12,1
1771694938.1149156,28_1,28,das_work,6.043553113937378,48258,12,1
1771694938.1239114,21_1,21,das_work,7.51224160194397,48258,12,1
1771694938.2260876,27_1,27,tpc_lock,1.941245555877685,46561,12,1
1771694938.2356806,22_1,22,das_work,4.259632587432861,48258,12,1
1771694938.2942135,24_1,24,das_work,4.287344217300415,48258,12,1
1771694938.3021142,26_1,26,tpc_lock,4.349998235702515,46561,12,1
1771694938.378806,29_1,29,das_work,5.006995677947998,48258,12,1
1771694938.3897429,25_1,25,das_work,11.161306381225586,48258,12,1
1771694938.3927867,23_1,23,tpc_lock,2.069689989089966,46561,12,1
1771694938.407001,20_1,20,tpc_lock,4.421552658081055,46561,12,1
1771694946.1252606,22_1,22,tpc_commit,7.889569044113159,28795,13,1
1771694946.1316862,24_1,24,tpc_commit,7.837311267852783,28795,13,1
1771694946.1954017,28_1,28,tpc_commit,8.080477952957153,28795,13,1
1771694948.3676836,25_1,25,tpc_commit,9.977926969528198,28795,13,1
1771694948.4850783,21_1,21,tpc_commit,10.36115550994873,28795,13,1
1771694948.5039806,29_1,29,tpc_commit,10.125163078308104,28783,13,1
1771694950.3287275,22_1,22,tpc_commit,4.203453302383423,28795,13,1
1771694950.6416843,26_1,26,das_work,10.933276653289797,48258,13,1
1771694950.652069,24_1,24,tpc_commit,4.520371675491333,28795,13,1
1771694950.6634634,29_1,29,tpc_commit,2.1594693660736084,28783,13,1
1771694950.6775298,25_1,25,tpc_commit,2.309834241867065,28795,13,1
1771694950.7983544,28_1,28,tpc_commit,4.602940320968628,28795,13,1
1771694950.8005989,23_1,23,das_work,4.227943658828735,48258,13,1
1771694950.8773444,20_1,20,das_work,5.438385486602783,48258,13,1
1771694950.900977,27_1,27,das_work,7.828575611114502,48258,13,1
1771694958.230545,28_2,28,tpc_lock,6.004513502120972,46561,14,1
1771694958.2429206,26_1,26,tpc_commit,7.601225137710571,28795,14,1
1771694958.2727518,22_2,22,tpc_lock,6.504342555999756,46561,14,1
1771694958.3142092,20_1,20,tpc_commit,7.4368531703948975,28795,14,1
1771694958.3950412,24_2,24,tpc_lock,6.329204082489014,46561,14,1
1771694960.4562256,29_2,29,tpc_lock,8.189491271972656,46561,14,1
1771694960.4734588,23_1,23,tpc_commit,9.672848463058472,28795,14,1
1771694960.4947407,27_1,27,tpc_commit,9.593753814697266,28795,14,1
1771694960.5038753,25_2,25,tpc_lock,9.174086809158323,46561,14,1
1771694962.248304,24_2,24,tpc_lock,3.853253126144409,46561,14,1
1771694962.3073485,29_2,29,tpc_lock,1.8511121273040767,46561,14,1
1771694962.3232768,26_1,26,tpc_commit,4.08034348487854,28795,14,1
1771694962.3268204,20_1,20,tpc_commit,4.012599945068359,28795,14,1
1771694962.6267097,21_1,21,tpc_commit,14.141615152359009,28795,14,1
1771694962.7163596,28_2,28,tpc_lock,4.485804080963135,46561,14,1
1771694962.9149966,22_2,22,tpc_lock,4.642234325408936,46561,14,1
1771694970.478573,26_2,26,tpc_lock,7.46216893196106,46561,15,1
1771694970.4848535,20_2,20,tpc_lock,7.223507404327393,46549,15,1
1771694972.7561088,21_2,21,tpc_lock,9.268921375274658,46561,15,1
1771694974.222635,23_1,23,tpc_commit,13.74916648864746,28795,15,1
1771694974.3372517,28_2,28,das_work,5.522132396697998,48258,15,1
1771694974.6231277,20_2,20,tpc_lock,4.138262987136841,46549,15,1
1771694974.9321945,25_2,25,tpc_lock,14.428308010101318,46561,15,1
1771694974.9385374,29_2,29,das_work,4.6118693351745605,48258,15,1
1771694974.958853,24_2,24,das_work,10.65586519241333,48258,15,1
1771694974.9623053,26_2,26,tpc_lock,4.48372220993042,46561,15,1
1771694974.9796448,27_1,27,tpc_commit,14.484892845153809,28795,15,1
1771694982.3575835,24_2,24,tpc_commit,7.398720026016235,28795,16,1
1771694982.5623257,28_2,28,tpc_commit,8.225064039230347,28795,16,1
1771694984.4183316,23_2,23,tpc_lock,9.266961336135864,46561,16,1
1771694984.4858546,27_2,27,tpc_lock,8.884464979171753,46561,16,1
1771694984.5194514,29_2,29,tpc_commit,9.58090329170227,28795,16,1
1771694986.2519715,26_2,26,das_work,6.78802752494812,48258,16,1
1771694986.3609622,25_2,25,das_work,2.8462395668029785,48258,16,1
1771694986.5705123,24_2,24,tpc_commit,4.212917804718018,28795,16,1
1771694986.688055,27_2,27,tpc_lock,2.20218825340271,46561,16,1
1771694986.7965307,28_2,28,tpc_commit,4.234194040298462,28795,16,1
1771694986.807165,22_2,22,das_work,13.985865831375122,48258,16,1
1771694986.8749163,20_2,20,das_work,6.490582466125488,48258,16,1
1771694986.892445,21_2,21,tpc_lock,14.13632345199585,46561,16,1
1771694986.9415147,23_2,23,tpc_lock,2.523170232772827,46561,16,1
1771694994.15386,22_2,22,tpc_commit,7.346683502197266,28795,17,1
1771694994.1599908,28_3,28,tpc_lock,6.38305926322937,46561,17,1
1771694994.1657715,24_3,24,tpc_lock,5.866156816482544,46561,17,1
1771694994.1743853,26_2,26,tpc_commit,7.922404289245605,28795,17,1
1771694994.3070266,20_2,20,tpc_commit,7.43209981918335,28783,17,1
1771694996.4045308,25_2,25,tpc_commit,10.043558359146118,28795,17,1
1771694998.2600894,22_2,22,tpc_commit,4.10619068145752,28795,17,1
1771694998.3029249,28_3,28,tpc_lock,4.1429219245910645,46561,17,1
1771694998.303929,23_2,23,das_work,6.788579940795898,48258,17,1
1771694998.340338,26_2,26,tpc_commit,4.16594123840332,28795,17,1
1771694998.4181657,21_2,21,das_work,6.9051618576049805,48258,17,1
1771694998.4694626,25_2,25,tpc_commit,2.064920425415039,28795,17,1
1771694998.605477,20_2,20,tpc_commit,4.298437833786011,28783,17,1
1771694998.6387775,24_3,24,tpc_lock,4.472995758056641,46561,17,1
1771694998.6406522,27_2,27,das_work,8.652767181396484,48258,17,1
1771694998.7691553,29_2,29,tpc_commit,14.249693393707275,28795,17,1
1771695006.6162732,26_3,26,tpc_lock,7.505228996276855,46561,18,1
1771695006.7346883,20_3,20,tpc_lock,7.371612787246704,46549,18,1
1771695006.9784756,22_3,22,tpc_lock,6.893982172012329,46549,18,1
1771695008.520832,25_3,25,tpc_lock,9.36193561553955,46561,18,1
1771695008.5906184,27_2,27,tpc_commit,9.94995403289795,28795,18,1
1771695008.595675,29_3,29,tpc_lock,8.86788010597229,46561,18,1
1771695008.6248734,21_2,21,tpc_commit,10.20669651031494,28795,18,1
1771695008.6315546,23_2,23,tpc_commit,10.327614545822144,28795,18,1
1771695010.4282727,26_3,26,tpc_lock,3.811988353729248,46561,18,1
1771695010.6706183,24_3,24,das_work,6.0146849155426025,48258,18,1
1771695010.7316072,28_3,28,das_work,6.4100611209869385,48258,18,1
1771695010.8101845,20_3,20,tpc_lock,4.075484037399292,46549,18,1
1771695018.3042543,24_3,24,tpc_commit,7.633624076843262,28795,19,1
1771695018.52044,28_3,28,tpc_commit,7.788820505142212,28795,19,1
1771695022.280723,27_2,27,tpc_commit,13.69009280204773,28795,19,1
1771695022.3327613,22_3,22,tpc_lock,15.354271411895752,46549,19,1
1771695022.4432108,24_3,24,tpc_commit,4.138944149017334,28795,19,1
1771695022.4768994,26_3,26,das_work,6.332556962966919,48258,19,1
1771695022.5663457,25_3,25,tpc_lock,14.04550004005432,46561,19,1
1771695022.584057,28_3,28,tpc_commit,4.063605785369873,28795,19,1
1771695022.613304,20_3,20,das_work,3.3562591075897217,48258,19,1
1771695022.6272097,29_3,29,tpc_lock,14.031521558761597,46561,19,1
1771695022.6921456,23_2,23,tpc_commit,14.060579776763916,28795,19,1
1771695022.9759936,21_2,21,tpc_commit,14.351109981536863,28795,19,1
1771695030.2108848,26_3,26,tpc_commit,7.733973979949951,28795,20,1
1771695030.2703283,28_4,28,tpc_lock,6.666796922683716,46561,20,1
1771695030.2733512,20_3,20,tpc_commit,7.660036563873291,28783,20,1
1771695030.450108,24_4,24,tpc_lock,6.538706064224243,46561,20,1
1771695032.7243645,23_3,23,tpc_lock,9.4772310256958,46561,20,1
1771695032.7918425,27_3,27,tpc_lock,9.555359125137327,46561,20,1
1771695032.8188183,21_3,21,tpc_lock,8.70184326171875,46561,20,1
1771695034.2284806,26_3,26,tpc_commit,4.017581939697266,28795,20,1
1771695034.3031793,25_3,25,das_work,9.695985555648804,48258,20,1
1771695034.4440668,22_3,22,das_work,7.717765808105469,48258,20,1
1771695034.6124616,24_4,24,tpc_lock,4.162342309951782,46561,20,1
1771695035.0252588,28_4,28,tpc_lock,4.754917144775391,46561,20,1
1771695035.0360732,29_3,29,das_work,8.252001523971558,48258,20,1
1771695042.1676035,22_3,22,tpc_commit,7.7235267162323,28783,21,1
1771695042.2827787,26_4,26,tpc_lock,6.610272407531738,46561,21,1
1771695044.585777,25_3,25,tpc_commit,10.282586812973022,28795,21,1
1771695044.6394093,29_3,29,tpc_commit,9.603325128555298,28795,21,1
1771695046.3306615,24_4,24,das_work,6.663754940032959,48258,21,1
1771695046.376824,20_3,20,tpc_commit,16.103461742401123,28783,21,1
1771695046.7359064,22_3,22,tpc_commit,4.568291664123535,28783,21,1
1771695046.747503,27_3,27,tpc_lock,13.955648422241213,46561,21,1
1771695046.7579284,23_3,23,tpc_lock,14.033551216125488,46561,21,1
1771695046.759327,25_3,25,tpc_commit,2.173537254333496,28795,21,1
1771695047.043048,26_4,26,tpc_lock,4.760257005691528,46561,21,1
1771695047.0590458,21_3,21,tpc_lock,14.240215301513672,46561,21,1
1771695054.3692982,22_4,22,tpc_lock,5.997198820114136,46561,22,1
1771695054.6562693,20_4,20,tpc_lock,6.587439775466919,46561,22,1
1771695054.6590266,24_4,24,tpc_commit,8.328351736068726,28795,22,1
1771695056.532481,25_4,25,tpc_lock,8.329046964645386,46549,22,1
1771695058.323517,21_3,21,das_work,9.382741212844849,48258,22,1
1771695058.3421595,24_4,24,tpc_commit,3.6831212043762207,28795,22,1
1771695058.3745873,28_4,28,das_work,13.828838348388672,48258,22,1
1771695058.406757,22_4,22,tpc_lock,4.037445306777954,46561,22,1
1771695058.506183,23_3,23,das_work,5.866888761520386,48258,22,1
1771695058.5272465,20_4,20,tpc_lock,3.870965003967285,46561,22,1
1771695059.0297556,29_3,29,tpc_commit,14.390331983566284,28795,22,1
1771695059.20943,26_4,26,das_work,7.813677549362183,48258,22,1
1771695066.489636,26_4,26,tpc_commit,7.28019118309021,28795,23,1
1771695066.4989147,28_4,28,tpc_commit,8.124316453933716,28795,23,1
1771695068.5564735,23_3,23,tpc_commit,10.050278663635254,28795,23,1
1771695068.5915482,29_4,29,tpc_lock,8.378823041915894,46561,23,1
1771695068.6094444,21_3,21,tpc_commit,10.285914659500122,28795,23,1
1771695070.4143028,22_4,22,das_work,6.630382537841797,48258,23,1
1771695070.4499156,29_4,29,tpc_lock,1.858353853225708,46561,23,1
1771695070.5151088,26_4,26,tpc_commit,4.025458097457886,28795,23,1
1771695070.5306177,25_4,25,tpc_lock,13.998124122619627,46549,23,1
1771695070.5549195,28_4,28,tpc_commit,4.055992126464844,28795,23,1
1771695070.6428208,27_3,27,das_work,14.57381820678711,48258,23,1
1771695070.784641,20_4,20,das_work,10.678210020065308,48258,23,1
1771695070.8321743,23_3,23,tpc_commit,2.275690078735352,28795,23,1
1771695070.9048102,21_3,21,tpc_commit,2.295354127883911,28795,23,1
1771695078.1694849,22_4,22,tpc_commit,7.755167484283447,28795,24,1
1771695078.2515168,20_4,20,tpc_commit,7.466861009597778,28795,24,1
1771695080.431248,27_3,27,tpc_commit,9.788416862487791,28795,24,1
1771695080.453778,21_4,21,tpc_lock,7.995352506637573,46561,24,1
1771695080.4585562,23_4,23,tpc_lock,8.628611326217651,46561,24,1
1771695082.3207712,21_4,21,tpc_lock,1.8669812679290767,46561,24,1
1771695082.3217962,25_4,25,das_work,9.02543044090271,48258,24,1
1771695082.3635762,29_4,29,das_work,9.280990362167358,48258,24,1
1771695082.5151677,20_4,20,tpc_commit,4.2636399269104,28795,24,1
1771695082.6820345,27_3,27,tpc_commit,2.250775098800659,28795,24,1
1771695082.7067168,23_4,23,tpc_lock,2.2481493949890137,46561,24,1
1771695082.8057015,22_4,22,tpc_commit,4.636204242706299,28795,24,1
1771695092.5777936,29_4,29,tpc_commit,10.21420669555664,28795,25,1
1771695092.6171348,25_4,25,tpc_commit,10.295324325561523,28783,25,1
1771695092.6794093,27_4,27,tpc_lock,8.552211046218872,46561,25,1
1771695094.275315,21_4,21,das_work,4.014143228530884,48258,25,1
1771695094.4171364,23_4,23,das_work,7.539520263671875,48258,25,1
1771695095.2336178,29_4,29,tpc_commit,2.655812263488769,28795,25,1
1771695104.7501383,23_4,23,tpc_commit,10.332989692687988,28795,26,1
1771695104.8608224,21_4,21,tpc_commit,10.585494995117188,28795,26,1
1771695106.260448,25_4,25,tpc_commit,13.643300771713257,28783,26,1
1771695106.3366106,27_4,27,tpc_lock,13.657188653945925,46561,26,1
1771695118.380709,23_4,23,tpc_commit,13.63055968284607,28795,27,1
1771695118.7967613,21_4,21,tpc_commit,13.935926675796509,28795,27,1
1771695118.9655943,27_4,27,das_work,10.90366005897522,48258,27,1
1771695128.6425655,27_4,27,tpc_commit,9.676960945129396,28795,28,1
1771695142.401297,27_4,27,tpc_commit,13.758721113204956,28795,29,1
1771694936.275154,303_0,303,tpc_lock,0.8113298416137695,46561,12,1
1771694936.2772808,305_0,305,tpc_lock,0.6966509819030762,46561,12,1
1771694936.3049853,307_0,307,tpc_lock,2.93627667427063,46561,12,1
1771694936.35333,301_0,301,tpc_lock,0.8914015293121338,46561,12,1
1771694938.108057,305_0,305,tpc_lock,1.830768346786499,46561,12,1
1771694938.1127243,301_0,301,tpc_lock,1.7593834400177002,46561,12,1
1771694938.4364128,307_0,307,tpc_lock,2.1314213275909424,46561,12,1
1771694938.4405737,303_0,303,tpc_lock,2.1654129028320312,46561,12,1
1771694946.1122704,302_0,302,tpc_lock,2.8433072566986084,46561,13,1
1771694946.2827485,308_0,308,tpc_lock,2.9147658348083496,46561,13,1
1771694946.2905552,300_0,300,tpc_lock,1.8234121799468996,46561,13,1
1771694946.2988818,306_0,306,tpc_lock,5.609304428100586,46561,13,1
1771694946.3217802,304_0,304,tpc_lock,9.571425437927246,46561,13,1
1771694948.5144696,309_0,309,tpc_lock,3.98374080657959,46561,13,1
1771694950.299539,306_0,306,tpc_lock,4.00065016746521,46561,13,1
1771694950.3003838,301_0,301,das_work,5.568601846694946,48258,13,1
1771694950.3730948,305_0,305,das_work,11.096686601638794,48258,13,1
1771694950.3854065,307_0,307,das_work,3.1248159408569336,48258,13,1
1771694950.4918418,308_0,308,tpc_lock,4.209087610244751,46561,13,1
1771694950.8004172,302_0,302,tpc_lock,4.688141584396362,46561,13,1
1771694950.8099306,300_0,300,tpc_lock,4.519367218017578,46561,13,1
1771694950.8183093,303_0,303,das_work,7.8584442138671875,48258,13,1
1771694950.8694875,309_0,309,tpc_lock,2.355011224746704,46561,13,1
1771694950.8950331,304_0,304,tpc_lock,4.573246002197266,46561,13,1
1771694960.430506,307_0,307,tpc_commit,10.045088768005373,28795,14,1
1771694960.4585643,301_0,301,tpc_commit,10.158169984817505,28795,14,1
1771694960.492553,305_0,305,tpc_commit,10.119446277618408,28795,14,1
1771694960.4948056,303_0,303,tpc_commit,9.676486015319824,28795,14,1
1771694962.1909463,304_0,304,das_work,6.700012683868408,48258,14,1
1771694962.2409718,305_0,305,tpc_commit,1.7484071254730225,28795,14,1
1771694962.302186,301_0,301,tpc_commit,1.843611478805542,28795,14,1
1771694962.46768,302_0,302,das_work,6.849406719207764,48258,14,1
1771694962.670616,307_0,307,tpc_commit,2.2400951385498047,28795,14,1
1771694962.6738472,306_0,306,das_work,3.2185354232788086,48258,14,1
1771694962.6784768,309_0,309,das_work,10.332310438156128,48258,14,1
1771694962.7051735,308_0,308,das_work,8.287365436553955,48258,14,1
1771694962.7964978,300_0,300,das_work,6.199931621551514,48258,14,1
1771694962.8617065,303_0,303,tpc_commit,2.3668909072875977,28795,14,1
1771694970.2876928,306_0,306,tpc_commit,7.613835573196411,28795,15,1
1771694970.3240864,300_0,300,tpc_commit,7.527576684951782,28795,15,1
1771694970.3961885,302_0,302,tpc_commit,7.92847204208374,28795,15,1
1771694970.4175606,308_0,308,tpc_commit,7.712378978729248,28795,15,1
1771694970.4496577,304_0,304,tpc_commit,8.258700132369995,28795,15,1
1771694972.5985994,309_0,309,tpc_commit,9.920111656188965,28795,15,1
1771694972.603036,303_1,303,tpc_lock,8.642152547836304,46561,15,1
1771694972.7256527,305_1,305,tpc_lock,9.26531720161438,46561,15,1
1771694972.7386477,307_1,307,tpc_lock,8.094437837600708,46561,15,1
1771694972.745583,301_1,301,tpc_lock,8.592878818511963,46561,15,1
1771694974.2830274,304_0,304,tpc_commit,3.833360433578491,28795,15,1
1771694974.3207517,302_0,302,tpc_commit,3.924553632736206,28795,15,1
1771694974.3313005,300_0,300,tpc_commit,4.007172346115112,28795,15,1
1771694974.3708394,309_0,309,tpc_commit,1.7722291946411133,28795,15,1
1771694974.4958093,306_0,306,tpc_commit,4.208105802536011,28795,15,1
1771694974.4967482,308_0,308,tpc_commit,4.079177141189575,28795,15,1
1771694974.6780086,303_1,303,tpc_lock,2.0749616622924805,46561,15,1
1771694982.376946,304_1,304,tpc_lock,6.129812479019165,46561,16,1
1771694982.4688969,302_1,302,tpc_lock,6.219867706298828,46561,16,1
1771694982.53396,306_1,306,tpc_lock,6.6860222816467285,46561,16,1
1771694982.5390213,308_1,308,tpc_lock,6.920071125030518,46561,16,1
1771694982.588519,300_1,300,tpc_lock,7.358195781707764,46561,16,1
1771694984.5137162,309_1,309,tpc_lock,9.135205268859863,46549,16,1
1771694986.2585597,303_1,303,das_work,8.11774206161499,48258,16,1
1771694986.285259,301_1,301,tpc_lock,13.53966498374939,46561,16,1
1771694986.290044,305_1,305,tpc_lock,13.564379453659058,46561,16,1
1771694986.5812483,306_1,306,tpc_lock,4.047278642654419,46561,16,1
1771694986.583655,304_1,304,tpc_lock,4.206697463989258,46561,16,1
1771694986.679359,302_1,302,tpc_lock,4.210451602935791,46561,16,1
1771694986.8489673,300_1,300,tpc_lock,4.260436773300171,46561,16,1
1771694986.8919992,308_1,308,tpc_lock,4.3529675006866455,46561,16,1
1771694987.1502228,307_1,307,tpc_lock,14.41156554222107,46561,16,1
1771694996.4142962,303_1,303,tpc_commit,10.155725002288818,28795,17,1
1771694998.2539268,304_1,304,das_work,3.6365671157836914,48258,17,1
1771694998.2911522,300_1,300,das_work,8.207152366638184,48258,17,1
1771694998.3477263,305_1,305,das_work,4.866391897201538,48258,17,1
1771694998.3509405,307_1,307,das_work,9.985126256942747,48258,17,1
1771694998.402048,302_1,302,das_work,7.433377742767334,48258,17,1
1771694998.4342608,303_1,303,tpc_commit,2.0199532508850098,28795,17,1
1771694998.4430883,309_1,309,tpc_lock,13.929361820220947,46549,17,1
1771694998.501216,306_1,306,das_work,5.032012701034546,48258,17,1
1771694998.6481383,308_1,308,das_work,4.656660795211792,48258,17,1
1771694998.6555967,301_1,301,das_work,9.936632871627808,48258,17,1
1771695006.6298623,306_1,306,tpc_commit,8.128636837005615,28795,18,1
1771695006.7267237,302_1,302,tpc_commit,8.324666023254395,28795,18,1
1771695006.8437312,300_1,300,tpc_commit,8.552569150924683,28795,18,1
1771695006.9458053,308_1,308,tpc_commit,8.297657251358032,28795,18,1
1771695006.947878,304_1,304,tpc_commit,8.69393801689148,28795,18,1
1771695008.5511606,307_1,307,tpc_commit,10.200209856033323,28795,18,1
1771695008.593389,303_2,303,tpc_lock,8.958461999893188,46561,18,1
1771695008.6027958,301_1,301,tpc_commit,9.947188377380373,28795,18,1
1771695008.6064825,305_1,305,tpc_commit,10.2587411403656,28795,18,1
1771695010.4208388,303_2,303,tpc_lock,1.827441930770874,46561,18,1
1771695010.4290168,308_1,308,tpc_commit,3.483201265335083,28795,18,1
1771695010.4724567,304_1,304,tpc_commit,3.524569272994995,28795,18,1
1771695010.5984414,300_1,300,tpc_commit,3.754698038101196,28795,18,1
1771695010.5995324,309_1,309,das_work,9.68309497833252,48258,18,1
1771695010.6065938,302_1,302,tpc_commit,3.879857301712036,28795,18,1
1771695018.333826,302_2,302,tpc_lock,5.838548421859741,46561,19,1
1771695018.485742,300_2,300,tpc_lock,6.544495344161987,46561,19,1
1771695018.5546598,304_2,304,tpc_lock,7.380792379379272,46561,19,1
1771695018.5670977,308_2,308,tpc_lock,7.051666975021362,46561,19,1
1771695020.453038,309_1,309,tpc_commit,9.853498697280884,28783,19,1
1771695022.440923,300_2,300,tpc_lock,3.955167293548584,46561,19,1
1771695022.490728,306_1,306,tpc_commit,15.860854864120483,28795,19,1
1771695022.648091,308_2,308,tpc_lock,4.080980777740479,46561,19,1
1771695022.6498952,305_1,305,tpc_commit,14.043402433395386,28795,19,1
1771695022.6547253,303_2,303,das_work,10.555490016937256,48258,19,1
1771695022.6570094,307_1,307,tpc_commit,14.105825424194336,28795,19,1
1771695022.8521218,301_1,301,tpc_commit,14.249313116073608,28795,19,1
1771695022.983474,304_2,304,tpc_lock,4.428801536560059,46561,19,1
1771695023.0875063,302_2,302,tpc_lock,4.753669023513794,46561,19,1
1771695030.2988143,306_2,306,tpc_lock,7.111444234848023,46561,20,1
1771695032.7108674,303_2,303,tpc_commit,10.05613136291504,28795,20,1
1771695032.7269998,305_2,305,tpc_lock,8.4693603515625,46549,20,1
1771695032.7905369,307_2,307,tpc_lock,8.329327821731567,46561,20,1
1771695032.8082862,301_2,301,tpc_lock,9.22837734222412,46561,20,1
1771695034.2103932,309_1,309,tpc_commit,13.757155418395996,28783,20,1
1771695034.4843752,306_2,306,tpc_lock,4.185551166534424,46561,20,1
1771695034.8596032,308_2,308,das_work,7.550328969955444,48258,20,1
1771695035.2990446,300_2,300,das_work,6.841874837875366,48258,20,1
1771695042.1644795,300_2,300,tpc_commit,6.865424156188965,28795,21,1
1771695042.2321372,308_2,308,tpc_commit,7.372521162033081,28795,21,1
1771695044.5039945,309_2,309,tpc_lock,9.158772945404053,46561,21,1
1771695046.3341303,300_2,300,tpc_commit,4.169638395309448,28795,21,1
1771695046.3442822,307_2,307,tpc_lock,13.55368423461914,46561,21,1
1771695046.346787,301_2,301,tpc_lock,13.538482904434204,46561,21,1
1771695046.3520646,306_2,306,das_work,6.59208869934082,48258,21,1
1771695046.436807,303_2,303,tpc_commit,13.725927114486694,28795,21,1
1771695046.4423852,305_2,305,tpc_lock,13.715373992919922,46549,21,1
1771695046.4857635,308_2,308,tpc_commit,4.253611326217651,28795,21,1
1771695046.944725,309_2,309,tpc_lock,2.44071888923645,46561,21,1
1771695046.95421,302_2,302,das_work,14.277406930923462,48258,21,1
1771695046.9710684,304_2,304,das_work,14.873555183410645,48258,21,1
1771695054.322476,302_2,302,tpc_commit,7.368250608444214,28795,22,1
1771695054.6891985,308_3,308,tpc_lock,6.629716634750366,46561,22,1
1771695054.8030157,300_3,300,tpc_lock,7.675336599349976,46561,22,1
1771695054.8582425,306_2,306,tpc_commit,8.50616717338562,28795,22,1
1771695054.869852,304_2,304,tpc_commit,7.89876651763916,28795,22,1
1771695056.564958,303_3,303,tpc_lock,9.551030158996582,46561,22,1
1771695058.28531,304_2,304,tpc_commit,3.415445327758789,28795,22,1
1771695058.4319086,308_3,308,tpc_lock,3.742697715759277,46561,22,1
1771695058.4946506,301_2,301,das_work,10.826456785202026,48258,22,1
1771695058.5936208,302_2,302,tpc_commit,4.271133184432983,28795,22,1
1771695058.6484463,307_2,307,das_work,3.28348159790039,48258,22,1
1771695058.7197423,300_3,300,tpc_lock,3.9167160987854,46561,22,1
1771695058.7279782,309_2,309,das_work,5.144614458084106,48258,22,1
1771695058.8211696,305_2,305,das_work,10.169771671295166,48258,22,1
1771695066.4320571,302_3,302,tpc_lock,6.436390161514282,46549,23,1
1771695066.5798426,304_3,304,tpc_lock,7.171999454498291,46561,23,1
1771695068.520187,301_2,301,tpc_commit,10.025526285171509,28795,23,1
1771695068.5403676,305_2,305,tpc_commit,9.719188213348389,28783,23,1
1771695068.5444295,307_2,307,tpc_commit,9.895975351333618,28795,23,1
1771695068.5575814,309_2,309,tpc_commit,9.82959508895874,28795,23,1
1771695070.494175,302_3,302,tpc_lock,4.062105894088745,46549,23,1
1771695070.5651612,303_3,303,tpc_lock,14.00019359588623,46561,23,1
1771695070.7138913,304_3,304,tpc_lock,4.134037017822266,46561,23,1
1771695070.7836547,306_2,306,tpc_commit,15.925402402877808,28795,23,1
1771695070.7853878,301_2,301,tpc_commit,2.265188455581665,28795,23,1
1771695070.8120422,307_2,307,tpc_commit,2.2675998210906982,28795,23,1
1771695070.8667293,308_3,308,das_work,4.355972290039063,48258,23,1
1771695070.914655,300_3,300,das_work,5.974606037139893,48258,23,1
1771695078.136186,306_3,306,tpc_lock,5.97301459312439,46561,24,1
1771695078.2188106,300_3,300,tpc_commit,7.304145812988281,28795,24,1
1771695078.2618718,308_3,308,tpc_commit,7.395128488540649,28795,24,1
1771695080.4234052,301_3,301,tpc_lock,8.563695192337036,46561,24,1
1771695080.4930117,307_3,307,tpc_lock,8.864974975585938,46561,24,1
1771695082.3205688,306_3,306,tpc_lock,4.184372901916504,46561,24,1
1771695082.441234,308_3,308,tpc_commit,4.179352283477783,28795,24,1
1771695082.4522085,302_3,302,das_work,5.296566247940064,48258,24,1
1771695082.4646003,309_2,309,tpc_commit,13.907004833221436,28795,24,1
1771695082.5659626,300_3,300,tpc_commit,4.347141742706299,28795,24,1
1771695082.6340933,305_2,305,tpc_commit,14.093714952468872,28783,24,1
1771695082.689314,307_3,307,tpc_lock,2.1962921619415283,46561,24,1
1771695082.7140489,304_3,304,das_work,10.528168678283691,48258,24,1
1771695082.8068123,303_3,303,das_work,3.173856019973755,48258,24,1
1771695082.8589158,301_3,301,tpc_lock,2.435499429702759,46561,24,1
1771695090.1563938,308_4,308,tpc_lock,5.972628831863403,46561,25,1
1771695090.2161148,300_4,300,tpc_lock,5.807740211486816,46561,25,1
1771695090.2248576,304_3,304,tpc_commit,7.510793924331665,28795,25,1
1771695090.2282932,302_3,302,tpc_commit,7.776073455810547,28783,25,1
1771695092.6318705,309_3,309,tpc_lock,9.312979936599731,46561,25,1
1771695092.6653638,303_3,303,tpc_commit,9.858539342880247,28795,25,1
1771695092.6999753,305_3,305,tpc_lock,8.269091844558716,46561,25,1
1771695094.2789698,302_3,302,tpc_commit,4.050664663314819,28783,25,1
1771695094.4253798,304_3,304,tpc_commit,4.200511455535889,28795,25,1
1771695094.4441812,307_3,307,das_work,6.414235591888428,48258,25,1
1771695094.857535,306_3,306,das_work,8.560146570205688,48258,25,1
1771695094.996461,300_4,300,tpc_lock,4.780332088470459,46561,25,1
1771695095.1440992,308_4,308,tpc_lock,4.987695693969727,46561,25,1
1771695095.1946273,301_3,301,das_work,4.345304489135742,48258,25,1
1771695102.2317162,302_4,302,tpc_lock,7.251415252685547,46561,26,1
1771695102.2866545,306_3,306,tpc_commit,7.429107189178467,28795,26,1
1771695102.2895727,304_4,304,tpc_lock,7.067541360855103,46561,26,1
1771695104.6971738,301_3,301,tpc_commit,9.50253129005432,28795,26,1
1771695104.7833686,307_3,307,tpc_commit,10.339175939559937,28795,26,1
1771695106.285162,303_3,303,tpc_commit,13.61978554725647,28795,26,1
1771695106.322752,308_4,308,das_work,9.462960720062256,48258,26,1
1771695106.9144516,309_3,309,tpc_lock,14.28256869316101,46561,26,1
1771695107.036521,300_4,300,das_work,6.7632386684417725,48258,26,1
1771695107.1355996,305_3,305,tpc_lock,14.43561315536499,46561,26,1
1771695114.179099,308_4,308,tpc_commit,7.856335401535034,28795,27,1
1771695114.2212052,300_4,300,tpc_commit,7.184673547744751,28795,27,1
1771695116.518147,303_4,303,tpc_lock,9.198675632476808,46561,27,1
1771695118.3668363,302_4,302,tpc_lock,16.135106563568115,46561,27,1
1771695118.36789,305_3,305,das_work,10.0477933883667,48258,27,1
1771695118.4300628,308_4,308,tpc_commit,4.249199628829956,28795,27,1
1771695118.508617,301_3,301,tpc_commit,13.81143069267273,28795,27,1
1771695118.5754204,309_3,309,das_work,7.143600702285767,48258,27,1
1771695118.6126523,300_4,300,tpc_commit,4.391434669494629,28795,27,1
1771695118.667132,307_3,307,tpc_commit,13.883750915527344,28795,27,1
1771695118.6904066,304_4,304,tpc_lock,16.400822162628174,46561,27,1
1771695118.754602,303_4,303,tpc_lock,2.2364461421966557,46561,27,1
1771695118.835311,306_3,306,tpc_commit,16.54864501953125,28795,27,1
1771695126.3343222,306_4,306,tpc_lock,6.236314535140991,46561,28,1
1771695128.6397614,309_3,309,tpc_commit,10.064329624176024,28795,28,1
1771695128.7346003,305_3,305,tpc_commit,10.366697072982788,28795,28,1
1771695128.7427173,307_4,307,tpc_lock,9.053436040878296,46561,28,1
1771695128.8611536,301_4,301,tpc_lock,9.287516355514526,46561,28,1
1771695130.542441,302_4,302,das_work,9.045603036880491,48258,28,1
1771695130.5537846,304_4,304,das_work,9.541481018066406,48258,28,1
1771695130.660311,306_4,306,tpc_lock,4.325978994369507,46561,28,1
1771695130.8091474,303_4,303,das_work,8.310457468032837,48258,28,1
1771695138.3025012,302_4,302,tpc_commit,7.760047912597656,28795,29,1
1771695138.3990047,304_4,304,tpc_commit,7.845208883285522,28795,29,1
1771695140.527706,303_4,303,tpc_commit,9.71854543685913,28795,29,1
1771695142.2980702,304_4,304,tpc_commit,3.899051189422608,28795,29,1
1771695142.3398116,306_4,306,das_work,6.595213174819946,48258,29,1
1771695142.372955,307_4,307,tpc_lock,13.630224466323853,46561,29,1
1771695142.3810053,309_3,309,tpc_commit,13.741231441497805,28795,29,1
1771695142.4103718,305_3,305,tpc_commit,13.675761938095093,28795,29,1
1771695142.5823486,303_4,303,tpc_commit,2.0546321868896484,28795,29,1
1771695142.599322,301_4,301,tpc_lock,13.738155126571655,46561,29,1
1771695142.743304,302_4,302,tpc_commit,4.440791845321655,28795,29,1
1771695150.084973,306_4,306,tpc_commit,7.745151996612549,28795,30,1
1771695152.726379,305_4,305,tpc_lock,8.451419591903687,46561,30,1
1771695152.7689216,309_4,309,tpc_lock,9.331614971160889,46561,30,1
1771695154.4544678,309_4,309,tpc_lock,1.6855332851409912,46561,30,1
1771695154.5585473,305_4,305,tpc_lock,1.8321571350097656,46561,30,1
1771695154.6045496,306_4,306,tpc_commit,4.519561290740967,28795,30,1
1771695154.6862404,301_4,301,das_work,10.105472087860107,48258,30,1
1771695154.8042266,307_4,307,das_work,4.54685378074646,48258,30,1
1771695164.5211084,301_4,301,tpc_commit,9.834856033325195,28795,31,1
1771695164.5307033,307_4,307,tpc_commit,9.726464748382568,28795,31,1
1771695166.26114,305_4,305,das_work,2.667184829711914,48258,31,1
1771695166.32506,309_4,309,das_work,3.160862445831299,48258,31,1
1771695166.4159708,307_4,307,tpc_commit,1.885258674621582,28795,31,1
1771695166.4315228,301_4,301,tpc_commit,1.910402536392212,28795,31,1
1771695176.5261655,305_4,305,tpc_commit,10.265013933181764,28795,32,1
1771695176.6233785,309_4,309,tpc_commit,10.298307418823242,28795,32,1
1771695178.2197692,309_4,309,tpc_commit,1.5963788032531738,28795,32,1
1771695178.2616692,305_4,305,tpc_commit,1.735492706298828,28795,32,1
1771694936.325182,319_0,319,tpc_lock,2.209458112716675,46549,12,1
1771694938.1108556,319_0,319,tpc_lock,1.78566575050354,46549,12,1
1771694946.112249,310_0,310,tpc_lock,9.83049988746643,46561,13,1
1771694946.1266637,314_0,314,tpc_lock,11.619460105895996,46561,13,1
1771694946.1442068,318_0,318,tpc_lock,5.836053371429443,46561,13,1
1771694946.2753415,316_0,316,tpc_lock,1.9791836738586424,46549,13,1
1771694948.356035,317_0,317,tpc_lock,7.267217636108398,46561,13,1
1771694948.3594506,311_0,311,tpc_lock,4.092120409011841,46561,13,1
1771694948.388245,315_0,315,tpc_lock,7.841085433959961,46561,13,1
1771694948.5210354,313_0,313,tpc_lock,4.955103635787964,46561,13,1
1771694950.2985492,311_0,311,tpc_lock,1.9390909671783447,46561,13,1
1771694950.3197722,314_0,314,tpc_lock,4.193101167678833,46561,13,1
1771694950.323557,310_0,310,tpc_lock,4.211299657821655,46561,13,1
1771694950.328459,315_0,315,tpc_lock,1.9402070045471191,46561,13,1
1771694950.4596362,317_0,317,tpc_lock,2.103593349456787,46561,13,1
1771694950.4749167,319_0,319,das_work,8.937219619750977,48258,13,1
1771694950.4953432,318_0,318,tpc_lock,4.351130485534668,46561,13,1
1771694950.7713058,316_0,316,tpc_lock,4.495957851409912,46549,13,1
1771694950.8482878,313_0,313,tpc_lock,2.327246189117432,46561,13,1
1771694958.251142,312_0,312,tpc_lock,11.888481378555298,46561,14,1
1771694960.4484315,319_0,319,tpc_commit,9.97350263595581,28783,14,1
1771694962.2165816,310_0,310,das_work,8.380002737045288,48258,14,1
1771694962.2353551,319_0,319,tpc_commit,1.7869129180908203,28783,14,1
1771694962.320481,314_0,314,das_work,2.826115369796753,48258,14,1
1771694962.3696036,317_0,317,das_work,3.2646677494049072,48258,14,1
1771694962.621166,313_0,313,das_work,5.320696115493774,48258,14,1
1771694962.6454902,318_0,318,das_work,11.05336308479309,48258,14,1
1771694962.6776917,312_0,312,tpc_lock,4.426543951034546,46561,14,1
1771694962.809479,316_0,316,das_work,7.920334339141846,48258,14,1
1771694962.8748715,311_0,311,das_work,10.472514152526855,48258,14,1
1771694962.886283,315_0,315,das_work,2.7098701000213623,48258,14,1
1771694970.265072,316_0,316,tpc_commit,7.455581903457642,28783,15,1
1771694970.3060925,318_0,318,tpc_commit,7.660592317581177,28795,15,1
1771694970.4745023,310_0,310,tpc_commit,8.25791049003601,28795,15,1
1771694970.4782844,314_0,314,tpc_commit,8.157791137695312,28795,15,1
1771694972.6224527,313_0,313,tpc_commit,10.001276016235352,28795,15,1
1771694972.648183,311_0,311,tpc_commit,9.773296117782593,28795,15,1
1771694972.7235026,315_0,315,tpc_commit,9.837209939956663,28795,15,1
1771694972.732921,317_0,317,tpc_commit,10.363306045532228,28795,15,1
1771694972.7569418,319_1,319,tpc_lock,9.843581914901732,46561,15,1
1771694974.2702546,310_0,310,tpc_commit,3.795741319656372,28795,15,1
1771694974.383088,314_0,314,tpc_commit,3.9047911167144775,28795,15,1
1771694974.5658295,318_0,318,tpc_commit,4.2597270011901855,28795,15,1
1771694974.5949004,316_0,316,tpc_commit,4.329818964004517,28783,15,1
1771694974.7393196,312_0,312,das_work,6.4636969566345215,48258,15,1
1771694982.3381526,310_1,310,tpc_lock,6.338003635406494,46549,16,1
1771694982.3459346,312_0,312,tpc_commit,7.606603622436523,28795,16,1
1771694982.3491652,318_1,318,tpc_lock,7.212044715881348,46561,16,1
1771694982.372757,316_1,316,tpc_lock,6.519870281219482,46561,16,1
1771694982.5426574,314_1,314,tpc_lock,6.818434000015259,46561,16,1
1771694986.2457333,318_1,318,tpc_lock,3.896556854248047,46561,16,1
1771694986.4002762,310_1,310,tpc_lock,4.062060356140137,46549,16,1
1771694986.4302814,316_1,316,tpc_lock,4.057512998580933,46561,16,1
1771694986.5359466,319_1,319,tpc_lock,13.778991937637327,46561,16,1
1771694986.6615632,311_0,311,tpc_commit,14.013308763504028,28795,16,1
1771694986.703455,317_0,317,tpc_commit,13.9705228805542,28795,16,1
1771694986.7057672,315_0,315,tpc_commit,13.982254028320312,28795,16,1
1771694986.8908231,314_1,314,tpc_lock,4.3481526374816895,46561,16,1
1771694987.092509,312_0,312,tpc_commit,4.7465643882751465,28795,16,1
1771694987.1685958,313_0,313,tpc_commit,14.546133041381836,28795,16,1
1771694994.2647548,312_1,312,tpc_lock,6.538445234298706,46561,17,1
1771694996.373711,317_1,317,tpc_lock,8.331856966018677,46549,17,1
1771694996.3935082,313_1,313,tpc_lock,8.37732219696045,46561,17,1
1771694996.4059925,315_1,315,tpc_lock,8.944840431213379,46561,17,1
1771694996.410209,311_1,311,tpc_lock,8.421678304672241,46561,17,1
1771694998.2670538,317_1,317,tpc_lock,1.8933331966400144,46549,17,1
1771694998.3405497,310_1,310,das_work,4.265615940093994,48258,17,1
1771694998.418955,315_1,315,tpc_lock,2.012955904006958,46561,17,1
1771694998.423499,312_1,312,tpc_lock,4.158734321594238,46561,17,1
1771694998.460378,316_1,316,das_work,3.1545255184173584,48258,17,1
1771694998.462625,311_1,311,tpc_lock,2.052408218383789,46561,17,1
1771694998.4789114,319_1,319,das_work,7.735421895980835,48258,17,1
1771694998.5045185,314_1,314,das_work,6.934150695800781,48258,17,1
1771694998.6807926,313_1,313,tpc_lock,2.28727388381958,46561,17,1
1771694998.7655892,318_1,318,das_work,9.017415285110474,48258,17,1
1771695006.6248202,318_1,318,tpc_commit,7.859219789505005,28795,18,1
1771695006.6578524,316_1,316,tpc_commit,8.197463989257812,28795,18,1
1771695006.6714263,310_1,310,tpc_commit,8.330865859985352,28783,18,1
1771695006.9305506,314_1,314,tpc_commit,8.426023960113525,28795,18,1
1771695008.5978088,319_1,319,tpc_commit,10.1188862323761,28795,18,1
1771695010.2904086,318_1,318,tpc_commit,3.665581226348877,28795,18,1
1771695010.3443277,316_1,316,tpc_commit,3.6864638328552246,28795,18,1
1771695010.352517,311_1,311,das_work,4.023318767547607,48258,18,1
1771695010.5811312,313_1,313,das_work,9.46293568611145,48258,18,1
1771695010.6273484,315_1,315,das_work,7.326153755187988,48258,18,1
1771695010.693045,310_1,310,tpc_commit,4.021606922149658,28783,18,1
1771695010.697386,314_1,314,tpc_commit,3.766821622848511,28795,18,1
1771695010.7147377,312_1,312,das_work,10.907960891723633,48258,18,1
1771695010.8107572,317_1,317,das_work,7.410838842391968,48258,18,1
1771695018.2572143,310_2,310,tpc_lock,6.0074615478515625,46561,19,1
1771695018.3541856,314_2,314,tpc_lock,6.746587038040161,46561,19,1
1771695018.3556082,316_2,316,tpc_lock,7.329113483428955,46561,19,1
1771695018.4129913,318_2,318,tpc_lock,6.228331089019775,46561,19,1
1771695018.5158665,312_1,312,tpc_commit,7.801118612289429,28795,19,1
1771695020.4622564,311_1,311,tpc_commit,10.109702348709106,28795,19,1
1771695020.4631865,315_1,315,tpc_commit,9.835827112197876,28795,19,1
1771695020.4738944,313_1,313,tpc_commit,9.892751932144163,28795,19,1
1771695020.480635,317_1,317,tpc_commit,9.669866561889648,28783,19,1
1771695022.329058,310_2,310,tpc_lock,4.071781396865845,46561,19,1
1771695022.336712,318_2,318,tpc_lock,3.923678398132324,46561,19,1
1771695022.613096,312_1,312,tpc_commit,4.097217559814453,28795,19,1
1771695022.648867,316_2,316,tpc_lock,4.293245792388916,46561,19,1
1771695022.7059898,311_1,311,tpc_commit,2.243724822998047,28795,19,1
1771695022.7818367,314_2,314,tpc_lock,4.427639961242676,46561,19,1
1771695023.0552208,319_1,319,tpc_commit,14.457400560379028,28795,19,1
1771695030.2430055,312_2,312,tpc_lock,6.063518524169922,46549,20,1
1771695032.7357624,319_2,319,tpc_lock,8.450687408447266,46561,20,1
1771695032.814524,311_2,311,tpc_lock,8.293519496917725,46549,20,1
1771695034.736849,316_2,316,das_work,8.595856666564941,48258,20,1
1771695034.8435988,313_1,313,tpc_commit,14.369694471359251,28795,20,1
1771695034.946566,312_2,312,tpc_lock,4.703550577163696,46549,20,1
1771695035.0363345,315_1,315,tpc_commit,14.573138952255247,28795,20,1
1771695035.3230686,310_2,310,das_work,4.506990671157837,48258,20,1
1771695035.595113,314_2,314,das_work,7.477801322937012,48258,20,1
1771695035.6671848,318_2,318,das_work,9.278804063796995,48258,20,1
1771695035.8768177,317_1,317,tpc_commit,15.396169662475586,28783,20,1
1771695042.186348,316_2,316,tpc_commit,7.449487447738647,28795,21,1
1771695042.1930964,314_2,314,tpc_commit,6.597972393035889,28795,21,1
1771695042.1962345,318_2,318,tpc_commit,6.529039144515991,28795,21,1
1771695042.2370386,310_2,310,tpc_commit,6.913957357406616,28795,21,1
1771695044.549575,317_2,317,tpc_lock,7.73182201385498,46549,21,1
1771695044.577108,313_2,313,tpc_lock,8.710800409317017,46561,21,1
1771695044.5940657,315_2,315,tpc_lock,8.474138975143433,46561,21,1
1771695046.5692885,310_2,310,tpc_commit,4.33223819732666,28795,21,1
1771695046.6831293,316_2,316,tpc_commit,4.496769905090332,28795,21,1
1771695046.688875,318_2,318,tpc_commit,4.492628812789917,28795,21,1
1771695046.7055182,314_2,314,tpc_commit,4.51241135597229,28795,21,1
1771695046.74058,312_2,312,das_work,4.2133262157440186,48258,21,1
1771695046.7558494,319_2,319,tpc_lock,14.020071029663086,46561,21,1
1771695047.080099,311_2,311,tpc_lock,14.265566110610962,46549,21,1
1771695054.3227286,310_3,310,tpc_lock,5.885807991027832,46561,22,1
1771695054.3527887,318_3,318,tpc_lock,6.030188083648682,46561,22,1
1771695054.3770854,312_2,312,tpc_commit,7.6364946365356445,28783,22,1
1771695054.4628105,314_3,314,tpc_lock,6.120534181594849,46561,22,1
1771695054.8649857,316_3,316,tpc_lock,6.901704072952271,46561,22,1
1771695058.3471982,317_2,317,tpc_lock,13.797610759735107,46549,22,1
1771695058.48923,319_2,319,das_work,9.791581153869627,48258,22,1
1771695058.5217972,312_2,312,tpc_commit,4.144699573516846,28783,22,1
1771695058.6003222,310_3,310,tpc_lock,4.277583122253418,46561,22,1
1771695058.6189172,316_3,316,tpc_lock,3.753915309906006,46561,22,1
1771695058.680436,318_3,318,tpc_lock,4.327636480331421,46561,22,1
1771695059.0616229,311_2,311,das_work,5.738248348236084,48258,22,1
1771695059.100589,315_2,315,tpc_lock,14.506511926651,46561,22,1
1771695059.2002995,313_2,313,tpc_lock,14.623178005218506,46561,22,1
1771695066.552837,312_3,312,tpc_lock,7.096975088119507,46561,23,1
1771695068.5314524,311_2,311,tpc_commit,9.469817638397217,28783,23,1
1771695068.580247,319_2,319,tpc_commit,10.091005325317385,28795,23,1
1771695070.2934575,315_2,315,das_work,7.516160011291504,48258,23,1
1771695070.295791,317_2,317,das_work,7.076158046722412,48258,23,1
1771695070.312224,318_3,318,das_work,10.185495853424072,48258,23,1
1771695070.3141315,313_2,313,das_work,3.0230252742767334,48258,23,1
1771695070.4218426,310_3,310,das_work,7.117353439331055,48258,23,1
1771695070.4643593,316_3,316,das_work,9.51445746421814,48258,23,1
1771695070.5576365,312_3,312,tpc_lock,4.004787921905518,46561,23,1
1771695070.7758856,314_3,314,tpc_lock,16.313064098358154,46561,23,1
1771695070.7768445,319_2,319,tpc_commit,2.196584939956665,28795,23,1
1771695078.1933794,310_3,310,tpc_commit,7.77152156829834,28795,24,1
1771695078.2875426,318_3,318,tpc_commit,7.975310564041138,28795,24,1
1771695078.2922914,316_3,316,tpc_commit,7.827917098999023,28795,24,1
1771695080.432403,317_2,317,tpc_commit,10.136599779129028,28783,24,1
1771695080.4702508,313_2,313,tpc_commit,10.15610647201538,28795,24,1
1771695080.482546,315_2,315,tpc_commit,10.189075469970703,28795,24,1
1771695080.5144715,319_3,319,tpc_lock,8.97355580329895,46561,24,1
1771695082.345436,310_3,310,tpc_commit,4.151989936828613,28795,24,1
1771695082.424229,316_3,316,tpc_commit,4.131923675537109,28795,24,1
1771695082.6228402,312_3,312,das_work,2.178750276565552,48258,24,1
1771695082.6903992,315_2,315,tpc_commit,2.207843780517578,28795,24,1
1771695082.6935706,319_3,319,tpc_lock,2.1790850162506104,46561,24,1
1771695082.7596638,317_2,317,tpc_commit,2.3272502422332764,28783,24,1
1771695082.7839618,311_2,311,tpc_commit,14.252495765686035,28783,24,1
1771695082.8095903,313_2,313,tpc_commit,2.339328527450561,28795,24,1
1771695082.8356724,318_3,318,tpc_commit,4.548118114471436,28795,24,1
1771695082.8610115,314_3,314,das_work,7.273986577987671,48258,24,1
1771695090.1703851,318_4,318,tpc_lock,6.40746283531189,46561,25,1
1771695090.2345483,314_3,314,tpc_commit,7.373523473739624,28795,25,1
1771695090.2367718,316_4,316,tpc_lock,7.003862380981445,46561,25,1
1771695090.238856,312_3,312,tpc_commit,7.616004705429077,28795,25,1
1771695090.2456355,310_4,310,tpc_lock,6.390992164611816,46549,25,1
1771695092.5741642,315_3,315,tpc_lock,8.849188804626465,46561,25,1
1771695092.5914478,317_3,317,tpc_lock,8.101759433746338,46561,25,1
1771695092.6831832,313_3,313,tpc_lock,8.065587997436523,46561,25,1
1771695092.7007158,311_3,311,tpc_lock,8.285285949707031,46561,25,1
1771695094.3122995,316_4,316,tpc_lock,4.075515985488892,46561,25,1
1771695094.4092145,314_3,314,tpc_commit,4.174654483795166,28795,25,1
1771695094.599315,318_4,318,tpc_lock,4.4283623695373535,46561,25,1
1771695094.8303387,310_4,310,tpc_lock,4.584693431854248,46549,25,1
1771695094.83955,319_3,319,das_work,6.450764656066895,48258,25,1
1771695094.94549,312_3,312,tpc_commit,4.706492424011231,28795,25,1
1771695102.2536888,312_4,312,tpc_lock,6.30160117149353,46549,26,1
1771695102.3010435,314_4,314,tpc_lock,6.62518572807312,46561,26,1
1771695104.8810165,319_3,319,tpc_commit,10.041457176208496,28795,26,1
1771695106.3077447,317_3,317,tpc_lock,13.716283082962036,46561,26,1
1771695106.3558428,311_3,311,tpc_lock,13.655116558074951,46561,26,1
1771695106.3902617,316_4,316,das_work,5.278303623199463,48258,26,1
1771695106.5176225,310_4,310,das_work,9.563318967819214,48258,26,1
1771695106.7732923,318_4,318,das_work,11.06142544746399,48258,26,1
1771695106.8314905,315_3,315,tpc_lock,14.257312297821043,46561,26,1
1771695107.209545,313_3,313,tpc_lock,14.526347637176514,46561,26,1
1771695114.194698,316_4,316,tpc_commit,7.804423809051514,28795,27,1
1771695114.2152166,310_4,310,tpc_commit,7.697583913803101,28783,27,1
1771695114.2220118,318_4,318,tpc_commit,7.44870662689209,28795,27,1
1771695118.5144324,315_3,315,das_work,4.143070459365845,48258,27,1
1771695118.532663,314_4,314,tpc_lock,16.23160743713379,46561,27,1
1771695118.5390337,318_4,318,tpc_commit,4.317010164260864,28795,27,1
1771695118.553354,317_3,317,das_work,3.102371454238892,48258,27,1
1771695118.707807,311_3,311,das_work,11.324036121368408,48258,27,1
1771695118.803581,313_3,313,das_work,1.7542686462402344,48258,27,1
1771695118.8303409,316_4,316,tpc_commit,4.635632991790772,28795,27,1
1771695118.8349495,310_4,310,tpc_commit,4.6197240352630615,28783,27,1
1771695118.9586084,319_3,319,tpc_commit,14.077579736709597,28795,27,1
1771695118.9604175,312_4,312,tpc_lock,16.70671510696411,46549,27,1
1771695128.6408732,313_3,313,tpc_commit,9.83728051185608,28795,28,1
1771695128.6700728,319_4,319,tpc_lock,8.631548166275024,46561,28,1
1771695128.682904,317_3,317,tpc_commit,10.129538774490356,28795,28,1
1771695128.804893,315_3,315,tpc_commit,10.290446758270264,28795,28,1
1771695128.883505,311_3,311,tpc_commit,10.175686359405518,28795,28,1
1771695130.4961832,312_4,312,das_work,9.903505086898804,48258,28,1
1771695130.6107938,314_4,314,das_work,5.942759037017822,48258,28,1
1771695138.3436556,312_4,312,tpc_commit,7.847432374954224,28783,29,1
1771695138.3495498,314_4,314,tpc_commit,7.738742351531982,28795,29,1
1771695142.4038172,311_3,311,tpc_commit,13.520298957824709,28795,29,1
1771695142.4522085,314_4,314,tpc_commit,4.102647304534912,28795,29,1
1771695142.5654228,313_3,313,tpc_commit,13.924535751342772,28795,29,1
1771695142.573828,319_4,319,tpc_lock,13.903742790222168,46561,29,1
1771695142.599758,317_3,317,tpc_commit,13.916839838027954,28795,29,1
1771695142.633198,315_3,315,tpc_commit,13.82829213142395,28795,29,1
1771695142.764086,312_4,312,tpc_commit,4.420417308807373,28783,29,1
1771695152.724305,311_4,311,tpc_lock,8.953770875930786,46561,30,1
1771695152.7346702,317_4,317,tpc_lock,8.210963010787964,46561,30,1
1771695152.7591271,315_4,315,tpc_lock,8.147300720214844,46561,30,1
1771695152.7753706,313_4,313,tpc_lock,8.951651811599731,46561,30,1
1771695154.321927,311_4,311,tpc_lock,1.5976083278656006,46561,30,1
1771695154.365368,317_4,317,tpc_lock,1.6306848526000977,46561,30,1
1771695154.4121065,319_4,319,das_work,7.302027702331543,48258,30,1
1771695154.5475955,315_4,315,tpc_lock,1.7884559631347656,46561,30,1
1771695154.5508597,313_4,313,tpc_lock,1.7754764556884766,46561,30,1
1771695164.5573125,319_4,319,tpc_commit,10.145193338394163,28795,31,1
1771695166.2635136,311_4,311,das_work,5.99992036819458,48258,31,1
1771695166.3413887,317_4,317,das_work,2.590420961380005,48258,31,1
1771695166.362971,319_4,319,tpc_commit,1.8056466579437256,28795,31,1
1771695166.381536,315_4,315,das_work,10.0209059715271,48258,31,1
1771695166.4293542,313_4,313,das_work,4.005352973937988,48258,31,1
1771695176.5145466,315_4,315,tpc_commit,10.132999181747437,28795,32,1
1771695176.583078,317_4,317,tpc_commit,10.24167823791504,28795,32,1
1771695176.607346,311_4,311,tpc_commit,10.343821048736572,28795,32,1
1771695176.647289,313_4,313,tpc_commit,10.21792697906494,28795,32,1
1771695178.2028365,317_4,317,tpc_commit,1.61974835395813,28795,32,1
1771695178.223219,313_4,313,tpc_commit,1.5759191513061523,28795,32,1
1771695178.2524123,311_4,311,tpc_commit,1.6450557708740234,28795,32,1
1771695178.265062,315_4,315,tpc_commit,1.7505035400390625,28795,32,1
1771694946.1151388,320_0,320,tpc_lock,3.6971864700317374,46561,13,1
1771694946.2048378,322_0,322,tpc_lock,3.990252494812012,46561,13,1
1771694946.2182324,328_0,328,tpc_lock,4.224463224411011,46561,13,1
1771694948.3579793,323_0,323,tpc_lock,10.98417830467224,46561,13,1
1771694948.360185,327_0,327,tpc_lock,10.435313940048218,46561,13,1
1771694948.4129915,325_0,325,tpc_lock,5.646770000457764,46561,13,1
1771694950.373695,323_0,323,tpc_lock,2.015708923339844,46561,13,1
1771694950.4653966,327_0,327,tpc_lock,2.105206251144409,46561,13,1
1771694950.6386373,328_0,328,tpc_lock,4.420397758483887,46561,13,1
1771694950.706589,325_0,325,tpc_lock,2.2935922145843506,46561,13,1
1771694950.8608809,320_0,320,tpc_lock,4.745726823806763,46561,13,1
1771694950.8653252,322_0,322,tpc_lock,4.660481929779053,46561,13,1
1771694958.2976086,324_0,324,tpc_lock,12.248929977416992,46561,14,1
1771694958.378675,326_0,326,tpc_lock,11.504169702529907,46561,14,1
1771694960.4168966,321_0,321,tpc_lock,11.01416802406311,46561,14,1
1771694960.4566965,329_0,329,tpc_lock,10.87666940689087,46561,14,1
1771694962.1886532,322_0,322,das_work,2.3271961212158203,48258,14,1
1771694962.2260623,323_0,323,das_work,2.0627665519714355,48258,14,1
1771694962.2314208,326_0,326,tpc_lock,3.852740526199341,46561,14,1
1771694962.321553,321_0,321,tpc_lock,1.9046509265899656,46561,14,1
1771694962.3457212,325_0,325,das_work,7.579334020614624,48258,14,1
1771694962.648232,320_0,320,das_work,4.81848931312561,48258,14,1
1771694962.6510446,324_0,324,tpc_lock,4.353430271148682,46561,14,1
1771694962.8728812,329_0,329,tpc_lock,2.41617751121521,46561,14,1
1771694962.8764036,328_0,328,das_work,7.109662771224976,48258,14,1
1771694962.8877275,327_0,327,das_work,2.845102310180664,48258,14,1
1771694970.275691,320_0,320,tpc_commit,7.627448797225952,28795,15,1
1771694970.3834567,322_0,322,tpc_commit,8.194789171218872,28795,15,1
1771694970.4365544,328_0,328,tpc_commit,7.56014084815979,28795,15,1
1771694972.6118634,323_0,323,tpc_commit,10.38579034805298,28795,15,1
1771694972.6412628,327_0,327,tpc_commit,9.753523349761965,28795,15,1
1771694972.6967676,325_0,325,tpc_commit,10.35096287727356,28795,15,1
1771694974.2406468,324_0,324,das_work,7.696623802185059,48258,15,1
1771694974.257913,328_0,328,tpc_commit,3.821350336074829,28795,15,1
1771694974.5449157,321_0,321,das_work,9.742491722106934,48258,15,1
1771694974.5874453,320_0,320,tpc_commit,4.31174111366272,28795,15,1
1771694974.6088758,329_0,329,das_work,9.36787176132202,48258,15,1
1771694974.789967,322_0,322,tpc_commit,4.406500577926636,28795,15,1
1771694974.845882,326_0,326,das_work,6.201564311981201,48258,15,1
1771694982.3386168,328_1,328,tpc_lock,7.49719762802124,46561,16,1
1771694982.4509506,324_0,324,tpc_commit,8.210294723510742,28795,16,1
1771694982.5471854,326_0,326,tpc_commit,7.701292037963867,28795,16,1
1771694982.6205945,322_1,322,tpc_lock,6.881425857543945,46561,16,1
1771694982.6259668,320_1,320,tpc_lock,7.4502458572387695,46561,16,1
1771694984.4233782,329_0,329,tpc_commit,9.814491510391235,28795,16,1
1771694984.5252078,321_0,321,tpc_commit,9.980280876159668,28795,16,1
1771694986.367945,325_0,325,tpc_commit,13.67113995552063,28795,16,1
1771694986.3958943,320_1,320,tpc_lock,3.769917249679565,46561,16,1
1771694986.614993,327_0,327,tpc_commit,13.973698854446411,28795,16,1
1771694986.6628077,322_1,322,tpc_lock,4.042201042175293,46561,16,1
1771694986.6885853,323_0,323,tpc_commit,14.076712131500244,28795,16,1
1771694986.7598276,326_0,326,tpc_commit,4.212630271911621,28795,16,1
1771694986.936739,324_0,324,tpc_commit,4.485778331756592,28795,16,1
1771694987.2607026,328_1,328,tpc_lock,4.922075033187866,46561,16,1
1771694994.170791,324_1,324,tpc_lock,5.522335767745972,46561,17,1
1771694994.2442007,326_1,326,tpc_lock,5.754403591156006,46549,17,1
1771694996.384088,323_1,323,tpc_lock,8.056007146835327,46561,17,1
1771694996.417074,327_1,327,tpc_lock,8.50153398513794,46561,17,1
1771694996.4256537,325_1,325,tpc_lock,8.19429063796997,46561,17,1
1771694998.262863,321_0,321,tpc_commit,13.737643957138062,28795,17,1
1771694998.2950003,325_1,325,tpc_lock,1.869334936141968,46561,17,1
1771694998.3691175,329_0,329,tpc_commit,13.945729494094849,28795,17,1
1771694998.4483175,328_1,328,das_work,2.9221608638763428,48258,17,1
1771694998.5016391,326_1,326,tpc_lock,4.257430553436279,46549,17,1
1771694998.5124824,322_1,322,das_work,4.947024583816528,48258,17,1
1771694998.5978725,324_1,324,tpc_lock,4.42707085609436,46561,17,1
1771694998.612905,323_1,323,tpc_lock,2.2288036346435547,46561,17,1
1771694998.71304,327_1,327,tpc_lock,2.295954704284668,46561,17,1
1771694998.7758403,320_1,320,das_work,8.981706619262695,48258,17,1
1771695006.634805,328_1,328,tpc_commit,8.186477661132812,28795,18,1
1771695006.8787212,322_1,322,tpc_commit,8.366230249404907,28795,18,1
1771695006.9833434,320_1,320,tpc_commit,8.207463264465332,28795,18,1
1771695008.541436,329_1,329,tpc_lock,9.165178298950195,46561,18,1
1771695008.557274,321_1,321,tpc_lock,9.724266290664673,46561,18,1
1771695010.3401022,324_1,324,das_work,6.530076503753662,48258,18,1
1771695010.471975,327_1,327,das_work,5.212718963623047,48258,18,1
1771695010.5500512,323_1,323,das_work,4.495420932769775,48258,18,1
1771695010.5730712,325_1,325,das_work,4.365288972854614,48258,18,1
1771695010.6698873,326_1,326,das_work,10.59308123588562,48258,18,1
1771695010.6777587,322_1,322,tpc_commit,3.799027442932129,28795,18,1
1771695018.2408357,326_1,326,tpc_commit,7.570938587188721,28783,19,1
1771695018.29304,324_1,324,tpc_commit,7.952928304672241,28795,19,1
1771695018.5701544,322_2,322,tpc_lock,6.984016418457031,46561,19,1
1771695020.4360223,323_1,323,tpc_commit,9.885959386825562,28795,19,1
1771695020.4512167,325_1,325,tpc_commit,9.878133058547974,28795,19,1
1771695020.4565325,327_1,327,tpc_commit,9.984546661376951,28795,19,1
1771695022.280332,328_1,328,tpc_commit,15.645515441894531,28795,19,1
1771695022.2884402,326_1,326,tpc_commit,4.04759407043457,28783,19,1
1771695022.2896676,323_1,323,tpc_commit,1.8536348342895508,28795,19,1
1771695022.3354447,321_1,321,tpc_lock,13.778159141540527,46561,19,1
1771695022.3675256,324_1,324,tpc_commit,4.074474096298218,28795,19,1
1771695022.4822764,325_1,325,tpc_commit,2.0310511589050293,28795,19,1
1771695022.5955176,322_2,322,tpc_lock,4.02535080909729,46561,19,1
1771695022.654507,327_1,327,tpc_commit,2.1979622840881348,28795,19,1
1771695022.9321134,320_1,320,tpc_commit,15.94875979423523,28795,19,1
1771695022.9518976,329_1,329,tpc_lock,14.410412549972534,46561,19,1
1771695030.2018962,324_2,324,tpc_lock,6.185848474502564,46561,20,1
1771695030.445554,326_2,326,tpc_lock,6.86996603012085,46561,20,1
1771695030.4538803,320_2,320,tpc_lock,6.310576438903809,46561,20,1
1771695030.4756844,328_2,328,tpc_lock,6.3249452114105225,46561,20,1
1771695032.7138336,327_2,327,tpc_lock,8.923566579818726,46561,20,1
1771695032.7596283,325_2,325,tpc_lock,8.40139102935791,46561,20,1
1771695032.8293624,323_2,323,tpc_lock,9.449970483779907,46561,20,1
1771695034.75523,328_2,328,tpc_lock,4.279534101486206,46561,20,1
1771695034.875924,329_1,329,das_work,8.2673978805542,48258,20,1
1771695034.885768,324_2,324,tpc_lock,4.683861970901489,46561,20,1
1771695035.626298,322_2,322,das_work,5.253043413162232,48258,20,1
1771695035.6646082,321_1,321,das_work,9.969532012939451,48258,20,1
1771695042.230483,322_2,322,tpc_commit,6.60417366027832,28795,21,1
1771695044.5092423,329_1,329,tpc_commit,9.63328456878662,28795,21,1
1771695044.528291,321_1,321,tpc_commit,8.863669872283936,28795,21,1
1771695046.3302882,324_2,324,das_work,9.7439923286438,48258,21,1
1771695046.3306525,327_2,327,tpc_lock,13.61680817604065,46561,21,1
1771695046.370122,323_2,323,tpc_lock,13.54074501991272,46561,21,1
1771695046.396188,321_1,321,tpc_commit,1.8678555488586424,28795,21,1
1771695046.3998494,328_2,328,das_work,1.937922477722168,48258,21,1
1771695046.544551,322_2,322,tpc_commit,4.314058542251587,28795,21,1
1771695046.7059605,329_1,329,tpc_commit,2.1967060565948486,28795,21,1
1771695046.8730507,326_2,326,tpc_lock,16.4274845123291,46561,21,1
1771695046.9086964,320_2,320,tpc_lock,16.454797506332397,46561,21,1
1771695046.923453,325_2,325,tpc_lock,14.163813829421995,46561,21,1
1771695054.3409684,328_2,328,tpc_commit,7.941108703613281,28795,22,1
1771695054.359159,322_3,322,tpc_lock,5.996796369552612,46549,22,1
1771695054.4389205,324_2,324,tpc_commit,8.108618974685669,28795,22,1
1771695056.5492222,329_2,329,tpc_lock,8.370841026306152,46561,22,1
1771695056.601449,321_2,321,tpc_lock,9.223368644714355,46561,22,1
1771695058.2996514,323_2,323,das_work,10.7005774974823,48258,22,1
1771695058.3215327,322_3,322,tpc_lock,3.9617862701416016,46549,22,1
1771695058.41284,324_2,324,tpc_commit,3.9739089012146,28795,22,1
1771695058.488382,325_2,325,das_work,10.295915365219116,48258,22,1
1771695058.5897872,320_2,320,das_work,5.611407041549683,48258,22,1
1771695058.7088609,326_2,326,das_work,9.581004858016968,48258,22,1
1771695059.0394862,327_2,327,das_work,8.596304416656494,48258,22,1
1771695059.0794268,328_2,328,tpc_commit,4.738444805145264,28795,22,1
1771695066.5214243,320_2,320,tpc_commit,7.931623697280884,28795,23,1
1771695066.5424564,324_3,324,tpc_lock,7.500925779342651,46561,23,1
1771695066.5828958,326_2,326,tpc_commit,7.874025583267212,28795,23,1
1771695066.635611,328_3,328,tpc_lock,7.035146713256836,46561,23,1
1771695068.510827,327_2,327,tpc_commit,9.471331119537354,28795,23,1
1771695068.5269158,325_2,325,tpc_commit,10.038522243499756,28795,23,1
1771695068.542267,323_2,323,tpc_commit,10.242526531219482,28795,23,1
1771695070.3105664,321_2,321,tpc_lock,13.7091064453125,46561,23,1
1771695070.3347454,326_2,326,tpc_commit,3.7518365383148193,28795,23,1
1771695070.3864574,329_2,329,tpc_lock,13.837223529815674,46561,23,1
1771695070.7204025,324_3,324,tpc_lock,4.177933692932129,46561,23,1
1771695070.7755675,320_2,320,tpc_commit,4.254129648208618,28795,23,1
1771695070.787924,328_3,328,tpc_lock,4.152214765548706,46561,23,1
1771695070.870577,322_3,322,das_work,8.379953145980835,48258,23,1
1771695078.136619,320_3,320,tpc_lock,6.58309006690979,46561,24,1
1771695078.1414535,326_3,326,tpc_lock,6.398390531539917,46561,24,1
1771695078.3344223,322_3,322,tpc_commit,7.463834285736084,28783,24,1
1771695082.3205428,323_2,323,tpc_commit,13.778206825256348,28795,24,1
1771695082.3215466,324_3,324,das_work,7.425565481185913,48258,24,1
1771695082.354079,327_2,327,tpc_commit,13.843202114105225,28795,24,1
1771695082.4003549,326_3,326,tpc_lock,4.258890867233276,46561,24,1
1771695082.5912058,320_3,320,tpc_lock,4.4545769691467285,46561,24,1
1771695082.6416574,325_2,325,tpc_commit,14.114729404449465,28795,24,1
1771695082.6458414,329_2,329,das_work,8.902713060379028,48258,24,1
1771695082.6494017,321_2,321,das_work,9.065897226333618,48258,24,1
1771695082.7301936,322_3,322,tpc_commit,4.395760536193848,28783,24,1
1771695082.739719,328_3,328,das_work,10.519702672958374,48258,24,1
1771695090.112393,328_3,328,tpc_commit,7.372663974761963,28795,25,1
1771695090.184048,324_3,324,tpc_commit,7.862488269805908,28795,25,1
1771695090.2261026,322_4,322,tpc_lock,6.282609939575195,46561,25,1
1771695092.5785537,329_2,329,tpc_commit,9.93270468711853,28795,25,1
1771695092.6252046,321_2,321,tpc_commit,9.975791692733765,28795,25,1
1771695092.6858084,325_3,325,tpc_lock,9.50519847869873,46561,25,1
1771695092.6906464,327_3,327,tpc_lock,8.844267129898071,46561,25,1
1771695092.7114675,323_3,323,tpc_lock,8.624544620513916,46561,25,1
1771695094.2604532,326_3,326,das_work,3.425842523574829,48258,25,1
1771695094.2867436,328_3,328,tpc_commit,4.174339532852173,28795,25,1
1771695094.314746,324_3,324,tpc_commit,4.130686283111572,28795,25,1
1771695094.37174,320_3,320,das_work,6.012418746948242,48258,25,1
1771695094.3979473,323_3,323,tpc_lock,1.686471700668335,46561,25,1
1771695094.974952,322_4,322,tpc_lock,4.748837471008301,46561,25,1
1771695102.2196128,324_4,324,tpc_lock,6.907716035842896,46561,26,1
1771695102.2600372,320_3,320,tpc_commit,7.888281583786011,28795,26,1
1771695102.2663646,326_3,326,tpc_commit,8.005899429321289,28795,26,1
1771695102.4094725,328_4,328,tpc_lock,6.968319654464722,46561,26,1
1771695106.261229,325_3,325,tpc_lock,13.575412511825562,46561,26,1
1771695106.3566666,321_2,321,tpc_commit,13.731449365615845,28795,26,1
1771695106.4029462,322_4,322,das_work,8.943028450012207,48258,26,1
1771695106.4188757,329_2,329,tpc_commit,13.84031343460083,28795,26,1
1771695106.4844294,327_3,327,tpc_lock,13.793771028518677,46561,26,1
1771695106.5682282,323_3,323,das_work,6.708034753799439,48258,26,1
1771695114.2127745,322_4,322,tpc_commit,7.809815883636475,28795,27,1
1771695116.5384488,329_3,329,tpc_lock,8.8960280418396,46561,27,1
1771695116.551944,321_3,321,tpc_lock,8.347921133041382,46561,27,1
1771695116.5609725,323_3,323,tpc_commit,9.992729425430298,28795,27,1
1771695118.3516102,322_4,322,tpc_commit,4.138827085494995,28795,27,1
1771695118.3613153,320_3,320,tpc_commit,16.10126566886902,28795,27,1
1771695118.3705852,324_4,324,tpc_lock,16.150959968566895,46561,27,1
1771695118.3891368,323_3,323,tpc_commit,1.828152418136597,28795,27,1
1771695118.4470694,328_4,328,tpc_lock,16.037569284439087,46561,27,1
1771695118.646557,326_3,326,tpc_commit,16.380178451538086,28795,27,1
1771695118.782095,327_3,327,das_work,5.9092161655426025,48258,27,1
1771695118.8518996,325_3,325,das_work,8.56528639793396,48258,27,1
1771695126.310486,326_4,326,tpc_lock,7.158625841140747,46561,28,1
1771695126.3126287,320_4,320,tpc_lock,6.6739256381988525,46561,28,1
1771695128.671985,325_3,325,tpc_commit,9.820026397705078,28795,28,1
1771695128.7532787,323_4,323,tpc_lock,8.974729537963867,46561,28,1
1771695128.7804365,327_3,327,tpc_commit,9.998327732086182,28795,28,1
1771695130.2959082,321_3,321,tpc_lock,13.74394965171814,46561,28,1
1771695130.4246829,329_3,329,tpc_lock,13.886221885681152,46561,28,1
1771695130.4527166,326_4,326,tpc_lock,4.142218828201294,46561,28,1
1771695130.5675905,324_4,324,das_work,7.005285024642944,48258,28,1
1771695130.593953,320_4,320,tpc_lock,4.281312465667725,46561,28,1
1771695130.7959988,328_4,328,das_work,4.857244253158569,48258,28,1
1771695138.313774,328_4,328,tpc_commit,7.517765045166016,28795,29,1
1771695138.410599,324_4,324,tpc_commit,7.842995882034302,28795,29,1
1771695142.3248348,325_3,325,tpc_commit,13.652841329574583,28795,29,1
1771695142.3451962,326_4,326,das_work,9.629257440567017,48258,29,1
1771695142.3473055,327_3,327,tpc_commit,13.566857814788818,28795,29,1
1771695142.3494706,323_4,323,tpc_lock,13.596177101135254,46561,29,1
1771695142.3751996,324_4,324,tpc_commit,3.964588165283203,28795,29,1
1771695142.5107946,321_3,321,das_work,8.843626499176025,48258,29,1
1771695142.7270184,320_4,320,das_work,5.884830951690674,48258,29,1
1771695142.7441683,329_3,329,das_work,3.334803342819214,48258,29,1
1771695142.7514496,328_4,328,tpc_commit,4.437663793563843,28795,29,1
1771695150.1119084,320_4,320,tpc_commit,7.384880304336548,28795,30,1
1771695150.1170168,326_4,326,tpc_commit,7.771808385848999,28795,30,1
1771695152.717575,327_4,327,tpc_lock,9.22285509109497,46549,30,1
1771695152.7244809,329_3,329,tpc_commit,9.9802987575531,28795,30,1
1771695152.7514374,325_4,325,tpc_lock,8.777681112289429,46561,30,1
1771695152.805941,321_3,321,tpc_commit,10.295135021209717,28795,30,1
1771695154.3282764,325_4,325,tpc_lock,1.576828956604004,46561,30,1
1771695154.350845,329_3,329,tpc_commit,1.626353740692139,28795,30,1
1771695154.3837965,321_3,321,tpc_commit,1.5778443813323977,28795,30,1
1771695154.5068936,327_4,327,tpc_lock,1.7893047332763672,46549,30,1
1771695154.5567558,320_4,320,tpc_commit,4.444836139678955,28795,30,1
1771695154.5993502,323_4,323,das_work,2.4534337520599365,48258,30,1
1771695154.6114504,326_4,326,tpc_commit,4.494364738464356,28795,30,1
1771695164.5211914,329_4,329,tpc_lock,8.239084959030151,46561,31,1
1771695164.5975432,323_4,323,tpc_commit,9.998180627822876,28795,31,1
1771695164.6134198,321_4,321,tpc_lock,8.936688899993896,46561,31,1
1771695166.2610333,323_4,323,tpc_commit,1.6634798049926758,28795,31,1
1771695166.3601437,327_4,327,das_work,3.7884113788604736,48258,31,1
1771695166.3670356,325_4,325,das_work,4.7575342655181885,48258,31,1
1771695166.4226089,321_4,321,tpc_lock,1.8091778755187988,46561,31,1
1771695166.4327,329_4,329,tpc_lock,1.911421298980713,46561,31,1
1771695176.5503144,327_4,327,tpc_commit,10.19015645980835,28783,32,1
1771695176.5971794,325_4,325,tpc_commit,10.230130434036257,28795,32,1
1771695178.2165637,325_4,325,tpc_commit,1.619194269180298,28795,32,1
1771695178.223898,329_4,329,das_work,10.057921886444092,48258,32,1
1771695178.236246,321_4,321,das_work,6.597937345504761,48258,32,1
1771695178.2434237,327_4,327,tpc_commit,1.6930744647979736,28783,32,1
1771695188.5706651,321_4,321,tpc_commit,10.334406852722168,28795,33,1
1771695188.579193,329_4,329,tpc_commit,10.355282545089722,28795,33,1
1771695190.332463,329_4,329,tpc_commit,1.753260850906372,28795,33,1
1771695190.448482,321_4,321,tpc_commit,1.8778057098388672,28795,33,1
1771694946.1286273,330_0,330,tpc_lock,7.68895149230957,46561,13,1
1771694946.136134,332_0,332,tpc_lock,4.524301290512085,46561,13,1
1771694946.2045956,334_0,334,tpc_lock,7.81720757484436,46561,13,1
1771694946.260181,338_0,338,tpc_lock,7.653991937637329,46561,13,1
1771694948.412267,335_0,335,tpc_lock,7.06710410118103,46561,13,1
1771694948.4414945,331_0,331,tpc_lock,6.257657766342163,46549,13,1
1771694948.4606428,339_0,339,tpc_lock,7.910332918167114,46549,13,1
1771694948.5184083,333_0,333,tpc_lock,10.2922625541687,46561,13,1
1771694948.524927,337_0,337,tpc_lock,1.4351069927215576,46561,13,1
1771694950.2970874,335_0,335,tpc_lock,1.884812355041504,46561,13,1
1771694950.328052,330_0,330,tpc_lock,4.199417352676392,46561,13,1
1771694950.4036388,339_0,339,tpc_lock,1.9429891109466555,46549,13,1
1771694950.4508848,337_0,337,tpc_lock,1.925950527191162,46561,13,1
1771694950.6693015,338_0,338,tpc_lock,4.409113168716431,46561,13,1
1771694950.689301,332_0,332,tpc_lock,4.553160429000855,46561,13,1
1771694950.8159757,331_0,331,tpc_lock,2.3744750022888184,46549,13,1
1771694950.8298185,334_0,334,tpc_lock,4.625216245651245,46561,13,1
1771694958.3852034,336_0,336,tpc_lock,9.080461978912354,46561,14,1
1771694962.2081256,338_0,338,das_work,8.943232536315918,48258,14,1
1771694962.2158046,334_0,334,das_work,5.799474716186523,48258,14,1
1771694962.2799487,335_0,335,das_work,8.487074375152588,48258,14,1
1771694962.3559928,332_0,332,das_work,7.9928624629974365,48258,14,1
1771694962.4363196,331_0,331,das_work,2.761105298995972,48258,14,1
1771694962.7643125,336_0,336,tpc_lock,4.379103422164917,46561,14,1
1771694962.7709708,333_0,333,tpc_lock,14.252557039260864,46561,14,1
1771694962.7832303,339_0,339,das_work,7.745612382888794,48258,14,1
1771694962.808268,337_0,337,das_work,10.198986768722534,48258,14,1
1771694962.8540115,330_0,330,das_work,5.7207324504852295,48258,14,1
1771694970.2837806,330_0,330,tpc_commit,7.429759502410889,28795,15,1
1771694970.382461,338_0,338,tpc_commit,8.174324035644531,28795,15,1
1771694970.4226463,334_0,334,tpc_commit,8.206831216812134,28795,15,1
1771694970.431346,332_0,332,tpc_commit,8.075340509414673,28795,15,1
1771694972.5977168,331_0,331,tpc_commit,10.161384344100952,28783,15,1
1771694972.6848228,337_0,337,tpc_commit,9.87654709815979,28795,15,1
1771694972.737222,335_0,335,tpc_commit,10.45726203918457,28795,15,1
1771694972.7422347,339_0,339,tpc_commit,9.958996772766112,28783,15,1
1771694974.2279482,334_0,334,tpc_commit,3.805290937423706,28795,15,1
1771694974.2709408,338_0,338,tpc_commit,3.888469696044922,28795,15,1
1771694974.3638344,332_0,332,tpc_commit,3.932478904724121,28795,15,1
1771694974.538411,330_0,330,tpc_commit,4.254618167877197,28795,15,1
1771694974.5637765,333_0,333,das_work,9.979825258255005,48258,15,1
1771694974.8348663,335_0,335,tpc_commit,2.0976316928863525,28795,15,1
1771694975.0475378,336_0,336,das_work,7.443493127822876,48258,15,1
1771694982.3685093,336_0,336,tpc_commit,7.320958852767944,28795,16,1
1771694982.4821963,334_1,334,tpc_lock,7.670106172561645,46561,16,1
1771694982.5803552,330_1,330,tpc_lock,6.467591047286987,46561,16,1
1771694982.5890782,332_1,332,tpc_lock,7.562743186950684,46561,16,1
1771694982.5909865,338_1,338,tpc_lock,7.336246967315674,46561,16,1
1771694984.4531755,335_1,335,tpc_lock,8.419565439224243,46549,16,1
1771694984.50107,333_0,333,tpc_commit,9.937281608581545,28795,16,1
1771694986.2579622,331_0,331,tpc_commit,13.660232543945312,28783,16,1
1771694986.2587736,338_1,338,tpc_lock,3.667776346206665,46561,16,1
1771694986.333832,337_0,337,tpc_commit,13.648998498916626,28795,16,1
1771694986.6176364,336_0,336,tpc_commit,4.249115228652954,28795,16,1
1771694986.761694,334_1,334,tpc_lock,4.279487133026123,46561,16,1
1771694986.810981,332_1,332,tpc_lock,4.2218918800354,46561,16,1
1771694986.8138547,339_0,339,tpc_commit,14.071609258651732,28783,16,1
1771694986.8718245,335_1,335,tpc_lock,2.418637275695801,46549,16,1
1771694986.8798912,330_1,330,tpc_lock,4.299525499343872,46561,16,1
1771694994.278919,336_1,336,tpc_lock,6.529241561889648,46561,17,1
1771694996.3794558,339_1,339,tpc_lock,7.923545598983765,46561,17,1
1771694996.3932502,337_1,337,tpc_lock,8.255141258239746,46561,17,1
1771694996.4004004,331_1,331,tpc_lock,8.316076040267944,46561,17,1
1771694998.2681584,332_1,332,das_work,3.453944683074951,48258,17,1
1771694998.2985446,334_1,334,das_work,4.034028291702271,48258,17,1
1771694998.300292,338_1,338,das_work,7.602110147476196,48258,17,1
1771694998.355944,336_1,336,tpc_lock,4.077014446258545,46561,17,1
1771694998.4289749,331_1,331,tpc_lock,2.0285632610321045,46561,17,1
1771694998.4595816,330_1,330,das_work,9.888601064682009,48258,17,1
1771694998.4621985,335_1,335,das_work,7.080991744995117,48258,17,1
1771694998.5131142,333_0,333,tpc_commit,14.012034177780151,28795,17,1
1771694998.6482592,339_1,339,tpc_lock,2.268796682357788,46561,17,1
1771694998.6947987,337_1,337,tpc_lock,2.301536798477173,46561,17,1
1771695006.6468627,332_1,332,tpc_commit,8.37869143486023,28795,18,1
1771695006.7156265,338_1,338,tpc_commit,8.415326595306396,28795,18,1
1771695006.7892454,334_1,334,tpc_commit,8.490690469741821,28795,18,1
1771695006.9542267,330_1,330,tpc_commit,8.49463701248169,28795,18,1
1771695008.5929513,333_1,333,tpc_lock,9.38223361968994,46549,18,1
1771695008.602955,335_1,335,tpc_commit,10.14074444770813,28783,18,1
1771695010.176312,337_1,337,das_work,6.889191389083862,48258,18,1
1771695010.1832187,331_1,331,das_work,9.005146741867065,48258,18,1
1771695010.259179,338_1,338,tpc_commit,3.543540000915528,28795,18,1
1771695010.8864975,330_1,330,tpc_commit,3.932260513305664,28795,18,1
1771695018.2416215,330_2,330,tpc_lock,5.439631700515747,46561,19,1
1771695018.383679,338_2,338,tpc_lock,7.350142240524292,46561,19,1
1771695020.4388058,337_1,337,tpc_commit,10.262481451034546,28795,19,1
1771695020.468448,331_1,331,tpc_commit,10.285218238830566,28795,19,1
1771695022.2974546,335_1,335,tpc_commit,13.69448947906494,28783,19,1
1771695022.5807686,339_1,339,das_work,14.1063814163208,48258,19,1
1771695022.6342666,338_2,338,tpc_lock,4.250577688217163,46561,19,1
1771695022.756835,336_1,336,das_work,15.359832048416138,48258,19,1
1771695022.816198,337_1,337,tpc_commit,2.377382755279541,28795,19,1
1771695022.842256,332_1,332,tpc_commit,16.195380210876465,28795,19,1
1771695022.9629347,333_1,333,tpc_lock,14.369948863983154,46549,19,1
1771695023.1042323,334_1,334,tpc_commit,16.31497287750244,28795,19,1
1771695023.1172357,330_2,330,tpc_lock,4.875603675842285,46561,19,1
1771695030.1971498,332_2,332,tpc_lock,5.82205867767334,46561,20,1
1771695030.3430748,336_1,336,tpc_commit,7.586225509643555,28795,20,1
1771695030.4622042,334_2,334,tpc_lock,5.5225510597229,46561,20,1
1771695032.7205908,339_1,339,tpc_commit,10.139808416366575,28795,20,1
1771695032.7388673,337_2,337,tpc_lock,8.723191738128662,46561,20,1
1771695032.8049874,335_2,335,tpc_lock,8.627426862716675,46561,20,1
1771695034.2114823,331_1,331,tpc_commit,13.743023872375488,28795,20,1
1771695034.4626791,330_2,330,das_work,9.342032432556152,48258,20,1
1771695034.5265546,333_1,333,das_work,10.530205726623535,48258,20,1
1771695034.7317574,338_2,338,das_work,10.542186975479126,48258,20,1
1771695034.9991877,336_1,336,tpc_commit,4.656101703643799,28795,20,1
1771695035.3855796,332_2,332,tpc_lock,5.188417911529541,46561,20,1
1771695042.181209,338_2,338,tpc_commit,7.449441432952881,28795,21,1
1771695042.203668,336_2,336,tpc_lock,5.988471746444702,46561,21,1
1771695042.2151415,330_2,330,tpc_commit,7.752450466156006,28795,21,1
1771695044.514836,331_2,331,tpc_lock,9.470707893371582,46561,21,1
1771695044.619068,333_1,333,tpc_commit,10.0925030708313,28783,21,1
1771695046.306942,332_2,332,das_work,7.286453247070312,48258,21,1
1771695046.5250723,334_2,334,tpc_lock,16.06285834312439,46561,21,1
1771695046.525568,330_2,330,tpc_commit,4.310418128967285,28795,21,1
1771695046.5804358,331_2,331,tpc_lock,2.0655877590179443,46561,21,1
1771695046.72877,336_2,336,tpc_lock,4.525091886520386,46561,21,1
1771695046.7533932,339_1,339,tpc_commit,14.032790184020996,28795,21,1
1771695046.8590198,337_2,337,tpc_lock,14.120141983032228,46561,21,1
1771695046.9412706,335_2,335,tpc_lock,14.136271238327026,46561,21,1
1771695046.9562097,338_2,338,tpc_commit,4.774988651275635,28795,21,1
1771695054.3798037,330_3,330,tpc_lock,6.179973125457764,46561,22,1
1771695054.539958,332_2,332,tpc_commit,8.233004331588745,28795,22,1
1771695054.67912,338_3,338,tpc_lock,6.089334487915039,46561,22,1
1771695056.5684512,339_2,339,tpc_lock,8.497607231140137,46561,22,1
1771695058.2857597,337_2,337,das_work,8.851728200912476,48258,22,1
1771695058.4324975,335_2,335,das_work,5.131821155548096,48258,22,1
1771695058.490628,333_1,333,tpc_commit,13.871549367904665,28783,22,1
1771695058.506412,332_2,332,tpc_commit,3.966440916061402,28795,22,1
1771695058.5384746,330_3,330,tpc_lock,4.15865969657898,46561,22,1
1771695058.7115295,338_3,338,tpc_lock,4.032398700714111,46561,22,1
1771695058.741223,331_2,331,das_work,4.799307584762573,48258,22,1
1771695058.7441125,336_2,336,das_work,9.52698850631714,48258,22,1
1771695058.8209298,334_2,334,das_work,4.00656270980835,48258,22,1
1771695066.5828865,334_2,334,tpc_commit,7.761945962905884,28795,23,1
1771695066.615056,332_3,332,tpc_lock,6.193268060684204,46561,23,1
1771695066.6370115,336_2,336,tpc_commit,7.892887115478516,28795,23,1
1771695068.52855,333_2,333,tpc_lock,8.314144849777222,46561,23,1
1771695068.5299454,331_2,331,tpc_commit,9.788710594177246,28795,23,1
1771695068.5521605,337_2,337,tpc_commit,10.2663893699646,28795,23,1
1771695068.6214986,335_2,335,tpc_commit,10.188992977142334,28795,23,1
1771695070.349678,332_3,332,tpc_lock,3.7345786094665527,46561,23,1
1771695070.4558833,331_2,331,tpc_commit,1.9259250164031985,28795,23,1
1771695070.536466,330_3,330,das_work,9.219587326049805,48258,23,1
1771695070.697578,339_2,339,tpc_lock,14.129117250442505,46561,23,1
1771695070.9054854,338_3,338,das_work,8.895703554153442,48258,23,1
1771695070.908864,334_2,334,tpc_commit,4.32596492767334,28795,23,1
1771695070.9557128,336_2,336,tpc_commit,4.318690538406372,28795,23,1
1771695078.2285638,334_3,334,tpc_lock,6.100852489471436,46561,24,1
1771695078.3062978,338_3,338,tpc_commit,7.40080189704895,28795,24,1
1771695078.3149953,336_3,336,tpc_lock,6.590628147125244,46561,24,1
1771695078.322363,330_3,330,tpc_commit,7.785884380340576,28795,24,1
1771695080.4456463,331_3,331,tpc_lock,8.633082389831543,46561,24,1
1771695082.4746394,339_2,339,das_work,5.7200353145599365,48258,24,1
1771695082.5182326,335_2,335,tpc_commit,13.896721124649048,28795,24,1
1771695082.5799932,330_3,330,tpc_commit,4.257623195648193,28795,24,1
1771695082.590082,334_3,334,tpc_lock,4.361507177352905,46561,24,1
1771695082.601495,336_3,336,tpc_lock,4.286489009857178,46561,24,1
1771695082.6097083,333_2,333,tpc_lock,14.081145524978638,46561,24,1
1771695082.6871777,331_3,331,tpc_lock,2.241522789001465,46561,24,1
1771695082.728955,338_3,338,tpc_commit,4.422646999359131,28795,24,1
1771695082.770466,332_3,332,das_work,6.268768548965454,48258,24,1
1771695082.8187437,337_2,337,tpc_commit,14.26656937599182,28795,24,1
1771695090.14072,330_4,330,tpc_lock,6.687513828277588,46561,25,1
1771695090.144408,338_4,338,tpc_lock,5.536461114883423,46561,25,1
1771695090.2868533,332_3,332,tpc_commit,7.516378402709961,28795,25,1
1771695092.6431017,335_3,335,tpc_lock,8.65912938117981,46561,25,1
1771695092.667943,337_3,337,tpc_lock,9.2920343875885,46561,25,1
1771695092.695261,339_2,339,tpc_commit,10.220610618591309,28795,25,1
1771695094.2848876,333_2,333,das_work,4.621664047241211,48258,25,1
1771695094.4759123,330_4,330,tpc_lock,4.335180997848511,46561,25,1
1771695094.6521778,338_4,338,tpc_lock,4.50775933265686,46561,25,1
1771695094.754502,332_3,332,tpc_commit,4.4676384925842285,28795,25,1
1771695094.78498,331_3,331,das_work,7.348351001739502,48258,25,1
1771695094.986749,336_3,336,das_work,2.8031973838806152,48258,25,1
1771695095.2428272,334_3,334,das_work,2.8395261764526367,48258,25,1
1771695102.2778397,334_3,334,tpc_commit,7.035003185272217,28795,26,1
1771695102.284142,336_3,336,tpc_commit,7.297384977340698,28795,26,1
1771695102.2896192,332_4,332,tpc_lock,6.059349775314331,46561,26,1
1771695104.740697,331_3,331,tpc_commit,9.9557044506073,28795,26,1
1771695104.849753,333_2,333,tpc_commit,10.564852952957152,28795,26,1
1771695106.3504584,339_2,339,tpc_commit,13.65518593788147,28795,26,1
1771695106.664888,337_3,337,tpc_lock,13.99690842628479,46561,26,1
1771695106.777727,335_3,335,tpc_lock,14.13461422920227,46561,26,1
1771695107.3333132,330_4,330,das_work,4.477659702301025,48258,26,1
1771695114.1811264,330_4,330,tpc_commit,6.847800254821777,28795,27,1
1771695116.553607,339_3,339,tpc_lock,9.101959466934204,46549,27,1
1771695118.3567626,332_4,332,tpc_lock,16.067131996154785,46561,27,1
1771695118.3642273,330_4,330,tpc_commit,4.1830894947052,28795,27,1
1771695118.4147594,339_3,339,tpc_lock,1.8611414432525637,46549,27,1
1771695118.4194553,334_3,334,tpc_commit,16.14160466194153,28795,27,1
1771695118.4627917,333_2,333,tpc_commit,13.613025665283203,28795,27,1
1771695118.4799852,336_3,336,tpc_commit,16.195831775665283,28795,27,1
1771695118.679174,331_3,331,tpc_commit,13.938461542129517,28795,27,1
1771695118.7559154,335_3,335,das_work,3.298187732696533,48258,27,1
1771695119.0111346,338_4,338,das_work,16.364910364151,48258,27,1
1771695119.0367074,337_3,337,das_work,9.89106583595276,48258,27,1
1771695126.211275,334_4,334,tpc_lock,6.829222917556763,46561,28,1
1771695126.3571832,336_4,336,tpc_lock,6.066049098968506,46561,28,1
1771695126.3602698,338_4,338,tpc_commit,7.349122285842895,28795,28,1
1771695128.6421788,335_3,335,tpc_commit,9.886250019073486,28795,28,1
1771695128.6810086,333_3,333,tpc_lock,9.213158130645752,46561,28,1
1771695128.747804,337_3,337,tpc_commit,9.710991621017456,28795,28,1
1771695128.7498426,331_4,331,tpc_lock,9.100060939788818,46561,28,1
1771695130.4575186,334_4,334,tpc_lock,4.2462317943573,46561,28,1
1771695130.5909011,338_4,338,tpc_commit,4.230616092681885,28795,28,1
1771695130.6086402,336_4,336,tpc_lock,4.251447916030884,46561,28,1
1771695130.622593,339_3,339,das_work,5.315995693206787,48258,28,1
1771695130.734443,332_4,332,das_work,7.644369602203369,48258,28,1
1771695138.3043067,332_4,332,tpc_commit,7.569852590560913,28795,29,1
1771695140.5175874,339_3,339,tpc_commit,9.894983291625977,28783,29,1
1771695142.3025055,339_3,339,tpc_commit,1.784904956817627,28783,29,1
1771695142.313486,332_4,332,tpc_commit,4.009124994277954,28795,29,1
1771695142.328064,331_4,331,tpc_lock,13.578206539154053,46561,29,1
1771695142.41299,333_3,333,tpc_lock,13.73197054862976,46561,29,1
1771695142.463972,335_3,335,tpc_commit,13.82178258895874,28795,29,1
1771695142.5955963,336_4,336,das_work,5.693680763244629,48258,29,1
1771695142.737789,334_4,334,das_work,4.689439535140991,48258,29,1
1771695142.7458265,337_3,337,tpc_commit,13.998012065887451,28795,29,1
1771695150.0850143,334_4,334,tpc_commit,7.347216129302978,28795,30,1
1771695150.1962922,336_4,336,tpc_commit,7.600684881210327,28795,30,1
1771695152.7111652,335_4,335,tpc_lock,9.032049894332886,46561,30,1
1771695152.7536066,337_4,337,tpc_lock,9.215338945388794,46561,30,1
1771695152.7557597,339_4,339,tpc_lock,9.931145191192629,46561,30,1
1771695154.304071,339_4,339,tpc_lock,1.5482988357543943,46561,30,1
1771695154.3059678,331_4,331,das_work,8.131996154785156,48258,30,1
1771695154.403218,335_4,335,tpc_lock,1.6920416355133057,46561,30,1
1771695154.5513842,336_4,336,tpc_commit,4.355080842971802,28795,30,1
1771695154.5609295,333_3,333,das_work,10.333762407302856,48258,30,1
1771695154.6007628,337_4,337,tpc_lock,1.847144365310669,46561,30,1
1771695154.783074,334_4,334,tpc_commit,4.697899103164673,28795,30,1
1771695164.5371118,331_4,331,tpc_commit,10.231129884719849,28795,31,1
1771695164.619244,333_3,333,tpc_commit,10.05829930305481,28795,31,1
1771695166.332382,333_3,333,tpc_commit,1.7131266593933103,28795,31,1
1771695166.3676984,335_4,335,das_work,9.77926230430603,48258,31,1
1771695166.3886878,331_4,331,tpc_commit,1.851562738418579,28795,31,1
1771695166.4382527,337_4,337,das_work,9.545761823654177,48258,31,1
1771695166.455335,339_4,339,das_work,7.259986639022827,48258,31,1
1771695176.5120482,339_4,339,tpc_commit,10.05669927597046,28795,32,1
1771695176.5487823,337_4,337,tpc_commit,10.11051869392395,28795,32,1
1771695176.6024506,333_4,333,tpc_lock,8.624730825424194,46561,32,1
1771695176.6156254,335_4,335,tpc_commit,10.247915506362917,28795,32,1
1771695178.212512,337_4,337,tpc_commit,1.6637184619903564,28795,32,1
1771695178.22789,333_4,333,tpc_lock,1.6254286766052246,46561,32,1
1771695178.2581656,339_4,339,tpc_commit,1.746104717254639,28795,32,1
1771695178.2692752,335_4,335,tpc_commit,1.653639554977417,28795,32,1
1771695190.3509877,333_4,333,das_work,2.599510669708252,48258,33,1
1771695200.479929,333_4,333,tpc_commit,10.128927946090698,28795,34,1
1771695202.2038689,333_4,333,tpc_commit,1.7239277362823486,28795,34,1
1771694946.1719506,342_0,342,tpc_lock,3.9725966453552246,46561,13,1
1771694946.2588046,344_0,344,tpc_lock,1.3494646549224854,46537,13,1
1771694946.2626517,346_0,346,tpc_lock,3.194967031478882,46561,13,1
1771694946.2721446,348_0,348,tpc_lock,6.023924112319946,46561,13,1
1771694948.4501913,347_0,347,tpc_lock,2.145236730575561,46549,13,1
1771694948.50685,341_0,341,tpc_lock,8.800961256027222,46561,13,1
1771694948.5142865,343_0,343,tpc_lock,4.343025207519531,46561,13,1
1771694950.2969255,341_0,341,tpc_lock,1.7900688648223877,46561,13,1
1771694950.3196533,342_0,342,tpc_lock,4.147695541381836,46561,13,1
1771694950.4922144,343_0,343,tpc_lock,1.9779186248779297,46561,13,1
1771694950.7265503,344_0,344,tpc_lock,4.467705965042114,46537,13,1
1771694950.7746873,346_0,346,tpc_lock,4.512030124664307,46561,13,1
1771694950.7962976,348_0,348,tpc_lock,4.524146318435669,46561,13,1
1771694950.8780432,347_0,347,tpc_lock,2.427844524383545,46549,13,1
1771694958.3442178,340_0,340,tpc_lock,6.941954851150513,46561,14,1
1771694960.4233992,349_0,349,tpc_lock,7.5801897048950195,46561,14,1
1771694960.4692822,345_0,345,tpc_lock,6.522765398025513,46561,14,1
1771694962.2930396,347_0,347,das_work,2.286390781402588,48258,14,1
1771694962.3025265,348_0,348,das_work,6.283129215240479,48258,14,1
1771694962.3168595,343_0,343,das_work,2.165424108505249,48258,14,1
1771694962.5414827,349_0,349,tpc_lock,2.1180782318115234,46561,14,1
1771694962.6678724,344_0,344,das_work,3.4467103481292725,48258,14,1
1771694962.690783,346_0,346,das_work,10.293839693069458,48258,14,1
1771694962.7358892,341_0,341,das_work,8.854286193847656,48258,14,1
1771694962.8547049,342_0,342,das_work,3.428975343704224,48258,14,1
1771694962.931743,340_0,340,tpc_lock,4.58751916885376,46561,14,1
1771694970.257652,348_0,348,tpc_commit,7.955113172531128,28795,15,1
1771694970.2718,342_0,342,tpc_commit,7.417085647583008,28795,15,1
1771694970.41154,346_0,346,tpc_commit,7.720743656158447,28795,15,1
1771694970.441888,344_0,344,tpc_commit,7.774004220962524,28771,15,1
1771694972.6429832,341_0,341,tpc_commit,9.90708327293396,28795,15,1
1771694972.7098606,343_0,343,tpc_commit,10.392988204956056,28795,15,1
1771694972.7293494,347_0,347,tpc_commit,10.436297416687012,28783,15,1
1771694974.2220924,340_0,340,das_work,2.6529877185821533,48258,15,1
1771694974.4504514,342_0,342,tpc_commit,4.178640842437744,28795,15,1
1771694974.52139,345_0,345,tpc_lock,14.05210256576538,46561,15,1
1771694974.71241,344_0,344,tpc_commit,4.270511150360107,28771,15,1
1771694974.789418,349_0,349,das_work,3.30344820022583,48258,15,1
1771694974.8539252,346_0,346,tpc_commit,4.4423370361328125,28795,15,1
1771694975.094315,348_0,348,tpc_commit,4.8365983963012695,28795,15,1
1771694982.3594034,346_1,346,tpc_lock,6.4207165241241455,46561,16,1
1771694982.5379512,340_0,340,tpc_commit,8.315844535827637,28795,16,1
1771694982.5851965,342_1,342,tpc_lock,7.499797344207764,46561,16,1
1771694982.5944822,344_1,344,tpc_lock,6.255718231201172,46561,16,1
1771694982.607108,348_1,348,tpc_lock,5.65677285194397,46561,16,1
1771694984.4573944,349_0,349,tpc_commit,9.66796588897705,28795,16,1
1771694986.3651323,340_0,340,tpc_commit,3.827169895172119,28795,16,1
1771694986.3749158,349_0,349,tpc_commit,1.917510986328125,28795,16,1
1771694986.5817914,344_1,344,tpc_lock,3.9872989654541016,46561,16,1
1771694986.6244435,343_0,343,tpc_commit,13.91457223892212,28795,16,1
1771694986.767506,347_0,347,tpc_commit,14.03814458847046,28783,16,1
1771694986.7746294,341_0,341,tpc_commit,14.13163447380066,28795,16,1
1771694986.793688,342_1,342,tpc_lock,4.208478689193726,46561,16,1
1771694986.861206,348_1,348,tpc_lock,4.254087448120117,46561,16,1
1771694986.953857,345_0,345,das_work,5.884160757064819,48258,16,1
1771694986.9594867,346_1,346,tpc_lock,4.600072145462036,46561,16,1
1771694994.201394,340_1,340,tpc_lock,7.185153007507324,46561,17,1
1771694996.393881,349_1,349,tpc_lock,9.305830717086792,46561,17,1
1771694996.39614,341_1,341,tpc_lock,8.786086559295654,46561,17,1
1771694996.4002593,343_1,343,tpc_lock,8.55918550491333,46561,17,1
1771694996.4042296,347_1,347,tpc_lock,8.344720602035522,46561,17,1
1771694996.4307864,345_0,345,tpc_commit,9.476916313171388,28795,17,1
1771694998.3210783,347_1,347,tpc_lock,1.916841506958008,46561,17,1
1771694998.4210064,342_1,342,das_work,6.06269097328186,48258,17,1
1771694998.5650015,349_1,349,tpc_lock,2.1711089611053467,46561,17,1
1771694998.66274,343_1,343,tpc_lock,2.26246976852417,46561,17,1
1771694998.678054,340_1,340,tpc_lock,4.476652383804321,46561,17,1
1771694998.6789956,341_1,341,tpc_lock,2.282843828201294,46561,17,1
1771694998.6834416,348_1,348,das_work,4.074169635772705,48258,17,1
1771694998.750379,344_1,344,das_work,6.157550096511841,48258,17,1
1771694998.7967815,346_1,346,das_work,3.751577377319336,48258,17,1
1771695006.7417092,348_1,348,tpc_commit,8.058258771896362,28795,18,1
1771695006.858401,344_1,344,tpc_commit,8.10801100730896,28795,18,1
1771695006.9042015,342_1,342,tpc_commit,8.483181715011597,28795,18,1
1771695006.9744182,346_1,346,tpc_commit,8.177624940872192,28795,18,1
1771695010.1657956,342_1,342,tpc_commit,3.261581897735596,28795,18,1
1771695010.206681,345_0,345,tpc_commit,13.775884866714478,28795,18,1
1771695010.2405431,348_1,348,tpc_commit,3.4988231658935547,28795,18,1
1771695010.243859,343_1,343,das_work,6.865222930908203,48258,18,1
1771695010.2521904,349_1,349,das_work,10.523531198501589,48258,18,1
1771695010.483658,340_1,340,das_work,7.256650924682617,48258,18,1
1771695010.606634,347_1,347,das_work,7.921186923980713,48258,18,1
1771695010.669727,341_1,341,das_work,4.876806259155273,48258,18,1
1771695010.754151,344_1,344,tpc_commit,3.8957130908966064,28795,18,1
1771695018.244196,348_2,348,tpc_lock,6.405929565429688,46561,19,1
1771695018.2539074,342_2,342,tpc_lock,7.027416229248047,46561,19,1
1771695018.3722105,344_2,344,tpc_lock,6.513411521911621,46561,19,1
1771695018.4851508,340_1,340,tpc_commit,8.001482725143433,28795,19,1
1771695020.4348676,343_1,343,tpc_commit,10.190996885299684,28795,19,1
1771695020.4401577,341_1,341,tpc_commit,9.770421266555786,28795,19,1
1771695020.4588804,345_1,345,tpc_lock,9.399616479873655,46561,19,1
1771695020.4607954,347_1,347,tpc_commit,9.854151010513306,28795,19,1
1771695020.4773128,349_1,349,tpc_commit,10.2251136302948,28795,19,1
1771695022.306733,346_1,346,tpc_commit,15.332237720489502,28795,19,1
1771695022.4726515,344_2,344,tpc_lock,4.1004297733306885,46561,19,1
1771695022.4802918,340_1,340,tpc_commit,3.995129585266113,28795,19,1
1771695022.6957152,342_2,342,tpc_lock,4.4417266845703125,46561,19,1
1771695022.7031765,348_2,348,tpc_lock,4.458969593048096,46561,19,1
1771695022.9537678,343_1,343,tpc_commit,2.518888235092163,28795,19,1
1771695030.4227624,340_2,340,tpc_lock,6.563557863235474,46561,20,1
1771695030.4346676,346_2,346,tpc_lock,6.329985857009888,46561,20,1
1771695032.7913396,343_2,343,tpc_lock,8.702298164367676,46561,20,1
1771695034.2091613,341_1,341,tpc_commit,13.768992185592651,28795,20,1
1771695034.3260882,347_1,347,tpc_commit,13.865282773971558,28795,20,1
1771695034.5498333,340_2,340,tpc_lock,4.127059459686279,46561,20,1
1771695034.9194832,345_1,345,tpc_lock,14.460594177246094,46561,20,1
1771695035.2748325,349_1,349,tpc_commit,14.797459840774536,28795,20,1
1771695044.5119631,347_2,347,tpc_lock,9.012062788009644,46549,21,1
1771695044.5145333,349_2,349,tpc_lock,7.82028865814209,46561,21,1
1771695044.5538063,341_2,341,tpc_lock,8.55067753791809,46549,21,1
1771695046.339755,345_1,345,das_work,3.833560705184937,48258,21,1
1771695046.373431,340_2,340,das_work,6.435070514678955,48258,21,1
1771695046.5475104,344_2,344,das_work,14.525551557540894,48258,21,1
1771695046.645347,342_2,342,das_work,15.569027423858644,48258,21,1
1771695046.78385,348_2,348,das_work,14.955848693847656,48258,21,1
1771695046.7976563,343_2,343,tpc_lock,14.006305694580078,46561,21,1
1771695047.0091991,346_2,346,tpc_lock,16.57452082633972,46561,21,1
1771695054.3314135,342_2,342,tpc_commit,7.686056137084961,28795,22,1
1771695054.511727,348_2,348,tpc_commit,7.727866411209106,28795,22,1
1771695054.648172,340_2,340,tpc_commit,8.274727821350098,28795,22,1
1771695054.8581517,344_2,344,tpc_commit,8.310631275177002,28795,22,1
1771695056.5032475,345_1,345,tpc_commit,10.16348147392273,28795,22,1
1771695058.298566,346_2,346,das_work,8.154862880706787,48258,22,1
1771695058.306173,344_2,344,tpc_commit,3.448010206222534,28795,22,1
1771695058.3240635,348_2,348,tpc_commit,3.812322854995728,28795,22,1
1771695058.4443855,343_2,343,das_work,5.143693208694458,48258,22,1
1771695058.4712503,347_2,347,tpc_lock,13.95927596092224,46549,22,1
1771695058.5589125,341_2,341,tpc_lock,14.00509548187256,46549,22,1
1771695058.6201603,349_2,349,tpc_lock,14.105611324310305,46561,22,1
1771695058.9637136,342_2,342,tpc_commit,4.632289409637451,28795,22,1
1771695058.993925,340_2,340,tpc_commit,4.345738649368286,28795,22,1
1771695066.4151292,348_3,348,tpc_lock,6.364721775054932,46561,23,1
1771695066.4368672,346_2,346,tpc_commit,8.138260126113892,28795,23,1
1771695066.5564456,342_3,342,tpc_lock,6.0530736446380615,46561,23,1
1771695066.565779,340_3,340,tpc_lock,6.55459189414978,46561,23,1
1771695066.6093738,344_3,344,tpc_lock,6.999269008636475,46561,23,1
1771695068.5402577,343_2,343,tpc_commit,10.095860958099363,28795,23,1
1771695070.2936327,341_2,341,das_work,3.475121021270752,48258,23,1
1771695070.3087487,344_3,344,tpc_lock,3.69936466217041,46561,23,1
1771695070.3317506,348_3,348,tpc_lock,3.9166109561920166,46561,23,1
1771695070.357803,345_1,345,tpc_commit,13.854544162750244,28795,23,1
1771695070.3744953,349_2,349,das_work,6.362314701080322,48258,23,1
1771695070.4871807,342_3,342,tpc_lock,3.930721759796143,46561,23,1
1771695070.6294303,347_2,347,das_work,9.351414442062378,48258,23,1
1771695070.749554,343_2,343,tpc_commit,2.2092418670654297,28795,23,1
1771695070.9199765,346_2,346,tpc_commit,4.483097553253174,28795,23,1
1771695070.9660945,340_3,340,tpc_lock,4.400302886962891,46561,23,1
1771695078.262581,346_3,346,tpc_lock,6.25311541557312,46561,24,1
1771695080.4578946,347_2,347,tpc_commit,9.828453540802002,28783,24,1
1771695080.4620674,349_2,349,tpc_commit,10.08756160736084,28795,24,1
1771695080.4649134,341_2,341,tpc_commit,10.171267747879028,28783,24,1
1771695080.4971006,343_3,343,tpc_lock,8.260071277618408,46561,24,1
1771695080.5049124,345_2,345,tpc_lock,8.915191650390625,46561,24,1
1771695082.333275,340_3,340,das_work,4.004441499710083,48258,24,1
1771695082.5374656,344_3,344,das_work,6.616747856140137,48258,24,1
1771695082.55937,348_3,348,das_work,6.497006416320801,48258,24,1
1771695082.6081016,345_2,345,tpc_lock,2.1031782627105717,46561,24,1
1771695082.6229966,346_3,346,tpc_lock,4.36040472984314,46561,24,1
1771695082.623391,342_3,342,das_work,9.820881366729736,48258,24,1
1771695082.646567,341_2,341,tpc_commit,2.1816446781158447,28783,24,1
1771695082.695297,343_3,343,tpc_lock,2.1981844902038574,46561,24,1
1771695082.7385178,347_2,347,tpc_commit,2.2806105613708496,28783,24,1
1771695082.8313692,349_2,349,tpc_commit,2.369292020797729,28795,24,1
1771695090.1264987,340_3,340,tpc_commit,7.793211221694946,28795,25,1
1771695090.2253842,348_3,348,tpc_commit,7.666002988815308,28795,25,1
1771695090.289331,344_3,344,tpc_commit,7.751853942871094,28795,25,1
1771695090.2913792,342_3,342,tpc_commit,7.667978525161743,28795,25,1
1771695092.5641608,349_3,349,tpc_lock,7.8540003299713135,46561,25,1
1771695092.608942,347_3,347,tpc_lock,8.253947496414185,46561,25,1
1771695092.647194,341_3,341,tpc_lock,9.380794763565063,46561,25,1
1771695094.3914251,343_3,343,das_work,3.999011278152466,48258,25,1
1771695094.6072886,348_3,348,tpc_commit,4.381892204284668,28795,25,1
1771695094.6391802,342_3,342,tpc_commit,4.347788333892822,28795,25,1
1771695094.9410408,340_3,340,tpc_commit,4.814531803131104,28795,25,1
1771695094.9781537,344_3,344,tpc_commit,4.688812732696533,28795,25,1
1771695094.9981718,345_2,345,das_work,7.229874849319458,48258,25,1
1771695102.2475204,348_4,348,tpc_lock,6.130848169326782,46561,26,1
1771695102.32355,344_4,344,tpc_lock,5.793024063110352,46561,26,1
1771695102.337884,340_4,340,tpc_lock,5.905218362808228,46561,26,1
1771695102.3630257,342_4,342,tpc_lock,5.873251676559448,46549,26,1
1771695104.6936872,345_2,345,tpc_commit,9.695504426956177,28795,26,1
1771695104.7308836,343_3,343,tpc_commit,10.33944582939148,28795,26,1
1771695106.3582833,342_4,342,tpc_lock,3.995245695114136,46549,26,1
1771695106.3920493,349_3,349,tpc_lock,13.827876567840576,46561,26,1
1771695106.5604165,347_3,347,tpc_lock,13.951464891433716,46561,26,1
1771695106.7277746,346_3,346,das_work,14.25017523765564,48258,26,1
1771695106.9378312,341_3,341,tpc_lock,14.290625810623167,46561,26,1
1771695114.2063267,346_3,346,tpc_commit,7.478540182113647,28795,27,1
1771695118.3976953,348_4,348,tpc_lock,16.150162935256958,46561,27,1
1771695118.4001513,344_4,344,tpc_lock,16.076589345932007,46561,27,1
1771695118.4675174,341_3,341,das_work,6.92491602897644,48258,27,1
1771695118.5553126,345_2,345,tpc_commit,13.861615180969238,28795,27,1
1771695118.5829017,340_4,340,tpc_lock,16.245007038116455,46561,27,1
1771695118.6703606,347_3,347,das_work,6.604239940643311,48258,27,1
1771695118.6963933,343_3,343,tpc_commit,13.965495347976685,28795,27,1
1771695118.8497603,346_3,346,tpc_commit,4.643415212631226,28795,27,1
1771695119.0616128,349_3,349,das_work,3.98145055770874,48258,27,1
1771695119.0793674,342_4,342,das_work,4.061685800552368,48258,27,1
1771695126.2185438,346_4,346,tpc_lock,5.602912425994873,46561,28,1
1771695126.378252,342_4,342,tpc_commit,7.298870086669922,28783,28,1
1771695128.703174,349_3,349,tpc_commit,9.641552686691284,28795,28,1
1771695128.72477,347_3,347,tpc_commit,10.054398775100708,28795,28,1
1771695128.7510428,341_3,341,tpc_commit,10.283517122268677,28795,28,1
1771695128.8426738,345_3,345,tpc_lock,8.940620183944702,46561,28,1
1771695128.8496118,343_4,343,tpc_lock,8.331304788589478,46561,28,1
1771695130.3934538,344_4,344,das_work,9.559882640838625,48258,28,1
1771695130.529401,340_4,340,das_work,10.23823857307434,48258,28,1
1771695130.6056044,342_4,342,tpc_commit,4.227320432662964,28783,28,1
1771695130.710936,348_4,348,das_work,3.1444284915924072,48258,28,1
1771695130.7604554,346_4,346,tpc_lock,4.541898488998413,46561,28,1
1771695138.3026686,344_4,344,tpc_commit,7.909204483032227,28795,29,1
1771695138.3054233,340_4,340,tpc_commit,7.776009798049927,28795,29,1
1771695138.3154943,348_4,348,tpc_commit,7.604545831680298,28795,29,1
1771695142.2981403,344_4,344,tpc_commit,3.995459794998169,28795,29,1
1771695142.3110948,348_4,348,tpc_commit,3.995530843734741,28795,29,1
1771695142.3644469,349_3,349,tpc_commit,13.661258697509766,28795,29,1
1771695142.416785,340_4,340,tpc_commit,4.111330509185791,28795,29,1
1771695142.4675846,346_4,346,das_work,8.097986459732056,48258,29,1
1771695142.591447,347_3,347,tpc_commit,13.866663694381714,28795,29,1
1771695142.7101853,341_3,341,tpc_commit,13.95913028717041,28795,29,1
1771695142.7348793,345_3,345,tpc_lock,13.892194271087646,46561,29,1
1771695142.7581875,343_4,343,tpc_lock,13.908564567565918,46561,29,1
1771695150.1785126,346_4,346,tpc_commit,7.7109150886535645,28795,30,1
1771695152.7582192,349_4,349,tpc_lock,9.68451476097107,46561,30,1
1771695152.7876256,347_4,347,tpc_lock,8.86693263053894,46561,30,1
1771695152.8310947,341_4,341,tpc_lock,9.349469900131226,46561,30,1
1771695154.3034794,349_4,349,tpc_lock,1.545248031616211,46561,30,1
1771695154.417333,343_4,343,das_work,6.731860637664795,48258,30,1
1771695154.4780474,347_4,347,tpc_lock,1.690284013748169,46561,30,1
1771695154.592179,346_4,346,tpc_commit,4.413653135299683,28795,30,1
1771695154.642905,345_3,345,das_work,4.374515771865845,48258,30,1
1771695154.8133962,341_4,341,tpc_lock,1.9822912216186523,46561,30,1
1771695164.5392413,343_4,343,tpc_commit,10.121832609176636,28795,31,1
1771695164.5967054,345_3,345,tpc_commit,9.95378565788269,28795,31,1
1771695166.2811031,345_3,345,tpc_commit,1.68438720703125,28795,31,1
1771695166.3089788,349_4,349,das_work,6.5394463539123535,48258,31,1
1771695166.3145745,347_4,347,das_work,3.82711672782898,48258,31,1
1771695166.3198302,341_4,341,das_work,4.063527345657349,48258,31,1
1771695166.458573,343_4,343,tpc_commit,1.919320106506348,28795,31,1
1771695176.5130725,345_4,345,tpc_lock,8.51833987236023,46561,32,1
1771695176.5157857,349_4,349,tpc_commit,10.206795930862429,28795,32,1
1771695176.5466416,347_4,347,tpc_commit,10.232051849365234,28795,32,1
1771695176.6269996,341_4,341,tpc_commit,10.307157278060911,28795,32,1
1771695178.224195,345_4,345,tpc_lock,1.7111120223999023,46561,32,1
1771695178.2292614,341_4,341,tpc_commit,1.6022520065307615,28795,32,1
1771695178.245091,347_4,347,tpc_commit,1.698437213897705,28795,32,1
1771695178.2597802,349_4,349,tpc_commit,1.7439823150634766,28795,32,1
1771695190.271058,345_4,345,das_work,3.4425759315490723,48258,33,1
1771695200.551687,345_4,345,tpc_commit,10.280611515045166,28795,34,1
1771695202.162006,345_4,345,tpc_commit,1.610306978225708,28795,34,1
1771694946.281733,356_0,356,tpc_lock,1.6061959266662598,46561,13,1
1771694946.2910469,352_0,352,tpc_lock,1.2399985790252686,46561,13,1
1771694948.3590949,355_0,355,tpc_lock,2.0710597038269043,46561,13,1
1771694948.3921688,353_0,353,tpc_lock,3.980274200439453,46549,13,1
1771694948.4492393,357_0,357,tpc_lock,5.333008766174316,46549,13,1
1771694950.2968936,353_0,353,tpc_lock,1.9047200679779053,46549,13,1
1771694950.313223,355_0,355,tpc_lock,1.954121828079224,46561,13,1
1771694950.3338988,356_0,356,tpc_lock,4.052158117294312,46561,13,1
1771694950.6769674,357_0,357,tpc_lock,2.227721691131592,46549,13,1
1771694950.8030543,352_0,352,tpc_lock,4.511999607086182,46561,13,1
1771694958.226266,358_0,358,tpc_lock,6.518520355224609,46549,14,1
1771694958.3318152,354_0,354,tpc_lock,9.327253103256226,46561,14,1
1771694958.3973246,350_0,350,tpc_lock,11.703088283538818,46561,14,1
1771694960.4226916,351_0,351,tpc_lock,10.109363794326782,46561,14,1
1771694960.4310844,359_0,359,tpc_lock,4.9705119132995605,46561,14,1
1771694962.1900387,354_0,354,tpc_lock,3.8582167625427246,46561,14,1
1771694962.1909404,358_0,358,tpc_lock,3.964668273925781,46549,14,1
1771694962.233028,350_0,350,tpc_lock,3.8356966972351074,46561,14,1
1771694962.237429,353_0,353,das_work,7.105736017227173,48258,14,1
1771694962.2661994,359_0,359,tpc_lock,1.835108757019043,46561,14,1
1771694962.498219,355_0,355,das_work,7.849635362625122,48258,14,1
1771694962.6281545,356_0,356,das_work,5.076960802078247,48258,14,1
1771694962.699917,352_0,352,das_work,4.644247055053711,48258,14,1
1771694962.80474,357_0,357,das_work,10.199057340621948,48258,14,1
1771694962.8455296,351_0,351,tpc_lock,2.422832489013672,46561,14,1
1771694970.266097,352_0,352,tpc_commit,7.566171169281006,28795,15,1
1771694970.2850037,356_0,356,tpc_commit,7.656838893890381,28795,15,1
1771694972.6365633,355_0,355,tpc_commit,10.138332605361938,28795,15,1
1771694972.673963,357_0,357,tpc_commit,9.869210481643677,28783,15,1
1771694972.7225118,353_0,353,tpc_commit,10.485067367553713,28783,15,1
1771694974.2233744,359_0,359,das_work,6.992707014083862,48258,15,1
1771694974.2650151,356_0,356,tpc_commit,3.980002403259277,28795,15,1
1771694974.2815473,358_0,358,das_work,4.3146796226501465,48258,15,1
1771694974.494096,354_0,354,das_work,5.635995626449585,48258,15,1
1771694974.5719962,351_0,351,das_work,2.9670701026916504,48258,15,1
1771694974.8088045,350_0,350,das_work,4.210397958755493,48258,15,1
1771694974.984768,352_0,352,tpc_commit,4.718591928482056,28795,15,1
1771694982.4270685,352_1,352,tpc_lock,6.935656547546387,46561,16,1
1771694982.461852,354_0,354,tpc_commit,7.967743635177612,28795,16,1
1771694982.5554552,358_0,358,tpc_commit,8.273898601531982,28783,16,1
1771694982.604856,356_1,356,tpc_lock,6.648292541503906,46561,16,1
1771694982.616454,350_0,350,tpc_commit,7.807639837265015,28795,16,1
1771694984.429813,351_0,351,tpc_commit,9.857805013656616,28795,16,1
1771694984.4410882,359_0,359,tpc_commit,10.21770405769348,28795,16,1
1771694986.2449577,356_1,356,tpc_lock,3.640090227127075,46561,16,1
1771694986.251828,352_1,352,tpc_lock,3.824748754501343,46561,16,1
1771694986.2606697,353_0,353,tpc_commit,13.538146018981934,28783,16,1
1771694986.5339658,355_0,355,tpc_commit,13.897389650344849,28795,16,1
1771694986.6582403,358_0,358,tpc_commit,4.1027748584747314,28783,16,1
1771694987.014491,350_0,350,tpc_commit,4.398025989532471,28795,16,1
1771694987.0322464,357_0,357,tpc_commit,14.358271837234495,28783,16,1
1771694987.0803614,354_0,354,tpc_commit,4.6184983253479,28795,16,1
1771694994.152146,354_1,354,tpc_lock,6.479176759719849,46561,17,1
1771694994.1541393,358_1,358,tpc_lock,6.68902063369751,46561,17,1
1771694994.2133286,350_1,350,tpc_lock,6.686187505722046,46561,17,1
1771694996.38684,357_1,357,tpc_lock,7.898763418197632,46561,17,1
1771694996.398603,353_1,353,tpc_lock,9.137527465820312,46561,17,1
1771694996.421039,355_1,355,tpc_lock,8.76075005531311,46561,17,1
1771694998.2646456,357_1,357,tpc_lock,1.8777947425842283,46561,17,1
1771694998.3265965,358_1,358,tpc_lock,4.172446012496948,46561,17,1
1771694998.3443103,354_1,354,tpc_lock,4.192151784896851,46561,17,1
1771694998.3452675,350_1,350,tpc_lock,4.131926774978638,46561,17,1
1771694998.3718877,351_0,351,tpc_commit,13.9420645236969,28795,17,1
1771694998.5212817,356_1,356,das_work,4.2319958209991455,48258,17,1
1771694998.7453022,355_1,355,tpc_lock,2.324254512786865,46561,17,1
1771694998.76464,352_1,352,das_work,3.5751919746398926,48258,17,1
1771694998.785011,359_0,359,tpc_commit,14.343911409378052,28795,17,1
1771694998.7930837,353_1,353,tpc_lock,2.394469738006592,46561,17,1
1771695006.6297705,356_1,356,tpc_commit,8.108479499816895,28795,18,1
1771695006.965531,352_1,352,tpc_commit,8.200879335403442,28795,18,1
1771695008.588531,351_1,351,tpc_lock,9.67467737197876,46561,18,1
1771695008.6162777,359_1,359,tpc_lock,8.174924373626709,46561,18,1
1771695010.2097776,353_1,353,das_work,7.036437749862671,48258,18,1
1771695010.4979498,355_1,355,das_work,9.879645824432371,48258,18,1
1771695010.5003228,357_1,357,das_work,6.109888315200806,48258,18,1
1771695010.6178324,354_1,354,das_work,9.42443561553955,48258,18,1
1771695010.6331415,352_1,352,tpc_commit,3.6675987243652335,28795,18,1
1771695010.6689074,350_1,350,das_work,4.641977787017822,48258,18,1
1771695018.2903128,354_1,354,tpc_commit,7.672449588775635,28795,19,1
1771695018.53179,352_2,352,tpc_lock,7.208301305770874,46561,19,1
1771695018.5681615,350_1,350,tpc_commit,7.899243354797363,28795,19,1
1771695020.4407928,353_1,353,tpc_commit,10.231003999710085,28795,19,1
1771695020.4555109,357_1,357,tpc_commit,9.955175161361694,28795,19,1
1771695020.4797275,355_1,355,tpc_commit,9.981765270233154,28795,19,1
1771695022.325064,358_1,358,das_work,14.32227349281311,48258,19,1
1771695022.4261663,351_1,351,tpc_lock,13.837623119354248,46561,19,1
1771695022.4626956,352_2,352,tpc_lock,3.930891275405884,46561,19,1
1771695022.5433805,350_1,350,tpc_commit,3.975206851959229,28795,19,1
1771695022.5788145,356_1,356,tpc_commit,15.949032306671144,28795,19,1
1771695022.9167204,354_1,354,tpc_commit,4.626295566558838,28795,19,1
1771695023.0157075,359_1,359,tpc_lock,14.39941954612732,46561,19,1
1771695023.043896,357_1,357,tpc_commit,2.588372707366944,28795,19,1
1771695030.298877,358_1,358,tpc_commit,7.973676443099976,28795,20,1
1771695030.3106122,356_2,356,tpc_lock,6.489736557006836,46561,20,1
1771695030.3762455,354_2,354,tpc_lock,5.645755290985107,46561,20,1
1771695030.4373748,350_2,350,tpc_lock,6.843372583389282,46561,20,1
1771695032.784407,357_2,357,tpc_lock,9.173471450805664,46561,20,1
1771695034.568899,355_1,355,tpc_commit,14.089161157608032,28795,20,1
1771695034.6504202,352_2,352,das_work,7.041098833084106,48258,20,1
1771695034.7678,353_1,353,tpc_commit,14.326968431472778,28795,20,1
1771695035.4833956,359_1,359,das_work,8.425069093704224,48258,20,1
1771695042.181442,352_2,352,tpc_commit,7.531008720397949,28795,21,1
1771695044.5291166,359_1,359,tpc_commit,9.045709609985352,28795,21,1
1771695044.5413346,355_2,355,tpc_lock,8.529423475265503,46561,21,1
1771695044.5574565,353_2,353,tpc_lock,7.827373266220093,46561,21,1
1771695046.3778732,354_2,354,tpc_lock,16.00161576271057,46561,21,1
1771695046.5307016,351_1,351,das_work,15.852365970611572,48258,21,1
1771695046.6603408,350_2,350,tpc_lock,16.22295379638672,46561,21,1
1771695046.750839,357_2,357,tpc_lock,13.966388463974,46561,21,1
1771695046.752376,352_2,352,tpc_commit,4.570924043655396,28795,21,1
1771695046.8183336,356_2,356,tpc_lock,16.50771164894104,46561,21,1
1771695047.026875,358_1,358,tpc_commit,16.727988243103027,28795,21,1
1771695054.327531,358_2,358,tpc_lock,5.722727298736572,46537,22,1
1771695054.339249,352_3,352,tpc_lock,6.351427793502808,46561,22,1
1771695056.505681,351_1,351,tpc_commit,9.974919557571411,28795,22,1
1771695058.3087313,359_1,359,tpc_commit,13.779603481292725,28795,22,1
1771695058.3250754,357_2,357,das_work,4.843932867050171,48258,22,1
1771695058.3284094,355_2,355,tpc_lock,13.787064790725708,46561,22,1
1771695058.5131853,350_2,350,das_work,9.646591186523438,48258,22,1
1771695058.5546389,356_2,356,das_work,9.79584503173828,48258,22,1
1771695058.7302964,352_3,352,tpc_lock,4.39103627204895,46561,22,1
1771695058.808559,353_2,353,tpc_lock,14.251091718673706,46561,22,1
1771695058.861156,358_2,358,tpc_lock,4.533612251281738,46537,22,1
1771695058.918612,354_2,354,das_work,10.878799676895142,48258,22,1
1771695066.4154708,350_2,350,tpc_commit,7.902273654937744,28795,23,1
1771695066.4364934,354_2,354,tpc_commit,7.517870187759399,28795,23,1
1771695066.5815058,356_2,356,tpc_commit,8.026855945587158,28795,23,1
1771695068.50063,359_2,359,tpc_lock,8.748121976852417,46561,23,1
1771695068.6352637,357_2,357,tpc_commit,10.310178756713867,28795,23,1
1771695070.3172584,352_3,352,das_work,6.346813201904297,48258,23,1
1771695070.3195524,353_2,353,das_work,3.412891387939453,48258,23,1
1771695070.364136,356_2,356,tpc_commit,3.782618284225464,28795,23,1
1771695070.6713398,354_2,354,tpc_commit,4.234835386276245,28795,23,1
1771695070.787585,350_2,350,tpc_commit,4.371526479721069,28795,23,1
1771695070.897542,351_1,351,tpc_commit,14.391848087310793,28795,23,1
1771695071.0219154,355_2,355,das_work,11.218856573104858,48258,23,1
1771695071.0242796,358_2,358,das_work,7.00933575630188,48258,23,1
1771695078.132187,358_2,358,tpc_commit,7.107895851135254,28771,24,1
1771695078.187359,352_3,352,tpc_commit,7.870089530944824,28795,24,1
1771695078.2070425,354_3,354,tpc_lock,6.660451889038086,46561,24,1
1771695078.3252482,356_3,356,tpc_lock,6.40284538269043,46561,24,1
1771695078.3281696,350_3,350,tpc_lock,6.264580488204956,46561,24,1
1771695080.4241424,351_2,351,tpc_lock,8.272319555282593,46561,24,1
1771695080.476738,353_2,353,tpc_commit,10.157172441482544,28795,24,1
1771695080.509165,355_2,355,tpc_commit,9.487238883972168,28795,24,1
1771695082.3225992,359_2,359,tpc_lock,13.821955919265749,46561,24,1
1771695082.3357391,356_3,356,tpc_lock,4.010480880737305,46561,24,1
1771695082.4127035,350_3,350,tpc_lock,4.0845255851745605,46561,24,1
1771695082.5287678,358_2,358,tpc_commit,4.396568536758423,28771,24,1
1771695082.541204,353_2,353,tpc_commit,2.0644562244415283,28795,24,1
1771695082.5707033,351_2,351,tpc_lock,2.1465494632720947,46561,24,1
1771695082.584724,357_2,357,tpc_commit,13.949432611465454,28795,24,1
1771695082.6659648,352_3,352,tpc_commit,4.478597402572632,28795,24,1
1771695082.7274818,354_3,354,tpc_lock,4.520428895950317,46561,24,1
1771695082.8315165,355_2,355,tpc_commit,2.3223392963409424,28795,24,1
1771695090.218277,352_4,352,tpc_lock,6.658980369567871,46561,25,1
1771695090.255802,358_3,358,tpc_lock,6.620339632034302,46561,25,1
1771695092.5643933,357_3,357,tpc_lock,8.921812295913696,46561,25,1
1771695092.620686,355_3,355,tpc_lock,7.815831661224365,46561,25,1
1771695092.6951463,353_3,353,tpc_lock,9.396894693374634,46561,25,1
1771695094.3993182,351_2,351,das_work,10.072431802749634,48258,25,1
1771695094.4098537,356_3,356,das_work,8.461739778518677,48258,25,1
1771695094.4146297,359_2,359,das_work,9.641093730926514,48258,25,1
1771695094.6525383,358_3,358,tpc_lock,4.396725654602051,46561,25,1
1771695094.65903,350_3,350,das_work,3.175665855407715,48258,25,1
1771695094.683299,354_3,354,das_work,7.863786220550537,48258,25,1
1771695094.8213313,357_3,357,tpc_lock,2.256924867630005,46561,25,1
1771695094.823281,352_4,352,tpc_lock,4.60499382019043,46561,25,1
1771695102.2131133,354_3,354,tpc_commit,7.529805898666382,28795,26,1
1771695102.3106065,356_3,356,tpc_commit,7.900742530822754,28795,26,1
1771695102.34507,350_3,350,tpc_commit,7.686029195785522,28795,26,1
1771695104.838555,351_2,351,tpc_commit,10.43922472000122,28795,26,1
1771695104.8798556,359_2,359,tpc_commit,10.465213775634766,28795,26,1
1771695106.3064094,355_3,355,tpc_lock,13.685711860656738,46561,26,1
1771695106.3526711,353_3,353,tpc_lock,13.657513856887816,46561,26,1
1771695118.366417,358_3,358,das_work,14.2032573223114,48258,27,1
1771695118.4239547,359_2,359,tpc_commit,13.544086456298828,28795,27,1
1771695118.4627545,355_3,355,das_work,9.12138319015503,48258,27,1
1771695118.4834912,357_3,357,das_work,14.668967008590698,48258,27,1
1771695118.512822,352_4,352,das_work,14.449174404144289,48258,27,1
1771695118.5528462,356_3,356,tpc_commit,16.242226362228394,28795,27,1
1771695118.568433,350_3,350,tpc_commit,16.223353147506714,28795,27,1
1771695118.7223723,354_3,354,tpc_commit,16.50924849510193,28795,27,1
1771695118.7732117,351_2,351,tpc_commit,13.934640884399414,28795,27,1
1771695118.789527,353_3,353,das_work,10.74395513534546,48258,27,1
1771695126.211275,358_3,358,tpc_commit,7.844821691513061,28795,28,1
1771695126.2195363,350_4,350,tpc_lock,6.73463249206543,46561,28,1
1771695126.344435,354_4,354,tpc_lock,5.664416313171387,46561,28,1
1771695126.3771255,356_4,356,tpc_lock,7.089285135269165,46561,28,1
1771695126.3787415,352_4,352,tpc_commit,7.865907192230225,28795,28,1
1771695128.6382823,355_3,355,tpc_commit,10.175517320632936,28795,28,1
1771695128.6640267,357_3,357,tpc_commit,10.18052101135254,28795,28,1
1771695128.7943385,359_3,359,tpc_lock,8.394745826721191,46561,28,1
1771695128.8764803,353_3,353,tpc_commit,10.08694052696228,28795,28,1
1771695128.8799217,351_3,351,tpc_lock,9.312801837921144,46561,28,1
1771695130.326162,350_4,350,tpc_lock,4.106614112854004,46561,28,1
1771695130.4427974,352_4,352,tpc_commit,4.064044952392578,28795,28,1
1771695130.4647186,358_3,358,tpc_commit,4.253432273864746,28795,28,1
1771695130.6315942,356_4,356,tpc_lock,4.254455089569092,46561,28,1
1771695130.8214254,354_4,354,tpc_lock,4.476979494094849,46561,28,1
1771695138.349039,358_4,358,tpc_lock,6.823105096817017,46561,29,1
1771695142.305401,353_3,353,tpc_commit,13.428908824920654,28795,29,1
1771695142.3343167,351_3,351,tpc_lock,13.454382181167604,46561,29,1
1771695142.3360434,358_4,358,tpc_lock,3.986942768096924,46561,29,1
1771695142.3894708,355_3,355,tpc_commit,13.751176357269289,28795,29,1
1771695142.396531,356_4,356,das_work,10.734292030334473,48258,29,1
1771695142.4817617,354_4,354,das_work,9.613285064697266,48258,29,1
1771695142.5786407,350_4,350,das_work,3.892179012298584,48258,29,1
1771695142.704895,357_3,357,tpc_commit,14.040858745574951,28795,29,1
1771695142.732074,359_3,359,tpc_lock,13.93772578239441,46561,29,1
1771695150.0741105,354_4,354,tpc_commit,7.592336416244507,28795,30,1
1771695150.0798533,356_4,356,tpc_commit,7.683309078216553,28795,30,1
1771695150.0840816,350_4,350,tpc_commit,7.50542140007019,28795,30,1
1771695152.736351,353_4,353,tpc_lock,9.483054637908936,46561,30,1
1771695152.744611,355_4,355,tpc_lock,9.391161918640137,46561,30,1
1771695152.7648337,357_4,357,tpc_lock,9.419245481491089,46561,30,1
1771695154.3331938,356_4,356,tpc_commit,4.253329753875732,28795,30,1
1771695154.3357854,355_4,355,tpc_lock,1.591163158416748,46561,30,1
1771695154.3503015,353_4,353,tpc_lock,1.6139328479766846,46561,30,1
1771695154.4379168,351_3,351,das_work,6.606178283691406,48258,30,1
1771695154.4593017,350_4,350,tpc_commit,4.3752055168151855,28795,30,1
1771695154.5305965,357_4,357,tpc_lock,1.7656927108764648,46561,30,1
1771695154.59781,359_3,359,das_work,5.717439651489258,48258,30,1
1771695154.6138296,358_4,358,das_work,8.116981744766235,48258,30,1
1771695154.828946,354_4,354,tpc_commit,4.754821300506592,28795,30,1
1771695162.0529587,358_4,358,tpc_commit,7.439117670059204,28795,31,1
1771695164.5954332,359_3,359,tpc_commit,9.99761152267456,28795,31,1
1771695164.602807,351_3,351,tpc_commit,10.164831638336182,28795,31,1
1771695166.2701972,358_4,358,tpc_commit,4.217227935791016,28795,31,1
1771695166.328684,353_4,353,das_work,3.552877426147461,48258,31,1
1771695166.3398683,359_3,359,tpc_commit,1.7444231510162354,28795,31,1
1771695166.3815703,357_4,357,das_work,4.662540435791016,48258,31,1
1771695166.3838902,355_4,355,das_work,10.963353395462036,48258,31,1
1771695166.4101734,351_3,351,tpc_commit,1.8073554039001465,28795,31,1
1771695176.5169928,351_4,351,tpc_lock,9.334991216659546,46549,32,1
1771695176.5434885,359_4,359,tpc_lock,8.315521478652954,46561,32,1
1771695176.566028,353_4,353,tpc_commit,10.237332820892334,28795,32,1
1771695176.6158729,355_4,355,tpc_commit,10.231969118118286,28795,32,1
1771695176.6169686,357_4,357,tpc_commit,10.23538899421692,28795,32,1
1771695178.2177022,353_4,353,tpc_commit,1.651663064956665,28795,32,1
1771695178.2185714,359_4,359,tpc_lock,1.6750731468200684,46561,32,1
1771695178.222174,355_4,355,tpc_commit,1.6062908172607422,28795,32,1
1771695178.240463,351_4,351,tpc_lock,1.723409652709961,46549,32,1
1771695178.2648275,357_4,357,tpc_commit,1.6478495597839355,28795,32,1
1771695190.2759454,351_4,351,das_work,8.946478366851807,48258,33,1
1771695190.3622322,359_4,359,das_work,9.384420156478882,48258,33,1
1771695200.4879768,351_4,351,tpc_commit,10.211987257003784,28783,34,1
1771695200.4917693,359_4,359,tpc_commit,10.129525184631348,28795,34,1
1771695202.160123,351_4,351,tpc_commit,1.6719801425933838,28783,34,1
1771695202.2404325,359_4,359,tpc_commit,1.7486512660980225,28795,34,1
1771694946.2884386,360_0,360,tpc_lock,1.7294611930847168,46561,13,1
1771694948.4601762,369_0,369,tpc_lock,1.3683621883392334,46561,13,1
1771694950.3375034,360_0,360,tpc_lock,4.049056768417358,46561,13,1
1771694958.193158,366_0,366,tpc_lock,9.793432235717772,46561,14,1
1771694958.209766,368_0,368,tpc_lock,8.102972984313965,46561,14,1
1771694958.2378623,362_0,362,tpc_lock,7.775570631027222,46561,14,1
1771694958.2650871,364_0,364,tpc_lock,4.3774943351745605,46561,14,1
1771694960.433463,363_0,363,tpc_lock,11.884793043136597,46561,14,1
1771694960.4463367,367_0,367,tpc_lock,5.906347751617432,46561,14,1
1771694960.4996336,361_0,361,tpc_lock,5.000835180282593,46561,14,1
1771694960.5104172,365_0,365,tpc_lock,7.523190975189209,46561,14,1
1771694962.3337543,369_0,369,tpc_lock,13.87357258796692,46561,14,1
1771694962.4032967,368_0,368,tpc_lock,4.193525075912476,46561,14,1
1771694962.4329598,364_0,364,tpc_lock,4.167865991592407,46561,14,1
1771694962.5684705,367_0,367,tpc_lock,2.12212872505188,46561,14,1
1771694962.7808158,360_0,360,das_work,3.948345422744751,48258,14,1
1771694962.8166306,362_0,362,tpc_lock,4.57876443862915,46561,14,1
1771694962.896253,366_0,366,tpc_lock,4.703089952468872,46561,14,1
1771694970.4775698,360_0,360,tpc_commit,7.696741580963135,28795,15,1
1771694974.240392,369_0,369,das_work,10.573619842529297,48258,15,1
1771694974.2939773,364_0,364,das_work,3.1041595935821533,48258,15,1
1771694974.4996767,360_0,360,tpc_commit,4.022095680236816,28795,15,1
1771694974.507952,363_0,363,tpc_lock,14.074483156204224,46561,15,1
1771694974.7430415,361_0,361,tpc_lock,14.243402004241943,46561,15,1
1771694974.7506697,368_0,368,das_work,3.931728363037109,48258,15,1
1771694974.756843,365_0,365,tpc_lock,14.24642038345337,46561,15,1
1771694974.7832203,367_0,367,das_work,11.07797884941101,48258,15,1
1771694982.4026325,360_1,360,tpc_lock,6.334503412246704,46561,16,1
1771694982.4730518,364_0,364,tpc_commit,8.17906379699707,28795,16,1
1771694982.6140294,368_0,368,tpc_commit,7.863332509994507,28795,16,1
1771694984.4372983,367_0,367,tpc_commit,9.654063940048218,28795,16,1
1771694984.4773512,369_0,369,tpc_commit,10.236948490142822,28795,16,1
1771694986.6702514,365_0,365,das_work,8.878001689910889,48258,16,1
1771694986.6749785,363_0,363,das_work,8.153754711151123,48258,16,1
1771694986.8336158,360_1,360,tpc_lock,4.430971622467041,46561,16,1
1771694986.8669145,361_0,361,das_work,9.526881217956545,48258,16,1
1771694986.8732965,364_0,364,tpc_commit,4.400235176086426,28795,16,1
1771694986.962545,366_0,366,das_work,14.7013041973114,48258,16,1
1771694986.9947147,368_0,368,tpc_commit,4.380674123764038,28795,16,1
1771694987.2570536,362_0,362,das_work,14.531925678253174,48258,16,1
1771694994.152625,364_1,364,tpc_lock,5.572799444198608,46561,17,1
1771694994.1567614,368_1,368,tpc_lock,5.90199613571167,46561,17,1
1771694994.182446,366_0,366,tpc_commit,7.219890594482422,28795,17,1
1771694994.213539,362_0,362,tpc_commit,6.956474781036377,28795,17,1
1771694996.3751717,363_0,363,tpc_commit,9.70018219947815,28795,17,1
1771694996.378858,361_0,361,tpc_commit,9.51193618774414,28795,17,1
1771694996.3856125,365_0,365,tpc_commit,9.71535348892212,28795,17,1
1771694998.2914484,364_1,364,tpc_lock,4.138813495635986,46561,17,1
1771694998.348629,366_0,366,tpc_commit,4.166172981262207,28795,17,1
1771694998.3760126,367_0,367,tpc_commit,13.938701868057253,28795,17,1
1771694998.49232,363_0,363,tpc_commit,2.117138385772705,28795,17,1
1771694998.548232,365_0,365,tpc_commit,2.16260838508606,28795,17,1
1771694998.577159,362_0,362,tpc_commit,4.363610506057739,28795,17,1
1771694998.581787,361_0,361,tpc_commit,2.2029175758361816,28795,17,1
1771694998.584186,369_0,369,tpc_commit,14.106825113296509,28795,17,1
1771694998.5944915,360_1,360,das_work,5.9525556564331055,48258,17,1
1771694998.756271,368_1,368,tpc_lock,4.5994977951049805,46561,17,1
1771695006.6178043,360_1,360,tpc_commit,8.023301362991333,28795,18,1
1771695006.6227508,362_1,362,tpc_lock,6.906283140182495,46561,18,1
1771695006.6785288,366_1,366,tpc_lock,6.847522020339966,46561,18,1
1771695008.5231075,363_1,363,tpc_lock,8.513316631317139,46561,18,1
1771695008.5291758,365_1,365,tpc_lock,9.100686311721802,46561,18,1
1771695008.5523102,361_1,361,tpc_lock,8.461704015731812,46561,18,1
1771695008.633368,367_1,367,tpc_lock,9.64774751663208,46561,18,1
1771695008.643081,369_1,369,tpc_lock,8.290262937545776,46561,18,1
1771695010.2898784,362_1,362,tpc_lock,3.667115688323975,46561,18,1
1771695010.6378963,368_1,368,das_work,5.262646913528442,48258,18,1
1771695010.6461532,360_1,360,tpc_commit,4.028338432312012,28795,18,1
1771695010.7975278,366_1,366,tpc_lock,4.118987321853638,46561,18,1
1771695018.2533724,368_1,368,tpc_commit,7.615460395812988,28795,19,1
1771695018.4319148,360_2,360,tpc_lock,6.310722351074219,46549,19,1
1771695022.2776823,368_1,368,tpc_commit,4.024292945861816,28795,19,1
1771695022.2836697,366_1,366,das_work,8.596166610717773,48258,19,1
1771695022.336595,363_1,363,tpc_lock,13.813474655151367,46561,19,1
1771695022.419277,367_1,367,tpc_lock,13.785894393920898,46561,19,1
1771695022.4227915,365_1,365,tpc_lock,13.89360737800598,46561,19,1
1771695022.4387648,364_1,364,das_work,15.703943490982056,48258,19,1
1771695022.4758253,369_1,369,tpc_lock,13.832731008529665,46561,19,1
1771695022.6888645,361_1,361,tpc_lock,14.136544227600098,46561,19,1
1771695022.902076,362_1,362,das_work,6.0515241622924805,48258,19,1
1771695023.0119145,360_2,360,tpc_lock,4.579987287521362,46549,19,1
1771695030.198818,368_2,368,tpc_lock,6.677372455596924,46561,20,1
1771695030.205323,364_1,364,tpc_commit,7.766504526138306,28795,20,1
1771695030.2727723,366_1,366,tpc_commit,7.989093780517578,28795,20,1
1771695030.3750825,362_1,362,tpc_commit,7.472960472106934,28795,20,1
1771695034.2258832,363_1,363,das_work,8.077819585800171,48258,20,1
1771695034.2963006,368_2,368,tpc_lock,4.097470760345459,46561,20,1
1771695034.7803593,365_1,365,das_work,6.634728670120239,48258,20,1
1771695036.2343917,366_1,366,tpc_commit,5.961606025695801,28795,20,1
1771695042.1664546,366_2,366,tpc_lock,4.140802383422852,46549,21,1
1771695044.5408852,365_1,365,tpc_commit,9.760513544082642,28795,21,1
1771695044.5601697,363_1,363,tpc_commit,10.33423638343811,28795,21,1
1771695046.3224924,360_2,360,das_work,13.663061141967772,48258,21,1
1771695046.4049146,364_1,364,tpc_commit,16.199581146240234,28795,21,1
1771695046.408197,362_1,362,tpc_commit,16.03310251235962,28795,21,1
1771695046.426016,366_2,366,tpc_lock,4.259550333023071,46549,21,1
1771695046.571698,368_2,368,das_work,8.826739311218262,48258,21,1
1771695046.6395397,367_1,367,das_work,15.359397411346436,48258,21,1
1771695046.73097,369_1,369,das_work,14.394925594329834,48258,21,1
1771695046.7561133,361_1,361,das_work,15.209219217300417,48258,21,1
1771695054.3218482,364_2,364,tpc_lock,6.0300140380859375,46561,22,1
1771695054.3359566,368_2,368,tpc_commit,7.764247417449951,28795,22,1
1771695054.3612998,360_2,360,tpc_commit,8.038797378540039,28783,22,1
1771695054.6841383,362_2,362,tpc_lock,7.619061470031738,46561,22,1
1771695056.4950511,369_1,369,tpc_commit,9.764069318771362,28795,22,1
1771695056.5586314,361_1,361,tpc_commit,9.802505731582642,28795,22,1
1771695056.5981824,367_1,367,tpc_commit,9.95861005783081,28795,22,1
1771695058.2989728,368_2,368,tpc_commit,3.9630045890808105,28795,22,1
1771695058.391087,360_2,360,tpc_commit,4.029777050018311,28783,22,1
1771695058.4142866,364_2,364,tpc_lock,4.092427730560303,46561,22,1
1771695058.4276617,365_1,365,tpc_commit,13.886763095855711,28795,22,1
1771695058.4435384,362_2,362,tpc_lock,3.759388446807861,46561,22,1
1771695058.526673,363_1,363,tpc_commit,13.966493129730225,28795,22,1
1771695058.7384975,366_2,366,das_work,6.842372417449951,48258,22,1
1771695066.523764,366_2,366,tpc_commit,7.785255193710327,28783,23,1
1771695066.567824,368_3,368,tpc_lock,7.303162813186645,46561,23,1
1771695066.617842,360_3,360,tpc_lock,6.889287710189819,46561,23,1
1771695068.553372,365_2,365,tpc_lock,8.702842712402344,46561,23,1
1771695068.5891411,363_2,363,tpc_lock,8.186305284500122,46561,23,1
1771695070.2935112,366_2,366,tpc_commit,3.768995523452759,28783,23,1
1771695070.3165138,360_3,360,tpc_lock,3.698659420013428,46561,23,1
1771695070.703093,367_1,367,tpc_commit,14.104898929595947,28795,23,1
1771695070.7216735,369_1,369,tpc_commit,14.226611852645874,28795,23,1
1771695070.747984,363_2,363,tpc_lock,2.1588330268859863,46561,23,1
1771695070.7714477,362_2,362,das_work,7.926974296569824,48258,23,1
1771695070.856015,368_3,368,tpc_lock,4.288174390792847,46561,23,1
1771695070.905716,361_1,361,tpc_commit,14.347073316574097,28795,23,1
1771695070.9298522,364_2,364,das_work,4.09430718421936,48258,23,1
1771695078.2732377,362_2,362,tpc_commit,7.5017783641815186,28795,24,1
1771695078.2866132,366_3,366,tpc_lock,7.282198905944824,46561,24,1
1771695078.316016,364_2,364,tpc_commit,7.386151790618896,28795,24,1
1771695080.4272778,367_2,367,tpc_lock,8.574377536773682,46561,24,1
1771695080.4452326,361_2,361,tpc_lock,8.802098512649536,46561,24,1
1771695080.470352,369_2,369,tpc_lock,8.193912982940674,46561,24,1
1771695082.3271537,367_2,367,tpc_lock,1.8998656272888184,46561,24,1
1771695082.4183934,368_3,368,das_work,7.740646839141846,48258,24,1
1771695082.46188,366_3,366,tpc_lock,4.1752543449401855,46561,24,1
1771695082.5686808,369_2,369,tpc_lock,2.098320722579956,46561,24,1
1771695082.571562,360_3,360,das_work,10.332427740097046,48258,24,1
1771695082.602581,362_2,362,tpc_commit,4.329331874847412,28795,24,1
1771695082.621093,361_2,361,tpc_lock,2.175853490829468,46561,24,1
1771695082.7468462,365_2,365,tpc_lock,14.193463563919067,46561,24,1
1771695082.8209538,363_2,363,das_work,9.671011924743652,48258,24,1
1771695082.857745,364_2,364,tpc_commit,4.541717767715454,28795,24,1
1771695090.089301,364_3,364,tpc_lock,5.938248157501221,46561,25,1
1771695090.1600337,368_3,368,tpc_commit,7.741629123687744,28795,25,1
1771695090.1785638,362_3,362,tpc_lock,6.53023624420166,46561,25,1
1771695090.1979268,360_3,360,tpc_commit,7.626353740692139,28795,25,1
1771695092.6024375,363_2,363,tpc_commit,9.781472444534302,28795,25,1
1771695094.253197,360_3,360,tpc_commit,4.055258750915527,28795,25,1
1771695094.4686227,366_3,366,das_work,2.29785680770874,48258,25,1
1771695094.4929814,368_3,368,tpc_commit,4.332937002182007,28795,25,1
1771695094.5031917,363_2,363,tpc_commit,1.900740385055542,28795,25,1
1771695094.6024857,361_2,361,das_work,7.953616380691528,48258,25,1
1771695094.6817057,367_2,367,das_work,7.205947399139404,48258,25,1
1771695094.748847,362_3,362,tpc_lock,4.570269584655762,46561,25,1
1771695094.7577395,364_3,364,tpc_lock,4.668426513671875,46561,25,1
1771695094.8032403,369_2,369,das_work,3.5222415924072266,48258,25,1
1771695094.9887836,365_2,365,das_work,10.680327653884888,48258,25,1
1771695102.24611,360_4,360,tpc_lock,6.6586620807647705,46561,26,1
1771695102.2900424,368_4,368,tpc_lock,6.246997594833374,46537,26,1
1771695102.366264,366_3,366,tpc_commit,7.897628545761108,28795,26,1
1771695104.6935544,367_2,367,tpc_commit,10.01183533668518,28795,26,1
1771695104.738904,365_2,365,tpc_commit,9.750107049942017,28795,26,1
1771695104.755412,363_3,363,tpc_lock,9.114670991897585,46561,26,1
1771695104.7582488,369_2,369,tpc_commit,9.95499587059021,28795,26,1
1771695104.868111,361_2,361,tpc_commit,10.265613079071043,28795,26,1
1771695106.7153666,360_4,360,tpc_lock,4.4692442417144775,46561,26,1
1771695106.9614608,362_3,362,das_work,8.97073483467102,48258,26,1
1771695114.2159142,362_3,362,tpc_commit,7.254441976547241,28795,27,1
1771695118.348406,361_2,361,tpc_commit,13.480281591415403,28795,27,1
1771695118.3573625,362_3,362,tpc_commit,4.141435384750366,28795,27,1
1771695118.510815,368_4,368,tpc_lock,16.22076177597046,46537,27,1
1771695118.6723945,360_4,360,das_work,4.339614868164063,48258,27,1
1771695118.7041483,363_3,363,tpc_lock,13.948720932006836,46561,27,1
1771695118.770095,365_2,365,tpc_commit,14.031177759170532,28795,27,1
1771695118.7904398,367_2,367,tpc_commit,14.09687352180481,28795,27,1
1771695118.8094237,364_3,364,das_work,15.586646556854248,48258,27,1
1771695119.0483482,369_2,369,tpc_commit,14.290085792541504,28795,27,1
1771695119.152767,366_3,366,tpc_commit,16.786492347717285,28795,27,1
1771695126.248154,360_4,360,tpc_commit,7.575747013092041,28795,28,1
1771695126.3193033,364_3,364,tpc_commit,7.509865045547485,28795,28,1
1771695126.349341,366_4,366,tpc_lock,5.272494554519653,46561,28,1
1771695126.3724792,362_4,362,tpc_lock,7.495801210403442,46549,28,1
1771695128.6389017,369_3,369,tpc_lock,8.024707317352295,46561,28,1
1771695128.7135465,367_3,367,tpc_lock,8.696653842926025,46561,28,1
1771695128.7306292,365_3,365,tpc_lock,8.543510675430298,46561,28,1
1771695128.8419144,361_3,361,tpc_lock,9.48721194267273,46561,28,1
1771695130.3361082,360_4,360,tpc_commit,4.087941646575928,28795,28,1
1771695130.343331,368_4,368,das_work,4.345235824584961,48258,28,1
1771695130.431389,366_4,366,tpc_lock,4.082035064697266,46561,28,1
1771695130.482862,362_4,362,tpc_lock,4.110370874404907,46549,28,1
1771695130.5466478,363_3,363,das_work,5.370784759521484,48258,28,1
1771695130.6902332,364_3,364,tpc_commit,4.370917320251465,28795,28,1
1771695138.3874924,368_4,368,tpc_commit,8.044148921966553,28771,29,1
1771695138.3979323,364_4,364,tpc_lock,6.62727165222168,46561,29,1
1771695140.5333624,363_3,363,tpc_commit,9.986701488494871,28795,29,1
1771695142.2986045,365_3,365,tpc_lock,13.567963361740112,46561,29,1
1771695142.3967872,361_3,361,tpc_lock,13.554861545562744,46561,29,1
1771695142.4660509,364_4,364,tpc_lock,4.0681068897247314,46561,29,1
1771695142.4955814,366_4,366,das_work,8.123321294784546,48258,29,1
1771695142.4984696,363_3,363,tpc_commit,1.9650945663452148,28795,29,1
1771695142.536729,368_4,368,tpc_commit,4.149225234985352,28771,29,1
1771695142.5591674,369_3,369,tpc_lock,13.920254707336426,46561,29,1
1771695142.6079395,367_3,367,tpc_lock,13.894381761550903,46561,29,1
1771695142.7619884,362_4,362,das_work,3.794149160385132,48258,29,1
1771695150.0879076,362_4,362,tpc_commit,7.3259077072143555,28783,30,1
1771695150.1090052,366_4,366,tpc_commit,7.613410711288452,28795,30,1
1771695152.745619,363_4,363,tpc_lock,8.608189105987549,46561,30,1
1771695154.311047,364_4,364,das_work,2.832876205444336,48258,30,1
1771695154.3378987,361_3,361,das_work,8.289990901947021,48258,30,1
1771695154.3542554,362_4,362,tpc_commit,4.2662904262542725,28783,30,1
1771695154.520014,369_3,369,das_work,8.360613584518433,48258,30,1
1771695154.523005,367_3,367,das_work,2.8861684799194336,48258,30,1
1771695154.5428016,365_3,365,das_work,8.133182764053345,48258,30,1
1771695154.5448196,366_4,366,tpc_commit,4.4357523918151855,28795,30,1
1771695154.8110812,363_4,363,tpc_lock,2.0654489994049072,46561,30,1
1771695162.018176,364_4,364,tpc_commit,7.707115888595581,28795,31,1
1771695164.5215936,367_3,367,tpc_commit,9.998576164245604,28795,31,1
1771695164.5260105,365_3,365,tpc_commit,9.98319673538208,28795,31,1
1771695164.6059868,361_3,361,tpc_commit,10.268075942993164,28795,31,1
1771695164.6308875,369_3,369,tpc_commit,10.110860347747805,28795,31,1
1771695166.261434,369_3,369,tpc_commit,1.630537033081055,28795,31,1
1771695166.3417113,364_4,364,tpc_commit,4.323527097702026,28795,31,1
1771695166.3515143,367_3,367,tpc_commit,1.829352855682373,28795,31,1
1771695166.387089,361_3,361,tpc_commit,1.7810912132263184,28795,31,1
1771695166.4168406,363_4,363,das_work,3.682379722595215,48258,31,1
1771695166.4688332,365_3,365,tpc_commit,1.9428048133850095,28795,31,1
1771695176.521123,361_4,361,tpc_lock,9.506736516952516,46561,32,1
1771695176.55004,369_4,369,tpc_lock,9.3036847114563,46561,32,1
1771695176.5636115,365_4,365,tpc_lock,8.182523250579834,46561,32,1
1771695176.5728164,367_4,367,tpc_lock,8.925648927688599,46561,32,1
1771695176.626542,363_4,363,tpc_commit,10.20965027809143,28795,32,1
1771695178.203344,361_4,361,tpc_lock,1.6822094917297363,46561,32,1
1771695178.203967,363_4,363,tpc_commit,1.5774145126342771,28795,32,1
1771695178.204758,367_4,367,tpc_lock,1.6319310665130615,46561,32,1
1771695178.2405908,369_4,369,tpc_lock,1.6905412673950195,46561,32,1
1771695178.2457125,365_4,365,tpc_lock,1.6820907592773438,46561,32,1
1771695190.2466033,365_4,365,das_work,9.667665481567385,48258,33,1
1771695190.3091197,369_4,369,das_work,2.2358410358428955,48258,33,1
1771695190.3365252,367_4,367,das_work,5.8507912158966064,48258,33,1
1771695190.3941128,361_4,361,das_work,3.373099565505981,48258,33,1
1771695200.5388775,369_4,369,tpc_commit,10.229745626449583,28795,34,1
1771695200.549682,361_4,361,tpc_commit,10.155556201934814,28795,34,1
1771695200.5535512,365_4,365,tpc_commit,10.30693292617798,28795,34,1
1771695200.5551646,367_4,367,tpc_commit,10.218626260757446,28795,34,1
1771695202.153438,361_4,361,tpc_commit,1.6037070751190186,28795,34,1
1771695202.1594,369_4,369,tpc_commit,1.6204617023468018,28795,34,1
1771695202.1620004,365_4,365,tpc_commit,1.6084375381469729,28795,34,1
1771695202.1652796,367_4,367,tpc_commit,1.6101009845733645,28795,34,1
1771694948.3567832,371_0,371,tpc_lock,1.1516366004943848,46561,13,1
1771694950.7409291,371_0,371,tpc_lock,2.384136438369751,46561,13,1
1771694958.3041546,376_0,376,tpc_lock,1.804610013961792,46561,14,1
1771694958.3061135,378_0,378,tpc_lock,6.325297832489014,46561,14,1
1771694958.3637502,372_0,372,tpc_lock,4.785273551940918,46561,14,1
1771694958.3761723,370_0,370,tpc_lock,10.726274013519289,46561,14,1
1771694960.4580536,375_0,375,tpc_lock,5.68611216545105,46561,14,1
1771694960.4924786,379_0,379,tpc_lock,11.80185890197754,46561,14,1
1771694960.5417695,377_0,377,tpc_lock,12.244325160980225,46561,14,1
1771694962.1889486,375_0,375,tpc_lock,1.7308905124664309,46561,14,1
1771694962.431575,378_0,378,tpc_lock,4.125455379486084,46561,14,1
1771694962.4696856,370_0,370,tpc_lock,4.093506574630737,46561,14,1
1771694962.481934,371_0,371,das_work,7.33402419090271,48258,14,1
1771694962.6188471,372_0,372,tpc_lock,4.255091190338135,46561,14,1
1771694962.8383467,376_0,376,tpc_lock,4.534185171127319,46561,14,1
1771694970.2882097,374_0,374,tpc_lock,12.481298208236694,46561,15,1
1771694972.606913,373_0,373,tpc_lock,12.350136041641235,46561,15,1
1771694972.6521144,371_0,371,tpc_commit,10.170168161392212,28795,15,1
1771694974.2225733,375_0,375,das_work,10.8300359249115,48258,15,1
1771694974.2510457,374_0,374,tpc_lock,3.962829828262329,46561,15,1
1771694974.2941244,373_0,373,tpc_lock,1.6872055530548096,46561,15,1
1771694974.447509,379_0,379,tpc_lock,13.955024242401125,46561,15,1
1771694974.458646,378_0,378,das_work,9.60552191734314,48258,15,1
1771694974.5043554,376_0,376,das_work,9.045547008514404,48258,15,1
1771694974.574429,372_0,372,das_work,5.598749160766602,48258,15,1
1771694974.6589534,370_0,370,das_work,6.8040056228637695,48258,15,1
1771694974.734799,377_0,377,tpc_lock,14.193023443222046,46561,15,1
1771694982.3553636,378_0,378,tpc_commit,7.896707057952881,28795,16,1
1771694982.4401517,370_0,370,tpc_commit,7.78118896484375,28795,16,1
1771694982.6129365,372_0,372,tpc_commit,8.03849720954895,28795,16,1
1771694982.6155243,376_0,376,tpc_commit,8.111156463623047,28795,16,1
1771694984.5173712,375_0,375,tpc_commit,10.294785261154177,28795,16,1
1771694986.2529874,370_0,370,tpc_commit,3.812823534011841,28795,16,1
1771694986.2649667,377_0,377,das_work,4.596308946609497,48258,16,1
1771694986.4048083,378_0,378,tpc_commit,4.049434423446655,28795,16,1
1771694986.4057946,374_0,374,das_work,5.6862757205963135,48258,16,1
1771694986.4107656,379_0,379,das_work,9.375394821166992,48258,16,1
1771694986.7916515,373_0,373,das_work,2.8852763175964355,48258,16,1
1771694986.806394,376_0,376,tpc_commit,4.190855979919434,28795,16,1
1771694987.2219398,371_0,371,tpc_commit,14.5698139667511,28795,16,1
1771694994.1801374,374_0,374,tpc_commit,7.7743330001831055,28795,17,1
1771694994.2610998,370_1,370,tpc_lock,7.04259467124939,46561,17,1
1771694994.2649004,378_1,378,tpc_lock,7.149898529052734,46561,17,1
1771694994.2973716,376_1,376,tpc_lock,5.495391845703125,46549,17,1
1771694996.3710124,371_1,371,tpc_lock,7.421196460723877,46561,17,1
1771694996.3792307,373_0,373,tpc_commit,9.587568759918211,28795,17,1
1771694996.417088,377_0,377,tpc_commit,10.152112007141112,28795,17,1
1771694996.4223256,379_0,379,tpc_commit,10.011550188064575,28795,17,1
1771694998.3008044,370_1,370,tpc_lock,4.039695262908936,46561,17,1
1771694998.305731,377_0,377,tpc_commit,1.88863205909729,28795,17,1
1771694998.3393457,379_0,379,tpc_commit,1.9170095920562744,28795,17,1
1771694998.4262064,371_1,371,tpc_lock,2.055184364318848,46561,17,1
1771694998.427621,375_0,375,tpc_commit,13.91024112701416,28795,17,1
1771694998.454496,378_1,378,tpc_lock,4.189585447311401,46561,17,1
1771694998.6605413,372_0,372,tpc_commit,16.047594785690308,28795,17,1
1771694998.7272563,374_0,374,tpc_commit,4.547109127044678,28795,17,1
1771694998.789287,376_1,376,tpc_lock,4.491904258728027,46549,17,1
1771695006.6431274,374_1,374,tpc_lock,6.0441179275512695,46561,18,1
1771695006.7314534,372_1,372,tpc_lock,6.839710235595703,46561,18,1
1771695008.5525775,379_1,379,tpc_lock,8.987558603286743,46549,18,1
1771695008.5808034,377_1,377,tpc_lock,9.33023738861084,46561,18,1
1771695008.5825365,375_1,375,tpc_lock,8.961753845214844,46561,18,1
1771695010.1681836,370_1,370,das_work,6.875258684158325,48258,18,1
1771695010.2895355,371_1,371,das_work,9.827167987823486,48258,18,1
1771695010.4956405,378_1,378,das_work,9.180480718612673,48258,18,1
1771695010.5331008,374_1,374,tpc_lock,3.889961004257202,46561,18,1
1771695010.647446,376_1,376,das_work,4.500014781951904,48258,18,1
1771695010.9717796,373_0,373,tpc_commit,14.592523097991943,28795,18,1
1771695018.246189,378_1,378,tpc_commit,7.750537157058716,28795,19,1
1771695018.2984765,376_1,376,tpc_commit,7.651020526885986,28783,19,1
1771695018.4828792,370_1,370,tpc_commit,8.31468391418457,28795,19,1
1771695020.4297545,371_1,371,tpc_commit,10.140207767486572,28795,19,1
1771695020.4461565,373_1,373,tpc_lock,8.934530258178711,46561,19,1
1771695022.317945,370_1,370,tpc_commit,3.835056781768799,28795,19,1
1771695022.337158,375_1,375,tpc_lock,13.754611015319824,46561,19,1
1771695022.3439343,377_1,377,tpc_lock,13.763121604919434,46561,19,1
1771695022.4603243,379_1,379,tpc_lock,13.907736539840698,46549,19,1
1771695022.4837835,373_1,373,tpc_lock,2.0376193523406982,46561,19,1
1771695022.5005405,374_1,374,das_work,6.999307870864868,48258,19,1
1771695022.6582644,372_1,372,tpc_lock,15.926800727844238,46561,19,1
1771695022.662526,376_1,376,tpc_commit,4.364036798477173,28783,19,1
1771695023.0694134,378_1,378,tpc_commit,4.823176145553589,28795,19,1
1771695030.2152672,374_1,374,tpc_commit,7.714715480804443,28795,20,1
1771695030.299701,378_2,378,tpc_lock,6.133995056152344,46561,20,1
1771695030.427039,376_2,376,tpc_lock,6.21769905090332,46561,20,1
1771695030.4321702,370_2,370,tpc_lock,7.303570508956909,46561,20,1
1771695034.45133,372_1,372,das_work,7.984894514083862,48258,20,1
1771695034.465345,376_2,376,tpc_lock,4.038255453109741,46561,20,1
1771695034.7445266,370_2,370,tpc_lock,4.31234335899353,46561,20,1
1771695034.9247105,375_1,375,das_work,9.06850552558899,48258,20,1
1771695035.167235,373_1,373,das_work,7.869276285171509,48258,20,1
1771695035.4939618,371_1,371,tpc_commit,15.06419849395752,28795,20,1
1771695035.5227106,374_1,374,tpc_commit,5.307433605194092,28795,20,1
1771695042.2365818,372_1,372,tpc_commit,7.785240888595581,28795,21,1
1771695042.301559,374_2,374,tpc_lock,5.562050104141235,46561,21,1
1771695044.51855,375_1,375,tpc_commit,9.59378957748413,28795,21,1
1771695044.5469494,373_1,373,tpc_commit,9.379700899124146,28795,21,1
1771695044.640882,371_2,371,tpc_lock,7.82965612411499,46561,21,1
1771695046.3070047,375_1,375,tpc_commit,1.788440227508545,28795,21,1
1771695046.3080156,372_1,372,tpc_commit,4.071419715881348,28795,21,1
1771695046.3086867,373_1,373,tpc_commit,1.761725902557373,28795,21,1
1771695046.528322,379_1,379,das_work,15.852544784545898,48258,21,1
1771695046.6152449,370_2,370,das_work,8.487378120422363,48258,21,1
1771695046.7048843,377_1,377,das_work,16.413336753845215,48258,21,1
1771695046.762743,378_2,378,tpc_lock,16.463031768798828,46561,21,1
1771695046.789465,376_2,376,das_work,11.288423776626589,48258,21,1
1771695047.0295632,374_2,374,tpc_lock,4.72799277305603,46561,21,1
1771695054.365513,376_2,376,tpc_commit,7.576035737991333,28795,22,1
1771695054.3808353,370_2,370,tpc_commit,7.765578269958496,28795,22,1
1771695054.7624962,372_2,372,tpc_lock,6.546060085296631,46561,22,1
1771695056.515161,379_1,379,tpc_commit,9.986827611923218,28783,22,1
1771695056.5181007,373_2,373,tpc_lock,8.30634093284607,46561,22,1
1771695056.5900705,377_1,377,tpc_commit,9.885176420211792,28795,22,1
1771695056.6019592,375_2,375,tpc_lock,8.896577835083008,46561,22,1
1771695058.3014648,378_2,378,das_work,10.172461032867432,48258,22,1
1771695058.3870938,371_2,371,tpc_lock,13.746200323104858,46561,22,1
1771695058.6237106,376_2,376,tpc_commit,4.258188486099243,28795,22,1
1771695058.6651812,370_2,370,tpc_commit,4.284334421157837,28795,22,1
1771695058.7132366,374_2,374,das_work,7.813414812088013,48258,22,1
1771695058.7489746,372_2,372,tpc_lock,3.986467123031616,46561,22,1
1771695066.4150603,370_3,370,tpc_lock,7.014638185501099,46561,23,1
1771695066.5226915,376_3,376,tpc_lock,7.21050238609314,46561,23,1
1771695066.5295036,378_2,378,tpc_commit,8.228003978729248,28795,23,1
1771695066.6335862,374_2,374,tpc_commit,7.92033839225769,28795,23,1
1771695070.3037615,375_2,375,tpc_lock,13.70179295539856,46561,23,1
1771695070.316422,371_2,371,das_work,7.971189260482788,48258,23,1
1771695070.3384914,379_1,379,tpc_commit,13.823318719863892,28783,23,1
1771695070.4218917,378_2,378,tpc_commit,3.8923771381378174,28795,23,1
1771695070.4633408,374_2,374,tpc_commit,3.829742908477783,28795,23,1
1771695070.4992158,376_3,376,tpc_lock,3.976456880569458,46561,23,1
1771695070.6501672,372_2,372,das_work,6.7847981452941895,48258,23,1
1771695070.7371256,373_2,373,tpc_lock,14.219014406204224,46561,23,1
1771695070.9046087,370_3,370,tpc_lock,4.489496946334839,46561,23,1
1771695070.9641898,377_1,377,tpc_commit,14.374107837677002,28795,23,1
1771695078.1668603,372_2,372,tpc_commit,7.516682147979736,28795,24,1
1771695078.3128877,374_3,374,tpc_lock,6.552935123443604,46561,24,1
1771695078.3419912,378_3,378,tpc_lock,6.979333877563477,46561,24,1
1771695080.4448018,377_2,377,tpc_lock,8.648091554641724,46561,24,1
1771695080.48321,379_2,379,tpc_lock,8.424620389938354,46561,24,1
1771695080.5029285,371_2,371,tpc_commit,10.18649411201477,28795,24,1
1771695082.366772,373_2,373,das_work,1.9243624210357664,48258,24,1
1771695082.3992522,377_2,377,tpc_lock,1.95444130897522,46561,24,1
1771695082.415413,375_2,375,das_work,10.517282724380491,48258,24,1
1771695082.6091628,376_3,376,das_work,3.1675045490264893,48258,24,1
1771695082.619265,378_3,378,tpc_lock,4.277265787124634,46561,24,1
1771695082.6302102,370_3,370,das_work,10.311280012130736,48258,24,1
1771695082.7794893,379_2,379,tpc_lock,2.2962679862976074,46561,24,1
1771695082.802112,374_3,374,tpc_lock,4.489169120788574,46561,24,1
1771695082.8969574,372_2,372,tpc_commit,4.7300872802734375,28795,24,1
1771695090.0962806,376_3,376,tpc_commit,7.48710560798645,28795,25,1
1771695090.1565435,370_3,370,tpc_commit,7.526321649551392,28795,25,1
1771695090.2693973,372_3,372,tpc_lock,6.536656141281128,46561,25,1
1771695092.6172154,375_2,375,tpc_commit,10.201791286468506,28795,25,1
1771695092.6985312,373_2,373,tpc_commit,10.33174753189087,28795,25,1
1771695094.3105848,378_3,378,das_work,2.9655799865722656,48258,25,1
1771695094.381697,370_3,370,tpc_commit,4.225143432617188,28795,25,1
1771695094.4577465,376_3,376,tpc_commit,4.36145281791687,28795,25,1
1771695094.6355796,372_3,372,tpc_lock,4.366170883178711,46561,25,1
1771695094.658105,371_2,371,tpc_commit,14.155158281326294,28795,25,1
1771695094.816812,379_2,379,das_work,4.396331071853638,48258,25,1
1771695094.8730404,374_3,374,das_work,3.701077461242676,48258,25,1
1771695095.1006303,377_2,377,das_work,3.1833786964416504,48258,25,1
1771695102.2630446,376_4,376,tpc_lock,6.94994068145752,46561,26,1
1771695102.2805314,374_3,374,tpc_commit,7.407479047775267,28795,26,1
1771695102.2951603,370_4,370,tpc_lock,6.16987156867981,46561,26,1
1771695102.3423274,378_3,378,tpc_commit,8.031731843948364,28795,26,1
1771695104.7074287,371_3,371,tpc_lock,8.152383804321289,46561,26,1
1771695104.8054695,379_2,379,tpc_commit,9.988646507263184,28795,26,1
1771695104.833772,377_2,377,tpc_commit,9.733131408691406,28795,26,1
1771695106.2752612,375_2,375,tpc_commit,13.65803289413452,28795,26,1
1771695106.8352246,373_2,373,tpc_commit,14.136682510375977,28795,26,1
1771695106.9996872,372_3,372,das_work,8.324681282043457,48258,26,1
1771695114.1990795,372_3,372,tpc_commit,7.199378728866577,28795,27,1
1771695116.541007,373_3,373,tpc_lock,8.049970388412476,46561,27,1
1771695116.549405,375_3,375,tpc_lock,8.828569412231445,46561,27,1
1771695118.347036,377_2,377,tpc_commit,13.513250589370728,28795,27,1
1771695118.4049628,378_3,378,tpc_commit,16.06262445449829,28795,27,1
1771695118.43796,371_3,371,tpc_lock,13.73052191734314,46561,27,1
1771695118.561446,370_4,370,tpc_lock,16.266273736953735,46561,27,1
1771695118.6186545,373_3,373,tpc_lock,2.077638864517212,46561,27,1
1771695118.6336966,374_3,374,tpc_commit,16.353151082992554,28795,27,1
1771695118.7418485,372_3,372,tpc_commit,4.542752504348755,28795,27,1
1771695118.9324188,379_2,379,tpc_commit,14.12693738937378,28795,27,1
1771695119.0398614,376_4,376,tpc_lock,16.77680516242981,46561,27,1
1771695126.2113984,378_4,378,tpc_lock,6.999762535095215,46561,28,1
1771695126.2833097,372_4,372,tpc_lock,7.025047779083252,46549,28,1
1771695126.327159,374_4,374,tpc_lock,5.8525261878967285,46549,28,1
1771695128.675733,379_3,379,tpc_lock,8.575966358184814,46561,28,1
1771695128.7715964,377_3,377,tpc_lock,9.351956129074097,46561,28,1
1771695130.292588,374_4,374,tpc_lock,3.9654150009155273,46549,28,1
1771695130.47048,372_4,372,tpc_lock,4.187157154083252,46549,28,1
1771695130.5864084,378_4,378,tpc_lock,4.374997854232788,46561,28,1
1771695130.685963,373_3,373,das_work,3.4609735012054443,48258,28,1
1771695130.6901507,375_3,375,tpc_lock,14.140733242034912,46561,28,1
1771695130.7234368,370_4,370,das_work,9.29878544807434,48258,28,1
1771695130.74765,376_4,376,das_work,5.297496795654297,48258,28,1
1771695130.807411,371_3,371,das_work,3.2628417015075684,48258,28,1
1771695138.3201938,370_4,370,tpc_commit,7.5967488288879395,28795,29,1
1771695138.3717794,376_4,376,tpc_commit,7.624118804931641,28795,29,1
1771695140.5216875,371_3,371,tpc_commit,9.714264154434204,28795,29,1
1771695140.537744,373_3,373,tpc_commit,9.851767301559448,28795,29,1
1771695142.2984986,376_4,376,tpc_commit,3.926706790924072,28795,29,1
1771695142.2995148,375_3,375,das_work,2.400634765625,48258,29,1
1771695142.429989,379_3,379,tpc_lock,13.754244327545166,46561,29,1
1771695142.484535,371_3,371,tpc_commit,1.9628355503082275,28795,29,1
1771695142.5929413,377_3,377,tpc_lock,13.821331977844238,46561,29,1
1771695142.633873,374_4,374,das_work,9.61454176902771,48258,29,1
1771695142.6379223,370_4,370,tpc_commit,4.317651271820068,28795,29,1
1771695142.63837,378_4,378,das_work,6.455915451049805,48258,29,1
1771695142.713297,372_4,372,das_work,7.153817415237427,48258,29,1
1771695142.7505355,373_3,373,tpc_commit,2.212775230407715,28795,29,1
1771695150.0767844,374_4,374,tpc_commit,7.442899703979492,28783,30,1
1771695150.1105924,378_4,378,tpc_commit,7.472211599349976,28795,30,1
1771695150.2031813,372_4,372,tpc_commit,7.48987340927124,28783,30,1
1771695152.712152,371_4,371,tpc_lock,9.597824335098268,46561,30,1
1771695152.7489393,375_3,375,tpc_commit,10.449412822723389,28795,30,1
1771695152.795103,373_4,373,tpc_lock,9.541634559631348,46561,30,1
1771695154.3033395,379_3,379,das_work,4.236313819885254,48258,30,1
1771695154.305591,378_4,378,tpc_commit,4.194986820220947,28795,30,1
1771695154.347575,372_4,372,tpc_commit,4.144380569458008,28783,30,1
1771695154.3620758,377_3,377,das_work,3.2782928943634038,48258,30,1
1771695154.374397,374_4,374,tpc_commit,4.297601222991943,28783,30,1
1771695154.3865063,373_4,373,tpc_lock,1.5913925170898438,46561,30,1
1771695154.4781568,375_3,375,tpc_commit,1.72920560836792,28795,30,1
1771695154.548915,371_4,371,tpc_lock,1.8367490768432615,46561,30,1
1771695164.5705795,377_3,377,tpc_commit,10.208492755889893,28795,31,1
1771695164.5997949,379_3,379,tpc_commit,10.296443700790403,28795,31,1
1771695164.6557436,375_4,375,tpc_lock,8.33059811592102,46561,31,1
1771695166.280899,371_4,371,das_work,3.4230494499206543,48258,31,1
1771695166.2849307,377_3,377,tpc_commit,1.7143399715423584,28795,31,1
1771695166.2894151,379_3,379,tpc_commit,1.6896083354949951,28795,31,1
1771695166.290516,373_4,373,das_work,10.26368522644043,48258,31,1
1771695166.4285142,375_4,375,tpc_lock,1.772761344909668,46561,31,1
1771695176.552887,373_4,373,tpc_commit,10.262359619140623,28795,32,1
1771695176.6142955,377_4,377,tpc_lock,9.584904193878174,46561,32,1
1771695176.6376212,379_4,379,tpc_lock,9.77177095413208,46549,32,1
1771695176.65023,371_4,371,tpc_commit,10.369320392608644,28795,32,1
1771695178.202423,375_4,375,das_work,8.849920749664307,48258,32,1
1771695178.2045622,379_4,379,tpc_lock,1.566929817199707,46549,32,1
1771695178.2198677,371_4,371,tpc_commit,1.569627046585083,28795,32,1
1771695178.2443042,377_4,377,tpc_lock,1.6299984455108645,46561,32,1
1771695178.2447448,373_4,373,tpc_commit,1.6918182373046875,28795,32,1
1771695188.537209,375_4,375,tpc_commit,10.334776878356934,28795,33,1
1771695190.264152,379_4,379,das_work,7.237310409545898,48258,33,1
1771695190.294151,375_4,375,tpc_commit,1.7569284439086914,28795,33,1
1771695190.3402283,377_4,377,das_work,5.183414936065674,48258,33,1
1771695200.4764569,379_4,379,tpc_commit,10.21229362487793,28783,34,1
1771695200.5232651,377_4,377,tpc_commit,10.183019161224363,28795,34,1
1771695202.2031968,379_4,379,tpc_commit,1.7267286777496338,28783,34,1
1771695202.2443674,377_4,377,tpc_commit,1.721088171005249,28795,34,1
1771694958.3230352,382_0,382,tpc_lock,3.571002244949341,46561,14,1
1771694958.3846304,384_0,384,tpc_lock,8.63016963005066,46561,14,1
1771694960.4368522,381_0,381,tpc_lock,8.939739227294922,46549,14,1
1771694960.4692776,385_0,385,tpc_lock,5.289355039596558,46537,14,1
1771694960.4758315,383_0,383,tpc_lock,9.062263011932371,46561,14,1
1771694960.533089,389_0,389,tpc_lock,10.492911100387571,46561,14,1
1771694962.529029,385_0,385,tpc_lock,2.059746026992798,46537,14,1
1771694962.7717838,384_0,384,tpc_lock,4.387143135070801,46561,14,1
1771694962.7891006,382_0,382,tpc_lock,4.466058969497681,46561,14,1
1771694962.8824632,381_0,381,tpc_lock,2.4456045627593994,46549,14,1
1771694970.2737536,380_0,380,tpc_lock,8.671376943588257,46561,15,1
1771694970.2996426,386_0,386,tpc_lock,8.589705228805542,46561,15,1
1771694970.404875,388_0,388,tpc_lock,11.870629072189333,46561,15,1
1771694972.719041,387_0,387,tpc_lock,12.09529161453247,46561,15,1
1771694974.3223803,382_0,382,das_work,7.972802639007568,48258,15,1
1771694974.3428812,381_0,381,das_work,2.5926733016967773,48258,15,1
1771694974.485423,386_0,386,tpc_lock,4.185775518417358,46561,15,1
1771694974.613656,380_0,380,tpc_lock,4.339897394180298,46561,15,1
1771694974.6153953,389_0,389,tpc_lock,14.082301139831545,46561,15,1
1771694974.644925,384_0,384,das_work,2.915799140930176,48258,15,1
1771694974.8806393,385_0,385,das_work,5.5979905128479,48258,15,1
1771694974.9816835,388_0,388,tpc_lock,4.576801538467407,46561,15,1
1771694975.002789,383_0,383,tpc_lock,14.526952028274536,46561,15,1
1771694982.3509316,382_0,382,tpc_commit,8.028539180755615,28795,16,1
1771694982.4068468,384_0,384,tpc_commit,7.761911153793335,28795,16,1
1771694984.4349349,381_0,381,tpc_commit,10.09200358390808,28783,16,1
1771694984.5171022,385_0,385,tpc_commit,9.636452674865724,28771,16,1
1771694986.2443352,389_0,389,das_work,2.0843260288238525,48258,16,1
1771694986.3321671,383_0,383,das_work,4.278226852416992,48258,16,1
1771694986.445151,388_0,388,das_work,3.746891975402832,48258,16,1
1771694986.6357763,384_0,384,tpc_commit,4.228917837142944,28795,16,1
1771694986.6404705,382_0,382,tpc_commit,4.289525985717773,28795,16,1
1771694986.7161715,380_0,380,das_work,7.475115060806274,48258,16,1
1771694986.9074943,387_0,387,tpc_lock,14.188447713851929,46561,16,1
1771694987.0078754,386_0,386,das_work,11.245773315429688,48258,16,1
1771694994.1731298,380_0,380,tpc_commit,7.456946134567261,28795,17,1
1771694994.1860723,384_1,384,tpc_lock,5.885894775390625,46561,17,1
1771694994.219816,388_0,388,tpc_commit,7.774653196334839,28795,17,1
1771694994.2325308,382_1,382,tpc_lock,6.294020175933838,46561,17,1
1771694994.2967873,386_0,386,tpc_commit,7.288900136947632,28795,17,1
1771694996.404594,383_0,383,tpc_commit,10.07239031791687,28795,17,1
1771694996.4199493,389_0,389,tpc_commit,10.175601720809937,28795,17,1
1771694998.2728617,381_0,381,tpc_commit,13.837915182113647,28783,17,1
1771694998.295614,383_0,383,tpc_commit,1.891009330749512,28795,17,1
1771694998.4456165,380_0,380,tpc_commit,4.272475957870483,28795,17,1
1771694998.455395,388_0,388,tpc_commit,4.235518455505371,28795,17,1
1771694998.5133832,385_0,385,tpc_commit,13.996270895004272,28771,17,1
1771694998.5541017,386_0,386,tpc_commit,4.257303476333618,28795,17,1
1771694998.6259232,387_0,387,das_work,10.63700532913208,48258,17,1
1771694998.77397,382_1,382,tpc_lock,4.541429281234741,46561,17,1
1771694998.7850106,384_1,384,tpc_lock,4.598927021026611,46561,17,1
1771695006.7128267,388_1,388,tpc_lock,7.254090785980225,46561,18,1
1771695006.7471297,386_1,386,tpc_lock,7.417448282241821,46561,18,1
1771695006.7672598,380_1,380,tpc_lock,6.822258710861206,46561,18,1
1771695008.5754306,387_0,387,tpc_commit,9.949496030807495,28795,18,1
1771695008.5772767,385_1,385,tpc_lock,9.023884534835815,46561,18,1
1771695008.6053271,381_1,381,tpc_lock,9.816789865493774,46561,18,1
1771695008.6355894,383_1,383,tpc_lock,8.433382034301758,46561,18,1
1771695010.178311,380_1,380,tpc_lock,3.4110403060913086,46561,18,1
1771695010.3032167,386_1,386,tpc_lock,3.5560760498046875,46561,18,1
1771695010.3567376,384_1,384,das_work,4.531241416931152,48258,18,1
1771695010.5041325,382_1,382,das_work,6.280904293060303,48258,18,1
1771695010.939968,389_0,389,tpc_commit,14.520007371902466,28795,18,1
1771695018.44777,382_1,382,tpc_commit,7.943626642227173,28795,19,1
1771695018.4513712,384_1,384,tpc_commit,8.094624042510986,28795,19,1
1771695020.431574,389_1,389,tpc_lock,7.763748645782471,46561,19,1
1771695022.2923858,385_1,385,tpc_lock,13.71509838104248,46561,19,1
1771695022.3233416,384_1,384,tpc_commit,3.8719582557678223,28795,19,1
1771695022.3296154,382_1,382,tpc_commit,3.881834983825684,28795,19,1
1771695022.4729886,387_0,387,tpc_commit,13.897549867630005,28795,19,1
1771695022.4948628,386_1,386,das_work,3.3682310581207275,48258,19,1
1771695022.5011842,388_1,388,tpc_lock,15.788348197937012,46561,19,1
1771695022.5630555,381_1,381,tpc_lock,13.95771861076355,46561,19,1
1771695022.6479244,380_1,380,das_work,5.602047681808472,48258,19,1
1771695023.1285567,383_1,383,tpc_lock,14.492960453033447,46561,19,1
1771695030.2436085,380_1,380,tpc_commit,7.59567379951477,28795,20,1
1771695030.265,386_1,386,tpc_commit,7.770126342773437,28795,20,1
1771695030.3581064,382_2,382,tpc_lock,6.211055278778076,46561,20,1
1771695030.4307902,384_2,384,tpc_lock,7.597459554672241,46561,20,1
1771695032.7317371,387_1,387,tpc_lock,8.795932531356812,46561,20,1
1771695035.0433643,381_1,381,das_work,10.272653579711914,48258,20,1
1771695035.1492715,380_1,380,tpc_commit,4.905561208724976,28795,20,1
1771695035.599704,388_1,388,das_work,6.9933037757873535,48258,20,1
1771695035.6329072,389_1,389,tpc_lock,15.201323747634888,46561,20,1
1771695036.3298943,385_1,385,das_work,11.25843906402588,48258,20,1
1771695042.176781,388_1,388,tpc_commit,6.5770649909973145,28795,21,1
1771695042.2063878,380_2,380,tpc_lock,6.362357139587402,46561,21,1
1771695044.5018516,385_1,385,tpc_commit,8.17191481590271,28795,21,1
1771695044.5056968,381_1,381,tpc_commit,9.462321519851685,28795,21,1
1771695046.3618388,385_1,385,tpc_commit,1.8599772453308103,28795,21,1
1771695046.3632069,381_1,381,tpc_commit,1.857499122619629,28795,21,1
1771695046.523588,383_1,383,das_work,16.221372604370117,48258,21,1
1771695046.6220982,384_2,384,tpc_lock,16.191298007965088,46561,21,1
1771695046.7686183,382_2,382,tpc_lock,16.410499334335327,46561,21,1
1771695046.8505473,380_2,380,tpc_lock,4.644148111343384,46561,21,1
1771695046.8691144,386_1,386,tpc_commit,16.604097843170166,28795,21,1
1771695046.971069,387_1,387,tpc_lock,14.23932147026062,46561,21,1
1771695047.064165,388_1,388,tpc_commit,4.887373924255371,28795,21,1
1771695054.353819,388_2,388,tpc_lock,6.37386965751648,46561,22,1
1771695054.3764908,386_2,386,tpc_lock,5.822728395462036,46561,22,1
1771695056.4873126,381_2,381,tpc_lock,9.361415147781372,46561,22,1
1771695056.5465622,383_1,383,tpc_commit,10.022964000701904,28795,22,1
1771695056.5858796,385_2,385,tpc_lock,9.336020708084106,46561,22,1
1771695058.2851715,389_1,389,das_work,13.33782434463501,48258,22,1
1771695058.487092,384_2,384,das_work,10.103768348693848,48258,22,1
1771695058.532213,388_2,388,tpc_lock,4.178382873535156,46561,22,1
1771695059.016266,380_2,380,das_work,8.566485166549683,48258,22,1
1771695059.0861964,386_2,386,tpc_lock,4.709694147109985,46561,22,1
1771695066.430606,384_2,384,tpc_commit,7.943501234054565,28795,23,1
1771695066.5530288,380_2,380,tpc_commit,7.536752700805664,28795,23,1
1771695068.569054,389_1,389,tpc_commit,10.283872365951538,28795,23,1
1771695070.312199,386_2,386,das_work,1.817659616470337,48258,23,1
1771695070.3401668,383_1,383,tpc_commit,13.793593883514404,28795,23,1
1771695070.350608,388_2,388,das_work,9.059195756912231,48258,23,1
1771695070.4177425,387_1,387,das_work,13.84139347076416,48258,23,1
1771695070.4343026,382_2,382,das_work,14.429155111312866,48258,23,1
1771695070.4591556,385_2,385,tpc_lock,13.87326455116272,46561,23,1
1771695070.5724273,381_2,381,tpc_lock,14.08510422706604,46561,23,1
1771695070.5874903,384_2,384,tpc_commit,4.156872510910034,28795,23,1
1771695070.6620204,380_2,380,tpc_commit,4.108982086181641,28795,23,1
1771695078.199061,384_3,384,tpc_lock,6.29327392578125,46549,24,1
1771695078.2467363,388_2,388,tpc_commit,7.896117925643921,28795,24,1
1771695078.2990427,386_2,386,tpc_commit,7.986835956573486,28795,24,1
1771695078.3207383,382_2,382,tpc_commit,7.886421680450439,28795,24,1
1771695078.345324,380_3,380,tpc_lock,6.290151834487915,46561,24,1
1771695080.4776058,383_2,383,tpc_lock,9.083739280700684,46561,24,1
1771695080.5160055,387_1,387,tpc_commit,10.09820818901062,28795,24,1
1771695082.3429976,382_2,382,tpc_commit,4.0222272872924805,28795,24,1
1771695082.4315355,386_2,386,tpc_commit,4.132481813430786,28795,24,1
1771695082.4941757,388_2,388,tpc_commit,4.24743127822876,28795,24,1
1771695082.6036954,385_2,385,das_work,5.052756547927856,48258,24,1
1771695082.675037,383_2,383,tpc_lock,2.197420597076416,46561,24,1
1771695082.6946516,381_2,381,das_work,7.206357002258301,48258,24,1
1771695082.7073302,384_3,384,tpc_lock,4.508259534835815,46549,24,1
1771695082.7650616,380_3,380,tpc_lock,4.419724464416504,46561,24,1
1771695082.766806,389_1,389,tpc_commit,14.197739601135254,28795,24,1
1771695082.8598013,387_1,387,tpc_commit,2.343785524368286,28795,24,1
1771695090.138071,382_3,382,tpc_lock,5.937387704849243,46561,25,1
1771695090.2105367,388_3,388,tpc_lock,6.281641006469727,46561,25,1
1771695090.2189684,386_3,386,tpc_lock,6.466675996780396,46561,25,1
1771695092.573844,381_2,381,tpc_commit,9.87918210029602,28795,25,1
1771695092.6192205,389_2,389,tpc_lock,7.924995899200439,46549,25,1
1771695092.621632,385_2,385,tpc_commit,10.017925024032593,28795,25,1
1771695092.6239128,387_2,387,tpc_lock,8.08354377746582,46561,25,1
1771695094.3019042,380_3,380,das_work,2.209484577178955,48258,25,1
1771695094.3183396,388_3,388,tpc_lock,4.107728004455566,46561,25,1
1771695094.401557,382_3,382,tpc_lock,4.263474941253662,46561,25,1
1771695094.4699488,386_3,386,tpc_lock,4.250969171524048,46561,25,1
1771695094.538752,383_2,383,das_work,7.98985481262207,48258,25,1
1771695094.611312,384_3,384,das_work,9.594737768173218,48258,25,1
1771695094.6251972,387_2,387,tpc_lock,2.001272439956665,46561,25,1
1771695102.3506105,380_3,380,tpc_commit,8.04869556427002,28795,26,1
1771695102.3540444,384_3,384,tpc_commit,7.742721796035767,28783,26,1
1771695104.768568,383_2,383,tpc_commit,10.229803800582886,28795,26,1
1771695106.260252,387_2,387,das_work,10.22541332244873,48258,26,1
1771695106.2898946,386_3,386,das_work,9.359774112701416,48258,26,1
1771695106.4193904,381_2,381,tpc_commit,13.845535278320312,28795,26,1
1771695106.8006985,385_2,385,tpc_commit,14.17905616760254,28795,26,1
1771695106.8114066,382_3,382,das_work,5.154570579528809,48258,26,1
1771695106.8148184,389_2,389,tpc_lock,14.195586681365969,46549,26,1
1771695106.9782708,388_3,388,das_work,8.21746039390564,48258,26,1
1771695114.1793191,388_3,388,tpc_commit,7.201007127761841,28795,27,1
1771695114.20906,382_3,382,tpc_commit,7.397642374038696,28795,27,1
1771695114.2262447,386_3,386,tpc_commit,7.936339855194092,28795,27,1
1771695116.5162935,385_3,385,tpc_lock,8.840315818786621,46561,27,1
1771695116.52973,381_3,381,tpc_lock,9.59086561203003,46561,27,1
1771695116.5530095,387_2,387,tpc_commit,10.292744874954224,28795,27,1
1771695118.4040098,388_3,388,tpc_commit,4.224677801132202,28795,27,1
1771695118.414898,381_3,381,tpc_lock,1.885106325149536,46561,27,1
1771695118.4590046,386_3,386,tpc_commit,4.232747316360474,28795,27,1
1771695118.4741013,389_2,389,das_work,10.437931060791016,48258,27,1
1771695118.6020005,387_2,387,tpc_commit,2.048978805541992,28795,27,1
1771695118.7061682,384_3,384,tpc_commit,16.352112770080566,28783,27,1
1771695118.7374732,385_3,385,tpc_lock,2.2211685180664062,46561,27,1
1771695118.7485514,380_3,380,tpc_commit,16.39792823791504,28795,27,1
1771695119.064149,383_2,383,tpc_commit,14.295568943023682,28795,27,1
1771695119.0656354,382_3,382,tpc_commit,4.85656476020813,28795,27,1
1771695126.2652302,384_4,384,tpc_lock,5.573864936828613,46549,28,1
1771695126.2907555,386_4,386,tpc_lock,6.0930540561676025,46561,28,1
1771695126.298766,388_4,388,tpc_lock,7.229379653930664,46561,28,1
1771695126.330774,380_4,380,tpc_lock,7.074954032897949,46561,28,1
1771695126.3677912,382_4,382,tpc_lock,6.415960550308228,46561,28,1
1771695128.7485402,383_3,383,tpc_lock,9.119998693466188,46561,28,1
1771695128.75178,387_3,387,tpc_lock,9.186325788497925,46561,28,1
1771695128.764963,389_2,389,tpc_commit,10.290849208831789,28783,28,1
1771695130.3184214,381_3,381,das_work,9.664541482925417,48258,28,1
1771695130.3914185,384_4,384,tpc_lock,4.126176118850708,46549,28,1
1771695130.5128582,388_4,388,tpc_lock,4.214081048965454,46561,28,1
1771695130.689733,386_4,386,tpc_lock,4.398966312408447,46561,28,1
1771695130.7102587,385_3,385,das_work,3.394699811935425,48258,28,1
1771695130.7795858,380_4,380,tpc_lock,4.448800086975098,46561,28,1
1771695130.8714144,382_4,382,tpc_lock,4.503610134124756,46561,28,1
1771695140.518123,385_3,385,tpc_commit,9.807851314544678,28795,29,1
1771695140.5400827,381_3,381,tpc_commit,10.22164821624756,28795,29,1
1771695142.3200192,385_3,385,tpc_commit,1.8018853664398196,28795,29,1
1771695142.3539844,387_3,387,tpc_lock,13.602193117141724,46561,29,1
1771695142.3652396,381_3,381,tpc_commit,1.825145244598389,28795,29,1
1771695142.3773246,380_4,380,das_work,5.843149185180664,48258,29,1
1771695142.4029796,383_3,383,tpc_lock,13.654427528381348,46561,29,1
1771695142.4053574,384_4,384,das_work,9.29828929901123,48258,29,1
1771695142.4883437,388_4,388,das_work,9.314589262008669,48258,29,1
1771695142.501634,389_2,389,tpc_commit,13.736659288406372,28783,29,1
1771695142.5439792,386_4,386,das_work,5.407332420349121,48258,29,1
1771695142.7673495,382_4,382,das_work,7.810574769973755,48258,29,1
1771695150.0941615,388_4,388,tpc_commit,7.605804920196533,28795,30,1
1771695150.114164,386_4,386,tpc_commit,7.570171356201172,28795,30,1
1771695150.1489823,380_4,380,tpc_commit,7.771646022796631,28795,30,1
1771695150.1644278,384_4,384,tpc_commit,7.759056568145752,28783,30,1
1771695150.176811,382_4,382,tpc_commit,7.409448862075806,28795,30,1
1771695152.7107334,389_3,389,tpc_lock,8.890282392501831,46549,30,1
1771695152.7625651,385_4,385,tpc_lock,9.59941577911377,46549,30,1
1771695152.8124678,381_4,381,tpc_lock,9.22969365119934,46561,30,1
1771695154.3498745,389_3,389,tpc_lock,1.6391291618347168,46549,30,1
1771695154.3573332,384_4,384,tpc_commit,4.192893743515015,28783,30,1
1771695154.3769026,382_4,382,tpc_commit,4.200079917907715,28795,30,1
1771695154.441601,383_3,383,das_work,2.541192054748535,48258,30,1
1771695154.517876,381_4,381,tpc_lock,1.7053980827331543,46561,30,1
1771695154.523594,388_4,388,tpc_commit,4.429421663284302,28795,30,1
1771695154.524899,386_4,386,tpc_commit,4.410722255706787,28795,30,1
1771695154.5387182,387_3,387,das_work,9.944019794464111,48258,30,1
1771695154.5766497,385_4,385,tpc_lock,1.8140711784362795,46549,30,1
1771695154.7845557,380_4,380,tpc_commit,4.635559558868408,28795,30,1
1771695164.5949426,387_3,387,tpc_commit,10.056212663650513,28795,31,1
1771695164.64233,383_3,383,tpc_commit,10.200714111328123,28795,31,1
1771695166.2699497,385_4,385,das_work,7.723514318466186,48258,31,1
1771695166.3007898,381_4,381,das_work,4.08362603187561,48258,31,1
1771695166.3431015,389_3,389,das_work,6.877278804779053,48258,31,1
1771695166.4589176,383_3,383,tpc_commit,1.8165762424468996,28795,31,1
1771695166.4660723,387_3,387,tpc_commit,1.8711175918579104,28795,31,1
1771695176.5253549,381_4,381,tpc_commit,10.224552154541016,28795,32,1
1771695176.5781217,385_4,385,tpc_commit,10.308160543441772,28783,32,1
1771695176.6167712,389_3,389,tpc_commit,10.27365779876709,28783,32,1
1771695176.620546,383_4,383,tpc_lock,9.248456001281738,46561,32,1
1771695176.6478083,387_4,387,tpc_lock,8.462610006332397,46549,32,1
1771695178.213346,385_4,385,tpc_commit,1.6352133750915527,28783,32,1
1771695178.2271297,381_4,381,tpc_commit,1.7017641067504885,28795,32,1
1771695178.22877,387_4,387,tpc_lock,1.5809359550476074,46549,32,1
1771695178.264155,383_4,383,tpc_lock,1.643594741821289,46561,32,1
1771695178.26962,389_3,389,tpc_commit,1.652838945388794,28783,32,1
1771695188.4905343,389_4,389,tpc_lock,8.261297941207886,46561,33,1
1771695190.2586267,383_4,383,das_work,9.995301961898804,48258,33,1
1771695190.3802445,387_4,387,das_work,10.046224594116213,48258,33,1
1771695190.3870008,389_4,389,tpc_lock,1.896451711654663,46561,33,1
1771695200.4824405,383_4,383,tpc_commit,10.223801612854004,28795,34,1
1771695200.51345,387_4,387,tpc_commit,10.133191585540771,28783,34,1
1771695202.1819787,389_4,389,das_work,5.6912336349487305,48258,34,1
1771695202.197193,387_4,387,tpc_commit,1.683730125427246,28783,34,1
1771695202.2130852,383_4,383,tpc_commit,1.730604887008667,28795,34,1
1771695212.4885468,389_4,389,tpc_commit,10.306557178497314,28795,35,1
1771695214.107571,389_4,389,tpc_commit,1.619011163711548,28795,35,1
1771694958.203642,398_0,398,tpc_lock,6.784966707229614,46561,14,1
1771694958.3461893,392_0,392,tpc_lock,2.655546903610229,46537,14,1
1771694960.4394634,397_0,397,tpc_lock,3.236497163772583,46561,14,1
1771694960.4785075,391_0,391,tpc_lock,0.7329633235931396,46537,14,1
1771694962.2013435,392_0,392,tpc_lock,3.855147838592529,46537,14,1
1771694962.347146,398_0,398,tpc_lock,4.143495798110962,46561,14,1
1771694962.7468,397_0,397,tpc_lock,2.307326316833496,46561,14,1
1771694970.3240614,394_0,394,tpc_lock,11.368967533111572,46561,15,1
1771694970.364019,390_0,390,tpc_lock,7.860734939575195,46549,15,1
1771694970.3877714,396_0,396,tpc_lock,7.066556453704834,46561,15,1
1771694972.624602,399_0,399,tpc_lock,10.760212421417236,46561,15,1
1771694972.6296818,393_0,393,tpc_lock,11.016817331314089,46561,15,1
1771694972.7228444,395_0,395,tpc_lock,11.296449184417725,46561,15,1
1771694974.2541158,394_0,394,tpc_lock,3.930046796798706,46561,15,1
1771694974.4107242,397_0,397,das_work,8.31192660331726,48258,15,1
1771694974.4201117,398_0,398,das_work,4.390167474746704,48258,15,1
1771694974.6191623,396_0,396,tpc_lock,4.231385231018066,46561,15,1
1771694975.0592966,390_0,390,tpc_lock,4.695272207260132,46549,15,1
1771694975.102765,391_0,391,tpc_lock,14.624253511428831,46537,15,1
1771694982.3586462,398_0,398,tpc_commit,7.938522577285767,28795,16,1
1771694984.4201517,397_0,397,tpc_commit,10.00941276550293,28795,16,1
1771694986.244786,395_0,395,tpc_lock,13.52193522453308,46561,16,1
1771694986.277215,396_0,396,das_work,8.049925088882446,48258,16,1
1771694986.335905,393_0,393,tpc_lock,13.706218242645264,46561,16,1
1771694986.55644,391_0,391,das_work,6.224039554595947,48258,16,1
1771694986.623615,392_0,392,das_work,14.795465469360352,48258,16,1
1771694986.7186675,390_0,390,das_work,4.712187767028809,48258,16,1
1771694986.7461004,398_0,398,tpc_commit,4.387442588806152,28795,16,1
1771694986.9226694,394_0,394,das_work,7.565043926239014,48258,16,1
1771694987.1324549,399_0,399,tpc_lock,14.507846593856812,46561,16,1
1771694994.165249,392_0,392,tpc_commit,7.541625022888184,28771,17,1
1771694994.169508,394_0,394,tpc_commit,7.24682879447937,28795,17,1
1771694994.241919,390_0,390,tpc_commit,7.523241281509399,28783,17,1
1771694994.2847593,398_1,398,tpc_lock,5.7948267459869385,46561,17,1
1771694994.2912748,396_0,396,tpc_commit,8.014049530029297,28795,17,1
1771694996.3894064,391_0,391,tpc_commit,9.83295488357544,28771,17,1
1771694998.2538998,395_0,395,das_work,10.019788980484009,48258,17,1
1771694998.3968284,390_0,390,tpc_commit,4.154900074005127,28783,17,1
1771694998.3987832,396_0,396,tpc_commit,4.107500314712524,28795,17,1
1771694998.405496,394_0,394,tpc_commit,4.2359795570373535,28795,17,1
1771694998.4113302,393_0,393,das_work,7.13170599937439,48258,17,1
1771694998.442762,398_1,398,tpc_lock,4.157991409301758,46561,17,1
1771694998.4585602,391_0,391,tpc_commit,2.0691418647766118,28771,17,1
1771694998.4873898,392_0,392,tpc_commit,4.322129249572754,28771,17,1
1771694998.561864,397_0,397,tpc_commit,14.141700267791748,28795,17,1
1771694998.6999905,399_0,399,das_work,1.6126165390014648,48258,17,1
1771695006.6410737,390_1,390,tpc_lock,6.931735038757324,46561,18,1
1771695006.6473398,394_1,394,tpc_lock,6.775952577590942,46561,18,1
1771695006.7723842,392_1,392,tpc_lock,7.054438591003418,46561,18,1
1771695006.9373748,396_1,396,tpc_lock,7.145116329193115,46561,18,1
1771695008.5199883,393_0,393,tpc_commit,10.10864758491516,28795,18,1
1771695008.52835,395_0,395,tpc_commit,10.274439334869385,28795,18,1
1771695008.5368946,397_1,397,tpc_lock,9.141847372055054,46561,18,1
1771695008.6214142,391_1,391,tpc_lock,8.170133590698242,46561,18,1
1771695008.6448596,399_0,399,tpc_commit,9.944857120513916,28795,18,1
1771695010.367584,390_1,390,tpc_lock,3.726497650146485,46561,18,1
1771695010.570382,398_1,398,das_work,9.119718313217165,48258,18,1
1771695010.6507945,392_1,392,tpc_lock,3.878399133682251,46561,18,1
1771695010.6858406,394_1,394,tpc_lock,4.0384910106658936,46561,18,1
1771695018.4663944,398_1,398,tpc_commit,7.896005153656006,28795,19,1
1771695022.356902,390_1,390,das_work,3.91207218170166,48258,19,1
1771695022.4396112,397_1,397,tpc_lock,13.902704238891602,46561,19,1
1771695022.4715767,393_0,393,tpc_commit,13.95157527923584,28795,19,1
1771695022.4941983,396_1,396,tpc_lock,15.556812286376951,46561,19,1
1771695022.6636596,395_0,395,tpc_commit,14.13529658317566,28795,19,1
1771695022.6693077,399_0,399,tpc_commit,14.024439334869385,28795,19,1
1771695022.6834872,391_1,391,tpc_lock,14.062061786651611,46561,19,1
1771695022.784356,392_1,392,das_work,10.507173776626589,48258,19,1
1771695023.077026,394_1,394,das_work,4.9218034744262695,48258,19,1
1771695023.1402922,398_1,398,tpc_commit,4.673886775970459,28795,19,1
1771695030.2026682,390_1,390,tpc_commit,7.845728635787964,28795,20,1
1771695030.2839432,392_1,392,tpc_commit,7.499576091766357,28795,20,1
1771695030.3907151,394_1,394,tpc_commit,7.313676118850708,28795,20,1
1771695030.4166255,398_2,398,tpc_lock,6.152206659317017,46561,20,1
1771695032.7153654,399_1,399,tpc_lock,9.0344660282135,46561,20,1
1771695032.7314243,395_1,395,tpc_lock,8.734067678451538,46561,20,1
1771695032.826006,393_1,393,tpc_lock,8.592753171920776,46561,20,1
1771695034.254642,396_1,396,das_work,10.58359169960022,48258,20,1
1771695035.6290257,397_1,397,das_work,10.156837701797484,48258,20,1
1771695042.201781,396_1,396,tpc_commit,7.947128534317017,28795,21,1
1771695044.6330535,397_1,397,tpc_commit,9.004014730453491,28795,21,1
1771695046.3315158,394_1,394,tpc_commit,15.940765142440796,28795,21,1
1771695046.346538,390_1,390,tpc_commit,16.143861293792725,28795,21,1
1771695046.3539824,399_1,399,tpc_lock,13.638604640960692,46561,21,1
1771695046.6496155,391_1,391,das_work,15.75452184677124,48258,21,1
1771695046.7590706,395_1,395,tpc_lock,14.027633905410768,46561,21,1
1771695046.7895844,398_2,398,tpc_lock,16.372946739196777,46561,21,1
1771695046.8414786,396_1,396,tpc_commit,4.639688014984131,28795,21,1
1771695046.8426845,392_1,392,tpc_commit,16.558727025985718,28795,21,1
1771695047.0221949,393_1,393,tpc_lock,14.19617772102356,46561,21,1
1771695054.3192954,394_2,394,tpc_lock,7.082072019577026,46561,22,1
1771695054.3376637,390_2,390,tpc_lock,7.189560174942017,46561,22,1
1771695054.3611066,392_2,392,tpc_lock,6.864268779754639,46561,22,1
1771695054.6882818,396_2,396,tpc_lock,6.9103522300720215,46561,22,1
1771695056.5543208,391_1,391,tpc_commit,9.9046950340271,28795,22,1
1771695058.2935684,397_1,397,tpc_commit,13.660504579544067,28795,22,1
1771695058.405079,394_2,394,tpc_lock,4.08577299118042,46561,22,1
1771695058.5327053,390_2,390,tpc_lock,4.195031404495239,46561,22,1
1771695058.7363093,395_1,395,das_work,4.241542339324951,48258,22,1
1771695058.7475374,392_2,392,tpc_lock,4.386416435241699,46561,22,1
1771695058.820012,393_1,393,das_work,9.831547737121582,48258,22,1
1771695058.8663352,399_1,399,das_work,7.885928630828857,48258,22,1
1771695058.8943405,396_2,396,tpc_lock,4.206046581268311,46561,22,1
1771695059.0213766,398_2,398,das_work,5.009998321533203,48258,22,1
1771695066.4545956,398_2,398,tpc_commit,7.433147668838501,28795,23,1
1771695068.509662,393_1,393,tpc_commit,9.6896390914917,28795,23,1
1771695068.5511782,397_2,397,tpc_lock,8.459731340408325,46561,23,1
1771695068.5712502,399_1,399,tpc_commit,9.704904794692991,28795,23,1
1771695068.6153922,395_1,395,tpc_commit,9.87907099723816,28795,23,1
1771695070.3612936,392_2,392,das_work,8.42836618423462,48258,23,1
1771695070.7326396,390_2,390,das_work,4.47908616065979,48258,23,1
1771695070.7879012,394_2,394,das_work,10.96062159538269,48258,23,1
1771695070.832777,396_2,396,das_work,7.791432380676269,48258,23,1
1771695070.956731,391_1,391,tpc_commit,14.402368783950806,28795,23,1
1771695071.0292273,398_2,398,tpc_commit,4.574618339538574,28795,23,1
1771695078.131631,394_2,394,tpc_commit,7.343718528747559,28795,24,1
1771695078.263332,398_3,398,tpc_lock,6.006688594818115,46561,24,1
1771695078.2933936,390_2,390,tpc_commit,7.560746192932129,28795,24,1
1771695078.312296,392_2,392,tpc_commit,7.950990915298462,28795,24,1
1771695078.3413105,396_2,396,tpc_commit,7.508521556854248,28795,24,1
1771695080.485283,391_2,391,tpc_lock,7.804985761642456,46561,24,1
1771695082.3205793,398_3,398,tpc_lock,4.057239532470703,46561,24,1
1771695082.3748002,399_1,399,tpc_commit,13.80353832244873,28795,24,1
1771695082.6144695,391_2,391,tpc_lock,2.12917709350586,46561,24,1
1771695082.6345258,394_2,394,tpc_commit,4.5028815269470215,28795,24,1
1771695082.649789,392_2,392,tpc_commit,4.337481737136841,28795,24,1
1771695082.674724,395_1,395,tpc_commit,14.059319257736206,28795,24,1
1771695082.7278116,390_2,390,tpc_commit,4.434406757354736,28795,24,1
1771695082.7514534,396_2,396,tpc_commit,4.410132169723511,28795,24,1
1771695082.8129237,393_1,393,tpc_commit,14.3032488822937,28795,24,1
1771695082.855016,397_2,397,tpc_lock,14.303826332092283,46561,24,1
1771695090.0913105,394_3,394,tpc_lock,5.523026466369629,46561,25,1
1771695090.1136494,396_3,396,tpc_lock,5.405291318893433,46561,25,1
1771695090.12143,392_3,392,tpc_lock,6.0747387409210205,46561,25,1
1771695090.2772906,390_3,390,tpc_lock,5.66004204750061,46561,25,1
1771695092.596167,395_2,395,tpc_lock,8.27759337425232,46561,25,1
1771695092.5989287,399_2,399,tpc_lock,8.934621810913086,46561,25,1
1771695092.6944015,393_2,393,tpc_lock,8.951846599578857,46561,25,1
1771695094.453255,391_2,391,das_work,7.803841114044189,48258,25,1
1771695094.4777162,390_3,390,tpc_lock,4.20041298866272,46561,25,1
1771695094.5138788,396_3,396,tpc_lock,4.400221586227417,46561,25,1
1771695094.5614212,394_3,394,tpc_lock,4.470099449157715,46561,25,1
1771695094.6599486,398_3,398,das_work,3.805521965026856,48258,25,1
1771695094.703117,392_3,392,tpc_lock,4.581673860549927,46561,25,1
1771695094.845641,397_2,397,das_work,9.50811529159546,48258,25,1
1771695102.3058283,398_3,398,tpc_commit,7.645870447158813,28795,26,1
1771695104.7600255,391_2,391,tpc_commit,10.306754112243652,28795,26,1
1771695104.8655794,397_2,397,tpc_commit,10.019906759262083,28795,26,1
1771695106.2870562,399_2,399,tpc_lock,13.688117027282717,46561,26,1
1771695106.43933,393_2,393,tpc_lock,13.744917631149292,46561,26,1
1771695106.5870583,395_2,395,tpc_lock,13.990880250930786,46561,26,1
1771695106.961296,392_3,392,das_work,7.775147914886475,48258,26,1
1771695107.1096537,394_3,394,das_work,10.465683221817017,48258,26,1
1771695114.2156167,394_3,394,tpc_commit,7.105871677398682,28795,27,1
1771695114.2233877,392_3,392,tpc_commit,7.262051582336426,28795,27,1
1771695118.3535182,391_2,391,tpc_commit,13.5934796333313,28795,27,1
1771695118.353726,397_2,397,tpc_commit,13.48813533782959,28795,27,1
1771695118.3630736,395_2,395,das_work,2.5639758110046387,48258,27,1
1771695118.412649,398_3,398,tpc_commit,16.10681128501892,28795,27,1
1771695118.492234,396_3,396,das_work,16.052154064178467,48258,27,1
1771695118.5144658,399_2,399,das_work,8.230652332305908,48258,27,1
1771695118.6167424,393_2,393,das_work,5.796611547470093,48258,27,1
1771695118.6509097,390_3,390,das_work,15.425846576690674,48258,27,1
1771695118.686622,392_3,392,tpc_commit,4.463221788406372,28795,27,1
1771695118.7401586,394_3,394,tpc_commit,4.524525165557861,28795,27,1
1771695126.218408,396_3,396,tpc_commit,7.726162672042847,28795,28,1
1771695126.2211995,398_4,398,tpc_lock,6.7924909591674805,46549,28,1
1771695126.2353616,394_4,394,tpc_lock,6.178850412368774,46561,28,1
1771695126.2729192,390_3,390,tpc_commit,7.621997117996216,28795,28,1
1771695126.3423932,392_4,392,tpc_lock,5.7943034172058105,46561,28,1
1771695128.6388743,391_3,391,tpc_lock,8.723392963409424,46561,28,1
1771695128.6587083,395_2,395,tpc_commit,10.295621395111084,28795,28,1
1771695128.7375636,393_2,393,tpc_commit,10.120809555053713,28795,28,1
1771695128.87937,397_3,397,tpc_lock,9.033392667770386,46561,28,1
1771695128.8832326,399_2,399,tpc_commit,10.368755340576172,28795,28,1
1771695130.2915602,392_4,392,tpc_lock,3.949151515960693,46561,28,1
1771695130.45739,398_4,398,tpc_lock,4.23617696762085,46549,28,1
1771695130.6809754,396_3,396,tpc_commit,4.462554693222046,28795,28,1
1771695130.7388866,394_4,394,tpc_lock,4.503514051437378,46561,28,1
1771695130.7551186,390_3,390,tpc_commit,4.482187271118164,28795,28,1
1771695138.323039,390_4,390,tpc_lock,6.618105411529541,46561,29,1
1771695138.402507,396_4,396,tpc_lock,7.061004638671875,46561,29,1
1771695142.303924,394_4,394,das_work,8.192984819412231,48258,29,1
1771695142.324438,395_2,395,tpc_commit,13.66571569442749,28795,29,1
1771695142.3250823,393_2,393,tpc_commit,13.5875084400177,28795,29,1
1771695142.4187782,391_3,391,tpc_lock,13.779892921447754,46561,29,1
1771695142.4263215,399_2,399,tpc_commit,13.543076038360596,28795,29,1
1771695142.4434235,398_4,398,das_work,5.91050386428833,48258,29,1
1771695142.504212,397_3,397,tpc_lock,13.624831438064575,46561,29,1
1771695142.560967,396_4,396,tpc_lock,4.158448219299316,46561,29,1
1771695142.6064303,392_4,392,das_work,5.062264442443848,48258,29,1
1771695142.643084,390_4,390,tpc_lock,4.320004463195801,46561,29,1
1771695150.083245,398_4,398,tpc_commit,7.639809370040893,28783,30,1
1771695150.0857234,394_4,394,tpc_commit,7.781787633895874,28795,30,1
1771695150.139481,392_4,392,tpc_commit,7.533036470413208,28795,30,1
1771695152.721552,395_3,395,tpc_lock,9.636141538619995,46561,30,1
1771695152.729916,399_3,399,tpc_lock,9.573806047439575,46561,30,1
1771695152.8132317,393_3,393,tpc_lock,9.01579976081848,46561,30,1
1771695154.30343,391_3,391,das_work,8.430299043655396,48258,30,1
1771695154.3058078,398_4,398,tpc_commit,4.222506046295166,28783,30,1
1771695154.307299,397_3,397,das_work,3.96962571144104,48258,30,1
1771695154.3150036,390_4,390,das_work,6.062251567840576,48258,30,1
1771695154.397443,395_3,395,tpc_lock,1.67588210105896,46561,30,1
1771695154.4763618,392_4,392,tpc_commit,4.336869239807129,28795,30,1
1771695154.4897454,399_3,399,tpc_lock,1.759817600250244,46561,30,1
1771695154.5181534,393_3,393,tpc_lock,1.7049095630645752,46561,30,1
1771695154.7135837,396_4,396,das_work,9.794544458389282,48258,30,1
1771695154.8223522,394_4,394,tpc_commit,4.736617088317871,28795,30,1
1771695162.0337005,390_4,390,tpc_commit,7.718686580657959,28795,31,1
1771695162.0375772,396_4,396,tpc_commit,7.323983192443848,28795,31,1
1771695164.5440507,391_3,391,tpc_commit,10.240577936172484,28795,31,1
1771695164.5943425,397_3,397,tpc_commit,10.28702974319458,28795,31,1
1771695166.262666,399_3,399,das_work,9.434631586074827,48258,31,1
1771695166.265664,390_4,390,tpc_commit,4.2319536209106445,28795,31,1
1771695166.266253,395_3,395,das_work,10.38121747970581,48258,31,1
1771695166.2996273,391_3,391,tpc_commit,1.7555365562438965,28795,31,1
1771695166.3059368,393_3,393,das_work,4.848142385482788,48258,31,1
1771695166.3699212,397_3,397,tpc_commit,1.7755274772644043,28795,31,1
1771695166.4827387,396_4,396,tpc_commit,4.445150136947632,28795,31,1
1771695176.5255702,391_4,391,tpc_lock,8.82062029838562,46561,32,1
1771695176.53326,393_3,393,tpc_commit,10.227312088012695,28795,32,1
1771695176.5871356,399_3,399,tpc_commit,10.324458837509155,28795,32,1
1771695176.616351,397_4,397,tpc_lock,8.956787824630737,46561,32,1
1771695176.6364295,395_3,395,tpc_commit,10.370165586471558,28795,32,1
1771695178.2134345,399_3,399,tpc_commit,1.626291036605835,28795,32,1
1771695178.2141328,397_4,397,tpc_lock,1.5977718830108645,46561,32,1
1771695178.2146597,393_3,393,tpc_commit,1.6813876628875732,28795,32,1
1771695178.236941,395_3,395,tpc_commit,1.6004996299743652,28795,32,1
1771695178.2475612,391_4,391,tpc_lock,1.7219796180725098,46561,32,1
1771695188.5183325,399_4,399,tpc_lock,8.919763088226318,46561,33,1
1771695188.5205135,395_4,395,tpc_lock,9.327947854995728,46561,33,1
1771695188.5394847,393_4,393,tpc_lock,9.281909942626951,46561,33,1
1771695190.3062804,391_4,391,das_work,2.9652931690216064,48258,33,1
1771695190.3132234,397_4,397,das_work,10.470927476882936,48258,33,1
1771695190.3655005,395_4,395,tpc_lock,1.844975233078003,46561,33,1
1771695190.3941371,393_4,393,tpc_lock,1.8546411991119385,46561,33,1
1771695190.448843,399_4,399,tpc_lock,1.9304983615875244,46561,33,1
1771695200.509952,397_4,397,tpc_commit,10.196717739105225,28795,34,1
1771695200.5534172,391_4,391,tpc_commit,10.247125148773192,28795,34,1
1771695202.1686175,395_4,395,das_work,6.2568089962005615,48258,34,1
1771695202.1770515,399_4,399,das_work,4.572218894958496,48258,34,1
1771695202.1953444,391_4,391,tpc_commit,1.641915798187256,28795,34,1
1771695202.1957684,393_4,393,das_work,7.118250131607056,48258,34,1
1771695202.278253,397_4,397,tpc_commit,1.7682902812957764,28795,34,1
1771695212.4598672,399_4,399,tpc_commit,10.282803535461426,28795,35,1
1771695212.4613063,393_4,393,tpc_commit,10.265527725219728,28795,35,1
1771695212.560808,395_4,395,tpc_commit,10.39217758178711,28795,35,1
1771695214.1144123,393_4,393,tpc_commit,1.6530942916870115,28795,35,1
1771695214.1374729,399_4,399,tpc_commit,1.6775941848754885,28795,35,1
1771695214.1740935,395_4,395,tpc_commit,1.6132755279541016,28795,35,1
1771694888.2427657,33_0,33,tpc_lock,0.9560644626617432,46561,8,1
1771694888.2666223,37_0,37,tpc_lock,6.817629814147949,46561,8,1
1771694888.270015,31_0,31,tpc_lock,2.8347506523132324,46549,8,1
1771694888.3151624,39_0,39,tpc_lock,2.4177796840667725,46561,8,1
1771694888.3213968,35_0,35,tpc_lock,2.2024805545806885,46561,8,1
1771694889.9377694,33_0,33,tpc_lock,1.6949973106384275,46561,8,1
1771694889.9436426,39_0,39,tpc_lock,1.628469705581665,46561,8,1
1771694889.9790676,35_0,35,tpc_lock,1.6576650142669678,46561,8,1
1771694889.97969,37_0,37,tpc_lock,1.7130625247955322,46561,8,1
1771694889.9848216,31_0,31,tpc_lock,1.7147974967956543,46549,8,1
1771694897.934414,30_0,30,tpc_lock,9.204782724380491,46561,9,1
1771694897.9354956,34_0,34,tpc_lock,6.118756055831909,46561,9,1
1771694897.937703,38_0,38,tpc_lock,6.7431066036224365,46561,9,1
1771694897.960564,32_0,32,tpc_lock,9.647927284240724,46561,9,1
1771694897.962253,36_0,36,tpc_lock,8.372899770736694,46561,9,1
1771694901.9845471,33_0,33,das_work,2.196502923965454,48258,9,1
1771694901.9870582,30_0,30,tpc_lock,4.052638530731201,46561,9,1
1771694902.0261176,37_0,37,das_work,8.304646730422974,48258,9,1
1771694902.0375392,39_0,39,das_work,2.2233922481536865,48258,9,1
1771694902.042359,31_0,31,das_work,9.54067063331604,48258,9,1
1771694902.045851,35_0,35,das_work,8.474127054214478,48258,9,1
1771694902.0520597,34_0,34,tpc_lock,4.116559505462647,46561,9,1
1771694902.0565994,32_0,32,tpc_lock,4.09602952003479,46561,9,1
1771694902.057769,36_0,36,tpc_lock,4.095510244369507,46561,9,1
1771694902.0587862,38_0,38,tpc_lock,4.121077060699463,46561,9,1
1771694912.262691,31_0,31,tpc_commit,10.22031831741333,28783,10,1
1771694912.265269,35_0,35,tpc_commit,10.21940541267395,28795,10,1
1771694912.2736864,39_0,39,tpc_commit,10.23613429069519,28795,10,1
1771694912.2857592,33_0,33,tpc_commit,10.301201343536375,28795,10,1
1771694912.3206625,37_0,37,tpc_commit,10.294533491134644,28795,10,1
1771694914.0264163,38_0,38,das_work,4.959303617477417,48258,10,1
1771694914.034831,36_0,36,das_work,2.2458150386810303,48258,10,1
1771694914.040884,35_0,35,tpc_commit,1.7756025791168213,28795,10,1
1771694914.0488946,37_0,37,tpc_commit,1.728221416473389,28795,10,1
1771694914.075843,33_0,33,tpc_commit,1.7900705337524414,28795,10,1
1771694914.082085,34_0,34,das_work,6.872875690460205,48258,10,1
1771694914.084546,39_0,39,tpc_commit,1.810847520828247,28795,10,1
1771694914.0857234,32_0,32,das_work,3.048732042312622,48258,10,1
1771694914.0883064,30_0,30,das_work,6.61492133140564,48258,10,1
1771694914.0962973,31_0,31,tpc_commit,1.833594560623169,28783,10,1
1771694921.946808,32_0,32,tpc_commit,7.861076593399048,28795,11,1
1771694921.9996102,38_0,38,tpc_commit,7.973186254501343,28795,11,1
1771694922.0041635,34_0,34,tpc_commit,7.92206883430481,28795,11,1
1771694922.0074422,30_0,30,tpc_commit,7.919126033782959,28795,11,1
1771694922.049518,36_0,36,tpc_commit,8.014678955078125,28795,11,1
1771694924.2837105,39_1,39,tpc_lock,8.199870586395264,46561,11,1
1771694924.2899115,35_1,35,tpc_lock,8.573424100875854,46561,11,1
1771694924.311553,37_1,37,tpc_lock,9.000387191772461,46561,11,1
1771694924.355584,31_1,31,tpc_lock,8.43832778930664,46561,11,1
1771694924.3757052,33_1,33,tpc_lock,8.837644815444946,46561,11,1
1771694926.078999,38_0,38,tpc_commit,4.079378604888916,28795,11,1
1771694926.08192,37_1,37,tpc_lock,1.7703571319580078,46561,11,1
1771694926.0867927,32_0,32,tpc_commit,4.139975309371948,28795,11,1
1771694926.105006,30_0,30,tpc_commit,4.0975542068481445,28795,11,1
1771694926.12513,35_1,35,tpc_lock,1.8352069854736328,46561,11,1
1771694926.126346,36_0,36,tpc_commit,4.076817274093628,28795,11,1
1771694926.1519086,39_1,39,tpc_lock,1.8681881427764893,46561,11,1
1771694926.1529207,34_0,34,tpc_commit,4.148746728897095,28795,11,1
1771694926.172426,31_1,31,tpc_lock,1.8168299198150637,46561,11,1
1771694926.2353036,33_1,33,tpc_lock,1.8595895767211916,46561,11,1
1771694933.963931,30_1,30,tpc_lock,6.054746627807617,46561,12,1
1771694933.9658723,32_1,32,tpc_lock,7.19032621383667,46561,12,1
1771694934.0177674,34_1,34,tpc_lock,5.993925094604492,46549,12,1
1771694934.024682,38_1,38,tpc_lock,6.099628925323486,46537,12,1
1771694934.0486054,36_1,36,tpc_lock,6.904633045196533,46549,12,1
1771694938.107926,34_1,34,tpc_lock,4.090149402618408,46549,12,1
1771694938.1091082,35_1,35,das_work,10.82056713104248,48258,12,1
1771694938.1423488,38_1,38,tpc_lock,4.11765718460083,46537,12,1
1771694938.1636791,39_1,39,das_work,5.8702685832977295,48258,12,1
1771694938.1653826,33_1,33,das_work,3.871026277542114,48258,12,1
1771694938.2225246,36_1,36,tpc_lock,4.173908233642578,46549,12,1
1771694938.2250314,32_1,32,tpc_lock,4.259147882461548,46561,12,1
1771694938.2256708,30_1,30,tpc_lock,4.261729717254639,46561,12,1
1771694938.387997,31_1,31,das_work,5.214691877365112,48258,12,1
1771694938.4425347,37_1,37,das_work,7.984878063201904,48258,12,1
1771694948.3921056,37_1,37,tpc_commit,9.9495587348938,28795,13,1
1771694948.4036567,31_1,31,tpc_commit,10.01564645767212,28795,13,1
1771694948.4101913,35_1,35,tpc_commit,10.301072120666504,28795,13,1
1771694948.4333146,39_1,39,tpc_commit,10.269623041152954,28795,13,1
1771694948.45341,33_1,33,tpc_commit,10.28801679611206,28795,13,1
1771694950.3435378,33_1,33,tpc_commit,1.890110969543457,28795,13,1
1771694950.4673152,36_1,36,das_work,9.07020902633667,48258,13,1
1771694950.4718668,34_1,34,das_work,2.881403684616089,48258,13,1
1771694950.4947577,31_1,31,tpc_commit,2.091008186340332,28795,13,1
1771694950.5998883,32_1,32,das_work,6.162612915039063,48258,13,1
1771694950.6069,38_1,38,das_work,6.224548816680908,48258,13,1
1771694950.6548529,35_1,35,tpc_commit,2.244649887084961,28795,13,1
1771694950.667627,39_1,39,tpc_commit,2.2342982292175293,28795,13,1
1771694950.786616,37_1,37,tpc_commit,2.394500255584717,28795,13,1
1771694950.8372226,30_1,30,das_work,4.013326168060303,48258,13,1
1771694958.208634,34_1,34,tpc_commit,7.736755847930908,28783,14,1
1771694958.215044,30_1,30,tpc_commit,7.37773847579956,28795,14,1
1771694958.2234297,38_1,38,tpc_commit,7.616518974304199,28771,14,1
1771694958.2613914,32_1,32,tpc_commit,7.661491870880127,28795,14,1
1771694958.3646898,36_1,36,tpc_commit,7.897364139556885,28783,14,1
1771694960.4129584,33_2,33,tpc_lock,9.022857904434204,46561,14,1
1771694960.4329898,35_2,35,tpc_lock,8.9487943649292,46561,14,1
1771694960.4385574,37_2,37,tpc_lock,8.535484790802002,46561,14,1
1771694960.4796169,31_2,31,tpc_lock,8.79407000541687,46561,14,1
1771694960.5235732,39_2,39,tpc_lock,8.454502820968628,46561,14,1
1771694962.3785582,36_1,36,tpc_commit,4.0138585567474365,28783,14,1
1771694962.4184191,33_2,33,tpc_lock,2.005448818206787,46561,14,1
1771694962.4535894,32_1,32,tpc_commit,4.192188501358032,28795,14,1
1771694962.688127,30_1,30,tpc_commit,4.473071813583374,28795,14,1
1771694962.7873795,31_2,31,tpc_lock,2.307753801345825,46561,14,1
1771694962.8100684,38_1,38,tpc_commit,4.586625814437866,28771,14,1
1771694962.862012,34_1,34,tpc_commit,4.653366565704346,28783,14,1
1771694970.2548506,36_2,36,tpc_lock,6.058075189590454,46561,15,1
1771694970.2625542,30_2,30,tpc_lock,5.7689528465271,46561,15,1
1771694970.370036,34_2,34,tpc_lock,6.407454013824463,46561,15,1
1771694970.4092393,32_2,32,tpc_lock,6.96433687210083,46561,15,1
1771694970.4644413,38_2,38,tpc_lock,6.772515058517456,46561,15,1
1771694974.266411,37_2,37,tpc_lock,13.827844619750977,46561,15,1
1771694974.2817998,38_2,38,tpc_lock,3.817346811294556,46561,15,1
1771694974.313088,35_2,35,tpc_lock,13.880084991455078,46561,15,1
1771694974.330951,34_2,34,tpc_lock,3.960904121398926,46561,15,1
1771694974.4818234,39_2,39,tpc_lock,13.958237886428831,46561,15,1
1771694974.4940138,32_2,32,tpc_lock,4.084763526916504,46561,15,1
1771694974.5562508,31_2,31,das_work,6.447062015533447,48258,15,1
1771694974.5652003,36_2,36,tpc_lock,4.310338497161865,46561,15,1
1771694974.791853,30_2,30,tpc_lock,4.529286861419678,46561,15,1
1771694974.82732,33_2,33,das_work,5.672940254211426,48258,15,1
1771694984.4486475,31_2,31,tpc_commit,9.892386198043823,28795,16,1
1771694984.4902062,33_2,33,tpc_commit,9.662874221801758,28795,16,1
1771694986.247285,38_2,38,das_work,4.298827409744263,48258,16,1
1771694986.2919843,39_2,39,das_work,9.155901193618774,48258,16,1
1771694986.5119903,34_2,34,das_work,7.481919288635254,48258,16,1
1771694986.5913067,30_2,30,das_work,9.640698194503784,48258,16,1
1771694986.728033,37_2,37,das_work,6.165705680847168,48258,16,1
1771694986.8745675,35_2,35,das_work,7.61636757850647,48258,16,1
1771694986.9645452,36_2,36,das_work,10.639586925506592,48258,16,1
1771694994.182895,34_2,34,tpc_commit,7.670889854431152,28795,17,1
1771694994.192921,30_2,30,tpc_commit,7.601604223251343,28795,17,1
1771694994.24597,36_2,36,tpc_commit,7.281410217285156,28795,17,1
1771694994.3058186,38_2,38,tpc_commit,8.058525085449219,28795,17,1
1771694996.3853102,39_2,39,tpc_commit,10.093312501907349,28795,17,1
1771694996.3954778,37_2,37,tpc_commit,9.667433261871338,28795,17,1
1771694996.400825,35_2,35,tpc_commit,9.526246070861816,28795,17,1
1771694998.322966,38_2,38,tpc_commit,4.017136573791504,28795,17,1
1771694998.3352857,37_2,37,tpc_commit,1.9397962093353271,28795,17,1
1771694998.3500266,35_2,35,tpc_commit,1.949190378189087,28795,17,1
1771694998.3864305,33_2,33,tpc_commit,13.89621114730835,28795,17,1
1771694998.4771442,30_2,30,tpc_commit,4.284211874008179,28795,17,1
1771694998.5231223,31_2,31,tpc_commit,14.074463605880736,28795,17,1
1771694998.5891984,32_2,32,das_work,14.494049787521362,48258,17,1
1771694998.6189408,34_2,34,tpc_commit,4.436034202575684,28795,17,1
1771694998.678786,39_2,39,tpc_commit,2.2934646606445312,28795,17,1
1771694998.7310038,36_2,36,tpc_commit,4.485023498535156,28795,17,1
1771695006.623313,38_3,38,tpc_lock,7.368744134902954,46561,18,1
1771695006.68515,32_2,32,tpc_commit,8.095938920974731,28795,18,1
1771695006.8995416,36_3,36,tpc_lock,7.259713411331177,46561,18,1
1771695006.9499686,30_3,30,tpc_lock,7.491212368011475,46561,18,1
1771695006.9693208,34_3,34,tpc_lock,6.685453414916992,46549,18,1
1771695008.569415,37_3,37,tpc_lock,9.490412950515749,46561,18,1
1771695008.5729234,31_3,31,tpc_lock,9.110729932785034,46561,18,1
1771695008.6067832,39_3,39,tpc_lock,8.176608324050903,46561,18,1
1771695008.6108568,35_3,35,tpc_lock,8.906693696975708,46561,18,1
1771695008.6583047,33_3,33,tpc_lock,8.91057276725769,46561,18,1
1771695010.6795278,34_3,34,tpc_lock,3.710195541381836,46549,18,1
1771695010.7213857,38_3,38,tpc_lock,4.0980610847473145,46561,18,1
1771695010.8383815,32_2,32,tpc_commit,4.153218984603882,28795,18,1
1771695018.5068913,32_3,32,tpc_lock,6.572530508041382,46549,19,1
1771695022.3452826,37_3,37,tpc_lock,13.775856256484984,46561,19,1
1771695022.6045356,35_3,35,tpc_lock,13.993665218353271,46561,19,1
1771695022.6327846,33_3,33,tpc_lock,13.97446894645691,46561,19,1
1771695022.6506746,32_3,32,tpc_lock,4.14377236366272,46549,19,1
1771695022.6609547,30_3,30,tpc_lock,15.710975408554075,46561,19,1
1771695022.7972364,34_3,34,das_work,6.387717962265015,48258,19,1
1771695022.9127464,38_3,38,das_work,5.636998891830444,48258,19,1
1771695022.9147837,39_3,39,tpc_lock,14.30798888206482,46561,19,1
1771695023.0600014,36_3,36,tpc_lock,16.16044855117798,46561,19,1
1771695023.1208155,31_3,31,tpc_lock,14.5478515625,46561,19,1
1771695030.350695,34_3,34,tpc_commit,7.553401231765747,28783,20,1
1771695030.420411,38_3,38,tpc_commit,7.507656097412109,28795,20,1
1771695034.2224576,33_3,33,das_work,9.298723220825195,48258,20,1
1771695034.261374,31_3,31,das_work,3.2802445888519287,48258,20,1
1771695034.2689836,37_3,37,das_work,10.782122611999512,48258,20,1
1771695034.2846234,38_3,38,tpc_commit,3.86420202255249,28795,20,1
1771695034.8262105,39_3,39,das_work,9.046427488327026,48258,20,1
1771695035.63062,30_3,30,das_work,9.341458320617676,48258,20,1
1771695035.768631,35_3,35,das_work,6.532901763916016,48258,20,1
1771695035.9189355,34_3,34,tpc_commit,5.56822943687439,28783,20,1
1771695036.0482798,36_3,36,das_work,7.053317070007324,48258,20,1
1771695036.3323376,32_3,32,das_work,7.208759546279907,48258,20,1
1771695042.1662729,34_4,34,tpc_lock,5.666648387908936,46561,21,1
1771695042.170462,38_4,38,tpc_lock,6.810112237930298,46561,21,1
1771695042.199998,30_3,30,tpc_commit,6.569367170333862,28795,21,1
1771695042.2030668,32_3,32,tpc_commit,5.870715856552124,28783,21,1
1771695042.2109952,36_3,36,tpc_commit,6.162703990936279,28795,21,1
1771695044.5916789,37_3,37,tpc_commit,10.32268524169922,28795,21,1
1771695044.6048946,31_3,31,tpc_commit,10.343511581420898,28795,21,1
1771695044.618286,39_3,39,tpc_commit,9.792062044143677,28795,21,1
1771695044.6195886,33_3,33,tpc_commit,10.39712142944336,28795,21,1
1771695044.6297057,35_3,35,tpc_commit,8.861061811447144,28795,21,1
1771695046.4124722,31_3,31,tpc_commit,1.8075640201568604,28795,21,1
1771695046.5554352,34_4,34,tpc_lock,4.389151096343994,46561,21,1
1771695046.7326732,30_3,30,tpc_commit,4.532664299011231,28795,21,1
1771695046.7436538,32_3,32,tpc_commit,4.540576696395874,28783,21,1
1771695046.9323924,37_3,37,tpc_commit,2.3407013416290283,28795,21,1
1771695046.9350066,38_4,38,tpc_lock,4.764535903930664,46561,21,1
1771695047.0208232,36_3,36,tpc_commit,4.809817314147949,28795,21,1
1771695054.32633,30_4,30,tpc_lock,6.514885902404785,46561,22,1
1771695054.5719428,36_4,36,tpc_lock,6.341698884963989,46561,22,1
1771695054.6338823,32_4,32,tpc_lock,6.252782344818115,46561,22,1
1771695056.545148,37_4,37,tpc_lock,7.645667314529419,46561,22,1
1771695056.6011865,31_4,31,tpc_lock,9.042263746261597,46561,22,1
1771695058.430763,34_4,34,das_work,3.087428569793701,48258,22,1
1771695058.4370992,38_4,38,das_work,9.379250526428224,48258,22,1
1771695058.496017,33_3,33,tpc_commit,13.876418828964232,28795,22,1
1771695058.5493608,32_4,32,tpc_lock,3.9154651165008554,46561,22,1
1771695058.581717,36_4,36,tpc_lock,4.009761571884155,46561,22,1
1771695058.7370317,39_3,39,tpc_commit,14.118732452392578,28795,22,1
1771695058.742113,30_4,30,tpc_lock,4.415770769119263,46561,22,1
1771695059.0598812,35_3,35,tpc_commit,14.430159330368042,28795,22,1
1771695066.5595994,34_4,34,tpc_commit,8.128826141357422,28795,23,1
1771695066.5844898,38_4,38,tpc_commit,8.14738130569458,28795,23,1
1771695068.6230822,35_4,35,tpc_lock,9.02439546585083,46561,23,1
1771695068.6291482,39_4,39,tpc_lock,8.732777118682861,46561,23,1
1771695068.6422036,33_4,33,tpc_lock,8.850221633911133,46561,23,1
1771695070.3166568,36_4,36,das_work,6.792479515075684,48258,23,1
1771695070.4096138,38_4,38,tpc_commit,3.825111389160156,28795,23,1
1771695070.4361217,31_4,31,tpc_lock,13.834921836853027,46561,23,1
1771695070.4965167,37_4,37,tpc_lock,13.951300382614136,46561,23,1
1771695070.5195928,30_4,30,das_work,9.415059328079224,48258,23,1
1771695070.9207466,32_4,32,das_work,6.484338760375977,48258,23,1
1771695070.9281497,34_4,34,tpc_commit,4.368537664413452,28795,23,1
1771695078.206009,30_4,30,tpc_commit,7.686404228210449,28795,24,1
1771695078.2485368,32_4,32,tpc_commit,7.327779293060303,28795,24,1
1771695078.2815263,36_4,36,tpc_commit,7.964856386184692,28795,24,1
1771695082.3489747,30_4,30,tpc_commit,4.142954111099243,28795,24,1
1771695082.3504636,33_4,33,tpc_lock,13.70825219154358,46561,24,1
1771695082.5647063,31_4,31,das_work,5.1110594272613525,48258,24,1
1771695082.573233,36_4,36,tpc_commit,4.291697025299072,28795,24,1
1771695082.589159,32_4,32,tpc_commit,4.340611696243286,28795,24,1
1771695082.6181262,39_4,39,tpc_lock,13.988966703414915,46561,24,1
1771695082.7251923,37_4,37,das_work,10.518183708190918,48258,24,1
1771695082.8316538,35_4,35,tpc_lock,14.208560466766356,46561,24,1
1771695092.5644672,31_4,31,tpc_commit,9.999748229980469,28795,25,1
1771695092.6890998,37_4,37,tpc_commit,9.96389627456665,28795,25,1
1771695094.3187988,33_4,33,das_work,4.0896172523498535,48258,25,1
1771695094.731973,35_4,35,das_work,5.358447551727295,48258,25,1
1771695094.773352,39_4,39,das_work,4.426795244216919,48258,25,1
1771695094.877404,37_4,37,tpc_commit,2.1882927417755127,28795,25,1
1771695104.7074592,35_4,35,tpc_commit,9.975473403930664,28795,26,1
1771695104.7460065,33_4,33,tpc_commit,10.427196025848389,28795,26,1
1771695104.7724843,39_4,39,tpc_commit,9.99912142753601,28795,26,1
1771695106.487114,31_4,31,tpc_commit,13.92263388633728,28795,26,1
1771695118.4210248,35_4,35,tpc_commit,13.713552951812744,28795,27,1
1771695118.4575338,39_4,39,tpc_commit,13.68503761291504,28795,27,1
1771695118.6124852,33_4,33,tpc_commit,13.866464853286743,28795,27,1
1771694958.1936862,408_0,408,tpc_lock,3.5554370880126958,46549,14,1
1771694958.3881972,406_0,406,tpc_lock,3.943992853164673,46549,14,1
1771694960.4958591,409_0,409,tpc_lock,5.955885410308838,46561,14,1
1771694960.5068874,403_0,403,tpc_lock,7.985701084136963,46549,14,1
1771694962.2879777,406_0,406,tpc_lock,3.899772882461548,46549,14,1
1771694962.290712,403_0,403,tpc_lock,1.7838127613067627,46549,14,1
1771694962.334208,408_0,408,tpc_lock,4.140515089035034,46549,14,1
1771694970.259832,402_0,402,tpc_lock,8.103232145309448,46561,15,1
1771694970.2654238,404_0,404,tpc_lock,4.993033409118652,46561,15,1
1771694970.320428,400_0,400,tpc_lock,9.571521043777466,46561,15,1
1771694972.5977829,407_0,407,tpc_lock,11.258906602859495,46561,15,1
1771694972.6432538,401_0,401,tpc_lock,6.889048099517822,46561,15,1
1771694972.6847851,405_0,405,tpc_lock,7.813154220581055,46561,15,1
1771694974.2401536,407_0,407,tpc_lock,1.6423649787902832,46561,15,1
1771694974.2983391,409_0,409,tpc_lock,13.802473068237305,46561,15,1
1771694974.3214324,406_0,406,das_work,4.424101114273071,48258,15,1
1771694974.4072464,404_0,404,tpc_lock,4.141817092895508,46561,15,1
1771694974.5099678,401_0,401,tpc_lock,1.8667068481445312,46561,15,1
1771694974.6337094,402_0,402,tpc_lock,4.373872041702271,46561,15,1
1771694974.794024,400_0,400,tpc_lock,4.473588943481445,46561,15,1
1771694974.8368647,408_0,408,das_work,7.786182165145874,48258,15,1
1771694974.9313917,403_0,403,das_work,8.376208305358887,48258,15,1
1771694982.5514565,408_0,408,tpc_commit,7.714580297470093,28783,16,1
1771694982.6279235,406_0,406,tpc_commit,8.306480646133423,28783,16,1
1771694984.4952047,403_0,403,tpc_commit,9.563802242279053,28783,16,1
1771694986.2444086,408_0,408,tpc_commit,3.69294023513794,28783,16,1
1771694986.2996857,401_0,401,das_work,8.492149353027344,48258,16,1
1771694986.318207,402_0,402,das_work,2.8890814781188965,48258,16,1
1771694986.341357,409_0,409,das_work,6.91768217086792,48258,16,1
1771694986.447982,404_0,404,das_work,5.780810117721558,48258,16,1
1771694986.7016652,406_0,406,tpc_commit,4.073730945587158,28783,16,1
1771694986.7680428,405_0,405,tpc_lock,14.08325219154358,46561,16,1
1771694987.1975057,407_0,407,das_work,6.647344589233398,48258,16,1
1771694987.225852,400_0,400,das_work,11.02851152420044,48258,16,1
1771694994.154882,408_1,408,tpc_lock,6.281064987182617,46561,17,1
1771694994.1708934,406_1,406,tpc_lock,5.519657135009766,46561,17,1
1771694994.2319176,400_0,400,tpc_commit,7.006054639816284,28795,17,1
1771694994.259751,404_0,404,tpc_commit,7.811757326126099,28795,17,1
1771694994.2913718,402_0,402,tpc_commit,7.973155736923218,28795,17,1
1771694996.3773053,401_0,401,tpc_commit,10.077579259872437,28795,17,1
1771694996.3941095,407_0,407,tpc_commit,9.196592092514038,28795,17,1
1771694996.412452,409_0,409,tpc_commit,10.071082592010498,28795,17,1
1771694998.2539568,407_0,407,tpc_commit,1.85983681678772,28795,17,1
1771694998.2628098,405_0,405,das_work,6.003639221191406,48258,17,1
1771694998.312201,400_0,400,tpc_commit,4.080274343490601,28795,17,1
1771694998.4863622,403_0,403,tpc_commit,13.9911470413208,28783,17,1
1771694998.541108,408_1,408,tpc_lock,4.386214971542358,46561,17,1
1771694998.5754514,402_0,402,tpc_commit,4.284072160720825,28795,17,1
1771694998.5918076,404_0,404,tpc_commit,4.332044363021851,28795,17,1
1771694998.73324,409_0,409,tpc_commit,2.320773839950561,28795,17,1
1771694998.739063,401_0,401,tpc_commit,2.361750841140747,28795,17,1
1771694998.7586398,406_1,406,tpc_lock,4.587735891342163,46561,17,1
1771695006.6175826,402_1,402,tpc_lock,7.251826286315918,46561,18,1
1771695006.6360798,400_1,400,tpc_lock,6.685436964035034,46561,18,1
1771695006.734036,404_1,404,tpc_lock,6.334588050842285,46549,18,1
1771695008.5281465,409_1,409,tpc_lock,8.439191579818726,46561,18,1
1771695008.5441804,407_1,407,tpc_lock,9.76231813430786,46561,18,1
1771695008.5775294,403_1,403,tpc_lock,9.146644830703735,46561,18,1
1771695008.6440463,405_0,405,tpc_commit,10.381227731704712,28795,18,1
1771695008.654479,401_1,401,tpc_lock,7.991169929504394,46561,18,1
1771695010.2365067,402_1,402,tpc_lock,3.6189117431640634,46561,18,1
1771695010.346272,406_1,406,das_work,8.131836891174316,48258,18,1
1771695010.6100197,404_1,404,tpc_lock,3.875969886779785,46549,18,1
1771695010.8103523,400_1,400,tpc_lock,4.174262285232544,46561,18,1
1771695010.945154,408_1,408,das_work,10.521289587020874,48258,18,1
1771695018.2968774,406_1,406,tpc_commit,7.950593709945679,28795,19,1
1771695018.5181155,408_1,408,tpc_commit,7.572951316833496,28795,19,1
1771695022.2835376,408_1,408,tpc_commit,3.7654101848602295,28795,19,1
1771695022.3296723,401_1,401,tpc_lock,13.675182104110718,46561,19,1
1771695022.4685848,403_1,403,tpc_lock,13.89104413986206,46561,19,1
1771695022.5985267,407_1,407,tpc_lock,14.054336786270142,46561,19,1
1771695022.6736588,405_0,405,tpc_commit,14.029599905014038,28795,19,1
1771695022.8084447,400_1,400,das_work,9.314843654632568,48258,19,1
1771695022.9059925,402_1,402,das_work,4.771762132644653,48258,19,1
1771695023.0750742,404_1,404,das_work,8.173722267150879,48258,19,1
1771695023.1178467,409_1,409,tpc_lock,14.58968949317932,46561,19,1
1771695023.223426,406_1,406,tpc_commit,4.926536321640015,28795,19,1
1771695030.19721,404_1,404,tpc_commit,7.122124910354614,28783,20,1
1771695030.2184105,408_2,408,tpc_lock,6.1988725662231445,46561,20,1
1771695030.222595,406_2,406,tpc_lock,5.4922168254852295,46561,20,1
1771695030.285724,402_1,402,tpc_commit,7.379721403121948,28795,20,1
1771695030.491047,400_1,400,tpc_commit,7.68259072303772,28795,20,1
1771695032.778746,405_1,405,tpc_lock,8.632474660873413,46561,20,1
1771695034.4538212,406_2,406,tpc_lock,4.231131076812744,46561,20,1
1771695034.6321447,403_1,403,das_work,8.387849569320679,48258,20,1
1771695034.8151605,408_2,408,tpc_lock,4.59673810005188,46561,20,1
1771695035.013933,404_1,404,tpc_commit,4.816712379455566,28783,20,1
1771695035.2452466,409_1,409,das_work,6.212869644165039,48258,20,1
1771695035.5930693,402_1,402,tpc_commit,5.3073344230651855,28795,20,1
1771695035.751737,401_1,401,das_work,7.842379093170166,48258,20,1
1771695035.9601336,407_1,407,das_work,5.109521865844727,48258,20,1
1771695042.1710413,404_2,404,tpc_lock,5.915472030639648,46561,21,1
1771695042.215075,402_2,402,tpc_lock,4.90189003944397,46561,21,1
1771695044.5346437,409_1,409,tpc_commit,9.289385080337524,28795,21,1
1771695044.567622,401_1,401,tpc_commit,8.815874099731445,28795,21,1
1771695044.574082,403_1,403,tpc_commit,9.941925287246704,28795,21,1
1771695044.6359956,407_1,407,tpc_commit,8.675849676132202,28795,21,1
1771695046.3279655,408_2,408,das_work,9.221290826797484,48258,21,1
1771695046.329961,401_1,401,tpc_commit,1.7623271942138672,28795,21,1
1771695046.3440874,402_2,402,tpc_lock,4.129000902175903,46561,21,1
1771695046.3615136,406_2,406,das_work,6.6644675731658936,48258,21,1
1771695046.6941428,403_1,403,tpc_commit,2.1200497150421143,28795,21,1
1771695046.755543,404_2,404,tpc_lock,4.584490776062012,46561,21,1
1771695046.9394882,400_1,400,tpc_commit,16.448429822921753,28795,21,1
1771695046.972355,409_1,409,tpc_commit,2.437700033187866,28795,21,1
1771695047.023961,405_1,405,tpc_lock,14.24520206451416,46561,21,1
1771695054.3764756,400_2,400,tpc_lock,5.578300714492798,46561,22,1
1771695054.5774891,408_2,408,tpc_commit,8.249510049819946,28795,22,1
1771695054.6837,406_2,406,tpc_commit,8.322173833847046,28795,22,1
1771695056.5288155,409_2,409,tpc_lock,8.16586422920227,46537,22,1
1771695056.5954435,401_2,401,tpc_lock,8.987669944763184,46561,22,1
1771695056.599807,403_2,403,tpc_lock,8.203706502914429,46549,22,1
1771695058.315951,405_1,405,das_work,9.565290212631226,48258,22,1
1771695058.413592,407_1,407,tpc_commit,13.777562379837036,28795,22,1
1771695058.4511058,406_2,406,tpc_commit,3.7673940658569336,28795,22,1
1771695058.4725854,404_2,404,das_work,8.314338684082031,48258,22,1
1771695058.5044518,408_2,408,tpc_commit,3.926950693130493,28795,22,1
1771695058.5910857,402_2,402,das_work,11.010250091552734,48258,22,1
1771695058.6784043,400_2,400,tpc_lock,4.30191707611084,46561,22,1
1771695066.4150434,402_2,402,tpc_commit,7.823944807052612,28795,23,1
1771695066.55292,406_3,406,tpc_lock,6.928341865539551,46561,23,1
1771695066.5573285,404_2,404,tpc_commit,8.084732055664062,28795,23,1
1771695066.6220238,408_3,408,tpc_lock,7.534716129302978,46561,23,1
1771695068.6045172,405_1,405,tpc_commit,10.28855562210083,28795,23,1
1771695068.6144657,407_2,407,tpc_lock,8.572969913482666,46561,23,1
1771695070.533245,403_2,403,tpc_lock,13.93342351913452,46549,23,1
1771695070.6046195,401_2,401,tpc_lock,14.009164571762083,46561,23,1
1771695070.6997862,404_2,404,tpc_commit,4.142446279525757,28795,23,1
1771695070.73268,408_3,408,tpc_lock,4.11064338684082,46561,23,1
1771695070.7846618,402_2,402,tpc_commit,4.369607210159302,28795,23,1
1771695070.8212793,407_2,407,tpc_lock,2.206800699234009,46561,23,1
1771695070.8395257,409_2,409,tpc_lock,14.310698509216309,46537,23,1
1771695070.8751664,406_3,406,tpc_lock,4.322235345840454,46561,23,1
1771695070.9300537,400_2,400,das_work,5.086521863937378,48258,23,1
1771695078.1315398,402_3,402,tpc_lock,6.192854881286621,46561,24,1
1771695078.139567,400_2,400,tpc_commit,7.209502458572388,28795,24,1
1771695078.2161942,404_3,404,tpc_lock,5.882932424545288,46561,24,1
1771695082.3336408,400_2,400,tpc_commit,4.194061040878296,28795,24,1
1771695082.5493698,406_3,406,das_work,10.220309734344482,48258,24,1
1771695082.5577843,408_3,408,das_work,3.655885934829712,48258,24,1
1771695082.5829103,401_2,401,das_work,5.139413356781006,48258,24,1
1771695082.6602533,403_2,403,das_work,9.65829086303711,48258,24,1
1771695082.663435,405_1,405,tpc_commit,14.05890727043152,28795,24,1
1771695082.7138598,409_2,409,das_work,10.09405755996704,48258,24,1
1771695082.737471,404_3,404,tpc_lock,4.52126669883728,46561,24,1
1771695082.7896657,402_3,402,tpc_lock,4.658113479614258,46561,24,1
1771695082.8407006,407_2,407,das_work,3.516174077987671,48258,24,1
1771695090.151888,400_3,400,tpc_lock,6.905033826828003,46561,25,1
1771695090.28241,408_3,408,tpc_commit,7.724612712860107,28795,25,1
1771695090.289534,406_3,406,tpc_commit,7.740153551101685,28795,25,1
1771695092.5826046,405_2,405,tpc_lock,8.295321226119995,46561,25,1
1771695092.6158917,403_2,403,tpc_commit,9.955626249313354,28783,25,1
1771695092.6193416,409_2,409,tpc_commit,9.905468702316284,28771,25,1
1771695092.6665392,401_2,401,tpc_commit,10.083616971969604,28795,25,1
1771695092.696696,407_2,407,tpc_commit,9.85598373413086,28795,25,1
1771695094.253134,402_3,402,das_work,4.207967519760132,48258,25,1
1771695094.347364,404_3,404,das_work,9.0981183052063,48258,25,1
1771695094.6471014,400_3,400,tpc_lock,4.4952027797698975,46561,25,1
1771695094.6494756,406_3,406,tpc_commit,4.359928369522095,28795,25,1
1771695094.8783052,409_2,409,tpc_commit,2.258953809738159,28771,25,1
1771695095.029291,408_3,408,tpc_commit,4.746870279312134,28795,25,1
1771695102.20766,402_3,402,tpc_commit,7.954513311386108,28795,26,1
1771695102.248629,404_3,404,tpc_commit,7.901254892349243,28795,26,1
1771695102.2558067,406_4,406,tpc_lock,5.888163089752197,46561,26,1
1771695102.2983272,408_4,408,tpc_lock,6.222025156021118,46561,26,1
1771695104.6982305,409_3,409,tpc_lock,8.744020462036133,46561,26,1
1771695106.721476,401_2,401,tpc_commit,14.054925680160522,28795,26,1
1771695106.7534134,400_3,400,das_work,11.070592880249023,48258,26,1
1771695106.968504,407_2,407,tpc_commit,14.271795988082886,28795,26,1
1771695107.054338,404_3,404,tpc_commit,4.805698156356812,28795,26,1
1771695107.1245427,403_2,403,tpc_commit,14.508638620376589,28783,26,1
1771695107.6042907,405_2,405,tpc_lock,15.021673440933228,46561,26,1
1771695114.198138,404_4,404,tpc_lock,5.203887224197388,46549,27,1
1771695114.2188702,400_3,400,tpc_commit,7.465446949005127,28795,27,1
1771695116.520434,401_3,401,tpc_lock,8.325940608978271,46561,27,1
1771695116.52355,403_3,403,tpc_lock,8.159707307815552,46561,27,1
1771695116.546256,407_3,407,tpc_lock,8.894168615341187,46561,27,1
1771695118.3675814,409_3,409,tpc_lock,13.669337272644045,46561,27,1
1771695118.378172,404_4,404,tpc_lock,4.180020570755005,46549,27,1
1771695118.408213,400_3,400,tpc_commit,4.189313888549805,28795,27,1
1771695118.5817862,402_3,402,tpc_commit,16.37411403656006,28795,27,1
1771695118.5890725,407_3,407,tpc_lock,2.042804956436157,46561,27,1
1771695119.03632,406_4,406,tpc_lock,16.78049921989441,46561,27,1
1771695119.0599444,408_4,408,tpc_lock,16.76160502433777,46561,27,1
1771695119.156542,405_2,405,das_work,9.009974718093872,48258,27,1
1771695126.2143948,400_4,400,tpc_lock,6.044328689575195,46561,28,1
1771695126.223573,402_4,402,tpc_lock,6.803754806518555,46561,28,1
1771695128.7680216,405_2,405,tpc_commit,9.611466884613035,28795,28,1
1771695130.2916827,402_4,402,tpc_lock,4.0680992603302,46561,28,1
1771695130.2959807,407_3,407,das_work,4.589195251464844,48258,28,1
1771695130.2976055,400_4,400,tpc_lock,4.083200931549072,46561,28,1
1771695130.332302,409_3,409,das_work,2.367186546325684,48258,28,1
1771695130.5769498,406_4,406,das_work,4.186166763305664,48258,28,1
1771695130.5807014,401_3,401,tpc_lock,14.060255527496338,46561,28,1
1771695130.586891,408_4,408,das_work,3.2622551918029785,48258,28,1
1771695130.7442052,404_4,404,das_work,5.450179100036621,48258,28,1
1771695130.8906147,403_3,403,tpc_lock,14.36705446243286,46561,28,1
1771695138.328857,408_4,408,tpc_commit,7.741954326629639,28795,29,1
1771695138.330723,406_4,406,tpc_commit,7.75376296043396,28795,29,1
1771695138.3871455,404_4,404,tpc_commit,7.642850637435913,28783,29,1
1771695140.5193474,409_3,409,tpc_commit,10.187033653259276,28795,29,1
1771695140.5444956,407_3,407,tpc_commit,10.248506546020508,28795,29,1
1771695142.3057942,400_4,400,das_work,3.0962343215942383,48258,29,1
1771695142.3527267,405_2,405,tpc_commit,13.584693431854248,28795,29,1
1771695142.369589,406_4,406,tpc_commit,4.038852691650391,28795,29,1
1771695142.425409,403_3,403,das_work,10.197098970413208,48258,29,1
1771695142.4944808,407_3,407,tpc_commit,1.9499764442443848,28795,29,1
1771695142.5339732,409_3,409,tpc_commit,2.014611005783081,28795,29,1
1771695142.539363,408_4,408,tpc_commit,4.2104926109313965,28795,29,1
1771695142.70859,401_3,401,das_work,10.864518642425535,48258,29,1
1771695142.721702,404_4,404,tpc_commit,4.334543704986572,28783,29,1
1771695142.7568264,402_4,402,das_work,11.188511371612549,48258,29,1
1771695150.0810463,402_4,402,tpc_commit,7.324206113815308,28795,30,1
1771695150.0915906,400_4,400,tpc_commit,7.785784006118774,28795,30,1
1771695152.727618,403_3,403,tpc_commit,10.302197456359863,28795,30,1
1771695152.729817,401_3,401,tpc_commit,10.021216869354248,28795,30,1
1771695152.7372327,405_3,405,tpc_lock,9.430835247039797,46561,30,1
1771695152.7468395,407_4,407,tpc_lock,9.33740496635437,46561,30,1
1771695152.8162582,409_4,409,tpc_lock,8.895940780639648,46561,30,1
1771695154.303189,401_3,401,tpc_commit,1.5733604431152344,28795,30,1
1771695154.3045423,405_3,405,tpc_lock,1.5672979354858398,46561,30,1
1771695154.4311483,407_4,407,tpc_lock,1.684293270111084,46561,30,1
1771695154.4598477,402_4,402,tpc_commit,4.378787994384766,28795,30,1
1771695154.7919765,403_3,403,tpc_commit,2.064345121383667,28795,30,1
1771695154.8102496,400_4,400,tpc_commit,4.718556642532349,28795,30,1
1771695154.8265,409_4,409,tpc_lock,2.0102293491363525,46561,30,1
1771695164.5793612,403_4,403,tpc_lock,8.78359341621399,46561,31,1
1771695164.643766,401_4,401,tpc_lock,8.634896278381348,46561,31,1
1771695166.2609637,407_4,407,das_work,4.037539720535278,48258,31,1
1771695166.290649,405_3,405,das_work,3.7938058376312256,48258,31,1
1771695166.407505,409_4,409,das_work,2.323768138885498,48258,31,1
1771695166.42227,401_4,401,tpc_lock,1.778491735458374,46561,31,1
1771695166.4846137,403_4,403,tpc_lock,1.9052386283874512,46561,31,1
1771695176.5119622,405_3,405,tpc_commit,10.221300601959229,28795,32,1
1771695176.5182302,407_4,407,tpc_commit,10.25725483894348,28795,32,1
1771695176.5429194,409_4,409,tpc_commit,10.1354022026062,28795,32,1
1771695178.2233918,405_3,405,tpc_commit,1.711416244506836,28795,32,1
1771695178.242604,401_4,401,das_work,1.9883525371551516,48258,32,1
1771695178.260902,407_4,407,tpc_commit,1.7426643371582031,28795,32,1
1771695178.263409,409_4,409,tpc_commit,1.7204794883728027,28795,32,1
1771695178.2687483,403_4,403,das_work,10.19793462753296,48258,32,1
1771695188.4951491,401_4,401,tpc_commit,10.252536058425903,28795,33,1
1771695188.5034008,403_4,403,tpc_commit,10.234638690948486,28795,33,1
1771695188.6292255,405_4,405,tpc_lock,8.420908689498901,46549,33,1
1771695190.3026128,405_4,405,tpc_lock,1.6733767986297607,46549,33,1
1771695190.3382108,403_4,403,tpc_commit,1.8347976207733157,28795,33,1
1771695190.491727,401_4,401,tpc_commit,1.9965665340423584,28795,33,1
1771695202.1974945,405_4,405,das_work,10.579113960266112,48258,34,1
1771695212.511727,405_4,405,tpc_commit,10.314223051071169,28783,35,1
1771695214.126103,405_4,405,tpc_commit,1.614366054534912,28783,35,1
1771694958.1936452,416_0,416,tpc_lock,3.5334973335266118,46561,14,1
1771694958.2663617,414_0,414,tpc_lock,3.6097917556762695,46561,14,1
1771694958.333693,412_0,412,tpc_lock,4.341713905334473,46561,14,1
1771694960.4157994,419_0,419,tpc_lock,0.9506306648254396,46561,14,1
1771694960.419104,415_0,415,tpc_lock,5.90176248550415,46561,14,1
1771694960.426496,417_0,417,tpc_lock,6.129875898361206,46561,14,1
1771694960.4514189,413_0,413,tpc_lock,3.006382465362549,46561,14,1
1771694962.2293673,413_0,413,tpc_lock,1.777942180633545,46561,14,1
1771694962.3168824,414_0,414,tpc_lock,4.050508260726929,46561,14,1
1771694962.4698222,417_0,417,tpc_lock,2.043320417404175,46561,14,1
1771694962.676319,419_0,419,tpc_lock,2.2605137825012207,46561,14,1
1771694962.7166655,415_0,415,tpc_lock,2.297555685043335,46561,14,1
1771694962.746752,416_0,416,tpc_lock,4.553101539611816,46561,14,1
1771694962.8838985,412_0,412,tpc_lock,4.550199508666992,46561,14,1
1771694970.2717545,418_0,418,tpc_lock,5.685502767562866,46549,15,1
1771694970.4077995,410_0,410,tpc_lock,6.134740352630615,46549,15,1
1771694972.626284,411_0,411,tpc_lock,9.481646060943604,46561,15,1
1771694974.2632096,418_0,418,tpc_lock,3.991448640823364,46549,15,1
1771694974.3691957,417_0,417,das_work,8.628786563873291,48258,15,1
1771694974.3952537,415_0,415,das_work,7.467106342315674,48258,15,1
1771694974.534122,419_0,419,das_work,10.381306648254396,48258,15,1
1771694974.5466397,410_0,410,tpc_lock,4.138833999633789,46549,15,1
1771694974.8660526,413_0,413,das_work,9.70033597946167,48258,15,1
1771694974.9558291,414_0,414,das_work,4.722683668136597,48258,15,1
1771694975.027224,416_0,416,das_work,7.030271291732788,48258,15,1
1771694975.1059358,412_0,412,das_work,3.4953954219818115,48258,15,1
1771694982.3388934,412_0,412,tpc_commit,7.232947826385498,28795,16,1
1771694982.602589,416_0,416,tpc_commit,7.57535457611084,28795,16,1
1771694982.648447,414_0,414,tpc_commit,7.692607164382935,28795,16,1
1771694984.4230292,413_0,413,tpc_commit,9.556967496871948,28795,16,1
1771694984.4956813,419_0,419,tpc_commit,9.961549282073976,28795,16,1
1771694984.4978995,417_0,417,tpc_commit,10.128692388534546,28795,16,1
1771694984.5215344,415_0,415,tpc_commit,10.126270532608032,28795,16,1
1771694986.244336,418_0,418,das_work,3.099349021911621,48258,16,1
1771694986.2984686,414_0,414,tpc_commit,3.6500089168548575,28795,16,1
1771694986.6098807,416_0,416,tpc_commit,4.00728178024292,28795,16,1
1771694986.8708332,410_0,410,das_work,8.667515993118286,48258,16,1
1771694986.9037428,411_0,411,tpc_lock,14.27745270729065,46561,16,1
1771694986.952659,412_0,412,tpc_commit,4.613752841949463,28795,16,1
1771694994.1885264,416_1,416,tpc_lock,5.679392576217651,46561,17,1
1771694994.1989222,414_1,414,tpc_lock,7.262964010238647,46561,17,1
1771694994.2760477,410_0,410,tpc_commit,7.405202627182007,28783,17,1
1771694994.283328,418_0,418,tpc_commit,8.038979768753052,28783,17,1
1771694994.2851884,412_1,412,tpc_lock,5.956283330917358,46561,17,1
1771694998.255865,414_1,414,tpc_lock,4.056931495666504,46561,17,1
1771694998.2976935,418_0,418,tpc_commit,4.014353275299072,28783,17,1
1771694998.3107674,411_0,411,das_work,3.117380380630493,48258,17,1
1771694998.3263035,419_0,419,tpc_commit,13.830579996109009,28795,17,1
1771694998.4589553,410_0,410,tpc_commit,4.182895183563232,28783,17,1
1771694998.4728446,416_1,416,tpc_lock,4.28430700302124,46561,17,1
1771694998.5177472,413_0,413,tpc_commit,14.094704627990724,28795,17,1
1771694998.5260408,415_0,415,tpc_commit,14.004497528076172,28795,17,1
1771694998.5585887,417_0,417,tpc_commit,14.06067681312561,28795,17,1
1771694998.7522695,412_1,412,tpc_lock,4.46707010269165,46561,17,1
1771695006.7241209,410_1,410,tpc_lock,6.418039560317993,46561,18,1
1771695006.732321,418_1,418,tpc_lock,7.662788867950439,46561,18,1
1771695008.5176904,413_1,413,tpc_lock,8.060642004013062,46561,18,1
1771695008.5614457,411_0,411,tpc_commit,10.250667095184326,28795,18,1
1771695008.6204047,419_1,419,tpc_lock,8.785049676895142,46561,18,1
1771695008.6243205,417_1,417,tpc_lock,8.736661672592163,46549,18,1
1771695008.6557393,415_1,415,tpc_lock,9.389704942703249,46561,18,1
1771695010.3544528,414_1,414,das_work,10.71041703224182,48258,18,1
1771695010.4072213,418_1,418,tpc_lock,3.6748883724212646,46561,18,1
1771695010.566023,413_1,413,tpc_lock,2.048321485519409,46561,18,1
1771695010.969362,416_1,416,das_work,11.052282333374023,48258,18,1
1771695018.4036644,416_1,416,tpc_commit,7.434291124343872,28795,19,1
1771695018.5111992,414_1,414,tpc_commit,8.156734943389893,28795,19,1
1771695022.3337302,416_1,416,tpc_commit,3.930054903030396,28795,19,1
1771695022.4322824,415_1,415,tpc_lock,13.776530981063845,46561,19,1
1771695022.460068,418_1,418,das_work,7.456665992736816,48258,19,1
1771695022.462227,412_1,412,das_work,13.82811403274536,48258,19,1
1771695022.4739866,410_1,410,tpc_lock,15.749854564666748,46561,19,1
1771695022.4902058,414_1,414,tpc_commit,3.978996992111206,28795,19,1
1771695022.6230843,419_1,419,tpc_lock,14.002668142318726,46561,19,1
1771695022.726465,411_0,411,tpc_commit,14.165008306503296,28795,19,1
1771695022.7324836,417_1,417,tpc_lock,14.108149528503418,46549,19,1
1771695022.8746147,413_1,413,das_work,7.799805641174316,48258,19,1
1771695030.2186885,412_1,412,tpc_commit,7.756247043609619,28795,20,1
1771695030.2913964,414_2,414,tpc_lock,7.222694396972656,46561,20,1
1771695030.335377,416_2,416,tpc_lock,7.282680749893188,46561,20,1
1771695030.423262,418_1,418,tpc_commit,7.963182926177978,28795,20,1
1771695032.7113757,413_1,413,tpc_commit,9.836745262145996,28795,20,1
1771695032.8370416,411_1,411,tpc_lock,9.020971298217772,46561,20,1
1771695034.212906,419_1,419,das_work,4.886383771896362,48258,20,1
1771695034.2262502,410_1,410,das_work,9.178515434265137,48258,20,1
1771695034.2468567,417_1,417,das_work,4.08895468711853,48258,20,1
1771695034.847185,416_2,416,tpc_lock,4.511797904968262,46561,20,1
1771695034.945088,418_1,418,tpc_commit,4.521814823150635,28795,20,1
1771695035.444391,414_2,414,tpc_lock,5.152982950210571,46561,20,1
1771695036.1027212,415_1,415,das_work,11.83097767829895,48258,20,1
1771695042.1819618,410_1,410,tpc_commit,7.955700397491455,28795,21,1
1771695042.3221157,418_2,418,tpc_lock,5.774454355239868,46561,21,1
1771695044.517938,415_1,415,tpc_commit,8.415205001831055,28795,21,1
1771695044.5698998,419_1,419,tpc_commit,10.356894969940186,28795,21,1
1771695044.5919113,417_1,417,tpc_commit,10.345046758651732,28783,21,1
1771695046.3364177,411_1,411,tpc_lock,13.499367952346802,46561,21,1
1771695046.370988,413_1,413,tpc_commit,13.659600734710692,28795,21,1
1771695046.58327,414_2,414,das_work,6.120000600814819,48258,21,1
1771695046.6033683,410_1,410,tpc_commit,4.421396493911743,28795,21,1
1771695046.6373138,412_1,412,tpc_commit,16.41861319541931,28795,21,1
1771695046.6394112,419_1,419,tpc_commit,2.06949234008789,28795,21,1
1771695046.7771602,415_1,415,tpc_commit,2.259209394454956,28795,21,1
1771695046.860791,416_2,416,das_work,6.516068696975708,48258,21,1
1771695046.9559386,418_2,418,tpc_lock,4.633811473846436,46561,21,1
1771695054.3293126,412_2,412,tpc_lock,7.14787220954895,46561,22,1
1771695054.3374016,416_2,416,tpc_commit,7.476599931716919,28795,22,1
1771695054.3588495,410_2,410,tpc_lock,6.164263010025024,46561,22,1
1771695054.7400846,414_2,414,tpc_commit,8.156800746917725,28795,22,1
1771695056.5105443,415_2,415,tpc_lock,8.569727420806885,46561,22,1
1771695056.5417645,419_2,419,tpc_lock,8.975039720535278,46561,22,1
1771695056.598307,413_2,413,tpc_lock,8.738287687301636,46549,22,1
1771695058.44388,414_2,414,tpc_commit,3.7037837505340576,28795,22,1
1771695058.6547458,418_2,418,das_work,6.3566718101501465,48258,22,1
1771695058.7943232,411_1,411,das_work,6.982886552810669,48258,22,1
1771695058.8962114,416_2,416,tpc_commit,4.558798551559448,28795,22,1
1771695059.0068724,410_2,410,tpc_lock,4.648012161254883,46561,22,1
1771695059.0303524,417_1,417,tpc_commit,14.43843150138855,28783,22,1
1771695059.0396144,412_2,412,tpc_lock,4.710291147232056,46561,22,1
1771695066.4486456,414_3,414,tpc_lock,7.499541997909546,46561,23,1
1771695066.5086365,418_2,418,tpc_commit,7.853877544403076,28795,23,1
1771695066.5276437,416_3,416,tpc_lock,6.2914862632751465,46561,23,1
1771695068.497837,411_1,411,tpc_commit,9.703502416610718,28795,23,1
1771695068.5645683,417_2,417,tpc_lock,8.451884984970093,46561,23,1
1771695070.3033628,414_3,414,tpc_lock,3.854705810546875,46561,23,1
1771695070.3066528,412_2,412,das_work,5.304819822311401,48258,23,1
1771695070.311905,410_2,410,das_work,7.2734692096710205,48258,23,1
1771695070.3142295,419_2,419,tpc_lock,13.77245306968689,46561,23,1
1771695070.3385928,415_2,415,tpc_lock,13.82803225517273,46561,23,1
1771695070.4331777,418_2,418,tpc_commit,3.924530029296875,28795,23,1
1771695070.5583122,417_2,417,tpc_lock,1.9937334060668943,46561,23,1
1771695070.6297896,416_3,416,tpc_lock,4.102103233337402,46561,23,1
1771695071.0207283,413_2,413,tpc_lock,14.422409772872925,46549,23,1
1771695078.1578093,418_3,418,tpc_lock,7.159576177597046,46561,24,1
1771695078.2220373,412_2,412,tpc_commit,7.915371417999268,28795,24,1
1771695078.282095,410_2,410,tpc_commit,7.970179796218872,28795,24,1
1771695082.3205996,419_2,419,das_work,4.589809894561768,48258,24,1
1771695082.3270123,412_2,412,tpc_commit,4.104964256286621,28795,24,1
1771695082.429026,414_3,414,das_work,6.67653226852417,48258,24,1
1771695082.5616686,413_2,413,das_work,7.970282793045044,48258,24,1
1771695082.585055,410_2,410,tpc_commit,4.302951097488403,28795,24,1
1771695082.6557248,417_2,417,das_work,10.02925705909729,48258,24,1
1771695082.661493,416_3,416,das_work,7.083264827728272,48258,24,1
1771695082.7317195,418_3,418,tpc_lock,4.57390022277832,46561,24,1
1771695082.8026266,411_1,411,tpc_commit,14.304778814315796,28795,24,1
1771695082.8421988,415_2,415,das_work,5.278236389160156,48258,24,1
1771695090.149817,410_3,410,tpc_lock,6.021904468536377,46561,25,1
1771695090.162536,412_3,412,tpc_lock,6.33369255065918,46561,25,1
1771695090.2101023,414_3,414,tpc_commit,7.781065225601196,28795,25,1
1771695090.251695,416_3,416,tpc_commit,7.590190649032593,28795,25,1
1771695092.566704,419_2,419,tpc_commit,10.246090650558472,28795,25,1
1771695092.5714967,415_2,415,tpc_commit,9.729263544082642,28795,25,1
1771695092.6347413,413_2,413,tpc_commit,10.073061227798462,28783,25,1
1771695092.6631608,411_2,411,tpc_lock,8.70554494857788,46561,25,1
1771695092.713752,417_2,417,tpc_commit,10.058015823364258,28795,25,1
1771695094.2778332,410_3,410,tpc_lock,4.128006219863892,46561,25,1
1771695094.6110582,411_2,411,tpc_lock,1.9478864669799805,46561,25,1
1771695094.6204543,418_3,418,das_work,10.50715184211731,48258,25,1
1771695094.774222,414_3,414,tpc_commit,4.564106464385986,28795,25,1
1771695094.8552186,412_3,412,tpc_lock,4.692671537399292,46561,25,1
1771695094.9490902,416_3,416,tpc_commit,4.697381496429443,28795,25,1
1771695102.209946,416_4,416,tpc_lock,5.35445761680603,46561,26,1
1771695102.249089,418_3,418,tpc_commit,7.628623962402344,28795,26,1
1771695102.407555,414_4,414,tpc_lock,6.376709938049316,46561,26,1
1771695106.2736228,418_3,418,tpc_commit,4.024523019790649,28795,26,1
1771695106.3003678,413_2,413,tpc_commit,13.665615320205688,28783,26,1
1771695106.3116937,419_2,419,tpc_commit,13.744974374771118,28795,26,1
1771695106.659042,412_3,412,das_work,10.232179880142212,48258,26,1
1771695106.6909072,417_2,417,tpc_commit,13.977144241333008,28795,26,1
1771695106.7369463,415_2,415,tpc_commit,14.165434837341309,28795,26,1
1771695114.1811287,412_3,412,tpc_commit,7.522075891494751,28795,27,1
1771695114.184341,418_4,418,tpc_lock,6.194666385650635,46561,27,1
1771695116.518783,417_3,417,tpc_lock,8.537834167480469,46561,27,1
1771695116.5503745,415_3,415,tpc_lock,8.194613456726074,46561,27,1
1771695116.5587482,413_3,413,tpc_lock,8.654841423034668,46549,27,1
1771695116.5694964,419_3,419,tpc_lock,9.139243364334106,46561,27,1
1771695118.362799,410_3,410,das_work,16.312620639801025,48258,27,1
1771695118.398642,416_4,416,tpc_lock,16.18868350982666,46561,27,1
1771695118.442062,412_3,412,tpc_commit,4.260921955108643,28795,27,1
1771695118.5007398,417_3,417,tpc_lock,1.9819459915161133,46561,27,1
1771695118.5404806,418_4,418,tpc_lock,4.356128692626953,46561,27,1
1771695118.6829343,414_4,414,tpc_lock,16.275365829467773,46561,27,1
1771695118.6867857,419_3,419,tpc_lock,2.1172778606414795,46561,27,1
1771695118.8035853,411_2,411,das_work,14.921453952789308,48258,27,1
1771695126.2113724,412_4,412,tpc_lock,6.83618950843811,46549,28,1
1771695126.2158506,410_3,410,tpc_commit,7.853039264678955,28795,28,1
1771695128.882635,411_2,411,tpc_commit,10.07903790473938,28795,28,1
1771695130.389851,414_4,414,das_work,10.631540775299072,48258,28,1
1771695130.458125,415_3,415,tpc_lock,13.907706499099731,46561,28,1
1771695130.5126472,412_4,412,tpc_lock,4.301262378692627,46549,28,1
1771695130.560743,413_3,413,tpc_lock,14.001985788345335,46549,28,1
1771695130.616354,410_3,410,tpc_commit,4.400490045547485,28795,28,1
1771695130.6429038,417_3,417,das_work,9.299732446670532,48258,28,1
1771695130.6549964,416_4,416,das_work,9.514782190322876,48258,28,1
1771695130.765766,419_3,419,das_work,4.364081144332886,48258,28,1
1771695130.7862017,418_4,418,das_work,10.966988801956177,48258,28,1
1771695138.3025177,410_4,410,tpc_lock,6.972372770309448,46549,29,1
1771695138.3071115,414_4,414,tpc_commit,7.917249202728271,28795,29,1
1771695138.365821,418_4,418,tpc_commit,7.579603910446167,28795,29,1
1771695138.4079924,416_4,416,tpc_commit,7.752984285354614,28795,29,1
1771695140.517666,419_3,419,tpc_commit,9.751888275146484,28795,29,1
1771695140.5250812,417_3,417,tpc_commit,9.882166147232056,28795,29,1
1771695142.344942,410_4,410,tpc_lock,4.0424134731292725,46549,29,1
1771695142.363556,415_3,415,das_work,2.9615252017974854,48258,29,1
1771695142.394337,418_4,418,tpc_commit,4.0285046100616455,28795,29,1
1771695142.462184,413_3,413,das_work,7.591998815536499,48258,29,1
1771695142.4801395,419_3,419,tpc_commit,1.96246075630188,28795,29,1
1771695142.4852316,416_4,416,tpc_commit,4.07722544670105,28795,29,1
1771695142.5771625,411_2,411,tpc_commit,13.694515228271484,28795,29,1
1771695142.649978,412_4,412,das_work,7.087703466415405,48258,29,1
1771695142.6516838,414_4,414,tpc_commit,4.344560861587524,28795,29,1
1771695142.7226908,417_3,417,tpc_commit,2.1974947452545166,28795,29,1
1771695150.101099,412_4,412,tpc_commit,7.451108694076538,28783,30,1
1771695152.71332,417_4,417,tpc_lock,8.887340307235718,46561,30,1
1771695152.7534564,413_3,413,tpc_commit,10.291260242462158,28783,30,1
1771695152.7821844,415_3,415,tpc_commit,10.418617486953735,28795,30,1
1771695152.7891283,411_3,411,tpc_lock,8.881619930267334,46561,30,1
1771695152.8031392,419_4,419,tpc_lock,8.65335726737976,46561,30,1
1771695154.356393,410_4,410,das_work,5.170466423034668,48258,30,1
1771695154.3615685,412_4,412,tpc_commit,4.260457277297974,28783,30,1
1771695154.3684878,419_4,419,tpc_lock,1.565335750579834,46561,30,1
1771695154.4650762,417_4,417,tpc_lock,1.751744031906128,46561,30,1
1771695154.541516,413_3,413,tpc_commit,1.788048505783081,28783,30,1
1771695154.6201558,411_3,411,tpc_lock,1.8310155868530276,46561,30,1
1771695154.779559,415_3,415,tpc_commit,1.997363328933716,28795,30,1
1771695162.0650008,410_4,410,tpc_commit,7.708597421646118,28783,31,1
1771695164.5262463,413_4,413,tpc_lock,8.775421857833862,46561,31,1
1771695164.6558323,415_4,415,tpc_lock,9.29104471206665,46561,31,1
1771695166.3239732,417_4,417,das_work,6.587637662887573,48258,31,1
1771695166.3367045,413_4,413,tpc_lock,1.8104453086853027,46561,31,1
1771695166.3468273,419_4,419,das_work,7.306797504425049,48258,31,1
1771695166.3931427,410_4,410,tpc_commit,4.328131437301636,28783,31,1
1771695166.441127,411_3,411,das_work,8.07060980796814,48258,31,1
1771695166.4543986,415_4,415,tpc_lock,1.798553228378296,46561,31,1
1771695176.5607064,417_4,417,tpc_commit,10.23672366142273,28795,32,1
1771695176.5637674,419_4,419,tpc_commit,10.216930150985718,28795,32,1
1771695176.5674582,411_3,411,tpc_commit,10.126317977905272,28795,32,1
1771695178.220482,411_3,411,tpc_commit,1.6529622077941897,28795,32,1
1771695178.2214444,415_4,415,das_work,10.365692138671877,48258,32,1
1771695178.2379906,417_4,417,tpc_commit,1.677274465560913,28795,32,1
1771695178.2532785,419_4,419,tpc_commit,1.6894981861114502,28795,32,1
1771695178.2576466,413_4,413,das_work,6.721392393112183,48258,32,1
1771695188.5789654,413_4,413,tpc_commit,10.321307182312012,28795,33,1
1771695188.5801456,411_4,411,tpc_lock,9.16183090209961,46561,33,1
1771695188.5910685,415_4,415,tpc_commit,10.36961317062378,28795,33,1
1771695190.2819474,415_4,415,tpc_commit,1.690866231918335,28795,33,1
1771695190.283984,411_4,411,tpc_lock,1.7038252353668213,46561,33,1
1771695190.343633,413_4,413,tpc_commit,1.7646572589874268,28795,33,1
1771695202.1505115,411_4,411,das_work,10.673092365264893,48258,34,1
1771695212.5527942,411_4,411,tpc_commit,10.40227222442627,28795,35,1
1771695214.1584604,411_4,411,tpc_commit,1.6056554317474363,28795,35,1
1771694958.1962476,420_0,420,tpc_lock,1.1683611869812012,46561,14,1
1771694958.3784473,422_0,422,tpc_lock,1.3417539596557615,46561,14,1
1771694960.4351616,427_0,427,tpc_lock,4.58324122428894,46561,14,1
1771694962.2041247,422_0,422,tpc_lock,3.825666666030884,46561,14,1
1771694962.3465865,427_0,427,tpc_lock,1.9114127159118648,46561,14,1
1771694962.584072,420_0,420,tpc_lock,4.387817144393921,46561,14,1
1771694970.36513,424_0,424,tpc_lock,6.64221978187561,46561,15,1
1771694970.4205043,428_0,428,tpc_lock,9.64399552345276,46549,15,1
1771694970.4275022,426_0,426,tpc_lock,10.370788812637327,46561,15,1
1771694972.6787665,429_0,429,tpc_lock,10.132508039474487,46561,15,1
1771694972.7255328,421_0,421,tpc_lock,12.37549924850464,46561,15,1
1771694972.7487302,423_0,423,tpc_lock,5.958046197891235,46561,15,1
1771694972.7588024,425_0,425,tpc_lock,10.219347953796388,46561,15,1
1771694974.227629,424_0,424,tpc_lock,3.862493753433228,46561,15,1
1771694974.2378137,426_0,426,tpc_lock,3.810305595397949,46561,15,1
1771694974.286771,420_0,420,das_work,10.099747896194458,48258,15,1
1771694974.3694592,428_0,428,tpc_lock,3.948949098587036,46549,15,1
1771694974.7200203,427_0,427,das_work,10.008930683135986,48258,15,1
1771694974.89572,422_0,422,das_work,10.07863998413086,48258,15,1
1771694982.5794587,422_0,422,tpc_commit,7.6837286949157715,28795,16,1
1771694982.617946,420_0,420,tpc_commit,8.331164598464966,28795,16,1
1771694984.4150012,427_0,427,tpc_commit,9.694971084594728,28795,16,1
1771694986.2903512,422_0,422,tpc_commit,3.710881471633911,28795,16,1
1771694986.3177283,428_0,428,das_work,10.221144199371338,48258,16,1
1771694986.5956063,420_0,420,tpc_commit,3.977648258209229,28795,16,1
1771694986.6366804,425_0,425,tpc_lock,13.877871751785278,46561,16,1
1771694986.6531143,423_0,423,tpc_lock,13.904378414154053,46561,16,1
1771694986.6544406,429_0,429,tpc_lock,13.975665807724,46561,16,1
1771694986.7425578,421_0,421,tpc_lock,14.017018556594849,46561,16,1
1771694986.7542193,424_0,424,das_work,8.889672756195068,48258,16,1
1771694986.861925,426_0,426,das_work,4.745290517807007,48258,16,1
1771694994.1520407,422_1,422,tpc_lock,5.942845821380615,46561,17,1
1771694994.1763191,426_0,426,tpc_commit,7.3143837451934814,28795,17,1
1771694994.1964529,424_0,424,tpc_commit,7.442222595214844,28795,17,1
1771694994.223587,428_0,428,tpc_commit,7.905848503112793,28783,17,1
1771694994.3065886,420_1,420,tpc_lock,6.885526418685913,46561,17,1
1771694998.2540076,421_0,421,das_work,4.252749919891357,48258,17,1
1771694998.3500478,425_0,425,das_work,6.506300449371338,48258,17,1
1771694998.4117465,420_1,420,tpc_lock,4.105146884918213,46561,17,1
1771694998.4867702,427_0,427,tpc_commit,14.071757555007936,28795,17,1
1771694998.5428607,426_0,426,tpc_commit,4.36652421951294,28795,17,1
1771694998.5619004,424_0,424,tpc_commit,4.365435361862183,28795,17,1
1771694998.5682304,423_0,423,das_work,9.76111650466919,48258,17,1
1771694998.5705688,422_1,422,tpc_lock,4.418516397476196,46561,17,1
1771694998.7162776,429_0,429,das_work,5.686049938201904,48258,17,1
1771694998.784365,428_0,428,tpc_commit,4.56076717376709,28783,17,1
1771695006.6170964,426_1,426,tpc_lock,6.692046642303467,46561,18,1
1771695006.6216357,424_1,424,tpc_lock,6.751783847808838,46561,18,1
1771695006.6415117,428_1,428,tpc_lock,6.315250396728516,46561,18,1
1771695008.5322433,425_0,425,tpc_commit,10.182185411453249,28795,18,1
1771695008.5751724,421_0,421,tpc_commit,10.321152925491331,28795,18,1
1771695008.6112802,427_1,427,tpc_lock,8.928571462631226,46561,18,1
1771695008.6375213,423_0,423,tpc_commit,10.06928038597107,28795,18,1
1771695008.652483,429_0,429,tpc_commit,9.936195850372314,28795,18,1
1771695010.357094,426_1,426,tpc_lock,3.739985942840576,46561,18,1
1771695010.6370275,422_1,422,das_work,6.054939270019531,48258,18,1
1771695010.7023392,424_1,424,tpc_lock,4.080693244934082,46561,18,1
1771695010.7853763,420_1,420,das_work,8.781819105148315,48258,18,1
1771695018.2975554,422_1,422,tpc_commit,7.660517454147339,28795,19,1
1771695018.4189713,420_1,420,tpc_commit,7.633585691452026,28795,19,1
1771695022.2997065,422_1,422,tpc_commit,4.002137660980225,28795,19,1
1771695022.3390543,426_1,426,das_work,3.522491216659546,48258,19,1
1771695022.3418877,425_0,425,tpc_commit,13.809634447097778,28795,19,1
1771695022.47885,423_0,423,tpc_commit,13.841293573379517,28795,19,1
1771695022.7141988,420_1,420,tpc_commit,4.2952141761779785,28795,19,1
1771695022.7925518,428_1,428,tpc_lock,16.151028871536255,46561,19,1
1771695022.83919,429_0,429,tpc_commit,14.186696767807009,28795,19,1
1771695022.8579226,421_0,421,tpc_commit,14.282741785049438,28795,19,1
1771695022.922458,424_1,424,das_work,9.491251230239868,48258,19,1
1771695023.095392,427_1,427,tpc_lock,14.484102010726929,46561,19,1
1771695030.2763703,424_1,424,tpc_commit,7.353900671005249,28795,20,1
1771695030.3383608,426_1,426,tpc_commit,7.9992945194244385,28795,20,1
1771695030.3412004,422_2,422,tpc_lock,6.654198884963989,46561,20,1
1771695030.364126,420_2,420,tpc_lock,5.698606252670288,46561,20,1
1771695032.740318,423_1,423,tpc_lock,9.2610182762146,46561,20,1
1771695032.771304,425_1,425,tpc_lock,9.394184827804564,46561,20,1
1771695032.7736108,429_1,429,tpc_lock,8.62463665008545,46549,20,1
1771695032.7783034,421_1,421,tpc_lock,7.966530561447143,46561,20,1
1771695034.2428725,427_1,427,das_work,6.022519111633301,48258,20,1
1771695034.2511036,428_1,428,das_work,4.940668821334839,48258,20,1
1771695034.4581091,422_2,422,tpc_lock,4.116893291473389,46561,20,1
1771695034.898448,426_1,426,tpc_commit,4.5600762367248535,28795,20,1
1771695036.272518,420_2,420,tpc_lock,5.908377170562744,46561,20,1
1771695042.196107,428_1,428,tpc_commit,7.944992065429687,28795,21,1
1771695042.2182667,426_2,426,tpc_lock,6.4529008865356445,46561,21,1
1771695044.5420578,427_1,427,tpc_commit,10.299175024032593,28795,21,1
1771695046.333979,428_1,428,tpc_commit,4.137861013412476,28795,21,1
1771695046.3686287,422_2,422,das_work,6.095534086227417,48258,21,1
1771695046.4189153,423_1,423,tpc_lock,13.678359508514404,46561,21,1
1771695046.4819286,421_1,421,tpc_lock,13.703612089157104,46561,21,1
1771695046.5398667,429_1,429,tpc_lock,13.766241073608398,46549,21,1
1771695046.6094477,426_2,426,tpc_lock,4.391171455383301,46561,21,1
1771695046.6780818,424_1,424,tpc_commit,16.40170192718506,28795,21,1
1771695046.957681,420_2,420,das_work,4.622396230697632,48258,21,1
1771695047.0182824,425_1,425,tpc_lock,14.246966123580933,46561,21,1
1771695054.3291266,422_2,422,tpc_commit,7.96048641204834,28795,22,1
1771695054.3311942,420_2,420,tpc_commit,7.373502254486084,28795,22,1
1771695054.343326,428_2,428,tpc_lock,6.741116762161255,46561,22,1
1771695054.3663805,424_2,424,tpc_lock,6.575404644012451,46561,22,1
1771695058.3749456,428_2,428,tpc_lock,4.031607627868652,46561,22,1
1771695058.4301612,423_1,423,das_work,5.625699520111084,48258,22,1
1771695058.4605913,421_1,421,das_work,10.786144256591797,48258,22,1
1771695058.4699843,425_1,425,das_work,8.359782934188843,48258,22,1
1771695058.5705383,429_1,429,das_work,5.165473461151123,48258,22,1
1771695058.7344427,427_1,427,tpc_commit,14.192373037338257,28795,22,1
1771695059.0614352,422_2,422,tpc_commit,4.732297897338867,28795,22,1
1771695066.5093224,422_3,422,tpc_lock,5.537213563919067,46561,23,1
1771695068.5136771,423_1,423,tpc_commit,10.083446264266968,28795,23,1
1771695068.5289905,421_1,421,tpc_commit,10.068388223648071,28795,23,1
1771695068.5408618,429_1,429,tpc_commit,9.970312595367432,28783,23,1
1771695068.6033745,425_1,425,tpc_commit,10.133376121520996,28795,23,1
1771695068.6338255,427_2,427,tpc_lock,7.961518049240112,46561,23,1
1771695070.3049622,428_2,428,das_work,3.674869537353516,48258,23,1
1771695070.3674045,425_1,425,tpc_commit,1.7640154361724854,28795,23,1
1771695070.387453,424_2,424,tpc_lock,16.021061182022095,46561,23,1
1771695070.6241696,422_3,422,tpc_lock,4.11481237411499,46561,23,1
1771695070.8460813,426_2,426,das_work,14.846513748168944,48258,23,1
1771695070.91758,420_2,420,tpc_commit,16.58637833595276,28795,23,1
1771695070.974489,423_1,423,tpc_commit,2.4607996940612797,28795,23,1
1771695078.131429,426_2,426,tpc_commit,7.285332679748535,28795,24,1
1771695078.230249,420_3,420,tpc_lock,5.918164253234863,46561,24,1
1771695078.2886508,428_2,428,tpc_commit,7.983677864074707,28795,24,1
1771695080.4520214,423_2,423,tpc_lock,8.635863304138184,46561,24,1
1771695080.4590092,425_2,425,tpc_lock,9.509114503860474,46561,24,1
1771695082.3246598,421_1,421,tpc_commit,13.795657634735107,28795,24,1
1771695082.3266842,424_2,424,das_work,3.291861057281494,48258,24,1
1771695082.3518558,428_2,428,tpc_commit,4.063194513320923,28795,24,1
1771695082.4947336,423_2,423,tpc_lock,2.042701244354248,46561,24,1
1771695082.5504055,422_3,422,das_work,6.114401340484619,48258,24,1
1771695082.5671012,429_1,429,tpc_commit,14.02622675895691,28783,24,1
1771695082.7155209,420_3,420,tpc_lock,4.4852612018585205,46561,24,1
1771695082.7375882,427_2,427,tpc_lock,14.103749990463257,46561,24,1
1771695082.7736228,426_2,426,tpc_commit,4.642182111740112,28795,24,1
1771695082.81118,425_2,425,tpc_lock,2.352158069610596,46561,24,1
1771695090.1309412,422_3,422,tpc_commit,7.580517053604126,28795,25,1
1771695090.1379602,426_3,426,tpc_lock,6.19452977180481,46561,25,1
1771695090.2327063,424_2,424,tpc_commit,7.906009197235107,28795,25,1
1771695090.2812014,428_3,428,tpc_lock,6.569586992263794,46561,25,1
1771695092.6445746,429_2,429,tpc_lock,8.27765440940857,46561,25,1
1771695092.646533,421_2,421,tpc_lock,8.744807720184326,46561,25,1
1771695094.2873886,420_3,420,das_work,9.669128179550173,48258,25,1
1771695094.313555,424_2,424,tpc_commit,4.080836296081543,28795,25,1
1771695094.3363705,423_2,423,das_work,8.059152126312256,48258,25,1
1771695094.4283338,427_2,427,das_work,3.211076498031616,48258,25,1
1771695094.5177636,425_2,425,das_work,2.872222661972046,48258,25,1
1771695094.5508366,428_3,428,tpc_lock,4.269622325897217,46561,25,1
1771695094.9243186,422_3,422,tpc_commit,4.7932069301605225,28795,25,1
1771695094.9495063,426_3,426,tpc_lock,4.811536073684692,46561,25,1
1771695102.253591,422_4,422,tpc_lock,5.359602451324463,46549,26,1
1771695102.38397,424_3,424,tpc_lock,6.9706103801727295,46561,26,1
1771695102.39187,420_3,420,tpc_commit,8.10447382926941,28795,26,1
1771695104.697164,425_2,425,tpc_commit,10.179383754730225,28795,26,1
1771695104.7035384,427_2,427,tpc_commit,10.275193691253662,28795,26,1
1771695104.781262,423_2,423,tpc_commit,10.444880723953249,28795,26,1
1771695106.295332,426_3,426,das_work,7.576523542404175,48258,26,1
1771695106.3610473,421_2,421,tpc_lock,13.71450400352478,46561,26,1
1771695106.7942753,422_4,422,tpc_lock,4.540669918060303,46549,26,1
1771695106.8176622,429_2,429,tpc_lock,14.17307472229004,46561,26,1
1771695114.1938534,426_3,426,tpc_commit,7.89850926399231,28795,27,1
1771695118.467481,423_2,423,tpc_commit,13.686206102371216,28795,27,1
1771695118.5037558,427_2,427,tpc_commit,13.800204992294312,28795,27,1
1771695118.5067563,424_3,424,tpc_lock,16.122772216796875,46561,27,1
1771695118.6573396,425_2,425,tpc_commit,13.960163593292236,28795,27,1
1771695118.7081418,422_4,422,das_work,5.39116644859314,48258,27,1
1771695118.8427148,428_3,428,das_work,14.896075248718262,48258,27,1
1771695118.9558804,421_2,421,das_work,2.670930862426758,48258,27,1
1771695119.0463018,426_3,426,tpc_commit,4.8524370193481445,28795,27,1
1771695119.1441464,420_3,420,tpc_commit,16.752264499664307,28795,27,1
1771695119.1672018,429_2,429,das_work,7.208608865737915,48258,27,1
1771695126.217257,422_4,422,tpc_commit,7.509101390838623,28783,28,1
1771695126.2600212,420_4,420,tpc_lock,5.368679761886597,46561,28,1
1771695126.2695503,428_3,428,tpc_commit,7.42682409286499,28795,28,1
1771695126.3076634,426_4,426,tpc_lock,6.604867696762085,46549,28,1
1771695128.6867604,429_2,429,tpc_commit,9.5195472240448,28795,28,1
1771695128.7181215,425_3,425,tpc_lock,9.249653100967407,46561,28,1
1771695128.7438257,427_3,427,tpc_lock,8.85641884803772,46561,28,1
1771695128.8088458,423_3,423,tpc_lock,9.283371210098268,46561,28,1
1771695128.8251274,421_2,421,tpc_commit,9.869235038757324,28795,28,1
1771695130.332094,426_4,426,tpc_lock,4.024416923522949,46549,28,1
1771695130.4854612,422_4,422,tpc_commit,4.268192768096924,28783,28,1
1771695130.5837476,424_3,424,das_work,9.292064189910889,48258,28,1
1771695130.677276,420_4,420,tpc_lock,4.417243957519531,46561,28,1
1771695130.792391,428_3,428,tpc_commit,4.522830009460449,28795,28,1
1771695138.3029606,428_4,428,tpc_lock,6.021270275115967,46561,29,1
1771695138.308597,424_3,424,tpc_commit,7.724837064743042,28795,29,1
1771695142.3145523,420_4,420,das_work,1.966376781463623,48258,29,1
1771695142.335236,427_3,427,tpc_lock,13.591399669647217,46561,29,1
1771695142.3354917,421_2,421,tpc_commit,13.510353088378906,28795,29,1
1771695142.3741193,424_3,424,tpc_commit,4.065508365631104,28795,29,1
1771695142.4016097,425_3,425,tpc_lock,13.683477401733398,46561,29,1
1771695142.4741654,429_2,429,tpc_commit,13.787395477294922,28795,29,1
1771695142.5166683,423_3,423,tpc_lock,13.70781183242798,46561,29,1
1771695142.6361094,426_4,426,das_work,4.138246774673462,48258,29,1
1771695142.666677,428_4,428,tpc_lock,4.363679647445679,46561,29,1
1771695150.081693,426_4,426,tpc_commit,7.4455718994140625,28783,30,1
1771695150.0869737,420_4,420,tpc_commit,7.772409439086914,28795,30,1
1771695150.1214015,424_4,424,tpc_lock,5.821398735046387,46549,30,1
1771695152.728219,429_3,429,tpc_lock,8.67694354057312,46561,30,1
1771695152.7802048,421_3,421,tpc_lock,8.687161922454834,46549,30,1
1771695154.3178933,423_3,423,das_work,3.5147550106048584,48258,30,1
1771695154.365207,427_3,427,das_work,10.212346076965332,48258,30,1
1771695154.4001343,428_4,428,das_work,2.2521440982818604,48258,30,1
1771695154.4521425,426_4,426,tpc_commit,4.37040901184082,28783,30,1
1771695154.5253012,425_3,425,das_work,3.564225912094116,48258,30,1
1771695154.5324008,429_3,429,tpc_lock,1.8041694164276123,46561,30,1
1771695154.5949094,421_3,421,tpc_lock,1.8146910667419436,46549,30,1
1771695154.635146,424_4,424,tpc_lock,4.51373291015625,46549,30,1
1771695154.817618,420_4,420,tpc_commit,4.730595350265503,28795,30,1
1771695162.0492947,428_4,428,tpc_commit,7.649147987365723,28795,31,1
1771695164.6097307,423_3,423,tpc_commit,10.291823863983154,28795,31,1
1771695164.6123016,425_3,425,tpc_commit,10.086987018585203,28795,31,1
1771695164.650458,427_3,427,tpc_commit,10.28523588180542,28795,31,1
1771695166.2615678,424_4,424,das_work,7.71001935005188,48258,31,1
1771695166.2650585,425_3,425,tpc_commit,1.6527462005615234,28795,31,1
1771695166.2654066,429_3,429,das_work,9.607089757919312,48258,31,1
1771695166.282766,427_3,427,tpc_commit,1.6322965621948242,28795,31,1
1771695166.385219,421_3,421,das_work,4.220936059951782,48258,31,1
1771695166.450832,423_3,423,tpc_commit,1.84106707572937,28795,31,1
1771695166.4570217,428_4,428,tpc_commit,4.407716035842896,28795,31,1
1771695174.1150625,424_4,424,tpc_commit,7.853481769561768,28783,32,1
1771695176.546996,423_4,423,tpc_lock,8.177661657333374,46561,32,1
1771695176.5571475,429_3,429,tpc_commit,10.29172945022583,28795,32,1
1771695176.5626552,421_3,421,tpc_commit,10.177425622940063,28783,32,1
1771695176.5637968,425_4,425,tpc_lock,9.079832315444946,46561,32,1
1771695176.6361053,427_4,427,tpc_lock,9.32382583618164,46561,32,1
1771695178.2127652,425_4,425,tpc_lock,1.6489582061767578,46561,32,1
1771695178.2255385,423_4,423,tpc_lock,1.6784944534301758,46561,32,1
1771695178.2339044,421_3,421,tpc_commit,1.671238899230957,28783,32,1
1771695178.2348783,424_4,424,tpc_commit,4.119782209396362,28783,32,1
1771695178.2421556,427_4,427,tpc_lock,1.6060385704040527,46561,32,1
1771695178.2604277,429_3,429,tpc_commit,1.7032685279846191,28795,32,1
1771695188.5000334,429_4,429,tpc_lock,9.287776231765749,46561,33,1
1771695188.5171278,421_4,421,tpc_lock,9.017556428909302,46561,33,1
1771695190.2428148,425_4,425,das_work,4.223910331726074,48258,33,1
1771695190.2630782,421_4,421,tpc_lock,1.7459354400634766,46561,33,1
1771695190.2644308,427_4,427,das_work,7.262471437454224,48258,33,1
1771695190.3007064,429_4,429,tpc_lock,1.800661325454712,46561,33,1
1771695190.4542646,423_4,423,das_work,5.707809448242188,48258,33,1
1771695200.4774072,427_4,427,tpc_commit,10.21296525001526,28795,34,1
1771695200.4803278,425_4,425,tpc_commit,10.2375009059906,28795,34,1
1771695200.5558372,423_4,423,tpc_commit,10.10155725479126,28795,34,1
1771695202.15997,427_4,427,tpc_commit,1.6825246810913086,28795,34,1
1771695202.1701422,425_4,425,tpc_commit,1.6898040771484375,28795,34,1
1771695202.1730063,429_4,429,das_work,7.272603750228882,48258,34,1
1771695202.1911366,423_4,423,tpc_commit,1.635286808013916,28795,34,1
1771695202.2095275,421_4,421,das_work,5.063067436218262,48258,34,1
1771695212.511116,429_4,429,tpc_commit,10.338098764419556,28795,35,1
1771695212.559239,421_4,421,tpc_commit,10.349698781967165,28795,35,1
1771695214.1451104,429_4,429,tpc_commit,1.633983135223389,28795,35,1
1771695214.170235,421_4,421,tpc_commit,1.6109840869903564,28795,35,1
1771694960.5046108,437_0,437,tpc_lock,0.5617179870605469,46549,14,1
1771694970.4583952,430_0,430,tpc_lock,3.978762626647949,46561,15,1
1771694972.6024835,433_0,433,tpc_lock,10.546550512313845,46561,15,1
1771694972.6410382,431_0,431,tpc_lock,10.97274661064148,46561,15,1
1771694972.7140062,435_0,435,tpc_lock,9.63821291923523,46561,15,1
1771694972.7486594,439_0,439,tpc_lock,7.510338306427002,46561,15,1
1771694974.6955178,437_0,437,tpc_lock,14.190900564193726,46549,15,1
1771694974.9343112,430_0,430,tpc_lock,4.475853443145752,46561,15,1
1771694982.338612,436_0,436,tpc_lock,12.495301246643066,46561,16,1
1771694982.4211984,438_0,438,tpc_lock,10.161665916442873,46549,16,1
1771694982.4994266,434_0,434,tpc_lock,10.187044620513916,46561,16,1
1771694982.6214128,432_0,432,tpc_lock,10.572633504867554,46561,16,1
1771694986.253384,439_0,439,tpc_lock,13.50471830368042,46561,16,1
1771694986.2908509,436_0,436,tpc_lock,3.952232360839844,46561,16,1
1771694986.376914,432_0,432,tpc_lock,3.755495309829712,46561,16,1
1771694986.4534414,438_0,438,tpc_lock,4.032235383987427,46549,16,1
1771694986.6302326,433_0,433,tpc_lock,14.027743816375732,46561,16,1
1771694986.696206,437_0,437,das_work,5.49706506729126,48258,16,1
1771694986.7544155,435_0,435,tpc_lock,14.040403604507446,46561,16,1
1771694986.790003,431_0,431,tpc_lock,14.1489577293396,46561,16,1
1771694986.8494818,434_0,434,tpc_lock,4.350047826766968,46561,16,1
1771694986.8647578,430_0,430,das_work,6.525092363357544,48258,16,1
1771694994.29185,430_0,430,tpc_commit,7.427082061767578,28795,17,1
1771694996.4219267,437_0,437,tpc_commit,9.725708484649658,28783,17,1
1771694998.27678,436_0,436,das_work,4.277649164199829,48258,17,1
1771694998.3354175,438_0,438,das_work,2.9690957069396973,48258,17,1
1771694998.46483,432_0,432,das_work,4.878196716308594,48258,17,1
1771694998.5141351,431_0,431,das_work,4.611031532287598,48258,17,1
1771694998.535843,439_0,439,das_work,9.275207281112673,48258,17,1
1771694998.5625634,433_0,433,das_work,10.58658766746521,48258,17,1
1771694998.576972,437_0,437,tpc_commit,2.155035257339477,28783,17,1
1771694998.6166875,430_0,430,tpc_commit,4.324826240539551,28795,17,1
1771694998.6362166,435_0,435,das_work,9.120051145553589,48258,17,1
1771694998.7607615,434_0,434,das_work,5.531738042831421,48258,17,1
1771695006.6268396,430_1,430,tpc_lock,7.0964086055755615,46561,18,1
1771695006.6293929,432_0,432,tpc_commit,8.164551973342896,28795,18,1
1771695006.7092547,438_0,438,tpc_commit,8.373826026916504,28783,18,1
1771695006.7125926,434_0,434,tpc_commit,7.951821088790893,28795,18,1
1771695006.7701955,436_0,436,tpc_commit,8.493408203125,28795,18,1
1771695008.5210912,431_0,431,tpc_commit,10.006946086883543,28795,18,1
1771695008.5338376,435_0,435,tpc_commit,9.897609949111938,28795,18,1
1771695008.540814,437_1,437,tpc_lock,8.468576431274414,46561,18,1
1771695008.5715125,433_0,433,tpc_commit,10.008939266204834,28795,18,1
1771695008.6086094,439_0,439,tpc_commit,10.072757720947266,28795,18,1
1771695010.1683586,430_1,430,tpc_lock,3.541508436203003,46561,18,1
1771695010.2107842,436_0,436,tpc_commit,3.440577507019043,28795,18,1
1771695010.6967793,432_0,432,tpc_commit,4.067376136779785,28795,18,1
1771695018.2410116,432_1,432,tpc_lock,6.692572593688965,46561,19,1
1771695018.2946432,436_1,436,tpc_lock,6.497070550918579,46561,19,1
1771695022.2778025,432_1,432,tpc_lock,4.035470962524414,46561,19,1
1771695022.3115437,431_0,431,tpc_commit,13.79044222831726,28795,19,1
1771695022.3995695,438_0,438,tpc_commit,15.690106868743896,28783,19,1
1771695022.4605844,437_1,437,tpc_lock,13.919758796691896,46561,19,1
1771695022.4990697,433_0,433,tpc_commit,13.927545070648192,28795,19,1
1771695022.5912926,436_1,436,tpc_lock,4.296638250350952,46561,19,1
1771695022.6591885,439_0,439,tpc_commit,14.050567626953123,28795,19,1
1771695022.6669734,434_0,434,tpc_commit,15.954368829727173,28795,19,1
1771695022.7383473,430_1,430,das_work,9.73038625717163,48258,19,1
1771695023.00462,435_0,435,tpc_commit,14.470768928527832,28795,19,1
1771695030.2072756,430_1,430,tpc_commit,7.4688780307769775,28795,20,1
1771695030.3158274,438_1,438,tpc_lock,6.1198890209198,46561,20,1
1771695030.439545,434_1,434,tpc_lock,6.899969100952148,46561,20,1
1771695032.712359,439_1,439,tpc_lock,9.054654121398926,46561,20,1
1771695032.7583764,431_1,431,tpc_lock,9.463363885879517,46561,20,1
1771695032.7739775,433_1,433,tpc_lock,8.741575241088867,46561,20,1
1771695032.825699,435_1,435,tpc_lock,8.176686763763428,46561,20,1
1771695034.2127218,437_1,437,das_work,10.720338106155396,48258,20,1
1771695034.2288558,436_1,436,das_work,7.606756687164307,48258,20,1
1771695034.7260742,430_1,430,tpc_commit,4.518789529800415,28795,20,1
1771695035.6472752,432_1,432,das_work,11.039023160934448,48258,20,1
1771695042.1886716,430_2,430,tpc_lock,6.7872278690338135,46561,21,1
1771695042.2389138,432_1,432,tpc_commit,6.591627359390259,28795,21,1
1771695042.290577,436_1,436,tpc_commit,8.061708450317383,28795,21,1
1771695044.50669,437_1,437,tpc_commit,10.293927669525146,28795,21,1
1771695046.3073337,438_1,438,tpc_lock,15.99149489402771,46561,21,1
1771695046.31407,437_1,437,tpc_commit,1.807369947433472,28795,21,1
1771695046.3407984,430_2,430,tpc_lock,4.1521155834198,46561,21,1
1771695046.39301,439_1,439,tpc_lock,13.680623531341553,46561,21,1
1771695046.4346993,435_1,435,tpc_lock,13.608989477157593,46561,21,1
1771695046.699011,436_1,436,tpc_commit,4.408422470092773,28795,21,1
1771695046.7118516,432_1,432,tpc_commit,4.472926378250122,28795,21,1
1771695046.7628324,433_1,433,tpc_lock,13.988837718963625,46561,21,1
1771695046.939545,434_1,434,tpc_lock,16.499988555908203,46561,21,1
1771695046.9551978,431_1,431,tpc_lock,14.196810245513916,46561,21,1
1771695054.349583,436_2,436,tpc_lock,6.090284585952759,46561,22,1
1771695054.5431178,432_2,432,tpc_lock,6.818031549453735,46561,22,1
1771695056.5899725,437_2,437,tpc_lock,8.615706205368042,46561,22,1
1771695058.287974,434_1,434,das_work,7.853140115737915,48258,22,1
1771695058.4159985,433_1,433,das_work,9.77347469329834,48258,22,1
1771695058.5661511,435_1,435,das_work,4.377363443374634,48258,22,1
1771695058.5918784,439_1,439,das_work,2.24936842918396,48258,22,1
1771695058.8246064,430_2,430,das_work,7.527344942092895,48258,22,1
1771695058.8655827,436_2,436,tpc_lock,4.515989303588867,46561,22,1
1771695058.9489655,432_2,432,tpc_lock,4.4058356285095215,46561,22,1
1771695059.131172,438_1,438,das_work,7.913995504379272,48258,22,1
1771695066.4166017,438_1,438,tpc_commit,7.285421848297119,28795,23,1
1771695066.49773,430_2,430,tpc_commit,7.673112154006958,28795,23,1
1771695066.5689375,434_1,434,tpc_commit,8.280949592590332,28795,23,1
1771695068.493,433_1,433,tpc_commit,10.076991081237791,28795,23,1
1771695068.581633,435_1,435,tpc_commit,10.015470027923584,28795,23,1
1771695068.632202,439_1,439,tpc_commit,10.04031252861023,28795,23,1
1771695070.2964132,435_1,435,tpc_commit,1.714768409729004,28795,23,1
1771695070.2997208,439_1,439,tpc_commit,1.6675071716308594,28795,23,1
1771695070.4137049,433_1,433,tpc_commit,1.920504570007324,28795,23,1
1771695070.6315994,431_1,431,das_work,14.789169788360596,48258,23,1
1771695070.742153,438_1,438,tpc_commit,4.3255391120910645,28795,23,1
1771695070.781782,430_2,430,tpc_commit,4.284040212631226,28795,23,1
1771695070.8199878,434_1,434,tpc_commit,4.251042366027832,28795,23,1
1771695070.8362863,437_2,437,tpc_lock,14.246302366256714,46561,23,1
1771695070.8729906,432_2,432,das_work,4.73798942565918,48258,23,1
1771695070.9930887,436_2,436,das_work,4.434096813201904,48258,23,1
1771695078.149969,432_2,432,tpc_commit,7.276964426040649,28795,24,1
1771695078.2745905,434_2,434,tpc_lock,6.885958909988403,46561,24,1
1771695078.28812,438_2,438,tpc_lock,6.633749723434448,46561,24,1
1771695078.3186328,430_3,430,tpc_lock,6.973508596420288,46561,24,1
1771695078.3438563,436_2,436,tpc_commit,7.35075569152832,28795,24,1
1771695080.4221642,433_2,433,tpc_lock,9.449714183807371,46561,24,1
1771695080.4277644,431_1,431,tpc_commit,9.796155214309692,28795,24,1
1771695080.4633863,435_2,435,tpc_lock,9.442297220230104,46561,24,1
1771695080.4760678,439_2,439,tpc_lock,9.121203899383543,46561,24,1
1771695082.3219328,436_2,436,tpc_commit,3.9780662059783936,28795,24,1
1771695082.444383,432_2,432,tpc_commit,4.294402599334717,28795,24,1
1771695082.4870956,438_2,438,tpc_lock,4.198924541473389,46561,24,1
1771695082.4898255,435_2,435,tpc_lock,2.0264291763305664,46561,24,1
1771695082.4907117,437_2,437,das_work,4.901288032531738,48258,24,1
1771695082.5721457,433_2,433,tpc_lock,2.1499693393707275,46561,24,1
1771695082.6135895,434_2,434,tpc_lock,4.338988304138184,46561,24,1
1771695082.830573,430_3,430,tpc_lock,4.511927843093872,46561,24,1
1771695082.8718753,431_1,431,tpc_commit,2.444099903106689,28795,24,1
1771695082.8766372,439_2,439,tpc_lock,2.40055775642395,46561,24,1
1771695090.1221826,436_3,436,tpc_lock,6.846106052398682,46561,25,1
1771695090.2923794,432_3,432,tpc_lock,6.427698135375977,46561,25,1
1771695092.6257284,437_2,437,tpc_commit,10.135005950927734,28795,25,1
1771695092.6968324,431_2,431,tpc_lock,8.252384424209595,46561,25,1
1771695094.2535982,439_2,439,das_work,7.998128890991211,48258,25,1
1771695094.3885846,436_3,436,tpc_lock,4.266390800476074,46561,25,1
1771695094.4177086,433_2,433,das_work,2.575636625289917,48258,25,1
1771695094.503177,432_3,432,tpc_lock,4.210785627365112,46561,25,1
1771695094.5379343,434_2,434,das_work,5.396856784820557,48258,25,1
1771695094.5405073,435_2,435,das_work,7.295730113983154,48258,25,1
1771695094.5852954,438_2,438,das_work,7.0056471824646,48258,25,1
1771695094.7175472,430_3,430,das_work,9.904174327850342,48258,25,1
1771695102.2235017,434_2,434,tpc_commit,7.685555696487427,28795,26,1
1771695102.2711585,430_3,430,tpc_commit,7.553600549697876,28795,26,1
1771695102.3196971,438_2,438,tpc_commit,7.734390020370483,28795,26,1
1771695104.827678,433_2,433,tpc_commit,10.40995955467224,28795,26,1
1771695104.834869,435_2,435,tpc_commit,10.294349908828735,28795,26,1
1771695104.863632,439_2,439,tpc_commit,10.610021352767944,28795,26,1
1771695106.2785866,437_2,437,tpc_commit,13.652847290039062,28795,26,1
1771695106.5205538,438_2,438,tpc_commit,4.200847625732422,28795,26,1
1771695106.716576,431_2,431,tpc_lock,14.01973271369934,46561,26,1
1771695106.7419646,436_3,436,das_work,10.435207843780518,48258,26,1
1771695106.8336637,432_3,432,das_work,7.940386056900024,48258,26,1
1771695114.1793115,432_3,432,tpc_commit,7.345634460449219,28795,27,1
1771695114.206148,438_3,438,tpc_lock,5.858730792999268,46561,27,1
1771695114.212464,436_3,436,tpc_commit,7.47048544883728,28795,27,1
1771695116.543483,437_3,437,tpc_lock,9.068984985351562,46561,27,1
1771695118.3591173,438_3,438,tpc_lock,4.152958154678345,46561,27,1
1771695118.3696332,432_3,432,tpc_commit,4.190309762954712,28795,27,1
1771695118.3776023,430_3,430,tpc_commit,16.106430768966675,28795,27,1
1771695118.4516869,433_2,433,tpc_commit,13.623995304107666,28795,27,1
1771695118.4936588,436_3,436,tpc_commit,4.281183958053589,28795,27,1
1771695118.63434,434_2,434,tpc_commit,16.41082453727722,28795,27,1
1771695118.7586296,431_2,431,das_work,5.846546173095703,48258,27,1
1771695118.8253825,439_2,439,tpc_commit,13.961736917495728,28795,27,1
1771695119.0852685,435_2,435,tpc_commit,14.25038456916809,28795,27,1
1771695126.240433,434_3,434,tpc_lock,7.095745086669922,46561,28,1
1771695126.2810044,436_4,436,tpc_lock,6.7677106857299805,46561,28,1
1771695126.3340144,430_4,430,tpc_lock,6.737465858459473,46561,28,1
1771695126.3716898,432_4,432,tpc_lock,6.376972198486328,46561,28,1
1771695128.6552556,433_3,433,tpc_lock,8.261382818222046,46561,28,1
1771695128.6670818,435_3,435,tpc_lock,8.957231283187866,46561,28,1
1771695128.7572236,439_3,439,tpc_lock,8.690459251403809,46549,28,1
1771695128.8491735,431_2,431,tpc_commit,10.090533018112184,28795,28,1
1771695130.291643,436_4,436,tpc_lock,4.010624170303345,46561,28,1
1771695130.3002946,432_4,432,tpc_lock,3.928593158721924,46561,28,1
1771695130.3491013,434_3,434,tpc_lock,4.108657836914063,46561,28,1
1771695130.473095,430_4,430,tpc_lock,4.139064788818359,46561,28,1
1771695130.550351,438_3,438,das_work,10.863501071929932,48258,28,1
1771695130.5955374,437_3,437,tpc_lock,14.052043437957764,46561,28,1
1771695138.3314264,438_3,438,tpc_commit,7.781063556671143,28795,29,1
1771695142.2983613,437_3,437,das_work,9.300024032592772,48258,29,1
1771695142.300795,434_3,434,das_work,5.1769118309021,48258,29,1
1771695142.3560624,433_3,433,tpc_lock,13.70079517364502,46561,29,1
1771695142.389611,435_3,435,tpc_lock,13.72251796722412,46561,29,1
1771695142.4453125,438_3,438,tpc_commit,4.113875865936279,28795,29,1
1771695142.447505,436_4,436,das_work,2.5655977725982666,48258,29,1
1771695142.6506045,439_3,439,tpc_lock,13.893367290496826,46549,29,1
1771695142.6699717,431_2,431,tpc_commit,13.820786714553831,28795,29,1
1771695142.7247007,432_4,432,das_work,8.49207091331482,48258,29,1
1771695142.7379477,430_4,430,das_work,11.105856657028198,48258,29,1
1771695150.0863075,436_4,436,tpc_commit,7.638792276382446,28795,30,1
1771695150.1083114,432_4,432,tpc_commit,7.383599519729614,28795,30,1
1771695150.1327446,438_4,438,tpc_lock,6.407306909561157,46561,30,1
1771695150.161863,430_4,430,tpc_commit,7.423904657363892,28795,30,1
1771695150.185823,434_3,434,tpc_commit,7.885016679763794,28795,30,1
1771695152.711315,437_3,437,tpc_commit,10.412939548492432,28795,30,1
1771695152.735185,431_3,431,tpc_lock,9.291484117507936,46549,30,1
1771695154.3563485,437_3,437,tpc_commit,1.6450188159942627,28795,30,1
1771695154.4095938,436_4,436,tpc_commit,4.323250770568848,28795,30,1
1771695154.440951,435_3,435,das_work,6.089204549789429,48258,30,1
1771695154.5250323,431_3,431,tpc_lock,1.78983473777771,46549,30,1
1771695154.5520482,434_3,434,tpc_commit,4.366214275360107,28795,30,1
1771695154.591268,439_3,439,das_work,6.997596979141235,48258,30,1
1771695154.593549,430_4,430,tpc_commit,4.431674957275391,28795,30,1
1771695154.7552333,432_4,432,tpc_commit,4.646910429000855,28795,30,1
1771695154.805213,438_4,438,tpc_lock,4.672454833984375,46561,30,1
1771695154.8127456,433_3,433,das_work,9.838684797286987,48258,30,1
1771695162.049643,434_4,434,tpc_lock,5.8814685344696045,46561,31,1
1771695164.5350974,433_3,433,tpc_commit,9.72234058380127,28795,31,1
1771695164.5737555,437_4,437,tpc_lock,9.704243421554564,46549,31,1
1771695164.613466,439_3,439,tpc_commit,10.022185802459717,28783,31,1
1771695164.6365304,435_3,435,tpc_commit,10.195565462112429,28795,31,1
1771695166.2609386,434_4,434,tpc_lock,4.211286067962647,46561,31,1
1771695166.2822027,431_3,431,das_work,5.398449420928955,48258,31,1
1771695166.3393328,439_3,439,tpc_commit,1.725855827331543,28783,31,1
1771695166.364773,435_3,435,tpc_commit,1.7282304763793943,28795,31,1
1771695166.4093518,437_4,437,tpc_lock,1.8355865478515625,46549,31,1
1771695166.441628,438_4,438,das_work,3.3282501697540283,48258,31,1
1771695166.4435904,433_3,433,tpc_commit,1.9084272384643557,28795,31,1
1771695174.0476687,438_4,438,tpc_commit,7.606029748916626,28795,32,1
1771695176.525082,435_4,435,tpc_lock,9.632263898849487,46561,32,1
1771695176.530269,433_4,433,tpc_lock,8.46446681022644,46549,32,1
1771695176.5516906,439_4,439,tpc_lock,8.264714479446411,46561,32,1
1771695176.6417985,431_3,431,tpc_commit,10.35958480834961,28783,32,1
1771695178.2040768,438_4,438,tpc_commit,4.156397819519043,28795,32,1
1771695178.2167714,433_4,433,tpc_lock,1.6864924430847168,46549,32,1
1771695178.2192984,434_4,434,das_work,5.156750679016113,48258,32,1
1771695178.2242737,435_4,435,tpc_lock,1.6991803646087646,46561,32,1
1771695178.23355,437_4,437,das_work,7.926114320755005,48258,32,1
1771695178.236856,431_3,431,tpc_commit,1.5950474739074707,28783,32,1
1771695178.24143,439_4,439,tpc_lock,1.6897282600402832,46561,32,1
1771695186.073137,434_4,434,tpc_commit,7.853826522827148,28795,33,1
1771695188.5202112,431_4,431,tpc_lock,9.460086584091188,46561,33,1
1771695188.526678,437_4,437,tpc_commit,10.293117761611938,28783,33,1
1771695190.239639,433_4,433,das_work,9.897404909133911,48258,33,1
1771695190.2516618,435_4,435,das_work,6.059830904006958,48258,33,1
1771695190.3085146,434_4,434,tpc_commit,4.235366344451904,28795,33,1
1771695190.316099,431_4,431,tpc_lock,1.795877456665039,46561,33,1
1771695190.3213103,439_4,439,das_work,4.0185534954071045,48258,33,1
1771695190.3372638,437_4,437,tpc_commit,1.8105733394622805,28783,33,1
1771695200.4866233,433_4,433,tpc_commit,10.246973752975464,28783,34,1
1771695200.506717,439_4,439,tpc_commit,10.185393571853638,28795,34,1
1771695200.5147328,435_4,435,tpc_commit,10.263059377670288,28795,34,1
1771695202.2070868,439_4,439,tpc_commit,1.7003586292266846,28795,34,1
1771695202.22779,433_4,433,tpc_commit,1.7411248683929443,28783,34,1
1771695202.2410865,431_4,431,das_work,5.663676977157593,48258,34,1
1771695202.2484062,435_4,435,tpc_commit,1.7336609363555908,28795,34,1
1771695212.508351,431_4,431,tpc_commit,10.267252683639526,28795,35,1
1771695214.1142027,431_4,431,tpc_commit,1.6058402061462402,28795,35,1
1771694970.279879,448_0,448,tpc_lock,5.761001586914063,46561,15,1
1771694970.3067603,446_0,446,tpc_lock,9.510870218276978,46549,15,1
1771694970.4020429,440_0,440,tpc_lock,2.6732001304626465,46561,15,1
1771694970.4314067,444_0,444,tpc_lock,3.0231165885925293,46549,15,1
1771694972.5975964,443_0,443,tpc_lock,5.730638027191162,46561,15,1
1771694972.6072593,445_0,445,tpc_lock,6.677495718002319,46561,15,1
1771694972.6350422,447_0,447,tpc_lock,4.038684844970703,46561,15,1
1771694972.659461,449_0,449,tpc_lock,5.479538202285767,46549,15,1
1771694972.679819,441_0,441,tpc_lock,4.170837640762329,46561,15,1
1771694974.248531,446_0,446,tpc_lock,3.941765069961548,46549,15,1
1771694974.3445098,444_0,444,tpc_lock,3.913098096847534,46549,15,1
1771694974.583895,440_0,440,tpc_lock,4.181845188140869,46561,15,1
1771694974.5985737,448_0,448,tpc_lock,4.318652868270874,46561,15,1
1771694982.3536658,442_0,442,tpc_lock,8.238227128982544,46561,16,1
1771694986.3903654,448_0,448,das_work,9.595547437667848,48258,16,1
1771694986.678151,447_0,447,tpc_lock,14.043102264404297,46561,16,1
1771694986.692956,442_0,442,tpc_lock,4.339285135269165,46561,16,1
1771694986.7721603,444_0,444,das_work,8.178602457046509,48258,16,1
1771694986.7986808,441_0,441,tpc_lock,14.118855714797974,46561,16,1
1771694986.8616247,445_0,445,tpc_lock,14.25435996055603,46561,16,1
1771694986.9225273,440_0,440,das_work,8.161564350128174,48258,16,1
1771694987.0449922,446_0,446,das_work,8.175533294677734,48258,16,1
1771694987.0523794,449_0,449,tpc_lock,14.392913341522217,46549,16,1
1771694987.2428112,443_0,443,tpc_lock,14.64520788192749,46561,16,1
1771694994.1676278,448_0,448,tpc_commit,7.777251482009888,28795,17,1
1771694994.1697493,444_0,444,tpc_commit,7.39757776260376,28783,17,1
1771694994.264854,446_0,446,tpc_commit,7.219851493835449,28783,17,1
1771694994.295493,440_0,440,tpc_commit,7.372956275939941,28795,17,1
1771694998.276562,447_0,447,das_work,4.812392473220825,48258,17,1
1771694998.2973657,442_0,442,das_work,8.622842073440552,48258,17,1
1771694998.304231,443_0,443,das_work,6.6032562255859375,48258,17,1
1771694998.448563,441_0,441,das_work,6.382486581802368,48258,17,1
1771694998.6268167,449_0,449,das_work,8.209683179855347,48258,17,1
1771694998.6687012,448_0,448,tpc_commit,4.501061916351318,28795,17,1
1771694998.7182262,446_0,446,tpc_commit,4.4533631801605225,28783,17,1
1771694998.747833,445_0,445,das_work,9.6289701461792,48258,17,1
1771694998.7937024,444_0,444,tpc_commit,4.623942613601685,28783,17,1
1771694998.79435,440_0,440,tpc_commit,4.49884819984436,28795,17,1
1771695006.6331754,440_1,440,tpc_lock,6.37848687171936,46561,18,1
1771695006.6436234,446_1,446,tpc_lock,6.761701345443726,46561,18,1
1771695006.8024316,442_0,442,tpc_commit,8.505055904388428,28795,18,1
1771695006.853542,448_1,448,tpc_lock,7.41647458076477,46561,18,1
1771695006.8885548,444_1,444,tpc_lock,6.924367427825928,46561,18,1
1771695008.5168068,447_0,447,tpc_commit,10.240235567092896,28795,18,1
1771695008.5734346,449_0,449,tpc_commit,9.946606159210203,28783,18,1
1771695008.604353,443_0,443,tpc_commit,10.300110578536987,28795,18,1
1771695008.6225028,445_0,445,tpc_commit,9.874659538269045,28795,18,1
1771695008.6343389,441_0,441,tpc_commit,10.18576693534851,28795,18,1
1771695010.4034016,446_1,446,tpc_lock,3.7597670555114746,46561,18,1
1771695010.4308343,440_1,440,tpc_lock,3.797648906707764,46561,18,1
1771695010.4710417,448_1,448,tpc_lock,3.617488622665405,46561,18,1
1771695010.720675,444_1,444,tpc_lock,3.832108974456787,46561,18,1
1771695010.7365828,442_0,442,tpc_commit,3.93413758277893,28795,18,1
1771695018.3071427,442_1,442,tpc_lock,5.744287729263306,46561,19,1
1771695022.279655,443_0,443,tpc_commit,13.67529010772705,28795,19,1
1771695022.305055,448_1,448,das_work,9.772430181503296,48258,19,1
1771695022.3395872,446_1,446,das_work,6.793711423873901,48258,19,1
1771695022.4635265,444_1,444,das_work,8.622068881988525,48258,19,1
1771695022.4666326,447_0,447,tpc_commit,13.94981336593628,28795,19,1
1771695022.7838995,440_1,440,das_work,4.5652220249176025,48258,19,1
1771695022.7924356,442_1,442,tpc_lock,4.485283136367798,46561,19,1
1771695022.8431904,441_0,441,tpc_commit,14.208839416503906,28795,19,1
1771695022.8763835,445_0,445,tpc_commit,14.253868103027344,28795,19,1
1771695022.9831908,449_0,449,tpc_commit,14.409745216369627,28783,19,1
1771695030.208429,446_1,446,tpc_commit,7.868773460388184,28795,20,1
1771695030.2099397,448_1,448,tpc_commit,7.904264450073242,28795,20,1
1771695030.2398198,444_1,444,tpc_commit,7.776281356811523,28795,20,1
1771695030.395,440_1,440,tpc_commit,7.611089944839477,28795,20,1
1771695032.7120883,441_1,441,tpc_lock,8.947611808776855,46561,20,1
1771695032.713276,443_1,443,tpc_lock,9.054304122924805,46561,20,1
1771695032.7773,447_1,447,tpc_lock,9.556140184402466,46561,20,1
1771695032.7803018,449_1,449,tpc_lock,8.590456485748291,46561,20,1
1771695032.7898178,445_1,445,tpc_lock,8.872097492218018,46561,20,1
1771695034.2759666,448_1,448,tpc_commit,4.066015243530273,28795,20,1
1771695034.9393542,446_1,446,tpc_commit,4.730911731719971,28795,20,1
1771695035.226983,442_1,442,das_work,7.68511176109314,48258,20,1
1771695035.3061712,444_1,444,tpc_commit,5.066340684890747,28795,20,1
1771695042.237131,442_1,442,tpc_commit,7.010134696960449,28795,21,1
1771695042.255731,448_2,448,tpc_lock,6.301261425018311,46561,21,1
1771695042.292609,444_2,444,tpc_lock,6.484001636505127,46561,21,1
1771695042.3046093,446_2,446,tpc_lock,6.052680730819702,46561,21,1
1771695046.315292,446_2,446,tpc_lock,4.010668992996216,46561,21,1
1771695046.349751,447_1,447,tpc_lock,13.57243824005127,46561,21,1
1771695046.4163418,445_1,445,tpc_lock,13.626511335372925,46561,21,1
1771695046.6056693,440_1,440,tpc_commit,16.210658311843872,28795,21,1
1771695046.6326056,442_1,442,tpc_commit,4.395462512969971,28795,21,1
1771695046.6487958,449_1,449,tpc_lock,13.868481397628784,46561,21,1
1771695046.7834203,443_1,443,tpc_lock,14.070133209228516,46561,21,1
1771695046.791324,441_1,441,tpc_lock,14.079185724258425,46561,21,1
1771695046.8827915,444_2,444,tpc_lock,4.590170383453369,46561,21,1
1771695046.9530072,448_2,448,tpc_lock,4.697262763977051,46561,21,1
1771695054.5708978,442_2,442,tpc_lock,6.467883825302124,46561,22,1
1771695054.7557085,440_2,440,tpc_lock,6.626729726791382,46561,22,1
1771695058.3381724,440_2,440,tpc_lock,3.582450151443481,46561,22,1
1771695058.339044,442_2,442,tpc_lock,3.768132209777832,46561,22,1
1771695058.4994977,449_1,449,das_work,5.61631178855896,48258,22,1
1771695058.5712132,441_1,441,das_work,4.16008734703064,48258,22,1
1771695058.843686,447_1,447,das_work,9.86803102493286,48258,22,1
1771695058.9148054,444_2,444,das_work,3.487790107727051,48258,22,1
1771695059.0984044,446_2,446,das_work,10.599116802215576,48258,22,1
1771695066.4997766,444_2,444,tpc_commit,7.584959030151367,28795,23,1
1771695066.5056474,446_2,446,tpc_commit,7.407231569290161,28795,23,1
1771695068.511091,441_1,441,tpc_commit,9.939820528030396,28795,23,1
1771695068.5603232,447_1,447,tpc_commit,9.716625213623049,28795,23,1
1771695068.6001344,449_1,449,tpc_commit,10.100627899169922,28795,23,1
1771695070.2934103,440_2,440,das_work,3.952051162719727,48258,23,1
1771695070.439988,443_1,443,das_work,14.172703504562378,48258,23,1
1771695070.4903622,444_2,444,tpc_commit,3.990528345108032,28795,23,1
1771695070.522369,446_2,446,tpc_commit,4.016710519790649,28795,23,1
1771695070.618073,442_2,442,das_work,4.15742564201355,48258,23,1
1771695070.6371636,445_1,445,das_work,14.630977630615234,48258,23,1
1771695070.6848607,447_1,447,tpc_commit,2.124459981918335,28795,23,1
1771695070.7680478,448_2,448,das_work,14.812398433685305,48258,23,1
1771695070.831082,449_1,449,tpc_commit,2.2309367656707764,28795,23,1
1771695070.918835,441_1,441,tpc_commit,2.407733201980591,28795,23,1
1771695078.23605,444_3,444,tpc_lock,5.964012145996094,46561,24,1
1771695078.293666,446_3,446,tpc_lock,6.932460784912109,46561,24,1
1771695078.2957418,442_2,442,tpc_commit,7.677657842636108,28795,24,1
1771695078.334735,440_2,440,tpc_commit,8.04131031036377,28795,24,1
1771695078.353633,448_2,448,tpc_commit,7.5855724811553955,28795,24,1
1771695080.4306457,443_1,443,tpc_commit,9.990504503250122,28795,24,1
1771695080.4354656,441_2,441,tpc_lock,7.5540993213653564,46561,24,1
1771695080.4374125,449_2,449,tpc_lock,8.784321784973145,46561,24,1
1771695080.464213,447_2,447,tpc_lock,8.832007646560669,46561,24,1
1771695080.4680753,445_1,445,tpc_commit,9.830902099609377,28795,24,1
1771695082.337932,449_2,449,tpc_lock,1.9005093574523928,46561,24,1
1771695082.3418968,448_2,448,tpc_commit,3.9882540702819824,28795,24,1
1771695082.4499087,446_3,446,tpc_lock,4.156232118606567,46561,24,1
1771695082.6142108,443_1,443,tpc_commit,2.183551788330078,28795,24,1
1771695082.7021215,442_2,442,tpc_commit,4.406369924545288,28795,24,1
1771695082.7646148,440_2,440,tpc_commit,4.429818153381348,28795,24,1
1771695082.855992,444_3,444,tpc_lock,4.619902610778809,46561,24,1
1771695082.8647122,445_1,445,tpc_commit,2.3966257572174072,28795,24,1
1771695082.8831484,441_2,441,tpc_lock,2.4476704597473145,46561,24,1
1771695082.895316,447_2,447,tpc_lock,2.431095123291016,46561,24,1
1771695090.210297,440_3,440,tpc_lock,6.8093812465667725,46549,25,1
1771695090.2308683,442_3,442,tpc_lock,6.060081005096436,46561,25,1
1771695090.2543554,448_3,448,tpc_lock,6.139400243759155,46561,25,1
1771695092.5642676,443_2,443,tpc_lock,9.11582899093628,46549,25,1
1771695092.6298,445_2,445,tpc_lock,8.414073467254639,46561,25,1
1771695094.2535217,448_3,448,tpc_lock,3.999154090881348,46561,25,1
1771695094.3094282,442_3,442,tpc_lock,4.078548431396484,46561,25,1
1771695094.374717,444_3,444,das_work,8.164771556854248,48258,25,1
1771695094.4423602,446_3,446,das_work,4.932745933532715,48258,25,1
1771695094.4482725,449_2,449,das_work,6.908709764480591,48258,25,1
1771695094.5346138,441_2,441,das_work,2.7046046257019043,48258,25,1
1771695094.7081847,440_3,440,tpc_lock,4.497874736785889,46549,25,1
1771695094.7400472,447_2,447,das_work,3.234539270401001,48258,25,1
1771695102.4015374,446_3,446,tpc_commit,7.959166765213013,28795,26,1
1771695102.410453,444_3,444,tpc_commit,8.035724639892578,28795,26,1
1771695104.6969354,447_2,447,tpc_commit,9.95684266090393,28795,26,1
1771695104.699246,441_2,441,tpc_commit,10.164622068405151,28795,26,1
1771695104.8221736,449_2,449,tpc_commit,10.373889684677124,28795,26,1
1771695106.2752078,448_3,448,das_work,9.676862955093384,48258,26,1
1771695106.7346234,443_2,443,tpc_lock,14.170343399047852,46549,26,1
1771695106.8517566,442_3,442,das_work,6.191926717758179,48258,26,1
1771695107.0526035,445_2,445,tpc_lock,14.422792196273804,46561,26,1
1771695107.0791366,446_3,446,tpc_commit,4.677583456039429,28795,26,1
1771695107.3621862,440_3,440,das_work,9.887988805770874,48258,26,1
1771695114.184634,440_3,440,tpc_commit,6.822435855865479,28783,27,1
1771695114.190796,446_4,446,tpc_lock,5.44682765007019,46561,27,1
1771695114.2247078,448_3,448,tpc_commit,7.949491262435913,28795,27,1
1771695114.227135,442_3,442,tpc_commit,7.375365495681763,28795,27,1
1771695118.347418,444_3,444,tpc_commit,15.936954736709597,28795,27,1
1771695118.3974874,448_3,448,tpc_commit,4.172769069671631,28795,27,1
1771695118.421678,441_2,441,tpc_commit,13.722424268722534,28795,27,1
1771695118.4338477,442_3,442,tpc_commit,4.206703186035156,28795,27,1
1771695118.4652014,443_2,443,das_work,9.589576482772827,48258,27,1
1771695118.4823594,445_2,445,das_work,2.666775703430176,48258,27,1
1771695118.4860213,449_2,449,tpc_commit,13.663836240768433,28795,27,1
1771695118.5685368,447_2,447,tpc_commit,13.871587991714478,28795,27,1
1771695118.8336196,446_4,446,tpc_lock,4.642812728881836,46561,27,1
1771695119.07214,440_3,440,tpc_commit,4.887314558029175,28783,27,1
1771695126.211266,448_4,448,tpc_lock,6.233482837677002,46561,28,1
1771695126.226549,442_4,442,tpc_lock,6.116888761520386,46561,28,1
1771695126.229105,444_4,444,tpc_lock,5.88589072227478,46561,28,1
1771695126.2809389,440_4,440,tpc_lock,6.6594743728637695,46561,28,1
1771695128.6380663,441_3,441,tpc_lock,8.970444202423096,46561,28,1
1771695128.6401649,449_3,449,tpc_lock,8.406319379806519,46561,28,1
1771695128.643347,445_2,445,tpc_commit,10.160975694656372,28795,28,1
1771695128.850465,443_2,443,tpc_commit,10.385249614715576,28783,28,1
1771695128.8769488,447_3,447,tpc_lock,8.438297748565674,46549,28,1
1771695130.325695,442_4,442,tpc_lock,4.099134206771851,46561,28,1
1771695130.412492,446_4,446,das_work,9.493905782699583,48258,28,1
1771695130.5049455,448_4,448,tpc_lock,4.29366660118103,46561,28,1
1771695130.6130652,444_4,444,tpc_lock,4.383948802947998,46561,28,1
1771695130.7984502,440_4,440,tpc_lock,4.517497777938843,46561,28,1
1771695138.4069233,446_4,446,tpc_commit,7.994419097900391,28795,29,1
1771695142.2978096,447_3,447,tpc_lock,13.420849561691284,46549,29,1
1771695142.3122704,446_4,446,tpc_commit,3.905303716659546,28795,29,1
1771695142.3271923,442_4,442,das_work,4.339797735214233,48258,29,1
1771695142.3883238,449_3,449,tpc_lock,13.74814772605896,46561,29,1
1771695142.388949,445_2,445,tpc_commit,13.745589971542358,28795,29,1
1771695142.4108994,440_4,440,das_work,3.282657623291016,48258,29,1
1771695142.4648404,444_4,444,das_work,3.8491370677948,48258,29,1
1771695142.5083451,441_3,441,tpc_lock,13.870267152786257,46561,29,1
1771695142.6743107,443_2,443,tpc_commit,13.82383131980896,28783,29,1
1771695142.725597,448_4,448,das_work,3.40733003616333,48258,29,1
1771695150.0767958,444_4,444,tpc_commit,7.611663103103638,28795,30,1
1771695150.1647618,448_4,448,tpc_commit,7.439152956008911,28795,30,1
1771695150.167523,440_4,440,tpc_commit,7.756285190582275,28795,30,1
1771695150.1892862,442_4,442,tpc_commit,7.862083196640015,28795,30,1
1771695152.7185402,443_3,443,tpc_lock,9.214131116867064,46561,30,1
1771695152.7704132,445_3,445,tpc_lock,9.848432540893556,46561,30,1
1771695154.3228652,441_3,441,das_work,10.090882062911987,48258,30,1
1771695154.33859,448_4,448,tpc_commit,4.173813819885254,28795,30,1
1771695154.3450232,447_3,447,das_work,2.919098377227783,48258,30,1
1771695154.3570588,449_3,449,das_work,8.319544792175293,48258,30,1
1771695154.4177625,444_4,444,tpc_commit,4.340956211090088,28795,30,1
1771695154.4571378,440_4,440,tpc_commit,4.289604187011719,28795,30,1
1771695154.5677743,442_4,442,tpc_commit,4.378478050231934,28795,30,1
1771695154.7147045,443_3,443,tpc_lock,1.9961507320404053,46561,30,1
1771695154.7795503,445_3,445,tpc_lock,2.0091233253479004,46561,30,1
1771695164.5361836,441_3,441,tpc_commit,10.212873458862305,28795,31,1
1771695164.5399764,447_3,447,tpc_commit,10.194941520690918,28783,31,1
1771695164.647166,449_3,449,tpc_commit,10.290093898773192,28795,31,1
1771695166.2637334,449_3,449,tpc_commit,1.6165554523468018,28795,31,1
1771695166.3613858,447_3,447,tpc_commit,1.8213975429534912,28783,31,1
1771695166.3719804,443_3,443,das_work,8.837230443954468,48258,31,1
1771695166.3979318,445_3,445,das_work,9.088840246200562,48258,31,1
1771695166.4471085,441_3,441,tpc_commit,1.91089129447937,28795,31,1
1771695176.5383906,445_3,445,tpc_commit,10.14044713973999,28795,32,1
1771695176.5395656,449_4,449,tpc_lock,9.538192510604858,46561,32,1
1771695176.558329,441_4,441,tpc_lock,8.939279556274414,46561,32,1
1771695176.5935156,443_3,443,tpc_commit,10.221522331237791,28795,32,1
1771695176.6397636,447_4,447,tpc_lock,9.188775300979614,46561,32,1
1771695178.200847,441_4,441,tpc_lock,1.642505407333374,46561,32,1
1771695178.2222044,447_4,447,tpc_lock,1.5824291706085205,46561,32,1
1771695178.2361174,449_4,449,tpc_lock,1.6964962482452393,46561,32,1
1771695178.2388296,445_3,445,tpc_commit,1.7004239559173584,28795,32,1
1771695178.254258,443_3,443,tpc_commit,1.660731554031372,28795,32,1
1771695188.5095923,443_4,443,tpc_lock,8.314749717712402,46561,33,1
1771695188.5438287,445_4,445,tpc_lock,8.56858205795288,46549,33,1
1771695190.316509,443_4,443,tpc_lock,1.8068981170654297,46561,33,1
1771695190.3344395,445_4,445,tpc_lock,1.7905981540679932,46549,33,1
1771695190.37667,441_4,441,das_work,10.963905096054075,48258,33,1
1771695190.3872488,449_4,449,das_work,11.12406873703003,48258,33,1
1771695190.4137585,447_4,447,das_work,7.451619148254394,48258,33,1
1771695200.4762044,449_4,449,tpc_commit,10.088943481445312,28795,34,1
1771695200.5101635,441_4,441,tpc_commit,10.133479833602903,28795,34,1
1771695200.5485342,447_4,447,tpc_commit,10.13476276397705,28795,34,1
1771695202.149979,447_4,447,tpc_commit,1.6014337539672852,28795,34,1
1771695202.160515,445_4,445,das_work,5.11531662940979,48258,34,1
1771695202.166267,441_4,441,tpc_commit,1.656092643737793,28795,34,1
1771695202.167886,443_4,443,das_work,3.847167253494263,48258,34,1
1771695202.298164,449_4,449,tpc_commit,1.8219006061553955,28795,34,1
1771695212.4892485,443_4,443,tpc_commit,10.321351289749146,28795,35,1
1771695212.5116942,445_4,445,tpc_commit,10.351168394088743,28783,35,1
1771695214.1465516,443_4,443,tpc_commit,1.6572906970977783,28795,35,1
1771695214.1527305,445_4,445,tpc_commit,1.641024112701416,28783,35,1
1771694970.2681482,452_0,452,tpc_lock,5.484373331069946,46561,15,1
1771694970.3614657,454_0,454,tpc_lock,4.162083387374878,46561,15,1
1771694972.658693,457_0,457,tpc_lock,3.9759674072265625,46561,15,1
1771694972.69866,453_0,453,tpc_lock,7.704755783081055,46561,15,1
1771694972.755803,459_0,459,tpc_lock,1.8540587425231931,46561,15,1
1771694974.2770734,452_0,452,tpc_lock,4.008918046951294,46561,15,1
1771694974.766666,454_0,454,tpc_lock,4.40519380569458,46561,15,1
1771694982.408411,456_0,456,tpc_lock,6.135812282562256,46561,16,1
1771694982.549271,450_0,450,tpc_lock,11.256083965301514,46561,16,1
1771694982.6198862,458_0,458,tpc_lock,10.885839939117432,46561,16,1
1771694984.4608085,451_0,451,tpc_lock,10.784509897232056,46561,16,1
1771694984.4934068,455_0,455,tpc_lock,8.064955234527588,46561,16,1
1771694986.2660637,453_0,453,tpc_lock,13.567396402359009,46561,16,1
1771694986.4775853,458_0,458,tpc_lock,3.8576931953430176,46561,16,1
1771694986.5040278,450_0,450,tpc_lock,3.9547507762908936,46561,16,1
1771694986.5504775,456_0,456,tpc_lock,4.1420605182647705,46561,16,1
1771694986.7496264,452_0,452,das_work,5.946454286575317,48258,16,1
1771694986.894524,454_0,454,das_work,8.300731658935547,48258,16,1
1771694986.9296992,457_0,457,tpc_lock,14.271000385284424,46561,16,1
1771694987.225133,459_0,459,tpc_lock,14.46932339668274,46561,16,1
1771694994.166563,452_0,452,tpc_commit,7.416927814483643,28795,17,1
1771694994.2114067,454_0,454,tpc_commit,7.316871404647827,28795,17,1
1771694998.2718682,455_0,455,tpc_lock,13.77845549583435,46561,17,1
1771694998.322446,453_0,453,das_work,7.4079508781433105,48258,17,1
1771694998.3451056,454_0,454,tpc_commit,4.133688449859619,28795,17,1
1771694998.362395,458_0,458,das_work,8.152424812316895,48258,17,1
1771694998.4589071,457_0,457,das_work,7.978700876235962,48258,17,1
1771694998.48131,452_0,452,tpc_commit,4.314734220504761,28795,17,1
1771694998.595068,451_0,451,tpc_lock,14.134252071380615,46561,17,1
1771694998.6092806,456_0,456,das_work,7.135764837265015,48258,17,1
1771694998.7561202,450_0,450,das_work,4.095919132232666,48258,17,1
1771694998.803478,459_0,459,das_work,7.061244010925293,48258,17,1
1771695006.6220322,452_1,452,tpc_lock,7.006667137145996,46561,18,1
1771695006.6551354,456_0,456,tpc_commit,8.04584527015686,28795,18,1
1771695006.8549783,454_1,454,tpc_lock,7.245065212249756,46561,18,1
1771695006.915184,450_0,450,tpc_commit,8.15905213356018,28795,18,1
1771695006.951143,458_0,458,tpc_commit,8.588736772537231,28795,18,1
1771695008.527455,457_0,457,tpc_commit,10.068536758422852,28795,18,1
1771695008.529253,453_0,453,tpc_commit,10.206796169281006,28795,18,1
1771695008.620258,459_0,459,tpc_commit,9.816749572753906,28795,18,1
1771695010.3054976,454_1,454,tpc_lock,3.4505088329315186,46561,18,1
1771695010.3218167,458_0,458,tpc_commit,3.370660781860352,28795,18,1
1771695010.3563068,451_0,451,das_work,7.628929615020752,48258,18,1
1771695010.6933978,456_0,456,tpc_commit,4.038250207901001,28795,18,1
1771695010.6967037,455_0,455,das_work,4.317800045013428,48258,18,1
1771695010.754352,452_1,452,tpc_lock,4.132307529449463,46561,18,1
1771695018.2414482,456_1,456,tpc_lock,5.927768230438232,46561,19,1
1771695018.246179,458_1,458,tpc_lock,7.167944669723511,46561,19,1
1771695020.4329767,451_0,451,tpc_commit,10.076659202575684,28795,19,1
1771695020.473693,455_0,455,tpc_commit,9.77697467803955,28795,19,1
1771695022.28573,453_0,453,tpc_commit,13.75644326210022,28795,19,1
1771695022.3474822,450_0,450,tpc_commit,15.432152032852173,28795,19,1
1771695022.392991,452_1,452,das_work,4.7435996532440186,48258,19,1
1771695022.494275,456_1,456,tpc_lock,4.252816200256348,46561,19,1
1771695022.6261258,458_1,458,tpc_lock,4.379933834075928,46561,19,1
1771695022.6981597,459_0,459,tpc_commit,14.077890157699583,28795,19,1
1771695022.9564807,457_0,457,tpc_commit,14.429012775421144,28795,19,1
1771695023.1863165,454_1,454,das_work,7.596872806549072,48258,19,1
1771695030.2431557,450_1,450,tpc_lock,5.895297050476074,46561,20,1
1771695030.4553208,452_1,452,tpc_commit,8.062317609786987,28795,20,1
1771695030.4831295,454_1,454,tpc_commit,7.29680323600769,28795,20,1
1771695032.7211227,453_1,453,tpc_lock,9.618396759033203,46561,20,1
1771695032.758212,457_1,457,tpc_lock,8.879295825958252,46561,20,1
1771695032.841695,459_1,459,tpc_lock,9.039375066757202,46561,20,1
1771695034.3248055,454_1,454,tpc_commit,3.841664552688599,28795,20,1
1771695034.4159255,451_0,451,tpc_commit,13.982938766479492,28795,20,1
1771695034.4265163,450_1,450,tpc_lock,4.18335223197937,46561,20,1
1771695034.455672,455_0,455,tpc_commit,13.981969594955444,28795,20,1
1771695035.248283,458_1,458,das_work,9.735724449157717,48258,20,1
1771695042.2467272,454_2,454,tpc_lock,5.953878879547119,46561,21,1
1771695042.278572,458_1,458,tpc_commit,7.030278205871582,28795,21,1
1771695044.5542514,451_1,451,tpc_lock,8.772408246994019,46561,21,1
1771695044.623901,455_1,455,tpc_lock,9.386976957321169,46561,21,1
1771695046.3285935,457_1,457,tpc_lock,13.570369243621826,46561,21,1
1771695046.434892,452_1,452,tpc_commit,15.97955584526062,28795,21,1
1771695046.4364953,456_1,456,das_work,15.969924688339232,48258,21,1
1771695046.4546535,459_1,459,tpc_lock,13.61294436454773,46561,21,1
1771695046.7721708,450_1,450,das_work,3.560154438018799,48258,21,1
1771695046.7960837,454_2,454,tpc_lock,4.549343585968018,46561,21,1
1771695046.813376,458_1,458,tpc_commit,4.534790277481079,28795,21,1
1771695046.878694,453_1,453,tpc_lock,14.15755844116211,46561,21,1
1771695054.3605704,450_1,450,tpc_commit,7.58838939666748,28795,22,1
1771695054.3657656,452_2,452,tpc_lock,6.379626274108887,46561,22,1
1771695054.435956,458_2,458,tpc_lock,6.661015510559082,46561,22,1
1771695054.5859463,456_1,456,tpc_commit,8.149440050125122,28795,22,1
1771695058.3099954,451_1,451,tpc_lock,13.75573182106018,46561,22,1
1771695058.3338573,450_1,450,tpc_commit,3.973278760910034,28795,22,1
1771695058.456679,456_1,456,tpc_commit,3.8707215785980233,28795,22,1
1771695058.5494463,452_2,452,tpc_lock,4.183670282363892,46561,22,1
1771695058.7048924,454_2,454,das_work,9.473073482513428,48258,22,1
1771695058.8715909,453_1,453,das_work,10.033312559127808,48258,22,1
1771695059.0588531,457_1,457,das_work,7.234277963638306,48258,22,1
1771695059.071836,455_1,455,tpc_lock,14.44792342185974,46561,22,1
1771695059.158201,458_2,458,tpc_lock,4.722232341766357,46561,22,1
1771695066.4195478,450_2,450,tpc_lock,6.404644012451172,46561,23,1
1771695066.5838666,456_2,456,tpc_lock,7.222912073135376,46561,23,1
1771695066.5951943,454_2,454,tpc_commit,7.890290975570679,28795,23,1
1771695068.495118,453_1,453,tpc_commit,9.62351393699646,28795,23,1
1771695068.569033,457_1,457,tpc_commit,9.510169506072998,28795,23,1
1771695070.307641,456_2,456,tpc_lock,3.723762273788452,46561,23,1
1771695070.3550942,452_2,452,das_work,9.483361959457396,48258,23,1
1771695070.3776584,459_1,459,das_work,15.640015125274658,48258,23,1
1771695070.615089,451_1,451,das_work,7.938104152679443,48258,23,1
1771695070.6196544,455_1,455,das_work,10.28773546218872,48258,23,1
1771695070.6639626,458_2,458,das_work,8.2750723361969,48258,23,1
1771695070.7303813,450_2,450,tpc_lock,4.310822486877441,46561,23,1
1771695070.78046,453_1,453,tpc_commit,2.28533148765564,28795,23,1
1771695070.7891097,454_2,454,tpc_commit,4.193904399871826,28795,23,1
1771695078.2568214,454_3,454,tpc_lock,6.079028606414795,46561,24,1
1771695078.2688165,458_2,458,tpc_commit,7.604841232299805,28795,24,1
1771695078.3375194,452_2,452,tpc_commit,7.982414245605469,28795,24,1
1771695080.4378586,451_1,451,tpc_commit,9.82275915145874,28795,24,1
1771695080.4491937,459_1,459,tpc_commit,10.07152533531189,28795,24,1
1771695080.462059,455_1,455,tpc_commit,9.842392921447754,28795,24,1
1771695080.5218782,453_2,453,tpc_lock,8.832458019256592,46561,24,1
1771695082.460414,453_2,453,tpc_lock,1.9385244846343996,46561,24,1
1771695082.536451,450_2,450,das_work,7.885701656341553,48258,24,1
1771695082.6165469,456_2,456,das_work,5.509779930114746,48258,24,1
1771695082.6260965,457_1,457,tpc_commit,14.057050943374634,28795,24,1
1771695082.679789,451_1,451,tpc_commit,2.2419209480285645,28795,24,1
1771695082.725441,459_1,459,tpc_commit,2.2762365341186523,28795,24,1
1771695082.7947862,455_1,455,tpc_commit,2.332716941833496,28795,24,1
1771695082.8458967,454_3,454,tpc_lock,4.589064121246338,46561,24,1
1771695082.904739,458_2,458,tpc_commit,4.635912895202637,28795,24,1
1771695082.9053495,452_2,452,tpc_commit,4.567819595336914,28795,24,1
1771695090.1237233,458_3,458,tpc_lock,5.622166395187378,46561,25,1
1771695090.1482122,456_2,456,tpc_commit,7.531654119491577,28795,25,1
1771695090.1695435,452_3,452,tpc_lock,5.399659395217896,46561,25,1
1771695090.2230475,450_2,450,tpc_commit,7.686583757400513,28795,25,1
1771695092.581838,457_2,457,tpc_lock,8.202262163162231,46561,25,1
1771695092.6092052,455_2,455,tpc_lock,8.494936466217041,46561,25,1
1771695092.626592,459_2,459,tpc_lock,9.008567810058594,46561,25,1
1771695092.6941464,451_2,451,tpc_lock,8.548369646072388,46561,25,1
1771695094.4338484,453_2,453,das_work,5.786378622055054,48258,25,1
1771695094.4543006,452_3,452,tpc_lock,4.284744739532471,46561,25,1
1771695094.478994,458_3,458,tpc_lock,4.355259656906128,46561,25,1
1771695094.6251264,454_3,454,das_work,9.82003092765808,48258,25,1
1771695094.8154066,456_2,456,tpc_commit,4.667183876037598,28795,25,1
1771695094.9862208,450_2,450,tpc_commit,4.763159513473511,28795,25,1
1771695102.2033792,450_3,450,tpc_lock,5.995322227478027,46561,26,1
1771695102.2159357,456_3,456,tpc_lock,6.018881320953369,46561,26,1
1771695102.40248,454_3,454,tpc_commit,7.777343511581421,28795,26,1
1771695104.811636,453_2,453,tpc_commit,10.37777543067932,28795,26,1
1771695106.2848618,455_2,455,tpc_lock,13.67564606666565,46561,26,1
1771695106.3806164,458_3,458,das_work,6.885719537734985,48258,26,1
1771695106.383459,459_2,459,tpc_lock,13.756857633590698,46561,26,1
1771695106.8904717,457_2,457,tpc_lock,14.30862045288086,46561,26,1
1771695106.9230025,451_2,451,tpc_lock,14.22884464263916,46561,26,1
1771695114.2016935,458_3,458,tpc_commit,7.821063756942749,28795,27,1
1771695118.3572433,450_3,450,tpc_lock,16.15385103225708,46561,27,1
1771695118.4847467,459_2,459,das_work,4.462798595428467,48258,27,1
1771695118.5409944,451_2,451,das_work,3.178273916244507,48258,27,1
1771695118.6036255,454_3,454,tpc_commit,16.20113444328308,28795,27,1
1771695118.6772122,456_3,456,tpc_lock,16.461262226104736,46561,27,1
1771695118.684214,452_3,452,das_work,14.482442617416382,48258,27,1
1771695118.70971,455_2,455,das_work,7.356538534164429,48258,27,1
1771695118.7516656,453_2,453,tpc_commit,13.940017700195312,28795,27,1
1771695118.752385,457_2,457,das_work,3.615581750869751,48258,27,1
1771695118.7835855,458_3,458,tpc_commit,4.581881046295166,28795,27,1
1771695126.211611,458_4,458,tpc_lock,5.606938123703003,46561,28,1
1771695126.2136698,452_3,452,tpc_commit,7.529444456100464,28795,28,1
1771695126.3891375,454_4,454,tpc_lock,6.979049682617188,46561,28,1
1771695128.638311,453_3,453,tpc_lock,8.61618947982788,46561,28,1
1771695128.668857,451_2,451,tpc_commit,10.127852201461792,28795,28,1
1771695128.6963916,457_2,457,tpc_commit,9.943994760513306,28795,28,1
1771695128.8121738,459_2,459,tpc_commit,10.327416181564333,28795,28,1
1771695128.8585796,455_2,455,tpc_commit,10.148858547210692,28795,28,1
1771695130.291983,450_3,450,das_work,10.24789047241211,48258,28,1
1771695130.2937143,452_3,452,tpc_commit,4.08003044128418,28795,28,1
1771695130.4159276,454_4,454,tpc_lock,4.02677845954895,46561,28,1
1771695130.4335053,456_3,456,das_work,6.816019535064697,48258,28,1
1771695130.6764936,458_4,458,tpc_lock,4.464871168136597,46561,28,1
1771695138.343499,452_4,452,tpc_lock,6.279855251312256,46549,29,1
1771695138.370587,450_3,450,tpc_commit,8.078593969345093,28795,29,1
1771695138.4173615,456_3,456,tpc_commit,7.983845710754394,28795,29,1
1771695142.304311,452_4,452,tpc_lock,3.9607937335968018,46549,29,1
1771695142.316042,451_2,451,tpc_commit,13.647170305252075,28795,29,1
1771695142.4179826,455_2,455,tpc_commit,13.559392213821411,28795,29,1
1771695142.4802215,454_4,454,das_work,5.163207769393921,48258,29,1
1771695142.6233158,450_3,450,tpc_commit,4.252715110778809,28795,29,1
1771695142.6570802,453_3,453,tpc_lock,14.01875615119934,46561,29,1
1771695142.676667,456_3,456,tpc_commit,4.259293794631958,28795,29,1
1771695142.689341,458_4,458,das_work,8.42927074432373,48258,29,1
1771695142.739324,459_2,459,tpc_commit,13.927138328552246,28795,29,1
1771695142.7582183,457_2,457,tpc_commit,14.0618155002594,28795,29,1
1771695150.0960736,450_4,450,tpc_lock,6.861175537109375,46561,30,1
1771695150.1220355,454_4,454,tpc_commit,7.641802072525024,28795,30,1
1771695150.12595,458_4,458,tpc_commit,7.4365973472595215,28795,30,1
1771695150.1968906,456_4,456,tpc_lock,6.136993885040283,46561,30,1
1771695152.7109444,459_3,459,tpc_lock,8.482050657272339,46549,30,1
1771695152.7141185,455_3,455,tpc_lock,9.272096633911133,46549,30,1
1771695152.725368,457_3,457,tpc_lock,7.965931177139282,46549,30,1
1771695152.768311,451_3,451,tpc_lock,9.930240154266356,46561,30,1
1771695154.303098,455_3,455,tpc_lock,1.58896803855896,46549,30,1
1771695154.3045652,458_4,458,tpc_commit,4.178603887557983,28795,30,1
1771695154.3149574,452_4,452,das_work,6.086057186126709,48258,30,1
1771695154.383683,456_4,456,tpc_lock,4.186781167984009,46561,30,1
1771695154.4251688,453_3,453,das_work,5.339910745620728,48258,30,1
1771695154.4674294,450_4,450,tpc_lock,4.371344804763794,46561,30,1
1771695154.5105093,459_3,459,tpc_lock,1.7995529174804688,46549,30,1
1771695154.5906782,451_3,451,tpc_lock,1.822353839874268,46561,30,1
1771695154.711215,454_4,454,tpc_commit,4.589166879653931,28795,30,1
1771695162.0871542,452_4,452,tpc_commit,7.7721850872039795,28783,31,1
1771695164.6417992,453_3,453,tpc_commit,10.21661901473999,28795,31,1
1771695166.2610917,450_4,450,das_work,5.055683851242065,48258,31,1
1771695166.2982347,453_3,453,tpc_commit,1.6564230918884275,28795,31,1
1771695166.323375,455_3,455,das_work,7.745996952056885,48258,31,1
1771695166.35878,452_4,452,tpc_commit,4.271615028381348,28783,31,1
1771695166.3890104,456_4,456,das_work,4.84709358215332,48258,31,1
1771695166.426835,451_3,451,das_work,3.357002258300781,48258,31,1
1771695166.4643831,457_3,457,tpc_lock,13.739002466201782,46549,31,1
1771695166.478017,459_3,459,das_work,2.585225343704224,48258,31,1
1771695174.048614,456_4,456,tpc_commit,7.659591674804687,28795,32,1
1771695174.093496,450_4,450,tpc_commit,7.832393646240234,28795,32,1
1771695176.5345626,451_3,451,tpc_commit,10.10771656036377,28795,32,1
1771695176.577162,459_3,459,tpc_commit,10.09913420677185,28783,32,1
1771695176.5791008,455_3,455,tpc_commit,10.255714178085327,28783,32,1
1771695176.592909,453_4,453,tpc_lock,9.041313648223875,46561,32,1
1771695178.2054768,451_3,451,tpc_commit,1.6708993911743164,28795,32,1
1771695178.2065585,450_4,450,tpc_commit,4.113052368164063,28795,32,1
1771695178.215066,459_3,459,tpc_commit,1.6378931999206543,28783,32,1
1771695178.2172997,457_3,457,das_work,2.742129325866699,48258,32,1
1771695178.2212474,456_4,456,tpc_commit,4.1725914478302,28795,32,1
1771695178.2277555,455_3,455,tpc_commit,1.648641586303711,28783,32,1
1771695178.251855,453_4,453,tpc_lock,1.6589365005493164,46561,32,1
1771695188.5075622,457_3,457,tpc_commit,10.290255308151243,28783,33,1
1771695188.5549867,451_4,451,tpc_lock,8.356194972991943,46561,33,1
1771695188.5660205,455_4,455,tpc_lock,8.723792791366577,46561,33,1
1771695188.5689216,459_4,459,tpc_lock,8.823029518127441,46561,33,1
1771695190.267483,459_4,459,tpc_lock,1.6985490322113037,46561,33,1
1771695190.3075068,451_4,451,tpc_lock,1.7525100708007812,46561,33,1
1771695190.3146126,457_3,457,tpc_commit,1.8070387840271,28783,33,1
1771695190.356918,455_4,455,tpc_lock,1.7908849716186523,46561,33,1
1771695190.36187,453_4,453,das_work,3.3625597953796387,48258,33,1
1771695200.5013845,453_4,453,tpc_commit,10.139499425888062,28795,34,1
1771695200.5262914,457_4,457,tpc_lock,9.077637195587158,46549,34,1
1771695202.1539726,453_4,453,tpc_commit,1.6525764465332031,28795,34,1
1771695202.164951,459_4,459,das_work,10.66019892692566,48258,34,1
1771695202.1674623,451_4,451,das_work,9.42945408821106,48258,34,1
1771695202.1731756,457_4,457,tpc_lock,1.6468737125396729,46549,34,1
1771695202.1998591,455_4,455,das_work,7.6188342571258545,48258,34,1
1771695212.5564334,455_4,455,tpc_commit,10.35655927658081,28795,35,1
1771695212.5607734,459_4,459,tpc_commit,10.395810842514038,28795,35,1
1771695212.5627377,451_4,451,tpc_commit,10.395263671875,28795,35,1
1771695214.0974147,459_4,459,tpc_commit,1.5366299152374268,28795,35,1
1771695214.1093495,455_4,455,tpc_commit,1.552903175354004,28795,35,1
1771695214.1116538,451_4,451,tpc_commit,1.548905849456787,28795,35,1
1771695214.1701791,457_4,457,das_work,8.067553281784058,48258,35,1
1771695224.4657924,457_4,457,tpc_commit,10.295605659484863,28783,36,1
1771695226.1596658,457_4,457,tpc_commit,1.6938660144805908,28783,36,1
1771694972.5979488,467_0,467,tpc_lock,5.454908847808838,46561,15,1
1771694972.6181445,465_0,465,tpc_lock,5.612641572952271,46561,15,1
1771694972.6576629,469_0,469,tpc_lock,2.845766305923462,46561,15,1
1771694972.7307837,461_0,461,tpc_lock,3.941924571990967,46561,15,1
1771694972.735077,463_0,463,tpc_lock,5.617810249328613,46561,15,1
1771694982.353829,460_0,460,tpc_lock,11.316596746444702,46561,16,1
1771694982.427143,468_0,468,tpc_lock,9.12092113494873,46561,16,1
1771694982.545009,466_0,466,tpc_lock,4.460329294204712,46561,16,1
1771694982.6098342,462_0,462,tpc_lock,5.996957540512085,46561,16,1
1771694982.6125655,464_0,464,tpc_lock,11.80695128440857,46561,16,1
1771694986.2446873,466_0,466,tpc_lock,3.699672937393189,46561,16,1
1771694986.308977,461_0,461,tpc_lock,13.578186273574827,46561,16,1
1771694986.411636,462_0,462,tpc_lock,3.80179500579834,46561,16,1
1771694986.421133,469_0,469,tpc_lock,13.763464450836182,46561,16,1
1771694986.4268086,464_0,464,tpc_lock,3.814236640930176,46561,16,1
1771694986.749772,467_0,467,tpc_lock,14.151809215545654,46561,16,1
1771694986.870053,468_0,468,tpc_lock,4.442904949188232,46561,16,1
1771694986.8996682,463_0,463,tpc_lock,14.16458535194397,46561,16,1
1771694986.900836,465_0,465,tpc_lock,14.28268575668335,46561,16,1
1771694998.2542071,468_0,468,das_work,2.233283042907715,48258,17,1
1771694998.3485937,463_0,463,das_work,3.014260053634644,48258,17,1
1771694998.3637574,466_0,466,das_work,5.371807336807251,48258,17,1
1771694998.4141824,465_0,465,das_work,10.031785488128662,48258,17,1
1771694998.4798791,464_0,464,das_work,5.305544376373291,48258,17,1
1771694998.631075,462_0,462,das_work,9.909921646118164,48258,17,1
1771694998.7325954,461_0,461,das_work,11.208978652954102,48258,17,1
1771694998.7508204,460_0,460,tpc_lock,16.396979570388794,46561,17,1
1771694998.7525609,469_0,469,das_work,3.540903091430664,48258,17,1
1771694998.777972,467_0,467,das_work,3.128060102462769,48258,17,1
1771695006.6209753,464_0,464,tpc_commit,8.141083478927612,28795,18,1
1771695006.6242485,466_0,466,tpc_commit,8.2604820728302,28795,18,1
1771695006.8762856,462_0,462,tpc_commit,8.245200872421265,28795,18,1
1771695006.9088552,468_0,468,tpc_commit,8.654634714126587,28795,18,1
1771695008.5335968,469_0,469,tpc_commit,9.781025648117064,28795,18,1
1771695008.542034,467_0,467,tpc_commit,9.764050960540771,28795,18,1
1771695008.588289,463_0,463,tpc_commit,10.239685773849487,28795,18,1
1771695008.634252,465_0,465,tpc_commit,10.2198166847229,28795,18,1
1771695008.652422,461_0,461,tpc_commit,9.919817447662354,28795,18,1
1771695010.2329178,466_0,466,tpc_commit,3.6086618900299072,28795,18,1
1771695010.450411,464_0,464,tpc_commit,3.8294196128845215,28795,18,1
1771695010.5506015,462_0,462,tpc_commit,3.674306154251098,28795,18,1
1771695010.8035495,460_0,460,das_work,3.091949701309204,48258,18,1
1771695018.4110625,466_1,466,tpc_lock,6.608520269393921,46561,19,1
1771695018.459316,462_1,462,tpc_lock,6.606713771820068,46561,19,1
1771695018.4943063,460_0,460,tpc_commit,7.69074535369873,28795,19,1
1771695018.538139,464_1,464,tpc_lock,6.253081321716309,46561,19,1
1771695022.2807767,464_1,464,tpc_lock,3.7426273822784415,46561,19,1
1771695022.3515131,468_0,468,tpc_commit,15.44264316558838,28795,19,1
1771695022.3922453,467_0,467,tpc_commit,13.850200414657593,28795,19,1
1771695022.4622226,460_0,460,tpc_commit,3.967904806137085,28795,19,1
1771695022.48287,461_0,461,tpc_commit,13.830437898635864,28795,19,1
1771695022.4994032,466_1,466,tpc_lock,4.088325500488281,46561,19,1
1771695022.5004983,469_0,469,tpc_commit,13.966892004013062,28795,19,1
1771695022.637921,465_0,465,tpc_commit,14.003658533096312,28795,19,1
1771695022.6749408,462_1,462,tpc_lock,4.215611934661865,46561,19,1
1771695023.0840654,463_0,463,tpc_commit,14.495766162872314,28795,19,1
1771695030.24477,468_1,468,tpc_lock,6.409961700439453,46561,20,1
1771695030.397709,460_1,460,tpc_lock,7.136421203613281,46561,20,1
1771695032.710981,463_1,463,tpc_lock,8.781580448150635,46561,20,1
1771695032.7906177,465_1,465,tpc_lock,9.611979484558104,46561,20,1
1771695032.831588,461_1,461,tpc_lock,8.92900013923645,46561,20,1
1771695032.8374991,467_1,467,tpc_lock,9.684402704238892,46561,20,1
1771695032.8393042,469_1,469,tpc_lock,8.798770904541016,46561,20,1
1771695034.683611,462_1,462,das_work,9.433172941207886,48258,20,1
1771695034.9937868,466_1,466,das_work,10.68014430999756,48258,20,1
1771695035.1386518,464_1,464,das_work,8.087997198104858,48258,20,1
1771695042.16292,462_1,462,tpc_commit,7.479298114776611,28795,21,1
1771695042.2207737,464_1,464,tpc_commit,7.082110404968262,28795,21,1
1771695042.223364,466_1,466,tpc_commit,7.22956657409668,28795,21,1
1771695046.3252387,462_1,462,tpc_commit,4.1623077392578125,28795,21,1
1771695046.3340611,466_1,466,tpc_commit,4.110685110092163,28795,21,1
1771695046.3349495,463_1,463,tpc_lock,13.62395715713501,46561,21,1
1771695046.3747764,461_1,461,tpc_lock,13.543177366256714,46561,21,1
1771695046.560594,464_1,464,tpc_commit,4.3397376537323,28795,21,1
1771695046.5978708,468_1,468,tpc_lock,16.353090047836304,46561,21,1
1771695046.7307909,469_1,469,tpc_lock,13.891475915908812,46561,21,1
1771695046.789511,467_1,467,tpc_lock,13.951971292495728,46561,21,1
1771695046.920334,460_1,460,tpc_lock,16.522615909576416,46561,21,1
1771695046.9447887,465_1,465,tpc_lock,14.154160261154177,46561,21,1
1771695054.3547738,462_2,462,tpc_lock,7.120233058929443,46561,22,1
1771695054.5315297,466_2,466,tpc_lock,6.788638591766357,46561,22,1
1771695054.7767792,464_2,464,tpc_lock,6.703991889953613,46561,22,1
1771695058.332439,462_2,462,tpc_lock,3.9776535034179688,46561,22,1
1771695058.4880252,463_1,463,das_work,4.758715152740479,48258,22,1
1771695058.4948766,461_1,461,das_work,7.458568096160889,48258,22,1
1771695058.5021768,469_1,469,das_work,3.699094533920288,48258,22,1
1771695058.5104177,460_1,460,das_work,9.181066751480104,48258,22,1
1771695058.5784793,466_2,466,tpc_lock,4.046938896179199,46561,22,1
1771695058.6049366,467_1,467,das_work,8.179165363311768,48258,22,1
1771695058.7571094,464_2,464,tpc_lock,3.9802963733673096,46561,22,1
1771695058.8836324,465_1,465,das_work,9.247382402420044,48258,22,1
1771695058.9794483,468_1,468,das_work,7.878814458847046,48258,22,1
1771695066.415833,468_1,468,tpc_commit,7.436370849609375,28795,23,1
1771695066.4807546,460_1,460,tpc_commit,7.97032904624939,28795,23,1
1771695068.5405655,463_1,463,tpc_commit,10.052528142929075,28795,23,1
1771695068.547688,465_1,465,tpc_commit,9.664044618606567,28795,23,1
1771695068.5982842,461_1,461,tpc_commit,10.103397607803345,28795,23,1
1771695068.6017249,467_1,467,tpc_commit,9.996779680252075,28795,23,1
1771695068.6321175,469_1,469,tpc_commit,10.129929780960085,28795,23,1
1771695070.3081422,469_1,469,tpc_commit,1.6760139465332031,28795,23,1
1771695070.3247018,460_1,460,tpc_commit,3.841124057769776,28795,23,1
1771695070.423896,466_2,466,das_work,3.656804800033569,48258,23,1
1771695070.431014,464_2,464,das_work,10.56626319885254,48258,23,1
1771695070.4559553,467_1,467,tpc_commit,1.8542160987854004,28795,23,1
1771695070.5160975,462_2,462,das_work,5.524161815643311,48258,23,1
1771695070.6800456,468_1,468,tpc_commit,4.264199733734131,28795,23,1
1771695070.9268754,461_1,461,tpc_commit,2.328580141067505,28795,23,1
1771695071.0011497,465_1,465,tpc_commit,2.4534502029418945,28795,23,1
1771695078.134672,460_2,460,tpc_lock,7.220856666564941,46561,24,1
1771695078.145187,466_2,466,tpc_commit,7.721279859542847,28795,24,1
1771695078.1834562,462_2,462,tpc_commit,7.667348146438599,28795,24,1
1771695078.315371,468_2,468,tpc_lock,6.992229223251343,46561,24,1
1771695078.341583,464_2,464,tpc_commit,7.910556554794311,28795,24,1
1771695080.4356058,467_2,467,tpc_lock,8.505038976669312,46561,24,1
1771695080.44349,461_2,461,tpc_lock,7.949408054351807,46549,24,1
1771695080.478923,469_2,469,tpc_lock,8.441568613052368,46561,24,1
1771695080.4830012,465_2,465,tpc_lock,8.345280170440674,46549,24,1
1771695082.4083302,461_2,461,tpc_lock,1.964829921722412,46549,24,1
1771695082.4289806,463_1,463,tpc_commit,13.88840627670288,28795,24,1
1771695082.489155,467_2,467,tpc_lock,2.0535383224487305,46561,24,1
1771695082.584495,465_2,465,tpc_lock,2.101480484008789,46549,24,1
1771695082.6000907,460_2,460,tpc_lock,4.46540641784668,46561,24,1
1771695082.670342,469_2,469,tpc_lock,2.1914093494415283,46561,24,1
1771695082.7030282,462_2,462,tpc_commit,4.5195605754852295,28795,24,1
1771695082.7176366,466_2,466,tpc_commit,4.572438716888428,28795,24,1
1771695082.7744117,468_2,468,tpc_lock,4.459029912948608,46561,24,1
1771695082.881109,464_2,464,tpc_commit,4.539515495300293,28795,24,1
1771695090.1060095,462_3,462,tpc_lock,5.820655584335327,46561,25,1
1771695090.1097412,466_3,466,tpc_lock,6.26073169708252,46561,25,1
1771695090.2234735,464_3,464,tpc_lock,6.110170364379883,46549,25,1
1771695092.564379,463_2,463,tpc_lock,9.194988250732422,46561,25,1
1771695094.2535856,467_2,467,das_work,7.389441013336182,48258,25,1
1771695094.3154216,460_2,460,das_work,1.948105812072754,48258,25,1
1771695094.420394,468_2,468,das_work,8.76503872871399,48258,25,1
1771695094.549074,464_3,464,tpc_lock,4.325589895248413,46549,25,1
1771695094.7345378,461_2,461,das_work,10.524412870407104,48258,25,1
1771695094.7532475,466_3,466,tpc_lock,4.643494606018066,46561,25,1
1771695094.9287078,465_2,465,das_work,6.748115062713623,48258,25,1
1771695094.9414444,463_2,463,tpc_lock,2.377053737640381,46561,25,1
1771695094.95016,462_3,462,tpc_lock,4.844138622283936,46561,25,1
1771695094.9916122,469_2,469,das_work,9.068686246871948,48258,25,1
1771695102.2293322,468_2,468,tpc_commit,7.808900356292725,28795,26,1
1771695102.3073514,460_2,460,tpc_commit,7.991917610168457,28795,26,1
1771695104.694822,469_2,469,tpc_commit,9.703202486038208,28795,26,1
1771695104.7461672,465_2,465,tpc_commit,9.817448616027832,28783,26,1
1771695104.7588124,467_2,467,tpc_commit,10.505215883255005,28795,26,1
1771695104.7715447,461_2,461,tpc_commit,10.036994934082031,28783,26,1
1771695106.2642846,466_3,466,das_work,6.362760543823242,48258,26,1
1771695106.394514,463_2,463,das_work,5.497926712036133,48258,26,1
1771695106.742516,464_3,464,das_work,10.794075965881348,48258,26,1
1771695106.9339406,462_3,462,das_work,5.800446510314941,48258,26,1
1771695114.1825073,464_3,464,tpc_commit,7.439760446548462,28783,27,1
1771695114.208928,462_3,462,tpc_commit,7.2749762535095215,28795,27,1
1771695114.211506,466_3,466,tpc_commit,7.947208642959595,28795,27,1
1771695116.5379472,463_2,463,tpc_commit,10.14341950416565,28795,27,1
1771695118.3498466,465_2,465,tpc_commit,13.603666067123411,28783,27,1
1771695118.3636155,464_3,464,tpc_commit,4.181097269058228,28783,27,1
1771695118.3820765,460_2,460,tpc_commit,16.07471251487732,28795,27,1
1771695118.3875692,461_2,461,tpc_commit,13.616013288497925,28783,27,1
1771695118.396633,462_3,462,tpc_commit,4.187694549560547,28795,27,1
1771695118.546487,467_2,467,tpc_commit,13.787662744522097,28795,27,1
1771695118.7515273,466_3,466,tpc_commit,4.540011167526245,28795,27,1
1771695118.8483827,469_2,469,tpc_commit,14.153547525405884,28795,27,1
1771695119.0331492,468_2,468,tpc_commit,16.803804636001587,28795,27,1
1771695126.2132092,464_4,464,tpc_lock,6.553563833236694,46561,28,1
1771695126.226811,466_4,466,tpc_lock,6.774164915084839,46561,28,1
1771695126.2348187,462_4,462,tpc_lock,6.819725275039673,46561,28,1
1771695126.3125665,468_3,468,tpc_lock,6.345905542373657,46561,28,1
1771695126.3748507,460_3,460,tpc_lock,6.187821865081787,46561,28,1
1771695128.6381376,461_3,461,tpc_lock,9.467797040939333,46549,28,1
1771695128.7177043,467_3,467,tpc_lock,8.369774580001831,46561,28,1
1771695128.7796586,465_3,465,tpc_lock,8.58790922164917,46561,28,1
1771695128.8679252,469_3,469,tpc_lock,9.126800060272217,46561,28,1
1771695130.370402,466_4,466,tpc_lock,4.143580436706543,46561,28,1
1771695130.48972,463_2,463,tpc_commit,13.951761960983276,28795,28,1
1771695130.570052,464_4,464,tpc_lock,4.356830358505249,46561,28,1
1771695130.609161,460_3,460,tpc_lock,4.234297037124634,46561,28,1
1771695130.7082422,462_4,462,tpc_lock,4.473411083221436,46561,28,1
1771695130.7534802,468_3,468,tpc_lock,4.440902233123779,46561,28,1
1771695140.5406,463_3,463,tpc_lock,9.426973581314089,46561,29,1
1771695142.357397,465_3,465,tpc_lock,13.577726125717165,46561,29,1
1771695142.3860428,468_3,468,das_work,9.88140106201172,48258,29,1
1771695142.4005022,464_4,464,das_work,7.032294988632202,48258,29,1
1771695142.4460142,463_3,463,tpc_lock,1.905401945114136,46561,29,1
1771695142.4777603,467_3,467,tpc_lock,13.76004433631897,46561,29,1
1771695142.5617518,462_4,462,das_work,3.094368696212769,48258,29,1
1771695142.5841992,469_3,469,tpc_lock,13.71626091003418,46561,29,1
1771695142.6014,461_3,461,tpc_lock,13.96325135231018,46549,29,1
1771695142.6122856,460_3,460,das_work,6.74858546257019,48258,29,1
1771695142.7478716,466_4,466,das_work,6.179765701293945,48258,29,1
1771695150.0914972,468_3,468,tpc_commit,7.705440759658813,28795,30,1
1771695150.0951629,462_4,462,tpc_commit,7.533397674560547,28795,30,1
1771695150.11035,460_3,460,tpc_commit,7.49805212020874,28795,30,1
1771695150.1158872,466_4,466,tpc_commit,7.368006467819214,28795,30,1
1771695150.1475732,464_4,464,tpc_commit,7.747060298919678,28795,30,1
1771695154.3033922,460_3,460,tpc_commit,4.193030834197998,28795,30,1
1771695154.3687904,469_3,469,das_work,3.538363218307495,48258,30,1
1771695154.3737638,462_4,462,tpc_commit,4.278589963912964,28795,30,1
1771695154.3871484,468_3,468,tpc_commit,4.2956178188323975,28795,30,1
1771695154.40254,461_3,461,das_work,10.15305495262146,48258,30,1
1771695154.413087,463_3,463,das_work,8.980275869369507,48258,30,1
1771695154.4775732,465_3,465,das_work,4.315327405929565,48258,30,1
1771695154.6122525,466_4,466,tpc_commit,4.496353387832642,28795,30,1
1771695154.6295402,464_4,464,tpc_commit,4.481953859329224,28795,30,1
1771695154.8006375,467_3,467,das_work,7.222153425216675,48258,30,1
1771695162.0149865,460_4,460,tpc_lock,6.333670139312744,46549,31,1
1771695162.0935204,468_4,468,tpc_lock,6.567059755325317,46561,31,1
1771695164.5184686,463_3,463,tpc_commit,10.105370283126833,28795,31,1
1771695164.5259392,465_3,465,tpc_commit,10.048352718353271,28795,31,1
1771695164.542292,461_3,461,tpc_commit,10.139737606048584,28783,31,1
1771695164.576565,469_3,469,tpc_commit,10.207762956619264,28795,31,1
1771695164.6142676,467_3,467,tpc_commit,9.813612461090088,28795,31,1
1771695166.2620032,465_3,465,tpc_commit,1.7360482215881348,28795,31,1
1771695166.2693024,468_4,468,tpc_lock,4.175766944885254,46561,31,1
1771695166.27638,469_3,469,tpc_commit,1.6998026371002195,28795,31,1
1771695166.4043367,461_3,461,tpc_commit,1.862034559249878,28783,31,1
1771695166.4705927,463_3,463,tpc_commit,1.952114582061768,28795,31,1
1771695166.4726138,467_3,467,tpc_commit,1.8583362102508545,28795,31,1
1771695166.4746392,460_4,460,tpc_lock,4.459644317626953,46549,31,1
1771695176.5711458,465_4,465,tpc_lock,8.435841798782349,46561,32,1
1771695176.5897737,461_4,461,tpc_lock,9.191756010055542,46549,32,1
1771695176.592211,467_4,467,tpc_lock,8.780892848968506,46561,32,1
1771695176.6250277,463_4,463,tpc_lock,9.271026849746704,46561,32,1
1771695176.6430726,469_4,469,tpc_lock,9.734004259109495,46561,32,1
1771695178.202634,465_4,465,tpc_lock,1.6314759254455566,46561,32,1
1771695178.2043056,467_4,467,tpc_lock,1.6120836734771729,46561,32,1
1771695178.20495,463_4,463,tpc_lock,1.5799081325531006,46561,32,1
1771695178.2064414,461_4,461,tpc_lock,1.6166560649871826,46549,32,1
1771695178.2331097,468_4,468,das_work,9.12518835067749,48258,32,1
1771695178.2384608,460_4,460,das_work,7.614876270294189,48258,32,1
1771695178.2505543,469_4,469,tpc_lock,1.607469081878662,46561,32,1
1771695186.024605,468_4,468,tpc_commit,7.791484355926514,28795,33,1
1771695186.0345705,460_4,460,tpc_commit,7.796099424362183,28783,33,1
1771695190.2394817,463_4,463,das_work,6.238051891326904,48258,33,1
1771695190.25794,468_4,468,tpc_commit,4.233322143554688,28795,33,1
1771695190.342055,467_4,467,das_work,5.879014253616333,48258,33,1
1771695190.344173,469_4,469,das_work,6.455106258392334,48258,33,1
1771695190.373747,460_4,460,tpc_commit,4.339168071746826,28783,33,1
1771695190.384997,465_4,465,das_work,10.649444341659546,48258,33,1
1771695190.4671829,461_4,461,das_work,5.322892904281616,48258,33,1
1771695200.4823902,461_4,461,tpc_commit,10.015193223953249,28783,34,1
1771695200.4923518,469_4,469,tpc_commit,10.148168325424194,28795,34,1
1771695200.497179,463_4,463,tpc_commit,10.25768542289734,28795,34,1
1771695200.499153,465_4,465,tpc_commit,10.114144086837769,28795,34,1
1771695200.5320437,467_4,467,tpc_commit,10.189976215362549,28795,34,1
1771695202.1646297,463_4,463,tpc_commit,1.6674413681030271,28795,34,1
1771695202.1648903,469_4,469,tpc_commit,1.67252779006958,28795,34,1
1771695202.1687276,461_4,461,tpc_commit,1.686323881149292,28783,34,1
1771695202.1793902,465_4,465,tpc_commit,1.6802287101745603,28795,34,1
1771695202.202639,467_4,467,tpc_commit,1.6705844402313232,28795,34,1
1771694972.6061895,473_0,473,tpc_lock,0.715831995010376,46561,15,1
1771694972.6511114,471_0,471,tpc_lock,3.0518364906311035,46549,15,1
1771694972.7257836,475_0,475,tpc_lock,4.858912944793701,46561,15,1
1771694982.3444395,470_0,470,tpc_lock,12.543932437896729,46561,16,1
1771694982.4032998,474_0,474,tpc_lock,3.518303871154785,46561,16,1
1771694982.4880216,476_0,476,tpc_lock,12.254847764968872,46561,16,1
1771694982.5684624,472_0,472,tpc_lock,6.854458332061768,46561,16,1
1771694982.6366029,478_0,478,tpc_lock,4.008612632751465,46561,16,1
1771694984.4708517,479_0,479,tpc_lock,9.84889531135559,46549,16,1
1771694984.5022285,477_0,477,tpc_lock,12.45341420173645,46561,16,1
1771694986.5006447,474_0,474,tpc_lock,4.097339153289795,46561,16,1
1771694986.5619292,471_0,471,tpc_lock,13.910806655883787,46549,16,1
1771694986.636176,473_0,473,tpc_lock,14.02997875213623,46561,16,1
1771694986.7102375,472_0,472,tpc_lock,4.141769409179688,46561,16,1
1771694986.8302305,475_0,475,tpc_lock,14.104440450668337,46561,16,1
1771694986.8978949,470_0,470,tpc_lock,4.553449869155884,46561,16,1
1771694998.2539213,474_0,474,das_work,3.7685956954956055,48258,17,1
1771694998.3799026,479_0,479,tpc_lock,13.909045219421388,46549,17,1
1771694998.409343,476_0,476,tpc_lock,15.921315431594849,46561,17,1
1771694998.4147627,475_0,475,das_work,9.946982622146606,48258,17,1
1771694998.4989965,478_0,478,tpc_lock,15.862387657165527,46561,17,1
1771694998.5663283,470_0,470,das_work,9.06863021850586,48258,17,1
1771694998.5701702,473_0,473,das_work,2.308382511138916,48258,17,1
1771694998.6635065,472_0,472,das_work,8.208802700042725,48258,17,1
1771694998.7405906,471_0,471,das_work,9.258419513702393,48258,17,1
1771694998.7914596,477_0,477,tpc_lock,14.289224863052368,46561,17,1
1771695006.6951542,470_0,470,tpc_commit,8.1288161277771,28795,18,1
1771695006.808481,474_0,474,tpc_commit,8.554547309875488,28795,18,1
1771695006.811159,472_0,472,tpc_commit,8.147642374038696,28795,18,1
1771695008.5201268,471_0,471,tpc_commit,9.77952790260315,28783,18,1
1771695008.5756488,475_0,475,tpc_commit,10.160877466201782,28795,18,1
1771695008.657156,473_0,473,tpc_commit,10.086976766586304,28795,18,1
1771695010.1660664,479_0,479,das_work,6.197750091552734,48258,18,1
1771695010.421298,472_0,472,tpc_commit,3.610129117965698,28795,18,1
1771695010.6350293,474_0,474,tpc_commit,3.8265373706817623,28795,18,1
1771695010.7558255,470_0,470,tpc_commit,4.060657978057861,28795,18,1
1771695010.808382,478_0,478,das_work,3.967124938964844,48258,18,1
1771695010.8445947,476_0,476,das_work,11.167736768722534,48258,18,1
1771695010.9079156,477_0,477,das_work,9.102122068405151,48258,18,1
1771695018.2544253,470_1,470,tpc_lock,5.71958589553833,46561,19,1
1771695018.392858,476_0,476,tpc_commit,7.548252582550049,28795,19,1
1771695018.462228,474_1,474,tpc_lock,6.021732330322266,46561,19,1
1771695018.5515156,472_1,472,tpc_lock,6.484009265899658,46561,19,1
1771695018.5550623,478_0,478,tpc_commit,7.746669054031372,28795,19,1
1771695020.4300418,479_0,479,tpc_commit,10.26396369934082,28783,19,1
1771695020.4578688,477_0,477,tpc_commit,9.54994010925293,28795,19,1
1771695022.2993357,472_1,472,tpc_lock,3.747807741165161,46561,19,1
1771695022.4296691,473_0,473,tpc_commit,13.772499322891235,28795,19,1
1771695022.4331434,474_1,474,tpc_lock,3.970903635025024,46561,19,1
1771695022.703041,471_0,471,tpc_commit,14.182902574539185,28783,19,1
1771695022.741082,470_1,470,tpc_lock,4.486645698547363,46561,19,1
1771695022.889548,476_0,476,tpc_commit,4.49668025970459,28795,19,1
1771695022.9905293,475_0,475,tpc_commit,14.414870977401732,28795,19,1
1771695023.0017917,478_0,478,tpc_commit,4.446717739105225,28795,19,1
1771695030.3098686,478_1,478,tpc_lock,5.3244383335113525,46561,20,1
1771695030.4677925,476_1,476,tpc_lock,6.96738862991333,46561,20,1
1771695032.710952,473_1,473,tpc_lock,8.618879795074463,46561,20,1
1771695032.7237246,475_1,475,tpc_lock,8.801368474960327,46561,20,1
1771695032.7502477,471_1,471,tpc_lock,8.285999774932861,46561,20,1
1771695034.2801988,477_0,477,tpc_commit,13.82231855392456,28795,20,1
1771695034.3962286,470_1,470,das_work,5.00585412979126,48258,20,1
1771695034.437242,478_1,478,tpc_lock,4.127362489700317,46561,20,1
1771695034.4715624,476_1,476,tpc_lock,4.003757476806641,46561,20,1
1771695034.478642,472_1,472,das_work,8.961893558502197,48258,20,1
1771695034.9824576,479_0,479,tpc_commit,14.55240559577942,28783,20,1
1771695042.170646,470_1,470,tpc_commit,7.774406909942627,28795,21,1
1771695042.1748283,472_1,472,tpc_commit,7.69617486000061,28795,21,1
1771695044.5257316,477_1,477,tpc_lock,8.824762344360352,46561,21,1
1771695044.5548637,479_1,479,tpc_lock,8.223403930664062,46561,21,1
1771695046.3260295,478_1,478,das_work,6.251739740371704,48258,21,1
1771695046.388493,475_1,475,tpc_lock,13.66475534439087,46561,21,1
1771695046.4494667,472_1,472,tpc_commit,4.274625778198242,28795,21,1
1771695046.5508196,471_1,471,tpc_lock,13.800561666488647,46561,21,1
1771695046.709102,476_1,476,das_work,3.7247121334075928,48258,21,1
1771695046.871817,474_1,474,das_work,16.07694721221924,48258,21,1
1771695046.9298544,470_1,470,tpc_commit,4.759199619293213,28795,21,1
1771695047.004576,473_1,473,tpc_lock,14.293611526489258,46561,21,1
1771695054.4841704,476_1,476,tpc_commit,7.77505898475647,28795,22,1
1771695054.536224,472_2,472,tpc_lock,6.933045387268066,46561,22,1
1771695054.6162286,470_2,470,tpc_lock,7.174279451370239,46561,22,1
1771695054.6577675,474_1,474,tpc_commit,7.785938262939453,28795,22,1
1771695054.6696064,478_1,478,tpc_commit,8.343564748764038,28795,22,1
1771695058.2862835,473_1,473,das_work,7.107573747634888,48258,22,1
1771695058.3207514,472_2,472,tpc_lock,3.784514904022217,46561,22,1
1771695058.3387969,475_1,475,das_work,5.982887268066406,48258,22,1
1771695058.3484137,471_1,471,das_work,10.38726282119751,48258,22,1
1771695058.4315443,474_1,474,tpc_commit,3.773760318756104,28795,22,1
1771695058.6318371,470_2,470,tpc_lock,4.0155956745147705,46561,22,1
1771695058.6656368,479_1,479,tpc_lock,14.11076283454895,46561,22,1
1771695058.67828,478_1,478,tpc_commit,4.008661270141602,28795,22,1
1771695058.7986288,477_1,477,tpc_lock,14.27288556098938,46561,22,1
1771695059.1771438,476_1,476,tpc_commit,4.692963123321533,28795,22,1
1771695066.4933472,478_2,478,tpc_lock,7.0211217403411865,46561,23,1
1771695066.5084815,476_2,476,tpc_lock,5.393479108810425,46561,23,1
1771695066.5880013,474_2,474,tpc_lock,7.044028043746948,46561,23,1
1771695068.5086982,475_1,475,tpc_commit,10.169891119003296,28795,23,1
1771695068.5108614,471_1,471,tpc_commit,10.16243600845337,28795,23,1
1771695068.529077,473_1,473,tpc_commit,10.242786169052124,28795,23,1
1771695070.3205447,477_1,477,das_work,2.340219497680664,48258,23,1
1771695070.382716,479_1,479,das_work,4.868512392044067,48258,23,1
1771695070.4805446,474_2,474,tpc_lock,3.892532348632813,46561,23,1
1771695070.570457,472_2,472,das_work,2.3777875900268555,48258,23,1
1771695070.7031124,473_1,473,tpc_commit,2.174023389816284,28795,23,1
1771695070.7802403,476_2,476,tpc_lock,4.271748304367065,46561,23,1
1771695070.8465223,470_2,470,das_work,2.3742737770080566,48258,23,1
1771695070.9550736,478_2,478,tpc_lock,4.460504770278931,46561,23,1
1771695078.159276,472_2,472,tpc_commit,7.588808059692383,28795,24,1
1771695078.196529,470_2,470,tpc_commit,7.349995613098144,28795,24,1
1771695080.4517877,477_1,477,tpc_commit,10.131232500076294,28795,24,1
1771695080.4694796,473_2,473,tpc_lock,8.594181776046753,46561,24,1
1771695080.4895706,479_1,479,tpc_commit,10.106845378875732,28795,24,1
1771695082.342891,470_2,470,tpc_commit,4.146352052688599,28795,24,1
1771695082.353948,476_2,476,das_work,2.3093862533569336,48258,24,1
1771695082.3788042,472_2,472,tpc_commit,4.219517230987549,28795,24,1
1771695082.4629557,473_2,473,tpc_lock,1.9934625625610352,46561,24,1
1771695082.4837928,478_2,478,das_work,1.7129886150360107,48258,24,1
1771695082.4894216,477_1,477,tpc_commit,2.0376224517822266,28795,24,1
1771695082.5425644,474_2,474,das_work,8.280956029891968,48258,24,1
1771695082.645198,475_1,475,tpc_commit,14.136487483978271,28795,24,1
1771695082.7245495,479_1,479,tpc_commit,2.2349696159362797,28795,24,1
1771695082.751668,471_1,471,tpc_commit,14.240795850753784,28795,24,1
1771695090.1370516,474_2,474,tpc_commit,7.594475984573364,28795,25,1
1771695090.1496203,478_2,478,tpc_commit,7.665815591812134,28795,25,1
1771695090.154862,472_3,472,tpc_lock,7.046360731124878,46561,25,1
1771695090.1937766,470_3,470,tpc_lock,6.156205654144287,46561,25,1
1771695090.2786524,476_2,476,tpc_commit,7.924693822860718,28795,25,1
1771695092.5649707,477_2,477,tpc_lock,8.140839576721191,46561,25,1
1771695092.6398406,471_2,471,tpc_lock,9.039783239364624,46561,25,1
1771695092.6775951,479_2,479,tpc_lock,7.985978126525879,46561,25,1
1771695092.7123969,475_2,475,tpc_lock,8.856745481491089,46561,25,1
1771695094.4149346,476_2,476,tpc_commit,4.1362714767456055,28795,25,1
1771695094.4252317,478_2,478,tpc_commit,4.275600910186768,28795,25,1
1771695094.5283954,473_2,473,das_work,7.664954662322998,48258,25,1
1771695094.5868998,474_2,474,tpc_commit,4.449837923049927,28795,25,1
1771695094.6635332,470_3,470,tpc_lock,4.469745397567749,46561,25,1
1771695094.746815,475_2,475,tpc_lock,2.034406900405884,46561,25,1
1771695095.010872,472_3,472,tpc_lock,4.8559980392456055,46561,25,1
1771695102.204808,476_3,476,tpc_lock,6.1278910636901855,46561,26,1
1771695102.3201878,474_3,474,tpc_lock,6.321881771087647,46561,26,1
1771695102.4009466,478_3,478,tpc_lock,7.33633017539978,46561,26,1
1771695104.7422705,473_2,473,tpc_commit,10.213860988616943,28795,26,1
1771695106.316597,471_2,471,tpc_lock,13.676745176315308,46561,26,1
1771695106.341023,470_3,470,das_work,7.545415639877319,48258,26,1
1771695106.4870477,474_3,474,tpc_lock,4.166849374771118,46561,26,1
1771695106.7253628,475_2,475,das_work,8.700241565704346,48258,26,1
1771695106.7865236,479_2,479,tpc_lock,14.108916759490969,46561,26,1
1771695106.8238668,477_2,477,tpc_lock,14.25888442993164,46561,26,1
1771695114.2231622,470_3,470,tpc_commit,7.882126569747925,28795,27,1
1771695116.564119,475_2,475,tpc_commit,9.838744163513184,28795,27,1
1771695118.3492084,473_2,473,tpc_commit,13.606924057006836,28795,27,1
1771695118.3771825,474_3,474,das_work,2.739866256713867,48258,27,1
1771695118.4312718,470_3,470,tpc_commit,4.208094596862793,28795,27,1
1771695118.478726,475_2,475,tpc_commit,1.9145941734313965,28795,27,1
1771695118.6997986,479_2,479,das_work,9.786035299301147,48258,27,1
1771695118.7595234,472_3,472,das_work,16.356762647628784,48258,27,1
1771695118.8173225,476_3,476,tpc_lock,16.612503051757812,46561,27,1
1771695118.842536,471_2,471,das_work,3.302333354949951,48258,27,1
1771695118.9653263,478_3,478,tpc_lock,16.564368724822998,46561,27,1
1771695119.064864,477_2,477,das_work,5.391610383987427,48258,27,1
1771695126.2120447,474_3,474,tpc_commit,7.834846973419189,28795,28,1
1771695126.214126,470_4,470,tpc_lock,5.988357782363892,46561,28,1
1771695126.2703166,472_3,472,tpc_commit,7.510755777359009,28795,28,1
1771695128.7670135,477_2,477,tpc_commit,9.702139139175417,28795,28,1
1771695128.783054,479_2,479,tpc_commit,10.083244323730469,28795,28,1
1771695128.7886393,473_3,473,tpc_lock,9.279829978942873,46549,28,1
1771695128.7917986,471_2,471,tpc_commit,9.949251890182495,28795,28,1
1771695128.8746212,475_3,475,tpc_lock,9.761972665786743,46561,28,1
1771695130.3055022,470_4,470,tpc_lock,4.091364860534668,46561,28,1
1771695130.3598993,478_3,478,das_work,9.357316732406616,48258,28,1
1771695130.5594287,472_3,472,tpc_commit,4.289099216461182,28795,28,1
1771695130.7112164,476_3,476,das_work,2.35555362701416,48258,28,1
1771695130.785385,474_3,474,tpc_commit,4.573327541351318,28795,28,1
1771695138.3034575,474_4,474,tpc_lock,6.152304649353027,46549,29,1
1771695138.3249028,476_3,476,tpc_commit,7.613674879074097,28795,29,1
1771695138.3872666,472_4,472,tpc_lock,5.8803019523620605,46561,29,1
1771695138.41128,478_3,478,tpc_commit,8.05137038230896,28795,29,1
1771695142.2979927,477_2,477,tpc_commit,13.53096866607666,28795,29,1
1771695142.3008144,470_4,470,das_work,10.87035632133484,48258,29,1
1771695142.3031628,475_3,475,tpc_lock,13.428530931472778,46561,29,1
1771695142.4911742,479_2,479,tpc_commit,13.708110332489014,28795,29,1
1771695142.4964547,473_3,473,tpc_lock,13.707805395126345,46549,29,1
1771695142.613403,471_2,471,tpc_commit,13.821595907211304,28795,29,1
1771695142.6426802,472_4,472,tpc_lock,4.255399465560913,46561,29,1
1771695142.7066834,478_3,478,tpc_commit,4.295392990112305,28795,29,1
1771695142.7084985,474_4,474,tpc_lock,4.405030250549316,46549,29,1
1771695142.7187812,476_3,476,tpc_commit,4.393864631652832,28795,29,1
1771695150.1187162,470_4,470,tpc_commit,7.817891359329224,28795,30,1
1771695150.1748016,478_4,478,tpc_lock,6.828861713409424,46561,30,1
1771695150.204831,476_4,476,tpc_lock,6.2037317752838135,46561,30,1
1771695152.7155013,471_3,471,tpc_lock,8.586974382400513,46561,30,1
1771695152.7419996,477_3,477,tpc_lock,8.92759895324707,46561,30,1
1771695152.826512,479_3,479,tpc_lock,9.573619842529297,46561,30,1
1771695154.309446,473_3,473,das_work,8.261170387268066,48258,30,1
1771695154.3510954,477_3,477,tpc_lock,1.6090831756591797,46561,30,1
1771695154.393957,470_4,470,tpc_commit,4.275230407714844,28795,30,1
1771695154.3940709,471_3,471,tpc_lock,1.678558588027954,46561,30,1
1771695154.3978803,474_4,474,das_work,3.9265103340148926,48258,30,1
1771695154.3997197,472_4,472,das_work,4.9152655601501465,48258,30,1
1771695154.4311347,475_3,475,das_work,4.1536619663238525,48258,30,1
1771695154.464434,476_4,476,tpc_lock,4.25959062576294,46561,30,1
1771695154.586624,478_4,478,tpc_lock,4.411808013916016,46561,30,1
1771695154.6517084,479_3,479,tpc_lock,1.8251848220825195,46561,30,1
1771695162.0312798,472_4,472,tpc_commit,7.631547451019287,28795,31,1
1771695162.032748,474_4,474,tpc_commit,7.634837627410889,28783,31,1
1771695164.5268495,473_3,473,tpc_commit,10.217389345169067,28783,31,1
1771695164.650868,475_3,475,tpc_commit,10.21972131729126,28795,31,1
1771695166.2721894,476_4,476,das_work,4.695995092391968,48258,31,1
1771695166.2761862,475_3,475,tpc_commit,1.6253070831298828,28795,31,1
1771695166.3140154,472_4,472,tpc_commit,4.282722473144531,28795,31,1
1771695166.3289132,479_3,479,das_work,9.737220764160156,48258,31,1
1771695166.3364122,478_4,478,das_work,10.109384298324583,48258,31,1
1771695166.3411152,474_4,474,tpc_commit,4.308354377746582,28783,31,1
1771695166.4380713,477_3,477,das_work,5.163019180297852,48258,31,1
1771695166.446605,471_3,471,das_work,10.472636222839355,48258,31,1
1771695166.4543746,473_3,473,tpc_commit,1.927515745162964,28783,31,1
1771695174.0496483,478_4,478,tpc_commit,7.713225126266479,28795,32,1
1771695174.052869,476_4,476,tpc_commit,7.780557632446289,28795,32,1
1771695176.515411,477_3,477,tpc_commit,10.07732892036438,28795,32,1
1771695176.560549,471_3,471,tpc_commit,10.113933563232422,28795,32,1
1771695176.5746615,473_4,473,tpc_lock,8.295624732971191,46561,32,1
1771695176.58368,479_3,479,tpc_commit,10.254756689071655,28795,32,1
1771695176.585416,475_4,475,tpc_lock,8.539029836654663,46561,32,1
1771695178.2029998,477_3,477,tpc_commit,1.6875789165496826,28795,32,1
1771695178.204583,471_3,471,tpc_commit,1.6440234184265137,28795,32,1
1771695178.2145314,476_4,476,tpc_commit,4.161651849746704,28795,32,1
1771695178.2296782,478_4,478,tpc_commit,4.180019378662109,28795,32,1
1771695178.2306223,479_3,479,tpc_commit,1.6469318866729736,28795,32,1
1771695178.2391238,475_4,475,tpc_lock,1.653698205947876,46561,32,1
1771695178.2707648,473_4,473,tpc_lock,1.6960928440093994,46561,32,1
1771695188.5129497,471_4,471,tpc_lock,9.381833553314207,46561,33,1
1771695188.540844,479_4,479,tpc_lock,9.180338621139526,46561,33,1
1771695188.6099496,477_4,477,tpc_lock,9.765295505523682,46561,33,1
1771695190.239631,477_4,477,tpc_lock,1.6296708583831787,46561,33,1
1771695190.24061,471_4,471,tpc_lock,1.727646827697754,46561,33,1
1771695190.2783887,473_4,473,das_work,8.885307788848877,48258,33,1
1771695190.3426533,475_4,475,das_work,6.425741195678711,48258,33,1
1771695190.3730528,479_4,479,tpc_lock,1.8321962356567385,46561,33,1
1771695200.4784074,473_4,473,tpc_commit,10.200007677078249,28795,34,1
1771695200.4969645,475_4,475,tpc_commit,10.154298782348633,28795,34,1
1771695202.165521,473_4,473,tpc_commit,1.6871016025543213,28795,34,1
1771695202.1958325,479_4,479,das_work,10.188314437866213,48258,34,1
1771695202.234693,471_4,471,das_work,6.318934202194214,48258,34,1
1771695202.2375882,477_4,477,das_work,8.423060894012451,48258,34,1
1771695202.2880526,475_4,475,tpc_commit,1.7910754680633545,28795,34,1
1771695212.4600146,471_4,471,tpc_commit,10.22531008720398,28795,35,1
1771695212.4622772,477_4,477,tpc_commit,10.224674463272097,28795,35,1
1771695212.495913,479_4,479,tpc_commit,10.300069570541382,28795,35,1
1771695214.1479137,477_4,477,tpc_commit,1.6856224536895752,28795,35,1
1771695214.1525438,479_4,479,tpc_commit,1.6566171646118164,28795,35,1
1771695214.1636577,471_4,471,tpc_commit,1.7036314010620115,28795,35,1
1771694972.702206,489_0,489,tpc_lock,3.727998733520508,46561,15,1
1771694972.729491,481_0,481,tpc_lock,3.095975875854492,46561,15,1
1771694982.59002,484_0,484,tpc_lock,1.327040195465088,46561,16,1
1771694982.5939162,486_0,486,tpc_lock,5.800998210906982,46561,16,1
1771694982.6039944,488_0,488,tpc_lock,2.4744415283203125,46561,16,1
1771694982.621093,482_0,482,tpc_lock,11.497406959533691,46561,16,1
1771694984.4314885,487_0,487,tpc_lock,12.218156337738035,46561,16,1
1771694984.4389231,483_0,483,tpc_lock,2.804541826248169,46561,16,1
1771694984.49931,485_0,485,tpc_lock,4.652633190155029,46561,16,1
1771694986.2454205,482_0,482,tpc_lock,3.62432312965393,46561,16,1
1771694986.4075089,484_0,484,tpc_lock,3.817481994628906,46561,16,1
1771694986.4220562,481_0,481,tpc_lock,13.692558765411375,46561,16,1
1771694986.6919968,486_0,486,tpc_lock,4.098074674606323,46561,16,1
1771694986.7101488,489_0,489,tpc_lock,14.007933855056764,46561,16,1
1771694987.0158672,488_0,488,tpc_lock,4.411866903305054,46561,16,1
1771694994.1864383,480_0,480,tpc_lock,12.43201208114624,46561,17,1
1771694998.2539432,481_0,481,das_work,6.749321937561035,48258,17,1
1771694998.265658,489_0,489,das_work,4.232892036437988,48258,17,1
1771694998.3942518,483_0,483,tpc_lock,13.955323696136476,46561,17,1
1771694998.568662,485_0,485,tpc_lock,14.069345474243164,46561,17,1
1771694998.5730174,488_0,488,das_work,9.574115991592407,48258,17,1
1771694998.5936666,484_0,484,das_work,7.132776498794556,48258,17,1
1771694998.6571543,480_0,480,tpc_lock,4.470710277557373,46561,17,1
1771694998.7067509,482_0,482,das_work,2.554421186447144,48258,17,1
1771694998.7220993,487_0,487,tpc_lock,14.290605068206789,46561,17,1
1771694998.7899773,486_0,486,das_work,10.506688117980955,48258,17,1
1771695006.654285,488_0,488,tpc_commit,8.081256866455078,28795,18,1
1771695006.659075,486_0,486,tpc_commit,7.869086265563965,28795,18,1
1771695006.80298,484_0,484,tpc_commit,8.209301233291626,28795,18,1
1771695006.8926928,482_0,482,tpc_commit,8.185932874679565,28795,18,1
1771695008.5164094,481_0,481,tpc_commit,10.26245403289795,28795,18,1
1771695008.6446092,489_0,489,tpc_commit,10.378942012786863,28795,18,1
1771695010.2926967,488_0,488,tpc_commit,3.638399839401245,28795,18,1
1771695010.355473,487_0,487,das_work,9.480948448181152,48258,18,1
1771695010.3670585,483_0,483,das_work,2.598132371902466,48258,18,1
1771695010.4285374,485_0,485,das_work,7.741974353790283,48258,18,1
1771695010.4356086,486_0,486,tpc_commit,3.776520967483521,28795,18,1
1771695010.6855748,482_0,482,tpc_commit,3.792870044708252,28795,18,1
1771695018.2863147,486_1,486,tpc_lock,6.379753828048706,46561,19,1
1771695018.4092882,488_1,488,tpc_lock,6.900673151016235,46561,19,1
1771695018.5218687,482_1,482,tpc_lock,6.333580493927002,46561,19,1
1771695020.438141,483_0,483,tpc_commit,10.071071863174438,28795,19,1
1771695020.471591,485_0,485,tpc_commit,10.04304313659668,28795,19,1
1771695020.474816,487_0,487,tpc_commit,10.119333505630491,28795,19,1
1771695022.567489,486_1,486,tpc_lock,4.281161546707153,46561,19,1
1771695022.6361768,488_1,488,tpc_lock,4.226877689361572,46561,19,1
1771695022.694556,489_0,489,tpc_commit,14.049935579299929,28795,19,1
1771695022.709163,480_0,480,das_work,14.749911546707152,48258,19,1
1771695022.769766,484_0,484,tpc_commit,15.966773748397827,28795,19,1
1771695022.870152,482_1,482,tpc_lock,4.3482725620269775,46561,19,1
1771695022.886896,481_0,481,tpc_commit,14.370475053787231,28795,19,1
1771695030.1970122,480_0,480,tpc_commit,7.487839221954346,28795,20,1
1771695030.2023103,484_1,484,tpc_lock,5.702084541320801,46561,20,1
1771695032.7110667,481_1,481,tpc_lock,7.829358577728271,46561,20,1
1771695032.7770214,489_1,489,tpc_lock,8.810213327407837,46561,20,1
1771695034.51923,485_0,485,tpc_commit,14.04763150215149,28795,20,1
1771695034.7113025,486_1,486,das_work,4.884788036346436,48258,20,1
1771695034.812447,487_0,487,tpc_commit,14.337623357772827,28795,20,1
1771695034.9858632,484_1,484,tpc_lock,4.783542633056641,46561,20,1
1771695034.9899397,483_0,483,tpc_commit,14.551786661148071,28795,20,1
1771695035.5184736,480_0,480,tpc_commit,5.321451425552368,28795,20,1
1771695042.1670904,486_1,486,tpc_commit,7.455777883529663,28795,21,1
1771695042.2459638,480_1,480,tpc_lock,5.685150146484375,46561,21,1
1771695044.5302594,485_1,485,tpc_lock,8.66070008277893,46561,21,1
1771695044.5359542,483_1,483,tpc_lock,9.029174089431764,46561,21,1
1771695044.59475,487_1,487,tpc_lock,8.35197401046753,46561,21,1
1771695046.30692,486_1,486,tpc_commit,4.139816045761108,28795,21,1
1771695046.4209597,489_1,489,tpc_lock,13.643924951553345,46561,21,1
1771695046.693318,480_1,480,tpc_lock,4.447342157363892,46561,21,1
1771695046.7245502,482_1,482,das_work,16.33281683921814,48258,21,1
1771695046.8451066,488_1,488,das_work,14.664218425750732,48258,21,1
1771695046.9209173,481_1,481,tpc_lock,14.20983910560608,46561,21,1
1771695046.9431384,484_1,484,das_work,7.712177038192749,48258,21,1
1771695054.334956,486_2,486,tpc_lock,7.009599685668945,46561,22,1
1771695054.39158,482_1,482,tpc_commit,7.66701865196228,28795,22,1
1771695054.4989586,484_1,484,tpc_commit,7.555808544158935,28795,22,1
1771695054.7602837,488_1,488,tpc_commit,7.915164709091186,28795,22,1
1771695058.2849922,481_1,481,das_work,3.882895231246948,48258,22,1
1771695058.3021276,486_2,486,tpc_lock,3.967160940170288,46561,22,1
1771695058.3151982,482_1,482,tpc_commit,3.923607349395752,28795,22,1
1771695058.4720292,484_1,484,tpc_commit,3.973060131072998,28795,22,1
1771695058.5639198,487_1,487,tpc_lock,13.969159126281738,46561,22,1
1771695058.6091876,488_1,488,tpc_commit,3.8488926887512207,28795,22,1
1771695058.6449518,480_1,480,das_work,7.825053930282593,48258,22,1
1771695058.7385898,483_1,483,tpc_lock,14.20262336730957,46561,22,1
1771695058.856948,489_1,489,das_work,7.612547159194946,48258,22,1
1771695059.206951,485_1,485,tpc_lock,14.676676511764526,46561,22,1
1771695066.437162,484_2,484,tpc_lock,6.15316915512085,46561,23,1
1771695066.4474986,482_2,482,tpc_lock,6.580039024353027,46561,23,1
1771695066.6078691,480_1,480,tpc_commit,7.9629058837890625,28795,23,1
1771695066.6193795,488_2,488,tpc_lock,7.354649066925049,46561,23,1
1771695068.507006,489_1,489,tpc_commit,9.650047540664673,28795,23,1
1771695068.605403,481_1,481,tpc_commit,10.320399284362791,28795,23,1
1771695070.3005617,484_2,484,tpc_lock,3.863386631011963,46561,23,1
1771695070.4128726,486_2,486,das_work,4.990270614624023,48258,23,1
1771695070.459783,485_1,485,das_work,3.418354749679565,48258,23,1
1771695070.685764,489_1,489,tpc_commit,2.1787471771240234,28795,23,1
1771695070.72713,482_2,482,tpc_lock,4.27961802482605,46561,23,1
1771695070.8202016,483_1,483,das_work,9.390301942825316,48258,23,1
1771695070.8319073,480_1,480,tpc_commit,4.2240283489227295,28795,23,1
1771695070.928946,488_2,488,tpc_lock,4.3095543384552,46561,23,1
1771695070.9322095,487_1,487,das_work,10.389121770858765,48258,23,1
1771695078.2910464,480_2,480,tpc_lock,5.509565114974976,46561,24,1
1771695078.334536,486_2,486,tpc_commit,7.921652555465698,28795,24,1
1771695080.4343257,489_2,489,tpc_lock,8.291781663894653,46561,24,1
1771695080.4823544,487_1,487,tpc_commit,9.550132989883425,28795,24,1
1771695080.491566,485_1,485,tpc_commit,10.03177046775818,28795,24,1
1771695080.5022564,483_1,483,tpc_commit,9.682042598724363,28795,24,1
1771695082.3208432,484_2,484,das_work,4.471496105194092,48258,24,1
1771695082.5056615,487_1,487,tpc_commit,2.023296356201172,28795,24,1
1771695082.558818,485_1,485,tpc_commit,2.067241668701172,28795,24,1
1771695082.6187313,482_2,482,das_work,6.435973882675171,48258,24,1
1771695082.6670537,489_2,489,tpc_lock,2.2327160835266118,46561,24,1
1771695082.812893,488_2,488,das_work,8.97444748878479,48258,24,1
1771695082.819783,480_2,480,tpc_lock,4.528726100921631,46561,24,1
1771695082.8706608,481_1,481,tpc_commit,14.265222072601318,28795,24,1
1771695082.8818412,486_2,486,tpc_commit,4.547295093536377,28795,24,1
1771695090.1055746,488_2,488,tpc_commit,7.29267144203186,28795,25,1
1771695090.1451862,486_3,486,tpc_lock,6.706028461456299,46561,25,1
1771695090.2047267,482_2,482,tpc_commit,7.585985898971558,28795,25,1
1771695090.215061,484_2,484,tpc_commit,7.894204378128052,28795,25,1
1771695092.6724756,481_2,481,tpc_lock,9.279784440994264,46561,25,1
1771695092.6914787,487_2,487,tpc_lock,8.59207034111023,46561,25,1
1771695092.7072031,485_2,485,tpc_lock,8.203445672988892,46561,25,1
1771695094.2666447,486_3,486,tpc_lock,4.121447801589966,46561,25,1
1771695094.461947,484_2,484,tpc_commit,4.2468743324279785,28795,25,1
1771695094.479206,482_2,482,tpc_commit,4.2744691371917725,28795,25,1
1771695094.5058138,480_2,480,das_work,7.804762601852417,48258,25,1
1771695094.5160985,489_2,489,das_work,7.396839618682861,48258,25,1
1771695094.9658966,488_2,488,tpc_commit,4.860311031341553,28795,25,1
1771695095.0341303,483_1,483,tpc_commit,14.531863689422607,28795,25,1
1771695102.3107257,482_3,482,tpc_lock,6.658911228179932,46561,26,1
1771695102.3382232,480_2,480,tpc_commit,7.832392930984497,28795,26,1
1771695102.3853106,488_3,488,tpc_lock,6.918801069259644,46561,26,1
1771695102.4121275,484_3,484,tpc_lock,7.365132331848144,46561,26,1
1771695104.7024431,489_2,489,tpc_commit,10.186331033706663,28795,26,1
1771695104.8833425,483_2,483,tpc_lock,9.15859866142273,46561,26,1
1771695106.2854722,486_3,486,das_work,8.756669998168945,48258,26,1
1771695106.4406664,484_3,484,tpc_lock,4.028443574905396,46561,26,1
1771695106.8345847,487_2,487,tpc_lock,14.143094778060911,46561,26,1
1771695106.8454638,481_2,481,tpc_lock,14.172977209091188,46561,26,1
1771695106.9465027,485_2,485,tpc_lock,14.23928952217102,46561,26,1
1771695114.218343,486_3,486,tpc_commit,7.932859182357788,28795,27,1
1771695118.34699,482_3,482,tpc_lock,16.03625202178955,46561,27,1
1771695118.370293,486_3,486,tpc_commit,4.151939630508423,28795,27,1
1771695118.4035983,488_3,488,tpc_lock,16.01827836036682,46561,27,1
1771695118.4995904,484_3,484,das_work,10.407947778701782,48258,27,1
1771695118.6689725,480_2,480,tpc_commit,16.33073663711548,28795,27,1
1771695118.6931531,487_2,487,das_work,8.565666437149048,48258,27,1
1771695118.7822852,485_2,485,das_work,8.987241268157959,48258,27,1
1771695118.973886,489_2,489,tpc_commit,14.271432638168337,28795,27,1
1771695119.0347073,483_2,483,tpc_lock,14.151352167129517,46561,27,1
1771695119.0593295,481_2,481,das_work,10.390887260437012,48258,27,1
1771695126.2113142,480_3,480,tpc_lock,6.113909721374512,46561,28,1
1771695126.3518224,486_4,486,tpc_lock,6.430736064910889,46561,28,1
1771695126.372676,484_3,484,tpc_commit,7.873074054718018,28795,28,1
1771695128.6839166,489_3,489,tpc_lock,7.986575365066528,46549,28,1
1771695128.7550318,481_2,481,tpc_commit,9.695687532424929,28795,28,1
1771695128.806437,485_2,485,tpc_commit,10.024141550064089,28795,28,1
1771695128.8130386,487_2,487,tpc_commit,10.119874477386476,28795,28,1
1771695130.4227529,483_2,483,das_work,8.419620275497437,48258,28,1
1771695130.5914946,480_3,480,tpc_lock,4.380169630050659,46561,28,1
1771695130.7378552,486_4,486,tpc_lock,4.386022329330444,46561,28,1
1771695130.7945206,488_3,488,das_work,8.58026909828186,48258,28,1
1771695130.8167367,482_3,482,das_work,10.561062574386597,48258,28,1
1771695130.9797535,484_3,484,tpc_commit,4.607066631317139,28795,28,1
1771695138.3041053,488_3,488,tpc_commit,7.509574174880981,28795,29,1
1771695138.308082,484_4,484,tpc_lock,5.6910717487335205,46561,29,1
1771695138.382264,482_3,482,tpc_commit,7.565516233444214,28795,29,1
1771695140.522049,483_2,483,tpc_commit,10.099283218383787,28795,29,1
1771695142.2977784,488_3,488,tpc_commit,3.993661642074585,28795,29,1
1771695142.301457,486_4,486,das_work,7.633189916610718,48258,29,1
1771695142.3073082,481_2,481,tpc_commit,13.55226230621338,28795,29,1
1771695142.3348818,489_3,489,tpc_lock,13.650954961776732,46549,29,1
1771695142.364474,480_3,480,das_work,3.880048036575317,48258,29,1
1771695142.420553,482_3,482,tpc_commit,4.038276672363281,28795,29,1
1771695142.491454,484_4,484,tpc_lock,4.183358669281006,46561,29,1
1771695142.547096,485_2,485,tpc_commit,13.74064826965332,28795,29,1
1771695142.6632044,487_2,487,tpc_commit,13.85015320777893,28795,29,1
1771695142.6977513,483_2,483,tpc_commit,2.1756913661956787,28795,29,1
1771695150.0907028,488_4,488,tpc_lock,6.485454320907593,46549,30,1
1771695150.14618,480_3,480,tpc_commit,7.781695604324341,28795,30,1
1771695150.1553888,486_4,486,tpc_commit,7.853920936584473,28795,30,1
1771695150.1621556,482_4,482,tpc_lock,5.909278631210327,46561,30,1
1771695152.71517,487_3,487,tpc_lock,9.119252920150757,46561,30,1
1771695152.7305129,485_3,485,tpc_lock,9.111579418182371,46561,30,1
1771695152.7494848,481_3,481,tpc_lock,9.74814248085022,46561,30,1
1771695152.7549572,483_3,483,tpc_lock,8.550504922866821,46561,30,1
1771695154.3046217,481_3,481,tpc_lock,1.5551230907440186,46561,30,1
1771695154.4214835,485_3,485,tpc_lock,1.6909594535827637,46561,30,1
1771695154.461952,484_4,484,das_work,9.119046688079834,48258,30,1
1771695154.5083723,480_3,480,tpc_commit,4.362179279327393,28795,30,1
1771695154.5887623,482_4,482,tpc_lock,4.426596164703369,46561,30,1
1771695154.6015038,486_4,486,tpc_commit,4.446104288101196,28795,30,1
1771695154.6687455,488_4,488,tpc_lock,4.5780298709869385,46549,30,1
1771695154.6795204,489_3,489,das_work,7.012715101242065,48258,30,1
1771695154.7836864,487_3,487,tpc_lock,2.068502902984619,46561,30,1
1771695154.8070836,483_3,483,tpc_lock,2.052112102508545,46561,30,1
1771695162.02588,484_4,484,tpc_commit,7.563917636871338,28795,31,1
1771695162.0275054,480_4,480,tpc_lock,5.940757036209106,46561,31,1
1771695164.5906985,489_3,489,tpc_commit,9.911166429519652,28783,31,1
1771695166.263582,484_4,484,tpc_commit,4.237694263458252,28795,31,1
1771695166.2733064,483_3,483,das_work,2.543630361557007,48258,31,1
1771695166.3024514,485_3,485,das_work,8.88523554801941,48258,31,1
1771695166.3919466,488_4,488,das_work,5.22761344909668,48258,31,1
1771695166.394421,482_4,482,das_work,4.684420347213745,48258,31,1
1771695166.4145105,489_3,489,tpc_commit,1.8237977027893064,28783,31,1
1771695166.4151027,481_3,481,das_work,5.543954133987427,48258,31,1
1771695166.4374392,487_3,487,das_work,3.6896138191223145,48258,31,1
1771695166.4769936,480_4,480,tpc_lock,4.449479818344116,46561,31,1
1771695174.0757778,488_4,488,tpc_commit,7.683820009231567,28783,32,1
1771695174.1028588,482_4,482,tpc_commit,7.708427667617798,28795,32,1
1771695176.512978,485_3,485,tpc_commit,10.210515975952148,28795,32,1
1771695176.5388837,481_3,481,tpc_commit,10.123768091201782,28795,32,1
1771695176.5563111,489_4,489,tpc_lock,9.59441351890564,46561,32,1
1771695176.6032796,483_3,483,tpc_commit,10.329961776733398,28795,32,1
1771695176.6322284,487_3,487,tpc_commit,10.194777965545654,28795,32,1
1771695178.2016785,483_3,483,tpc_commit,1.5983881950378418,28795,32,1
1771695178.2026088,489_4,489,tpc_lock,1.6462886333465576,46561,32,1
1771695178.216932,485_3,485,tpc_commit,1.7039399147033691,28795,32,1
1771695178.2209532,488_4,488,tpc_commit,4.145164489746094,28783,32,1
1771695178.2253816,480_4,480,das_work,2.154805898666382,48258,32,1
1771695178.2288764,482_4,482,tpc_commit,4.126006841659546,28795,32,1
1771695178.239564,481_3,481,tpc_commit,1.7006676197052002,28795,32,1
1771695178.240708,487_3,487,tpc_commit,1.608470439910889,28795,32,1
1771695186.006704,480_4,480,tpc_commit,7.78131103515625,28795,33,1
1771695188.4917676,483_4,483,tpc_lock,8.800888538360596,46561,33,1
1771695188.4977992,485_4,485,tpc_lock,9.331000089645386,46537,33,1
1771695188.5101674,481_4,481,tpc_lock,8.839704990386963,46561,33,1
1771695188.526508,487_4,487,tpc_lock,9.310210943222046,46561,33,1
1771695190.250079,485_4,485,tpc_lock,1.752267599105835,46537,33,1
1771695190.2557604,483_4,483,tpc_lock,1.7639813423156738,46561,33,1
1771695190.259203,480_4,480,tpc_commit,4.252490282058716,28795,33,1
1771695190.3293302,489_4,489,das_work,7.977892160415649,48258,33,1
1771695190.506347,487_4,487,tpc_lock,1.9798264503479004,46561,33,1
1771695190.5073142,481_4,481,tpc_lock,1.9971365928649905,46561,33,1
1771695200.479055,489_4,489,tpc_commit,10.149712085723875,28795,34,1
1771695202.1508608,483_4,483,das_work,3.5482022762298584,48258,34,1
1771695202.1689956,481_4,481,das_work,4.874292612075806,48258,34,1
1771695202.169723,487_4,487,das_work,9.927359580993652,48258,34,1
1771695202.1821866,485_4,485,das_work,2.7901477813720703,48258,34,1
1771695202.1993089,489_4,489,tpc_commit,1.7202444076538086,28795,34,1
1771695212.484155,481_4,481,tpc_commit,10.31514310836792,28795,35,1
1771695212.493214,483_4,483,tpc_commit,10.34234094619751,28795,35,1
1771695212.5066168,487_4,487,tpc_commit,10.336883068084717,28795,35,1
1771695212.5120635,485_4,485,tpc_commit,10.329867601394652,28771,35,1
1771695214.0973835,481_4,481,tpc_commit,1.613217830657959,28795,35,1
1771695214.110844,487_4,487,tpc_commit,1.6042160987854004,28795,35,1
1771695214.1124856,485_4,485,tpc_commit,1.600409984588623,28771,35,1
1771695214.1699646,483_4,483,tpc_commit,1.676740646362305,28795,35,1
1771694982.3465605,490_0,490,tpc_lock,5.5751869678497314,46561,16,1
1771694982.35666,492_0,492,tpc_lock,6.721170902252197,46561,16,1
1771694982.5666864,494_0,494,tpc_lock,9.586207151412964,46561,16,1
1771694984.4224856,493_0,493,tpc_lock,9.542120933532717,46561,16,1
1771694984.4282694,491_0,491,tpc_lock,10.244621992111206,46561,16,1
1771694984.447284,495_0,495,tpc_lock,3.1682934761047363,46561,16,1
1771694984.5177462,497_0,497,tpc_lock,2.518193244934082,46561,16,1
1771694986.289277,490_0,490,tpc_lock,3.942703485488892,46561,16,1
1771694986.5984032,494_0,494,tpc_lock,4.031711101531982,46561,16,1
1771694994.2347927,498_0,498,tpc_lock,8.673924922943115,46561,17,1
1771694994.3043773,496_0,496,tpc_lock,10.53386116027832,46561,17,1
1771694996.3940594,499_0,499,tpc_lock,10.420648097991943,46561,17,1
1771694998.2571118,493_0,493,tpc_lock,13.834620237350464,46561,17,1
1771694998.285735,492_0,492,tpc_lock,15.929068326950071,46561,17,1
1771694998.333192,490_0,490,das_work,5.120011806488037,48258,17,1
1771694998.3388672,491_0,491,tpc_lock,13.910593032836914,46561,17,1
1771694998.3526623,499_0,499,tpc_lock,1.958599090576172,46561,17,1
1771694998.3971145,495_0,495,tpc_lock,13.949824810028076,46561,17,1
1771694998.4812589,496_0,496,tpc_lock,4.176875591278076,46561,17,1
1771694998.5155952,498_0,498,tpc_lock,4.28079628944397,46561,17,1
1771694998.6255813,494_0,494,das_work,2.118039608001709,48258,17,1
1771694998.6307113,497_0,497,tpc_lock,14.112959861755373,46561,17,1
1771695006.7703085,490_0,490,tpc_commit,8.43710446357727,28795,18,1
1771695006.970824,494_0,494,tpc_commit,8.345234632492065,28795,18,1
1771695010.1927795,499_0,499,das_work,9.091710090637209,48258,18,1
1771695010.212237,497_0,497,das_work,9.38549280166626,48258,18,1
1771695010.2199228,495_0,495,das_work,9.683095455169678,48258,18,1
1771695010.31398,498_0,498,das_work,10.03191614151001,48258,18,1
1771695010.4214034,496_0,496,das_work,10.154566526412964,48258,18,1
1771695010.6058457,491_0,491,das_work,5.866075277328491,48258,18,1
1771695010.630339,492_0,492,das_work,3.9662134647369385,48258,18,1
1771695010.738078,494_0,494,tpc_commit,3.767243623733521,28795,18,1
1771695018.2566128,496_0,496,tpc_commit,7.835197925567627,28795,19,1
1771695018.4348557,492_0,492,tpc_commit,7.804507493972778,28795,19,1
1771695018.4418726,494_1,494,tpc_lock,5.813702344894409,46561,19,1
1771695018.4939995,498_0,498,tpc_commit,8.180009841918945,28795,19,1
1771695020.4489706,499_0,499,tpc_commit,10.256180763244627,28795,19,1
1771695020.4510603,491_0,491,tpc_commit,9.845205307006836,28795,19,1
1771695020.456184,497_0,497,tpc_commit,10.243937730789185,28795,19,1
1771695020.464427,495_0,495,tpc_commit,10.24449372291565,28795,19,1
1771695022.3011532,490_0,490,tpc_commit,15.53083109855652,28795,19,1
1771695022.4453795,492_0,492,tpc_commit,4.010512828826904,28795,19,1
1771695022.681094,499_0,499,tpc_commit,2.232112407684326,28795,19,1
1771695022.9083302,493_0,493,das_work,15.038321733474731,48258,19,1
1771695022.9169989,498_0,498,tpc_commit,4.422989130020142,28795,19,1
1771695022.9663815,495_0,495,tpc_commit,2.5019407272338867,28795,19,1
1771695023.0800314,496_0,496,tpc_commit,4.823406934738159,28795,19,1
1771695023.1629477,494_1,494,tpc_lock,4.721064329147339,46561,19,1
1771695023.1712463,497_0,497,tpc_commit,2.715051889419556,28795,19,1
1771695030.2156303,496_1,496,tpc_lock,5.523513317108154,46561,20,1
1771695030.2899427,490_1,490,tpc_lock,7.25318169593811,46561,20,1
1771695030.2917228,492_1,492,tpc_lock,5.873755931854248,46561,20,1
1771695030.4279232,498_1,498,tpc_lock,5.5853590965271,46549,20,1
1771695032.7167118,499_1,499,tpc_lock,8.745327711105347,46561,20,1
1771695032.729612,497_1,497,tpc_lock,8.150858163833618,46561,20,1
1771695032.7588482,493_0,493,tpc_commit,9.850504636764526,28795,20,1
1771695032.7790935,495_1,495,tpc_lock,8.52485966682434,46561,20,1
1771695034.3343976,491_0,491,tpc_commit,13.88329267501831,28795,20,1
1771695034.9176085,498_1,498,tpc_lock,4.4896745681762695,46549,20,1
1771695035.4669943,492_1,492,tpc_lock,5.175261974334717,46561,20,1
1771695035.8605075,494_1,494,das_work,9.514354228973389,48258,20,1
1771695042.1988392,494_1,494,tpc_commit,6.3383214473724365,28795,21,1
1771695044.64206,491_1,491,tpc_lock,9.182394742965698,46561,21,1
1771695046.3071764,496_1,496,tpc_lock,16.09153437614441,46561,21,1
1771695046.3132706,498_1,498,das_work,9.529237270355225,48258,21,1
1771695046.3800106,495_1,495,tpc_lock,13.600906133651732,46561,21,1
1771695046.3873427,490_1,490,tpc_lock,16.097370862960815,46561,21,1
1771695046.598704,492_1,492,das_work,6.75890040397644,48258,21,1
1771695046.6497338,494_1,494,tpc_commit,4.450883865356445,28795,21,1
1771695046.725405,499_1,499,tpc_lock,14.008682250976562,46561,21,1
1771695046.767649,493_0,493,tpc_commit,14.008790016174316,28795,21,1
1771695046.9391992,497_1,497,tpc_lock,14.209575653076172,46561,21,1
1771695054.5188055,494_2,494,tpc_lock,7.180599689483643,46561,22,1
1771695054.582208,492_1,492,tpc_commit,7.983493566513061,28795,22,1
1771695054.63844,498_1,498,tpc_commit,8.32515835762024,28783,22,1
1771695056.500082,493_1,493,tpc_lock,8.510455131530762,46561,22,1
1771695058.2855418,491_1,491,tpc_lock,13.643469333648682,46561,22,1
1771695058.381707,490_1,490,das_work,10.693089962005615,48258,22,1
1771695058.439443,498_1,498,tpc_commit,3.800992012023926,28783,22,1
1771695058.7532947,497_1,497,das_work,6.040237188339233,48258,22,1
1771695058.843592,496_1,496,das_work,10.300764322280884,48258,22,1
1771695058.8569033,499_1,499,das_work,9.301562070846558,48258,22,1
1771695058.920876,495_1,495,das_work,9.958336114883425,48258,22,1
1771695058.9362292,494_2,494,tpc_lock,4.417410373687744,46561,22,1
1771695066.4182696,496_1,496,tpc_commit,7.5746681690216064,28795,23,1
1771695066.4402158,498_2,498,tpc_lock,6.802668333053589,46549,23,1
1771695066.451179,490_1,490,tpc_commit,8.069461345672607,28795,23,1
1771695068.5732908,499_1,499,tpc_commit,9.716350317001345,28795,23,1
1771695068.595265,497_1,497,tpc_commit,9.841960191726685,28795,23,1
1771695068.6225026,495_1,495,tpc_commit,9.70161271095276,28795,23,1
1771695070.4389896,495_1,495,tpc_commit,1.816474676132202,28795,23,1
1771695070.4462214,492_1,492,tpc_commit,15.86400294303894,28795,23,1
1771695070.5698168,493_1,493,tpc_lock,14.069724321365356,46561,23,1
1771695070.6372943,498_2,498,tpc_lock,4.19706654548645,46549,23,1
1771695070.7476797,496_1,496,tpc_commit,4.329398393630981,28795,23,1
1771695070.926293,494_2,494,das_work,4.257347106933594,48258,23,1
1771695070.9475398,490_1,490,tpc_commit,4.496346950531006,28795,23,1
1771695071.022525,491_1,491,das_work,4.082001686096191,48258,23,1
1771695078.1332867,494_2,494,tpc_commit,7.206981897354126,28795,24,1
1771695078.2382252,496_2,496,tpc_lock,5.722473621368408,46561,24,1
1771695078.2648656,492_2,492,tpc_lock,6.75794243812561,46561,24,1
1771695078.3263557,490_2,490,tpc_lock,6.290105104446411,46561,24,1
1771695080.4684618,495_2,495,tpc_lock,8.821012735366821,46561,24,1
1771695080.4982977,491_1,491,tpc_commit,9.475761890411375,28795,24,1
1771695082.459972,490_2,490,tpc_lock,4.133606910705566,46561,24,1
1771695082.4671686,498_2,498,das_work,9.959691047668455,48258,24,1
1771695082.5986314,494_2,494,tpc_commit,4.465333223342896,28795,24,1
1771695082.6423962,497_1,497,tpc_commit,14.04711890220642,28795,24,1
1771695082.710951,493_1,493,das_work,7.091051816940308,48258,24,1
1771695082.718081,492_2,492,tpc_lock,4.453205585479736,46561,24,1
1771695082.727445,499_1,499,tpc_commit,14.15414309501648,28795,24,1
1771695082.7764623,496_2,496,tpc_lock,4.5382256507873535,46561,24,1
1771695082.813498,495_2,495,tpc_lock,2.345025062561035,46561,24,1
1771695090.0942278,498_2,498,tpc_commit,7.627046823501587,28783,25,1
1771695090.1800902,494_3,494,tpc_lock,6.351236581802368,46561,25,1
1771695092.5686707,499_2,499,tpc_lock,8.650027513504028,46561,25,1
1771695092.701577,497_2,497,tpc_lock,9.265238761901855,46561,25,1
1771695092.707002,493_1,493,tpc_commit,9.99603796005249,28795,25,1
1771695094.335163,492_2,492,das_work,8.591739654541016,48258,25,1
1771695094.41247,494_3,494,tpc_lock,4.232369899749756,46561,25,1
1771695094.5467188,490_2,490,das_work,3.400146007537842,48258,25,1
1771695094.5629778,498_2,498,tpc_commit,4.468738079071045,28783,25,1
1771695094.733108,495_2,495,das_work,3.900212049484253,48258,25,1
1771695095.0809002,491_1,491,tpc_commit,14.582594394683838,28795,25,1
1771695102.3244245,490_2,490,tpc_commit,7.777693748474121,28795,26,1
1771695102.3746474,498_3,498,tpc_lock,6.692884206771851,46561,26,1
1771695102.3864994,492_2,492,tpc_commit,8.051324844360352,28795,26,1
1771695104.693349,491_2,491,tpc_lock,8.75944972038269,46561,26,1
1771695104.843187,495_2,495,tpc_commit,10.110068798065186,28795,26,1
1771695106.3217592,492_2,492,tpc_commit,3.935248374938965,28795,26,1
1771695106.32933,499_2,499,tpc_lock,13.76064920425415,46561,26,1
1771695106.362877,496_2,496,das_work,13.653632879257202,48258,26,1
1771695106.5282493,497_2,497,tpc_lock,13.82666277885437,46561,26,1
1771695106.966467,493_1,493,tpc_commit,14.25945520401001,28795,26,1
1771695107.2664535,494_3,494,das_work,11.719502449035645,48258,26,1
1771695114.186316,492_3,492,tpc_lock,6.823970317840576,46561,27,1
1771695114.2073524,494_3,494,tpc_commit,6.940886497497559,28795,27,1
1771695114.2131054,496_2,496,tpc_commit,7.850218057632446,28795,27,1
1771695116.5231116,493_2,493,tpc_lock,8.355976104736328,46561,27,1
1771695118.3682015,495_2,495,tpc_commit,13.525001525878906,28795,27,1
1771695118.388522,493_2,493,tpc_lock,1.865400314331055,46561,27,1
1771695118.402222,491_2,491,tpc_lock,13.708861351013184,46561,27,1
1771695118.5245726,499_2,499,das_work,7.851441144943237,48258,27,1
1771695118.5674863,490_2,490,tpc_commit,16.24304962158203,28795,27,1
1771695118.6244752,498_3,498,tpc_lock,16.24981713294983,46561,27,1
1771695118.642406,496_2,496,tpc_commit,4.429293394088745,28795,27,1
1771695118.7534776,497_2,497,das_work,3.486745357513428,48258,27,1
1771695118.8013957,494_3,494,tpc_commit,4.59403133392334,28795,27,1
1771695118.9541748,492_3,492,tpc_lock,4.767846584320068,46561,27,1
1771695126.2115288,496_3,496,tpc_lock,6.851430416107178,46561,28,1
1771695126.341074,490_3,490,tpc_lock,6.000564813613892,46561,28,1
1771695126.3567278,494_4,494,tpc_lock,6.535688638687134,46561,28,1
1771695128.6393516,499_2,499,tpc_commit,10.114765405654907,28795,28,1
1771695128.7905588,497_2,497,tpc_commit,10.037038803100586,28795,28,1
1771695128.8639088,495_3,495,tpc_lock,8.612857580184937,46561,28,1
1771695130.2914004,496_3,496,tpc_lock,4.079860687255859,46561,28,1
1771695130.2996564,498_3,498,das_work,10.456241846084597,48258,28,1
1771695130.6299255,493_2,493,das_work,9.898169755935667,48258,28,1
1771695130.7153175,490_3,490,tpc_lock,4.374232530593872,46561,28,1
1771695130.7909396,492_3,492,das_work,6.941151142120361,48258,28,1
1771695130.8227143,494_4,494,tpc_lock,4.4659740924835205,46561,28,1
1771695130.8517828,491_2,491,das_work,2.96037220954895,48258,28,1
1771695138.3578053,498_3,498,tpc_commit,8.058137655258179,28795,29,1
1771695138.3694224,492_3,492,tpc_commit,7.578471899032593,28795,29,1
1771695140.5249772,493_2,493,tpc_commit,9.895038366317747,28795,29,1
1771695140.5603049,491_2,491,tpc_commit,9.708509683609009,28795,29,1
1771695142.312684,490_3,490,das_work,5.864520788192749,48258,29,1
1771695142.341442,492_3,492,tpc_commit,3.9720075130462646,28795,29,1
1771695142.4185116,491_2,491,tpc_commit,1.8581929206848145,28795,29,1
1771695142.4285822,495_3,495,tpc_lock,13.56466269493103,46561,29,1
1771695142.435881,497_2,497,tpc_commit,13.64531135559082,28795,29,1
1771695142.441364,499_2,499,tpc_commit,13.802001953125,28795,29,1
1771695142.441718,496_3,496,das_work,8.966921091079712,48258,29,1
1771695142.4559438,494_4,494,das_work,8.095458984375,48258,29,1
1771695142.459786,493_2,493,tpc_commit,1.9347963333129885,28795,29,1
1771695142.6925433,498_3,498,tpc_commit,4.334725379943848,28795,29,1
1771695150.080947,490_3,490,tpc_commit,7.768249988555908,28795,30,1
1771695150.091944,494_4,494,tpc_commit,7.635988473892212,28795,30,1
1771695150.1097283,496_3,496,tpc_commit,7.667996406555176,28795,30,1
1771695150.1116607,498_4,498,tpc_lock,6.183990478515625,46561,30,1
1771695150.166464,492_4,492,tpc_lock,6.32896876335144,46561,30,1
1771695152.7110083,499_3,499,tpc_lock,8.81285309791565,46561,30,1
1771695152.713939,497_3,497,tpc_lock,8.692995071411133,46561,30,1
1771695152.7586536,491_3,491,tpc_lock,8.852790355682373,46561,30,1
1771695152.762034,493_3,493,tpc_lock,9.672148942947388,46561,30,1
1771695154.3093116,492_4,492,tpc_lock,4.142836332321167,46561,30,1
1771695154.3844469,496_3,496,tpc_commit,4.274707078933716,28795,30,1
1771695154.405691,491_3,491,tpc_lock,1.6470236778259275,46561,30,1
1771695154.4613338,499_3,499,tpc_lock,1.7503116130828855,46561,30,1
1771695154.46404,490_3,490,tpc_commit,4.383079528808594,28795,30,1
1771695154.473961,494_4,494,tpc_commit,4.382006168365479,28795,30,1
1771695154.4963517,498_4,498,tpc_lock,4.384676218032837,46561,30,1
1771695154.5048275,497_3,497,tpc_lock,1.790876865386963,46561,30,1
1771695154.6024034,495_3,495,das_work,4.621588945388794,48258,30,1
1771695154.827663,493_3,493,tpc_lock,2.065614700317383,46561,30,1
1771695162.0862503,496_4,496,tpc_lock,6.26171088218689,46561,31,1
1771695162.0938165,490_4,490,tpc_lock,6.98749589920044,46561,31,1
1771695164.6030223,495_3,495,tpc_commit,10.000606060028076,28795,31,1
1771695166.285988,499_3,499,das_work,2.96701979637146,48258,31,1
1771695166.3132515,492_4,492,das_work,2.803008317947388,48258,31,1
1771695166.316669,493_3,493,das_work,2.548812866210937,48258,31,1
1771695166.33563,491_3,491,das_work,10.406168222427368,48258,31,1
1771695166.3750312,498_4,498,das_work,9.040050506591797,48258,31,1
1771695166.3821115,495_3,495,tpc_commit,1.7790751457214355,28795,31,1
1771695166.38841,490_4,490,tpc_lock,4.294581413269043,46561,31,1
1771695166.4281363,497_3,497,das_work,5.497788429260254,48258,31,1
1771695166.4588308,496_4,496,tpc_lock,4.372568368911743,46561,31,1
1771695174.1090915,498_4,498,tpc_commit,7.734048843383789,28795,32,1
1771695174.1159358,492_4,492,tpc_commit,7.802672863006592,28795,32,1
1771695176.5111587,495_4,495,tpc_lock,9.184041500091553,46561,32,1
1771695176.6018493,491_3,491,tpc_commit,10.266208410263062,28795,32,1
1771695176.6390436,493_3,493,tpc_commit,10.32236123085022,28795,32,1
1771695176.6421545,497_3,497,tpc_commit,10.214006662368774,28795,32,1
1771695176.646645,499_3,499,tpc_commit,10.36064600944519,28795,32,1
1771695178.2013392,499_3,499,tpc_commit,1.5546813011169434,28795,32,1
1771695178.2123358,492_4,492,tpc_commit,4.0963523387908936,28795,32,1
1771695178.2200222,495_4,495,tpc_lock,1.7088544368743896,46561,32,1
1771695178.2399378,497_3,497,tpc_commit,1.5977725982666016,28795,32,1
1771695178.2448566,498_4,498,tpc_commit,4.135751247406006,28795,32,1
1771695178.2499704,496_4,496,das_work,10.348062515258787,48258,32,1
1771695178.2534597,493_3,493,tpc_commit,1.614400863647461,28795,32,1
1771695178.2584596,491_3,491,tpc_commit,1.656599760055542,28795,32,1
1771695178.26723,490_4,490,das_work,9.871662855148315,48258,32,1
1771695186.013406,496_4,496,tpc_commit,7.763426542282104,28795,33,1
1771695186.096353,490_4,490,tpc_commit,7.82911205291748,28795,33,1
1771695188.5609524,493_4,493,tpc_lock,9.462760210037231,46561,33,1
1771695188.5727026,499_4,499,tpc_lock,9.01346755027771,46549,33,1
1771695188.6115766,497_4,497,tpc_lock,8.420352697372437,46561,33,1
1771695188.6137648,491_4,491,tpc_lock,9.30438756942749,46549,33,1
1771695190.292518,495_4,495,das_work,9.684440851211548,48258,33,1
1771695190.317051,496_4,496,tpc_commit,4.303632020950317,28795,33,1
1771695190.382932,499_4,499,tpc_lock,1.810216188430786,46549,33,1
1771695190.3873866,491_4,491,tpc_lock,1.7736082077026367,46549,33,1
1771695190.4381957,497_4,497,tpc_lock,1.8266098499298096,46561,33,1
1771695190.496532,490_4,490,tpc_commit,4.400169372558594,28795,33,1
1771695190.501887,493_4,493,tpc_lock,1.9409198760986328,46561,33,1
1771695200.4833496,495_4,495,tpc_commit,10.190820932388306,28795,34,1
1771695202.1537216,491_4,491,das_work,3.761315107345581,48258,34,1
1771695202.2884152,499_4,499,das_work,5.188695430755615,48258,34,1
1771695202.3052611,497_4,497,das_work,6.780028581619263,48258,34,1
1771695202.307201,493_4,493,das_work,7.863170623779297,48258,34,1
1771695202.3091426,495_4,495,tpc_commit,1.8257648944854736,28795,34,1
1771695212.4726613,491_4,491,tpc_commit,10.318928718566896,28783,35,1
1771695212.5077405,497_4,497,tpc_commit,10.202467441558838,28795,35,1
1771695212.5105548,499_4,499,tpc_commit,10.222124338150024,28783,35,1
1771695212.5249684,493_4,493,tpc_commit,10.217755556106567,28795,35,1
1771695214.0969913,499_4,499,tpc_commit,1.58642315864563,28783,35,1
1771695214.1089768,493_4,493,tpc_commit,1.583998203277588,28795,35,1
1771695214.1136491,497_4,497,tpc_commit,1.6058754920959473,28795,35,1
1771695214.146943,491_4,491,tpc_commit,1.674269199371338,28783,35,1
1771694885.914045,42_0,42,tpc_lock,0.4579205513000488,46561,8,1
1771694885.934584,46_0,46,tpc_lock,0.8572347164154053,46561,8,1
1771694885.9778144,48_0,48,tpc_lock,6.185079097747803,46561,8,1
1771694888.248639,45_0,45,tpc_lock,5.039541959762573,46561,8,1
1771694888.2914903,49_0,49,tpc_lock,6.306089878082275,46561,8,1
1771694888.3040135,41_0,41,tpc_lock,5.978126764297485,46561,8,1
1771694889.93725,46_0,46,tpc_lock,4.002657413482666,46561,8,1
1771694889.937991,49_0,49,tpc_lock,1.646493673324585,46561,8,1
1771694889.9408717,48_0,48,tpc_lock,3.96305251121521,46561,8,1
1771694889.9793658,41_0,41,tpc_lock,1.6753473281860352,46561,8,1
1771694889.9800017,45_0,45,tpc_lock,1.7313554286956787,46561,8,1
1771694889.9853756,42_0,42,tpc_lock,4.071321249008179,46561,8,1
1771694897.905226,44_0,44,tpc_lock,7.738899230957031,46561,9,1
1771694897.947455,40_0,40,tpc_lock,5.967256784439087,46561,9,1
1771694900.2458603,43_0,43,tpc_lock,7.661292314529419,46549,9,1
1771694900.2525294,47_0,47,tpc_lock,10.95832371711731,46561,9,1
1771694901.9886186,45_0,45,das_work,9.587459564208984,48258,9,1
1771694901.9905825,43_0,43,tpc_lock,1.7447152137756348,46549,9,1
1771694902.004325,40_0,40,tpc_lock,4.056864738464356,46561,9,1
1771694902.02002,48_0,48,das_work,8.278750896453857,48258,9,1
1771694902.038142,41_0,41,das_work,9.510205507278442,48258,9,1
1771694902.0413532,42_0,42,das_work,8.28567361831665,48258,9,1
1771694902.0546978,49_0,49,das_work,10.61604142189026,48258,9,1
1771694902.0609584,47_0,47,tpc_lock,1.8084232807159424,46561,9,1
1771694902.0613873,44_0,44,tpc_lock,4.1561572551727295,46561,9,1
1771694902.0626233,46_0,46,das_work,5.20024847984314,48258,9,1
1771694909.919195,46_0,46,tpc_commit,7.856561660766602,28795,10,1
1771694909.9243956,42_0,42,tpc_commit,7.883031368255615,28795,10,1
1771694909.935763,48_0,48,tpc_commit,7.9157280921936035,28795,10,1
1771694912.2648654,49_0,49,tpc_commit,10.210155963897703,28795,10,1
1771694912.3136148,45_0,45,tpc_commit,10.324984073638916,28795,10,1
1771694912.3202884,41_0,41,tpc_commit,10.282138109207152,28795,10,1
1771694914.0325873,40_0,40,das_work,8.950747966766357,48258,10,1
1771694914.039559,43_0,43,das_work,6.209049224853516,48258,10,1
1771694914.049516,46_0,46,tpc_commit,4.130307674407959,28795,10,1
1771694914.0510845,49_0,49,tpc_commit,1.786207675933838,28795,10,1
1771694914.0712168,48_0,48,tpc_commit,4.13544511795044,28795,10,1
1771694914.087508,47_0,47,das_work,4.439175367355347,48258,10,1
1771694914.0893085,42_0,42,tpc_commit,4.16490364074707,28795,10,1
1771694914.09342,45_0,45,tpc_commit,1.7797949314117432,28795,10,1
1771694914.1049366,41_0,41,tpc_commit,1.7846384048461914,28795,10,1
1771694914.1285849,44_0,44,das_work,7.5875537395477295,48258,10,1
1771694921.9606564,42_1,42,tpc_lock,5.921090841293335,46561,11,1
1771694921.9650047,40_0,40,tpc_commit,7.932406902313232,28795,11,1
1771694922.0074923,46_1,46,tpc_lock,6.710121393203735,46549,11,1
1771694922.015678,44_0,44,tpc_commit,7.887082815170288,28795,11,1
1771694922.0296905,48_1,48,tpc_lock,6.211863994598389,46561,11,1
1771694924.2968636,41_1,41,tpc_lock,9.632684469223022,46549,11,1
1771694924.302447,45_1,45,tpc_lock,8.218863248825073,46561,11,1
1771694924.3711157,49_1,49,tpc_lock,8.396680116653442,46561,11,1
1771694924.382705,47_0,47,tpc_commit,10.295186519622805,28795,11,1
1771694924.3969128,43_0,43,tpc_commit,10.357346296310425,28783,11,1
1771694926.084746,48_1,48,tpc_lock,4.055046558380127,46561,11,1
1771694926.1036272,40_0,40,tpc_commit,4.138616323471069,28795,11,1
1771694926.104767,45_1,45,tpc_lock,1.8023128509521484,46561,11,1
1771694926.1241412,47_0,47,tpc_commit,1.741424798965454,28795,11,1
1771694926.127601,44_0,44,tpc_commit,4.111912965774536,28795,11,1
1771694926.1633248,46_1,46,tpc_lock,4.155822515487671,46549,11,1
1771694926.1835463,49_1,49,tpc_lock,1.812398910522461,46561,11,1
1771694926.1972992,43_0,43,tpc_commit,1.800379753112793,28783,11,1
1771694926.2016368,42_1,42,tpc_lock,4.240971088409424,46561,11,1
1771694926.2056572,41_1,41,tpc_lock,1.908784866333008,46549,11,1
1771694933.9729362,40_1,40,tpc_lock,6.648746490478516,46561,12,1
1771694934.0106337,44_1,44,tpc_lock,6.694535970687866,46561,12,1
1771694936.3122544,47_1,47,tpc_lock,9.205397605895996,46549,12,1
1771694936.3252687,43_1,43,tpc_lock,8.213147163391113,46561,12,1
1771694938.1074514,43_1,43,tpc_lock,1.7821731567382812,46561,12,1
1771694938.1285515,48_1,48,das_work,4.318781614303589,48258,12,1
1771694938.1439204,47_1,47,tpc_lock,1.831655979156494,46549,12,1
1771694938.1573017,46_1,46,das_work,7.469035148620605,48258,12,1
1771694938.2310271,44_1,44,tpc_lock,4.22034764289856,46561,12,1
1771694938.2489405,41_1,41,das_work,7.469185829162598,48258,12,1
1771694938.2726064,45_1,45,das_work,8.664820194244385,48258,12,1
1771694938.3360474,49_1,49,das_work,7.536555290222168,48258,12,1
1771694938.3420827,40_1,40,tpc_lock,4.36913537979126,46561,12,1
1771694938.4652514,42_1,42,das_work,6.120220422744751,48258,12,1
1771694946.1778069,46_1,46,tpc_commit,8.020495176315308,28783,13,1
1771694946.258958,48_1,48,tpc_commit,8.130394458770752,28795,13,1
1771694946.2657664,42_1,42,tpc_commit,7.800500631332397,28795,13,1
1771694948.3692293,41_1,41,tpc_commit,10.120277404785156,28783,13,1
1771694948.382296,49_1,49,tpc_commit,10.046235799789429,28795,13,1
1771694948.526718,45_1,45,tpc_commit,10.254100561141968,28795,13,1
1771694950.3449235,49_1,49,tpc_commit,1.9626123905181885,28795,13,1
1771694950.5069056,48_1,48,tpc_commit,4.247934579849243,28795,13,1
1771694950.5688028,47_1,47,das_work,7.800541162490845,48258,13,1
1771694950.5891902,46_1,46,tpc_commit,4.411367893218994,28783,13,1
1771694950.6985586,43_1,43,das_work,9.034649848937988,48258,13,1
1771694950.7193549,42_1,42,tpc_commit,4.453572034835815,28795,13,1
1771694950.748532,44_1,44,das_work,8.826626777648926,48258,13,1
1771694950.789792,40_1,40,das_work,9.142029523849487,48258,13,1
1771694958.2048435,46_2,46,tpc_lock,6.578154563903809,46561,14,1
1771694958.2065127,40_1,40,tpc_commit,7.416711091995239,28795,14,1
1771694958.2110777,44_1,44,tpc_commit,7.462534666061401,28795,14,1
1771694958.2157538,48_2,48,tpc_lock,5.9476728439331055,46561,14,1
1771694958.3889174,42_2,42,tpc_lock,6.08699107170105,46561,14,1
1771694960.416161,47_1,47,tpc_commit,9.8473482131958,28783,14,1
1771694960.4459994,49_2,49,tpc_lock,8.927443265914917,46561,14,1
1771694960.5089016,43_1,43,tpc_commit,9.810335397720335,28795,14,1
1771694962.1889882,45_1,45,tpc_commit,13.662257432937622,28795,14,1
1771694962.2576094,41_1,41,tpc_commit,13.888368129730225,28783,14,1
1771694962.3804576,42_2,42,tpc_lock,3.991531610488892,46561,14,1
1771694962.5718002,48_2,48,tpc_lock,4.356034278869629,46561,14,1
1771694962.7527103,40_1,40,tpc_commit,4.5461859703063965,28795,14,1
1771694962.7943728,46_2,46,tpc_lock,4.589516878128052,46561,14,1
1771694962.8117723,44_1,44,tpc_commit,4.600684642791748,28795,14,1
1771694962.84435,47_1,47,tpc_commit,2.428178071975708,28783,14,1
1771694962.907358,49_2,49,tpc_lock,2.4613475799560547,46561,14,1
1771694970.2700987,44_2,44,tpc_lock,6.001542329788208,46561,15,1
1771694970.4116557,40_2,40,tpc_lock,5.935386657714844,46561,15,1
1771694972.60858,47_2,47,tpc_lock,9.100659132003784,46561,15,1
1771694972.6474817,45_2,45,tpc_lock,8.82863974571228,46561,15,1
1771694972.749478,41_2,41,tpc_lock,9.766303777694702,46561,15,1
1771694974.2979877,49_2,49,das_work,4.647245645523071,48258,15,1
1771694974.3228457,44_2,44,tpc_lock,4.052739143371582,46561,15,1
1771694974.3473127,43_1,43,tpc_commit,13.83840036392212,28795,15,1
1771694974.5254648,40_2,40,tpc_lock,4.113795757293701,46561,15,1
1771694974.6036563,46_2,46,das_work,7.352746486663818,48258,15,1
1771694974.7087495,48_2,48,das_work,3.319197416305542,48258,15,1
1771694982.5659091,46_2,46,tpc_commit,7.962239980697632,28795,16,1
1771694982.6088312,48_2,48,tpc_commit,7.900070190429687,28795,16,1
1771694984.4768436,49_2,49,tpc_commit,10.178841590881348,28795,16,1
1771694984.4858716,43_2,43,tpc_lock,8.317978143692017,46561,16,1
1771694986.2478218,42_2,42,das_work,15.015094757080078,48258,16,1
1771694986.355625,46_2,46,tpc_commit,3.789703607559204,28795,16,1
1771694986.3565576,41_2,41,tpc_lock,13.607067346572876,46561,16,1
1771694986.6097434,45_2,45,tpc_lock,13.962249517440796,46561,16,1
1771694986.7122853,44_2,44,das_work,3.882315158843994,48258,16,1
1771694986.7685776,48_2,48,tpc_commit,4.159735202789307,28795,16,1
1771694986.7945852,47_2,47,tpc_lock,14.185993432998655,46561,16,1
1771694994.167911,44_2,44,tpc_commit,7.455614328384399,28795,17,1
1771694994.2010183,46_3,46,tpc_lock,6.622150182723999,46549,17,1
1771694994.2861445,48_3,48,tpc_lock,5.9132936000823975,46549,17,1
1771694994.2999644,42_2,42,tpc_commit,8.052134990692139,28795,17,1
1771694998.2590003,47_2,47,das_work,8.734824419021606,48258,17,1
1771694998.366307,43_2,43,tpc_lock,13.880422830581663,46561,17,1
1771694998.4196684,40_2,40,das_work,14.029376983642578,48258,17,1
1771694998.4806752,42_2,42,tpc_commit,4.180700063705444,28795,17,1
1771694998.5635924,45_2,45,das_work,4.936861038208008,48258,17,1
1771694998.570024,41_2,41,das_work,8.380758285522461,48258,17,1
1771694998.643883,49_2,49,tpc_commit,14.16702914237976,28795,17,1
1771694998.678707,48_3,48,tpc_lock,4.392552852630615,46549,17,1
1771694998.7188663,44_2,44,tpc_commit,4.550941228866577,28795,17,1
1771694998.7334402,46_3,46,tpc_lock,4.532408714294434,46549,17,1
1771695006.632995,44_3,44,tpc_lock,7.048158168792725,46561,18,1
1771695006.7839818,42_3,42,tpc_lock,6.821296691894531,46561,18,1
1771695006.786721,40_2,40,tpc_commit,8.367041826248169,28795,18,1
1771695008.5255556,41_2,41,tpc_commit,9.955519676208496,28795,18,1
1771695008.5522714,49_3,49,tpc_lock,8.945595741271973,46561,18,1
1771695008.5618303,45_2,45,tpc_commit,9.998225927352903,28795,18,1
1771695008.5784233,47_2,47,tpc_commit,10.31941032409668,28795,18,1
1771695010.4220977,40_2,40,tpc_commit,3.635365724563599,28795,18,1
1771695010.6334023,48_3,48,das_work,9.753600835800173,48258,18,1
1771695010.8610494,46_3,46,das_work,4.967071294784546,48258,18,1
1771695010.865158,43_2,43,das_work,5.310908317565918,48258,18,1
1771695010.8806212,44_3,44,tpc_lock,4.247612237930298,46561,18,1
1771695018.421971,46_3,46,tpc_commit,7.560910701751709,28783,19,1
1771695018.4823804,48_3,48,tpc_commit,7.8489670753479,28783,19,1
1771695018.547658,40_3,40,tpc_lock,6.514164924621582,46561,19,1
1771695020.456898,43_2,43,tpc_commit,9.59172821044922,28795,19,1
1771695022.2772462,44_3,44,das_work,5.900480508804321,48258,19,1
1771695022.281603,47_2,47,tpc_commit,13.70317029953003,28795,19,1
1771695022.2820578,40_3,40,tpc_lock,3.734386920928955,46561,19,1
1771695022.296668,43_2,43,tpc_commit,1.839756965637207,28795,19,1
1771695022.3071485,49_3,49,tpc_lock,13.75486660003662,46561,19,1
1771695022.307659,46_3,46,tpc_commit,3.8856759071350098,28783,19,1
1771695022.5545788,45_2,45,tpc_commit,13.992733478546144,28795,19,1
1771695022.8558664,41_2,41,tpc_commit,14.330298900604248,28795,19,1
1771695022.9312222,48_3,48,tpc_commit,4.4488301277160645,28783,19,1
1771695023.0740232,42_3,42,tpc_lock,16.290029048919678,46561,19,1
1771695030.3041534,48_4,48,tpc_lock,5.388062477111816,46561,20,1
1771695030.3117044,46_4,46,tpc_lock,6.45096755027771,46561,20,1
1771695030.41269,44_3,44,tpc_commit,8.135429382324219,28795,20,1
1771695032.7133696,47_3,47,tpc_lock,9.533381700515749,46561,20,1
1771695032.731051,45_3,45,tpc_lock,9.292999029159546,46561,20,1
1771695032.781898,43_3,43,tpc_lock,9.555021286010742,46561,20,1
1771695032.8054285,41_3,41,tpc_lock,8.982032537460327,46561,20,1
1771695034.2911828,42_3,42,das_work,7.861642360687256,48258,20,1
1771695034.372742,49_3,49,das_work,10.600546598434448,48258,20,1
1771695042.2499046,42_3,42,tpc_commit,7.95871114730835,28795,21,1
1771695044.643838,49_3,49,tpc_commit,10.27108383178711,28795,21,1
1771695046.3164346,42_3,42,tpc_commit,4.066519975662232,28795,21,1
1771695046.3355017,45_3,45,tpc_lock,13.604422330856323,46561,21,1
1771695046.3957803,41_3,41,tpc_lock,13.590339660644531,46561,21,1
1771695046.589505,48_4,48,tpc_lock,16.285337209701538,46561,21,1
1771695046.7117147,47_3,47,tpc_lock,13.9983332157135,46561,21,1
1771695046.9053688,46_4,46,tpc_lock,16.59365487098694,46561,21,1
1771695046.9115214,40_3,40,das_work,15.236883878707886,48258,21,1
1771695047.0052488,44_3,44,tpc_commit,16.592545986175537,28795,21,1
1771695047.051462,43_3,43,tpc_lock,14.269551515579224,46561,21,1
1771695054.319397,40_3,40,tpc_commit,7.407863140106201,28795,22,1
1771695054.350005,44_4,44,tpc_lock,6.759101152420044,46561,22,1
1771695054.4190886,42_4,42,tpc_lock,7.209171295166016,46561,22,1
1771695058.2929618,44_4,44,tpc_lock,3.9429447650909424,46561,22,1
1771695058.3020673,48_4,48,das_work,4.237407684326172,48258,22,1
1771695058.3607814,43_3,43,das_work,7.350630044937134,48258,22,1
1771695058.6420696,45_3,45,das_work,11.230386734008787,48258,22,1
1771695058.6817052,46_4,46,das_work,7.8043107986450195,48258,22,1
1771695058.699205,49_3,49,tpc_commit,14.055310726165771,28795,22,1
1771695059.0806503,40_3,40,tpc_commit,4.761241912841797,28795,22,1
1771695059.1536472,47_3,47,das_work,6.383151292800903,48258,22,1
1771695059.2228217,41_3,41,das_work,4.563325643539429,48258,22,1
1771695066.457904,40_4,40,tpc_lock,5.481726169586182,46561,23,1
1771695066.5907843,46_4,46,tpc_commit,7.909070253372192,28795,23,1
1771695066.6278255,48_4,48,tpc_commit,8.325749397277832,28795,23,1
1771695068.5450363,45_3,45,tpc_commit,9.902955055236816,28795,23,1
1771695068.5470753,41_3,41,tpc_commit,9.324240684509276,28795,23,1
1771695068.5630882,43_3,43,tpc_commit,10.202296018600464,28795,23,1
1771695068.567396,47_3,47,tpc_commit,9.41373896598816,28795,23,1
1771695068.577322,49_4,49,tpc_lock,9.077513217926024,46561,23,1
1771695070.2935946,41_3,41,tpc_commit,1.746471643447876,28795,23,1
1771695070.4364457,42_4,42,tpc_lock,16.017345428466797,46561,23,1
1771695070.5000932,45_3,45,tpc_commit,1.9550459384918213,28795,23,1
1771695070.624484,47_3,47,tpc_commit,2.0570719242095947,28795,23,1
1771695070.7037222,40_4,40,tpc_lock,4.245804071426392,46561,23,1
1771695070.8818605,46_4,46,tpc_commit,4.291063070297241,28795,23,1
1771695070.916947,44_4,44,das_work,9.427199125289915,48258,23,1
1771695071.0196416,48_4,48,tpc_commit,4.391803503036499,28795,23,1
1771695078.3191693,44_4,44,tpc_commit,7.402209997177124,28795,24,1
1771695080.446807,47_4,47,tpc_lock,9.01978588104248,46549,24,1
1771695080.4668417,41_4,41,tpc_lock,8.728572368621826,46561,24,1
1771695080.519382,45_4,45,tpc_lock,8.858612298965454,46561,24,1
1771695082.3330078,42_4,42,das_work,7.738731384277344,48258,24,1
1771695082.375264,47_4,47,tpc_lock,1.928449869155884,46549,24,1
1771695082.4318702,44_4,44,tpc_commit,4.112689971923828,28795,24,1
1771695082.6988966,40_4,40,das_work,8.015543699264526,48258,24,1
1771695082.7256567,41_4,41,tpc_lock,2.2588024139404297,46561,24,1
1771695082.8005898,49_4,49,tpc_lock,14.223253011703491,46561,24,1
1771695082.844814,45_4,45,tpc_lock,2.325420379638672,46561,24,1
1771695082.8612883,43_3,43,tpc_commit,14.298187971115112,28795,24,1
1771695090.2577322,42_4,42,tpc_commit,7.924712181091309,28795,25,1
1771695090.2710738,40_4,40,tpc_commit,7.572165250778198,28795,25,1
1771695092.586334,43_4,43,tpc_lock,8.737696170806885,46549,25,1
1771695094.3421104,42_4,42,tpc_commit,4.084366321563721,28795,25,1
1771695094.5577922,47_4,47,das_work,9.65404987335205,48258,25,1
1771695094.606974,41_4,41,das_work,7.015372037887573,48258,25,1
1771695094.8532636,49_4,49,das_work,2.9706599712371826,48258,25,1
1771695094.9868217,40_4,40,tpc_commit,4.715737819671631,28795,25,1
1771695094.990355,45_4,45,das_work,4.0284600257873535,48258,25,1
1771695104.6946862,47_4,47,tpc_commit,10.136881828308104,28783,26,1
1771695104.7041693,49_4,49,tpc_commit,9.85089373588562,28795,26,1
1771695104.7193584,45_4,45,tpc_commit,9.728991031646729,28795,26,1
1771695104.7549982,41_4,41,tpc_commit,10.148012399673462,28795,26,1
1771695106.27358,43_4,43,tpc_lock,13.687233448028564,46549,26,1
1771695118.3471837,43_4,43,das_work,10.892436504364014,48258,27,1
1771695118.3539553,49_4,49,tpc_commit,13.649773120880129,28795,27,1
1771695118.4250808,45_4,45,tpc_commit,13.705708742141724,28795,27,1
1771695118.730827,41_4,41,tpc_commit,13.97581696510315,28795,27,1
1771695118.7493153,47_4,47,tpc_commit,14.054617881774902,28783,27,1
1771695128.7397912,43_4,43,tpc_commit,10.392595767974854,28783,28,1
1771695142.711081,43_4,43,tpc_commit,13.971280097961426,28783,29,1
1771694885.892207,50_0,50,tpc_lock,2.9080376625061035,46561,8,1
1771694888.271021,57_0,57,tpc_lock,0.6544570922851562,46561,8,1
1771694888.274439,51_0,51,tpc_lock,3.2988924980163574,46561,8,1
1771694888.309116,55_0,55,tpc_lock,1.1720530986785889,46561,8,1
1771694889.9483435,50_0,50,tpc_lock,4.056129455566406,46561,8,1
1771694889.9491134,51_0,51,tpc_lock,1.674668312072754,46561,8,1
1771694889.9552338,57_0,57,tpc_lock,1.6842072010040283,46561,8,1
1771694889.9772382,55_0,55,tpc_lock,1.668111801147461,46561,8,1
1771694897.9042864,56_0,56,tpc_lock,7.089125156402588,46561,9,1
1771694897.9072232,54_0,54,tpc_lock,7.951920986175537,46549,9,1
1771694897.9091537,58_0,58,tpc_lock,4.41457200050354,46561,9,1
1771694897.9455545,52_0,52,tpc_lock,2.2515974044799805,46549,9,1
1771694900.2298963,59_0,59,tpc_lock,11.191929340362549,46561,9,1
1771694900.260682,53_0,53,tpc_lock,6.32395601272583,46561,9,1
1771694901.9860816,57_0,57,das_work,7.7995452880859375,48258,9,1
1771694901.9900289,51_0,51,das_work,6.309123754501343,48258,9,1
1771694902.009297,56_0,56,tpc_lock,4.105005264282227,46561,9,1
1771694902.013233,53_0,53,tpc_lock,1.7525441646575928,46561,9,1
1771694902.0195012,58_0,58,tpc_lock,4.110343456268311,46561,9,1
1771694902.02029,50_0,50,das_work,6.147191524505615,48258,9,1
1771694902.0304773,59_0,59,tpc_lock,1.8005750179290771,46561,9,1
1771694902.0310955,55_0,55,das_work,4.488955974578857,48258,9,1
1771694902.0414946,54_0,54,tpc_lock,4.13426661491394,46549,9,1
1771694902.041807,52_0,52,tpc_lock,4.096246957778931,46549,9,1
1771694909.951815,50_0,50,tpc_commit,7.931515455245972,28795,10,1
1771694912.2684903,57_0,57,tpc_commit,10.282398223876951,28795,10,1
1771694912.3000188,55_0,55,tpc_commit,10.26891279220581,28795,10,1
1771694912.3366618,51_0,51,tpc_commit,10.346622943878174,28795,10,1
1771694914.0327246,57_0,57,tpc_commit,1.7642245292663574,28795,10,1
1771694914.0340488,50_0,50,tpc_commit,4.082224369049072,28795,10,1
1771694914.042433,55_0,55,tpc_commit,1.7424027919769287,28795,10,1
1771694914.0474198,56_0,56,das_work,4.4430437088012695,48258,10,1
1771694914.0782318,52_0,52,das_work,2.1185336112976074,48258,10,1
1771694914.079492,51_0,51,tpc_commit,1.7428197860717771,28795,10,1
1771694914.094556,54_0,54,das_work,4.340220212936401,48258,10,1
1771694914.1103885,53_0,53,das_work,10.472648859024048,48258,10,1
1771694914.1129656,59_0,59,das_work,8.712862253189087,48258,10,1
1771694914.1193624,58_0,58,das_work,9.625925064086914,48258,10,1
1771694921.96793,52_0,52,tpc_commit,7.889687538146973,28783,11,1
1771694921.979452,50_1,50,tpc_lock,6.1575140953063965,46561,11,1
1771694921.9814072,54_0,54,tpc_commit,7.886839628219604,28783,11,1
1771694922.022191,56_0,56,tpc_commit,7.9747607707977295,28795,11,1
1771694922.0314524,58_0,58,tpc_commit,7.912078619003296,28795,11,1
1771694924.2971485,51_1,51,tpc_lock,8.529285192489624,46561,11,1
1771694924.301553,53_0,53,tpc_commit,10.191153287887571,28795,11,1
1771694924.314447,57_1,57,tpc_lock,9.051613330841064,46561,11,1
1771694924.3421862,59_0,59,tpc_commit,10.229207277297974,28795,11,1
1771694924.3750522,55_1,55,tpc_lock,9.01114821434021,46561,11,1
1771694926.077711,55_1,55,tpc_lock,1.7026469707489014,46561,11,1
1771694926.103883,50_1,50,tpc_lock,4.124422550201416,46561,11,1
1771694926.1114345,54_0,54,tpc_commit,4.130017280578613,28783,11,1
1771694926.1220994,57_1,57,tpc_lock,1.807642698287964,46561,11,1
1771694926.134133,51_1,51,tpc_lock,1.83697509765625,46561,11,1
1771694926.1460946,58_0,58,tpc_commit,4.114633083343506,28795,11,1
1771694926.1472538,53_0,53,tpc_commit,1.8456919193267824,28795,11,1
1771694926.1837952,52_0,52,tpc_commit,4.215854406356812,28783,11,1
1771694926.2024634,56_0,56,tpc_commit,4.180262088775635,28795,11,1
1771694926.239306,59_0,59,tpc_commit,1.8971102237701416,28795,11,1
1771694933.9699676,58_1,58,tpc_lock,6.554130554199219,46561,12,1
1771694934.009772,56_1,56,tpc_lock,5.967318296432495,46549,12,1
1771694934.023269,54_1,54,tpc_lock,7.067852258682251,46561,12,1
1771694934.0732996,52_1,52,tpc_lock,6.380726099014282,46561,12,1
1771694936.2760432,53_1,53,tpc_lock,9.05722188949585,46561,12,1
1771694936.278911,59_1,59,tpc_lock,8.636510133743286,46561,12,1
1771694938.1074858,58_1,58,tpc_lock,4.137507915496826,46561,12,1
1771694938.133743,57_1,57,das_work,8.13098931312561,48258,12,1
1771694938.1378708,52_1,52,tpc_lock,4.064560413360596,46561,12,1
1771694938.1655612,54_1,54,tpc_lock,4.142282962799072,46561,12,1
1771694938.1679316,55_1,55,das_work,3.210486888885498,48258,12,1
1771694938.1747465,50_1,50,das_work,5.844598054885864,48258,12,1
1771694938.202353,51_1,51,das_work,9.892740726470947,48258,12,1
1771694938.206629,53_1,53,tpc_lock,1.9305362701416016,46561,12,1
1771694938.287962,56_1,56,tpc_lock,4.278180599212647,46549,12,1
1771694938.3376343,59_1,59,tpc_lock,2.058709621429444,46561,12,1
1771694946.118883,50_1,50,tpc_commit,7.944127798080444,28795,13,1
1771694948.355368,57_1,57,tpc_commit,10.221612930297852,28795,13,1
1771694948.426242,51_1,51,tpc_commit,10.223876953125,28795,13,1
1771694948.4290626,55_1,55,tpc_commit,10.261123180389404,28795,13,1
1771694950.417128,50_1,50,tpc_commit,4.298231363296509,28795,13,1
1771694950.429361,57_1,57,tpc_commit,2.073981523513794,28795,13,1
1771694950.4368594,54_1,54,das_work,8.821919679641724,48258,13,1
1771694950.4874568,55_1,55,tpc_commit,2.058382272720337,28795,13,1
1771694950.574982,58_1,58,das_work,9.309510946273804,48258,13,1
1771694950.657605,52_1,52,das_work,8.781352043151855,48258,13,1
1771694950.7823632,53_1,53,das_work,11.34431266784668,48258,13,1
1771694950.8486922,51_1,51,tpc_commit,2.422437906265259,28795,13,1
1771694950.8801968,59_1,59,das_work,9.029138803482056,48258,13,1
1771694950.8893127,56_1,56,das_work,9.6377375125885,48258,13,1
1771694958.219066,58_1,58,tpc_commit,7.644073247909546,28795,14,1
1771694958.2627032,56_1,56,tpc_commit,7.373379468917847,28783,14,1
1771694958.311482,50_2,50,tpc_lock,6.374389171600342,46549,14,1
1771694958.3408482,54_1,54,tpc_commit,7.903977632522583,28795,14,1
1771694958.3633585,52_1,52,tpc_commit,7.705742835998535,28795,14,1
1771694960.426076,57_2,57,tpc_lock,8.845893859863281,46561,14,1
1771694960.4308536,51_2,51,tpc_lock,8.91056227684021,46561,14,1
1771694960.461494,55_2,55,tpc_lock,9.090196132659912,46561,14,1
1771694960.516596,59_1,59,tpc_commit,9.636387825012209,28795,14,1
1771694960.5284162,53_1,53,tpc_commit,9.74604034423828,28795,14,1
1771694962.1904502,55_2,55,tpc_lock,1.7289469242095947,46561,14,1
1771694962.2689853,50_2,50,tpc_lock,3.9574921131134033,46549,14,1
1771694962.3034618,52_1,52,tpc_commit,3.940091371536255,28795,14,1
1771694962.4765432,58_1,58,tpc_commit,4.257465839385986,28795,14,1
1771694962.4808328,54_1,54,tpc_commit,4.139976739883423,28795,14,1
1771694962.8120172,56_1,56,tpc_commit,4.549304723739624,28783,14,1
1771694970.2575204,54_2,54,tpc_lock,7.139820575714111,46561,15,1
1771694970.395353,58_2,58,tpc_lock,5.925982475280762,46561,15,1
1771694970.493888,52_2,52,tpc_lock,7.393374919891357,46561,15,1
1771694970.4951942,56_2,56,tpc_lock,6.310201406478882,46561,15,1
1771694974.222048,55_2,55,das_work,9.61890721321106,48258,15,1
1771694974.2383013,52_2,52,tpc_lock,3.744402885437012,46561,15,1
1771694974.3105314,58_2,58,tpc_lock,3.915167808532715,46561,15,1
1771694974.3393338,57_2,57,tpc_lock,13.913246154785156,46561,15,1
1771694974.402271,50_2,50,das_work,9.57485008239746,48258,15,1
1771694974.666107,59_1,59,tpc_commit,14.149500608444214,28795,15,1
1771694974.689571,56_2,56,tpc_lock,4.194365739822388,46561,15,1
1771694974.6978111,53_1,53,tpc_commit,14.16938543319702,28795,15,1
1771694974.7885015,54_2,54,tpc_lock,4.53096866607666,46561,15,1
1771694974.946314,51_2,51,tpc_lock,14.515448093414308,46561,15,1
1771694982.469385,50_2,50,tpc_commit,8.06710171699524,28783,16,1
1771694984.442874,53_2,53,tpc_lock,8.21291971206665,46549,16,1
1771694984.4705625,55_2,55,tpc_commit,10.248501062393188,28795,16,1
1771694984.477404,59_2,59,tpc_lock,9.184453964233398,46561,16,1
1771694986.3011394,54_2,54,das_work,7.69393253326416,48258,16,1
1771694986.312679,52_2,52,das_work,10.373103618621826,48258,16,1
1771694986.593797,51_2,51,das_work,4.2703633308410645,48258,16,1
1771694986.6489058,58_2,58,das_work,8.94385027885437,48258,16,1
1771694986.890105,56_2,56,das_work,10.997188329696655,48258,16,1
1771694986.910643,57_2,57,das_work,7.719128370285034,48258,16,1
1771694987.0759108,50_2,50,tpc_commit,4.606516122817993,28783,16,1
1771694994.1612296,58_2,58,tpc_commit,7.5123131275177,28795,17,1
1771694994.1625435,50_3,50,tpc_lock,5.752358675003052,46561,17,1
1771694994.1788898,52_2,52,tpc_commit,7.866199016571045,28795,17,1
1771694994.296915,56_2,56,tpc_commit,7.406798839569092,28795,17,1
1771694994.3055484,54_2,54,tpc_commit,8.004396677017212,28795,17,1
1771694996.3846838,51_2,51,tpc_commit,9.790875673294067,28795,17,1
1771694996.4192743,57_2,57,tpc_commit,9.508619785308838,28795,17,1
1771694998.2539277,59_2,59,tpc_lock,13.776511430740356,46561,17,1
1771694998.266287,50_3,50,tpc_lock,4.103733539581299,46561,17,1
1771694998.3099835,58_2,58,tpc_commit,4.14874529838562,28795,17,1
1771694998.334486,56_2,56,tpc_commit,4.037560939788818,28795,17,1
1771694998.364071,54_2,54,tpc_commit,4.058511972427368,28795,17,1
1771694998.4798508,52_2,52,tpc_commit,4.300949335098267,28795,17,1
1771694998.5259745,53_2,53,tpc_lock,14.08309030532837,46549,17,1
1771694998.53259,55_2,55,tpc_commit,14.062015056610107,28795,17,1
1771694998.7319956,51_2,51,tpc_commit,2.3472979068756104,28795,17,1
1771695006.6189294,54_3,54,tpc_lock,6.293076992034912,46561,18,1
1771695006.6632614,52_3,52,tpc_lock,7.634574174880981,46561,18,1
1771695006.805238,56_3,56,tpc_lock,7.6243531703948975,46561,18,1
1771695006.8390057,58_3,58,tpc_lock,6.855139493942261,46561,18,1
1771695008.5166252,55_3,55,tpc_lock,9.01086449623108,46561,18,1
1771695008.6258638,51_3,51,tpc_lock,8.870356321334839,46561,18,1
1771695010.165243,53_2,53,das_work,4.487485885620117,48258,18,1
1771695010.2098596,59_2,59,das_work,10.708465814590454,48258,18,1
1771695010.4860787,57_2,57,tpc_commit,14.066795825958252,28795,18,1
1771695010.5143354,54_3,54,tpc_lock,3.895394563674927,46561,18,1
1771695010.740801,50_3,50,das_work,2.8516221046447754,48258,18,1
1771695010.7894108,58_3,58,tpc_lock,3.9503908157348633,46561,18,1
1771695010.9698453,52_3,52,tpc_lock,4.306573152542114,46561,18,1
1771695018.392274,50_3,50,tpc_commit,7.651461362838745,28795,19,1
1771695020.4358397,59_2,59,tpc_commit,10.225967645645142,28795,19,1
1771695020.4699566,53_2,53,tpc_commit,10.304700374603271,28783,19,1
1771695020.4774003,57_3,57,tpc_lock,9.407798290252686,46561,19,1
1771695022.277248,51_3,51,tpc_lock,13.651374816894531,46561,19,1
1771695022.296714,54_3,54,das_work,8.795869588851929,48258,19,1
1771695022.3526618,58_3,58,das_work,10.381986379623411,48258,19,1
1771695022.4754398,55_3,55,tpc_lock,13.958801984786987,46561,19,1
1771695022.5706215,50_3,50,tpc_commit,4.178335666656494,28795,19,1
1771695022.8252566,56_3,56,tpc_lock,16.02000665664673,46561,19,1
1771695022.8634768,52_3,52,das_work,6.420013666152954,48258,19,1
1771695030.1994953,54_3,54,tpc_commit,7.902767419815063,28795,20,1
1771695030.419564,58_3,58,tpc_commit,8.066892385482788,28795,20,1
1771695030.4293296,52_3,52,tpc_commit,7.565810203552246,28795,20,1
1771695030.4566257,50_4,50,tpc_lock,6.925822496414185,46561,20,1
1771695034.6643262,57_3,57,tpc_lock,14.186916589736938,46561,20,1
1771695034.793737,59_2,59,tpc_commit,14.357886791229248,28795,20,1
1771695034.847324,54_3,54,tpc_commit,4.647814512252808,28795,20,1
1771695034.8943198,56_3,56,das_work,6.015080690383911,48258,20,1
1771695034.9864018,53_2,53,tpc_commit,14.516438245773315,28783,20,1
1771695035.1698089,55_3,55,das_work,10.969594478607178,48258,20,1
1771695042.1632268,54_4,54,tpc_lock,5.953932762145996,46561,21,1
1771695042.1728864,56_3,56,tpc_commit,7.278551816940308,28795,21,1
1771695044.6116168,53_3,53,tpc_lock,8.45343279838562,46561,21,1
1771695044.612742,55_3,55,tpc_commit,9.442921161651611,28795,21,1
1771695044.618446,59_3,59,tpc_lock,9.122336387634276,46561,21,1
1771695046.31715,54_4,54,tpc_lock,4.153911352157593,46561,21,1
1771695046.4506648,52_3,52,tpc_commit,16.021323680877686,28795,21,1
1771695046.4569235,55_3,55,tpc_commit,1.84416937828064,28795,21,1
1771695046.4898157,58_3,58,tpc_commit,16.070240259170532,28795,21,1
1771695046.7119997,56_3,56,tpc_commit,4.539103746414185,28795,21,1
1771695046.7393427,50_4,50,tpc_lock,16.282706260681152,46561,21,1
1771695046.8557873,57_3,57,das_work,9.582115173339844,48258,21,1
1771695046.9700036,51_3,51,das_work,15.924657106399536,48258,21,1
1771695054.3506718,56_4,56,tpc_lock,6.213281631469727,46561,22,1
1771695054.3537824,52_4,52,tpc_lock,6.553999662399292,46561,22,1
1771695054.745376,58_4,58,tpc_lock,6.474125385284424,46561,22,1
1771695056.490797,55_4,55,tpc_lock,8.990514278411865,46561,22,1
1771695056.5067923,51_3,51,tpc_commit,9.53677487373352,28795,22,1
1771695056.5131817,57_3,57,tpc_commit,9.657382726669312,28795,22,1
1771695058.285058,53_3,53,tpc_lock,13.67342972755432,46561,22,1
1771695058.32506,52_4,52,tpc_lock,3.9712650775909424,46561,22,1
1771695058.5327055,50_4,50,das_work,4.605198860168457,48258,22,1
1771695058.5419962,58_4,58,tpc_lock,3.796608448028565,46561,22,1
1771695058.6074026,59_3,59,tpc_lock,13.988945960998535,46561,22,1
1771695058.7130702,56_4,56,tpc_lock,4.3623881340026855,46561,22,1
1771695059.0677311,55_4,55,tpc_lock,2.5769200325012207,46561,22,1
1771695066.5951,50_4,50,tpc_commit,8.062381744384766,28795,23,1
1771695070.6039484,50_4,50,tpc_commit,4.008836030960083,28795,23,1
1771695070.626138,53_3,53,das_work,3.452237844467163,48258,23,1
1771695070.7459185,52_4,52,das_work,4.2762556076049805,48258,23,1
1771695070.8448403,51_3,51,tpc_commit,14.338036298751833,28795,23,1
1771695070.8781176,58_4,58,das_work,2.591834306716919,48258,23,1
1771695070.898366,59_3,59,das_work,7.272635459899902,48258,23,1
1771695070.9510322,55_4,55,das_work,7.61833381652832,48258,23,1
1771695070.9806044,56_4,56,das_work,8.068833827972412,48258,23,1
1771695070.997532,54_4,54,das_work,14.917974948883057,48258,23,1
1771695071.0550697,57_3,57,tpc_commit,14.541876316070557,28795,23,1
1771695078.2394369,58_4,58,tpc_commit,7.361309766769409,28795,24,1
1771695078.269946,56_4,56,tpc_commit,7.289329767227173,28795,24,1
1771695078.3197,54_4,54,tpc_commit,7.322155237197876,28795,24,1
1771695078.3375473,52_4,52,tpc_commit,7.591615915298462,28795,24,1
1771695080.4309304,51_4,51,tpc_lock,7.775167226791382,46561,24,1
1771695080.4338171,55_4,55,tpc_commit,9.482773303985596,28795,24,1
1771695080.4498231,53_3,53,tpc_commit,9.82367467880249,28795,24,1
1771695080.4636295,57_4,57,tpc_lock,7.689165830612183,46561,24,1
1771695080.494589,59_3,59,tpc_commit,9.596213579177856,28795,24,1
1771695082.3693194,57_4,57,tpc_lock,1.9056787490844729,46561,24,1
1771695082.432047,58_4,58,tpc_commit,4.192598104476929,28795,24,1
1771695082.5251377,52_4,52,tpc_commit,4.187580823898315,28795,24,1
1771695082.534228,54_4,54,tpc_commit,4.214517116546631,28795,24,1
1771695082.5377543,56_4,56,tpc_commit,4.267800331115723,28795,24,1
1771695082.7261322,51_4,51,tpc_lock,2.2951908111572266,46561,24,1
1771695082.8236976,55_4,55,tpc_commit,2.389869213104248,28795,24,1
1771695082.8392384,59_3,59,tpc_commit,2.344640254974365,28795,24,1
1771695082.8761034,53_3,53,tpc_commit,2.4262702465057373,28795,24,1
1771695092.5690942,59_4,59,tpc_lock,7.923113822937012,46561,25,1
1771695092.5939715,53_4,53,tpc_lock,8.114433765411377,46549,25,1
1771695094.8171518,51_4,51,das_work,10.254306077957152,48258,25,1
1771695095.232108,57_4,57,das_work,11.17681050300598,48258,25,1
1771695104.7140956,51_4,51,tpc_commit,9.896931409835815,28795,26,1
1771695104.770796,57_4,57,tpc_commit,9.538676977157593,28795,26,1
1771695106.492924,53_4,53,tpc_lock,13.898938655853271,46549,26,1
1771695106.849524,59_4,59,tpc_lock,14.280417442321776,46561,26,1
1771695118.3768346,57_4,57,tpc_commit,13.606025218963625,28795,27,1
1771695118.495202,51_4,51,tpc_commit,13.78109097480774,28795,27,1
1771695118.7042196,53_4,53,das_work,5.862867116928101,48258,27,1
1771695128.7586007,53_4,53,tpc_commit,10.054369688034058,28783,28,1
1771695130.3117566,59_4,59,das_work,13.648969411849976,48258,28,1
1771695140.5337403,59_4,59,tpc_commit,10.221975088119509,28795,29,1
1771695142.5246484,59_4,59,tpc_commit,1.9908421039581297,28795,29,1
1771695142.5272815,53_4,53,tpc_commit,13.768672227859495,28783,29,1
1771694888.2820358,65_0,65,tpc_lock,1.3704571723937988,46561,8,1
1771694888.31418,67_0,67,tpc_lock,4.169962167739868,46561,8,1
1771694888.319239,61_0,61,tpc_lock,3.139915943145752,46561,8,1
1771694889.9413657,65_0,65,tpc_lock,1.6593225002288818,46561,8,1
1771694889.9742854,67_0,67,tpc_lock,1.660095453262329,46561,8,1
1771694889.9833467,61_0,61,tpc_lock,1.6640965938568115,46561,8,1
1771694897.904532,64_0,64,tpc_lock,11.828815460205078,46561,9,1
1771694897.9060602,66_0,66,tpc_lock,1.3753573894500732,46561,9,1
1771694897.9908116,68_0,68,tpc_lock,5.770660877227783,46561,9,1
1771694897.996034,60_0,60,tpc_lock,10.658018112182615,46561,9,1
1771694898.0143957,62_0,62,tpc_lock,3.884974479675293,46561,9,1
1771694900.288298,63_0,63,tpc_lock,2.95600962638855,46549,9,1
1771694900.2908309,69_0,69,tpc_lock,10.285865545272827,46561,9,1
1771694901.9832225,67_0,67,das_work,2.759118795394897,48258,9,1
1771694901.986351,60_0,60,tpc_lock,3.990310668945313,46561,9,1
1771694902.0018797,66_0,66,tpc_lock,4.095815420150757,46561,9,1
1771694902.0107148,65_0,65,das_work,4.080756664276123,48258,9,1
1771694902.0281174,61_0,61,das_work,8.779002666473389,48258,9,1
1771694902.039889,64_0,64,tpc_lock,4.135319232940674,46561,9,1
1771694902.0487084,63_0,63,tpc_lock,1.760404109954834,46549,9,1
1771694902.0491729,69_0,69,tpc_lock,1.7583370208740234,46561,9,1
1771694902.051271,68_0,68,tpc_lock,4.060453414916992,46561,9,1
1771694902.0532098,62_0,62,tpc_lock,4.038809061050415,46561,9,1
1771694912.269005,61_0,61,tpc_commit,10.240877151489258,28795,10,1
1771694912.275458,65_0,65,tpc_commit,10.264732599258425,28795,10,1
1771694912.3301563,67_0,67,tpc_commit,10.34692120552063,28795,10,1
1771694914.0296752,68_0,68,das_work,5.957945823669434,48258,10,1
1771694914.0316415,60_0,60,das_work,8.980708599090576,48258,10,1
1771694914.039769,67_0,67,tpc_commit,1.7096028327941897,28795,10,1
1771694914.0441957,63_0,63,das_work,6.996706962585449,48258,10,1
1771694914.0527709,66_0,66,das_work,6.153077602386475,48258,10,1
1771694914.0543635,64_0,64,das_work,10.494914054870604,48258,10,1
1771694914.081133,61_0,61,tpc_commit,1.8121140003204343,28795,10,1
1771694914.1019108,69_0,69,das_work,8.058746576309204,48258,10,1
1771694914.120025,62_0,62,das_work,4.727979898452759,48258,10,1
1771694914.1433182,65_0,65,tpc_commit,1.8678486347198489,28795,10,1
1771694921.9729078,60_0,60,tpc_commit,7.94125509262085,28795,11,1
1771694921.9959764,68_0,68,tpc_commit,7.966291666030884,28795,11,1
1771694922.008279,66_0,66,tpc_commit,7.955496072769165,28795,11,1
1771694922.015792,64_0,64,tpc_commit,7.9614176750183105,28795,11,1
1771694922.0315702,62_0,62,tpc_commit,7.91153359413147,28795,11,1
1771694924.3013043,63_0,63,tpc_commit,10.257099151611328,28783,11,1
1771694924.3088615,65_1,65,tpc_lock,8.815760135650635,46561,11,1
1771694924.3107035,61_1,61,tpc_lock,9.565882921218872,46561,11,1
1771694924.393631,67_1,67,tpc_lock,9.39417552947998,46561,11,1
1771694924.3963163,69_0,69,tpc_commit,10.294395923614502,28795,11,1
1771694926.0736227,64_0,64,tpc_commit,4.0578224658966064,28795,11,1
1771694926.0834782,67_1,67,tpc_lock,1.6898338794708252,46561,11,1
1771694926.116686,62_0,62,tpc_commit,4.085105895996094,28795,11,1
1771694926.1430802,65_1,65,tpc_lock,1.8342092037200928,46561,11,1
1771694926.146605,60_0,60,tpc_commit,4.173689126968384,28795,11,1
1771694926.1487613,66_0,66,tpc_commit,4.140472888946533,28795,11,1
1771694926.160675,63_0,63,tpc_commit,1.8593618869781492,28783,11,1
1771694926.165946,61_1,61,tpc_lock,1.8552312850952148,46561,11,1
1771694926.178944,69_0,69,tpc_commit,1.7826180458068848,28795,11,1
1771694926.214056,68_0,68,tpc_commit,4.218069553375244,28795,11,1
1771694933.954862,62_1,62,tpc_lock,6.414196014404297,46561,12,1
1771694933.9966571,60_1,60,tpc_lock,6.942265033721924,46561,12,1
1771694933.9995568,68_1,68,tpc_lock,5.819537878036499,46561,12,1
1771694934.011301,66_1,66,tpc_lock,6.81053352355957,46561,12,1
1771694934.0195825,64_1,64,tpc_lock,7.386864900588989,46561,12,1
1771694936.28729,69_1,69,tpc_lock,8.595016479492188,46561,12,1
1771694936.3055923,63_1,63,tpc_lock,8.150699853897095,46561,12,1
1771694938.1075244,67_1,67,das_work,9.60253620147705,48258,12,1
1771694938.127392,65_1,65,das_work,7.062161922454834,48258,12,1
1771694938.1839356,68_1,68,tpc_lock,4.184367656707764,46561,12,1
1771694938.1905136,60_1,60,tpc_lock,4.193846225738525,46561,12,1
1771694938.1992598,64_1,64,tpc_lock,4.179667949676514,46561,12,1
1771694938.1995068,62_1,62,tpc_lock,4.244637966156006,46561,12,1
1771694938.2116456,66_1,66,tpc_lock,4.200335264205933,46561,12,1
1771694938.2690296,61_1,61,das_work,9.85871410369873,48258,12,1
1771694938.299197,63_1,63,tpc_lock,1.9935956001281736,46561,12,1
1771694938.4211764,69_1,69,tpc_lock,2.133876085281372,46561,12,1
1771694948.4681983,61_1,61,tpc_commit,10.199156999588013,28795,13,1
1771694948.5108576,65_1,65,tpc_commit,10.383453845977783,28795,13,1
1771694948.520945,67_1,67,tpc_commit,10.41341233253479,28795,13,1
1771694950.433041,60_1,60,das_work,2.51702094078064,48258,13,1
1771694950.4537158,61_1,61,tpc_commit,1.985476016998291,28795,13,1
1771694950.5140216,65_1,65,tpc_commit,2.003152847290039,28795,13,1
1771694950.5189168,66_1,66,das_work,4.287402868270874,48258,13,1
1771694950.6077104,68_1,68,das_work,11.1981782913208,48258,13,1
1771694950.6502192,67_1,67,tpc_commit,2.1292617321014404,28795,13,1
1771694950.6594138,69_1,69,das_work,6.6291093826293945,48258,13,1
1771694950.7075243,62_1,62,das_work,8.360156536102295,48258,13,1
1771694950.7159436,64_1,64,das_work,9.395399570465088,48258,13,1
1771694950.8673868,63_1,63,das_work,10.696016073226929,48258,13,1
1771694958.193159,64_1,64,tpc_commit,7.477203130722046,28795,14,1
1771694958.2017064,60_1,60,tpc_commit,7.768651723861694,28795,14,1
1771694958.2227333,66_1,66,tpc_commit,7.703805208206177,28795,14,1
1771694958.351686,62_1,62,tpc_commit,7.644151926040649,28795,14,1
1771694958.3999348,68_1,68,tpc_commit,7.792210817337036,28795,14,1
1771694960.420655,67_2,67,tpc_lock,9.039589166641235,46549,14,1
1771694960.4238262,65_2,65,tpc_lock,8.913001775741577,46561,14,1
1771694960.433637,63_1,63,tpc_commit,9.566240310668944,28795,14,1
1771694960.482892,69_1,69,tpc_commit,9.823468208312988,28795,14,1
1771694960.5315938,61_2,61,tpc_lock,8.128248691558838,46549,14,1
1771694962.2510965,67_2,67,tpc_lock,1.8304297924041748,46549,14,1
1771694962.252035,66_1,66,tpc_commit,4.029289484024048,28795,14,1
1771694962.421289,64_1,64,tpc_commit,4.228116989135742,28795,14,1
1771694962.4913845,68_1,68,tpc_commit,4.09143853187561,28795,14,1
1771694962.5734391,62_1,62,tpc_commit,4.221740961074829,28795,14,1
1771694962.6831045,60_1,60,tpc_commit,4.481386184692383,28795,14,1
1771694962.7970693,65_2,65,tpc_lock,2.373231887817383,46561,14,1
1771694962.8103795,69_1,69,tpc_commit,2.327474355697632,28795,14,1
1771694970.2729037,66_2,66,tpc_lock,6.026092290878296,46561,15,1
1771694970.3074987,64_2,64,tpc_lock,7.100146293640137,46561,15,1
1771694970.315241,68_2,68,tpc_lock,6.862744331359863,46561,15,1
1771694970.379655,62_2,62,tpc_lock,6.389212131500244,46561,15,1
1771694970.4317954,60_2,60,tpc_lock,7.198408126831055,46561,15,1
1771694972.745272,69_2,69,tpc_lock,8.097401857376099,46561,15,1
1771694974.2262256,63_1,63,tpc_commit,13.792577505111694,28795,15,1
1771694974.2392583,67_2,67,das_work,9.87900972366333,48258,15,1
1771694974.329015,60_2,60,tpc_lock,3.897207498550415,46561,15,1
1771694974.424103,62_2,62,tpc_lock,4.044437885284424,46561,15,1
1771694974.5680895,64_2,64,tpc_lock,4.260579347610474,46561,15,1
1771694974.569912,66_2,66,tpc_lock,4.296995162963867,46561,15,1
1771694974.6077096,65_2,65,das_work,4.200268507003784,48258,15,1
1771694974.8843443,61_2,61,tpc_lock,14.35274052619934,46549,15,1
1771694974.901112,68_2,68,tpc_lock,4.5858588218688965,46561,15,1
1771694984.4206314,67_2,67,tpc_commit,10.181360006332396,28783,16,1
1771694984.4301896,63_2,63,tpc_lock,8.322288036346436,46561,16,1
1771694984.5190735,65_2,65,tpc_commit,9.911353349685667,28795,16,1
1771694986.2621255,61_2,61,das_work,9.152157306671144,48258,16,1
1771694986.4449933,68_2,68,das_work,6.036641597747803,48258,16,1
1771694986.5412552,62_2,62,das_work,2.94146990776062,48258,16,1
1771694986.668791,64_2,64,das_work,2.879868984222412,48258,16,1
1771694986.7734213,66_2,66,das_work,3.952936172485352,48258,16,1
1771694986.9650743,60_2,60,das_work,7.024143218994141,48258,16,1
1771694987.1315002,69_2,69,tpc_lock,14.3862144947052,46561,16,1
1771694987.160189,65_2,65,tpc_commit,2.641106128692627,28795,16,1
1771694994.1520796,68_2,68,tpc_commit,7.707074165344238,28795,17,1
1771694994.156529,66_2,66,tpc_commit,7.383095741271973,28795,17,1
1771694994.180205,62_2,62,tpc_commit,7.638938665390015,28795,17,1
1771694994.2300518,64_2,64,tpc_commit,7.56124997138977,28795,17,1
1771694994.283579,60_2,60,tpc_commit,7.318493366241455,28795,17,1
1771694996.388249,61_2,61,tpc_commit,10.126110553741457,28783,17,1
1771694996.4209216,65_3,65,tpc_lock,7.889429569244385,46561,17,1
1771694998.2560372,64_2,64,tpc_commit,4.025972843170166,28795,17,1
1771694998.264549,66_2,66,tpc_commit,4.1080076694488525,28795,17,1
1771694998.3289878,67_2,67,tpc_commit,13.908344745635986,28783,17,1
1771694998.34336,60_2,60,tpc_commit,4.059769630432129,28795,17,1
1771694998.3669682,65_3,65,tpc_lock,1.9460136890411377,46561,17,1
1771694998.3923306,63_2,63,tpc_lock,13.962129831314089,46561,17,1
1771694998.455109,62_2,62,tpc_commit,4.274892568588257,28795,17,1
1771694998.6536806,68_2,68,tpc_commit,4.5015904903411865,28795,17,1
1771694998.724523,61_2,61,tpc_commit,2.3362627029418945,28783,17,1
1771694998.7752788,69_2,69,das_work,6.160370826721191,48258,17,1
1771695006.620631,66_3,66,tpc_lock,7.029852390289307,46561,18,1
1771695006.6237888,64_3,64,tpc_lock,7.596010446548462,46561,18,1
1771695006.7441602,68_3,68,tpc_lock,6.819552898406982,46561,18,1
1771695006.928372,62_3,62,tpc_lock,7.577133893966675,46561,18,1
1771695006.965098,60_3,60,tpc_lock,6.999951362609863,46561,18,1
1771695008.6006892,67_3,67,tpc_lock,8.651188135147095,46561,18,1
1771695008.6298895,69_2,69,tpc_commit,9.854600191116331,28795,18,1
1771695008.6487198,61_3,61,tpc_lock,9.060049057006836,46537,18,1
1771695010.1817458,62_3,62,tpc_lock,3.2533605098724365,46561,18,1
1771695010.3315158,69_2,69,tpc_commit,1.7016148567199707,28795,18,1
1771695010.6802125,65_3,65,das_work,4.475615978240967,48258,18,1
1771695010.8064816,63_2,63,das_work,11.008484363555908,48258,18,1
1771695010.8434918,66_3,66,tpc_lock,4.222846508026123,46561,18,1
1771695010.8508918,64_3,64,tpc_lock,4.227091312408447,46561,18,1
1771695020.4433503,65_3,65,tpc_commit,9.763124227523804,28795,19,1
1771695020.4687157,63_2,63,tpc_commit,9.66222357749939,28795,19,1
1771695020.4770389,69_3,69,tpc_lock,9.02996587753296,46561,19,1
1771695022.2903442,60_3,60,tpc_lock,15.325236320495604,46561,19,1
1771695022.335755,67_3,67,tpc_lock,13.735052824020386,46561,19,1
1771695022.4456935,62_3,62,das_work,8.005181550979614,48258,19,1
1771695022.4540858,68_3,68,tpc_lock,15.70991349220276,46561,19,1
1771695022.470871,61_3,61,tpc_lock,13.822142362594604,46537,19,1
1771695022.5252728,64_3,64,das_work,3.1065022945404053,48258,19,1
1771695022.9805837,66_3,66,das_work,9.668325662612917,48258,19,1
1771695030.1987357,62_3,62,tpc_commit,7.753031015396118,28795,20,1
1771695030.2694044,64_3,64,tpc_commit,7.744121789932251,28795,20,1
1771695030.2753055,66_3,66,tpc_commit,7.294710874557495,28795,20,1
1771695034.2104108,63_2,63,tpc_commit,13.741682291030884,28795,20,1
1771695034.2126548,69_3,69,tpc_lock,13.735606908798218,46561,20,1
1771695034.451686,67_3,67,das_work,7.516903638839722,48258,20,1
1771695034.4620376,61_3,61,das_work,5.103361368179321,48258,20,1
1771695034.5639727,65_3,65,tpc_commit,14.120612144470217,28795,20,1
1771695034.8432243,68_3,68,das_work,5.515361309051514,48258,20,1
1771695035.630223,60_3,60,das_work,9.459227561950684,48258,20,1
1771695042.1844,60_3,60,tpc_commit,6.554166793823242,28795,21,1
1771695042.2025442,68_3,68,tpc_commit,7.35930609703064,28795,21,1
1771695044.5484283,67_3,67,tpc_commit,10.096731662750244,28795,21,1
1771695044.6040316,63_3,63,tpc_lock,9.762345790863035,46561,21,1
1771695044.6234057,61_3,61,tpc_commit,10.16135597229004,28771,21,1
1771695044.6361842,65_4,65,tpc_lock,9.444424390792848,46549,21,1
1771695046.3227608,67_3,67,tpc_commit,1.7743220329284668,28795,21,1
1771695046.40314,66_3,66,tpc_commit,16.12782311439514,28795,21,1
1771695046.4896083,69_3,69,das_work,5.643834114074707,48258,21,1
1771695046.4967911,62_3,62,tpc_commit,16.298043489456177,28795,21,1
1771695046.7201917,64_3,64,tpc_commit,16.450773000717163,28795,21,1
1771695046.844337,68_3,68,tpc_commit,4.641782283782959,28795,21,1
1771695046.8998277,60_3,60,tpc_commit,4.715416431427002,28795,21,1
1771695047.101167,63_3,63,tpc_lock,2.4971225261688232,46561,21,1
1771695054.3270602,60_4,60,tpc_lock,6.585959196090698,46561,22,1
1771695054.3459845,64_4,64,tpc_lock,6.896337270736694,46561,22,1
1771695054.3559537,62_4,62,tpc_lock,6.095319032669067,46561,22,1
1771695054.4022312,68_4,68,tpc_lock,6.183433294296265,46549,22,1
1771695054.8776329,66_4,66,tpc_lock,7.868889331817627,46561,22,1
1771695056.5772371,67_4,67,tpc_lock,8.589404344558716,46561,22,1
1771695056.5866964,69_3,69,tpc_commit,10.09707808494568,28795,22,1
1771695058.3673072,63_3,63,das_work,4.942730188369751,48258,22,1
1771695058.3701675,65_4,65,tpc_lock,13.733973741531372,46549,22,1
1771695058.4850829,66_4,66,tpc_lock,3.607438087463379,46561,22,1
1771695058.4954834,60_4,60,tpc_lock,4.168412208557129,46561,22,1
1771695058.757001,62_4,62,tpc_lock,4.401036024093628,46561,22,1
1771695058.9983082,64_4,64,tpc_lock,4.6523118019104,46561,22,1
1771695059.0195684,68_4,68,tpc_lock,4.617326498031616,46549,22,1
1771695059.1002033,61_3,61,tpc_commit,14.47678565979004,28771,22,1
1771695068.565163,61_4,61,tpc_lock,8.68547511100769,46561,23,1
1771695068.628341,63_3,63,tpc_commit,10.261021137237549,28795,23,1
1771695070.293577,68_4,68,das_work,2.895281791687012,48258,23,1
1771695070.3212345,62_4,62,das_work,8.89168643951416,48258,23,1
1771695070.345346,65_4,65,das_work,7.6774561405181885,48258,23,1
1771695070.4285376,60_4,60,das_work,9.654067993164062,48258,23,1
1771695070.5305996,61_4,61,tpc_lock,1.9654228687286377,46561,23,1
1771695070.7916791,64_4,64,das_work,5.407707214355469,48258,23,1
1771695070.803451,66_4,66,das_work,2.984594345092773,48258,23,1
1771695070.8865738,69_3,69,tpc_commit,14.299833536148071,28795,23,1
1771695071.0203238,67_4,67,tpc_lock,14.443073272705078,46561,23,1
1771695078.1417916,64_4,64,tpc_commit,7.350100755691528,28795,24,1
1771695078.2201364,62_4,62,tpc_commit,7.898889780044556,28795,24,1
1771695078.2692978,60_4,60,tpc_commit,7.8407464027404785,28795,24,1
1771695078.2802134,66_4,66,tpc_commit,7.476751089096069,28795,24,1
1771695078.286076,68_4,68,tpc_commit,7.99248480796814,28783,24,1
1771695080.4545755,65_4,65,tpc_commit,10.109219312667848,28783,24,1
1771695080.4816194,69_4,69,tpc_lock,8.434273958206177,46561,24,1
1771695082.3737147,64_4,64,tpc_commit,4.231913328170776,28795,24,1
1771695082.4357483,67_4,67,das_work,6.206178665161133,48258,24,1
1771695082.4976633,62_4,62,tpc_commit,4.277510166168213,28795,24,1
1771695082.55597,63_3,63,tpc_commit,13.927618026733398,28795,24,1
1771695082.6146522,61_4,61,das_work,9.388095378875732,48258,24,1
1771695082.6172855,68_4,68,tpc_commit,4.331198453903198,28783,24,1
1771695082.630822,69_4,69,tpc_lock,2.1491918563842773,46561,24,1
1771695082.7196512,60_4,60,tpc_commit,4.450342416763306,28795,24,1
1771695082.8118825,65_4,65,tpc_commit,2.357277631759644,28783,24,1
1771695082.8626678,66_4,66,tpc_commit,4.582444906234741,28795,24,1
1771695092.587585,63_4,63,tpc_lock,9.270710468292236,46561,25,1
1771695092.5985548,67_4,67,tpc_commit,10.162792444229126,28795,25,1
1771695092.7188168,61_4,61,tpc_commit,10.104150295257568,28795,25,1
1771695094.8424766,69_4,69,das_work,7.220940113067627,48258,25,1
1771695104.7663908,69_4,69,tpc_commit,9.923903226852415,28795,26,1
1771695106.7726834,63_4,63,tpc_lock,14.18508529663086,46561,26,1
1771695107.0040762,67_4,67,tpc_commit,14.405509948730469,28795,26,1
1771695107.0218916,61_4,61,tpc_commit,14.303062915802002,28795,26,1
1771695118.3502283,69_4,69,tpc_commit,13.583825826644896,28795,27,1
1771695118.4880369,63_4,63,das_work,6.171507358551025,48258,27,1
1771695128.8136191,63_4,63,tpc_commit,10.325570821762083,28795,28,1
1771695142.3799343,63_4,63,tpc_commit,13.566304922103882,28795,29,1
1771694888.2263746,75_0,75,tpc_lock,1.879184007644653,46561,8,1
1771694888.2285469,77_0,77,tpc_lock,0.1488144397735595,46561,8,1
1771694889.9779272,77_0,77,tpc_lock,1.7493743896484375,46561,8,1
1771694889.978602,75_0,75,tpc_lock,1.7522199153900146,46561,8,1
1771694897.937177,76_0,76,tpc_lock,8.046977519989014,46561,9,1
1771694897.9405258,78_0,78,tpc_lock,11.83330512046814,46561,9,1
1771694897.942688,72_0,72,tpc_lock,5.085875272750855,46561,9,1
1771694897.9863038,74_0,74,tpc_lock,0.5599453449249268,46561,9,1
1771694900.2287085,71_0,71,tpc_lock,9.916404485702516,46561,9,1
1771694900.2648146,79_0,79,tpc_lock,1.1812386512756348,46561,9,1
1771694900.267369,73_0,73,tpc_lock,2.870599269866944,46561,9,1
1771694901.9896195,73_0,73,tpc_lock,1.722245693206787,46561,9,1
1771694901.9908798,74_0,74,tpc_lock,4.004570484161377,46561,9,1
1771694901.9910746,71_0,71,tpc_lock,1.7623624801635742,46561,9,1
1771694902.0078602,77_0,77,das_work,3.489003896713257,48258,9,1
1771694902.0199268,78_0,78,tpc_lock,4.079396486282349,46561,9,1
1771694902.0270712,76_0,76,tpc_lock,4.089890003204346,46561,9,1
1771694902.0276656,72_0,72,tpc_lock,4.084972620010376,46561,9,1
1771694902.033585,75_0,75,das_work,8.530861616134644,48258,9,1
1771694902.0455513,79_0,79,tpc_lock,1.780730962753296,46561,9,1
1771694909.965851,70_0,70,tpc_lock,10.707600593566896,46561,10,1
1771694912.3137815,77_0,77,tpc_commit,10.30590844154358,28795,10,1
1771694912.3268008,75_0,75,tpc_commit,10.29320240020752,28795,10,1
1771694914.0261858,79_0,79,das_work,8.923627376556396,48258,10,1
1771694914.032428,77_0,77,tpc_commit,1.7186341285705566,28795,10,1
1771694914.0402818,71_0,71,das_work,5.715169906616211,48258,10,1
1771694914.0434463,75_0,75,tpc_commit,1.7166364192962646,28795,10,1
1771694914.0539093,78_0,78,das_work,4.879584550857544,48258,10,1
1771694914.0792515,74_0,74,das_work,7.357654571533203,48258,10,1
1771694914.0907595,70_0,70,tpc_lock,4.124902248382568,46561,10,1
1771694914.1144536,73_0,73,das_work,3.20261812210083,48258,10,1
1771694914.1304574,76_0,76,das_work,10.375458478927612,48258,10,1
1771694914.140158,72_0,72,das_work,4.707653999328613,48258,10,1
1771694921.9459944,74_0,74,tpc_commit,7.86662745475769,28795,11,1
1771694921.9598365,78_0,78,tpc_commit,7.905916213989258,28795,11,1
1771694921.968143,76_0,76,tpc_commit,7.837675094604492,28795,11,1
1771694921.99304,72_0,72,tpc_commit,7.852872371673584,28795,11,1
1771694924.2861435,73_0,73,tpc_commit,10.171677589416504,28795,11,1
1771694924.3086264,79_0,79,tpc_commit,10.28243350982666,28795,11,1
1771694924.350166,75_1,75,tpc_lock,8.678480863571167,46561,11,1
1771694924.3873894,77_1,77,tpc_lock,8.673439264297485,46549,11,1
1771694924.3946574,71_0,71,tpc_commit,10.35436725616455,28795,11,1
1771694926.0788984,74_0,74,tpc_commit,4.132894515991211,28795,11,1
1771694926.0879514,79_0,79,tpc_commit,1.7793147563934326,28795,11,1
1771694926.1031775,70_0,70,das_work,5.936778783798218,48258,11,1
1771694926.1252952,75_1,75,tpc_lock,1.775119066238403,46561,11,1
1771694926.125542,72_0,72,tpc_commit,4.132494211196899,28795,11,1
1771694926.1497746,71_0,71,tpc_commit,1.7551076412200928,28795,11,1
1771694926.1948512,77_1,77,tpc_lock,1.807451248168945,46549,11,1
1771694926.2022848,76_0,76,tpc_commit,4.234131336212158,28795,11,1
1771694926.211524,73_0,73,tpc_commit,1.9253718852996824,28795,11,1
1771694926.2358334,78_0,78,tpc_commit,4.2759857177734375,28795,11,1
1771694933.95183,76_1,76,tpc_lock,7.111284494400024,46561,12,1
1771694933.981734,72_1,72,tpc_lock,5.91662073135376,46561,12,1
1771694934.001405,70_0,70,tpc_commit,7.898217916488647,28795,12,1
1771694934.003514,74_1,74,tpc_lock,6.901567220687866,46561,12,1
1771694934.0114417,78_1,78,tpc_lock,6.661646127700806,46561,12,1
1771694936.2778077,73_1,73,tpc_lock,8.877932786941528,46561,12,1
1771694936.3422637,79_1,79,tpc_lock,9.062790632247925,46549,12,1
1771694936.3577847,71_1,71,tpc_lock,8.631643295288086,46561,12,1
1771694938.1121314,71_1,71,tpc_lock,1.754335641860962,46561,12,1
1771694938.1137688,76_1,76,tpc_lock,4.161928176879883,46561,12,1
1771694938.1514,78_1,78,tpc_lock,4.139948844909668,46561,12,1
1771694938.193899,70_0,70,tpc_commit,4.192484378814697,28795,12,1
1771694938.2154903,74_1,74,tpc_lock,4.211963891983032,46561,12,1
1771694938.2763062,77_1,77,das_work,8.804133415222168,48258,12,1
1771694938.3438754,75_1,75,das_work,2.8705146312713623,48258,12,1
1771694938.365815,73_1,73,tpc_lock,2.087999105453491,46561,12,1
1771694938.3876836,79_1,79,tpc_lock,2.045412302017212,46549,12,1
1771694938.4535975,72_1,72,tpc_lock,4.471853256225586,46561,12,1
1771694946.2652986,70_1,70,tpc_lock,7.375655651092529,46561,13,1
1771694948.4088416,77_1,77,tpc_commit,10.132522344589232,28783,13,1
1771694948.4656725,75_1,75,tpc_commit,10.121784448623655,28795,13,1
1771694950.3100655,70_1,70,tpc_lock,4.044749021530151,46561,13,1
1771694950.4442773,71_1,71,das_work,6.088501453399658,48258,13,1
1771694950.4833548,76_1,76,das_work,3.848233699798584,48258,13,1
1771694950.509229,77_1,77,tpc_commit,2.100374698638916,28783,13,1
1771694950.6552367,78_1,78,das_work,10.31287956237793,48258,13,1
1771694950.7359989,79_1,79,das_work,5.748199462890625,48258,13,1
1771694950.7544043,72_1,72,das_work,6.482408046722412,48258,13,1
1771694950.767422,74_1,74,das_work,2.94642972946167,48258,13,1
1771694950.835195,75_1,75,tpc_commit,2.369505882263184,28795,13,1
1771694950.8595026,73_1,73,das_work,3.047749757766724,48258,13,1
1771694958.2185888,72_1,72,tpc_commit,7.464173793792725,28795,14,1
1771694958.227683,74_1,74,tpc_commit,7.460252046585083,28795,14,1
1771694958.290361,78_1,78,tpc_commit,7.635111093521118,28795,14,1
1771694958.3905098,76_1,76,tpc_commit,7.907145738601685,28795,14,1
1771694960.4503908,75_2,75,tpc_lock,8.569952487945557,46561,14,1
1771694960.4600675,73_1,73,tpc_commit,9.600555658340454,28795,14,1
1771694960.4632928,77_2,77,tpc_lock,8.677115201950073,46561,14,1
1771694960.5119338,79_1,79,tpc_commit,9.775926113128662,28783,14,1
1771694960.5412638,71_1,71,tpc_commit,10.096971035003662,28795,14,1
1771694962.2494185,79_1,79,tpc_commit,1.7374746799468994,28783,14,1
1771694962.419692,70_1,70,das_work,6.927277088165283,48258,14,1
1771694962.457802,74_1,74,tpc_commit,4.230106830596924,28795,14,1
1771694962.464635,73_1,73,tpc_commit,2.004557847976685,28795,14,1
1771694962.487024,72_1,72,tpc_commit,4.268425464630127,28795,14,1
1771694962.7205694,78_1,78,tpc_commit,4.430197238922119,28795,14,1
1771694962.7512794,75_2,75,tpc_lock,2.30087685585022,46561,14,1
1771694962.769672,71_1,71,tpc_commit,2.2283928394317627,28795,14,1
1771694962.7730706,76_1,76,tpc_commit,4.382548093795776,28795,14,1
1771694970.34329,70_1,70,tpc_commit,7.923581838607788,28795,15,1
1771694970.377643,76_2,76,tpc_lock,6.277248382568359,46561,15,1
1771694970.391117,74_2,74,tpc_lock,6.909284353256226,46561,15,1
1771694970.404741,78_2,78,tpc_lock,5.969910621643066,46561,15,1
1771694970.4545548,72_2,72,tpc_lock,7.35672116279602,46561,15,1
1771694972.6007583,73_2,73,tpc_lock,9.043423652648926,46561,15,1
1771694972.6115465,79_2,79,tpc_lock,8.819332838058472,46561,15,1
1771694972.708714,71_2,71,tpc_lock,7.982325315475464,46561,15,1
1771694974.4033597,79_2,79,tpc_lock,1.7918007373809814,46561,15,1
1771694974.5001023,78_2,78,tpc_lock,4.095349311828613,46561,15,1
1771694974.669991,76_2,76,tpc_lock,4.292337656021118,46561,15,1
1771694974.7034066,74_2,74,tpc_lock,4.312280178070068,46561,15,1
1771694974.8638194,72_2,72,tpc_lock,4.409252405166626,46561,15,1
1771694974.883571,75_2,75,das_work,5.165995836257935,48258,15,1
1771694974.941187,70_1,70,tpc_commit,4.597885608673096,28795,15,1
1771694974.9636457,77_2,77,tpc_lock,14.50034213066101,46561,15,1
1771694982.6135318,70_2,70,tpc_lock,6.408108711242676,46561,16,1
1771694984.506004,75_2,75,tpc_commit,9.622421503067017,28795,16,1
1771694986.3382275,70_2,70,tpc_lock,3.724686861038208,46561,16,1
1771694986.38607,79_2,79,das_work,4.858469247817993,48258,16,1
1771694986.3991065,74_2,74,das_work,3.149879217147827,48258,16,1
1771694986.4293227,73_2,73,tpc_lock,13.828553438186646,46561,16,1
1771694986.6621444,78_2,78,das_work,6.091662645339966,48258,16,1
1771694986.7700768,76_2,76,das_work,3.015898466110229,48258,16,1
1771694986.8718946,71_2,71,tpc_lock,14.163164615631104,46561,16,1
1771694987.0370822,72_2,72,das_work,4.928444147109985,48258,16,1
1771694987.2064238,77_2,77,das_work,4.578179597854614,48258,16,1
1771694994.1911771,72_2,72,tpc_commit,7.154084920883179,28795,17,1
1771694994.2615008,74_2,74,tpc_commit,7.86232852935791,28795,17,1
1771694994.2875917,78_2,78,tpc_commit,7.625436782836914,28795,17,1
1771694994.2936602,76_2,76,tpc_commit,7.523575782775879,28795,17,1
1771694996.3785331,79_2,79,tpc_commit,9.99245572090149,28795,17,1
1771694996.4131024,77_2,77,tpc_commit,9.206668138504028,28795,17,1
1771694998.253938,74_2,74,tpc_commit,3.9924280643463135,28795,17,1
1771694998.3418517,79_2,79,tpc_commit,1.963308334350586,28795,17,1
1771694998.4329045,72_2,72,tpc_commit,4.241713762283325,28795,17,1
1771694998.43437,76_2,76,tpc_commit,4.140699148178101,28795,17,1
1771694998.4510846,70_2,70,das_work,10.493427753448486,48258,17,1
1771694998.668389,77_2,77,tpc_commit,2.255272626876831,28795,17,1
1771694998.6901708,78_2,78,tpc_commit,4.402569055557251,28795,17,1
1771694998.734349,73_2,73,das_work,10.657724380493164,48258,17,1
1771694998.7369175,75_2,75,tpc_commit,14.230904579162598,28795,17,1
1771694998.7852015,71_2,71,das_work,10.673408269882202,48258,17,1
1771695006.6385114,78_3,78,tpc_lock,6.45667576789856,46561,18,1
1771695006.6435368,70_2,70,tpc_commit,8.192440748214722,28795,18,1
1771695006.6630414,74_3,74,tpc_lock,7.018615484237671,46561,18,1
1771695006.736611,72_3,72,tpc_lock,7.111327409744263,46561,18,1
1771695006.810529,76_3,76,tpc_lock,6.8178112506866455,46549,18,1
1771695008.5263617,75_3,75,tpc_lock,9.146907567977903,46561,18,1
1771695008.5374422,71_2,71,tpc_commit,9.752230644226074,28795,18,1
1771695008.547456,73_2,73,tpc_commit,9.813095331192017,28795,18,1
1771695008.6340325,77_3,77,tpc_lock,8.16218376159668,46549,18,1
1771695008.648756,79_3,79,tpc_lock,8.689367771148682,46561,18,1
1771695010.1781583,76_3,76,tpc_lock,3.367581844329834,46549,18,1
1771695010.5898998,70_2,70,tpc_commit,3.946348428726196,28795,18,1
1771695010.8673797,78_3,78,tpc_lock,4.228857755661011,46561,18,1
1771695018.387468,70_3,70,tpc_lock,6.744193077087402,46561,19,1
1771695022.2771475,75_3,75,tpc_lock,13.750772714614868,46561,19,1
1771695022.2888582,70_3,70,tpc_lock,3.90137791633606,46561,19,1
1771695022.4232771,78_3,78,das_work,10.504315853118896,48258,19,1
1771695022.553251,77_3,77,tpc_lock,13.9192054271698,46549,19,1
1771695022.7515578,73_2,73,tpc_commit,14.204090356826782,28795,19,1
1771695022.8840592,71_2,71,tpc_commit,14.346607208251951,28795,19,1
1771695022.902351,76_3,76,das_work,9.076988220214844,48258,19,1
1771695023.0385635,74_3,74,tpc_lock,16.375510454177856,46561,19,1
1771695023.063157,72_3,72,tpc_lock,16.326534748077393,46561,19,1
1771695023.1283205,79_3,79,tpc_lock,14.4795560836792,46561,19,1
1771695030.251876,76_3,76,tpc_commit,7.349512815475464,28783,20,1
1771695030.2591884,78_3,78,tpc_commit,7.835899353027344,28795,20,1
1771695032.7469835,73_3,73,tpc_lock,8.203983545303345,46561,20,1
1771695032.840495,71_3,71,tpc_lock,9.107446670532228,46561,20,1
1771695034.457688,72_3,72,das_work,7.160665273666382,48258,20,1
1771695035.0769486,77_3,77,das_work,8.745595216751099,48258,20,1
1771695035.4943273,78_3,78,tpc_commit,5.235126972198486,28795,20,1
1771695035.646866,70_3,70,das_work,9.023534536361694,48258,20,1
1771695035.877869,76_3,76,tpc_commit,5.625982046127319,28783,20,1
1771695042.1633544,76_4,76,tpc_lock,5.307674169540405,46561,21,1
1771695042.2146196,78_4,78,tpc_lock,4.824921607971191,46549,21,1
1771695042.271954,72_3,72,tpc_commit,7.814255714416504,28795,21,1
1771695042.319934,70_3,70,tpc_commit,6.673053503036499,28795,21,1
1771695044.6008935,77_3,77,tpc_commit,9.523933410644531,28783,21,1
1771695046.33151,71_3,71,tpc_lock,13.491003274917604,46561,21,1
1771695046.3593974,76_4,76,tpc_lock,4.196031332015991,46561,21,1
1771695046.3652625,70_3,70,tpc_commit,4.045318365097046,28795,21,1
1771695046.516264,73_3,73,tpc_lock,13.769267082214355,46561,21,1
1771695046.5409586,79_3,79,das_work,14.73473334312439,48258,21,1
1771695046.6734428,75_3,75,das_work,14.510562896728516,48258,21,1
1771695046.9766407,72_3,72,tpc_commit,4.704677104949951,28795,21,1
1771695047.0023758,77_3,77,tpc_commit,2.4014713764190674,28783,21,1
1771695047.044894,74_3,74,das_work,15.076861143112184,48258,21,1
1771695047.068047,78_4,78,tpc_lock,4.853414058685303,46549,21,1
1771695054.4773045,72_4,72,tpc_lock,5.6150407791137695,46549,22,1
1771695054.583145,74_3,74,tpc_commit,7.538239002227783,28795,22,1
1771695054.6552794,70_4,70,tpc_lock,6.69008207321167,46561,22,1
1771695056.5019062,77_4,77,tpc_lock,8.04659390449524,46561,22,1
1771695056.566193,79_3,79,tpc_commit,10.025221824645996,28795,22,1
1771695056.5963771,75_3,75,tpc_commit,9.92292308807373,28795,22,1
1771695058.2849326,78_4,78,das_work,9.670322895050049,48258,22,1
1771695058.3687413,74_3,74,tpc_commit,3.7855849266052246,28795,22,1
1771695058.388517,76_4,76,das_work,8.28578782081604,48258,22,1
1771695058.60383,71_3,71,das_work,8.24175477027893,48258,22,1
1771695058.8040054,72_4,72,tpc_lock,4.326690912246704,46549,22,1
1771695058.9918385,73_3,73,das_work,8.54077959060669,48258,22,1
1771695059.208118,70_4,70,tpc_lock,4.55282473564148,46561,22,1
1771695066.4149537,78_4,78,tpc_commit,8.13000750541687,28783,23,1
1771695066.4210064,76_4,76,tpc_commit,8.032478094100952,28795,23,1
1771695066.5803914,74_4,74,tpc_lock,6.280168533325195,46561,23,1
1771695068.5116878,73_3,73,tpc_commit,9.519803047180176,28795,23,1
1771695068.52213,71_3,71,tpc_commit,9.918288230895996,28795,23,1
1771695070.4521768,78_4,78,tpc_commit,4.034961462020874,28783,23,1
1771695070.4570105,77_4,77,tpc_lock,13.955092430114746,46561,23,1
1771695070.6241865,72_4,72,das_work,6.431463003158569,48258,23,1
1771695070.6886694,75_3,75,tpc_commit,14.092281103134155,28795,23,1
1771695070.7288077,74_4,74,tpc_lock,4.148405075073242,46561,23,1
1771695070.750119,70_4,70,das_work,5.731996297836304,48258,23,1
1771695070.753398,73_3,73,tpc_commit,2.24169921875,28795,23,1
1771695070.7642229,79_3,79,tpc_commit,14.198012590408323,28795,23,1
1771695070.85905,71_3,71,tpc_commit,2.336909055709839,28795,23,1
1771695070.9805236,76_4,76,tpc_commit,4.559466123580933,28795,23,1
1771695078.2248974,70_4,70,tpc_commit,7.474765062332153,28795,24,1
1771695078.296554,72_4,72,tpc_commit,7.672354459762573,28783,24,1
1771695080.426299,75_4,75,tpc_lock,8.43006420135498,46561,24,1
1771695080.4618626,79_4,79,tpc_lock,8.470993041992188,46561,24,1
1771695080.4646745,71_4,71,tpc_lock,8.313125371932983,46561,24,1
1771695080.4876652,73_4,73,tpc_lock,8.199799537658691,46561,24,1
1771695082.472725,79_4,79,tpc_lock,2.0108518600463867,46561,24,1
1771695082.515784,71_4,71,tpc_lock,2.0511014461517334,46561,24,1
1771695082.5295196,75_4,75,tpc_lock,2.1032063961029053,46561,24,1
1771695082.5930808,72_4,72,tpc_commit,4.29646110534668,28783,24,1
1771695082.7191498,77_4,77,das_work,8.522351264953613,48258,24,1
1771695082.7643075,73_4,73,tpc_lock,2.2766313552856445,46561,24,1
1771695082.800218,74_4,74,das_work,2.52752947807312,48258,24,1
1771695082.899467,70_4,70,tpc_commit,4.674516677856445,28795,24,1
1771695090.265701,74_4,74,tpc_commit,7.465415477752685,28795,25,1
1771695092.572649,77_4,77,tpc_commit,9.853487491607666,28795,25,1
1771695094.2794292,73_4,73,das_work,6.809854984283447,48258,25,1
1771695094.403109,79_4,79,das_work,5.185023546218872,48258,25,1
1771695094.5334764,71_4,71,das_work,9.48487663269043,48258,25,1
1771695094.6028948,74_4,74,tpc_commit,4.337181329727173,28795,25,1
1771695094.885885,75_4,75,das_work,7.351910829544067,48258,25,1
1771695104.7660046,75_4,75,tpc_commit,9.880069732666016,28795,26,1
1771695104.775148,71_4,71,tpc_commit,10.241660594940186,28795,26,1
1771695104.818827,73_4,73,tpc_commit,10.539386749267578,28795,26,1
1771695104.8800886,79_4,79,tpc_commit,10.476966381072998,28795,26,1
1771695106.9503694,77_4,77,tpc_commit,14.37770652770996,28795,26,1
1771695118.3470874,79_4,79,tpc_commit,13.46698808670044,28795,27,1
1771695118.4867566,71_4,71,tpc_commit,13.71159553527832,28795,27,1
1771695118.5134697,73_4,73,tpc_commit,13.694632530212402,28795,27,1
1771695118.7970002,75_4,75,tpc_commit,14.030983686447144,28795,27,1
1771694897.9288816,80_0,80,tpc_lock,9.575117826461792,46561,9,1
1771694897.964209,82_0,82,tpc_lock,10.01720404624939,46561,9,1
1771694897.9765365,88_0,88,tpc_lock,9.514793395996094,46561,9,1
1771694897.9814537,84_0,84,tpc_lock,9.484081268310549,46561,9,1
1771694897.9884806,86_0,86,tpc_lock,8.714088201522827,46561,9,1
1771694900.2286072,89_0,89,tpc_lock,9.518003940582275,46549,9,1
1771694900.2323766,83_0,83,tpc_lock,9.326299905776978,46561,9,1
1771694900.26226,85_0,85,tpc_lock,9.418755292892456,46561,9,1
1771694900.2998834,87_0,87,tpc_lock,5.527168035507202,46549,9,1
1771694901.9808288,89_0,89,tpc_lock,1.7522153854370115,46549,9,1
1771694901.996479,84_0,84,tpc_lock,4.015021324157715,46561,9,1
1771694901.997885,83_0,83,tpc_lock,1.7655014991760254,46561,9,1
1771694902.010633,82_0,82,tpc_lock,4.0464184284210205,46561,9,1
1771694902.0146065,85_0,85,tpc_lock,1.7523407936096191,46561,9,1
1771694902.020121,88_0,88,tpc_lock,4.043578624725342,46561,9,1
1771694902.0247848,86_0,86,tpc_lock,4.036298036575317,46561,9,1
1771694902.0374334,87_0,87,tpc_lock,1.737544059753418,46549,9,1
1771694902.0394845,80_0,80,tpc_lock,4.110596179962158,46561,9,1
1771694912.290027,81_0,81,tpc_lock,10.004691123962402,46561,10,1
1771694914.0350275,85_0,85,das_work,4.7229297161102295,48258,10,1
1771694914.036415,86_0,86,das_work,3.5198378562927246,48258,10,1
1771694914.0879345,87_0,87,das_work,7.387619256973267,48258,10,1
1771694914.103197,89_0,89,das_work,5.874787092208862,48258,10,1
1771694914.1175585,80_0,80,das_work,2.915615558624268,48258,10,1
1771694914.123159,81_0,81,tpc_lock,1.83312463760376,46561,10,1
1771694914.1269965,82_0,82,das_work,4.020586013793945,48258,10,1
1771694914.1495924,84_0,84,das_work,8.801448345184326,48258,10,1
1771694914.160372,88_0,88,das_work,8.25244402885437,48258,10,1
1771694914.1792986,83_0,83,das_work,6.2252514362335205,48258,10,1
1771694921.946691,88_0,88,tpc_commit,7.786304235458374,28795,11,1
1771694921.9490125,84_0,84,tpc_commit,7.799408197402954,28795,11,1
1771694921.9510503,80_0,80,tpc_commit,7.833480358123779,28795,11,1
1771694921.9664235,86_0,86,tpc_commit,7.930002212524414,28795,11,1
1771694921.9681168,82_0,82,tpc_commit,7.841110467910767,28795,11,1
1771694924.305472,87_0,87,tpc_commit,10.217525482177734,28783,11,1
1771694924.315044,83_0,83,tpc_commit,10.13573408126831,28795,11,1
1771694924.3307145,89_0,89,tpc_commit,10.22750759124756,28783,11,1
1771694924.3356926,85_0,85,tpc_commit,10.300654649734495,28795,11,1
1771694926.081065,83_0,83,tpc_commit,1.7660133838653564,28795,11,1
1771694926.109095,81_0,81,das_work,2.798024177551269,48258,11,1
1771694926.1498687,89_0,89,tpc_commit,1.8191463947296145,28783,11,1
1771694926.1620066,80_0,80,tpc_commit,4.210947036743164,28795,11,1
1771694926.1716366,82_0,82,tpc_commit,4.203510522842407,28795,11,1
1771694926.1924973,85_0,85,tpc_commit,1.856794595718384,28795,11,1
1771694926.1938157,84_0,84,tpc_commit,4.2447943687438965,28795,11,1
1771694926.2013311,88_0,88,tpc_commit,4.25463080406189,28795,11,1
1771694926.204461,87_0,87,tpc_commit,1.8989803791046145,28783,11,1
1771694926.2173514,86_0,86,tpc_commit,4.250918865203857,28795,11,1
1771694933.9528725,80_1,80,tpc_lock,6.54477858543396,46549,12,1
1771694933.9925406,82_1,82,tpc_lock,7.299431085586548,46561,12,1
1771694934.0073636,86_1,86,tpc_lock,6.437948703765869,46561,12,1
1771694934.018379,88_1,88,tpc_lock,6.437631845474243,46561,12,1
1771694934.0266285,84_1,84,tpc_lock,6.516174077987671,46561,12,1
1771694936.2727897,87_1,87,tpc_lock,8.24630856513977,46561,12,1
1771694936.2748969,81_0,81,tpc_commit,10.165791034698486,28795,12,1
1771694936.3053112,83_1,83,tpc_lock,9.60119891166687,46561,12,1
1771694936.315975,89_1,89,tpc_lock,8.84617829322815,46561,12,1
1771694936.3425314,85_1,85,tpc_lock,9.02729845046997,46561,12,1
1771694938.1087062,84_1,84,tpc_lock,4.082069635391235,46561,12,1
1771694938.1099987,81_0,81,tpc_commit,1.835089445114136,28795,12,1
1771694938.110211,86_1,86,tpc_lock,4.102832794189453,46561,12,1
1771694938.1339512,82_1,82,tpc_lock,4.141402006149292,46561,12,1
1771694938.140838,89_1,89,tpc_lock,1.8248534202575684,46561,12,1
1771694938.150177,83_1,83,tpc_lock,1.844855546951294,46561,12,1
1771694938.1899734,85_1,85,tpc_lock,1.847433090209961,46561,12,1
1771694938.3816786,80_1,80,tpc_lock,4.428796052932739,46549,12,1
1771694938.4174893,88_1,88,tpc_lock,4.39910101890564,46561,12,1
1771694938.4527428,87_1,87,tpc_lock,2.1799449920654297,46561,12,1
1771694948.5149212,81_1,81,tpc_lock,8.85122299194336,46561,13,1
1771694950.296493,80_1,80,das_work,9.031205892562866,48258,13,1
1771694950.3607547,88_1,88,das_work,3.080556154251098,48258,13,1
1771694950.3787422,86_1,86,das_work,3.2665891647338867,48258,13,1
1771694950.4484878,81_1,81,tpc_lock,1.9335520267486568,46561,13,1
1771694950.4889944,84_1,84,das_work,5.236019611358643,48258,13,1
1771694950.527187,83_1,83,das_work,11.2065327167511,48258,13,1
1771694950.6817117,89_1,89,das_work,7.894449472427368,48258,13,1
1771694950.7088077,87_1,87,das_work,9.060648441314695,48258,13,1
1771694950.829321,82_1,82,das_work,11.133190393447876,48258,13,1
1771694950.8389163,85_1,85,das_work,5.98898458480835,48258,13,1
1771694958.280416,86_1,86,tpc_commit,7.901659488677978,28795,14,1
1771694958.3013113,82_1,82,tpc_commit,7.47197961807251,28795,14,1
1771694958.3189683,88_1,88,tpc_commit,7.958201885223389,28795,14,1
1771694958.3539546,84_1,84,tpc_commit,7.864946126937866,28795,14,1
1771694958.409716,80_1,80,tpc_commit,8.113210678100586,28783,14,1
1771694960.4306588,85_1,85,tpc_commit,9.59173059463501,28795,14,1
1771694960.4443176,83_1,83,tpc_commit,9.91711926460266,28795,14,1
1771694960.4771974,87_1,87,tpc_commit,9.768378257751465,28795,14,1
1771694960.4881632,89_1,89,tpc_commit,9.806439638137816,28795,14,1
1771694962.282771,86_1,86,tpc_commit,4.002342224121094,28795,14,1
1771694962.3277802,84_1,84,tpc_commit,3.9738149642944336,28795,14,1
1771694962.3283968,80_1,80,tpc_commit,3.9186737537384033,28783,14,1
1771694962.4224324,88_1,88,tpc_commit,4.103454113006592,28795,14,1
1771694962.4979155,81_1,81,das_work,10.8642315864563,48258,14,1
1771694962.56166,82_1,82,tpc_commit,4.260337114334106,28795,14,1
1771694962.655309,83_1,83,tpc_commit,2.2109808921813965,28795,14,1
1771694962.7534394,89_1,89,tpc_commit,2.265265226364136,28795,14,1
1771694970.2601664,82_2,82,tpc_lock,5.96182107925415,46561,15,1
1771694970.2731678,80_2,80,tpc_lock,6.488399028778076,46561,15,1
1771694970.2964706,84_2,84,tpc_lock,6.458714485168457,46561,15,1
1771694970.3158677,86_2,86,tpc_lock,7.442139863967895,46561,15,1
1771694970.370974,88_2,88,tpc_lock,6.244052171707153,46561,15,1
1771694972.597531,81_1,81,tpc_commit,10.099605321884155,28795,15,1
1771694972.6093974,89_2,89,tpc_lock,7.960704803466797,46561,15,1
1771694972.7006264,83_2,83,tpc_lock,8.066606283187866,46561,15,1
1771694974.3845358,84_2,84,tpc_lock,4.0880537033081055,46561,15,1
1771694974.5377707,86_2,86,tpc_lock,4.221893787384033,46561,15,1
1771694974.5445492,87_1,87,tpc_commit,14.0673406124115,28795,15,1
1771694974.6876874,88_2,88,tpc_lock,4.3167033195495605,46561,15,1
1771694974.7604709,80_2,80,tpc_lock,4.487284898757935,46561,15,1
1771694974.8777344,85_1,85,tpc_commit,14.44706392288208,28795,15,1
1771694975.007369,82_2,82,tpc_lock,4.747193813323975,46561,15,1
1771694984.5083027,87_2,87,tpc_lock,7.976423978805542,46561,16,1
1771694984.5227218,85_2,85,tpc_lock,7.959563255310059,46561,16,1
1771694986.3810546,86_2,86,das_work,6.7799155712127686,48258,16,1
1771694986.7566783,81_1,81,tpc_commit,14.159136295318604,28795,16,1
1771694986.8534896,88_2,88,das_work,7.028753280639648,48258,16,1
1771694986.9266975,82_2,82,das_work,9.981993436813354,48258,16,1
1771694987.0132022,80_2,80,das_work,10.191245079040527,48258,16,1
1771694987.0334044,89_2,89,tpc_lock,14.42399549484253,46561,16,1
1771694987.079959,83_2,83,tpc_lock,14.379298448562622,46561,16,1
1771694987.217682,84_2,84,das_work,3.5755419731140137,48258,16,1
1771694994.1550064,86_2,86,tpc_commit,7.773941278457642,28795,17,1
1771694994.1939003,80_2,80,tpc_commit,7.179916620254517,28795,17,1
1771694994.2297008,84_2,84,tpc_commit,7.012008190155029,28795,17,1
1771694994.2788682,88_2,88,tpc_commit,7.42534065246582,28795,17,1
1771694994.301349,82_2,82,tpc_commit,7.374639987945557,28795,17,1
1771694996.4158638,81_2,81,tpc_lock,8.156141757965088,46561,17,1
1771694998.3174746,82_2,82,tpc_commit,4.016115427017212,28795,17,1
1771694998.395935,87_2,87,tpc_lock,13.887621641159058,46561,17,1
1771694998.41113,85_2,85,tpc_lock,13.888396739959717,46561,17,1
1771694998.4703052,84_2,84,tpc_commit,4.240593910217285,28795,17,1
1771694998.484468,81_2,81,tpc_lock,2.068593740463257,46561,17,1
1771694998.5322175,89_2,89,das_work,7.656393766403198,48258,17,1
1771694998.5579927,86_2,86,tpc_commit,4.40297532081604,28795,17,1
1771694998.6539688,80_2,80,tpc_commit,4.460058689117432,28795,17,1
1771694998.716683,83_2,83,das_work,3.255394458770752,48258,17,1
1771694998.7301605,88_2,88,tpc_commit,4.451281785964966,28795,17,1
1771695006.6286898,84_3,84,tpc_lock,6.429757356643677,46561,18,1
1771695006.7861383,86_3,86,tpc_lock,6.730145692825317,46561,18,1
1771695006.8269837,80_3,80,tpc_lock,6.184303998947144,46561,18,1
1771695006.8809814,82_3,82,tpc_lock,6.651129245758057,46561,18,1
1771695006.9772682,88_3,88,tpc_lock,7.572152853012085,46549,18,1
1771695008.5604782,83_2,83,tpc_commit,9.84378457069397,28795,18,1
1771695008.587613,89_2,89,tpc_commit,10.055384635925291,28795,18,1
1771695010.175516,87_2,87,das_work,6.172397613525391,48258,18,1
1771695010.218,86_3,86,tpc_lock,3.431849956512451,46561,18,1
1771695010.2996016,82_3,82,tpc_lock,3.418572425842285,46561,18,1
1771695010.635162,80_3,80,tpc_lock,3.808168172836304,46561,18,1
1771695010.698278,84_3,84,tpc_lock,4.069576025009155,46561,18,1
1771695010.7016797,81_2,81,das_work,10.365146398544312,48258,18,1
1771695010.8212233,85_2,85,das_work,7.394028186798096,48258,18,1
1771695020.4350667,87_2,87,tpc_commit,10.25954008102417,28795,19,1
1771695020.438614,81_2,81,tpc_commit,9.7369225025177,28795,19,1
1771695020.4466972,85_2,85,tpc_commit,9.62546682357788,28795,19,1
1771695022.3170614,89_2,89,tpc_commit,13.729437112808228,28795,19,1
1771695022.3424628,83_2,83,tpc_commit,13.781970977783203,28795,19,1
1771695022.6871896,88_3,88,tpc_lock,15.709908962249756,46549,19,1
1771695022.7700305,86_3,86,das_work,6.496074438095093,48258,19,1
1771695022.8749187,84_3,84,das_work,8.205512762069702,48258,19,1
1771695022.9059322,82_3,82,das_work,3.561165809631348,48258,19,1
1771695023.035275,80_3,80,das_work,10.300062417984009,48258,19,1
1771695030.1999028,86_3,86,tpc_commit,7.429858922958374,28795,20,1
1771695030.3114586,82_3,82,tpc_commit,7.405515193939209,28795,20,1
1771695030.4553611,80_3,80,tpc_commit,7.420073986053467,28795,20,1
1771695030.4839747,84_3,84,tpc_commit,7.609045505523682,28795,20,1
1771695032.726283,89_3,89,tpc_lock,9.189735174179075,46549,20,1
1771695032.7499857,83_3,83,tpc_lock,9.037063121795654,46561,20,1
1771695034.5740309,85_2,85,tpc_commit,14.127326250076294,28795,20,1
1771695034.719941,84_3,84,tpc_commit,4.235954523086548,28795,20,1
1771695034.7686126,81_2,81,tpc_commit,14.329985857009888,28795,20,1
1771695034.9574564,87_2,87,tpc_commit,14.522380352020264,28795,20,1
1771695042.1911626,84_4,84,tpc_lock,6.313244104385376,46561,21,1
1771695044.497743,87_3,87,tpc_lock,7.830958843231201,46561,21,1
1771695044.5178747,85_3,85,tpc_lock,8.053613901138306,46561,21,1
1771695044.53952,81_3,81,tpc_lock,8.289999961853027,46561,21,1
1771695046.4592068,80_3,80,tpc_commit,16.00383234024048,28795,21,1
1771695046.6174946,88_3,88,das_work,14.984468936920166,48258,21,1
1771695046.620162,84_4,84,tpc_lock,4.428985834121704,46561,21,1
1771695046.624509,86_3,86,tpc_commit,16.424594163894653,28795,21,1
1771695046.6721165,83_3,83,tpc_lock,13.92211937904358,46561,21,1
1771695046.765057,85_3,85,tpc_lock,2.247171401977539,46561,21,1
1771695046.7873704,87_3,87,tpc_lock,2.2896153926849365,46561,21,1
1771695046.9320064,89_3,89,tpc_lock,14.205711126327516,46549,21,1
1771695046.9848464,82_3,82,tpc_commit,16.67337727546692,28795,21,1
1771695054.3201158,86_4,86,tpc_lock,6.977525234222412,46561,22,1
1771695054.3215525,88_3,88,tpc_commit,7.70404577255249,28783,22,1
1771695054.400508,82_4,82,tpc_lock,5.563482999801636,46561,22,1
1771695054.742664,80_4,80,tpc_lock,7.778968334197998,46561,22,1
1771695058.3704555,83_3,83,das_work,5.541396379470825,48258,22,1
1771695058.391535,89_3,89,das_work,8.167500734329224,48258,22,1
1771695058.516374,87_3,87,das_work,4.902642011642456,48258,22,1
1771695058.6595469,84_4,84,das_work,7.970631122589111,48258,22,1
1771695058.7209551,80_4,80,tpc_lock,3.9782791137695312,46561,22,1
1771695058.7595873,88_3,88,tpc_commit,4.4380247592926025,28783,22,1
1771695058.7932184,82_4,82,tpc_lock,4.392699956893921,46561,22,1
1771695058.8718636,81_3,81,tpc_lock,14.332329034805298,46561,22,1
1771695066.43674,88_4,88,tpc_lock,5.7869956493377686,46549,23,1
1771695066.4803374,84_4,84,tpc_commit,7.820779800415039,28795,23,1
1771695068.5413885,87_3,87,tpc_commit,10.025004863739014,28795,23,1
1771695068.5538054,89_3,89,tpc_commit,10.16225814819336,28783,23,1
1771695068.6391149,83_3,83,tpc_commit,10.268617868423462,28795,23,1
1771695070.3763149,86_4,86,tpc_lock,16.05618953704834,46561,23,1
1771695070.4376469,85_3,85,das_work,14.887224912643433,48258,23,1
1771695070.439758,84_4,84,tpc_commit,3.959409713745117,28795,23,1
1771695070.4608812,88_4,88,tpc_lock,4.024130582809448,46549,23,1
1771695070.498226,87_3,87,tpc_commit,1.9568254947662356,28795,23,1
1771695070.6158628,80_4,80,das_work,7.805070877075195,48258,23,1
1771695070.6416502,82_4,82,das_work,4.089428424835205,48258,23,1
1771695070.7044537,81_3,81,das_work,4.088275909423828,48258,23,1
1771695070.9088802,83_3,83,tpc_commit,2.2697513103485107,28795,23,1
1771695078.1345172,80_4,80,tpc_commit,7.518638849258423,28795,24,1
1771695078.1373246,82_4,82,tpc_commit,7.495662689208984,28795,24,1
1771695080.4260535,81_3,81,tpc_commit,9.721591472625732,28795,24,1
1771695080.4300983,85_3,85,tpc_commit,9.992440462112429,28795,24,1
1771695080.4408717,87_4,87,tpc_lock,9.04059100151062,46561,24,1
1771695080.4755864,83_4,83,tpc_lock,8.330202579498291,46561,24,1
1771695082.4282875,85_3,85,tpc_commit,1.9981341361999512,28795,24,1
1771695082.435589,89_3,89,tpc_commit,13.881772994995115,28783,24,1
1771695082.563074,81_3,81,tpc_commit,2.137010335922241,28795,24,1
1771695082.717847,80_4,80,tpc_commit,4.583318948745728,28795,24,1
1771695082.7888808,83_4,83,tpc_lock,2.313284158706665,46561,24,1
1771695082.808933,87_4,87,tpc_lock,2.368050575256348,46561,24,1
1771695082.88491,86_4,86,das_work,4.6358962059021,48258,24,1
1771695082.890168,82_4,82,tpc_commit,4.752830982208252,28795,24,1
1771695082.899992,88_4,88,das_work,6.873638868331909,48258,24,1
1771695090.249176,86_4,86,tpc_commit,7.364253044128418,28795,25,1
1771695090.280596,88_4,88,tpc_commit,7.380590438842773,28783,25,1
1771695092.603572,89_4,89,tpc_lock,8.37909722328186,46561,25,1
1771695092.6656098,81_4,81,tpc_lock,9.076987743377686,46549,25,1
1771695092.7142906,85_4,85,tpc_lock,9.707484006881714,46561,25,1
1771695094.3237212,83_4,83,das_work,4.315533399581909,48258,25,1
1771695094.401183,86_4,86,tpc_commit,4.151995420455933,28795,25,1
1771695094.9647114,88_4,88,tpc_commit,4.684103965759277,28783,25,1
1771695095.2094994,87_4,87,das_work,3.797474384307861,48258,25,1
1771695104.6940122,87_4,87,tpc_commit,9.484501600265505,28795,26,1
1771695104.7147596,83_4,83,tpc_commit,10.391026496887209,28795,26,1
1771695106.8206406,89_4,89,tpc_lock,14.217058420181274,46561,26,1
1771695106.9095922,85_4,85,tpc_lock,14.195290803909302,46561,26,1
1771695106.967956,81_4,81,tpc_lock,14.302335500717165,46549,26,1
1771695118.379642,81_4,81,das_work,5.03764009475708,48258,27,1
1771695118.3849518,83_4,83,tpc_commit,13.670178890228271,28795,27,1
1771695118.5163023,89_4,89,das_work,10.191948652267456,48258,27,1
1771695118.5727394,87_4,87,tpc_commit,13.878716468811035,28795,27,1
1771695118.9902186,85_4,85,das_work,4.507701635360718,48258,27,1
1771695128.664699,85_4,85,tpc_commit,9.674468994140623,28795,28,1
1771695128.6764474,89_4,89,tpc_commit,10.160089492797852,28795,28,1
1771695128.812687,81_4,81,tpc_commit,10.433034658432009,28783,28,1
1771695142.3237872,81_4,81,tpc_commit,13.511090517044067,28783,29,1
1771695142.685273,89_4,89,tpc_commit,14.008815050125122,28795,29,1
1771695142.7536054,85_4,85,tpc_commit,14.088895797729492,28795,29,1
1771694897.9624698,92_0,92,tpc_lock,6.786137104034424,46561,9,1
1771694897.98468,94_0,94,tpc_lock,4.638799667358398,46561,9,1
1771694900.228418,99_0,99,tpc_lock,4.855234622955322,46561,9,1
1771694900.2371583,93_0,93,tpc_lock,2.938319444656372,46549,9,1
1771694900.2990286,91_0,91,tpc_lock,7.284487724304199,46561,9,1
1771694901.9923718,99_0,99,tpc_lock,1.763946294784546,46561,9,1
1771694902.0031474,93_0,93,tpc_lock,1.765984058380127,46549,9,1
1771694902.0242765,91_0,91,tpc_lock,1.72524094581604,46561,9,1
1771694902.0245872,92_0,92,tpc_lock,4.062110900878906,46561,9,1
1771694902.031918,94_0,94,tpc_lock,4.04723048210144,46561,9,1
1771694909.9212303,90_0,90,tpc_lock,11.280405521392822,46561,10,1
1771694909.923036,96_0,96,tpc_lock,7.117248058319092,46561,10,1
1771694909.9719534,98_0,98,tpc_lock,10.344187021255491,46561,10,1
1771694912.27377,95_0,95,tpc_lock,8.372939825057983,46561,10,1
1771694912.3250847,97_0,97,tpc_lock,11.745566606521606,46561,10,1
1771694914.048514,90_0,90,tpc_lock,4.127277374267578,46561,10,1
1771694914.05889,94_0,94,das_work,2.825122833251953,48258,10,1
1771694914.0667193,93_0,93,das_work,7.694293975830078,48258,10,1
1771694914.0828393,95_0,95,tpc_lock,1.8090636730194087,46561,10,1
1771694914.0954857,92_0,92,das_work,2.676795721054077,48258,10,1
1771694914.0981154,98_0,98,tpc_lock,4.126156330108643,46561,10,1
1771694914.117635,97_0,97,tpc_lock,1.7925443649291992,46561,10,1
1771694914.1177883,91_0,91,das_work,6.046589136123657,48258,10,1
1771694914.1324296,96_0,96,tpc_lock,4.209389686584473,46561,10,1
1771694914.1467829,99_0,99,das_work,6.7394936084747314,48258,10,1
1771694921.9526262,92_0,92,tpc_commit,7.857131481170654,28795,11,1
1771694921.967533,94_0,94,tpc_commit,7.908629417419434,28795,11,1
1771694924.280892,93_0,93,tpc_commit,10.214162588119509,28783,11,1
1771694924.2828226,99_0,99,tpc_commit,10.13602900505066,28795,11,1
1771694924.3738115,91_0,91,tpc_commit,10.256014585494995,28795,11,1
1771694926.0744245,93_0,93,tpc_commit,1.793524980545044,28783,11,1
1771694926.1236577,99_0,99,tpc_commit,1.8407890796661377,28795,11,1
1771694926.1321025,94_0,94,tpc_commit,4.16455864906311,28795,11,1
1771694926.1366644,91_0,91,tpc_commit,1.7628424167633057,28795,11,1
1771694926.1391437,92_0,92,tpc_commit,4.186441421508789,28795,11,1
1771694926.2099695,96_0,96,das_work,9.89158010482788,48258,11,1
1771694926.2128985,95_0,95,das_work,7.509175062179565,48258,11,1
1771694926.22159,98_0,98,das_work,9.570197582244871,48258,11,1
1771694926.230056,97_0,97,das_work,6.757913827896118,48258,11,1
1771694926.233594,90_0,90,das_work,8.417662382125854,48258,11,1
1771694933.9521742,90_0,90,tpc_commit,7.718570709228516,28795,12,1
1771694933.9673965,96_0,96,tpc_commit,7.757330656051636,28795,12,1
1771694933.9875026,98_0,98,tpc_commit,7.765902280807495,28795,12,1
1771694934.0006974,92_1,92,tpc_lock,5.862672328948975,46561,12,1
1771694934.0614655,94_1,94,tpc_lock,6.710343599319458,46561,12,1
1771694936.2762184,95_0,95,tpc_commit,10.063276767730711,28795,12,1
1771694936.281035,97_0,97,tpc_commit,10.050967693328856,28795,12,1
1771694936.3002465,93_1,93,tpc_lock,9.39250421524048,46561,12,1
1771694936.3355398,91_1,91,tpc_lock,8.921408653259277,46561,12,1
1771694936.339796,99_1,99,tpc_lock,8.999775886535645,46561,12,1
1771694938.1101625,90_0,90,tpc_commit,4.157977342605591,28795,12,1
1771694938.145657,91_1,91,tpc_lock,1.810105800628662,46561,12,1
1771694938.1487763,97_0,97,tpc_commit,1.867731094360352,28795,12,1
1771694938.15596,92_1,92,tpc_lock,4.155252695083618,46561,12,1
1771694938.2417543,95_0,95,tpc_commit,1.965527057647705,28795,12,1
1771694938.2433014,99_1,99,tpc_lock,1.9034926891326904,46561,12,1
1771694938.3182318,93_1,93,tpc_lock,2.017974853515625,46561,12,1
1771694938.3522651,98_0,98,tpc_commit,4.364752531051636,28795,12,1
1771694938.3694124,94_1,94,tpc_lock,4.307936668395996,46561,12,1
1771694938.4177988,96_0,96,tpc_commit,4.450392723083496,28795,12,1
1771694946.143243,96_1,96,tpc_lock,6.366044282913208,46549,13,1
1771694946.247765,98_1,98,tpc_lock,7.241931915283203,46561,13,1
1771694946.3109112,90_1,90,tpc_lock,7.426432847976685,46561,13,1
1771694948.3854418,95_1,95,tpc_lock,8.970009565353394,46561,13,1
1771694948.4069371,97_1,97,tpc_lock,8.94069504737854,46561,13,1
1771694950.3080895,95_1,95,tpc_lock,1.922636032104492,46561,13,1
1771694950.3257916,93_1,93,das_work,10.380905866622925,48258,13,1
1771694950.328376,98_1,98,tpc_lock,4.080600500106812,46561,13,1
1771694950.4882092,90_1,90,tpc_lock,4.177286386489868,46561,13,1
1771694950.7212017,94_1,94,das_work,7.809334993362427,48258,13,1
1771694950.771313,97_1,97,tpc_lock,2.364358901977539,46561,13,1
1771694950.7755651,92_1,92,das_work,9.988468885421751,48258,13,1
1771694950.7926188,99_1,99,das_work,9.562509298324583,48258,13,1
1771694950.82228,96_1,96,tpc_lock,4.679024457931519,46549,13,1
1771694950.8724506,91_1,91,das_work,11.162878274917604,48258,13,1
1771694958.2436595,92_1,92,tpc_commit,7.468084335327148,28795,14,1
1771694958.3100362,94_1,94,tpc_commit,7.588823318481445,28795,14,1
1771694960.440547,99_1,99,tpc_commit,9.64791774749756,28795,14,1
1771694960.442631,91_1,91,tpc_commit,9.570171356201172,28795,14,1
1771694960.4744902,93_1,93,tpc_commit,10.14868712425232,28795,14,1
1771694962.1886744,90_1,90,das_work,7.22210693359375,48258,14,1
1771694962.203822,96_1,96,das_work,9.269798278808594,48258,14,1
1771694962.308295,95_1,95,das_work,5.509510517120361,48258,14,1
1771694962.349747,97_1,97,das_work,1.747483491897583,48258,14,1
1771694962.6651502,91_1,91,tpc_commit,2.222512006759644,28795,14,1
1771694962.6881874,92_1,92,tpc_commit,4.444518089294434,28795,14,1
1771694962.7130125,94_1,94,tpc_commit,4.40296196937561,28795,14,1
1771694962.902512,98_1,98,das_work,10.163481950759888,48258,14,1
1771694970.2731986,98_1,98,tpc_commit,7.370679616928101,28795,15,1
1771694970.3286393,90_1,90,tpc_commit,8.13995361328125,28795,15,1
1771694970.382866,92_2,92,tpc_lock,6.536419153213501,46561,15,1
1771694970.384816,94_2,94,tpc_lock,5.97723913192749,46561,15,1
1771694970.399577,96_1,96,tpc_commit,8.195743322372437,28783,15,1
1771694972.5997572,91_2,91,tpc_lock,8.893110990524292,46561,15,1
1771694972.601688,95_1,95,tpc_commit,10.29338240623474,28795,15,1
1771694972.7497897,97_1,97,tpc_commit,10.400030612945557,28795,15,1
1771694974.2222426,94_2,94,tpc_lock,3.837416172027588,46561,15,1
1771694974.3538437,98_1,98,tpc_commit,4.080633878707886,28795,15,1
1771694974.3982544,92_2,92,tpc_lock,4.015377998352051,46561,15,1
1771694974.470015,99_1,99,tpc_commit,14.029457569122314,28795,15,1
1771694974.5331016,90_1,90,tpc_commit,4.204134464263916,28795,15,1
1771694974.5547152,93_1,93,tpc_commit,14.080217599868774,28795,15,1
1771694974.9952238,96_1,96,tpc_commit,4.595632791519165,28783,15,1
1771694982.349537,90_2,90,tpc_lock,6.912450790405273,46561,16,1
1771694982.3549316,96_2,96,tpc_lock,6.626778602600098,46561,16,1
1771694982.6020167,98_2,98,tpc_lock,6.604489326477051,46561,16,1
1771694984.4504943,93_2,93,tpc_lock,8.610239267349243,46561,16,1
1771694984.5106795,99_2,99,tpc_lock,8.282258749008179,46561,16,1
1771694986.2870426,95_1,95,tpc_commit,13.685251951217651,28795,16,1
1771694986.3039925,92_2,92,das_work,7.506275415420532,48258,16,1
1771694986.3439646,91_2,91,tpc_lock,13.744195938110352,46561,16,1
1771694986.4012196,96_2,96,tpc_lock,4.046277761459351,46561,16,1
1771694986.4925838,94_2,94,das_work,10.396210193634031,48258,16,1
1771694986.563213,90_2,90,tpc_lock,4.213663816452026,46561,16,1
1771694986.5855472,97_1,97,tpc_commit,13.835744857788086,28795,16,1
1771694986.667673,98_2,98,tpc_lock,4.065645456314087,46561,16,1
1771694994.1739144,94_2,94,tpc_commit,7.681320428848267,28795,17,1
1771694994.2993455,92_2,92,tpc_commit,7.995339155197143,28795,17,1
1771694996.3743954,97_2,97,tpc_lock,7.907216072082519,46561,17,1
1771694996.3944252,95_2,95,tpc_lock,8.822443962097168,46561,17,1
1771694998.2829816,95_2,95,tpc_lock,1.8885459899902344,46561,17,1
1771694998.3254695,93_2,93,tpc_lock,13.874963521957396,46561,17,1
1771694998.358642,94_2,94,tpc_commit,4.184715747833252,28795,17,1
1771694998.4780009,96_2,96,das_work,4.565607070922852,48258,17,1
1771694998.5007849,98_2,98,das_work,7.858277320861816,48258,17,1
1771694998.521122,92_2,92,tpc_commit,4.221765518188477,28795,17,1
1771694998.679897,90_2,90,das_work,3.325159311294556,48258,17,1
1771694998.727068,91_2,91,das_work,8.246684551239014,48258,17,1
1771694998.7799468,99_2,99,tpc_lock,14.269254684448242,46561,17,1
1771694998.7880497,97_2,97,tpc_lock,2.4136433601379395,46561,17,1
1771695006.6353724,92_3,92,tpc_lock,6.533660888671875,46549,18,1
1771695006.7119155,96_2,96,tpc_commit,8.233901739120483,28795,18,1
1771695006.799481,98_2,98,tpc_commit,8.298685789108276,28795,18,1
1771695006.8913636,94_3,94,tpc_lock,7.104414939880371,46561,18,1
1771695006.940502,90_2,90,tpc_commit,8.260591268539429,28795,18,1
1771695008.6222,91_2,91,tpc_commit,9.895121812820436,28795,18,1
1771695010.165172,90_2,90,tpc_commit,3.2246551513671875,28795,18,1
1771695010.2633698,92_3,92,tpc_lock,3.627985715866089,46549,18,1
1771695010.31985,94_3,94,tpc_lock,3.428473711013794,46561,18,1
1771695010.5466948,99_2,99,das_work,6.152409791946411,48258,18,1
1771695010.8441153,95_2,95,das_work,7.170227766036987,48258,18,1
1771695010.9180093,97_2,97,das_work,3.550909280776977,48258,18,1
1771695018.546578,90_3,90,tpc_lock,7.757775545120239,46561,19,1
1771695020.4392788,95_2,95,tpc_commit,9.595151901245115,28795,19,1
1771695020.4426086,97_2,97,tpc_commit,9.52458882331848,28795,19,1
1771695020.4484832,99_2,99,tpc_commit,9.901778221130373,28795,19,1
1771695022.5771005,90_3,90,tpc_lock,4.030462741851807,46561,19,1
1771695022.6482892,96_2,96,tpc_commit,15.936360597610474,28795,19,1
1771695022.6951811,91_2,91,tpc_commit,14.072967767715454,28795,19,1
1771695022.752459,94_3,94,das_work,10.098248958587646,48258,19,1
1771695022.7746024,93_2,93,das_work,15.501124620437622,48258,19,1
1771695022.8933213,98_2,98,tpc_commit,16.09382915496826,28795,19,1
1771695022.9323308,92_3,92,das_work,10.09691071510315,48258,19,1
1771695030.2167652,92_3,92,tpc_commit,7.284424066543579,28783,20,1
1771695030.3057015,96_3,96,tpc_lock,6.766035079956055,46549,20,1
1771695030.4455264,98_3,98,tpc_lock,5.620720386505127,46561,20,1
1771695030.4582088,94_3,94,tpc_commit,7.705576181411743,28795,20,1
1771695032.813573,91_3,91,tpc_lock,8.678917407989502,46561,20,1
1771695032.8308587,93_2,93,tpc_commit,10.056243658065796,28795,20,1
1771695034.257185,92_3,92,tpc_commit,4.040408611297607,28783,20,1
1771695034.5035994,97_2,97,tpc_commit,14.060980558395386,28795,20,1
1771695034.6604984,95_2,95,tpc_commit,14.221209287643433,28795,20,1
1771695034.8579152,99_2,99,tpc_commit,14.409419059753418,28795,20,1
1771695042.1769953,92_4,92,tpc_lock,6.870453834533691,46561,21,1
1771695044.4978256,99_3,99,tpc_lock,9.039648532867432,46561,21,1
1771695044.5509727,97_3,97,tpc_lock,8.183730363845825,46561,21,1
1771695044.5521576,95_3,95,tpc_lock,9.116872310638428,46561,21,1
1771695046.312739,93_2,93,tpc_commit,13.48183560371399,28795,21,1
1771695046.351303,96_3,96,tpc_lock,16.04559063911438,46549,21,1
1771695046.3967118,97_3,97,tpc_lock,1.8457276821136477,46561,21,1
1771695046.5941415,95_3,95,tpc_lock,2.041973352432251,46561,21,1
1771695046.619474,90_3,90,das_work,15.229871273040771,48258,21,1
1771695046.6605875,98_3,98,tpc_lock,16.215048789978027,46561,21,1
1771695046.6896925,91_3,91,tpc_lock,13.87610363960266,46561,21,1
1771695046.7239895,94_3,94,tpc_commit,16.265769720077515,28795,21,1
1771695046.9067187,92_4,92,tpc_lock,4.729709625244141,46561,21,1
1771695054.7855947,94_4,94,tpc_lock,6.635552644729614,46561,22,1
1771695054.888073,90_3,90,tpc_commit,8.26858639717102,28795,22,1
1771695056.5575497,93_3,93,tpc_lock,8.572977781295776,46561,22,1
1771695058.3425484,98_3,98,das_work,7.2389280796051025,48258,22,1
1771695058.3788998,97_3,97,das_work,3.836852550506592,48258,22,1
1771695058.3824437,99_3,99,tpc_lock,13.884607315063477,46561,22,1
1771695058.4124951,94_4,94,tpc_lock,3.626889228820801,46561,22,1
1771695058.5526175,96_3,96,das_work,7.410536050796509,48258,22,1
1771695058.737502,93_3,93,tpc_lock,2.179847955703736,46561,22,1
1771695058.7486126,90_3,90,tpc_commit,3.860528230667114,28795,22,1
1771695058.8754015,91_3,91,das_work,9.003520727157593,48258,22,1
1771695058.882833,92_4,92,das_work,10.533587455749512,48258,22,1
1771695059.039184,95_3,95,das_work,8.782491683959961,48258,22,1
1771695066.4142969,98_3,98,tpc_commit,8.071735858917236,28795,23,1
1771695066.4316156,92_4,92,tpc_commit,7.548771142959595,28795,23,1
1771695066.5095203,96_3,96,tpc_commit,7.956890821456909,28783,23,1
1771695066.5279627,90_4,90,tpc_lock,5.8846728801727295,46561,23,1
1771695068.5166245,95_3,95,tpc_commit,9.47743010520935,28795,23,1
1771695068.5835824,97_3,97,tpc_commit,10.20464849472046,28795,23,1
1771695068.6108863,91_3,91,tpc_commit,9.735474109649658,28795,23,1
1771695070.3328042,95_3,95,tpc_commit,1.8161396980285645,28795,23,1
1771695070.3417628,97_3,97,tpc_commit,1.758169412612915,28795,23,1
1771695070.395321,94_4,94,das_work,9.065468311309814,48258,23,1
1771695070.7670224,98_3,98,tpc_commit,4.352713584899902,28795,23,1
1771695070.7822535,90_4,90,tpc_lock,4.254279375076294,46561,23,1
1771695070.8150065,96_3,96,tpc_commit,4.305407285690308,28783,23,1
1771695070.8237708,92_4,92,tpc_commit,4.3921427726745605,28795,23,1
1771695070.8407698,99_3,99,das_work,5.2552170753479,48258,23,1
1771695071.033441,93_3,93,das_work,4.305510520935059,48258,23,1
1771695078.1480343,98_4,98,tpc_lock,5.925221681594849,46561,24,1
1771695078.2590218,96_4,96,tpc_lock,6.459909439086914,46561,24,1
1771695078.3477693,94_4,94,tpc_commit,7.952439069747925,28795,24,1
1771695080.4340749,99_3,99,tpc_commit,9.593296766281128,28795,24,1
1771695080.4603767,95_4,95,tpc_lock,9.05381727218628,46561,24,1
1771695080.461726,93_3,93,tpc_commit,9.42827296257019,28795,24,1
1771695080.4949384,97_4,97,tpc_lock,8.449258089065552,46549,24,1
1771695082.336306,96_4,96,tpc_lock,4.07727575302124,46561,24,1
1771695082.3450975,91_3,91,tpc_commit,13.734198331832886,28795,24,1
1771695082.4808867,97_4,97,tpc_lock,1.9859411716461184,46549,24,1
1771695082.5253496,98_4,98,tpc_lock,4.3773064613342285,46561,24,1
1771695082.5514774,93_3,93,tpc_commit,2.0897412300109863,28795,24,1
1771695082.5676787,99_3,99,tpc_commit,2.1335926055908203,28795,24,1
1771695082.6077473,95_4,95,tpc_lock,2.1473605632781982,46561,24,1
1771695082.7378392,90_4,90,das_work,5.618889093399048,48258,24,1
1771695082.813996,94_4,94,tpc_commit,4.466175079345703,28795,24,1
1771695090.192775,90_4,90,tpc_commit,7.454925775527954,28795,25,1
1771695092.564278,91_4,91,tpc_lock,8.396757125854492,46561,25,1
1771695092.667561,99_4,99,tpc_lock,8.907603979110718,46561,25,1
1771695092.6803446,93_4,93,tpc_lock,8.255980730056763,46561,25,1
1771695094.253258,97_4,97,das_work,2.281346082687378,48258,25,1
1771695094.3058636,96_4,96,das_work,2.465482711791992,48258,25,1
1771695094.364626,98_4,98,das_work,6.433218717575073,48258,25,1
1771695094.4725442,90_4,90,tpc_commit,4.27975869178772,28795,25,1
1771695094.7726655,95_4,95,das_work,6.58235239982605,48258,25,1
1771695102.342922,98_4,98,tpc_commit,7.97828483581543,28795,26,1
1771695102.386078,96_4,96,tpc_commit,8.08020305633545,28795,26,1
1771695104.7015946,95_4,95,tpc_commit,9.928915739059448,28795,26,1
1771695104.878435,97_4,97,tpc_commit,10.625164985656738,28783,26,1
1771695106.3075714,99_4,99,tpc_lock,13.639997959136965,46561,26,1
1771695107.0052109,91_4,91,tpc_lock,14.440922260284424,46561,26,1
1771695107.2097187,93_4,93,tpc_lock,14.5293607711792,46561,26,1
1771695118.35402,93_4,93,das_work,2.662508487701416,48258,27,1
1771695118.3586893,99_4,99,das_work,7.3284149169921875,48258,27,1
1771695118.3848305,95_4,95,tpc_commit,13.68322205543518,28795,27,1
1771695118.438378,97_4,97,tpc_commit,13.559932231903076,28783,27,1
1771695118.4647665,98_4,98,tpc_commit,16.121834754943848,28795,27,1
1771695118.4752312,96_4,96,tpc_commit,16.089142084121704,28795,27,1
1771695118.498511,91_4,91,das_work,2.118438720703125,48258,27,1
1771695128.638223,99_4,99,tpc_commit,10.279521703720093,28795,28,1
1771695128.6454766,93_4,93,tpc_commit,10.291441679000854,28795,28,1
1771695128.6810946,91_4,91,tpc_commit,10.182573556900024,28795,28,1
1771695142.3402448,91_4,91,tpc_commit,13.65913701057434,28795,29,1
1771695142.73378,99_4,99,tpc_commit,14.095545768737791,28795,29,1
1771695142.7347524,93_4,93,tpc_commit,14.089263677597046,28795,29,1
