concurrency,tps,gas_per_sec,total_txs,total_gas,total_blocks,total_time
50,1.375,60392.916666666664,891,39134610,54,648
100,1.6710526315789473,73396.22514619883,1143,50203018,57,684
150,1.5263157894736843,67038.95906432749,1044,45854648,57,684
