concurrency,tps,gas_per_sec,total_txs,total_gas,total_blocks,total_time
50,1.375,60392.916666666664,891,39134610,54,648
100,1.5472222222222223,67912.42777777778,1114,48896948,60,720
150,1.7423076923076923,76525.7358974359,1359,59690074,65,780
