iteration,journey,total_latency,total_gas,step_count
0,DAS,35.09935021400452,155070,5
1,DAS,35.45912528038025,155070,5
2,DAS,46.70465087890625,155070,5
0,2PC,33.94582748413086,210770,5
1,2PC,34.366307735443115,210770,5
2,2PC,35.154648303985596,210770,5
0,Single,8.307347059249878,60058,1
1,Single,2.9942963123321533,60058,1
2,Single,3.2295286655426025,60058,1
